site,date,value
1,2012-01-01,-0.4301268447673919
1,2012-01-02,-0.4309834727231513
1,2012-01-03,-0.4318276111464537
1,2012-01-04,-0.4326358927821322
1,2012-01-05,-0.4333913093226759
1,2012-01-06,-0.4340983642739207
1,2012-01-07,-0.43478968425295417
1,2012-01-08,-0.4355113014453766
1,2012-01-09,-0.4362626558286025
1,2012-01-10,-0.4369828229748253
1,2012-01-11,-0.4376211002016508
1,2012-01-12,-0.43819090995322524
1,2012-01-13,-0.4387059918986582
1,2012-01-14,-0.43918320568065844
1,2012-01-15,-0.43965398572254955
1,2012-01-16,-0.44015102227666064
1,2012-01-17,-0.4406775609419886
1,2012-01-18,-0.4411901141800382
1,2012-01-19,-0.44163117347740355
1,2012-01-20,-0.4419308752412784
1,2012-01-21,-0.4420781695327704
1,2012-01-22,-0.44209360201364334
1,2012-01-23,-0.44202213571034393
1,2012-01-24,-0.4418917578227245
1,2012-01-25,-0.44173862789753043
1,2012-01-26,-0.44153121332526757
1,2012-01-27,-0.4412327770104181
1,2012-01-28,-0.4407783741285906
1,2012-01-29,-0.4401314515650066
1,2012-01-30,-0.43931754080416413
1,2012-01-31,-0.43837075677130205
1,2012-02-01,-0.43734547254765466
1,2012-02-02,-0.43626117023093214
1,2012-02-03,-0.4351243544834405
1,2012-02-04,-0.4339342382703439
1,2012-02-05,-0.4326862652608236
1,2012-02-06,-0.431352900902244
1,2012-02-07,-0.42992495154920163
1,2012-02-08,-0.4283988566100767
1,2012-02-09,-0.42678320423591
1,2012-02-10,-0.4250817857032057
1,2012-02-11,-0.42330968045901934
1,2012-02-12,-0.4214639069543617
1,2012-02-13,-0.41955168206272253
1,2012-02-14,-0.41758609451295875
1,2012-02-15,-0.4155928281193791
1,2012-02-16,-0.413587707261866
1,2012-02-17,-0.41159466153586183
1,2012-02-18,-0.4096064205020693
1,2012-02-19,-0.40764008959822096
1,2012-02-20,-0.4057446038083669
1,2012-02-21,-0.40398014752475475
1,2012-02-22,-0.4023156122480463
1,2012-02-23,-0.4007210306254592
1,2012-02-24,-0.3991983215950576
1,2012-02-25,-0.39782245467567007
1,2012-02-26,-0.39666039715156404
1,2012-02-27,-0.39566514945017817
1,2012-02-28,-0.3947897076056306
1,2012-02-29,-0.3941453438710513
1,2012-03-01,-0.3937495346109294
1,2012-03-02,-0.3935417168107366
1,2012-03-03,-0.3934630616562782
1,2012-03-04,-0.39340187330335247
1,2012-03-05,-0.393212196724598
1,2012-03-06,-0.39278504814295245
1,2012-03-07,-0.39216006131952696
1,2012-03-08,-0.39135674430802564
1,2012-03-09,-0.3903729847448533
1,2012-03-10,-0.3892961695861652
1,2012-03-11,-0.38794751251815424
1,2012-03-12,-0.38625051791885634
1,2012-03-13,-0.3842029427402726
1,2012-03-14,-0.38162215778506137
1,2012-03-15,-0.3785774175644486
1,2012-03-16,-0.37507401935279744
1,2012-03-17,-0.3712222722175249
1,2012-03-18,-0.3670725014099847
1,2012-03-19,-0.36268449931793156
1,2012-03-20,-0.3582217538492673
1,2012-03-21,-0.35376961264938017
1,2012-03-22,-0.34935017987082884
1,2012-03-23,-0.34469538252864634
1,2012-03-24,-0.3393193442748135
1,2012-03-25,-0.3332833908517052
1,2012-03-26,-0.32671593082250666
1,2012-03-27,-0.319751376745316
1,2012-03-28,-0.3124621156280381
1,2012-03-29,-0.3045571512249575
1,2012-03-30,-0.2960572594500902
1,2012-03-31,-0.28673892476772805
1,2012-04-01,-0.2767982570669649
1,2012-04-02,-0.2664246505734098
1,2012-04-03,-0.2555334189144724
1,2012-04-04,-0.2439343749712204
1,2012-04-05,-0.23179955473156558
1,2012-04-06,-0.21955516296634656
1,2012-04-07,-0.20786094616888792
1,2012-04-08,-0.1963806085528335
1,2012-04-09,-0.18452249931265827
1,2012-04-10,-0.17165500055963526
1,2012-04-11,-0.1583795736097923
1,2012-04-12,-0.14573060942774257
1,2012-04-13,-0.13360896225610114
1,2012-04-14,-0.12181836219297014
1,2012-04-15,-0.10946583137101408
1,2012-04-16,-0.09604857429398488
1,2012-04-17,-0.08171309274275984
1,2012-04-18,-0.06710640192417251
1,2012-04-19,-0.05214902284775051
1,2012-04-20,-0.03650191059429033
1,2012-04-21,-0.01969318609926389
1,2012-04-22,-0.002430364419407874
1,2012-04-23,0.014850853862905187
1,2012-04-24,0.03197670205008217
1,2012-04-25,0.05009362514480337
1,2012-04-26,0.06985623140538326
1,2012-04-27,0.09037127862014907
1,2012-04-28,0.11085520508857849
1,2012-04-29,0.13017401897480355
1,2012-04-30,0.14773333928265733
1,2012-05-01,0.1636370160102382
1,2012-05-02,0.17865143665083486
1,2012-05-03,0.1929581013061408
1,2012-05-04,0.2062867777113308
1,2012-05-05,0.21851913564422842
1,2012-05-06,0.22970946132884537
1,2012-05-07,0.23969526086144452
1,2012-05-08,0.2487848341134715
1,2012-05-09,0.2568746602954259
1,2012-05-10,0.26443173640600737
1,2012-05-11,0.27210106136757484
1,2012-05-12,0.280176627711693
1,2012-05-13,0.288806132153567
1,2012-05-14,0.2977000364489646
1,2012-05-15,0.306807874593305
1,2012-05-16,0.31597623552680854
1,2012-05-17,0.3251628969517057
1,2012-05-18,0.3342778347203194
1,2012-05-19,0.34314718291036217
1,2012-05-20,0.3516455752619072
1,2012-05-21,0.3597591228696336
1,2012-05-22,0.36723555423667886
1,2012-05-23,0.374019975318812
1,2012-05-24,0.3802174325822384
1,2012-05-25,0.385843759579065
1,2012-05-26,0.39082380800693417
1,2012-05-27,0.39506168993134105
1,2012-05-28,0.398683604723636
1,2012-05-29,0.4017431311592256
1,2012-05-30,0.4043707380014697
1,2012-05-31,0.4067405004308779
1,2012-06-01,0.4089465906412072
1,2012-06-02,0.4109709569224681
1,2012-06-03,0.4127539734996461
1,2012-06-04,0.4142182052051145
1,2012-06-05,0.4152654049865552
1,2012-06-06,0.4157274734246659
1,2012-06-07,0.41557372416979066
1,2012-06-08,0.41486288901308505
1,2012-06-09,0.4136616603487191
1,2012-06-10,0.4120548705973887
1,2012-06-11,0.4102050970652103
1,2012-06-12,0.4082692057417403
1,2012-06-13,0.4062794696069654
1,2012-06-14,0.40421784198135086
1,2012-06-15,0.40208401106567065
1,2012-06-16,0.3997584479080838
1,2012-06-17,0.3974335977062185
1,2012-06-18,0.39534397674266647
1,2012-06-19,0.39377828579974716
1,2012-06-20,0.3927085804644109
1,2012-06-21,0.3918352177847199
1,2012-06-22,0.39094853505983207
1,2012-06-23,0.38997171893499916
1,2012-06-24,0.38901780846745837
1,2012-06-25,0.38828572408499756
1,2012-06-26,0.3878669197747242
1,2012-06-27,0.38779010880171016
1,2012-06-28,0.3879818559673039
1,2012-06-29,0.3883694843658116
1,2012-06-30,0.3887820998621056
1,2012-07-01,0.38903850002160584
1,2012-07-02,0.3890625730302411
1,2012-07-03,0.388912997731289
1,2012-07-04,0.3886639621890336
1,2012-07-05,0.3883283018646081
1,2012-07-06,0.3879018322708302
1,2012-07-07,0.3874677481229897
1,2012-07-08,0.38713632460345637
1,2012-07-09,0.3867808810393847
1,2012-07-10,0.3862392132396945
1,2012-07-11,0.38541854032993655
1,2012-07-12,0.38445365780009855
1,2012-07-13,0.3834621143667039
1,2012-07-14,0.38262370799591877
1,2012-07-15,0.38184268579138464
1,2012-07-16,0.38113090669012206
1,2012-07-17,0.38049750842160823
1,2012-07-18,0.3798312994178842
1,2012-07-19,0.3791987224706691
1,2012-07-20,0.37851135110938894
1,2012-07-21,0.37742357128216353
1,2012-07-22,0.37576223297117767
1,2012-07-23,0.37376620939180527
1,2012-07-24,0.3716739864660589
1,2012-07-25,0.36958098469870176
1,2012-07-26,0.36738543743805663
1,2012-07-27,0.36496851764550203
1,2012-07-28,0.36227871632479347
1,2012-07-29,0.35937587604446347
1,2012-07-30,0.3561266887551518
1,2012-07-31,0.35250160272238046
1,2012-08-01,0.34869503169964744
1,2012-08-02,0.3446139547660719
1,2012-08-03,0.34029327998971376
1,2012-08-04,0.3360184812125626
1,2012-08-05,0.33189308786208455
1,2012-08-06,0.3277380732820753
1,2012-08-07,0.3233515043495343
1,2012-08-08,0.31866665512717135
1,2012-08-09,0.3137823239357837
1,2012-08-10,0.30885671976252144
1,2012-08-11,0.3040260463531893
1,2012-08-12,0.2990559816052073
1,2012-08-13,0.29390216879096664
1,2012-08-14,0.28870085811021196
1,2012-08-15,0.2835706417990973
1,2012-08-16,0.278673659536048
1,2012-08-17,0.27389687089323733
1,2012-08-18,0.269153054033627
1,2012-08-19,0.2644723692454431
1,2012-08-20,0.2598212641034002
1,2012-08-21,0.2553347488582783
1,2012-08-22,0.251196017637271
1,2012-08-23,0.2474015451014304
1,2012-08-24,0.2438282355200703
1,2012-08-25,0.24036999940422046
1,2012-08-26,0.23673738594846183
1,2012-08-27,0.23267301667455215
1,2012-08-28,0.22807552636029452
1,2012-08-29,0.22269896411691856
1,2012-08-30,0.216751060657129
1,2012-08-31,0.2103237262909826
1,2012-09-01,0.20345514400213704
1,2012-09-02,0.1962702557492552
1,2012-09-03,0.18884179323193453
1,2012-09-04,0.18118826515397887
1,2012-09-05,0.17336040044831544
1,2012-09-06,0.16554129921439062
1,2012-09-07,0.1576295583426073
1,2012-09-08,0.1494956609608546
1,2012-09-09,0.14108698473670556
1,2012-09-10,0.1323580498407556
1,2012-09-11,0.12328884302762831
1,2012-09-12,0.11422601319777889
1,2012-09-13,0.10539978367805744
1,2012-09-14,0.09679280026316743
1,2012-09-15,0.08821843019267274
1,2012-09-16,0.07937795019014461
1,2012-09-17,0.0700840327705968
1,2012-09-18,0.06032125920253204
1,2012-09-19,0.05030658736690262
1,2012-09-20,0.040255059758030676
1,2012-09-21,0.030239276558565786
1,2012-09-22,0.020339426066918145
1,2012-09-23,0.010523969089268635
1,2012-09-24,6.605826376922204e-4
1,2012-09-25,-0.00943810380763713
1,2012-09-26,-0.020038628377314408
1,2012-09-27,-0.031042516499734656
1,2012-09-28,-0.042314363989993546
1,2012-09-29,-0.053727556242322366
1,2012-09-30,-0.06528240711893678
1,2012-10-01,-0.07689735595032868
1,2012-10-02,-0.08845006734461017
1,2012-10-03,-0.09989822795610295
1,2012-10-04,-0.11132446270616389
1,2012-10-05,-0.12283609068128769
1,2012-10-06,-0.1343999162884697
1,2012-10-07,-0.14586668590427973
1,2012-10-08,-0.15720323269136516
1,2012-10-09,-0.16848756129215528
1,2012-10-10,-0.17970590692835198
1,2012-10-11,-0.19085696736710797
1,2012-10-12,-0.2018314617102532
1,2012-10-13,-0.21244671105039106
1,2012-10-14,-0.22261556490432333
1,2012-10-15,-0.23236941037379283
1,2012-10-16,-0.24182741070926
1,2012-10-17,-0.25113689488338253
1,2012-10-18,-0.2603349584654182
1,2012-10-19,-0.26939858619187146
1,2012-10-20,-0.27831999108622135
1,2012-10-21,-0.2869560356570851
1,2012-10-22,-0.2951241351101674
1,2012-10-23,-0.3027011656609796
1,2012-10-24,-0.3095296088467836
1,2012-10-25,-0.3155795799200963
1,2012-10-26,-0.3209407509013167
1,2012-10-27,-0.32585694116427605
1,2012-10-28,-0.33037881443806666
1,2012-10-29,-0.334510661386411
1,2012-10-30,-0.33823918937103237
1,2012-10-31,-0.34144643319895596
1,2012-11-01,-0.34406479229866105
1,2012-11-02,-0.34604139665024014
1,2012-11-03,-0.34740837975858496
1,2012-11-04,-0.3482934056714161
1,2012-11-05,-0.3487847245477844
1,2012-11-06,-0.3490497965690315
1,2012-11-07,-0.3494986779692656
1,2012-11-08,-0.35020786014734956
1,2012-11-09,-0.3511012871911816
1,2012-11-10,-0.35210985865264477
1,2012-11-11,-0.3531846074203775
1,2012-11-12,-0.3541495943554247
1,2012-11-13,-0.3549043647535152
1,2012-11-14,-0.3555371421714697
1,2012-11-15,-0.35605335894339585
1,2012-11-16,-0.3565855938182081
1,2012-11-17,-0.3572320411318826
1,2012-11-18,-0.35780316621848063
1,2012-11-19,-0.35838517903522354
1,2012-11-20,-0.35905449232204334
1,2012-11-21,-0.35955930177358425
1,2012-11-22,-0.36004037811545
1,2012-11-23,-0.36051234785753616
1,2012-11-24,-0.3609944673130633
1,2012-11-25,-0.3615047961140279
1,2012-11-26,-0.3622237530956399
1,2012-11-27,-0.36340803608509514
1,2012-11-28,-0.36510084941855275
1,2012-11-29,-0.36740721493343964
1,2012-11-30,-0.37010422170550134
1,2012-12-01,-0.37296182410315387
1,2012-12-02,-0.37594053497181734
1,2012-12-03,-0.3789241419992798
1,2012-12-04,-0.3818954993691732
1,2012-12-05,-0.3849274863341212
1,2012-12-06,-0.38798724829843484
1,2012-12-07,-0.3910594955109114
1,2012-12-08,-0.394060278735949
1,2012-12-09,-0.396945474169379
1,2012-12-10,-0.3996626710004322
1,2012-12-11,-0.4022018149797874
1,2012-12-12,-0.4045801577858588
1,2012-12-13,-0.40682427681045896
1,2012-12-14,-0.4089836269722068
1,2012-12-15,-0.41106528858420693
1,2012-12-16,-0.4130735285404241
1,2012-12-17,-0.4149876124565942
1,2012-12-18,-0.4167720201421129
1,2012-12-19,-0.41840702268342905
1,2012-12-20,-0.41989711512077355
1,2012-12-21,-0.421246661604791
1,2012-12-22,-0.42248298783498
1,2012-12-23,-0.42358082556926
1,2012-12-24,-0.42454602686775483
1,2012-12-25,-0.4254306238130117
1,2012-12-26,-0.4262793164297599
1,2012-12-27,-0.4271189102867981
1,2012-12-28,-0.42794719909195034
1,2012-12-29,-0.4287860835469082
1,2012-12-30,-0.4296241818766332
1,2012-12-31,-0.4295594192789486
1,2013-01-01,-0.43038740745155213
1,2013-01-02,-0.4312135079003289
1,2013-01-03,-0.432064546302878
1,2013-01-04,-0.432953205098732
1,2013-01-05,-0.4338948037203354
1,2013-01-06,-0.43486498729232176
1,2013-01-07,-0.4358560109409607
1,2013-01-08,-0.4368296192228067
1,2013-01-09,-0.4377938697613273
1,2013-01-10,-0.43876605287567544
1,2013-01-11,-0.4397130751265071
1,2013-01-12,-0.44063325702358125
1,2013-01-13,-0.441554025750026
1,2013-01-14,-0.44247469610164236
1,2013-01-15,-0.4433475711650004
1,2013-01-16,-0.44411412300679626
1,2013-01-17,-0.44472320699690504
1,2013-01-18,-0.44515010932136206
1,2013-01-19,-0.4453384888732572
1,2013-01-20,-0.44532680978040196
1,2013-01-21,-0.4451398547621989
1,2013-01-22,-0.44483010339471435
1,2013-01-23,-0.4444359130896289
1,2013-01-24,-0.4439944574489339
1,2013-01-25,-0.44355106504193353
1,2013-01-26,-0.44311261002541463
1,2013-01-27,-0.44265088603836766
1,2013-01-28,-0.4421373761973928
1,2013-01-29,-0.4415604045574853
1,2013-01-30,-0.44089941401768934
1,2013-01-31,-0.44017972000385275
1,2013-02-01,-0.439404084882639
1,2013-02-02,-0.4386071784180964
1,2013-02-03,-0.43773841389788154
1,2013-02-04,-0.436740879161526
1,2013-02-05,-0.4355548011095615
1,2013-02-06,-0.43419681180683084
1,2013-02-07,-0.4326920691363608
1,2013-02-08,-0.4310451645671324
1,2013-02-09,-0.42924825978151693
1,2013-02-10,-0.42730647486722406
1,2013-02-11,-0.42520419998467984
1,2013-02-12,-0.4229471235853656
1,2013-02-13,-0.4205440249111573
1,2013-02-14,-0.41804925631472556
1,2013-02-15,-0.41553753885436034
1,2013-02-16,-0.4131164653105476
1,2013-02-17,-0.41083531405904117
1,2013-02-18,-0.4086927116383573
1,2013-02-19,-0.4066352002554772
1,2013-02-20,-0.4046690272095955
1,2013-02-21,-0.40282561761862506
1,2013-02-22,-0.40108416174023603
1,2013-02-23,-0.39941038183846844
1,2013-02-24,-0.39782307444160564
1,2013-02-25,-0.39639066098326653
1,2013-02-26,-0.39514675009090244
1,2013-02-27,-0.39410568369364535
1,2013-02-28,-0.39324839470086437
1,2013-03-01,-0.3925578454647627
1,2013-03-02,-0.3919271036459118
1,2013-03-03,-0.3912539030709909
1,2013-03-04,-0.3906723282300346
1,2013-03-05,-0.3903109436952998
1,2013-03-06,-0.39007280820947926
1,2013-03-07,-0.3898048623756712
1,2013-03-08,-0.3895055051649562
1,2013-03-09,-0.38921237149612914
1,2013-03-10,-0.3889657152836684
1,2013-03-11,-0.3887898405471605
1,2013-03-12,-0.38875552132322383
1,2013-03-13,-0.38880433348643945
1,2013-03-14,-0.3887239908177868
1,2013-03-15,-0.38845818844878066
1,2013-03-16,-0.38787200031793145
1,2013-03-17,-0.38698306331643934
1,2013-03-18,-0.3858152616598394
1,2013-03-19,-0.3844495344098862
1,2013-03-20,-0.3829181064675949
1,2013-03-21,-0.38135739360760523
1,2013-03-22,-0.37979875823514425
1,2013-03-23,-0.37820260963402635
1,2013-03-24,-0.3763206002967417
1,2013-03-25,-0.37390597769415673
1,2013-03-26,-0.3708218545038633
1,2013-03-27,-0.36715459383215565
1,2013-03-28,-0.36301959199629164
1,2013-03-29,-0.35814075451236904
1,2013-03-30,-0.3526410383815233
1,2013-03-31,-0.34642074424388836
1,2013-04-01,-0.3392237206136253
1,2013-04-02,-0.3307683985257288
1,2013-04-03,-0.32095449736471654
1,2013-04-04,-0.30963593565454495
1,2013-04-05,-0.2971169427730856
1,2013-04-06,-0.283628009184006
1,2013-04-07,-0.2695763868574224
1,2013-04-08,-0.2555765047685055
1,2013-04-09,-0.24163066773130465
1,2013-04-10,-0.22744572414653316
1,2013-04-11,-0.212842214229875
1,2013-04-12,-0.19825300742531723
1,2013-04-13,-0.18340399450324646
1,2013-04-14,-0.16797347222557468
1,2013-04-15,-0.1524308608994324
1,2013-04-16,-0.13771363719713114
1,2013-04-17,-0.12381654919197872
1,2013-04-18,-0.11040324632929997
1,2013-04-19,-0.09710717457749131
1,2013-04-20,-0.08402853066161597
1,2013-04-21,-0.07025234814438583
1,2013-04-22,-0.05485105829343701
1,2013-04-23,-0.037749953888690346
1,2013-04-24,-0.019996975368033222
1,2013-04-25,-0.0029273628740306176
1,2013-04-26,0.013287747541050823
1,2013-04-27,0.02852809417231714
1,2013-04-28,0.04307934624515679
1,2013-04-29,0.05830488208208255
1,2013-04-30,0.0753601065668457
1,2013-05-01,0.09388550272445881
1,2013-05-02,0.11294783946074752
1,2013-05-03,0.13188645418877915
1,2013-05-04,0.15034857300775076
1,2013-05-05,0.16750660921416458
1,2013-05-06,0.1831054012780866
1,2013-05-07,0.19733777576992348
1,2013-05-08,0.21077801921532704
1,2013-05-09,0.22442878021007562
1,2013-05-10,0.23877816699727689
1,2013-05-11,0.253431606650298
1,2013-05-12,0.26740510034708936
1,2013-05-13,0.2799343923373504
1,2013-05-14,0.290944937844548
1,2013-05-15,0.30051813460957166
1,2013-05-16,0.3087281115032536
1,2013-05-17,0.31594994057433423
1,2013-05-18,0.3226647581685278
1,2013-05-19,0.32919326660208986
1,2013-05-20,0.3355951871484424
1,2013-05-21,0.3419770826404383
1,2013-05-22,0.3483821041352594
1,2013-05-23,0.3546175058865888
1,2013-05-24,0.36049002016649456
1,2013-05-25,0.36603305635722205
1,2013-05-26,0.3713625888576242
1,2013-05-27,0.37663255915065785
1,2013-05-28,0.38191992358020455
1,2013-05-29,0.3871072119753183
1,2013-05-30,0.3921004258097406
1,2013-05-31,0.3969554614772876
1,2013-06-01,0.40160904612870346
1,2013-06-02,0.4059317529368682
1,2013-06-03,0.40974859518166873
1,2013-06-04,0.4128937563268269
1,2013-06-05,0.41535382299580065
1,2013-06-06,0.41712222165771057
1,2013-06-07,0.4183356386114865
1,2013-06-08,0.419217185820125
1,2013-06-09,0.4199234453506956
1,2013-06-10,0.4204175117646658
1,2013-06-11,0.4207317168985201
1,2013-06-12,0.4209014071133951
1,2013-06-13,0.42106293940883344
1,2013-06-14,0.4211537677088118
1,2013-06-15,0.421081157956667
1,2013-06-16,0.42082195339563555
1,2013-06-17,0.420290447556642
1,2013-06-18,0.41936490744496496
1,2013-06-19,0.4181270466205992
1,2013-06-20,0.4165369339062972
1,2013-06-21,0.4143458384593352
1,2013-06-22,0.41135716894999264
1,2013-06-23,0.4078166595040525
1,2013-06-24,0.4039566484202842
1,2013-06-25,0.3999515823422592
1,2013-06-26,0.3958863101964889
1,2013-06-27,0.3917124705262486
1,2013-06-28,0.38750412284456104
1,2013-06-29,0.3834255429904414
1,2013-06-30,0.3795545659084742
1,2013-07-01,0.37603692360246527
1,2013-07-02,0.3728849994000771
1,2013-07-03,0.36991436100716907
1,2013-07-04,0.3670733507937831
1,2013-07-05,0.3641619030034377
1,2013-07-06,0.3613460562727302
1,2013-07-07,0.35875868490158663
1,2013-07-08,0.3563041758909824
1,2013-07-09,0.3539012324406094
1,2013-07-10,0.35156690592209555
1,2013-07-11,0.3489213436615361
1,2013-07-12,0.34563965224550713
1,2013-07-13,0.3414570775918764
1,2013-07-14,0.33646344462644173
1,2013-07-15,0.3307575716580174
1,2013-07-16,0.32479908129875595
1,2013-07-17,0.31883265889186274
1,2013-07-18,0.31321826441792
1,2013-07-19,0.30874265034259546
1,2013-07-20,0.3053500981382047
1,2013-07-21,0.30266113219196716
1,2013-07-22,0.3005891770977887
1,2013-07-23,0.2988487927012216
1,2013-07-24,0.29739112359040876
1,2013-07-25,0.29623696734328486
1,2013-07-26,0.2951432907309882
1,2013-07-27,0.29402129314382297
1,2013-07-28,0.29313817887092475
1,2013-07-29,0.29264633842222837
1,2013-07-30,0.29243394168153314
1,2013-07-31,0.29226781389300344
1,2013-08-01,0.2915893453454352
1,2013-08-02,0.28969403421449125
1,2013-08-03,0.28672038256880844
1,2013-08-04,0.28309949468429657
1,2013-08-05,0.2791647363431606
1,2013-08-06,0.2751990729037772
1,2013-08-07,0.2712447509228463
1,2013-08-08,0.2671060416408586
1,2013-08-09,0.26263839949489737
1,2013-08-10,0.2575411140320642
1,2013-08-11,0.25177664253706716
1,2013-08-12,0.24552622228610063
1,2013-08-13,0.23906959879600256
1,2013-08-14,0.23254520186498154
1,2013-08-15,0.22619260046328968
1,2013-08-16,0.2205550405421271
1,2013-08-17,0.21554793669880332
1,2013-08-18,0.21080631429503052
1,2013-08-19,0.20621915771822366
1,2013-08-20,0.2017695354621687
1,2013-08-21,0.19740836941896475
1,2013-08-22,0.19311358310079776
1,2013-08-23,0.1886224587894554
1,2013-08-24,0.1838658082061742
1,2013-08-25,0.17900675184507653
1,2013-08-26,0.17425942583371148
1,2013-08-27,0.16973140071241224
1,2013-08-28,0.16530542265760007
1,2013-08-29,0.16055633087110227
1,2013-08-30,0.15505461391827072
1,2013-08-31,0.14871876111501592
1,2013-09-01,0.14191988768307348
1,2013-09-02,0.13512772156066247
1,2013-09-03,0.1284789997861899
1,2013-09-04,0.1218292734921293
1,2013-09-05,0.1150790075924282
1,2013-09-06,0.1081785004329941
1,2013-09-07,0.10105530758676173
1,2013-09-08,0.09363927316059029
1,2013-09-09,0.08600234561168818
1,2013-09-10,0.07817576179233326
1,2013-09-11,0.06997007638181772
1,2013-09-12,0.06134797420154831
1,2013-09-13,0.05251778396400606
1,2013-09-14,0.043643688495775664
1,2013-09-15,0.03458969114233731
1,2013-09-16,0.02530254324929861
1,2013-09-17,0.016078615140805958
1,2013-09-18,0.007090653232701312
1,2013-09-19,-0.0021167701555666343
1,2013-09-20,-0.011987974956641192
1,2013-09-21,-0.022773810485082764
1,2013-09-22,-0.034300442255720015
1,2013-09-23,-0.046400158560191807
1,2013-09-24,-0.05875774439575534
1,2013-09-25,-0.07104689103744494
1,2013-09-26,-0.08290941972907766
1,2013-09-27,-0.09405334055410085
1,2013-09-28,-0.10476540160852724
1,2013-09-29,-0.11539079697059067
1,2013-09-30,-0.1261132356793391
1,2013-10-01,-0.1369905743887295
1,2013-10-02,-0.14782704411779612
1,2013-10-03,-0.15836756039017463
1,2013-10-04,-0.16864464222331432
1,2013-10-05,-0.17854976300204078
1,2013-10-06,-0.18808465197958218
1,2013-10-07,-0.1972980597376276
1,2013-10-08,-0.20635203955377937
1,2013-10-09,-0.21530381009408617
1,2013-10-10,-0.22435095535955585
1,2013-10-11,-0.2339759852117434
1,2013-10-12,-0.24404094247080657
1,2013-10-13,-0.25419529028978166
1,2013-10-14,-0.2642279879065775
1,2013-10-15,-0.2740670368234073
1,2013-10-16,-0.2837290503892157
1,2013-10-17,-0.2931739553167224
1,2013-10-18,-0.3021873528979998
1,2013-10-19,-0.31072824392655646
1,2013-10-20,-0.3189948715151504
1,2013-10-21,-0.32708283935062565
1,2013-10-22,-0.3350096918212244
1,2013-10-23,-0.34272312376151753
1,2013-10-24,-0.3498420254142581
1,2013-10-25,-0.3559288099479665
1,2013-10-26,-0.36098200920042184
1,2013-10-27,-0.36527571123015146
1,2013-10-28,-0.3689700407537358
1,2013-10-29,-0.3720989834396664
1,2013-10-30,-0.3747317303530128
1,2013-10-31,-0.3771032556078485
1,2013-11-01,-0.37944863608296314
1,2013-11-02,-0.38182862315998284
1,2013-11-03,-0.3840487652268026
1,2013-11-04,-0.3860010848756657
1,2013-11-05,-0.3875571269959612
1,2013-11-06,-0.38859772651911795
1,2013-11-07,-0.38916360325678134
1,2013-11-08,-0.38944894592221957
1,2013-11-09,-0.3895519024793279
1,2013-11-10,-0.38944860586165425
1,2013-11-11,-0.3892589726110567
1,2013-11-12,-0.3890611333355666
1,2013-11-13,-0.3886609897465134
1,2013-11-14,-0.3878678753835305
1,2013-11-15,-0.38662326127035884
1,2013-11-16,-0.3850021149840716
1,2013-11-17,-0.3832218554825558
1,2013-11-18,-0.38158394873252865
1,2013-11-19,-0.38044702987351764
1,2013-11-20,-0.37987744933905204
1,2013-11-21,-0.3797447375628624
1,2013-11-22,-0.37994164978275863
1,2013-11-23,-0.3801932155875072
1,2013-11-24,-0.3805497044621471
1,2013-11-25,-0.38137297013561233
1,2013-11-26,-0.38277985059601977
1,2013-11-27,-0.38472123849498396
1,2013-11-28,-0.3871878132068976
1,2013-11-29,-0.3900377544009576
1,2013-11-30,-0.3932273675471998
1,2013-12-01,-0.3966291276762267
1,2013-12-02,-0.40008089176241973
1,2013-12-03,-0.4034461390638963
1,2013-12-04,-0.40659684028629145
1,2013-12-05,-0.40949431644063256
1,2013-12-06,-0.4121171513881731
1,2013-12-07,-0.41453165933190145
1,2013-12-08,-0.4167194963129208
1,2013-12-09,-0.41858155500385186
1,2013-12-10,-0.42020918703560384
1,2013-12-11,-0.4216950541957154
1,2013-12-12,-0.42294012198370307
1,2013-12-13,-0.42391319771073993
1,2013-12-14,-0.42458420644765793
1,2013-12-15,-0.424997917457586
1,2013-12-16,-0.42522507987261704
1,2013-12-17,-0.4253569245556163
1,2013-12-18,-0.4254871191676222
1,2013-12-19,-0.42570052792523055
1,2013-12-20,-0.42606373154167776
1,2013-12-21,-0.4265239946545554
1,2013-12-22,-0.42701651796973955
1,2013-12-23,-0.42748715592363745
1,2013-12-24,-0.42793425770801385
1,2013-12-25,-0.42842117302148464
1,2013-12-26,-0.4289444191459883
1,2013-12-27,-0.42946977429966066
1,2013-12-28,-0.4299797009800456
1,2013-12-29,-0.4304667004239037
1,2013-12-30,-0.4309012699856427
1,2013-12-31,-0.4313040337067982
1,2014-01-01,-0.43168527651386046
1,2014-01-02,-0.43203974317457333
1,2014-01-03,-0.43240417091841493
1,2014-01-04,-0.4327843204625402
1,2014-01-05,-0.43317876949235273
1,2014-01-06,-0.4336053166853479
1,2014-01-07,-0.43405511772711947
1,2014-01-08,-0.4344984499417496
1,2014-01-09,-0.4349008799314823
1,2014-01-10,-0.43521872817303103
1,2014-01-11,-0.4354750741364008
1,2014-01-12,-0.43571303311128207
1,2014-01-13,-0.43601621658454637
1,2014-01-14,-0.43636354182763837
1,2014-01-15,-0.43669655731206913
1,2014-01-16,-0.4369865053621738
1,2014-01-17,-0.4371599892150922
1,2014-01-18,-0.43720576248411375
1,2014-01-19,-0.4371523251190281
1,2014-01-20,-0.43706018556266346
1,2014-01-21,-0.43697306354365134
1,2014-01-22,-0.4369028430351817
1,2014-01-23,-0.4368229116571203
1,2014-01-24,-0.4367227930354682
1,2014-01-25,-0.43653254146603543
1,2014-01-26,-0.43624753992042287
1,2014-01-27,-0.43582691254791595
1,2014-01-28,-0.4352824883986203
1,2014-01-29,-0.43462756724261586
1,2014-01-30,-0.43388501482982145
1,2014-01-31,-0.43310127135550164
1,2014-02-01,-0.43228560795370413
1,2014-02-02,-0.4314082938930782
1,2014-02-03,-0.43043894032496316
1,2014-02-04,-0.4293626968811232
1,2014-02-05,-0.42821388792283577
1,2014-02-06,-0.4270111434267881
1,2014-02-07,-0.4257740452314451
1,2014-02-08,-0.4245271357671653
1,2014-02-09,-0.4232673583837016
1,2014-02-10,-0.42197155948170295
1,2014-02-11,-0.4206368540805082
1,2014-02-12,-0.41928452549986556
1,2014-02-13,-0.41792029646477996
1,2014-02-14,-0.41654059355292194
1,2014-02-15,-0.41515270677231353
1,2014-02-16,-0.41377967350578254
1,2014-02-17,-0.4124181965926448
1,2014-02-18,-0.41107261941032314
1,2014-02-19,-0.4097278742372215
1,2014-02-20,-0.4083651283408435
1,2014-02-21,-0.4070342237903638
1,2014-02-22,-0.40577734525279574
1,2014-02-23,-0.4045924505487259
1,2014-02-24,-0.403516228936059
1,2014-02-25,-0.402555357322124
1,2014-02-26,-0.4016833297515903
1,2014-02-27,-0.40098116337421813
1,2014-02-28,-0.40055377335325093
1,2014-03-01,-0.4004171860250144
1,2014-03-02,-0.40047560151186357
1,2014-03-03,-0.40080026838674665
1,2014-03-04,-0.40143585304843576
1,2014-03-05,-0.40236530978221563
1,2014-03-06,-0.40344636424842356
1,2014-03-07,-0.40447709022932676
1,2014-03-08,-0.4053613309036602
1,2014-03-09,-0.40609554044322477
1,2014-03-10,-0.4066944118244121
1,2014-03-11,-0.40698872214141973
1,2014-03-12,-0.40688120099778297
1,2014-03-13,-0.40630047630276206
1,2014-03-14,-0.40513908998346787
1,2014-03-15,-0.403477060622778
1,2014-03-16,-0.4016382597217161
1,2014-03-17,-0.3995153524034559
1,2014-03-18,-0.3971784043359049
1,2014-03-19,-0.39468000260594227
1,2014-03-20,-0.39200869026340057
1,2014-03-21,-0.389228084203138
1,2014-03-22,-0.3863541143491353
1,2014-03-23,-0.38347662890803924
1,2014-03-24,-0.3806063505771975
1,2014-03-25,-0.3781403533677461
1,2014-03-26,-0.37601616335620114
1,2014-03-27,-0.37389902084834076
1,2014-03-28,-0.3717454437594394
1,2014-03-29,-0.36932033060045455
1,2014-03-30,-0.3660135478090362
1,2014-03-31,-0.36171872637721997
1,2014-04-01,-0.3563929127376308
1,2014-04-02,-0.350105165959197
1,2014-04-03,-0.343075354035667
1,2014-04-04,-0.33532694221754095
1,2014-04-05,-0.32688778606264235
1,2014-04-06,-0.3176087911643069
1,2014-04-07,-0.3071262037593549
1,2014-04-08,-0.29483372380809375
1,2014-04-09,-0.2811409445922639
1,2014-04-10,-0.266519468643182
1,2014-04-11,-0.2507372825221474
1,2014-04-12,-0.23371147373545642
1,2014-04-13,-0.2158620342176288
1,2014-04-14,-0.19737844396794985
1,2014-04-15,-0.17882411188504202
1,2014-04-16,-0.1611638426814293
1,2014-04-17,-0.14476709787640407
1,2014-04-18,-0.12890343482122782
1,2014-04-19,-0.11358555252712196
1,2014-04-20,-0.09793216888469752
1,2014-04-21,-0.08191674994085844
1,2014-04-22,-0.06642707892410273
1,2014-04-23,-0.05217153718437835
1,2014-04-24,-0.03849989004532623
1,2014-04-25,-0.02489793783670978
1,2014-04-26,-0.011557944245467936
1,2014-04-27,0.0014003512341085966
1,2014-04-28,0.013967535004867712
1,2014-04-29,0.026500193850286246
1,2014-04-30,0.03973788533269224
1,2014-05-01,0.05378134268340836
1,2014-05-02,0.0676966526009669
1,2014-05-03,0.08167472742775357
1,2014-05-04,0.09548148389166708
1,2014-05-05,0.10927325126932437
1,2014-05-06,0.12323696752387572
1,2014-05-07,0.13790777875629098
1,2014-05-08,0.15283654169761077
1,2014-05-09,0.16766216365080744
1,2014-05-10,0.18272260129624307
1,2014-05-11,0.19810455295869125
1,2014-05-12,0.2137042006479366
1,2014-05-13,0.22954350225009126
1,2014-05-14,0.24532604702680266
1,2014-05-15,0.2606613000796609
1,2014-05-16,0.2754288237684918
1,2014-05-17,0.289543891686704
1,2014-05-18,0.3026930608508048
1,2014-05-19,0.3146565854068474
1,2014-05-20,0.3254391937832063
1,2014-05-21,0.3351134104259466
1,2014-05-22,0.34359085467179534
1,2014-05-23,0.35098690556681744
1,2014-05-24,0.35724487135510385
1,2014-05-25,0.3624331419224375
1,2014-05-26,0.3665887250596826
1,2014-05-27,0.3700448449649507
1,2014-05-28,0.37336438899179153
1,2014-05-29,0.37695208065004676
1,2014-05-30,0.3808425122821506
1,2014-05-31,0.38496958017356714
1,2014-06-01,0.38927953686478506
1,2014-06-02,0.39350605107387787
1,2014-06-03,0.3976378515319205
1,2014-06-04,0.40154992079088564
1,2014-06-05,0.40500389397197895
1,2014-06-06,0.4076460059601575
1,2014-06-07,0.4093297560773239
1,2014-06-08,0.410208905455148
1,2014-06-09,0.4103384941128559
1,2014-06-10,0.40977481579446173
1,2014-06-11,0.40852035131909686
1,2014-06-12,0.40676702641824414
1,2014-06-13,0.4046215471711686
1,2014-06-14,0.40223081896008095
1,2014-06-15,0.39971981612727703
1,2014-06-16,0.3973894690596974
1,2014-06-17,0.39543165173451195
1,2014-06-18,0.3936532352522143
1,2014-06-19,0.39194418507260304
1,2014-06-20,0.3904061974608622
1,2014-06-21,0.38896385860908295
1,2014-06-22,0.38736245962598814
1,2014-06-23,0.3855782917488043
1,2014-06-24,0.38358888356279175
1,2014-06-25,0.3813689668640791
1,2014-06-26,0.3789723908846961
1,2014-06-27,0.37632160933508935
1,2014-06-28,0.37320360968972094
1,2014-06-29,0.3696247005219305
1,2014-06-30,0.36566564219638464
1,2014-07-01,0.36155165912861703
1,2014-07-02,0.3576471485672951
1,2014-07-03,0.35415151442217657
1,2014-07-04,0.3510822349737089
1,2014-07-05,0.3485630538108163
1,2014-07-06,0.34670939063850814
1,2014-07-07,0.3452342250166801
1,2014-07-08,0.3435716311703022
1,2014-07-09,0.34161240878640803
1,2014-07-10,0.3397185999357653
1,2014-07-11,0.33792571743299443
1,2014-07-12,0.3361294194048811
1,2014-07-13,0.3344645470185559
1,2014-07-14,0.33279172990953715
1,2014-07-15,0.3307871751687305
1,2014-07-16,0.3283863368645978
1,2014-07-17,0.32563867663175977
1,2014-07-18,0.32280360363810073
1,2014-07-19,0.31999908382263803
1,2014-07-20,0.31727269428409605
1,2014-07-21,0.31470117342230625
1,2014-07-22,0.3124835318037982
1,2014-07-23,0.31020773849572264
1,2014-07-24,0.30722253872839433
1,2014-07-25,0.30383201792543657
1,2014-07-26,0.3003006601656839
1,2014-07-27,0.2967388487832333
1,2014-07-28,0.2934263076316298
1,2014-07-29,0.29053198617996245
1,2014-07-30,0.287657594027028
1,2014-07-31,0.28479001806232157
1,2014-08-01,0.2818626987121669
1,2014-08-02,0.2787488861983687
1,2014-08-03,0.27540029795402643
1,2014-08-04,0.2718227325501881
1,2014-08-05,0.2677230885377982
1,2014-08-06,0.2630277339446672
1,2014-08-07,0.2578626581022348
1,2014-08-08,0.25222975633782385
1,2014-08-09,0.24615764183758385
1,2014-08-10,0.24003793388984515
1,2014-08-11,0.23400947540857506
1,2014-08-12,0.22797270832266398
1,2014-08-13,0.22189678148761333
1,2014-08-14,0.21594288491051766
1,2014-08-15,0.21039068040597186
1,2014-08-16,0.20528323801467016
1,2014-08-17,0.20058969422595418
1,2014-08-18,0.19648048779186264
1,2014-08-19,0.19306636653237472
1,2014-08-20,0.1899414963826134
1,2014-08-21,0.18644919534574875
1,2014-08-22,0.1824582354508089
1,2014-08-23,0.1780447051652148
1,2014-08-24,0.17321858452994812
1,2014-08-25,0.1682822415449553
1,2014-08-26,0.16337059197004217
1,2014-08-27,0.1584978051856084
1,2014-08-28,0.15346463243374964
1,2014-08-29,0.14841850301201295
1,2014-08-30,0.14319667661570845
1,2014-08-31,0.13781814958078661
1,2014-09-01,0.13210905678623677
1,2014-09-02,0.12606558212294594
1,2014-09-03,0.1195481321274324
1,2014-09-04,0.11283573277853007
1,2014-09-05,0.10610593814173327
1,2014-09-06,0.09928673589294823
1,2014-09-07,0.0926245907941568
1,2014-09-08,0.0861135475228369
1,2014-09-09,0.07974557985016009
1,2014-09-10,0.07341962341246334
1,2014-09-11,0.0668914837890824
1,2014-09-12,0.05991334081268862
1,2014-09-13,0.05254565036851085
1,2014-09-14,0.044951997084323674
1,2014-09-15,0.03705798141093926
1,2014-09-16,0.028665464668100667
1,2014-09-17,0.01988753912799631
1,2014-09-18,0.010943546374927502
1,2014-09-19,0.0016836836743782193
1,2014-09-20,-0.007881006947302203
1,2014-09-21,-0.01771801694005128
1,2014-09-22,-0.02785228727250381
1,2014-09-23,-0.038245748483457
1,2014-09-24,-0.04878750455338211
1,2014-09-25,-0.05952086199638882
1,2014-09-26,-0.07048879504316247
1,2014-09-27,-0.0816810305857483
1,2014-09-28,-0.09306469174985889
1,2014-09-29,-0.10434242814301777
1,2014-09-30,-0.11516487848519541
1,2014-10-01,-0.12565574713863215
1,2014-10-02,-0.13636282118734158
1,2014-10-03,-0.14723840601924953
1,2014-10-04,-0.15822268075570997
1,2014-10-05,-0.16945855902988918
1,2014-10-06,-0.18077699145702245
1,2014-10-07,-0.1919207516172571
1,2014-10-08,-0.20280547157530832
1,2014-10-09,-0.2134585865153543
1,2014-10-10,-0.22400150582386752
1,2014-10-11,-0.23459558356146767
1,2014-10-12,-0.24524619982317772
1,2014-10-13,-0.2560270326169745
1,2014-10-14,-0.2669056763767896
1,2014-10-15,-0.2776668566860724
1,2014-10-16,-0.2878221476197168
1,2014-10-17,-0.2974574330526345
1,2014-10-18,-0.3066589660900635
1,2014-10-19,-0.31533453846422066
1,2014-10-20,-0.3235442106775033
1,2014-10-21,-0.3312847163922429
1,2014-10-22,-0.33841595083448317
1,2014-10-23,-0.34487858580063024
1,2014-10-24,-0.3507619137904532
1,2014-10-25,-0.35599185458381516
1,2014-10-26,-0.36050447275876973
1,2014-10-27,-0.36427133246987964
1,2014-10-28,-0.3673306906336936
1,2014-10-29,-0.3696550831237263
1,2014-10-30,-0.3713255623642935
1,2014-10-31,-0.37239145875751195
1,2014-11-01,-0.3729041356348842
1,2014-11-02,-0.3731849608180307
1,2014-11-03,-0.37334845690336127
1,2014-11-04,-0.3734537262674307
1,2014-11-05,-0.3734301906511054
1,2014-11-06,-0.3734487532164696
1,2014-11-07,-0.37359588438828695
1,2014-11-08,-0.373933623033741
1,2014-11-09,-0.3744763175663282
1,2014-11-10,-0.37537387205353817
1,2014-11-11,-0.37666153180514533
1,2014-11-12,-0.378201057398397
1,2014-11-13,-0.37977621641426446
1,2014-11-14,-0.3810462293456665
1,2014-11-15,-0.3819600849013767
1,2014-11-16,-0.38259930228321026
1,2014-11-17,-0.3829854629122942
1,2014-11-18,-0.3828953691423969
1,2014-11-19,-0.3823790340746206
1,2014-11-20,-0.38164203161964555
1,2014-11-21,-0.3809990904463819
1,2014-11-22,-0.38052923392134946
1,2014-11-23,-0.3803012116655649
1,2014-11-24,-0.3801839299552076
1,2014-11-25,-0.3802696988995812
1,2014-11-26,-0.38068357536972397
1,2014-11-27,-0.3815678185476592
1,2014-11-28,-0.3829807751980182
1,2014-11-29,-0.38487262526929517
1,2014-11-30,-0.38727966833396404
1,2014-12-01,-0.39016576168167744
1,2014-12-02,-0.3935125663390103
1,2014-12-03,-0.39717018624925415
1,2014-12-04,-0.40083812062799057
1,2014-12-05,-0.4042198635761516
1,2014-12-06,-0.4073031983622295
1,2014-12-07,-0.410087968606339
1,2014-12-08,-0.4124989006829074
1,2014-12-09,-0.41448307366599435
1,2014-12-10,-0.41620501813860744
1,2014-12-11,-0.4178209758495312
1,2014-12-12,-0.4192684896508138
1,2014-12-13,-0.42054432566987815
1,2014-12-14,-0.421686905198218
1,2014-12-15,-0.4226179754411244
1,2014-12-16,-0.42333518477605986
1,2014-12-17,-0.42390043527780397
1,2014-12-18,-0.42440092508152105
1,2014-12-19,-0.424904845332971
1,2014-12-20,-0.4254409738041916
1,2014-12-21,-0.42598101022159457
1,2014-12-22,-0.4265390119369666
1,2014-12-23,-0.42711765995976786
1,2014-12-24,-0.4276856177315485
1,2014-12-25,-0.4281719212441532
1,2014-12-26,-0.4285913124611298
1,2014-12-27,-0.4289564773016432
1,2014-12-28,-0.4292728338865632
1,2014-12-29,-0.429609085987256
1,2014-12-30,-0.43001338789075105
1,2014-12-31,-0.43047598115965635
1,2015-01-01,-0.4309626894827372
1,2015-01-02,-0.431456232756508
1,2015-01-03,-0.4319468387229777
1,2015-01-04,-0.4324242479939904
1,2015-01-05,-0.4329192942466699
1,2015-01-06,-0.4334619180382917
1,2015-01-07,-0.4340398930791703
1,2015-01-08,-0.43459616520352007
1,2015-01-09,-0.43512363131858706
1,2015-01-10,-0.43565686138797904
1,2015-01-11,-0.4361873929026699
1,2015-01-12,-0.4366934901691176
1,2015-01-13,-0.4371497322855259
1,2015-01-14,-0.4375471809690211
1,2015-01-15,-0.4378963184322366
1,2015-01-16,-0.4382319667282653
1,2015-01-17,-0.4385560678661624
1,2015-01-18,-0.43888505527650495
1,2015-01-19,-0.43919389035992096
1,2015-01-20,-0.43945221894495257
1,2015-01-21,-0.43962144144999166
1,2015-01-22,-0.43968921009059425
1,2015-01-23,-0.4396420210047563
1,2015-01-24,-0.43948126488841255
1,2015-01-25,-0.4392560685696824
1,2015-01-26,-0.4389730842129098
1,2015-01-27,-0.4386110404605612
1,2015-01-28,-0.4381568099749549
1,2015-01-29,-0.4375819727527401
1,2015-01-30,-0.43688741840784456
1,2015-01-31,-0.4360455212156024
1,2015-02-01,-0.43507494463586877
1,2015-02-02,-0.43398567896220647
1,2015-02-03,-0.4328104852549779
1,2015-02-04,-0.43156650654553386
1,2015-02-05,-0.43023337860686584
1,2015-02-06,-0.4288083221488182
1,2015-02-07,-0.4272924360394656
1,2015-02-08,-0.42571575722947125
1,2015-02-09,-0.42408221085211767
1,2015-02-10,-0.42239394498667165
1,2015-02-11,-0.4206777352915661
1,2015-02-12,-0.4189906430487174
1,2015-02-13,-0.417337198489709
1,2015-02-14,-0.41572582686823206
1,2015-02-15,-0.41413888391107445
1,2015-02-16,-0.41259078434754454
1,2015-02-17,-0.4110958116091914
1,2015-02-18,-0.40968153857364126
1,2015-02-19,-0.40836445113636866
1,2015-02-20,-0.40712452373595004
1,2015-02-21,-0.4059335459447707
1,2015-02-22,-0.4047778729662721
1,2015-02-23,-0.40366869805211175
1,2015-02-24,-0.4026729971515529
1,2015-02-25,-0.401829581725298
1,2015-02-26,-0.40114857652078
1,2015-02-27,-0.4006029869455898
1,2015-02-28,-0.40023831689652384
1,2015-03-01,-0.4000552256957483
1,2015-03-02,-0.4000428489602726
1,2015-03-03,-0.40008236114815954
1,2015-03-04,-0.40009970623667346
1,2015-03-05,-0.40018238327875594
1,2015-03-06,-0.4003038947384528
1,2015-03-07,-0.4004021463364407
1,2015-03-08,-0.4004014246175653
1,2015-03-09,-0.40022946234020057
1,2015-03-10,-0.3997361031342859
1,2015-03-11,-0.3990361055252621
1,2015-03-12,-0.3983035187871829
1,2015-03-13,-0.3975193164578846
1,2015-03-14,-0.39646541996478013
1,2015-03-15,-0.39510333778219253
1,2015-03-16,-0.3933658432488514
1,2015-03-17,-0.3913472315478853
1,2015-03-18,-0.38901333968324
1,2015-03-19,-0.3863041590517407
1,2015-03-20,-0.3832405660698691
1,2015-03-21,-0.3798945218615802
1,2015-03-22,-0.3764669782931015
1,2015-03-23,-0.37316312437887483
1,2015-03-24,-0.3699924027941301
1,2015-03-25,-0.3667655771128533
1,2015-03-26,-0.36334692420754616
1,2015-03-27,-0.3594726652291211
1,2015-03-28,-0.3549730366306244
1,2015-03-29,-0.34989177673604255
1,2015-03-30,-0.34439547560574046
1,2015-03-31,-0.33858365381547934
1,2015-04-01,-0.33225111549006403
1,2015-04-02,-0.32505034918128306
1,2015-04-03,-0.31707762505768766
1,2015-04-04,-0.3085113077350757
1,2015-04-05,-0.2994917368994544
1,2015-04-06,-0.2893546088229474
1,2015-04-07,-0.2776010215878496
1,2015-04-08,-0.2643369644730317
1,2015-04-09,-0.2497723483348935
1,2015-04-10,-0.234231966849644
1,2015-04-11,-0.2181035175667381
1,2015-04-12,-0.20150752267304983
1,2015-04-13,-0.18437868269070323
1,2015-04-14,-0.16655289583254637
1,2015-04-15,-0.14837498750171638
1,2015-04-16,-0.1303938506834119
1,2015-04-17,-0.11255857196955184
1,2015-04-18,-0.0948308306050066
1,2015-04-19,-0.07713070255937636
1,2015-04-20,-0.059762489289067564
1,2015-04-21,-0.04283295084760364
1,2015-04-22,-0.025770644780260775
1,2015-04-23,-0.008645522719184274
1,2015-04-24,0.008145504447905978
1,2015-04-25,0.02401398167781554
1,2015-04-26,0.03890672843714756
1,2015-04-27,0.05301641429673834
1,2015-04-28,0.06613552907105674
1,2015-04-29,0.07853450988063498
1,2015-04-30,0.09138681240142958
1,2015-05-01,0.10465657251985783
1,2015-05-02,0.11851066672441518
1,2015-05-03,0.13334797447050287
1,2015-05-04,0.1489862822052229
1,2015-05-05,0.1646665917688565
1,2015-05-06,0.17946879656623324
1,2015-05-07,0.19344360907144628
1,2015-05-08,0.20633291219258884
1,2015-05-09,0.21842865702786304
1,2015-05-10,0.23014835261977723
1,2015-05-11,0.2411150620660244
1,2015-05-12,0.25134971766537306
1,2015-05-13,0.26091096283694926
1,2015-05-14,0.2693424929343309
1,2015-05-15,0.27685102510550064
1,2015-05-16,0.28361135259360004
1,2015-05-17,0.2896906654553159
1,2015-05-18,0.2951255858139439
1,2015-05-19,0.2999030951673965
1,2015-05-20,0.30462394468286486
1,2015-05-21,0.3097365318729869
1,2015-05-22,0.31525792341688363
1,2015-05-23,0.32092363202761914
1,2015-05-24,0.326798998356577
1,2015-05-25,0.33334651412603167
1,2015-05-26,0.34062777786775583
1,2015-05-27,0.3482401365967032
1,2015-05-28,0.35607499589087477
1,2015-05-29,0.36389368931416183
1,2015-05-30,0.37146836827394086
1,2015-05-31,0.3786829802358026
1,2015-06-01,0.3852792251568242
1,2015-06-02,0.3910169059557037
1,2015-06-03,0.39580693813972734
1,2015-06-04,0.3996997880867088
1,2015-06-05,0.4026850833114439
1,2015-06-06,0.40471647135626954
1,2015-06-07,0.40565584000587607
1,2015-06-08,0.4056087857299015
1,2015-06-09,0.4048862760060559
1,2015-06-10,0.4038575843884112
1,2015-06-11,0.40279783298473165
1,2015-06-12,0.40188294705206096
1,2015-06-13,0.4012542278143977
1,2015-06-14,0.40107237344448776
1,2015-06-15,0.4012743720554268
1,2015-06-16,0.40164638201955905
1,2015-06-17,0.4019688134212146
1,2015-06-18,0.4021293149741861
1,2015-06-19,0.4021637012770105
1,2015-06-20,0.40215518857610927
1,2015-06-21,0.4020270323865778
1,2015-06-22,0.40168949207571847
1,2015-06-23,0.4011060197275648
1,2015-06-24,0.4003341539327684
1,2015-06-25,0.39944273123082175
1,2015-06-26,0.3984251700777811
1,2015-06-27,0.3972618548383485
1,2015-06-28,0.39582432998337835
1,2015-06-29,0.39420203741500914
1,2015-06-30,0.39271932412999416
1,2015-07-01,0.3914928369656215
1,2015-07-02,0.39030661987314796
1,2015-07-03,0.38907688442997823
1,2015-07-04,0.3878105583939514
1,2015-07-05,0.3864342719061516
1,2015-07-06,0.3848316268137114
1,2015-07-07,0.38286379908642554
1,2015-07-08,0.3806507785559866
1,2015-07-09,0.37809342620935715
1,2015-07-10,0.3751001146092054
1,2015-07-11,0.3718910646018152
1,2015-07-12,0.36848305288775507
1,2015-07-13,0.3647770001605448
1,2015-07-14,0.3607540948143467
1,2015-07-15,0.35625267654231607
1,2015-07-16,0.35134035189465024
1,2015-07-17,0.3462438615975688
1,2015-07-18,0.3412218134815127
1,2015-07-19,0.3364921131746288
1,2015-07-20,0.33214231023892077
1,2015-07-21,0.3281820704441107
1,2015-07-22,0.324611724727755
1,2015-07-23,0.3216026038338591
1,2015-07-24,0.3191181748922387
1,2015-07-25,0.3167945262126291
1,2015-07-26,0.31450347801754774
1,2015-07-27,0.3125297696753675
1,2015-07-28,0.31105978692846564
1,2015-07-29,0.31033312268248014
1,2015-07-30,0.3101635163709086
1,2015-07-31,0.3101528024594807
1,2015-08-01,0.3098699160945638
1,2015-08-02,0.30894703021803616
1,2015-08-03,0.3073860772355745
1,2015-08-04,0.3051046059070786
1,2015-08-05,0.3021345354996584
1,2015-08-06,0.2986473252755944
1,2015-08-07,0.29473237284448073
1,2015-08-08,0.29060529490305614
1,2015-08-09,0.2863891058612293
1,2015-08-10,0.2819293409736177
1,2015-08-11,0.2771908864082509
1,2015-08-12,0.2720145034098741
1,2015-08-13,0.26650740066332435
1,2015-08-14,0.260713569298161
1,2015-08-15,0.25484748249582273
1,2015-08-16,0.24910090888845424
1,2015-08-17,0.24335083192838483
1,2015-08-18,0.23752150349417772
1,2015-08-19,0.23166055458452844
1,2015-08-20,0.22610397130129192
1,2015-08-21,0.2209189061758152
1,2015-08-22,0.2159616302821445
1,2015-08-23,0.21105303288900681
1,2015-08-24,0.20627193164601534
1,2015-08-25,0.20152420959852488
1,2015-08-26,0.196852644877494
1,2015-08-27,0.1921787056007064
1,2015-08-28,0.18722432798224012
1,2015-08-29,0.18174672179782828
1,2015-08-30,0.17576431635558915
1,2015-08-31,0.16961928464401826
1,2015-09-01,0.1634752487678763
1,2015-09-02,0.15722778407169113
1,2015-09-03,0.15096879517295406
1,2015-09-04,0.14462732032787962
1,2015-09-05,0.138294252954238
1,2015-09-06,0.1319119710404944
1,2015-09-07,0.12525473493596376
1,2015-09-08,0.1182813343200466
1,2015-09-09,0.11105329878583209
1,2015-09-10,0.10364786862185177
1,2015-09-11,0.09602289114707172
1,2015-09-12,0.08835431453301658
1,2015-09-13,0.08053696856265924
1,2015-09-14,0.07226573138893387
1,2015-09-15,0.06332296017201489
1,2015-09-16,0.05384727742751813
1,2015-09-17,0.04383338626175392
1,2015-09-18,0.033356920953824476
1,2015-09-19,0.0226722605973657
1,2015-09-20,0.012009202762284938
1,2015-09-21,0.0012893635901132952
1,2015-09-22,-0.009636893431794013
1,2015-09-23,-0.02101769494763015
1,2015-09-24,-0.032835149377636895
1,2015-09-25,-0.044851024438315026
1,2015-09-26,-0.056921603201662556
1,2015-09-27,-0.06891909794063357
1,2015-09-28,-0.0807884735131948
1,2015-09-29,-0.09243542832639835
1,2015-09-30,-0.10404507023262174
1,2015-10-01,-0.11556871155461494
1,2015-10-02,-0.12699351209340384
1,2015-10-03,-0.1384630194966985
1,2015-10-04,-0.15002837790516957
1,2015-10-05,-0.16148182192472343
1,2015-10-06,-0.17273239046842848
1,2015-10-07,-0.18360490006033223
1,2015-10-08,-0.19414235288152945
1,2015-10-09,-0.20439069388538578
1,2015-10-10,-0.2144469374283431
1,2015-10-11,-0.22451182461010846
1,2015-10-12,-0.2344012940662986
1,2015-10-13,-0.24400478580604
1,2015-10-14,-0.25336711042242016
1,2015-10-15,-0.2624625021714338
1,2015-10-16,-0.2712494511013037
1,2015-10-17,-0.27964350952576905
1,2015-10-18,-0.2876397824789839
1,2015-10-19,-0.29548926691406024
1,2015-10-20,-0.3031401227936755
1,2015-10-21,-0.3107150016763736
1,2015-10-22,-0.3181516408009011
1,2015-10-23,-0.3253321258596469
1,2015-10-24,-0.3319059788727394
1,2015-10-25,-0.3377425755896859
1,2015-10-26,-0.3430360391590013
1,2015-10-27,-0.34788551030233006
1,2015-10-28,-0.35222369142856635
1,2015-10-29,-0.3562444464116916
1,2015-10-30,-0.360009192408746
1,2015-10-31,-0.36369435216882867
1,2015-11-01,-0.36741796676925825
1,2015-11-02,-0.3710209090304183
1,2015-11-03,-0.37437453046126834
1,2015-11-04,-0.37728131079139393
1,2015-11-05,-0.37968554930587434
1,2015-11-06,-0.3815417329443818
1,2015-11-07,-0.3831436529494662
1,2015-11-08,-0.3845514268515931
1,2015-11-09,-0.38559002423025057
1,2015-11-10,-0.3861523797340694
1,2015-11-11,-0.38642058943284757
1,2015-11-12,-0.3864850452641807
1,2015-11-13,-0.38633649546450566
1,2015-11-14,-0.3859794905416506
1,2015-11-15,-0.38546185257783816
1,2015-11-16,-0.3847289774575836
1,2015-11-17,-0.3837810362873876
1,2015-11-18,-0.3827661124301843
1,2015-11-19,-0.3817829193608797
1,2015-11-20,-0.3807713559787877
1,2015-11-21,-0.3796138081939622
1,2015-11-22,-0.3785365468547271
1,2015-11-23,-0.3777645567329925
1,2015-11-24,-0.37737968795573734
1,2015-11-25,-0.37736934699478636
1,2015-11-26,-0.37794271963389137
1,2015-11-27,-0.3790103702345273
1,2015-11-28,-0.3805332826384142
1,2015-11-29,-0.3824836841563523
1,2015-11-30,-0.3848711152021869
1,2015-12-01,-0.3875512855939016
1,2015-12-02,-0.3904725685545258
1,2015-12-03,-0.39357782357795806
1,2015-12-04,-0.39680377482486134
1,2015-12-05,-0.40006787460194576
1,2015-12-06,-0.4032427074292138
1,2015-12-07,-0.406176047601996
1,2015-12-08,-0.408799612806824
1,2015-12-09,-0.4111610662684103
1,2015-12-10,-0.41318337531946986
1,2015-12-11,-0.41492979096298754
1,2015-12-12,-0.41652872847407924
1,2015-12-13,-0.4180665599739157
1,2015-12-14,-0.4194561620378033
1,2015-12-15,-0.4206479878803807
1,2015-12-16,-0.42161760344265253
1,2015-12-17,-0.4224353610117794
1,2015-12-18,-0.4231940160527026
1,2015-12-19,-0.42391343602478326
1,2015-12-20,-0.42462921558805095
1,2015-12-21,-0.4253376055351482
1,2015-12-22,-0.4260291187740029
1,2015-12-23,-0.42667067835485123
1,2015-12-24,-0.4272581902126776
1,2015-12-25,-0.42780096461836065
1,2015-12-26,-0.4283153807815066
1,2015-12-27,-0.4288530829456762
1,2015-12-28,-0.4294413019735366
1,2015-12-29,-0.43005238560065717
1,2015-12-30,-0.4306527400496647
1,2015-12-31,-0.4312154857520632
1,2016-01-01,-0.4317311242904576
1,2016-01-02,-0.43221662683169687
1,2016-01-03,-0.4326823584625837
1,2016-01-04,-0.4331622825338757
1,2016-01-05,-0.43367284742892054
1,2016-01-06,-0.43419852308306905
1,2016-01-07,-0.4347356647569555
1,2016-01-08,-0.4352869151097836
1,2016-01-09,-0.4358479118459447
1,2016-01-10,-0.4364282691829528
1,2016-01-11,-0.43706151874956595
1,2016-01-12,-0.43777432162433016
1,2016-01-13,-0.43856440911566225
1,2016-01-14,-0.4393645524605668
1,2016-01-15,-0.4401198070380086
1,2016-01-16,-0.4407849368473839
1,2016-01-17,-0.441331745243984
1,2016-01-18,-0.4417007244682312
1,2016-01-19,-0.4418601841995199
1,2016-01-20,-0.4418432669361454
1,2016-01-21,-0.44171188958585433
1,2016-01-22,-0.44150396853696783
1,2016-01-23,-0.44124231772187444
1,2016-01-24,-0.4409531953201073
1,2016-01-25,-0.4406151116435801
1,2016-01-26,-0.4401900365340278
1,2016-01-27,-0.43961892118509305
1,2016-01-28,-0.4389108579616742
1,2016-01-29,-0.4381003033190287
1,2016-01-30,-0.4372397165180586
1,2016-01-31,-0.43636251137042703
1,2016-02-01,-0.4354831284382926
1,2016-02-02,-0.4345939575728771
1,2016-02-03,-0.4336687065010028
1,2016-02-04,-0.43266717881956307
1,2016-02-05,-0.43153518268482866
1,2016-02-06,-0.4302585827385192
1,2016-02-07,-0.42886021112044
1,2016-02-08,-0.4273333119271051
1,2016-02-09,-0.42567290022194537
1,2016-02-10,-0.42389518074367566
1,2016-02-11,-0.42201538647677483
1,2016-02-12,-0.42006978053983557
1,2016-02-13,-0.4180921718227638
1,2016-02-14,-0.4160898683586764
1,2016-02-15,-0.4141030322601275
1,2016-02-16,-0.4121412333331505
1,2016-02-17,-0.4101804777526709
1,2016-02-18,-0.408218235257741
1,2016-02-19,-0.4062365836489279
1,2016-02-20,-0.40427105941144154
1,2016-02-21,-0.4023556150135664
1,2016-02-22,-0.4005213103242618
1,2016-02-23,-0.3987798525377152
1,2016-02-24,-0.3971618347278404
1,2016-02-25,-0.3956756533979812
1,2016-02-26,-0.3943051407241502
1,2016-02-27,-0.3930016313118205
1,2016-02-28,-0.39172799574295725
1,2016-02-29,-0.39043457297439227
1,2016-03-01,-0.38922034220663904
1,2016-03-02,-0.3881419797019617
1,2016-03-03,-0.3871902695158147
1,2016-03-04,-0.3862948512360744
1,2016-03-05,-0.38538764839469275
1,2016-03-06,-0.38430300191254807
1,2016-03-07,-0.3830630532236513
1,2016-03-08,-0.38172150907405694
1,2016-03-09,-0.38033611716327453
1,2016-03-10,-0.37894320786118835
1,2016-03-11,-0.37769227960804624
1,2016-03-12,-0.37651329091905394
1,2016-03-13,-0.3753246575693667
1,2016-03-14,-0.37401434057049604
1,2016-03-15,-0.37241086849811955
1,2016-03-16,-0.3705831002734899
1,2016-03-17,-0.3685554130329699
1,2016-03-18,-0.36654552451083744
1,2016-03-19,-0.36459547016594124
1,2016-03-20,-0.36285579431851067
1,2016-03-21,-0.3611627194618516
1,2016-03-22,-0.35937690618879276
1,2016-03-23,-0.357202478834915
1,2016-03-24,-0.35445013679185927
1,2016-03-25,-0.3508047772553476
1,2016-03-26,-0.3464569602765598
1,2016-03-27,-0.34150376343193256
1,2016-03-28,-0.33620064702437846
1,2016-03-29,-0.3309159891580013
1,2016-03-30,-0.3253547869487969
1,2016-03-31,-0.3192051579918427
1,2016-04-01,-0.31220699131189866
1,2016-04-02,-0.3042553207835032
1,2016-04-03,-0.29530375695353844
1,2016-04-04,-0.28570759818977143
1,2016-04-05,-0.27545938102479123
1,2016-04-06,-0.26460062432564185
1,2016-04-07,-0.25316482297416715
1,2016-04-08,-0.24124295252386818
1,2016-04-09,-0.22878266130364705
1,2016-04-10,-0.21631914911951491
1,2016-04-11,-0.2037895043811369
1,2016-04-12,-0.19098404954556028
1,2016-04-13,-0.17787776662117638
1,2016-04-14,-0.1643157581690455
1,2016-04-15,-0.15025440983793079
1,2016-04-16,-0.13560350876011115
1,2016-04-17,-0.11995726998932171
1,2016-04-18,-0.10303630850741076
1,2016-04-19,-0.08509221032118655
1,2016-04-20,-0.06694859908684188
1,2016-04-21,-0.048849520885010746
1,2016-04-22,-0.03056880348942896
1,2016-04-23,-0.011915581780451313
1,2016-04-24,0.00766807342372133
1,2016-04-25,0.0278488184091528
1,2016-04-26,0.04847472721477073
1,2016-04-27,0.0691056433770461
1,2016-04-28,0.08900793823842536
1,2016-04-29,0.10735005487031686
1,2016-04-30,0.12431757703916023
1,2016-05-01,0.1399393588200659
1,2016-05-02,0.1544021950026297
1,2016-05-03,0.1676416189816144
1,2016-05-04,0.18012424381164283
1,2016-05-05,0.19208824841646746
1,2016-05-06,0.20388772713440328
1,2016-05-07,0.2152138546646722
1,2016-05-08,0.22592500281086003
1,2016-05-09,0.2363938832499498
1,2016-05-10,0.24713832685951456
1,2016-05-11,0.2584402283593024
1,2016-05-12,0.2704300427324794
1,2016-05-13,0.28344132877182576
1,2016-05-14,0.2970216867384796
1,2016-05-15,0.31050615741496684
1,2016-05-16,0.3230841953364872
1,2016-05-17,0.33456499886514485
1,2016-05-18,0.3450261981194191
1,2016-05-19,0.35453684319947354
1,2016-05-20,0.362843094772411
1,2016-05-21,0.3702730436997043
1,2016-05-22,0.3771882770621596
1,2016-05-23,0.3836407904984633
1,2016-05-24,0.38940117396189183
1,2016-05-25,0.3943880121069413
1,2016-05-26,0.3984895363012135
1,2016-05-27,0.4018459749905231
1,2016-05-28,0.40453667337021487
1,2016-05-29,0.4067017900322412
1,2016-05-30,0.40852666821836797
1,2016-05-31,0.4100672855434563
1,2016-06-01,0.4112730092012616
1,2016-06-02,0.41209598937681585
1,2016-06-03,0.4126033610298628
1,2016-06-04,0.41289454100287526
1,2016-06-05,0.41295690498358606
1,2016-06-06,0.4128484251305853
1,2016-06-07,0.41255611363531625
1,2016-06-08,0.4120392995619819
1,2016-06-09,0.41133771360381144
1,2016-06-10,0.4105358405378778
1,2016-06-11,0.40979451156091534
1,2016-06-12,0.40915500420186607
1,2016-06-13,0.4084980665070113
1,2016-06-14,0.40785607261922024
1,2016-06-15,0.40715565537007053
1,2016-06-16,0.40636376223194115
1,2016-06-17,0.4054219267601975
1,2016-06-18,0.40436577175829413
1,2016-06-19,0.40325416465450986
1,2016-06-20,0.40197071334305545
1,2016-06-21,0.4004403997061483
1,2016-06-22,0.39858878899905753
1,2016-06-23,0.3964491136154781
1,2016-06-24,0.3941355652518615
1,2016-06-25,0.3918012358235601
1,2016-06-26,0.38958682093125196
1,2016-06-27,0.3876304923581441
1,2016-06-28,0.3859346677231493
1,2016-06-29,0.3843649964971658
1,2016-06-30,0.38294835149663176
1,2016-07-01,0.3817471559980502
1,2016-07-02,0.38087154792526834
1,2016-07-03,0.38015397616750607
1,2016-07-04,0.379514323333375
1,2016-07-05,0.3789129187525329
1,2016-07-06,0.37814059488751345
1,2016-07-07,0.377159333495518
1,2016-07-08,0.3759937917676866
1,2016-07-09,0.37481481974692843
1,2016-07-10,0.3736192009489717
1,2016-07-11,0.3721730545038111
1,2016-07-12,0.3703384506903942
1,2016-07-13,0.3683405294810381
1,2016-07-14,0.3662123971066614
1,2016-07-15,0.3642011389248695
1,2016-07-16,0.3620521249218464
1,2016-07-17,0.35964898664528633
1,2016-07-18,0.35707267076074467
1,2016-07-19,0.35419513691968174
1,2016-07-20,0.35131803830297176
1,2016-07-21,0.3484420355937787
1,2016-07-22,0.34548779807037094
1,2016-07-23,0.3422813330927585
1,2016-07-24,0.33888053964390613
1,2016-07-25,0.33556342775293574
1,2016-07-26,0.33251344122470744
1,2016-07-27,0.32968158947053644
1,2016-07-28,0.3270687854190876
1,2016-07-29,0.3245486518808658
1,2016-07-30,0.3222819251699659
1,2016-07-31,0.3201233003111082
1,2016-08-01,0.31778619311608214
1,2016-08-02,0.3152238037531684
1,2016-08-03,0.31230640478482
1,2016-08-04,0.30897122892965995
1,2016-08-05,0.30513578754517373
1,2016-08-06,0.3009788524134314
1,2016-08-07,0.2965747314111981
1,2016-08-08,0.2919928736480016
1,2016-08-09,0.28720248483342864
1,2016-08-10,0.2821726812003363
1,2016-08-11,0.27696959737946214
1,2016-08-12,0.2718505234356314
1,2016-08-13,0.2666189716740877
1,2016-08-14,0.26134486470286955
1,2016-08-15,0.2561107726039014
1,2016-08-16,0.25102841558983996
1,2016-08-17,0.2462238003829899
1,2016-08-18,0.24169383943724757
1,2016-08-19,0.23732429983924108
1,2016-08-20,0.233001191899282
1,2016-08-21,0.22868053657224888
1,2016-08-22,0.22415241631507868
1,2016-08-23,0.21929596105908158
1,2016-08-24,0.21413867199399156
1,2016-08-25,0.20891248532511872
1,2016-08-26,0.20357583360718504
1,2016-08-27,0.1982687173241996
1,2016-08-28,0.1930139315693751
1,2016-08-29,0.1878298917047089
1,2016-08-30,0.18254312451979093
1,2016-08-31,0.17693600694082376
1,2016-09-01,0.17098089945943837
1,2016-09-02,0.1648104320797777
1,2016-09-03,0.15847199059609463
1,2016-09-04,0.15215364012088536
1,2016-09-05,0.14587747245923652
1,2016-09-06,0.13953138620569272
1,2016-09-07,0.13284586645836033
1,2016-09-08,0.12572145623679742
1,2016-09-09,0.11828158905177462
1,2016-09-10,0.11086320834299522
1,2016-09-11,0.10344736269637683
1,2016-09-12,0.09599215113660169
1,2016-09-13,0.08845289312233845
1,2016-09-14,0.08062131823385853
1,2016-09-15,0.07229499326470913
1,2016-09-16,0.0632900667898225
1,2016-09-17,0.053705088072199605
1,2016-09-18,0.04354276473930769
1,2016-09-19,0.03276393150533137
1,2016-09-20,0.021444220654904853
1,2016-09-21,0.009934433344233919
1,2016-09-22,-0.0016063271722666394
1,2016-09-23,-0.013080697880917116
1,2016-09-24,-0.024723910321771465
1,2016-09-25,-0.036523135846375655
1,2016-09-26,-0.0484250518334063
1,2016-09-27,-0.060504188257676464
1,2016-09-28,-0.07252674877006202
1,2016-09-29,-0.08444738414796908
1,2016-09-30,-0.0962853538916884
1,2016-10-01,-0.10821019663404108
1,2016-10-02,-0.12018075971873608
1,2016-10-03,-0.13221786048929232
1,2016-10-04,-0.14413044089251753
1,2016-10-05,-0.15592520449280045
1,2016-10-06,-0.16755562029505658
1,2016-10-07,-0.17914521476003842
1,2016-10-08,-0.19051837184265283
1,2016-10-09,-0.20156121645202482
1,2016-10-10,-0.2121849270683204
1,2016-10-11,-0.22238072249360794
1,2016-10-12,-0.23237993539859125
1,2016-10-13,-0.2422298208054652
1,2016-10-14,-0.25188786322287554
1,2016-10-15,-0.2611677338540068
1,2016-10-16,-0.26998034423539463
1,2016-10-17,-0.27824569568061663
1,2016-10-18,-0.28599652063490566
1,2016-10-19,-0.29339164735541107
1,2016-10-20,-0.3005247807050798
1,2016-10-21,-0.3073375822274576
1,2016-10-22,-0.313895613940669
1,2016-10-23,-0.32017805362904445
1,2016-10-24,-0.32610610149749814
1,2016-10-25,-0.3314648148757457
1,2016-10-26,-0.33610714862097135
1,2016-10-27,-0.3400088186720812
1,2016-10-28,-0.3432141822692583
1,2016-10-29,-0.3458292987800008
1,2016-10-30,-0.3481007836265439
1,2016-10-31,-0.35011216680941526
1,2016-11-01,-0.351922992517851
1,2016-11-02,-0.3532674955669633
1,2016-11-03,-0.35406070875370005
1,2016-11-04,-0.35449652561790945
1,2016-11-05,-0.3546620135027671
1,2016-11-06,-0.3546190271501407
1,2016-11-07,-0.35441714990956835
1,2016-11-08,-0.35439748311768093
1,2016-11-09,-0.35460148237849015
1,2016-11-10,-0.35510233477241193
1,2016-11-11,-0.35572948544910465
1,2016-11-12,-0.35655180289847055
1,2016-11-13,-0.35735612372668896
1,2016-11-14,-0.35803872211128146
1,2016-11-15,-0.3584357505459704
1,2016-11-16,-0.35864242531446255
1,2016-11-17,-0.35884246164103534
1,2016-11-18,-0.35922053380670155
1,2016-11-19,-0.35978507945432225
1,2016-11-20,-0.3606479444895891
1,2016-11-21,-0.3618762594417223
1,2016-11-22,-0.3632758007070387
1,2016-11-23,-0.3648366419665971
1,2016-11-24,-0.36654375627017716
1,2016-11-25,-0.3686515925475356
1,2016-11-26,-0.3712010214018331
1,2016-11-27,-0.37424164020122813
1,2016-11-28,-0.3775943024312269
1,2016-11-29,-0.381102849818897
1,2016-11-30,-0.38462449718976655
1,2016-12-01,-0.3880799801726741
1,2016-12-02,-0.3914452573479655
1,2016-12-03,-0.39491518172853723
1,2016-12-04,-0.3983871490089232
1,2016-12-05,-0.4017414007870408
1,2016-12-06,-0.4049353164350258
1,2016-12-07,-0.40785418543074
1,2016-12-08,-0.4104298952523349
1,2016-12-09,-0.41262989559491886
1,2016-12-10,-0.41454097751751845
1,2016-12-11,-0.4162078183811793
1,2016-12-12,-0.417677923139283
1,2016-12-13,-0.4190026830064721
1,2016-12-14,-0.4202650527648286
1,2016-12-15,-0.42146851599141494
1,2016-12-16,-0.4226227347675579
1,2016-12-17,-0.42367394503022426
1,2016-12-18,-0.42465831501345047
1,2016-12-19,-0.42558763652763576
1,2016-12-20,-0.426427799715664
1,2016-12-21,-0.42721603991274243
1,2016-12-22,-0.42795133431861654
1,2016-12-23,-0.4286043157988029
1,2016-12-24,-0.4291657913779934
1,2016-12-25,-0.4296611797131422
1,2016-12-26,-0.4301022041251979
1,2016-12-27,-0.43051128858110144
1,2016-12-28,-0.430899674463082
1,2016-12-29,-0.43128424406304194
1,2016-12-30,-0.43166905990211213
1,2016-12-31,-0.4312943455982853
1,2017-01-01,-0.43168323425058625
1,2017-01-02,-0.43212314819855024
1,2017-01-03,-0.4326464039291544
1,2017-01-04,-0.4332595009125785
1,2017-01-05,-0.43395660090714605
1,2017-01-06,-0.4346875106408738
1,2017-01-07,-0.43541508247896193
1,2017-01-08,-0.43614842643595664
1,2017-01-09,-0.43689052347083723
1,2017-01-10,-0.437615012257724
1,2017-01-11,-0.43827960264175914
1,2017-01-12,-0.43885048033748925
1,2017-01-13,-0.4393419965665767
1,2017-01-14,-0.43979262702401856
1,2017-01-15,-0.44022361903635276
1,2017-01-16,-0.4406437862234777
1,2017-01-17,-0.44105613046660114
1,2017-01-18,-0.4414319260785233
1,2017-01-19,-0.4417906951884985
1,2017-01-20,-0.44216372313091823
1,2017-01-21,-0.4425384879108493
1,2017-01-22,-0.4428541023981777
1,2017-01-23,-0.44302024577835114
1,2017-01-24,-0.443007242382906
1,2017-01-25,-0.4428566856247677
1,2017-01-26,-0.4426323497953939
1,2017-01-27,-0.44234053543100743
1,2017-01-28,-0.4419659409301693
1,2017-01-29,-0.44148209805180605
1,2017-01-30,-0.44086238093490276
1,2017-01-31,-0.4400762946287038
1,2017-02-01,-0.4391295124604719
1,2017-02-02,-0.4380208438399719
1,2017-02-03,-0.4367496143252214
1,2017-02-04,-0.43531374071226153
1,2017-02-05,-0.43369988903876455
1,2017-02-06,-0.4319563593017727
1,2017-02-07,-0.4301286069470852
1,2017-02-08,-0.4282674036665823
1,2017-02-09,-0.42639728195033455
1,2017-02-10,-0.42450849665364654
1,2017-02-11,-0.422583069296354
1,2017-02-12,-0.4205868253423935
1,2017-02-13,-0.41851210533168737
1,2017-02-14,-0.4163652634101543
1,2017-02-15,-0.41416244716385203
1,2017-02-16,-0.4118999029112158
1,2017-02-17,-0.40957428671589025
1,2017-02-18,-0.4072044538776298
1,2017-02-19,-0.40481218974019345
1,2017-02-20,-0.40242435344996763
1,2017-02-21,-0.4001055571147327
1,2017-02-22,-0.3978669935135897
1,2017-02-23,-0.39573036979800974
1,2017-02-24,-0.39372574635760527
1,2017-02-25,-0.3919037060787746
1,2017-02-26,-0.3902750356675239
1,2017-02-27,-0.38885021069412046
1,2017-02-28,-0.3876392905246156
1,2017-03-01,-0.38667569627323
1,2017-03-02,-0.38604815891653427
1,2017-03-03,-0.38577794677749544
1,2017-03-04,-0.38586391475791026
1,2017-03-05,-0.38625443785697744
1,2017-03-06,-0.38683774170321644
1,2017-03-07,-0.38758506376212376
1,2017-03-08,-0.3885112851668492
1,2017-03-09,-0.38951077759846103
1,2017-03-10,-0.3905211917266023
1,2017-03-11,-0.3915211795617614
1,2017-03-12,-0.3926332224418095
1,2017-03-13,-0.39391426103581817
1,2017-03-14,-0.395269554589658
1,2017-03-15,-0.3963691689745943
1,2017-03-16,-0.39690951667731184
1,2017-03-17,-0.3966585475448198
1,2017-03-18,-0.3955336565031079
1,2017-03-19,-0.3936085022673409
1,2017-03-20,-0.39100787839811607
1,2017-03-21,-0.3875892232953641
1,2017-03-22,-0.38350169871246415
1,2017-03-23,-0.3789270467674659
1,2017-03-24,-0.3737874048444373
1,2017-03-25,-0.36786829789503117
1,2017-03-26,-0.3609525765132817
1,2017-03-27,-0.35303459525240055
1,2017-03-28,-0.34433739421166953
1,2017-03-29,-0.3354724789842447
1,2017-03-30,-0.32707632293283223
1,2017-03-31,-0.3193650631792536
1,2017-04-01,-0.31237133447694004
1,2017-04-02,-0.30590448128989445
1,2017-04-03,-0.29958702801049447
1,2017-04-04,-0.2932813996980483
1,2017-04-05,-0.286333608300694
1,2017-04-06,-0.27832007242551493
1,2017-04-07,-0.26954683625248915
1,2017-04-08,-0.2604246105538778
1,2017-04-09,-0.25044582793061987
1,2017-04-10,-0.23921742758398634
1,2017-04-11,-0.22667713812425463
1,2017-04-12,-0.21274356019645674
1,2017-04-13,-0.1971015480371758
1,2017-04-14,-0.17948839121194485
1,2017-04-15,-0.1600914601645923
1,2017-04-16,-0.13946709401719265
1,2017-04-17,-0.11847343921740731
1,2017-04-18,-0.09763543086531472
1,2017-04-19,-0.077056262584994
1,2017-04-20,-0.05642799346594916
1,2017-04-21,-0.03575117379615706
1,2017-04-22,-0.014910596430811869
1,2017-04-23,0.005497612633715915
1,2017-04-24,0.025193088978131405
1,2017-04-25,0.044138267654682664
1,2017-04-26,0.062194147525247316
1,2017-04-27,0.0791273492878724
1,2017-04-28,0.09461340980896395
1,2017-04-29,0.1087958358330663
1,2017-04-30,0.1222202248675827
1,2017-05-01,0.13548207777501375
1,2017-05-02,0.14908397274178076
1,2017-05-03,0.16319050672133964
1,2017-05-04,0.17727979121643572
1,2017-05-05,0.19133363755414876
1,2017-05-06,0.20572183333034888
1,2017-05-07,0.22081755865312805
1,2017-05-08,0.23613572984490228
1,2017-05-09,0.2510135639830017
1,2017-05-10,0.26526916304174775
1,2017-05-11,0.2791026890180978
1,2017-05-12,0.29272961910906725
1,2017-05-13,0.3062720433431559
1,2017-05-14,0.31922495225789815
1,2017-05-15,0.3312633175199972
1,2017-05-16,0.34232061288696297
1,2017-05-17,0.35240650604968304
1,2017-05-18,0.3616294286928928
1,2017-05-19,0.36991154192959896
1,2017-05-20,0.37675999212328953
1,2017-05-21,0.3818117610161757
1,2017-05-22,0.385645379715737
1,2017-05-23,0.38911597879894605
1,2017-05-24,0.39255031561106196
1,2017-05-25,0.3959804743301643
1,2017-05-26,0.3991782383684162
1,2017-05-27,0.4020193399308795
1,2017-05-28,0.404610678824102
1,2017-05-29,0.406978756582733
1,2017-05-30,0.4089885721830122
1,2017-05-31,0.4105068392162598
1,2017-06-01,0.4114700832830481
1,2017-06-02,0.4120128879167016
1,2017-06-03,0.4122438942255521
1,2017-06-04,0.41225076824910356
1,2017-06-05,0.4120690003075442
1,2017-06-06,0.4117123802697072
1,2017-06-07,0.411104688925668
1,2017-06-08,0.4100238977886041
1,2017-06-09,0.4084242588870703
1,2017-06-10,0.40633438363753066
1,2017-06-11,0.403947174036571
1,2017-06-12,0.40148282279682923
1,2017-06-13,0.39888486214437385
1,2017-06-14,0.39606884193247077
1,2017-06-15,0.39306192804409523
1,2017-06-16,0.38994442720951744
1,2017-06-17,0.3868503527333108
1,2017-06-18,0.38397980558043154
1,2017-06-19,0.3813035911380017
1,2017-06-20,0.3787495460716607
1,2017-06-21,0.3765292647720396
1,2017-06-22,0.3748902092225922
1,2017-06-23,0.37392217452130827
1,2017-06-24,0.3734562492748571
1,2017-06-25,0.37329517948664526
1,2017-06-26,0.37317165013979503
1,2017-06-27,0.37296322438300217
1,2017-06-28,0.37258523331582427
1,2017-06-29,0.3721069527690479
1,2017-06-30,0.37154421908097846
1,2017-07-01,0.3709232123879122
1,2017-07-02,0.3703100222885905
1,2017-07-03,0.3697262853507901
1,2017-07-04,0.369005393518498
1,2017-07-05,0.36800850547640096
1,2017-07-06,0.3667426214599229
1,2017-07-07,0.3654592988123629
1,2017-07-08,0.364460240326515
1,2017-07-09,0.36374587551931803
1,2017-07-10,0.3632315021872795
1,2017-07-11,0.36299552094098514
1,2017-07-12,0.3631566765153619
1,2017-07-13,0.3636775655148001
1,2017-07-14,0.36428725920879756
1,2017-07-15,0.36466733071881186
1,2017-07-16,0.36471148308343526
1,2017-07-17,0.3643056483402178
1,2017-07-18,0.36360778700160723
1,2017-07-19,0.36279113131468377
1,2017-07-20,0.36164617982586705
1,2017-07-21,0.35973008651864036
1,2017-07-22,0.3569783778611015
1,2017-07-23,0.35350920715694495
1,2017-07-24,0.34954502531668746
1,2017-07-25,0.3453368514954267
1,2017-07-26,0.3410817451941819
1,2017-07-27,0.33693043308108916
1,2017-07-28,0.3329540085819478
1,2017-07-29,0.32927356323970264
1,2017-07-30,0.32600031598711654
1,2017-07-31,0.3232872012514137
1,2017-08-01,0.32089405854758896
1,2017-08-02,0.318365915821173
1,2017-08-03,0.31562296246522753
1,2017-08-04,0.312855111322334
1,2017-08-05,0.31002983677118434
1,2017-08-06,0.3070680355191876
1,2017-08-07,0.30380012234169695
1,2017-08-08,0.3001136417852696
1,2017-08-09,0.29612159703618357
1,2017-08-10,0.2918886987497441
1,2017-08-11,0.28744228460372734
1,2017-08-12,0.28306323853962895
1,2017-08-13,0.27904111284613087
1,2017-08-14,0.27524527050258824
1,2017-08-15,0.2714808401019341
1,2017-08-16,0.26771194650783775
1,2017-08-17,0.2638592761342873
1,2017-08-18,0.2597848900795131
1,2017-08-19,0.2554371125224328
1,2017-08-20,0.25070886360539413
1,2017-08-21,0.24567440627396844
1,2017-08-22,0.24055624451541727
1,2017-08-23,0.2355908135205649
1,2017-08-24,0.2308830420681327
1,2017-08-25,0.22629743322042284
1,2017-08-26,0.22155826235964754
1,2017-08-27,0.21667707430019653
1,2017-08-28,0.21184194922654803
1,2017-08-29,0.2072152521740346
1,2017-08-30,0.20272347872888546
1,2017-08-31,0.19840059409483382
1,2017-09-01,0.19405339702140587
1,2017-09-02,0.18944189375444434
1,2017-09-03,0.18454195206468338
1,2017-09-04,0.17922473369771033
1,2017-09-05,0.17329630932622594
1,2017-09-06,0.16680716278223745
1,2017-09-07,0.15986848526913663
1,2017-09-08,0.15250144145712835
1,2017-09-09,0.1445942649149759
1,2017-09-10,0.13610959657390262
1,2017-09-11,0.12717599911014268
1,2017-09-12,0.11777919287124049
1,2017-09-13,0.10794159607802793
1,2017-09-14,0.09765674918271672
1,2017-09-15,0.08703672876579195
1,2017-09-16,0.07641194828171455
1,2017-09-17,0.06576052518441097
1,2017-09-18,0.05501435284552053
1,2017-09-19,0.04426199149426577
1,2017-09-20,0.033521749873703814
1,2017-09-21,0.02268663106901047
1,2017-09-22,0.01175924472472849
1,2017-09-23,8.591010153314678e-4
1,2017-09-24,-0.010024373533450212
1,2017-09-25,-0.02100381749672001
1,2017-09-26,-0.03195997378245857
1,2017-09-27,-0.04277075386580908
1,2017-09-28,-0.05350583322622496
1,2017-09-29,-0.0643632708334893
1,2017-09-30,-0.07548080290826804
1,2017-10-01,-0.08679225794352273
1,2017-10-02,-0.09815849838542465
1,2017-10-03,-0.10940263852730504
1,2017-10-04,-0.12050243625945971
1,2017-10-05,-0.13165968067368602
1,2017-10-06,-0.1429002660679562
1,2017-10-07,-0.15425997158341226
1,2017-10-08,-0.16576716170637612
1,2017-10-09,-0.17730328413411559
1,2017-10-10,-0.18872852677649948
1,2017-10-11,-0.20005336363288378
1,2017-10-12,-0.21111952329699132
1,2017-10-13,-0.2217428481309805
1,2017-10-14,-0.23192081964215464
1,2017-10-15,-0.24163472568854408
1,2017-10-16,-0.2510063548417559
1,2017-10-17,-0.2602757858256232
1,2017-10-18,-0.2694901075831331
1,2017-10-19,-0.278489215794293
1,2017-10-20,-0.28716116362019484
1,2017-10-21,-0.29533835855268964
1,2017-10-22,-0.30306344953642905
1,2017-10-23,-0.3105249613367724
1,2017-10-24,-0.3178617419231756
1,2017-10-25,-0.32488258972986817
1,2017-10-26,-0.33148483268241724
1,2017-10-27,-0.33757563445951977
1,2017-10-28,-0.34297092012168856
1,2017-10-29,-0.3477439316882731
1,2017-10-30,-0.35183150458085966
1,2017-10-31,-0.35507512613077263
1,2017-11-01,-0.3575196377997206
1,2017-11-02,-0.3591581829857106
1,2017-11-03,-0.3600270798398612
1,2017-11-04,-0.3603796308169487
1,2017-11-05,-0.36050450447049315
1,2017-11-06,-0.3603699481965235
1,2017-11-07,-0.3597828367183206
1,2017-11-08,-0.35882178447959573
1,2017-11-09,-0.3577140720253119
1,2017-11-10,-0.35679270055835877
1,2017-11-11,-0.3563270123227596
1,2017-11-12,-0.3561879582571795
1,2017-11-13,-0.3562007242969656
1,2017-11-14,-0.35638861099891855
1,2017-11-15,-0.35686994831640867
1,2017-11-16,-0.3577282872622833
1,2017-11-17,-0.35892218337332715
1,2017-11-18,-0.36043349106213696
1,2017-11-19,-0.3622923662009319
1,2017-11-20,-0.3644768398689682
1,2017-11-21,-0.3671184840529282
1,2017-11-22,-0.37014241325734254
1,2017-11-23,-0.37329488549525663
1,2017-11-24,-0.3761949689938326
1,2017-11-25,-0.3787351024338332
1,2017-11-26,-0.3811229311533212
1,2017-11-27,-0.383552509594686
1,2017-11-28,-0.3859917329027364
1,2017-11-29,-0.38844980267762413
1,2017-11-30,-0.39085629241350983
1,2017-12-01,-0.39312606885271556
1,2017-12-02,-0.3951325637879029
1,2017-12-03,-0.39690493054333104
1,2017-12-04,-0.39861061717396074
1,2017-12-05,-0.4003018804673461
1,2017-12-06,-0.40199756637757444
1,2017-12-07,-0.4037627764536446
1,2017-12-08,-0.40566283591521674
1,2017-12-09,-0.4077656889657845
1,2017-12-10,-0.40997294716776655
1,2017-12-11,-0.41214315257573314
1,2017-12-12,-0.41419724746194836
1,2017-12-13,-0.4161059158407446
1,2017-12-14,-0.41785739686342976
1,2017-12-15,-0.4194781949470651
1,2017-12-16,-0.4209867115713474
1,2017-12-17,-0.422333405881644
1,2017-12-18,-0.4234957033562409
1,2017-12-19,-0.4245032424267725
1,2017-12-20,-0.4254176396919418
1,2017-12-21,-0.426220447308242
1,2017-12-22,-0.4269091512458487
1,2017-12-23,-0.4275043690879646
1,2017-12-24,-0.42806865116858134
1,2017-12-25,-0.42866403837337624
1,2017-12-26,-0.42933883119597477
1,2017-12-27,-0.43006753855941493
1,2017-12-28,-0.4308142449419609
1,2017-12-29,-0.4315557750954157
1,2017-12-30,-0.4322756932305943
1,2017-12-31,-0.43296965866138487
1,2018-01-01,-0.4336195845982475
1,2018-01-02,-0.43423751288604484
1,2018-01-03,-0.4348224059090788
1,2018-01-04,-0.43537543072574353
1,2018-01-05,-0.4358951130610835
1,2018-01-06,-0.43636980963736904
1,2018-01-07,-0.43678882573280814
1,2018-01-08,-0.4371290150588013
1,2018-01-09,-0.43738806235579075
1,2018-01-10,-0.43760527232607216
1,2018-01-11,-0.43781941215234016
1,2018-01-12,-0.4380590304355071
1,2018-01-13,-0.4383150048752868
1,2018-01-14,-0.4385986244575593
1,2018-01-15,-0.43893146426331797
1,2018-01-16,-0.4392756663442812
1,2018-01-17,-0.43960611225334406
1,2018-01-18,-0.43991483756344996
1,2018-01-19,-0.4401797236812375
1,2018-01-20,-0.44035619735629244
1,2018-01-21,-0.44040309025458174
1,2018-01-22,-0.4403449382152343
1,2018-01-23,-0.4401711608307469
1,2018-01-24,-0.4398363381045657
1,2018-01-25,-0.4393412268940602
1,2018-01-26,-0.4387268639449603
1,2018-01-27,-0.43801995932171073
1,2018-01-28,-0.4372098475229607
1,2018-01-29,-0.43629486986428945
1,2018-01-30,-0.4352908114666485
1,2018-01-31,-0.43422040384118854
1,2018-02-01,-0.43310686067801724
1,2018-02-02,-0.4318936748598184
1,2018-02-03,-0.4305837120003088
1,2018-02-04,-0.4292197573031294
1,2018-02-05,-0.4278448596091928
1,2018-02-06,-0.4264835356877187
1,2018-02-07,-0.4251388786679872
1,2018-02-08,-0.42379110674138165
1,2018-02-09,-0.422392128924
1,2018-02-10,-0.420965935246708
1,2018-02-11,-0.41952665609795614
1,2018-02-12,-0.41806020140960526
1,2018-02-13,-0.41657875791861226
1,2018-02-14,-0.415067894481493
1,2018-02-15,-0.41350558898212747
1,2018-02-16,-0.41191165262121143
1,2018-02-17,-0.4102921878472141
1,2018-02-18,-0.40866065473681823
1,2018-02-19,-0.4069976233991812
1,2018-02-20,-0.4052719274049248
1,2018-02-21,-0.4035385534650544
1,2018-02-22,-0.4018657753000071
1,2018-02-23,-0.4002644824000861
1,2018-02-24,-0.398745707860432
1,2018-02-25,-0.39731267240988566
1,2018-02-26,-0.3958924578864168
1,2018-02-27,-0.3945120194060359
1,2018-02-28,-0.39326939823308743
1,2018-03-01,-0.39222348184794026
1,2018-03-02,-0.3914546643080135
1,2018-03-03,-0.39104735124517953
1,2018-03-04,-0.390845307975918
1,2018-03-05,-0.3907052360619884
1,2018-03-06,-0.3905934634868315
1,2018-03-07,-0.3905185775359788
1,2018-03-08,-0.3904358921157489
1,2018-03-09,-0.390308132384634
1,2018-03-10,-0.39013378990216696
1,2018-03-11,-0.38985667363439974
1,2018-03-12,-0.3895466808969979
1,2018-03-13,-0.3891980387714993
1,2018-03-14,-0.3886816303370984
1,2018-03-15,-0.3879119529660026
1,2018-03-16,-0.3867709395688584
1,2018-03-17,-0.3851629733974284
1,2018-03-18,-0.38343053613481987
1,2018-03-19,-0.38186133031819236
1,2018-03-20,-0.3803854593760741
1,2018-03-21,-0.378759640771516
1,2018-03-22,-0.37684745851673584
1,2018-03-23,-0.37461497714132336
1,2018-03-24,-0.37200597574854094
1,2018-03-25,-0.3693226619613819
1,2018-03-26,-0.36668992762931013
1,2018-03-27,-0.36400450044599014
1,2018-03-28,-0.36111767274232115
1,2018-03-29,-0.35786884922381845
1,2018-03-30,-0.35423766635768517
1,2018-03-31,-0.35030623906713315
1,2018-04-01,-0.3456615196129923
1,2018-04-02,-0.34003135310565713
1,2018-04-03,-0.33352086868320735
1,2018-04-04,-0.3262926831246465
1,2018-04-05,-0.31847437043038695
1,2018-04-06,-0.3101264608179784
1,2018-04-07,-0.3016511384885167
1,2018-04-08,-0.29309470529162374
1,2018-04-09,-0.2837570914142733
1,2018-04-10,-0.27345417215214635
1,2018-04-11,-0.26243975534286695
1,2018-04-12,-0.2505111665357668
1,2018-04-13,-0.23742258664780616
1,2018-04-14,-0.22323877501150494
1,2018-04-15,-0.2084954971422062
1,2018-04-16,-0.19345959773061305
1,2018-04-17,-0.17821529204154907
1,2018-04-18,-0.16280346043884414
1,2018-04-19,-0.14682010796900816
1,2018-04-20,-0.1299274220159943
1,2018-04-21,-0.11146438829458069
1,2018-04-22,-0.09147839747619921
1,2018-04-23,-0.07114426315077607
1,2018-04-24,-0.05093525182075203
1,2018-04-25,-0.030468656325163223
1,2018-04-26,-0.00985032908556216
1,2018-04-27,0.01003457775196135
1,2018-04-28,0.028788307541179566
1,2018-04-29,0.046532989110196384
1,2018-04-30,0.06349230231864844
1,2018-05-01,0.07951674076849581
1,2018-05-02,0.09491757033922892
1,2018-05-03,0.109778883081163
1,2018-05-04,0.12398874993704063
1,2018-05-05,0.1374058516391732
1,2018-05-06,0.15009868000482385
1,2018-05-07,0.16270342192152895
1,2018-05-08,0.17578523829342585
1,2018-05-09,0.18906749079065613
1,2018-05-10,0.202482769362134
1,2018-05-11,0.2162270981743993
1,2018-05-12,0.2302649107616751
1,2018-05-13,0.24436414785114907
1,2018-05-14,0.2586453774769542
1,2018-05-15,0.27305271049242286
1,2018-05-16,0.286881502153656
1,2018-05-17,0.29944284823502854
1,2018-05-18,0.3107907351926629
1,2018-05-19,0.32130454667110386
1,2018-05-20,0.33153596959974974
1,2018-05-21,0.34143323480009147
1,2018-05-22,0.35071706656691903
1,2018-05-23,0.3593939397240423
1,2018-05-24,0.3671774318482634
1,2018-05-25,0.37400641231160364
1,2018-05-26,0.38021809549011415
1,2018-05-27,0.38608203000984387
1,2018-05-28,0.39139507679846824
1,2018-05-29,0.39617847331183875
1,2018-05-30,0.4004775061720194
1,2018-05-31,0.40427936631110045
1,2018-06-01,0.4074436694648038
1,2018-06-02,0.40996938889353496
1,2018-06-03,0.41188694508073787
1,2018-06-04,0.4132862295405443
1,2018-06-05,0.41421937696704464
1,2018-06-06,0.414678305568998
1,2018-06-07,0.4147386400767125
1,2018-06-08,0.4145264395633364
1,2018-06-09,0.41406814312867524
1,2018-06-10,0.413640807585862
1,2018-06-11,0.41325284126091866
1,2018-06-12,0.41277740718055783
1,2018-06-13,0.41226780946735264
1,2018-06-14,0.4118194156447167
1,2018-06-15,0.41147878732062443
1,2018-06-16,0.41107010302485536
1,2018-06-17,0.4105478002996529
1,2018-06-18,0.40995735284862916
1,2018-06-19,0.40925664230225217
1,2018-06-20,0.4084139618845371
1,2018-06-21,0.40743932928052673
1,2018-06-22,0.40626173488123307
1,2018-06-23,0.40465693448028656
1,2018-06-24,0.402343908882385
1,2018-06-25,0.39942142091643135
1,2018-06-26,0.3959397225476105
1,2018-06-27,0.3918616620599775
1,2018-06-28,0.38723024719674093
1,2018-06-29,0.3823849438430746
1,2018-06-30,0.3776035591761473
1,2018-07-01,0.3727250189823597
1,2018-07-02,0.36763328165751186
1,2018-07-03,0.3624318724220475
1,2018-07-04,0.3573469407157373
1,2018-07-05,0.35277679353095354
1,2018-07-06,0.34876367429196353
1,2018-07-07,0.34510872726583913
1,2018-07-08,0.3414124613098725
1,2018-07-09,0.3375478326137724
1,2018-07-10,0.333789094972471
1,2018-07-11,0.3303526687721851
1,2018-07-12,0.3273250279676727
1,2018-07-13,0.3244449525628644
1,2018-07-14,0.32160452891084845
1,2018-07-15,0.31893135702161146
1,2018-07-16,0.3165170629134137
1,2018-07-17,0.31431120998536854
1,2018-07-18,0.3120829098520277
1,2018-07-19,0.3095763964114276
1,2018-07-20,0.30682075954028887
1,2018-07-21,0.30430448636057306
1,2018-07-22,0.3025490579837484
1,2018-07-23,0.3016150763959538
1,2018-07-24,0.30097857292891833
1,2018-07-25,0.3002897269707867
1,2018-07-26,0.2994639036808801
1,2018-07-27,0.29841374795294595
1,2018-07-28,0.29699909799076607
1,2018-07-29,0.29507620600198925
1,2018-07-30,0.2926039521392492
1,2018-07-31,0.28963022397635363
1,2018-08-01,0.28636068513280344
1,2018-08-02,0.28301960341708665
1,2018-08-03,0.2795847554054823
1,2018-08-04,0.2757541890603403
1,2018-08-05,0.2711120764177316
1,2018-08-06,0.2654406262351197
1,2018-08-07,0.25900432157876324
1,2018-08-08,0.2522975562473684
1,2018-08-09,0.24569695554796617
1,2018-08-10,0.23922372353367444
1,2018-08-11,0.23292365023877828
1,2018-08-12,0.22672742341977203
1,2018-08-13,0.2206540696044221
1,2018-08-14,0.21482384829487725
1,2018-08-15,0.20916408573887915
1,2018-08-16,0.20357342845850368
1,2018-08-17,0.19802581542596998
1,2018-08-18,0.19263938998803373
1,2018-08-19,0.1875694758628518
1,2018-08-20,0.18295510164089665
1,2018-08-21,0.17871087910741934
1,2018-08-22,0.17466722011623625
1,2018-08-23,0.17060286505148478
1,2018-08-24,0.16650866133853104
1,2018-08-25,0.16236768582782207
1,2018-08-26,0.15820309618323783
1,2018-08-27,0.15422544525558846
1,2018-08-28,0.15048122858897559
1,2018-08-29,0.14696157240710533
1,2018-08-30,0.14358124367205696
1,2018-08-31,0.14009109800529146
1,2018-09-01,0.13619919141582654
1,2018-09-02,0.13171298181287508
1,2018-09-03,0.12646045844314419
1,2018-09-04,0.12043565137095644
1,2018-09-05,0.11381728571256644
1,2018-09-06,0.10673989762854373
1,2018-09-07,0.09917638294363464
1,2018-09-08,0.09135934796451306
1,2018-09-09,0.08352900595882558
1,2018-09-10,0.0756178581106017
1,2018-09-11,0.06756798142405349
1,2018-09-12,0.059408752301600004
1,2018-09-13,0.051139891096078985
1,2018-09-14,0.042735639106617845
1,2018-09-15,0.03434241435549244
1,2018-09-16,0.025884776108118034
1,2018-09-17,0.01741472919397439
1,2018-09-18,0.009160482860750345
1,2018-09-19,0.0010734836460845577
1,2018-09-20,-0.007011046276341928
1,2018-09-21,-0.015258168955470622
1,2018-09-22,-0.02381748975867456
1,2018-09-23,-0.032549925369322046
1,2018-09-24,-0.04134944263321566
1,2018-09-25,-0.05024932668415207
1,2018-09-26,-0.05937411652639742
1,2018-09-27,-0.06886007307687157
1,2018-09-28,-0.07864402380447554
1,2018-09-29,-0.0885218712488507
1,2018-09-30,-0.09818679335468469
1,2018-10-01,-0.10754469710515589
1,2018-10-02,-0.11681218673939046
1,2018-10-03,-0.1263236341843491
1,2018-10-04,-0.13616555102583128
1,2018-10-05,-0.1462548499558708
1,2018-10-06,-0.15653095943332904
1,2018-10-07,-0.16694157393611228
1,2018-10-08,-0.17744987848156876
1,2018-10-09,-0.18800020268675532
1,2018-10-10,-0.19844189286345568
1,2018-10-11,-0.20866398185656754
1,2018-10-12,-0.21866493346304797
1,2018-10-13,-0.22862972964627146
1,2018-10-14,-0.23876324417059278
1,2018-10-15,-0.24921832256154866
1,2018-10-16,-0.2599122419219643
1,2018-10-17,-0.2705357306969982
1,2018-10-18,-0.2808579961364917
1,2018-10-19,-0.2908882714076256
1,2018-10-20,-0.30049188687690026
1,2018-10-21,-0.309571947306684
1,2018-10-22,-0.3181409928262352
1,2018-10-23,-0.32614837029033833
1,2018-10-24,-0.3335522283839013
1,2018-10-25,-0.34031243556215784
1,2018-10-26,-0.346337406532603
1,2018-10-27,-0.3514592608906675
1,2018-10-28,-0.3556310264064012
1,2018-10-29,-0.3587469299896187
1,2018-10-30,-0.3607302986348228
1,2018-10-31,-0.3618591678266377
1,2018-11-01,-0.3625576695181513
1,2018-11-02,-0.36287303844666186
1,2018-11-03,-0.36284361274830623
1,2018-11-04,-0.3623858782895403
1,2018-11-05,-0.36146182472708893
1,2018-11-06,-0.36022849512392424
1,2018-11-07,-0.35888794329338214
1,2018-11-08,-0.35770234665708367
1,2018-11-09,-0.3568214653475669
1,2018-11-10,-0.3561949612505874
1,2018-11-11,-0.35554957030851236
1,2018-11-12,-0.3549568809304363
1,2018-11-13,-0.35454754294486485
1,2018-11-14,-0.35431640627646216
1,2018-11-15,-0.3541215933352616
1,2018-11-16,-0.3540562888359861
1,2018-11-17,-0.35420668206014205
1,2018-11-18,-0.35459100192203274
1,2018-11-19,-0.3553363393426365
1,2018-11-20,-0.3565691690120766
1,2018-11-21,-0.35826744232963764
1,2018-11-22,-0.3603641726718562
1,2018-11-23,-0.36270201539178676
1,2018-11-24,-0.3651652903482118
1,2018-11-25,-0.3679016032431805
1,2018-11-26,-0.37093729136177944
1,2018-11-27,-0.3740661858902116
1,2018-11-28,-0.37712120971216323
1,2018-11-29,-0.3800300419867808
1,2018-11-30,-0.3828459575127561
1,2018-12-01,-0.3856449659274439
1,2018-12-02,-0.3886045946096703
1,2018-12-03,-0.39169992918138974
1,2018-12-04,-0.39480663496523843
1,2018-12-05,-0.3978303481667706
1,2018-12-06,-0.4007540070945546
1,2018-12-07,-0.4035611414274881
1,2018-12-08,-0.4062838732849324
1,2018-12-09,-0.40886275191138954
1,2018-12-10,-0.4113222650803764
1,2018-12-11,-0.4137229250842719
1,2018-12-12,-0.4159701718488448
1,2018-12-13,-0.41801750179635777
1,2018-12-14,-0.4198458203428625
1,2018-12-15,-0.4214300475744204
1,2018-12-16,-0.42277361621764636
1,2018-12-17,-0.42386604057599203
1,2018-12-18,-0.42471299954343694
1,2018-12-19,-0.4253516455183718
1,2018-12-20,-0.4258091635544228
1,2018-12-21,-0.4261214881378254
1,2018-12-22,-0.4263274255709123
1,2018-12-23,-0.42648449446479936
1,2018-12-24,-0.4266344231057224
1,2018-12-25,-0.4267894528609556
1,2018-12-26,-0.4269787480771362
1,2018-12-27,-0.4272278397320584
1,2018-12-28,-0.4275550686790364
1,2018-12-29,-0.4279643862264117
1,2018-12-30,-0.42849963216941
1,2018-12-31,-0.42913170228785236
1,2019-01-01,-0.4298354605783483
1,2019-01-02,-0.4305838304377755
1,2019-01-03,-0.43132925729518323
1,2019-01-04,-0.43202071794019964
1,2019-01-05,-0.4326533396390843
1,2019-01-06,-0.43324971652152483
1,2019-01-07,-0.43381957662345133
1,2019-01-08,-0.43433386462586904
1,2019-01-09,-0.4347944919870467
1,2019-01-10,-0.4352350196602104
1,2019-01-11,-0.43567542371725476
1,2019-01-12,-0.4361240679563343
1,2019-01-13,-0.436546739274142
1,2019-01-14,-0.4369407654812836
1,2019-01-15,-0.43729979715820844
1,2019-01-16,-0.437639208815259
1,2019-01-17,-0.4380093740685678
1,2019-01-18,-0.4384375351874143
1,2019-01-19,-0.4388731298630669
1,2019-01-20,-0.43924311949686434
1,2019-01-21,-0.43949242472550487
1,2019-01-22,-0.4396168274437991
1,2019-01-23,-0.43960294016553675
1,2019-01-24,-0.43942365064080446
1,2019-01-25,-0.4390748642990001
1,2019-01-26,-0.43859963127828405
1,2019-01-27,-0.43803411995638886
1,2019-01-28,-0.4374117024008617
1,2019-01-29,-0.43668944337373794
1,2019-01-30,-0.435833640202758
1,2019-01-31,-0.43484554289356414
1,2019-02-01,-0.43375565223416873
1,2019-02-02,-0.4326326521304774
1,2019-02-03,-0.4315177840979658
1,2019-02-04,-0.43043894102532854
1,2019-02-05,-0.42939140889124683
1,2019-02-06,-0.42830357677959735
1,2019-02-07,-0.42716952498398125
1,2019-02-08,-0.42602470457115516
1,2019-02-09,-0.42485517540592455
1,2019-02-10,-0.4236539596174942
1,2019-02-11,-0.4224191227616168
1,2019-02-12,-0.42117408790164323
1,2019-02-13,-0.4199185749328926
1,2019-02-14,-0.4186332024906282
1,2019-02-15,-0.41728156846197756
1,2019-02-16,-0.41583286209694087
1,2019-02-17,-0.4142864209056001
1,2019-02-18,-0.4126719735842032
1,2019-02-19,-0.4110403358936833
1,2019-02-20,-0.4094240113210195
1,2019-02-21,-0.4078601268096294
1,2019-02-22,-0.4063748568725549
1,2019-02-23,-0.4049855298300161
1,2019-02-24,-0.4037415178629241
1,2019-02-25,-0.40265404536832283
1,2019-02-26,-0.4018001618686179
1,2019-02-27,-0.4012427655239542
1,2019-02-28,-0.40100017029843776
1,2019-03-01,-0.401084021363196
1,2019-03-02,-0.4014650440161592
1,2019-03-03,-0.4020563088692064
1,2019-03-04,-0.4027736244326353
1,2019-03-05,-0.4034910660456976
1,2019-03-06,-0.40412398287967544
1,2019-03-07,-0.40466426542475203
1,2019-03-08,-0.40512195725534395
1,2019-03-09,-0.4054917727372064
1,2019-03-10,-0.4056874397771785
1,2019-03-11,-0.4056640990910111
1,2019-03-12,-0.40528363796155287
1,2019-03-13,-0.4044329868071635
1,2019-03-14,-0.40305760441065414
1,2019-03-15,-0.401127685384628
1,2019-03-16,-0.3987114571727783
1,2019-03-17,-0.39585751052259066
1,2019-03-18,-0.3926349102620438
1,2019-03-19,-0.38909607040541344
1,2019-03-20,-0.38529672372525886
1,2019-03-21,-0.38124049921140585
1,2019-03-22,-0.3769871173455245
1,2019-03-23,-0.3726506375861427
1,2019-03-24,-0.36837819329362015
1,2019-03-25,-0.363951573724877
1,2019-03-26,-0.35916513713132237
1,2019-03-27,-0.35414763571673186
1,2019-03-28,-0.3488770657063299
1,2019-03-29,-0.34305458708303727
1,2019-03-30,-0.3363894586899998
1,2019-03-31,-0.328918725806409
1,2019-04-01,-0.3206010067683083
1,2019-04-02,-0.3113763564876907
1,2019-04-03,-0.3013315797145287
1,2019-04-04,-0.2909152716415672
1,2019-04-05,-0.28031740145726
1,2019-04-06,-0.26926205793489005
1,2019-04-07,-0.25723711633629687
1,2019-04-08,-0.2443825462531531
1,2019-04-09,-0.23103096898747538
1,2019-04-10,-0.21731456271399446
1,2019-04-11,-0.20344288461740054
1,2019-04-12,-0.1900834737206343
1,2019-04-13,-0.17747410773561756
1,2019-04-14,-0.1654006822969579
1,2019-04-15,-0.15375401216634485
1,2019-04-16,-0.14195811559736055
1,2019-04-17,-0.12982342909250943
1,2019-04-18,-0.11726427013914366
1,2019-04-19,-0.1043533076298231
1,2019-04-20,-0.09119699565481726
1,2019-04-21,-0.07788224800479872
1,2019-04-22,-0.0640184827727474
1,2019-04-23,-0.049536325762034976
1,2019-04-24,-0.03481320378719487
1,2019-04-25,-0.020079446203007254
1,2019-04-26,-0.004621670855006353
1,2019-04-27,0.012584798644877347
1,2019-04-28,0.03146490533458723
1,2019-04-29,0.05144704781728344
1,2019-04-30,0.07099566478777337
1,2019-05-01,0.08874999568895409
1,2019-05-02,0.10479898724534253
1,2019-05-03,0.11985303210255788
1,2019-05-04,0.13424899003475613
1,2019-05-05,0.14826766063515062
1,2019-05-06,0.16194012575067668
1,2019-05-07,0.17537199394773081
1,2019-05-08,0.18876449187183028
1,2019-05-09,0.20206453538752353
1,2019-05-10,0.2146052907860383
1,2019-05-11,0.2251692179022048
1,2019-05-12,0.2335876491771625
1,2019-05-13,0.2407406120295572
1,2019-05-14,0.24768941566445182
1,2019-05-15,0.2554350634170915
1,2019-05-16,0.26420312051975764
1,2019-05-17,0.27367509744144464
1,2019-05-18,0.283510196542213
1,2019-05-19,0.29323788804083534
1,2019-05-20,0.30230227743774907
1,2019-05-21,0.3104977026481126
1,2019-05-22,0.31813787421169454
1,2019-05-23,0.3255380132455763
1,2019-05-24,0.3329323004129385
1,2019-05-25,0.3405863492809573
1,2019-05-26,0.3484237126451289
1,2019-05-27,0.35587061183892005
1,2019-05-28,0.3626111835831998
1,2019-05-29,0.36885782918073545
1,2019-05-30,0.37478189325273403
1,2019-05-31,0.3804563966588757
1,2019-06-01,0.3858749729037577
1,2019-06-02,0.3909596132784399
1,2019-06-03,0.39565369967708125
1,2019-06-04,0.3998421481268763
1,2019-06-05,0.403393903994297
1,2019-06-06,0.4062781411409916
1,2019-06-07,0.408502620219576
1,2019-06-08,0.4101616301941577
1,2019-06-09,0.4114381829492667
1,2019-06-10,0.412366304137105
1,2019-06-11,0.41291199779669624
1,2019-06-12,0.41307294264653716
1,2019-06-13,0.41284743050575223
1,2019-06-14,0.41222899022851545
1,2019-06-15,0.411344658621829
1,2019-06-16,0.41031568049215505
1,2019-06-17,0.4092722563261314
1,2019-06-18,0.40827087044085175
1,2019-06-19,0.40732112674275534
1,2019-06-20,0.4063528461256649
1,2019-06-21,0.40524461692262936
1,2019-06-22,0.4040327411224571
1,2019-06-23,0.4027954895181783
1,2019-06-24,0.40155328874550156
1,2019-06-25,0.40026421448018507
1,2019-06-26,0.39878785783056825
1,2019-06-27,0.3969948812460001
1,2019-06-28,0.394759487052385
1,2019-06-29,0.3920357366555876
1,2019-06-30,0.3889483276920765
1,2019-07-01,0.38581735543767876
1,2019-07-02,0.3828197382399589
1,2019-07-03,0.37992628391705857
1,2019-07-04,0.3770362308195882
1,2019-07-05,0.37420311447088933
1,2019-07-06,0.3714612995496932
1,2019-07-07,0.3689608663528104
1,2019-07-08,0.36696025418422956
1,2019-07-09,0.36556033353353107
1,2019-07-10,0.36455739957193867
1,2019-07-11,0.3635970476192709
1,2019-07-12,0.36229992472281664
1,2019-07-13,0.3604869539270436
1,2019-07-14,0.35824047311845864
1,2019-07-15,0.35562452883975987
1,2019-07-16,0.35284952410138226
1,2019-07-17,0.3498898250359153
1,2019-07-18,0.3467007432884704
1,2019-07-19,0.3434321695062229
1,2019-07-20,0.34024831446489123
1,2019-07-21,0.3368300209457008
1,2019-07-22,0.3328005726727551
1,2019-07-23,0.32804248932576296
1,2019-07-24,0.32289728213585617
1,2019-07-25,0.3176562565717969
1,2019-07-26,0.3127092646689951
1,2019-07-27,0.3082961926492902
1,2019-07-28,0.3043836687018923
1,2019-07-29,0.3008823220404354
1,2019-07-30,0.297576159394306
1,2019-07-31,0.29436242969523846
1,2019-08-01,0.2911202498413862
1,2019-08-02,0.2877455203098455
1,2019-08-03,0.2842760890334448
1,2019-08-04,0.28105774916319054
1,2019-08-05,0.27823220575918584
1,2019-08-06,0.27580727444791525
1,2019-08-07,0.2732964356482987
1,2019-08-08,0.270365327406922
1,2019-08-09,0.26676767612614766
1,2019-08-10,0.26240434755454534
1,2019-08-11,0.25749558431878533
1,2019-08-12,0.25237519269563913
1,2019-08-13,0.24738878745091022
1,2019-08-14,0.24245655421051876
1,2019-08-15,0.23748482201170718
1,2019-08-16,0.23247004672982713
1,2019-08-17,0.22721687164871618
1,2019-08-18,0.2214734920689703
1,2019-08-19,0.21543534896437755
1,2019-08-20,0.20933465556414482
1,2019-08-21,0.2034938806743389
1,2019-08-22,0.19813504636817644
1,2019-08-23,0.19333767456557333
1,2019-08-24,0.1889667439888139
1,2019-08-25,0.18483749391410742
1,2019-08-26,0.18064399490788213
1,2019-08-27,0.17621467754263875
1,2019-08-28,0.17146596828901298
1,2019-08-29,0.1663697144231426
1,2019-08-30,0.16078567547078704
1,2019-08-31,0.15480930621444575
1,2019-09-01,0.14868246627493648
1,2019-09-02,0.14242257474971326
1,2019-09-03,0.13595659742702793
1,2019-09-04,0.12931104210486552
1,2019-09-05,0.1225053532113848
1,2019-09-06,0.11549410050923702
1,2019-09-07,0.10821597932636944
1,2019-09-08,0.10060516459490888
1,2019-09-09,0.09269454320226528
1,2019-09-10,0.08455883515587953
1,2019-09-11,0.07627957662719113
1,2019-09-12,0.06787006086000243
1,2019-09-13,0.059478050286338874
1,2019-09-14,0.050990081079923096
1,2019-09-15,0.042418294440756205
1,2019-09-16,0.03375581512442502
1,2019-09-17,0.024890225988105717
1,2019-09-18,0.01577416772574708
1,2019-09-19,0.006350834435047264
1,2019-09-20,-0.0034066694548392598
1,2019-09-21,-0.013445925204852572
1,2019-09-22,-0.02376176257662108
1,2019-09-23,-0.03440299579734159
1,2019-09-24,-0.04530117042055545
1,2019-09-25,-0.05637323960493076
1,2019-09-26,-0.06757071604838569
1,2019-09-27,-0.07895795952200109
1,2019-09-28,-0.09056686650139338
1,2019-09-29,-0.10242492262112816
1,2019-09-30,-0.11461975039059105
1,2019-10-01,-0.1269817398669841
1,2019-10-02,-0.13921302321920367
1,2019-10-03,-0.15113229389743651
1,2019-10-04,-0.16265056152542523
1,2019-10-05,-0.17375174612539765
1,2019-10-06,-0.1846309847815808
1,2019-10-07,-0.19551830157432926
1,2019-10-08,-0.20656625550162194
1,2019-10-09,-0.21766468521859317
1,2019-10-10,-0.22862172837985983
1,2019-10-11,-0.23939210602319844
1,2019-10-12,-0.24987353994012093
1,2019-10-13,-0.2599288113215586
1,2019-10-14,-0.2695076380527452
1,2019-10-15,-0.27875839223674925
1,2019-10-16,-0.2878487463288038
1,2019-10-17,-0.29681784610677325
1,2019-10-18,-0.30557558978231225
1,2019-10-19,-0.3140204485451216
1,2019-10-20,-0.3220667878706461
1,2019-10-21,-0.32961207166826134
1,2019-10-22,-0.3365106897887876
1,2019-10-23,-0.3427042660001119
1,2019-10-24,-0.3481842501140346
1,2019-10-25,-0.35294569044123014
1,2019-10-26,-0.3572568840234852
1,2019-10-27,-0.361327930744209
1,2019-10-28,-0.3651426056313006
1,2019-10-29,-0.3686679740443826
1,2019-10-30,-0.3717077962563006
1,2019-10-31,-0.3742309655913206
1,2019-11-01,-0.3762701597622511
1,2019-11-02,-0.37783784853581187
1,2019-11-03,-0.3789660714245197
1,2019-11-04,-0.3798084414016398
1,2019-11-05,-0.3805869704982276
1,2019-11-06,-0.3813561102370716
1,2019-11-07,-0.38222945559569593
1,2019-11-08,-0.38330070483815354
1,2019-11-09,-0.3844142182476911
1,2019-11-10,-0.38537888879247817
1,2019-11-11,-0.38634371909340326
1,2019-11-12,-0.3873504432447396
1,2019-11-13,-0.3882536082445105
1,2019-11-14,-0.38895836285032737
1,2019-11-15,-0.38945140634591957
1,2019-11-16,-0.38970948225565516
1,2019-11-17,-0.3898922623033451
1,2019-11-18,-0.3901375156453492
1,2019-11-19,-0.3904313902838753
1,2019-11-20,-0.3907148570100656
1,2019-11-21,-0.3908535809350611
1,2019-11-22,-0.3908280949654733
1,2019-11-23,-0.39082831109908
1,2019-11-24,-0.39086631094671215
1,2019-11-25,-0.3908829266423027
1,2019-11-26,-0.39085007804470434
1,2019-11-27,-0.3909379015637876
1,2019-11-28,-0.39133138127487
1,2019-11-29,-0.39213585763058784
1,2019-11-30,-0.3933647737956098
1,2019-12-01,-0.3949267353077464
1,2019-12-02,-0.39666779801978963
1,2019-12-03,-0.3984723220084836
1,2019-12-04,-0.40039349354853365
1,2019-12-05,-0.4024252223401872
1,2019-12-06,-0.40455290791641974
1,2019-12-07,-0.4067298426320001
1,2019-12-08,-0.4089816506606715
1,2019-12-09,-0.41126515008605585
1,2019-12-10,-0.413472168821238
1,2019-12-11,-0.41554489744756473
1,2019-12-12,-0.41745204474564607
1,2019-12-13,-0.41915606189867505
1,2019-12-14,-0.4206648758398027
1,2019-12-15,-0.4219799218959021
1,2019-12-16,-0.423126112356032
1,2019-12-17,-0.4241299043169874
1,2019-12-18,-0.4250155971043056
1,2019-12-19,-0.42580222311150395
1,2019-12-20,-0.42650715128904665
1,2019-12-21,-0.4271398746907843
1,2019-12-22,-0.4277038314419249
1,2019-12-23,-0.42819306941830926
1,2019-12-24,-0.4286443259360337
1,2019-12-25,-0.42907821381065314
1,2019-12-26,-0.42951694218425984
1,2019-12-27,-0.4299646582360798
1,2019-12-28,-0.4304114905223526
1,2019-12-29,-0.4308474702524122
1,2019-12-30,-0.4312534872895108
1,2019-12-31,-0.4316349342527286
1,2020-01-01,-0.4320047192883844
1,2020-01-02,-0.4323769137120008
1,2020-01-03,-0.4327602568619879
1,2020-01-04,-0.433176459476212
1,2020-01-05,-0.4335897189371109
1,2020-01-06,-0.4340102640303773
1,2020-01-07,-0.43439827651155194
1,2020-01-08,-0.4347469121128002
1,2020-01-09,-0.43506099310615254
1,2020-01-10,-0.4353945602880341
1,2020-01-11,-0.4357959495027055
1,2020-01-12,-0.43623087976040964
1,2020-01-13,-0.4366641749536013
1,2020-01-14,-0.43708106207164743
1,2020-01-15,-0.4374673870680292
1,2020-01-16,-0.43780783947938157
1,2020-01-17,-0.43806315928188094
1,2020-01-18,-0.43818501552230055
1,2020-01-19,-0.4382187382418205
1,2020-01-20,-0.43813880680969575
1,2020-01-21,-0.4379116717476263
1,2020-01-22,-0.4375262257437941
1,2020-01-23,-0.4370328636859382
1,2020-01-24,-0.43647060307311036
1,2020-01-25,-0.43585327506108607
1,2020-01-26,-0.4352051541665773
1,2020-01-27,-0.4345335137295302
1,2020-01-28,-0.43386083730432756
1,2020-01-29,-0.4331576220761341
1,2020-01-30,-0.43241436868686906
1,2020-01-31,-0.43166413453648933
1,2020-02-01,-0.43094452867958694
1,2020-02-02,-0.4302706513614199
1,2020-02-03,-0.4296206943267097
1,2020-02-04,-0.42894487240121515
1,2020-02-05,-0.4281782371257089
1,2020-02-06,-0.42731977392424786
1,2020-02-07,-0.4263849493664559
1,2020-02-08,-0.42536197845511975
1,2020-02-09,-0.4242468758615255
1,2020-02-10,-0.42306020952221657
1,2020-02-11,-0.42179655057985577
1,2020-02-12,-0.4204717818152014
1,2020-02-13,-0.4190781296666748
1,2020-02-14,-0.4176007967726169
1,2020-02-15,-0.41605603586351003
1,2020-02-16,-0.41447657866898924
1,2020-02-17,-0.4129102573607626
1,2020-02-18,-0.41137462407772635
1,2020-02-19,-0.40984939088867806
1,2020-02-20,-0.4083339591774914
1,2020-02-21,-0.4068579682910169
1,2020-02-22,-0.4054488184875515
1,2020-02-23,-0.4040987032497569
1,2020-02-24,-0.40280651198183864
1,2020-02-25,-0.401609638534748
1,2020-02-26,-0.40053155162341625
1,2020-02-27,-0.39956797118485127
1,2020-02-28,-0.3986714988278498
1,2020-02-29,-0.3977806527630243
1,2020-03-01,-0.3968967461721562
1,2020-03-02,-0.39610272594972407
1,2020-03-03,-0.39544147350205583
1,2020-03-04,-0.39493473863809025
1,2020-03-05,-0.3944353422926022
1,2020-03-06,-0.3938240993325286
1,2020-03-07,-0.3931605304807979
1,2020-03-08,-0.39259433144982997
1,2020-03-09,-0.39216846898938074
1,2020-03-10,-0.39178573041795955
1,2020-03-11,-0.39137530825412553
1,2020-03-12,-0.39088023908482183
1,2020-03-13,-0.39017408188646496
1,2020-03-14,-0.3891794485273414
1,2020-03-15,-0.388005816312456
1,2020-03-16,-0.386553180056258
1,2020-03-17,-0.384628636262358
1,2020-03-18,-0.38194840237241673
1,2020-03-19,-0.3785855758640198
1,2020-03-20,-0.37477253553216894
1,2020-03-21,-0.3706745945002
1,2020-03-22,-0.3663011634420842
1,2020-03-23,-0.3614518882681841
1,2020-03-24,-0.3561333576921091
1,2020-03-25,-0.35014317419877256
1,2020-03-26,-0.3433551370268733
1,2020-03-27,-0.33586084800749244
1,2020-03-28,-0.32778947389891394
1,2020-03-29,-0.3191543765327186
1,2020-03-30,-0.31029386426077027
1,2020-03-31,-0.3014413637969492
1,2020-04-01,-0.29276360826767617
1,2020-04-02,-0.2841528494020011
1,2020-04-03,-0.2755211288852094
1,2020-04-04,-0.2667145720898607
1,2020-04-05,-0.25796954226906266
1,2020-04-06,-0.24931130949455763
1,2020-04-07,-0.24004047607804782
1,2020-04-08,-0.23015761716970534
1,2020-04-09,-0.2201101272536939
1,2020-04-10,-0.2103994810312943
1,2020-04-11,-0.20124740906754568
1,2020-04-12,-0.1920037907133598
1,2020-04-13,-0.18232400159772488
1,2020-04-14,-0.1726050061213728
1,2020-04-15,-0.16262210073415156
1,2020-04-16,-0.15179764674044746
1,2020-04-17,-0.13960405899032563
1,2020-04-18,-0.1257800592470372
1,2020-04-19,-0.11002298355925916
1,2020-04-20,-0.09256180125452257
1,2020-04-21,-0.07427999577154676
1,2020-04-22,-0.05580360218774841
1,2020-04-23,-0.037198689113324405
1,2020-04-24,-0.018069252457889366
1,2020-04-25,0.002050423937259489
1,2020-04-26,0.02281819796779938
1,2020-04-27,0.044200438093248175
1,2020-04-28,0.06625994807518895
1,2020-04-29,0.0880238797570098
1,2020-04-30,0.1082825510656942
1,2020-05-01,0.12663235933121933
1,2020-05-02,0.14337761870928872
1,2020-05-03,0.1589912554299554
1,2020-05-04,0.17352784588415954
1,2020-05-05,0.18709107233939906
1,2020-05-06,0.19962263566688435
1,2020-05-07,0.21112083618431696
1,2020-05-08,0.2212133992451533
1,2020-05-09,0.22979704504167636
1,2020-05-10,0.2377242359289205
1,2020-05-11,0.24551144747570236
1,2020-05-12,0.25334118774000247
1,2020-05-13,0.2614295276322419
1,2020-05-14,0.26996137891970334
1,2020-05-15,0.2789909914982057
1,2020-05-16,0.28833768092941275
1,2020-05-17,0.2978013389445121
1,2020-05-18,0.3073749861736456
1,2020-05-19,0.31691136100641354
1,2020-05-20,0.32631327940126426
1,2020-05-21,0.33555307984583016
1,2020-05-22,0.34477176924797526
1,2020-05-23,0.3540271422565781
1,2020-05-24,0.3628085611891572
1,2020-05-25,0.3708339763001909
1,2020-05-26,0.3782049583790034
1,2020-05-27,0.38499953932348235
1,2020-05-28,0.3912105034984977
1,2020-05-29,0.39658900087482996
1,2020-05-30,0.40104931490321033
1,2020-05-31,0.4046916049659716
1,2020-06-01,0.4076761595027854
1,2020-06-02,0.41001968166321856
1,2020-06-03,0.4119147247936909
1,2020-06-04,0.41347141355162115
1,2020-06-05,0.4147725361016421
1,2020-06-06,0.4158564410087321
1,2020-06-07,0.4165760521067063
1,2020-06-08,0.41700688312828743
1,2020-06-09,0.4172557944010451
1,2020-06-10,0.41738065508497396
1,2020-06-11,0.4173976163700523
1,2020-06-12,0.4173886099549198
1,2020-06-13,0.41732744611195466
1,2020-06-14,0.4169437927060816
1,2020-06-15,0.4160258772898933
1,2020-06-16,0.41466635315423284
1,2020-06-17,0.41291976422480603
1,2020-06-18,0.4108829078889315
1,2020-06-19,0.40874300360719196
1,2020-06-20,0.40674152890229753
1,2020-06-21,0.40496667051695623
1,2020-06-22,0.4032486141626187
1,2020-06-23,0.4016411872132684
1,2020-06-24,0.4002252423235686
1,2020-06-25,0.39887381799294425
1,2020-06-26,0.3974258466019672
1,2020-06-27,0.39578245442770627
1,2020-06-28,0.3941311862427223
1,2020-06-29,0.39257796844648235
1,2020-06-30,0.391068154583538
1,2020-07-01,0.38945032748242475
1,2020-07-02,0.3876929509276178
1,2020-07-03,0.38576447423498184
1,2020-07-04,0.38355831651955546
1,2020-07-05,0.3810347032831311
1,2020-07-06,0.3783032862342299
1,2020-07-07,0.37525767127862675
1,2020-07-08,0.37185269367368706
1,2020-07-09,0.36827940650191576
1,2020-07-10,0.3646866843251137
1,2020-07-11,0.3611698949928725
1,2020-07-12,0.35773382850894847
1,2020-07-13,0.35440524780133253
1,2020-07-14,0.3512857322808549
1,2020-07-15,0.34836547849019484
1,2020-07-16,0.3456173261256671
1,2020-07-17,0.3431048179080342
1,2020-07-18,0.3409879113693216
1,2020-07-19,0.3392979646517484
1,2020-07-20,0.33783875786199496
1,2020-07-21,0.3365324646300667
1,2020-07-22,0.3354421439104242
1,2020-07-23,0.33440659677351103
1,2020-07-24,0.3332857115349469
1,2020-07-25,0.3320859053497289
1,2020-07-26,0.33074259655201266
1,2020-07-27,0.32907438310317494
1,2020-07-28,0.32699081919771145
1,2020-07-29,0.3244587751940889
1,2020-07-30,0.321544532332306
1,2020-07-31,0.31814356324440496
1,2020-08-01,0.31418747982957484
1,2020-08-02,0.30983549883869965
1,2020-08-03,0.3052491225230826
1,2020-08-04,0.30038584055026285
1,2020-08-05,0.2952239541796853
1,2020-08-06,0.2899088058496074
1,2020-08-07,0.28459071411461523
1,2020-08-08,0.2793527950397376
1,2020-08-09,0.274214565726534
1,2020-08-10,0.2692768411535166
1,2020-08-11,0.2645289660978307
1,2020-08-12,0.2598775789713099
1,2020-08-13,0.25522357937748674
1,2020-08-14,0.2504024475382217
1,2020-08-15,0.24534401075876464
1,2020-08-16,0.2402361432961159
1,2020-08-17,0.23518571231388244
1,2020-08-18,0.23017719008640145
1,2020-08-19,0.2252172551812253
1,2020-08-20,0.22017200665919773
1,2020-08-21,0.21506790450005922
1,2020-08-22,0.2100061530635863
1,2020-08-23,0.20504101571614386
1,2020-08-24,0.20005525185409032
1,2020-08-25,0.19492714988460605
1,2020-08-26,0.18959561752156756
1,2020-08-27,0.18405692533470946
1,2020-08-28,0.17822358004077082
1,2020-08-29,0.17226190611817374
1,2020-08-30,0.16633324417469722
1,2020-08-31,0.160459491069942
1,2020-09-01,0.15441070245630578
1,2020-09-02,0.14800527542120911
1,2020-09-03,0.141400168640277
1,2020-09-04,0.134675754622005
1,2020-09-05,0.12793550583138905
1,2020-09-06,0.1214205307110779
1,2020-09-07,0.11501845482842118
1,2020-09-08,0.10843624142195554
1,2020-09-09,0.10143749372937372
1,2020-09-10,0.09404480826589691
1,2020-09-11,0.08633363302230437
1,2020-09-12,0.07824895027930219
1,2020-09-13,0.06950285439278643
1,2020-09-14,0.0601789383511013
1,2020-09-15,0.050579156431531304
1,2020-09-16,0.04087478136983316
1,2020-09-17,0.03102163816594576
1,2020-09-18,0.021015776639468863
1,2020-09-19,0.01092231419240729
1,2020-09-20,6.361895955676478e-4
1,2020-09-21,-0.009977557254029708
1,2020-09-22,-0.02096993477442074
1,2020-09-23,-0.032319249293434237
1,2020-09-24,-0.043932723047461056
1,2020-09-25,-0.05571529244822077
1,2020-09-26,-0.06746939355569162
1,2020-09-27,-0.07909501674876225
1,2020-09-28,-0.09072199880761539
1,2020-09-29,-0.10230848662438563
1,2020-09-30,-0.11375278331894892
1,2020-10-01,-0.12500388903027007
1,2020-10-02,-0.13610409722700215
1,2020-10-03,-0.14716698915759122
1,2020-10-04,-0.158272677645513
1,2020-10-05,-0.16938929654293636
1,2020-10-06,-0.18056794526109815
1,2020-10-07,-0.19168991156613457
1,2020-10-08,-0.20264565649984959
1,2020-10-09,-0.21337090701974773
1,2020-10-10,-0.22387015306130761
1,2020-10-11,-0.2341879451526468
1,2020-10-12,-0.24431973719423938
1,2020-10-13,-0.2543806582611899
1,2020-10-14,-0.26448017067086654
1,2020-10-15,-0.2744085831500458
1,2020-10-16,-0.28398954894890743
1,2020-10-17,-0.29313735273776353
1,2020-10-18,-0.3018196940132222
1,2020-10-19,-0.31000056016425787
1,2020-10-20,-0.31763671418806316
1,2020-10-21,-0.3247707756945283
1,2020-10-22,-0.331405378033205
1,2020-10-23,-0.3375064310430653
1,2020-10-24,-0.343180396227225
1,2020-10-25,-0.3485380454363202
1,2020-10-26,-0.35344897173710593
1,2020-10-27,-0.3576684198311829
1,2020-10-28,-0.3610526092371314
1,2020-10-29,-0.3638254285768524
1,2020-10-30,-0.3661522129237903
1,2020-10-31,-0.36802545642391865
1,2020-11-01,-0.3693974960821282
1,2020-11-02,-0.37031160652051476
1,2020-11-03,-0.3708236728424401
1,2020-11-04,-0.3710001464328907
1,2020-11-05,-0.3709395177101962
1,2020-11-06,-0.3706680856043284
1,2020-11-07,-0.3701109989954418
1,2020-11-08,-0.36944580555474327
1,2020-11-09,-0.36889767634389914
1,2020-11-10,-0.3685321717094777
1,2020-11-11,-0.36830756334960535
1,2020-11-12,-0.36794869119203166
1,2020-11-13,-0.36743280742254236
1,2020-11-14,-0.3668700392647985
1,2020-11-15,-0.36651187340097413
1,2020-11-16,-0.36642764399383787
1,2020-11-17,-0.36661389068710265
1,2020-11-18,-0.36703811203199704
1,2020-11-19,-0.3676549795411168
1,2020-11-20,-0.3684145175535723
1,2020-11-21,-0.36949472557252083
1,2020-11-22,-0.3711348052980823
1,2020-11-23,-0.37326033401815
1,2020-11-24,-0.3757147174121287
1,2020-11-25,-0.3782665087579385
1,2020-11-26,-0.38090602923402667
1,2020-11-27,-0.3835757540684681
1,2020-11-28,-0.38640211916013656
1,2020-11-29,-0.3894967606568769
1,2020-11-30,-0.39269057400898355
1,2020-12-01,-0.3957456623217611
1,2020-12-02,-0.3984485223758462
1,2020-12-03,-0.4008114875966857
1,2020-12-04,-0.40292210286907054
1,2020-12-05,-0.4048169270973554
1,2020-12-06,-0.40644824997323603
1,2020-12-07,-0.4079434500528438
1,2020-12-08,-0.40943290548271855
1,2020-12-09,-0.41098273979668687
1,2020-12-10,-0.4125761437727501
1,2020-12-11,-0.4142150792942162
1,2020-12-12,-0.41583432115639524
1,2020-12-13,-0.4173323864810586
1,2020-12-14,-0.4186531963242282
1,2020-12-15,-0.4198337238570057
1,2020-12-16,-0.4209275411297496
1,2020-12-17,-0.421999711755185
1,2020-12-18,-0.4230820602045833
1,2020-12-19,-0.42415667157167236
1,2020-12-20,-0.425160523751651
1,2020-12-21,-0.4260286324372791
1,2020-12-22,-0.42676595359894637
1,2020-12-23,-0.42737807966129615
1,2020-12-24,-0.4278924577044961
1,2020-12-25,-0.4283472395606766
1,2020-12-26,-0.42876253052749747
1,2020-12-27,-0.429140930445809
1,2020-12-28,-0.42950126545902867
1,2020-12-29,-0.429863619391719
1,2020-12-30,-0.43027798708946186
1,2020-12-31,-0.43019833238160715
1,2021-01-01,-0.43074528355417246
1,2021-01-02,-0.4313673417256956
1,2021-01-03,-0.4320755605986557
1,2021-01-04,-0.4328578256792717
1,2021-01-05,-0.4337259194601578
1,2021-01-06,-0.43465329936655184
1,2021-01-07,-0.4356030564713031
1,2021-01-08,-0.43653309266120593
1,2021-01-09,-0.4373989710351003
1,2021-01-10,-0.438203557427655
1,2021-01-11,-0.4389261689562658
1,2021-01-12,-0.4395164178514902
1,2021-01-13,-0.43995574029464274
1,2021-01-14,-0.44023958144154796
1,2021-01-15,NA
1,2021-01-16,NA
1,2021-01-17,NA
1,2021-01-18,NA
1,2021-01-19,NA
1,2021-01-20,NA
1,2021-01-21,NA
1,2021-01-22,NA
1,2021-01-23,NA
1,2021-01-24,NA
1,2021-01-25,NA
1,2021-01-26,NA
1,2021-01-27,NA
1,2021-01-28,NA
1,2021-01-29,NA
1,2021-01-30,NA
1,2021-01-31,NA
1,2021-02-01,NA
1,2021-02-02,NA
1,2021-02-03,NA
1,2021-02-04,NA
1,2021-02-05,NA
1,2021-02-06,NA
1,2021-02-07,NA
1,2021-02-08,NA
1,2021-02-09,NA
1,2021-02-10,NA
1,2021-02-11,NA
1,2021-02-12,NA
1,2021-02-13,NA
1,2021-02-14,NA
1,2021-02-15,NA
1,2021-02-16,NA
1,2021-02-17,NA
1,2021-02-18,NA
1,2021-02-19,NA
1,2021-02-20,NA
1,2021-02-21,NA
1,2021-02-22,NA
1,2021-02-23,NA
1,2021-02-24,NA
1,2021-02-25,NA
1,2021-02-26,NA
1,2021-02-27,NA
1,2021-02-28,NA
1,2021-03-01,NA
1,2021-03-02,NA
1,2021-03-03,NA
1,2021-03-04,NA
1,2021-03-05,NA
1,2021-03-06,NA
1,2021-03-07,NA
1,2021-03-08,NA
1,2021-03-09,NA
1,2021-03-10,NA
1,2021-03-11,NA
1,2021-03-12,NA
1,2021-03-13,NA
1,2021-03-14,NA
1,2021-03-15,NA
1,2021-03-16,NA
1,2021-03-17,NA
1,2021-03-18,NA
1,2021-03-19,NA
1,2021-03-20,NA
1,2021-03-21,NA
1,2021-03-22,NA
1,2021-03-23,NA
1,2021-03-24,NA
1,2021-03-25,NA
1,2021-03-26,NA
1,2021-03-27,NA
1,2021-03-28,NA
1,2021-03-29,NA
1,2021-03-30,NA
1,2021-03-31,NA
1,2021-04-01,NA
1,2021-04-02,NA
1,2021-04-03,NA
1,2021-04-04,NA
1,2021-04-05,NA
1,2021-04-06,NA
1,2021-04-07,NA
1,2021-04-08,NA
1,2021-04-09,NA
1,2021-04-10,NA
1,2021-04-11,NA
1,2021-04-12,NA
1,2021-04-13,NA
1,2021-04-14,NA
1,2021-04-15,NA
1,2021-04-16,NA
1,2021-04-17,NA
1,2021-04-18,NA
1,2021-04-19,NA
1,2021-04-20,NA
1,2021-04-21,NA
1,2021-04-22,NA
1,2021-04-23,NA
1,2021-04-24,NA
1,2021-04-25,NA
1,2021-04-26,NA
1,2021-04-27,NA
1,2021-04-28,NA
1,2021-04-29,NA
1,2021-04-30,NA
1,2021-05-01,NA
1,2021-05-02,NA
1,2021-05-03,NA
1,2021-05-04,NA
1,2021-05-05,NA
1,2021-05-06,NA
1,2021-05-07,NA
1,2021-05-08,NA
1,2021-05-09,NA
1,2021-05-10,NA
1,2021-05-11,NA
1,2021-05-12,NA
1,2021-05-13,NA
1,2021-05-14,NA
1,2021-05-15,NA
1,2021-05-16,NA
1,2021-05-17,NA
1,2021-05-18,NA
1,2021-05-19,NA
1,2021-05-20,NA
1,2021-05-21,NA
1,2021-05-22,NA
1,2021-05-23,NA
1,2021-05-24,NA
1,2021-05-25,NA
1,2021-05-26,NA
1,2021-05-27,NA
1,2021-05-28,NA
1,2021-05-29,NA
1,2021-05-30,NA
1,2021-05-31,NA
1,2021-06-01,NA
1,2021-06-02,NA
1,2021-06-03,NA
1,2021-06-04,NA
1,2021-06-05,NA
1,2021-06-06,NA
1,2021-06-07,NA
1,2021-06-08,NA
1,2021-06-09,NA
1,2021-06-10,NA
1,2021-06-11,NA
1,2021-06-12,NA
1,2021-06-13,NA
1,2021-06-14,NA
1,2021-06-15,NA
1,2021-06-16,NA
1,2021-06-17,NA
1,2021-06-18,NA
1,2021-06-19,NA
1,2021-06-20,NA
1,2021-06-21,NA
1,2021-06-22,NA
1,2021-06-23,NA
1,2021-06-24,NA
1,2021-06-25,NA
1,2021-06-26,NA
1,2021-06-27,NA
1,2021-06-28,NA
1,2021-06-29,NA
1,2021-06-30,NA
1,2021-07-01,NA
1,2021-07-02,NA
1,2021-07-03,NA
1,2021-07-04,NA
1,2021-07-05,NA
1,2021-07-06,NA
1,2021-07-07,NA
1,2021-07-08,NA
1,2021-07-09,NA
1,2021-07-10,NA
1,2021-07-11,NA
1,2021-07-12,NA
1,2021-07-13,NA
1,2021-07-14,NA
1,2021-07-15,NA
1,2021-07-16,NA
1,2021-07-17,NA
1,2021-07-18,NA
1,2021-07-19,NA
1,2021-07-20,NA
1,2021-07-21,NA
1,2021-07-22,NA
1,2021-07-23,NA
1,2021-07-24,NA
1,2021-07-25,NA
1,2021-07-26,NA
1,2021-07-27,NA
1,2021-07-28,NA
1,2021-07-29,NA
1,2021-07-30,NA
1,2021-07-31,NA
1,2021-08-01,NA
1,2021-08-02,NA
1,2021-08-03,NA
1,2021-08-04,NA
1,2021-08-05,NA
1,2021-08-06,NA
1,2021-08-07,NA
1,2021-08-08,NA
1,2021-08-09,NA
1,2021-08-10,NA
1,2021-08-11,NA
1,2021-08-12,NA
1,2021-08-13,NA
1,2021-08-14,NA
1,2021-08-15,NA
1,2021-08-16,NA
1,2021-08-17,NA
1,2021-08-18,NA
1,2021-08-19,NA
1,2021-08-20,NA
1,2021-08-21,NA
1,2021-08-22,NA
1,2021-08-23,NA
1,2021-08-24,NA
1,2021-08-25,NA
1,2021-08-26,NA
1,2021-08-27,NA
1,2021-08-28,NA
1,2021-08-29,NA
1,2021-08-30,NA
1,2021-08-31,NA
1,2021-09-01,NA
1,2021-09-02,NA
1,2021-09-03,NA
1,2021-09-04,NA
1,2021-09-05,NA
1,2021-09-06,NA
1,2021-09-07,NA
1,2021-09-08,NA
1,2021-09-09,NA
1,2021-09-10,NA
1,2021-09-11,NA
1,2021-09-12,NA
1,2021-09-13,NA
1,2021-09-14,NA
1,2021-09-15,NA
1,2021-09-16,NA
1,2021-09-17,NA
1,2021-09-18,NA
1,2021-09-19,NA
1,2021-09-20,NA
1,2021-09-21,NA
1,2021-09-22,NA
1,2021-09-23,NA
1,2021-09-24,NA
1,2021-09-25,NA
1,2021-09-26,NA
1,2021-09-27,NA
1,2021-09-28,NA
1,2021-09-29,NA
1,2021-09-30,NA
1,2021-10-01,NA
1,2021-10-02,NA
1,2021-10-03,NA
1,2021-10-04,NA
1,2021-10-05,NA
1,2021-10-06,NA
1,2021-10-07,NA
1,2021-10-08,NA
1,2021-10-09,NA
1,2021-10-10,NA
1,2021-10-11,NA
1,2021-10-12,NA
1,2021-10-13,NA
1,2021-10-14,NA
1,2021-10-15,NA
1,2021-10-16,NA
1,2021-10-17,NA
1,2021-10-18,NA
1,2021-10-19,NA
1,2021-10-20,NA
1,2021-10-21,NA
1,2021-10-22,NA
1,2021-10-23,NA
1,2021-10-24,NA
1,2021-10-25,NA
1,2021-10-26,NA
1,2021-10-27,NA
1,2021-10-28,NA
1,2021-10-29,NA
1,2021-10-30,NA
1,2021-10-31,NA
1,2021-11-01,NA
1,2021-11-02,NA
1,2021-11-03,NA
1,2021-11-04,NA
1,2021-11-05,NA
1,2021-11-06,NA
1,2021-11-07,NA
1,2021-11-08,NA
1,2021-11-09,NA
1,2021-11-10,NA
1,2021-11-11,NA
1,2021-11-12,NA
1,2021-11-13,NA
1,2021-11-14,NA
1,2021-11-15,NA
1,2021-11-16,NA
1,2021-11-17,NA
1,2021-11-18,NA
1,2021-11-19,NA
1,2021-11-20,NA
1,2021-11-21,NA
1,2021-11-22,NA
1,2021-11-23,NA
1,2021-11-24,NA
1,2021-11-25,NA
1,2021-11-26,NA
1,2021-11-27,NA
1,2021-11-28,NA
1,2021-11-29,NA
1,2021-11-30,NA
1,2021-12-01,NA
1,2021-12-02,NA
1,2021-12-03,NA
1,2021-12-04,NA
1,2021-12-05,NA
1,2021-12-06,NA
1,2021-12-07,NA
1,2021-12-08,NA
1,2021-12-09,NA
1,2021-12-10,NA
1,2021-12-11,NA
1,2021-12-12,NA
1,2021-12-13,NA
1,2021-12-14,NA
1,2021-12-15,NA
1,2021-12-16,NA
1,2021-12-17,NA
1,2021-12-18,NA
1,2021-12-19,NA
1,2021-12-20,NA
1,2021-12-21,NA
1,2021-12-22,NA
1,2021-12-23,NA
1,2021-12-24,NA
1,2021-12-25,NA
1,2021-12-26,NA
1,2021-12-27,NA
1,2021-12-28,NA
1,2021-12-29,NA
1,2021-12-30,NA
1,2021-12-31,NA
1,2022-01-01,NA
1,2022-01-02,NA
1,2022-01-03,NA
1,2022-01-04,NA
1,2022-01-05,NA
1,2022-01-06,NA
1,2022-01-07,NA
1,2022-01-08,NA
1,2022-01-09,NA
1,2022-01-10,NA
1,2022-01-11,NA
1,2022-01-12,NA
1,2022-01-13,NA
1,2022-01-14,NA
1,2022-01-15,NA
1,2022-01-16,NA
1,2022-01-17,NA
1,2022-01-18,NA
1,2022-01-19,NA
1,2022-01-20,NA
1,2022-01-21,NA
1,2022-01-22,NA
1,2022-01-23,NA
1,2022-01-24,NA
1,2022-01-25,NA
1,2022-01-26,NA
