site,date,value
1,2012-01-01,0.004071339701146497
1,2012-01-02,0.004076769116221549
1,2012-01-03,0.004084611242731214
1,2012-01-04,0.004093832893584956
1,2012-01-05,0.004104482422254753
1,2012-01-06,0.004116105820043245
1,2012-01-07,0.004127970357009037
1,2012-01-08,0.0041376402258358775
1,2012-01-09,0.004142924112856246
1,2012-01-10,0.004143115883529358
1,2012-01-11,0.004138324885393898
1,2012-01-12,0.004129673278620615
1,2012-01-13,0.004118145932381094
1,2012-01-14,0.004105759284772916
1,2012-01-15,0.0040952173966775935
1,2012-01-16,0.004086913741584488
1,2012-01-17,0.004081028739018064
1,2012-01-18,0.0040768168503372715
1,2012-01-19,0.004073382082408138
1,2012-01-20,0.004071851687134484
1,2012-01-21,0.004072447335876148
1,2012-01-22,0.004074428793347693
1,2012-01-23,0.004076350536481104
1,2012-01-24,0.004076678771647984
1,2012-01-25,0.004075339533647618
1,2012-01-26,0.004073434604753285
1,2012-01-27,0.004072195446993493
1,2012-01-28,0.0040719541145766164
1,2012-01-29,0.004072782912407398
1,2012-01-30,0.004074956202400825
1,2012-01-31,0.004078867870397429
1,2012-02-01,0.004084621717943252
1,2012-02-02,0.004092113148435399
1,2012-02-03,0.00410036721666473
1,2012-02-04,0.004108730223956887
1,2012-02-05,0.004116021315994778
1,2012-02-06,0.0041206301066538265
1,2012-02-07,0.004121445958054493
1,2012-02-08,0.004119623090135487
1,2012-02-09,0.004116506564623453
1,2012-02-10,0.004113144529445932
1,2012-02-11,0.004110379454920024
1,2012-02-12,0.004108719707751842
1,2012-02-13,0.004107750285642088
1,2012-02-14,0.004107041241788215
1,2012-02-15,0.004107041883218867
1,2012-02-16,0.004108198564196934
1,2012-02-17,0.004110553804056777
1,2012-02-18,0.004113818116616619
1,2012-02-19,0.004116552949082789
1,2012-02-20,0.004116930147693891
1,2012-02-21,0.004113949515393638
1,2012-02-22,0.00410891380901326
1,2012-02-23,0.0041033600916056
1,2012-02-24,0.004098203745332771
1,2012-02-25,0.004093635206933443
1,2012-02-26,0.004090378822205006
1,2012-02-27,0.004089099206400168
1,2012-02-28,0.004089956585663775
1,2012-02-29,0.004092379057829986
1,2012-03-01,0.004095744264929544
1,2012-03-02,0.004099416343223807
1,2012-03-03,0.004102938265468004
1,2012-03-04,0.004105200902124977
1,2012-03-05,0.004105061630133621
1,2012-03-06,0.004101666756913558
1,2012-03-07,0.004096009929026362
1,2012-03-08,0.004090034383175263
1,2012-03-09,0.0040846810155475855
1,2012-03-10,0.004080948930457797
1,2012-03-11,0.004079831803675745
1,2012-03-12,0.0040813820682542665
1,2012-03-13,0.004085447050535445
1,2012-03-14,0.004092496943603767
1,2012-03-15,0.004102084168356364
1,2012-03-16,0.004114064902137478
1,2012-03-17,0.004127704999322185
1,2012-03-18,0.004142153365721235
1,2012-03-19,0.004156028156217401
1,2012-03-20,0.00416738520659145
1,2012-03-21,0.004175551525019564
1,2012-03-22,0.004180874199029164
1,2012-03-23,0.004185580631785231
1,2012-03-24,0.004193281764744082
1,2012-03-25,0.004203764606577546
1,2012-03-26,0.004215197577019986
1,2012-03-27,0.004225301832420961
1,2012-03-28,0.004233615388496538
1,2012-03-29,0.004242387687045145
1,2012-03-30,0.004252532163913638
1,2012-03-31,0.004265487623991053
1,2012-04-01,0.004278165387805783
1,2012-04-02,0.0042859232716543506
1,2012-04-03,0.004287224917657097
1,2012-04-04,0.004283219633207222
1,2012-04-05,0.004274618855093943
1,2012-04-06,0.004260998297159273
1,2012-04-07,0.004242137390068833
1,2012-04-08,0.004222110908453038
1,2012-04-09,0.004204046669778501
1,2012-04-10,0.004190288411189612
1,2012-04-11,0.004178400305875353
1,2012-04-12,0.004164748237217674
1,2012-04-13,0.004150130549509206
1,2012-04-14,0.004136429591356442
1,2012-04-15,0.004126123736304945
1,2012-04-16,0.004118876198722735
1,2012-04-17,0.004112479872933778
1,2012-04-18,0.004105945826207673
1,2012-04-19,0.004099817583382863
1,2012-04-20,0.004094730886394353
1,2012-04-21,0.004091755889365336
1,2012-04-22,0.004090753236810742
1,2012-04-23,0.004091110143187736
1,2012-04-24,0.0040922149773465425
1,2012-04-25,0.004094803382674568
1,2012-04-26,0.00410036764175919
1,2012-04-27,0.004109054230408806
1,2012-04-28,0.00412006492858902
1,2012-04-29,0.004130232440671221
1,2012-04-30,0.004136152765095923
1,2012-05-01,0.004136300239988332
1,2012-05-02,0.0041322861747247076
1,2012-05-03,0.004125777350807271
1,2012-05-04,0.004117942801938392
1,2012-05-05,0.004110388846593227
1,2012-05-06,0.0041049232127848435
1,2012-05-07,0.004101754968032336
1,2012-05-08,0.004101385485216125
1,2012-05-09,0.0041025973106812875
1,2012-05-10,0.004104115078444917
1,2012-05-11,0.004105907945270064
1,2012-05-12,0.004108793470378675
1,2012-05-13,0.004112620440214989
1,2012-05-14,0.0041160654868673
1,2012-05-15,0.004117880280689998
1,2012-05-16,0.004117945956243369
1,2012-05-17,0.0041174242788913715
1,2012-05-18,0.004117321005242704
1,2012-05-19,0.004119186154498996
1,2012-05-20,0.0041234225649245965
1,2012-05-21,0.00412973109113784
1,2012-05-22,0.004137343161781203
1,2012-05-23,0.004145420583558402
1,2012-05-24,0.004154575623761142
1,2012-05-25,0.004165411734135345
1,2012-05-26,0.0041777475343899115
1,2012-05-27,0.0041891736156094445
1,2012-05-28,0.004197517980828834
1,2012-05-29,0.004200977058358009
1,2012-05-30,0.0041995974968746675
1,2012-05-31,0.004194580533769818
1,2012-06-01,0.004186864599554795
1,2012-06-02,0.004177517724013516
1,2012-06-03,0.0041701659878221765
1,2012-06-04,0.004165715142327617
1,2012-06-05,0.004164236255226746
1,2012-06-06,0.004166063132503473
1,2012-06-07,0.004169094101154522
1,2012-06-08,0.004173876196558528
1,2012-06-09,0.004182031320980219
1,2012-06-10,0.0041943982831629065
1,2012-06-11,0.004208596824930461
1,2012-06-12,0.00422149656861002
1,2012-06-13,0.004231274175670751
1,2012-06-14,0.0042356277619730685
1,2012-06-15,0.0042371220906346225
1,2012-06-16,0.004240065202957071
1,2012-06-17,0.004245089975112694
1,2012-06-18,0.004253264042598336
1,2012-06-19,0.0042641287658148706
1,2012-06-20,0.00427427135895401
1,2012-06-21,0.004282851059313886
1,2012-06-22,0.0042890272257065255
1,2012-06-23,0.004293844193984398
1,2012-06-24,0.004298027574166233
1,2012-06-25,0.004302125868867796
1,2012-06-26,0.004305339929218126
1,2012-06-27,0.004307639136312083
1,2012-06-28,0.004308043002445994
1,2012-06-29,0.004305746396934042
1,2012-06-30,0.004300793135430423
1,2012-07-01,0.0042929513926242575
1,2012-07-02,0.004281460773570009
1,2012-07-03,0.004267184739447089
1,2012-07-04,0.004252056369854077
1,2012-07-05,0.004238177766132898
1,2012-07-06,0.00422795849269929
1,2012-07-07,0.004222768858120953
1,2012-07-08,0.004221973360000049
1,2012-07-09,0.004221256674598337
1,2012-07-10,0.004217749937910209
1,2012-07-11,0.004211711148015289
1,2012-07-12,0.004204816817534264
1,2012-07-13,0.004198147967789169
1,2012-07-14,0.004193350323304661
1,2012-07-15,0.004190489363982192
1,2012-07-16,0.004190266964360591
1,2012-07-17,0.004192983510226464
1,2012-07-18,0.004197649802179184
1,2012-07-19,0.004204254293229905
1,2012-07-20,0.004212226387870168
1,2012-07-21,0.004220477556151759
1,2012-07-22,0.004227457611626602
1,2012-07-23,0.004233849759364217
1,2012-07-24,0.004240579730727419
1,2012-07-25,0.004248209414086069
1,2012-07-26,0.004256135199103334
1,2012-07-27,0.004263911608907158
1,2012-07-28,0.004272113179093201
1,2012-07-29,0.004282568623215391
1,2012-07-30,0.004293866699091551
1,2012-07-31,0.004303706289891235
1,2012-08-01,0.004309217834959614
1,2012-08-02,0.004309519661410003
1,2012-08-03,0.004306895972906401
1,2012-08-04,0.004305877807448075
1,2012-08-05,0.004307089501941067
1,2012-08-06,0.004308044054325793
1,2012-08-07,0.00430709748444188
1,2012-08-08,0.004303397981710458
1,2012-08-09,0.004296203484772833
1,2012-08-10,0.00428596120471777
1,2012-08-11,0.004274918521983551
1,2012-08-12,0.004264621772023228
1,2012-08-13,0.004255861176054429
1,2012-08-14,0.0042487094473168
1,2012-08-15,0.004243318429389674
1,2012-08-16,0.004240179462018387
1,2012-08-17,0.0042401986254476266
1,2012-08-18,0.004243536428376627
1,2012-08-19,0.004249415934233511
1,2012-08-20,0.004256420618524085
1,2012-08-21,0.004262310506596272
1,2012-08-22,0.004265930769216874
1,2012-08-23,0.004264913647320791
1,2012-08-24,0.0042596846954020984
1,2012-08-25,0.004251700939249531
1,2012-08-26,0.004242659172696778
1,2012-08-27,0.004234651557343963
1,2012-08-28,0.0042284588949007915
1,2012-08-29,0.004222480528336231
1,2012-08-30,0.004215437879770455
1,2012-08-31,0.004207690035234879
1,2012-09-01,0.004200684300582571
1,2012-09-02,0.0041952990056777165
1,2012-09-03,0.004191513855520067
1,2012-09-04,0.00418870986030684
1,2012-09-05,0.004186415410951988
1,2012-09-06,0.004184295678882498
1,2012-09-07,0.004181546210920118
1,2012-09-08,0.00417874145631489
1,2012-09-09,0.004176133486942056
1,2012-09-10,0.004173060064188843
1,2012-09-11,0.004169307242583771
1,2012-09-12,0.004166385881711013
1,2012-09-13,0.0041658540192881875
1,2012-09-14,0.004168434760877493
1,2012-09-15,0.004174366991188167
1,2012-09-16,0.004182097531500626
1,2012-09-17,0.004188998998377007
1,2012-09-18,0.004193962342663513
1,2012-09-19,0.004197376202697696
1,2012-09-20,0.004199044891284727
1,2012-09-21,0.004199101962259368
1,2012-09-22,0.004198713003477546
1,2012-09-23,0.004199685974351041
1,2012-09-24,0.004203020862631303
1,2012-09-25,0.00420827955090978
1,2012-09-26,0.004212926093681133
1,2012-09-27,0.004216418161070471
1,2012-09-28,0.004219877202963034
1,2012-09-29,0.004224589225551663
1,2012-09-30,0.004230600001997176
1,2012-10-01,0.004236355589264282
1,2012-10-02,0.004239525669734881
1,2012-10-03,0.004239890962448695
1,2012-10-04,0.004237556813342135
1,2012-10-05,0.004232898475463239
1,2012-10-06,0.004227575924287555
1,2012-10-07,0.004223286839113121
1,2012-10-08,0.00422051438115713
1,2012-10-09,0.004218861448901755
1,2012-10-10,0.004217939217553127
1,2012-10-11,0.004217724134837954
1,2012-10-12,0.0042183754783217
1,2012-10-13,0.004220291823009989
1,2012-10-14,0.004223224394676152
1,2012-10-15,0.00422653402201187
1,2012-10-16,0.0042301702836701986
1,2012-10-17,0.004233472946594459
1,2012-10-18,0.004234535353132231
1,2012-10-19,0.004233107813475719
1,2012-10-20,0.004229040917294121
1,2012-10-21,0.004223508137614603
1,2012-10-22,0.0042178362664656525
1,2012-10-23,0.004213505075706102
1,2012-10-24,0.004209918004468587
1,2012-10-25,0.004207437609572937
1,2012-10-26,0.004206164995051194
1,2012-10-27,0.004206407459289222
1,2012-10-28,0.004208486062627007
1,2012-10-29,0.004211006239881314
1,2012-10-30,0.004212200715443969
1,2012-10-31,0.0042123966745065845
1,2012-11-01,0.004211238562244668
1,2012-11-02,0.004208594543669323
1,2012-11-03,0.004204985168170196
1,2012-11-04,0.004200896542448368
1,2012-11-05,0.004197221506510191
1,2012-11-06,0.004194056970126455
1,2012-11-07,0.0041901968877050225
1,2012-11-08,0.004185940517632375
1,2012-11-09,0.0041818605512379484
1,2012-11-10,0.004178112668811166
1,2012-11-11,0.004174953671467594
1,2012-11-12,0.00417299232438509
1,2012-11-13,0.004172256625582691
1,2012-11-14,0.004172285110767242
1,2012-11-15,0.004172549972129307
1,2012-11-16,0.004171659269195946
1,2012-11-17,0.004168567952671983
1,2012-11-18,0.004164671779989167
1,2012-11-19,0.004160274672128291
1,2012-11-20,0.0041554328331586555
1,2012-11-21,0.004150283207395128
1,2012-11-22,0.004145256151869692
1,2012-11-23,0.00414132677298098
1,2012-11-24,0.004138752993075924
1,2012-11-25,0.004137523269429949
1,2012-11-26,0.004136740095259913
1,2012-11-27,0.004135478368539962
1,2012-11-28,0.004133203222474556
1,2012-11-29,0.00412917245277806
1,2012-11-30,0.004124016111524716
1,2012-12-01,0.004118890726271364
1,2012-12-02,0.004113843757503165
1,2012-12-03,0.004109075057473906
1,2012-12-04,0.00410441613760207
1,2012-12-05,0.004099101564425315
1,2012-12-06,0.004093427825012487
1,2012-12-07,0.004087574672440761
1,2012-12-08,0.00408235337551255
1,2012-12-09,0.0040787724592999414
1,2012-12-10,0.004076803362453392
1,2012-12-11,0.0040761957243828795
1,2012-12-12,0.004076948035810395
1,2012-12-13,0.004078771476857661
1,2012-12-14,0.004080499974536774
1,2012-12-15,0.004081496956137515
1,2012-12-16,0.00408155440002911
1,2012-12-17,0.004080892824330816
1,2012-12-18,0.004079604458965264
1,2012-12-19,0.0040771551584157534
1,2012-12-20,0.004073708864091483
1,2012-12-21,0.004069662915303052
1,2012-12-22,0.004065354563593618
1,2012-12-23,0.004062439961073224
1,2012-12-24,0.004060970717856523
1,2012-12-25,0.00406051691749418
1,2012-12-26,0.004060644512727691
1,2012-12-27,0.004061075366650959
1,2012-12-28,0.004062070616868469
1,2012-12-29,0.004063640501246088
1,2012-12-30,0.004066130540936354
1,2012-12-31,0.0040718529625575085
1,2013-01-01,0.004076126404249468
1,2013-01-02,0.004080931274177373
1,2013-01-03,0.0040866600880859975
1,2013-01-04,0.004092513803246352
1,2013-01-05,0.004096766394703246
1,2013-01-06,0.004098931664980711
1,2013-01-07,0.004098912768291317
1,2013-01-08,0.004097349585743095
1,2013-01-09,0.004095061740428495
1,2013-01-10,0.00409194323566057
1,2013-01-11,0.00408840016996709
1,2013-01-12,0.00408426529652082
1,2013-01-13,0.0040798720079491
1,2013-01-14,0.00407561723911236
1,2013-01-15,0.004072421283569308
1,2013-01-16,0.004070391327162167
1,2013-01-17,0.00406958313348005
1,2013-01-18,0.004069577611428935
1,2013-01-19,0.004069040828980771
1,2013-01-20,0.00406813105985278
1,2013-01-21,0.004067148318584625
1,2013-01-22,0.004066720782412688
1,2013-01-23,0.004067237630266495
1,2013-01-24,0.004068780815187316
1,2013-01-25,0.004070872639000288
1,2013-01-26,0.004072916132005238
1,2013-01-27,0.004075106621198735
1,2013-01-28,0.004077613170309172
1,2013-01-29,0.0040806222728908565
1,2013-01-30,0.0040844976359086325
1,2013-01-31,0.004088893338312987
1,2013-02-01,0.00409251124003965
1,2013-02-02,0.0040933767693710505
1,2013-02-03,0.004092897682892125
1,2013-02-04,0.004092950548309342
1,2013-02-05,0.004094063104169774
1,2013-02-06,0.004095678700222873
1,2013-02-07,0.00409722661310895
1,2013-02-08,0.004098645295804783
1,2013-02-09,0.004099765568051502
1,2013-02-10,0.004100839710080311
1,2013-02-11,0.004102652578544622
1,2013-02-12,0.004105554313077008
1,2013-02-13,0.004109257531246921
1,2013-02-14,0.004113218654970054
1,2013-02-15,0.00411701022873732
1,2013-02-16,0.004118747431421656
1,2013-02-17,0.004117672994491181
1,2013-02-18,0.004115051317600609
1,2013-02-19,0.004112612566591555
1,2013-02-20,0.004109892052833958
1,2013-02-21,0.0041065448703519695
1,2013-02-22,0.004102994382882629
1,2013-02-23,0.004099827646174449
1,2013-02-24,0.004097525378621134
1,2013-02-25,0.004096241741018998
1,2013-02-26,0.004095795616891289
1,2013-02-27,0.004095861290396881
1,2013-02-28,0.004096185321261369
1,2013-03-01,0.004096565107263495
1,2013-03-02,0.004096476256765564
1,2013-03-03,0.004097163046688898
1,2013-03-04,0.004098076310256488
1,2013-03-05,0.004098999219064864
1,2013-03-06,0.004100188234894714
1,2013-03-07,0.00410200859873903
1,2013-03-08,0.00410375736357284
1,2013-03-09,0.004104575373082587
1,2013-03-10,0.004104333431780851
1,2013-03-11,0.004103526277888509
1,2013-03-12,0.004103131115994247
1,2013-03-13,0.004104160468974426
1,2013-03-14,0.004107371738863096
1,2013-03-15,0.004111385943388212
1,2013-03-16,0.0041142280955073374
1,2013-03-17,0.004116122484011825
1,2013-03-18,0.00411801280608542
1,2013-03-19,0.004119618733137773
1,2013-03-20,0.0041208448547208915
1,2013-03-21,0.004121390122763241
1,2013-03-22,0.0041213748609905555
1,2013-03-23,0.004121378469413172
1,2013-03-24,0.004121734608492267
1,2013-03-25,0.004122844665920883
1,2013-03-26,0.004124909704957063
1,2013-03-27,0.0041274177959712156
1,2013-03-28,0.004130128216826014
1,2013-03-29,0.004131830822062208
1,2013-03-30,0.004130938640947416
1,2013-03-31,0.004128217393078596
1,2013-04-01,0.004124241986845143
1,2013-04-02,0.004120659037738958
1,2013-04-03,0.004118874863610291
1,2013-04-04,0.0041191056413370595
1,2013-04-05,0.004120805022026075
1,2013-04-06,0.00412252540784692
1,2013-04-07,0.0041239476964095596
1,2013-04-08,0.004123638209224659
1,2013-04-09,0.0041219485325933464
1,2013-04-10,0.004120662356066883
1,2013-04-11,0.004120758717695962
1,2013-04-12,0.004121296313426984
1,2013-04-13,0.0041204530708240875
1,2013-04-14,0.004118291055640525
1,2013-04-15,0.0041141784350689995
1,2013-04-16,0.004107509884146073
1,2013-04-17,0.0040996596612124046
1,2013-04-18,0.004092830410444956
1,2013-04-19,0.004088049009657558
1,2013-04-20,0.004085326985939436
1,2013-04-21,0.00408422813171515
1,2013-04-22,0.004083954676588434
1,2013-04-23,0.004084257235522375
1,2013-04-24,0.004085854424731994
1,2013-04-25,0.0040885203702043325
1,2013-04-26,0.004089817315197227
1,2013-04-27,0.004088852900478274
1,2013-04-28,0.004087052483899846
1,2013-04-29,0.0040849936510825875
1,2013-04-30,0.0040826778923854935
1,2013-05-01,0.004080032109423171
1,2013-05-02,0.004078086187985193
1,2013-05-03,0.00407765992645562
1,2013-05-04,0.0040784641026138605
1,2013-05-05,0.0040791331174710194
1,2013-05-06,0.004078928039408647
1,2013-05-07,0.004077829152621256
1,2013-05-08,0.004076544801658257
1,2013-05-09,0.00407630742766125
1,2013-05-10,0.004077552498079106
1,2013-05-11,0.004078959101888451
1,2013-05-12,0.0040804681177624025
1,2013-05-13,0.0040818091267368715
1,2013-05-14,0.0040831000790703485
1,2013-05-15,0.004084242436906931
1,2013-05-16,0.004085080569252874
1,2013-05-17,0.004086149521960252
1,2013-05-18,0.004087964553521168
1,2013-05-19,0.004090841094732596
1,2013-05-20,0.0040945745137562235
1,2013-05-21,0.0040991075588976775
1,2013-05-22,0.004104834601708589
1,2013-05-23,0.0041113210444869795
1,2013-05-24,0.004117258875276983
1,2013-05-25,0.004120783687208531
1,2013-05-26,0.004121832595131743
1,2013-05-27,0.0041219235201142585
1,2013-05-28,0.004122343130163493
1,2013-05-29,0.004122523172650461
1,2013-05-30,0.004122185700575572
1,2013-05-31,0.004121331980174394
1,2013-06-01,0.0041198950255542256
1,2013-06-02,0.004117398115813834
1,2013-06-03,0.004114070640491277
1,2013-06-04,0.0041112835614564806
1,2013-06-05,0.004109668826717485
1,2013-06-06,0.004108889109728455
1,2013-06-07,0.004108010140540326
1,2013-06-08,0.004104623246294176
1,2013-06-09,0.004099843685951699
1,2013-06-10,0.00409531033658197
1,2013-06-11,0.004091356109128795
1,2013-06-12,0.004087729999038831
1,2013-06-13,0.004085313864330116
1,2013-06-14,0.004085119918679896
1,2013-06-15,0.004087773142079089
1,2013-06-16,0.0040925770833101244
1,2013-06-17,0.004098204483439978
1,2013-06-18,0.004103866642112592
1,2013-06-19,0.004109416947065176
1,2013-06-20,0.004114760543927157
1,2013-06-21,0.004118399611053496
1,2013-06-22,0.004119887425039043
1,2013-06-23,0.004119202949374014
1,2013-06-24,0.0041155553344702795
1,2013-06-25,0.00411088508894253
1,2013-06-26,0.00410701015026735
1,2013-06-27,0.004102671946702998
1,2013-06-28,0.0040977701413836155
1,2013-06-29,0.0040921378377043825
1,2013-06-30,0.004086084412892892
1,2013-07-01,0.004080290890544925
1,2013-07-02,0.004076171009062596
1,2013-07-03,0.00407490662264662
1,2013-07-04,0.004076527325673445
1,2013-07-05,0.004079216061504293
1,2013-07-06,0.004080518165063886
1,2013-07-07,0.0040804959207128445
1,2013-07-08,0.004079909565223196
1,2013-07-09,0.004079266108704684
1,2013-07-10,0.004078648468891425
1,2013-07-11,0.004078832240149767
1,2013-07-12,0.004080606042900637
1,2013-07-13,0.0040851910330208605
1,2013-07-14,0.004092495379259065
1,2013-07-15,0.004102119793064055
1,2013-07-16,0.004113218597387567
1,2013-07-17,0.004125923790354849
1,2013-07-18,0.004140249219476736
1,2013-07-19,0.00415214220337016
1,2013-07-20,0.00416019357401245
1,2013-07-21,0.004165772040802868
1,2013-07-22,0.004168407126692033
1,2013-07-23,0.004167958893687382
1,2013-07-24,0.004163920118179199
1,2013-07-25,0.004157396290013141
1,2013-07-26,0.004151632140248539
1,2013-07-27,0.004148322652881413
1,2013-07-28,0.004146919383521819
1,2013-07-29,0.00414652142574755
1,2013-07-30,0.004146937532249465
1,2013-07-31,0.004147278305020473
1,2013-08-01,0.004146330313217846
1,2013-08-02,0.004144657339778516
1,2013-08-03,0.004142060066516193
1,2013-08-04,0.0041386366285500065
1,2013-08-05,0.004135628734900554
1,2013-08-06,0.004133627869463344
1,2013-08-07,0.004131310763122323
1,2013-08-08,0.004127304974891244
1,2013-08-09,0.004121667076770039
1,2013-08-10,0.004115412569256615
1,2013-08-11,0.004110766133519463
1,2013-08-12,0.004108435959302681
1,2013-08-13,0.004108524572405773
1,2013-08-14,0.004110632615647572
1,2013-08-15,0.004113989647069967
1,2013-08-16,0.004116596696050837
1,2013-08-17,0.0041177336753601985
1,2013-08-18,0.004117986648234652
1,2013-08-19,0.0041167598154640845
1,2013-08-20,0.004114284939897754
1,2013-08-21,0.004111185619246125
1,2013-08-22,0.0041081513996935135
1,2013-08-23,0.004106227271321769
1,2013-08-24,0.004105991585129623
1,2013-08-25,0.004107220586185021
1,2013-08-26,0.004109454703563326
1,2013-08-27,0.004112505995009038
1,2013-08-28,0.0041161923718887276
1,2013-08-29,0.004120066549661983
1,2013-08-30,0.004123010152364536
1,2013-08-31,0.004124895520969134
1,2013-09-01,0.004126005271478316
1,2013-09-02,0.004126132837561769
1,2013-09-03,0.0041251184130070995
1,2013-09-04,0.004122429955201687
1,2013-09-05,0.004117120610000595
1,2013-09-06,0.004110086171580958
1,2013-09-07,0.004102695354046395
1,2013-09-08,0.0040958773151268755
1,2013-09-09,0.004090357658861054
1,2013-09-10,0.004086832203633291
1,2013-09-11,0.004085491636385741
1,2013-09-12,0.0040860766948130015
1,2013-09-13,0.004086659683526896
1,2013-09-14,0.004086237129759135
1,2013-09-15,0.004085503032281142
1,2013-09-16,0.004085232175511171
1,2013-09-17,0.004085373474502512
1,2013-09-18,0.004084981371242908
1,2013-09-19,0.004084292335215277
1,2013-09-20,0.004084264819427296
1,2013-09-21,0.0040854344787952124
1,2013-09-22,0.004087301038923423
1,2013-09-23,0.004089436726899031
1,2013-09-24,0.00409182742469605
1,2013-09-25,0.004094267696702557
1,2013-09-26,0.004096648521448353
1,2013-09-27,0.004098269251734449
1,2013-09-28,0.004098813490559206
1,2013-09-29,0.004098460582109097
1,2013-09-30,0.004096973116082344
1,2013-10-01,0.004094423676658051
1,2013-10-02,0.004090653089451503
1,2013-10-03,0.004085864777069287
1,2013-10-04,0.004081261347698326
1,2013-10-05,0.0040777556270184
1,2013-10-06,0.004076032230545494
1,2013-10-07,0.004076241005491367
1,2013-10-08,0.004078647469697503
1,2013-10-09,0.004082685026050701
1,2013-10-10,0.004087238113975199
1,2013-10-11,0.004091296535597944
1,2013-10-12,0.004094523828464815
1,2013-10-13,0.0040967243333788084
1,2013-10-14,0.004097745299288797
1,2013-10-15,0.004097825732236287
1,2013-10-16,0.004096821606869432
1,2013-10-17,0.004094088269644679
1,2013-10-18,0.004090223106974921
1,2013-10-19,0.004086020293846035
1,2013-10-20,0.004081907585798296
1,2013-10-21,0.004078234394167152
1,2013-10-22,0.004075782766367874
1,2013-10-23,0.004074905423385714
1,2013-10-24,0.004075896845134668
1,2013-10-25,0.00407789767261703
1,2013-10-26,0.004080153204229936
1,2013-10-27,0.004082287647809305
1,2013-10-28,0.004083283701724569
1,2013-10-29,0.004083369339273351
1,2013-10-30,0.004082197827701266
1,2013-10-31,0.00407926494202729
1,2013-11-01,0.00407618563633882
1,2013-11-02,0.004074906548579603
1,2013-11-03,0.004075498163527718
1,2013-11-04,0.004077732381199907
1,2013-11-05,0.004081817631913816
1,2013-11-06,0.004087330129468271
1,2013-11-07,0.004093853949454796
1,2013-11-08,0.004100259981248864
1,2013-11-09,0.004106303923906806
1,2013-11-10,0.004111771794157027
1,2013-11-11,0.004116205638581625
1,2013-11-12,0.004119220350405782
1,2013-11-13,0.004120318087352451
1,2013-11-14,0.004118558885235367
1,2013-11-15,0.004114317252122449
1,2013-11-16,0.004108318917802842
1,2013-11-17,0.004101701841866834
1,2013-11-18,0.004095646601263355
1,2013-11-19,0.0040910761347329894
1,2013-11-20,0.00408810541595068
1,2013-11-21,0.00408662354805823
1,2013-11-22,0.004085923145145833
1,2013-11-23,0.004085520733716258
1,2013-11-24,0.004085799091886938
1,2013-11-25,0.004086918001508172
1,2013-11-26,0.004087978797082422
1,2013-11-27,0.0040875981553071695
1,2013-11-28,0.004085896401693061
1,2013-11-29,0.004084444999610382
1,2013-11-30,0.004084755771743465
1,2013-12-01,0.004087119456325646
1,2013-12-02,0.004091327597693659
1,2013-12-03,0.004096652330499289
1,2013-12-04,0.004101837766664765
1,2013-12-05,0.004106313466232825
1,2013-12-06,0.004109245795841621
1,2013-12-07,0.0041106989537872205
1,2013-12-08,0.004110578948651718
1,2013-12-09,0.004108964132166696
1,2013-12-10,0.0041067052866091015
1,2013-12-11,0.004104182690393735
1,2013-12-12,0.004100497479985152
1,2013-12-13,0.004095780142677788
1,2013-12-14,0.004089955057005811
1,2013-12-15,0.0040836217734785425
1,2013-12-16,0.004077759970546388
1,2013-12-17,0.004073192558976086
1,2013-12-18,0.004069931550064966
1,2013-12-19,0.004067533300715959
1,2013-12-20,0.00406493668857188
1,2013-12-21,0.004062007974524018
1,2013-12-22,0.004059864077861271
1,2013-12-23,0.004058716202586668
1,2013-12-24,0.004058174174125276
1,2013-12-25,0.004057397985192926
1,2013-12-26,0.0040562044841478215
1,2013-12-27,0.004054940602082844
1,2013-12-28,0.004054768761057178
1,2013-12-29,0.004056358913921887
1,2013-12-30,0.00405954598554298
1,2013-12-31,0.004064311275148303
1,2014-01-01,0.004070522459620628
1,2014-01-02,0.004077629341630544
1,2014-01-03,0.004083648087814697
1,2014-01-04,0.004088202342495769
1,2014-01-05,0.004091486903800715
1,2014-01-06,0.004093529208100204
1,2014-01-07,0.004094314569290965
1,2014-01-08,0.004093013489852313
1,2014-01-09,0.004089884573316634
1,2014-01-10,0.00408694175346005
1,2014-01-11,0.004085293502759485
1,2014-01-12,0.004084435414459216
1,2014-01-13,0.004083034247127188
1,2014-01-14,0.004081144164600691
1,2014-01-15,0.004079976033177489
1,2014-01-16,0.00408008072004073
1,2014-01-17,0.004082834009485984
1,2014-01-18,0.004088487059853105
1,2014-01-19,0.004096001085202654
1,2014-01-20,0.004103478435732404
1,2014-01-21,0.004109533071482834
1,2014-01-22,0.0041122832500855525
1,2014-01-23,0.004110118520782408
1,2014-01-24,0.004104002521830153
1,2014-01-25,0.004096669732857517
1,2014-01-26,0.004089694528756927
1,2014-01-27,0.004084913905677419
1,2014-01-28,0.004082485963076173
1,2014-01-29,0.0040818130499266445
1,2014-01-30,0.004082865593478752
1,2014-01-31,0.004084669384578974
1,2014-02-01,0.0040866423791813145
1,2014-02-02,0.004089350234269937
1,2014-02-03,0.00409356876363331
1,2014-02-04,0.004099039553082851
1,2014-02-05,0.004104051322189823
1,2014-02-06,0.004108014230083919
1,2014-02-07,0.004112436317095786
1,2014-02-08,0.00411714732859827
1,2014-02-09,0.004122178542103139
1,2014-02-10,0.004127309991066955
1,2014-02-11,0.0041327658388000486
1,2014-02-12,0.004137082529164513
1,2014-02-13,0.004140281572202505
1,2014-02-14,0.004142507480879092
1,2014-02-15,0.004142531839433918
1,2014-02-16,0.0041399306890608795
1,2014-02-17,0.004135699877584715
1,2014-02-18,0.004130260274749666
1,2014-02-19,0.004123411009726749
1,2014-02-20,0.004115082224437733
1,2014-02-21,0.004106964930055657
1,2014-02-22,0.004100298184559219
1,2014-02-23,0.0040952321732506975
1,2014-02-24,0.004091779636389169
1,2014-02-25,0.0040896083334694775
1,2014-02-26,0.0040881396079122685
1,2014-02-27,0.004087793681900121
1,2014-02-28,0.004089325842377542
1,2014-03-01,0.004092889255064328
1,2014-03-02,0.0040969456729467325
1,2014-03-03,0.004101373567347232
1,2014-03-04,0.004106125067612517
1,2014-03-05,0.004111785255412887
1,2014-03-06,0.004116960296490351
1,2014-03-07,0.004121159381273243
1,2014-03-08,0.004124834772531944
1,2014-03-09,0.004128585432286157
1,2014-03-10,0.004131611474318573
1,2014-03-11,0.004132190839328172
1,2014-03-12,0.004130175189659269
1,2014-03-13,0.004126414025593378
1,2014-03-14,0.004120180045473378
1,2014-03-15,0.004112874713111123
1,2014-03-16,0.004107786125699496
1,2014-03-17,0.00410470355843306
1,2014-03-18,0.004103660859818331
1,2014-03-19,0.0041035359330739655
1,2014-03-20,0.004102940912531975
1,2014-03-21,0.0041018284417048845
1,2014-03-22,0.004100930916097744
1,2014-03-23,0.004099974338483194
1,2014-03-24,0.004099212714914898
1,2014-03-25,0.0040989147695265505
1,2014-03-26,0.004099284132952666
1,2014-03-27,0.0041010086174039385
1,2014-03-28,0.00410492068364725
1,2014-03-29,0.004110435250013174
1,2014-03-30,0.004115171699064281
1,2014-03-31,0.004118546570499629
1,2014-04-01,0.004120716595280962
1,2014-04-02,0.004121490058836852
1,2014-04-03,0.0041205620639899
1,2014-04-04,0.004118606795584271
1,2014-04-05,0.004115938737610044
1,2014-04-06,0.004112154747899473
1,2014-04-07,0.0041067677848417115
1,2014-04-08,0.004099330385507896
1,2014-04-09,0.004091975419055769
1,2014-04-10,0.0040857335822120176
1,2014-04-11,0.004079681852335192
1,2014-04-12,0.004074125064170335
1,2014-04-13,0.004070258050343058
1,2014-04-14,0.004068365039719581
1,2014-04-15,0.0040688003675921364
1,2014-04-16,0.004070666147771055
1,2014-04-17,0.004071533747336703
1,2014-04-18,0.00407161602497875
1,2014-04-19,0.004071541664295271
1,2014-04-20,0.004072048673214869
1,2014-04-21,0.0040735289759977426
1,2014-04-22,0.004076965144264222
1,2014-04-23,0.004083249276596467
1,2014-04-24,0.004092251278537811
1,2014-04-25,0.004102525253347202
1,2014-04-26,0.004113617253900708
1,2014-04-27,0.004125212808626754
1,2014-04-28,0.0041381720548044915
1,2014-04-29,0.004152396767583383
1,2014-04-30,0.004165677712599127
1,2014-05-01,0.00417581054455682
1,2014-05-02,0.004185830940223763
1,2014-05-03,0.004195528531835748
1,2014-05-04,0.00420612298818194
1,2014-05-05,0.004216272234008079
1,2014-05-06,0.004224848378673445
1,2014-05-07,0.004228623873265379
1,2014-05-08,0.004229557498134135
1,2014-05-09,0.0042280104566399124
1,2014-05-10,0.004222994929683041
1,2014-05-11,0.004214717019237932
1,2014-05-12,0.004203467384413706
1,2014-05-13,0.004188980139999689
1,2014-05-14,0.004171942462347604
1,2014-05-15,0.004153353049335661
1,2014-05-16,0.00413668336931332
1,2014-05-17,0.00412442640153428
1,2014-05-18,0.004117768810955146
1,2014-05-19,0.004115766219418277
1,2014-05-20,0.004116165389173089
1,2014-05-21,0.004117614521245512
1,2014-05-22,0.004119391940312045
1,2014-05-23,0.004120074238241777
1,2014-05-24,0.004119652888052704
1,2014-05-25,0.004119150004663856
1,2014-05-26,0.004120088286598088
1,2014-05-27,0.004124238852724319
1,2014-05-28,0.004131306855423367
1,2014-05-29,0.004139808589842671
1,2014-05-30,0.004148967262999981
1,2014-05-31,0.004157556120306072
1,2014-06-01,0.004164594794265517
1,2014-06-02,0.004169492111242472
1,2014-06-03,0.0041700260207072366
1,2014-06-04,0.004166074563176312
1,2014-06-05,0.004159770762205856
1,2014-06-06,0.004153974670727695
1,2014-06-07,0.0041488774474422955
1,2014-06-08,0.004143936239958861
1,2014-06-09,0.0041385128376809095
1,2014-06-10,0.004133311261916588
1,2014-06-11,0.004128464366283455
1,2014-06-12,0.00412281892651443
1,2014-06-13,0.0041176838162973965
1,2014-06-14,0.004113631742098641
1,2014-06-15,0.0041110932867459305
1,2014-06-16,0.004109334993994506
1,2014-06-17,0.004107311335631742
1,2014-06-18,0.004105294363828055
1,2014-06-19,0.004104193812263459
1,2014-06-20,0.004102555134987975
1,2014-06-21,0.004100108723191555
1,2014-06-22,0.004097882501387479
1,2014-06-23,0.004096621330712218
1,2014-06-24,0.0040964417663155745
1,2014-06-25,0.004097591635530322
1,2014-06-26,0.004099590759425226
1,2014-06-27,0.004102688881295379
1,2014-06-28,0.00410673289694854
1,2014-06-29,0.004112244694109842
1,2014-06-30,0.004118332045216009
1,2014-07-01,0.0041238068544409996
1,2014-07-02,0.004127973270711122
1,2014-07-03,0.004131791791890953
1,2014-07-04,0.004135850855044415
1,2014-07-05,0.004139828406486261
1,2014-07-06,0.004143381343858827
1,2014-07-07,0.004146130971481381
1,2014-07-08,0.004148073556679838
1,2014-07-09,0.004149483133492166
1,2014-07-10,0.004149507957382477
1,2014-07-11,0.004149687167819967
1,2014-07-12,0.004150749869423176
1,2014-07-13,0.004152491167945612
1,2014-07-14,0.004154282883365329
1,2014-07-15,0.0041544797019203595
1,2014-07-16,0.004152981637167147
1,2014-07-17,0.004150626710579567
1,2014-07-18,0.004147362768126663
1,2014-07-19,0.004142891234398068
1,2014-07-20,0.004137811691965311
1,2014-07-21,0.004132670634355061
1,2014-07-22,0.004127992367394787
1,2014-07-23,0.004124601788519701
1,2014-07-24,0.0041223066313992186
1,2014-07-25,0.004121264227768104
1,2014-07-26,0.004121428827515568
1,2014-07-27,0.004122390680398097
1,2014-07-28,0.004123265504711643
1,2014-07-29,0.004122091043532354
1,2014-07-30,0.004120045364984852
1,2014-07-31,0.004117502522954503
1,2014-08-01,0.0041146627387720295
1,2014-08-02,0.004111808154651295
1,2014-08-03,0.004109650055233069
1,2014-08-04,0.004108850940107199
1,2014-08-05,0.004110337020629006
1,2014-08-06,0.00411339958929704
1,2014-08-07,0.00411725673703397
1,2014-08-08,0.004121615971013156
1,2014-08-09,0.004125856787801302
1,2014-08-10,0.004129885421717808
1,2014-08-11,0.004133706602566874
1,2014-08-12,0.00413639017150442
1,2014-08-13,0.004137677984392617
1,2014-08-14,0.004138806766099694
1,2014-08-15,0.004141030622150621
1,2014-08-16,0.004143749509342357
1,2014-08-17,0.004145486312992318
1,2014-08-18,0.004146539054189042
1,2014-08-19,0.004146612006650898
1,2014-08-20,0.004145846596236064
1,2014-08-21,0.004143495510578294
1,2014-08-22,0.0041414308482548515
1,2014-08-23,0.004141019824571069
1,2014-08-24,0.004143717656333661
1,2014-08-25,0.004148575233933078
1,2014-08-26,0.004153164380307691
1,2014-08-27,0.004156244907525921
1,2014-08-28,0.004157834572965787
1,2014-08-29,0.00415612601999517
1,2014-08-30,0.004151744377392833
1,2014-08-31,0.004146577364510963
1,2014-09-01,0.004141384934571427
1,2014-09-02,0.004136263357343741
1,2014-09-03,0.004131234999844977
1,2014-09-04,0.004126872188500429
1,2014-09-05,0.004123905928668141
1,2014-09-06,0.004122634918276831
1,2014-09-07,0.004123630861896559
1,2014-09-08,0.004126407003851399
1,2014-09-09,0.004129867626441458
1,2014-09-10,0.004132430678369931
1,2014-09-11,0.0041345111116606135
1,2014-09-12,0.004136586143869839
1,2014-09-13,0.00413872479395975
1,2014-09-14,0.004140161122957205
1,2014-09-15,0.004141592339167702
1,2014-09-16,0.0041435108419174155
1,2014-09-17,0.004145840052881435
1,2014-09-18,0.004148345301319261
1,2014-09-19,0.004151730952640225
1,2014-09-20,0.004155503306816634
1,2014-09-21,0.004158892031124172
1,2014-09-22,0.004161056059073668
1,2014-09-23,0.004160581013692039
1,2014-09-24,0.004157345778462289
1,2014-09-25,0.004152245679651287
1,2014-09-26,0.0041449572317019
1,2014-09-27,0.004135253684130884
1,2014-09-28,0.004124652142937198
1,2014-09-29,0.004113838502312341
1,2014-09-30,0.004103718770493448
1,2014-10-01,0.0040955757090587065
1,2014-10-02,0.004089473656646423
1,2014-10-03,0.004085296506520295
1,2014-10-04,0.0040828675439094995
1,2014-10-05,0.004082121959554355
1,2014-10-06,0.004082931244371953
1,2014-10-07,0.004084654571793878
1,2014-10-08,0.004087590042458971
1,2014-10-09,0.004091413664228974
1,2014-10-10,0.0040950612430905396
1,2014-10-11,0.00409854872837072
1,2014-10-12,0.004102058039178682
1,2014-10-13,0.004106539894467869
1,2014-10-14,0.004112002732384145
1,2014-10-15,0.004117341131131146
1,2014-10-16,0.004121484835283859
1,2014-10-17,0.004125728511143083
1,2014-10-18,0.004129285508027715
1,2014-10-19,0.004131973466649121
1,2014-10-20,0.004133365084377354
1,2014-10-21,0.004132538932809128
1,2014-10-22,0.004128351947035558
1,2014-10-23,0.0041220599183364615
1,2014-10-24,0.004114834688162034
1,2014-10-25,0.004106416331020104
1,2014-10-26,0.004097022426437455
1,2014-10-27,0.004087131241998708
1,2014-10-28,0.004076837987701068
1,2014-10-29,0.004066990166839044
1,2014-10-30,0.004058406253719298
1,2014-10-31,0.004052339046658986
1,2014-11-01,0.004049509791802618
1,2014-11-02,0.004050111116888322
1,2014-11-03,0.00405345761213745
1,2014-11-04,0.004058424624244579
1,2014-11-05,0.00406398527160569
1,2014-11-06,0.004069587117802276
1,2014-11-07,0.004074291963534047
1,2014-11-08,0.004078092114796173
1,2014-11-09,0.004081054632789601
1,2014-11-10,0.004083760183282175
1,2014-11-11,0.004086639247948389
1,2014-11-12,0.004090269057212244
1,2014-11-13,0.004094488004525618
1,2014-11-14,0.004098969918183671
1,2014-11-15,0.004103514545135233
1,2014-11-16,0.0041081495471337135
1,2014-11-17,0.004112840411454677
1,2014-11-18,0.004117123697767138
1,2014-11-19,0.004120894728867045
1,2014-11-20,0.004124290796211851
1,2014-11-21,0.004127866521884122
1,2014-11-22,0.004130846927043458
1,2014-11-23,0.004132161861783371
1,2014-11-24,0.004131241472673604
1,2014-11-25,0.0041282763330639394
1,2014-11-26,0.004122739241892057
1,2014-11-27,0.004114321829104416
1,2014-11-28,0.0041039851445120335
1,2014-11-29,0.004092837177056977
1,2014-11-30,0.004081586354208468
1,2014-12-01,0.0040720984941238995
1,2014-12-02,0.004066124150426719
1,2014-12-03,0.004063893327188617
1,2014-12-04,0.0040645886699548096
1,2014-12-05,0.004067201841510571
1,2014-12-06,0.004072266656769278
1,2014-12-07,0.004080173891926839
1,2014-12-08,0.00409016367043972
1,2014-12-09,0.004099803604875699
1,2014-12-10,0.004107802453801936
1,2014-12-11,0.004115144683426332
1,2014-12-12,0.004120922471207643
1,2014-12-13,0.004124663655738917
1,2014-12-14,0.004124666073811853
1,2014-12-15,0.004121409794000568
1,2014-12-16,0.004117014777689098
1,2014-12-17,0.004112603678908882
1,2014-12-18,0.0041073011894775194
1,2014-12-19,0.00409933929037719
1,2014-12-20,0.004088494850382334
1,2014-12-21,0.00407703027173323
1,2014-12-22,0.004067546404527592
1,2014-12-23,0.004061031966432706
1,2014-12-24,0.004056756944348346
1,2014-12-25,0.004053912189921087
1,2014-12-26,0.004052316864196418
1,2014-12-27,0.004051401399854404
1,2014-12-28,0.004050054138843464
1,2014-12-29,0.00404865204090934
1,2014-12-30,0.004048069253748303
1,2014-12-31,0.0040485016355125015
1,2015-01-01,0.0040495715619888965
1,2015-01-02,0.004050828875782184
1,2015-01-03,0.004052340227015687
1,2015-01-04,0.00405415120341285
1,2015-01-05,0.004056184080616846
1,2015-01-06,0.004057907865414089
1,2015-01-07,0.004059358427298642
1,2015-01-08,0.004061127217163537
1,2015-01-09,0.004063046452885107
1,2015-01-10,0.004064680082818949
1,2015-01-11,0.0040656880864181014
1,2015-01-12,0.004066080455756337
1,2015-01-13,0.0040663883343639105
1,2015-01-14,0.004066621181369344
1,2015-01-15,0.004066346701537759
1,2015-01-16,0.004064902025644109
1,2015-01-17,0.0040628988127294225
1,2015-01-18,0.004061294044309093
1,2015-01-19,0.004061115674102564
1,2015-01-20,0.00406236895437684
1,2015-01-21,0.004064282426568389
1,2015-01-22,0.0040660130876011506
1,2015-01-23,0.004067540904680577
1,2015-01-24,0.0040689098568399504
1,2015-01-25,0.004069835693314277
1,2015-01-26,0.004071500361960892
1,2015-01-27,0.004074858288281346
1,2015-01-28,0.004079793099968665
1,2015-01-29,0.0040852362820943625
1,2015-01-30,0.004090186951577897
1,2015-01-31,0.004093593771622288
1,2015-02-01,0.00409562182900527
1,2015-02-02,0.00409739620256039
1,2015-02-03,0.004098943700807699
1,2015-02-04,0.004099955689569905
1,2015-02-05,0.004101728774574502
1,2015-02-06,0.004104965667665628
1,2015-02-07,0.004110125803777962
1,2015-02-08,0.004116337973358886
1,2015-02-09,0.004124595938366749
1,2015-02-10,0.004136717894270359
1,2015-02-11,0.004151889453053699
1,2015-02-12,0.004166734154829136
1,2015-02-13,0.004179630347980185
1,2015-02-14,0.004189159392893932
1,2015-02-15,0.004195577411084251
1,2015-02-16,0.004198333939210855
1,2015-02-17,0.0041990191802717975
1,2015-02-18,0.0041978504971188855
1,2015-02-19,0.00419123854605496
1,2015-02-20,0.0041799008368483565
1,2015-02-21,0.004165546313723187
1,2015-02-22,0.004148992349688374
1,2015-02-23,0.004133710967957999
1,2015-02-24,0.004123085321216783
1,2015-02-25,0.004116195244413779
1,2015-02-26,0.004110712114609007
1,2015-02-27,0.00410500356554064
1,2015-02-28,0.004099420207325484
1,2015-03-01,0.00409494111761575
1,2015-03-02,0.004091739577443432
1,2015-03-03,0.004088805476022176
1,2015-03-04,0.004085831519766591
1,2015-03-05,0.004083174972027518
1,2015-03-06,0.004081202917695941
1,2015-03-07,0.004079832580336453
1,2015-03-08,0.00407875812387737
1,2015-03-09,0.0040788244909786015
1,2015-03-10,0.004081227157370944
1,2015-03-11,0.004086310622388326
1,2015-03-12,0.004092359848312329
1,2015-03-13,0.0040986133840232464
1,2015-03-14,0.004104740649342695
1,2015-03-15,0.004111309815863962
1,2015-03-16,0.004118648475850266
1,2015-03-17,0.004126652469497472
1,2015-03-18,0.004134650823792789
1,2015-03-19,0.004141494891846559
1,2015-03-20,0.004146541912619929
1,2015-03-21,0.0041493254903730865
1,2015-03-22,0.004148274325332763
1,2015-03-23,0.004144143940041029
1,2015-03-24,0.004139916152949253
1,2015-03-25,0.00413702323499557
1,2015-03-26,0.004134403444101162
1,2015-03-27,0.004131097752078818
1,2015-03-28,0.0041270517743051145
1,2015-03-29,0.0041226259591760645
1,2015-03-30,0.004118347784465773
1,2015-03-31,0.004114584127007792
1,2015-04-01,0.0041115291054991485
1,2015-04-02,0.004109254954218962
1,2015-04-03,0.004108668363230263
1,2015-04-04,0.004110062139621543
1,2015-04-05,0.004112036067290182
1,2015-04-06,0.0041139649412753
1,2015-04-07,0.004116855058433741
1,2015-04-08,0.004121195990103141
1,2015-04-09,0.004124359385342136
1,2015-04-10,0.004125241462142272
1,2015-04-11,0.00412396604967886
1,2015-04-12,0.004121158911174082
1,2015-04-13,0.004117524389561785
1,2015-04-14,0.004114068683694893
1,2015-04-15,0.004112689316152893
1,2015-04-16,0.004112388898139719
1,2015-04-17,0.00411308803869838
1,2015-04-18,0.004114767266727654
1,2015-04-19,0.004116459232620011
1,2015-04-20,0.004118827656952361
1,2015-04-21,0.004122862880782599
1,2015-04-22,0.004130235852393515
1,2015-04-23,0.0041386763787603035
1,2015-04-24,0.004145459910984856
1,2015-04-25,0.00414666798713949
1,2015-04-26,0.004142146749619069
1,2015-04-27,0.004134465950628561
1,2015-04-28,0.004125764074529298
1,2015-04-29,0.0041171325175937985
1,2015-04-30,0.004109919256365323
1,2015-05-01,0.004103357862339377
1,2015-05-02,0.004097525171661074
1,2015-05-03,0.004091889534803045
1,2015-05-04,0.00408672541614079
1,2015-05-05,0.004083450158865744
1,2015-05-06,0.00408218492060298
1,2015-05-07,0.004081800282625345
1,2015-05-08,0.004081593427254658
1,2015-05-09,0.0040817093793872
1,2015-05-10,0.004082050320978152
1,2015-05-11,0.004083248336373123
1,2015-05-12,0.004085238851541337
1,2015-05-13,0.004087579869836948
1,2015-05-14,0.004091418459172597
1,2015-05-15,0.004096695600201915
1,2015-05-16,0.004103040765120582
1,2015-05-17,0.004110048181632181
1,2015-05-18,0.004118371563706024
1,2015-05-19,0.004129441185964778
1,2015-05-20,0.004142806901184641
1,2015-05-21,0.0041563201785416466
1,2015-05-22,0.004168511745240884
1,2015-05-23,0.004179846364230232
1,2015-05-24,0.004190787205591325
1,2015-05-25,0.0041995656013879504
1,2015-05-26,0.0042041668212733935
1,2015-05-27,0.004205925494362337
1,2015-05-28,0.004205944122272468
1,2015-05-29,0.0042044196734509365
1,2015-05-30,0.00420125618401729
1,2015-05-31,0.004194912374719239
1,2015-06-01,0.004185744271576518
1,2015-06-02,0.004175370842644058
1,2015-06-03,0.004165446681557968
1,2015-06-04,0.0041553024801811115
1,2015-06-05,0.004143875540177049
1,2015-06-06,0.00413090006147135
1,2015-06-07,0.004118777106729915
1,2015-06-08,0.004109269151494311
1,2015-06-09,0.004103100815323156
1,2015-06-10,0.004100503409858404
1,2015-06-11,0.004100200956842029
1,2015-06-12,0.0041018452078231075
1,2015-06-13,0.004105138783041343
1,2015-06-14,0.0041092635800508235
1,2015-06-15,0.004114146098844579
1,2015-06-16,0.004120461935764057
1,2015-06-17,0.004127533910728525
1,2015-06-18,0.004133396696814543
1,2015-06-19,0.004137095034010401
1,2015-06-20,0.004138295769047848
1,2015-06-21,0.004137815672562753
1,2015-06-22,0.004136415004693113
1,2015-06-23,0.004133681300376448
1,2015-06-24,0.004131170350053956
1,2015-06-25,0.004129921971115858
1,2015-06-26,0.004129966961564731
1,2015-06-27,0.004130242989445998
1,2015-06-28,0.004128703421745901
1,2015-06-29,0.0041265756939624035
1,2015-06-30,0.004126368985778348
1,2015-07-01,0.004129372482580109
1,2015-07-02,0.004134605003495858
1,2015-07-03,0.004139678090397428
1,2015-07-04,0.004143137024119741
1,2015-07-05,0.00414470390671213
1,2015-07-06,0.004144565054513239
1,2015-07-07,0.004142367064000287
1,2015-07-08,0.004139489166956884
1,2015-07-09,0.004135682797871113
1,2015-07-10,0.00413126340932086
1,2015-07-11,0.0041277732920073935
1,2015-07-12,0.0041251579328334
1,2015-07-13,0.004122553304689263
1,2015-07-14,0.004120377187319385
1,2015-07-15,0.004117603412178159
1,2015-07-16,0.004113872611616791
1,2015-07-17,0.004110067354843977
1,2015-07-18,0.004108044141908714
1,2015-07-19,0.004108459165458616
1,2015-07-20,0.004110282751067356
1,2015-07-21,0.004112098538521599
1,2015-07-22,0.004114661575648245
1,2015-07-23,0.004118783474241246
1,2015-07-24,0.004124579986186915
1,2015-07-25,0.004131258906025845
1,2015-07-26,0.004137708223564665
1,2015-07-27,0.004144071628826991
1,2015-07-28,0.004151963278569671
1,2015-07-29,0.004162717693179165
1,2015-07-30,0.004174710505738812
1,2015-07-31,0.004186577579438197
1,2015-08-01,0.004196747706358703
1,2015-08-02,0.004204660203958066
1,2015-08-03,0.004209621066597171
1,2015-08-04,0.004211260973923764
1,2015-08-05,0.0042106911120317215
1,2015-08-06,0.004206802275678588
1,2015-08-07,0.004200051614033759
1,2015-08-08,0.004191622753546094
1,2015-08-09,0.004181327736552215
1,2015-08-10,0.00416913368693018
1,2015-08-11,0.004156506372721485
1,2015-08-12,0.004144568812252782
1,2015-08-13,0.004134281717339193
1,2015-08-14,0.004126656012330707
1,2015-08-15,0.004121612574295027
1,2015-08-16,0.004118654229039094
1,2015-08-17,0.00411713613725675
1,2015-08-18,0.004115637710262876
1,2015-08-19,0.00411385205085338
1,2015-08-20,0.004113810753337175
1,2015-08-21,0.004115981553840584
1,2015-08-22,0.004120892871099216
1,2015-08-23,0.004128446296215083
1,2015-08-24,0.004137947824319333
1,2015-08-25,0.004148192361494546
1,2015-08-26,0.004157443755608255
1,2015-08-27,0.004163767915227596
1,2015-08-28,0.004167166174350501
1,2015-08-29,0.004168248171111702
1,2015-08-30,0.004167807753102578
1,2015-08-31,0.004165902170670617
1,2015-09-01,0.004161808283645764
1,2015-09-02,0.004156218996101255
1,2015-09-03,0.004150607825744468
1,2015-09-04,0.004144895446959286
1,2015-09-05,0.004139576802573307
1,2015-09-06,0.004133984041681549
1,2015-09-07,0.004127893609593996
1,2015-09-08,0.00412197689396525
1,2015-09-09,0.004117351978547042
1,2015-09-10,0.004114377266062537
1,2015-09-11,0.004112934163940466
1,2015-09-12,0.0041128581455914335
1,2015-09-13,0.004113820515707483
1,2015-09-14,0.004114970164987667
1,2015-09-15,0.004115125377520507
1,2015-09-16,0.00411534407795114
1,2015-09-17,0.004116375026075156
1,2015-09-18,0.004118454886165386
1,2015-09-19,0.004121920297703698
1,2015-09-20,0.004126315050934229
1,2015-09-21,0.004129906299132758
1,2015-09-22,0.004131954884576206
1,2015-09-23,0.004131745583085622
1,2015-09-24,0.0041286257069471245
1,2015-09-25,0.004123381510019704
1,2015-09-26,0.004117811645674764
1,2015-09-27,0.004113073846880639
1,2015-09-28,0.004108960525811911
1,2015-09-29,0.004104536593195091
1,2015-09-30,0.004100613067698692
1,2015-10-01,0.004098787398005283
1,2015-10-02,0.004099145692626616
1,2015-10-03,0.004100804098415735
1,2015-10-04,0.004102212552142716
1,2015-10-05,0.004102948950410275
1,2015-10-06,0.004103623508153917
1,2015-10-07,0.004105439922045555
1,2015-10-08,0.004108883786274881
1,2015-10-09,0.004113083868409058
1,2015-10-10,0.004116668888197986
1,2015-10-11,0.00411958073205502
1,2015-10-12,0.004121497529208861
1,2015-10-13,0.004121226850428749
1,2015-10-14,0.004119294220450558
1,2015-10-15,0.004117068296108266
1,2015-10-16,0.004114715634509396
1,2015-10-17,0.004112670461758458
1,2015-10-18,0.0041103978659102775
1,2015-10-19,0.004106469921553226
1,2015-10-20,0.004100080123874682
1,2015-10-21,0.004091354751539324
1,2015-10-22,0.004081624558835916
1,2015-10-23,0.0040718815742023465
1,2015-10-24,0.004063212661850906
1,2015-10-25,0.004056737425984095
1,2015-10-26,0.004052599961059724
1,2015-10-27,0.004050429998928228
1,2015-10-28,0.004050183189372456
1,2015-10-29,0.004052052656059362
1,2015-10-30,0.004055792854229761
1,2015-10-31,0.004061156718897585
1,2015-11-01,0.004067852987765951
1,2015-11-02,0.004075684091994486
1,2015-11-03,0.004084462242191932
1,2015-11-04,0.004093127657106692
1,2015-11-05,0.00410093151583635
1,2015-11-06,0.0041079399276768725
1,2015-11-07,0.004114642232183963
1,2015-11-08,0.004120831719708043
1,2015-11-09,0.004125343782782497
1,2015-11-10,0.004126840469147979
1,2015-11-11,0.004126111694414377
1,2015-11-12,0.004124366118423097
1,2015-11-13,0.00412212830505672
1,2015-11-14,0.004119951603066533
1,2015-11-15,0.004117555343099407
1,2015-11-16,0.004114415474677545
1,2015-11-17,0.004110352390223547
1,2015-11-18,0.004106308945330034
1,2015-11-19,0.004102815017188998
1,2015-11-20,0.004099659071814034
1,2015-11-21,0.004097020539625575
1,2015-11-22,0.004095643056659113
1,2015-11-23,0.00409534115012722
1,2015-11-24,0.004095090103706041
1,2015-11-25,0.004093933869236151
1,2015-11-26,0.004091434193100542
1,2015-11-27,0.004088020701793956
1,2015-11-28,0.004084846445499503
1,2015-11-29,0.004081749731356438
1,2015-11-30,0.004078704154570208
1,2015-12-01,0.004075773259397177
1,2015-12-02,0.004072689242634377
1,2015-12-03,0.004069620557997875
1,2015-12-04,0.004067105303066825
1,2015-12-05,0.004065480777232506
1,2015-12-06,0.00406456517893058
1,2015-12-07,0.004064021576551289
1,2015-12-08,0.0040631614963440536
1,2015-12-09,0.00406186949451238
1,2015-12-10,0.00406037513803441
1,2015-12-11,0.004059141763946292
1,2015-12-12,0.0040583927540898835
1,2015-12-13,0.004058018853882241
1,2015-12-14,0.004057755194196927
1,2015-12-15,0.004057395182108682
1,2015-12-16,0.004056724309069811
1,2015-12-17,0.004056051060081273
1,2015-12-18,0.004055385205009145
1,2015-12-19,0.004054942156051887
1,2015-12-20,0.004055572281052843
1,2015-12-21,0.004057461277407486
1,2015-12-22,0.004059555949113976
1,2015-12-23,0.004060435571661658
1,2015-12-24,0.004059720824387806
1,2015-12-25,0.00405770636538179
1,2015-12-26,0.004055846651678014
1,2015-12-27,0.004054723136807438
1,2015-12-28,0.004054521337041326
1,2015-12-29,0.004054213812617726
1,2015-12-30,0.0040532972889347155
1,2015-12-31,0.004052099360110391
1,2016-01-01,0.00405165250123945
1,2016-01-02,0.004052203356413398
1,2016-01-03,0.004053156840667095
1,2016-01-04,0.004053955285972204
1,2016-01-05,0.0040540004203168545
1,2016-01-06,0.00405353549203666
1,2016-01-07,0.004052839447128824
1,2016-01-08,0.004052289667486478
1,2016-01-09,0.004052393783237117
1,2016-01-10,0.004052701656880183
1,2016-01-11,0.0040528504584368494
1,2016-01-12,0.0040533401406914
1,2016-01-13,0.004054380491050913
1,2016-01-14,0.004056169476918741
1,2016-01-15,0.004058640481961912
1,2016-01-16,0.004060982977409861
1,2016-01-17,0.004063113425035925
1,2016-01-18,0.0040641162971272685
1,2016-01-19,0.004063560180988414
1,2016-01-20,0.004062127609138455
1,2016-01-21,0.004060455504719453
1,2016-01-22,0.00405911708878909
1,2016-01-23,0.004058540337966878
1,2016-01-24,0.004059127608246742
1,2016-01-25,0.004060089132367677
1,2016-01-26,0.004060717879291057
1,2016-01-27,0.004061532278489934
1,2016-01-28,0.004062875843253192
1,2016-01-29,0.004064970578121512
1,2016-01-30,0.004067526722550211
1,2016-01-31,0.004069943815137056
1,2016-02-01,0.004072435964123268
1,2016-02-02,0.004074884769841207
1,2016-02-03,0.004077622550508664
1,2016-02-04,0.004081505073122662
1,2016-02-05,0.004086840129377283
1,2016-02-06,0.004093905780232327
1,2016-02-07,0.004101905773823232
1,2016-02-08,0.004109967172725661
1,2016-02-09,0.004116467548250619
1,2016-02-10,0.004120998272669646
1,2016-02-11,0.004123326800202673
1,2016-02-12,0.0041234258508136504
1,2016-02-13,0.004121630432216009
1,2016-02-14,0.004119612230542429
1,2016-02-15,0.004117243436675329
1,2016-02-16,0.004114917176465923
1,2016-02-17,0.00411256762911884
1,2016-02-18,0.004109452354064411
1,2016-02-19,0.004105927036570341
1,2016-02-20,0.0041020137094070295
1,2016-02-21,0.004097382259944391
1,2016-02-22,0.004092509140102696
1,2016-02-23,0.004088026695228739
1,2016-02-24,0.004084328620728503
1,2016-02-25,0.004081549316005616
1,2016-02-26,0.004079333992503787
1,2016-02-27,0.004077616008421188
1,2016-02-28,0.004076590277285326
1,2016-02-29,0.004076315781635255
1,2016-03-01,0.0040757230964353856
1,2016-03-02,0.004074297509150728
1,2016-03-03,0.0040719400890948405
1,2016-03-04,0.004069741203336108
1,2016-03-05,0.004068963573809795
1,2016-03-06,0.004071610359509011
1,2016-03-07,0.0040781890624311
1,2016-03-08,0.004087898667026366
1,2016-03-09,0.004099192415422602
1,2016-03-10,0.004110819647404259
1,2016-03-11,0.0041205669269063164
1,2016-03-12,0.0041283004817539316
1,2016-03-13,0.004134832423427924
1,2016-03-14,0.004140633386798315
1,2016-03-15,0.004146164021203521
1,2016-03-16,0.004151014581886757
1,2016-03-17,0.004155510199193102
1,2016-03-18,0.004158334111726005
1,2016-03-19,0.0041587568526995095
1,2016-03-20,0.004155927059545971
1,2016-03-21,0.004150964465493548
1,2016-03-22,0.004144488754351543
1,2016-03-23,0.004138215428109897
1,2016-03-24,0.0041329329551323905
1,2016-03-25,0.00412982803424969
1,2016-03-26,0.004128036097020048
1,2016-03-27,0.004126552373202046
1,2016-03-28,0.004124523205521162
1,2016-03-29,0.0041205637040955
1,2016-03-30,0.004115780433033138
1,2016-03-31,0.004110267458383403
1,2016-04-01,0.004104729412461797
1,2016-04-02,0.004100295191405737
1,2016-04-03,0.004096901971869906
1,2016-04-04,0.004093645276534693
1,2016-04-05,0.004091442535750911
1,2016-04-06,0.004090488652051536
1,2016-04-07,0.00408998669013916
1,2016-04-08,0.004088916839460917
1,2016-04-09,0.004086856804028672
1,2016-04-10,0.004083848975450487
1,2016-04-11,0.00408066431921335
1,2016-04-12,0.004078572502100837
1,2016-04-13,0.004077761572581254
1,2016-04-14,0.004078365249153686
1,2016-04-15,0.004080119208775339
1,2016-04-16,0.004083140070818338
1,2016-04-17,0.0040864283524088985
1,2016-04-18,0.004088425898744497
1,2016-04-19,0.0040881577761308924
1,2016-04-20,0.004087584067610001
1,2016-04-21,0.0040868447524923125
1,2016-04-22,0.004086143336791375
1,2016-04-23,0.004084784344025852
1,2016-04-24,0.004081962108389419
1,2016-04-25,0.004078278272727312
1,2016-04-26,0.00407452850846002
1,2016-04-27,0.004072200008976604
1,2016-04-28,0.0040712582021622135
1,2016-04-29,0.004070624437670015
1,2016-04-30,0.004069792158684785
1,2016-05-01,0.0040690232799044535
1,2016-05-02,0.0040686714020969645
1,2016-05-03,0.004068685861769174
1,2016-05-04,0.004069199105552557
1,2016-05-05,0.004070023160920264
1,2016-05-06,0.0040708679370586465
1,2016-05-07,0.0040715088841667985
1,2016-05-08,0.004072443791771326
1,2016-05-09,0.00407433166965779
1,2016-05-10,0.004077169868759301
1,2016-05-11,0.004080775467655071
1,2016-05-12,0.004084630040792863
1,2016-05-13,0.004088834475745833
1,2016-05-14,0.0040944028054510796
1,2016-05-15,0.0041021694181885785
1,2016-05-16,0.0041110570327559885
1,2016-05-17,0.004119795291051978
1,2016-05-18,0.004128993946271588
1,2016-05-19,0.004138303926971109
1,2016-05-20,0.004146692339418704
1,2016-05-21,0.004153870732816799
1,2016-05-22,0.004159811270159701
1,2016-05-23,0.004164540611709825
1,2016-05-24,0.0041664478135094805
1,2016-05-25,0.004165482804044109
1,2016-05-26,0.004161966433430692
1,2016-05-27,0.0041564168362116394
1,2016-05-28,0.004148974336053853
1,2016-05-29,0.004141108796880096
1,2016-05-30,0.004133925451519022
1,2016-05-31,0.004128437001233437
1,2016-06-01,0.004125270089000601
1,2016-06-02,0.004123681338269286
1,2016-06-03,0.00412313465401846
1,2016-06-04,0.0041231627199759206
1,2016-06-05,0.004122453423493927
1,2016-06-06,0.004120575825178498
1,2016-06-07,0.00411879130285365
1,2016-06-08,0.004117799963959301
1,2016-06-09,0.004117755309647907
1,2016-06-10,0.004116721833681123
1,2016-06-11,0.004114661886342625
1,2016-06-12,0.0041109492623713235
1,2016-06-13,0.004105681266796212
1,2016-06-14,0.004099748998082979
1,2016-06-15,0.004094860202624966
1,2016-06-16,0.004091467248592906
1,2016-06-17,0.004088730905320486
1,2016-06-18,0.004085201372548504
1,2016-06-19,0.004081855877187264
1,2016-06-20,0.004079786971905296
1,2016-06-21,0.004079159360771275
1,2016-06-22,0.004080324646807696
1,2016-06-23,0.0040830058673873865
1,2016-06-24,0.0040867784062880805
1,2016-06-25,0.0040912342733071694
1,2016-06-26,0.004096100785946731
1,2016-06-27,0.004101418733987209
1,2016-06-28,0.004106641766106584
1,2016-06-29,0.004111765667719066
1,2016-06-30,0.004116136047267261
1,2016-07-01,0.004119285965557546
1,2016-07-02,0.00412142344843794
1,2016-07-03,0.0041218216217434826
1,2016-07-04,0.004120404766342055
1,2016-07-05,0.004117989702908187
1,2016-07-06,0.00411523482768786
1,2016-07-07,0.004112724705347433
1,2016-07-08,0.004110229877948674
1,2016-07-09,0.004108420012045097
1,2016-07-10,0.004107259573222494
1,2016-07-11,0.004106694848264121
1,2016-07-12,0.004106802425459398
1,2016-07-13,0.004108057820424437
1,2016-07-14,0.0041106948159299415
1,2016-07-15,0.004114354421792895
1,2016-07-16,0.004118767438947063
1,2016-07-17,0.004124477115869754
1,2016-07-18,0.004131849855679015
1,2016-07-19,0.004140023942109114
1,2016-07-20,0.004148603652256369
1,2016-07-21,0.004156563978671807
1,2016-07-22,0.004162568583108666
1,2016-07-23,0.0041667095701947866
1,2016-07-24,0.0041696969953319025
1,2016-07-25,0.004172093168962368
1,2016-07-26,0.004174124996772341
1,2016-07-27,0.004177305793089276
1,2016-07-28,0.004181612761905243
1,2016-07-29,0.004185843669910075
1,2016-07-30,0.004189707063469517
1,2016-07-31,0.004192669707687122
1,2016-08-01,0.004194333408765629
1,2016-08-02,0.004194854405088712
1,2016-08-03,0.004194560626582524
1,2016-08-04,0.004193063175328334
1,2016-08-05,0.004189601713240352
1,2016-08-06,0.004184121532687402
1,2016-08-07,0.004176390711731462
1,2016-08-08,0.004167975222378844
1,2016-08-09,0.004160233191755425
1,2016-08-10,0.004154828900651124
1,2016-08-11,0.0041515604474221205
1,2016-08-12,0.004150310655271621
1,2016-08-13,0.004149849974642262
1,2016-08-14,0.004149400860639906
1,2016-08-15,0.004148823862762658
1,2016-08-16,0.00414822247350251
1,2016-08-17,0.004147916372081549
1,2016-08-18,0.004147326982882707
1,2016-08-19,0.004145023550978332
1,2016-08-20,0.004141394006550241
1,2016-08-21,0.004137303525765775
1,2016-08-22,0.004132046794543704
1,2016-08-23,0.00412674429717211
1,2016-08-24,0.004122862574450001
1,2016-08-25,0.004121083597850796
1,2016-08-26,0.004120021234006269
1,2016-08-27,0.004118793170289058
1,2016-08-28,0.00411777824769838
1,2016-08-29,0.004117665333576286
1,2016-08-30,0.004118470926274183
1,2016-08-31,0.004119480096070121
1,2016-09-01,0.004120176590994855
1,2016-09-02,0.004119934579185554
1,2016-09-03,0.004118724986221853
1,2016-09-04,0.004116936545431495
1,2016-09-05,0.004115006258315216
1,2016-09-06,0.00411262514473359
1,2016-09-07,0.004110752713047604
1,2016-09-08,0.0041096274588686785
1,2016-09-09,0.004110030896427983
1,2016-09-10,0.004111909442939267
1,2016-09-11,0.004114231648267361
1,2016-09-12,0.0041165525675582616
1,2016-09-13,0.0041186766339039605
1,2016-09-14,0.004121198100468711
1,2016-09-15,0.004124084766916768
1,2016-09-16,0.004125681885372741
1,2016-09-17,0.004124884247294571
1,2016-09-18,0.004121794486063793
1,2016-09-19,0.004117541231680457
1,2016-09-20,0.00411309390265307
1,2016-09-21,0.004109405231221443
1,2016-09-22,0.004106183821102111
1,2016-09-23,0.00410316787361459
1,2016-09-24,0.004100410697445012
1,2016-09-25,0.004098187678941866
1,2016-09-26,0.004097206596788238
1,2016-09-27,0.0040974274365981
1,2016-09-28,0.0040986357100528895
1,2016-09-29,0.004100134212204969
1,2016-09-30,0.004100883476692194
1,2016-10-01,0.0041009151245779574
1,2016-10-02,0.004100049878387838
1,2016-10-03,0.004098233929110283
1,2016-10-04,0.004095749803990864
1,2016-10-05,0.004094044189179547
1,2016-10-06,0.004093742519624773
1,2016-10-07,0.004094641788805262
1,2016-10-08,0.004096287286972646
1,2016-10-09,0.004097773171104617
1,2016-10-10,0.004099021123403374
1,2016-10-11,0.004100217454159909
1,2016-10-12,0.004101935246391459
1,2016-10-13,0.0041040026495926685
1,2016-10-14,0.004105053008897424
1,2016-10-15,0.0041044939142798696
1,2016-10-16,0.004102472994839056
1,2016-10-17,0.00409937717913233
1,2016-10-18,0.0040957256761805245
1,2016-10-19,0.004091862314873825
1,2016-10-20,0.004088163339436729
1,2016-10-21,0.004084622066676294
1,2016-10-22,0.00408106107282446
1,2016-10-23,0.004077675881290906
1,2016-10-24,0.004075007370303788
1,2016-10-25,0.004073337290478112
1,2016-10-26,0.004073198155716462
1,2016-10-27,0.0040747952295566384
1,2016-10-28,0.004077676894615497
1,2016-10-29,0.004081238242173874
1,2016-10-30,0.004084641973865372
1,2016-10-31,0.004087548982425861
1,2016-11-01,0.004090121745108333
1,2016-11-02,0.004094359817371248
1,2016-11-03,0.004101064837269583
1,2016-11-04,0.004109318623700143
1,2016-11-05,0.004118689939837947
1,2016-11-06,0.0041283060707383665
1,2016-11-07,0.004137702213927322
1,2016-11-08,0.004145151594349439
1,2016-11-09,0.004149861203133523
1,2016-11-10,0.004151194418813469
1,2016-11-11,0.004149839836317304
1,2016-11-12,0.004145974610404753
1,2016-11-13,0.004140648473236136
1,2016-11-14,0.004135028232396179
1,2016-11-15,0.004130652187964346
1,2016-11-16,0.004127297902628941
1,2016-11-17,0.004124480148580934
1,2016-11-18,0.004122036459924492
1,2016-11-19,0.004120000397220035
1,2016-11-20,0.004117282151138312
1,2016-11-21,0.0041137076848417695
1,2016-11-22,0.004110250398775517
1,2016-11-23,0.004107252859101672
1,2016-11-24,0.004104668279570458
1,2016-11-25,0.004101015821380756
1,2016-11-26,0.0040958331361942175
1,2016-11-27,0.004089184441894428
1,2016-11-28,0.00408182863013923
1,2016-11-29,0.004074572111648059
1,2016-11-30,0.004068138210945123
1,2016-12-01,0.004062730399261265
1,2016-12-02,0.004058274649192313
1,2016-12-03,0.004055009951159679
1,2016-12-04,0.00405311791288031
1,2016-12-05,0.004052449127304932
1,2016-12-06,0.004052238744666448
1,2016-12-07,0.004051874514016606
1,2016-12-08,0.004050541721080459
1,2016-12-09,0.0040482519350750635
1,2016-12-10,0.0040454767285575555
1,2016-12-11,0.0040430381872258465
1,2016-12-12,0.004041319365203718
1,2016-12-13,0.004040910871485616
1,2016-12-14,0.004042386323605667
1,2016-12-15,0.004045618910376624
1,2016-12-16,0.004050289341398729
1,2016-12-17,0.004056156401320817
1,2016-12-18,0.00406293708285955
1,2016-12-19,0.004070449482089561
1,2016-12-20,0.004077386196031563
1,2016-12-21,0.004082057937783228
1,2016-12-22,0.004083405566026351
1,2016-12-23,0.0040810299017168695
1,2016-12-24,0.004075913818674478
1,2016-12-25,0.004069509807939841
1,2016-12-26,0.004062652192565167
1,2016-12-27,0.004055951750582683
1,2016-12-28,0.004050191197768812
1,2016-12-29,0.004046023643969674
1,2016-12-30,0.0040437995398149035
1,2016-12-31,0.004040880688441053
1,2017-01-01,0.0040429685767417334
1,2017-01-02,0.004047221216247747
1,2017-01-03,0.0040528923146803
1,2017-01-04,0.004058716800654625
1,2017-01-05,0.004062892536912834
1,2017-01-06,0.004064124396423801
1,2017-01-07,0.0040626190920490055
1,2017-01-08,0.004059482398085646
1,2017-01-09,0.004056026238759449
1,2017-01-10,0.004053355290189043
1,2017-01-11,0.004052127465869736
1,2017-01-12,0.0040518196085888945
1,2017-01-13,0.004052130548613227
1,2017-01-14,0.0040530877500947835
1,2017-01-15,0.004054969376979309
1,2017-01-16,0.004057734802803132
1,2017-01-17,0.004060814625480755
1,2017-01-18,0.004063857619163442
1,2017-01-19,0.0040674417247379985
1,2017-01-20,0.00407221782889094
1,2017-01-21,0.004077886576571982
1,2017-01-22,0.004083877427800567
1,2017-01-23,0.004089104828884806
1,2017-01-24,0.00409268863929073
1,2017-01-25,0.004096201146184851
1,2017-01-26,0.0041014795918396536
1,2017-01-27,0.004108775461132768
1,2017-01-28,0.004118017139623462
1,2017-01-29,0.004127938630026378
1,2017-01-30,0.004136845822295213
1,2017-01-31,0.004143635346443375
1,2017-02-01,0.004148381005650044
1,2017-02-02,0.004150226900927862
1,2017-02-03,0.004149281340600006
1,2017-02-04,0.00414636539321637
1,2017-02-05,0.004141382514968902
1,2017-02-06,0.004135448708414488
1,2017-02-07,0.004130977192403089
1,2017-02-08,0.004127957087241828
1,2017-02-09,0.004126249063756271
1,2017-02-10,0.004125862919656125
1,2017-02-11,0.004126772612073776
1,2017-02-12,0.004127416612391287
1,2017-02-13,0.004127706478359113
1,2017-02-14,0.004128006656173107
1,2017-02-15,0.004128503540011432
1,2017-02-16,0.004130096132112295
1,2017-02-17,0.0041328316264984555
1,2017-02-18,0.0041366033213193435
1,2017-02-19,0.004141111724928448
1,2017-02-20,0.004145256611701337
1,2017-02-21,0.004148268435670429
1,2017-02-22,0.004150104911093267
1,2017-02-23,0.004150965998414783
1,2017-02-24,0.0041513376968450675
1,2017-02-25,0.004150558843326506
1,2017-02-26,0.004148086300856365
1,2017-02-27,0.004144475603801283
1,2017-02-28,0.00414052571390207
1,2017-03-01,0.004136146120698578
1,2017-03-02,0.004130976749557412
1,2017-03-03,0.004124759781350832
1,2017-03-04,0.004118050372650494
1,2017-03-05,0.004112104082679939
1,2017-03-06,0.004107821365823815
1,2017-03-07,0.0041057988596426166
1,2017-03-08,0.004106315356927475
1,2017-03-09,0.004108290063164809
1,2017-03-10,0.004111688497952371
1,2017-03-11,0.0041167304687400475
1,2017-03-12,0.004123301916583876
1,2017-03-13,0.004132299055546513
1,2017-03-14,0.004143140306856483
1,2017-03-15,0.004151778898383503
1,2017-03-16,0.004154475287437157
1,2017-03-17,0.004151207439062306
1,2017-03-18,0.004143984005140657
1,2017-03-19,0.004134745966678144
1,2017-03-20,0.004125440932176145
1,2017-03-21,0.004116405601440444
1,2017-03-22,0.004109383705702992
1,2017-03-23,0.004105536216109403
1,2017-03-24,0.00410519325749579
1,2017-03-25,0.00410859997761385
1,2017-03-26,0.004115419522279737
1,2017-03-27,0.004125043705981506
1,2017-03-28,0.004136574984645704
1,2017-03-29,0.004147154123720917
1,2017-03-30,0.00415229581416489
1,2017-03-31,0.0041506325203977
1,2017-04-01,0.004144173847305784
1,2017-04-02,0.00413488248536663
1,2017-04-03,0.004125303455546252
1,2017-04-04,0.004116983783627801
1,2017-04-05,0.004111185150002189
1,2017-04-06,0.004107772895259204
1,2017-04-07,0.0041060112208732655
1,2017-04-08,0.004105600107275157
1,2017-04-09,0.004106369375611043
1,2017-04-10,0.004107874359551624
1,2017-04-11,0.00410924814831916
1,2017-04-12,0.004109072556673881
1,2017-04-13,0.0041063510626432615
1,2017-04-14,0.004102111591490954
1,2017-04-15,0.00409879817719932
1,2017-04-16,0.004097639781309179
1,2017-04-17,0.004098256612194021
1,2017-04-18,0.004098876766480715
1,2017-04-19,0.0040985151061134085
1,2017-04-20,0.004097936897183603
1,2017-04-21,0.004097957523908334
1,2017-04-22,0.004099937534879099
1,2017-04-23,0.0041031377814416976
1,2017-04-24,0.0041068419775169025
1,2017-04-25,0.0041102242911334064
1,2017-04-26,0.004111713965911848
1,2017-04-27,0.004109657232502327
1,2017-04-28,0.004103625094040908
1,2017-04-29,0.0040953869646346164
1,2017-04-30,0.0040875954380279
1,2017-05-01,0.004081831423572624
1,2017-05-02,0.004078477338893197
1,2017-05-03,0.0040774442442494275
1,2017-05-04,0.004077756217783718
1,2017-05-05,0.004079085644567425
1,2017-05-06,0.0040815201275622385
1,2017-05-07,0.004085335354186344
1,2017-05-08,0.004090532425171047
1,2017-05-09,0.0040962313216492425
1,2017-05-10,0.004100987740696076
1,2017-05-11,0.004103966152090155
1,2017-05-12,0.004106514358252553
1,2017-05-13,0.004111527477344045
1,2017-05-14,0.004120054512052796
1,2017-05-15,0.004131991480656455
1,2017-05-16,0.004146932910063289
1,2017-05-17,0.004164892501893213
1,2017-05-18,0.004185506697186524
1,2017-05-19,0.004207069002899766
1,2017-05-20,0.004224934102246289
1,2017-05-21,0.004235461333670221
1,2017-05-22,0.004241589652399647
1,2017-05-23,0.00424745824843901
1,2017-05-24,0.004251385275219505
1,2017-05-25,0.004249726786729061
1,2017-05-26,0.004240465446196747
1,2017-05-27,0.004225056386528691
1,2017-05-28,0.004207619238673169
1,2017-05-29,0.004191554739767659
1,2017-05-30,0.004176683621200635
1,2017-05-31,0.00416318378878597
1,2017-06-01,0.004150641296300725
1,2017-06-02,0.004139897496111012
1,2017-06-03,0.004131644564238724
1,2017-06-04,0.004125507131778604
1,2017-06-05,0.004120940747530369
1,2017-06-06,0.004117150142133841
1,2017-06-07,0.004113863044379192
1,2017-06-08,0.0041107160904195
1,2017-06-09,0.004108018045733313
1,2017-06-10,0.004106395282553065
1,2017-06-11,0.004106025531269585
1,2017-06-12,0.004106856823639185
1,2017-06-13,0.00410860151775576
1,2017-06-14,0.0041109798361666176
1,2017-06-15,0.004113816417887302
1,2017-06-16,0.0041167762213686985
1,2017-06-17,0.004119294132013328
1,2017-06-18,0.004121122682693221
1,2017-06-19,0.004123540611960507
1,2017-06-20,0.004127422692204572
1,2017-06-21,0.004131628094538162
1,2017-06-22,0.004134397045153041
1,2017-06-23,0.004134288428802537
1,2017-06-24,0.0041306230297508285
1,2017-06-25,0.0041252591607067474
1,2017-06-26,0.004120624116314012
1,2017-06-27,0.004116980072239625
1,2017-06-28,0.0041147572335112365
1,2017-06-29,0.004113958183559434
1,2017-06-30,0.00411461325749852
1,2017-07-01,0.004116598131025164
1,2017-07-02,0.004119869065583733
1,2017-07-03,0.004124911373243967
1,2017-07-04,0.004131209269955022
1,2017-07-05,0.004136960136609276
1,2017-07-06,0.004141129258330345
1,2017-07-07,0.004143922553261856
1,2017-07-08,0.004146822362767729
1,2017-07-09,0.004151008248037014
1,2017-07-10,0.004156633449808997
1,2017-07-11,0.004162811478042644
1,2017-07-12,0.0041706370032487065
1,2017-07-13,0.0041806336056892535
1,2017-07-14,0.0041915343846215414
1,2017-07-15,0.004200203100568041
1,2017-07-16,0.004204881611814483
1,2017-07-17,0.004206599694537546
1,2017-07-18,0.004207365401358064
1,2017-07-19,0.004207971988757707
1,2017-07-20,0.004206139266121569
1,2017-07-21,0.004200568906710592
1,2017-07-22,0.004193726391336862
1,2017-07-23,0.004188185445602637
1,2017-07-24,0.004186217987955517
1,2017-07-25,0.004188110130415703
1,2017-07-26,0.004193066524611143
1,2017-07-27,0.004200262211451368
1,2017-07-28,0.0042087765803276115
1,2017-07-29,0.004215904570739922
1,2017-07-30,0.004218665956634617
1,2017-07-31,0.0042189508352427855
1,2017-08-01,0.004218634961549681
1,2017-08-02,0.0042169373248551415
1,2017-08-03,0.004212172090371566
1,2017-08-04,0.0042039739620418504
1,2017-08-05,0.004193688820173147
1,2017-08-06,0.004183624964065049
1,2017-08-07,0.004175398916621902
1,2017-08-08,0.0041683346106629136
1,2017-08-09,0.0041624124503077
1,2017-08-10,0.004157202782238663
1,2017-08-11,0.0041525288724009405
1,2017-08-12,0.0041482341138454355
1,2017-08-13,0.004143911456160472
1,2017-08-14,0.004139109046121194
1,2017-08-15,0.004134103067902713
1,2017-08-16,0.004129679721657746
1,2017-08-17,0.004125794990103864
1,2017-08-18,0.004122437133152657
1,2017-08-19,0.004119967309320622
1,2017-08-20,0.004118759064937418
1,2017-08-21,0.004119576493210051
1,2017-08-22,0.004122843242424687
1,2017-08-23,0.004128830415970954
1,2017-08-24,0.004136782381347211
1,2017-08-25,0.004145209393875077
1,2017-08-26,0.004151935157269708
1,2017-08-27,0.004155900691077791
1,2017-08-28,0.004158646569469968
1,2017-08-29,0.004161616867961926
1,2017-08-30,0.004163442794813796
1,2017-08-31,0.004162284379378671
1,2017-09-01,0.00415739090496107
1,2017-09-02,0.004150159990251397
1,2017-09-03,0.004142972161685363
1,2017-09-04,0.004137435658464703
1,2017-09-05,0.004132994415564738
1,2017-09-06,0.004130092450308634
1,2017-09-07,0.004129162617244957
1,2017-09-08,0.004129871170367097
1,2017-09-09,0.004130678914633952
1,2017-09-10,0.004130137642347017
1,2017-09-11,0.004128794741135618
1,2017-09-12,0.004127606667728616
1,2017-09-13,0.004126356407074207
1,2017-09-14,0.004123331726793461
1,2017-09-15,0.004117802750905843
1,2017-09-16,0.004111572187256879
1,2017-09-17,0.004106849162179344
1,2017-09-18,0.004105594150859858
1,2017-09-19,0.004108226932228088
1,2017-09-20,0.004114666940798492
1,2017-09-21,0.004123267053321828
1,2017-09-22,0.0041323408654054625
1,2017-09-23,0.004140133370757653
1,2017-09-24,0.0041449372586651895
1,2017-09-25,0.004146980879507248
1,2017-09-26,0.004147257135401686
1,2017-09-27,0.004146464915961734
1,2017-09-28,0.00414412703656398
1,2017-09-29,0.004139241286543376
1,2017-09-30,0.004132390327367336
1,2017-10-01,0.00412524860477235
1,2017-10-02,0.004119294925078435
1,2017-10-03,0.0041144924125257835
1,2017-10-04,0.004111427563023082
1,2017-10-05,0.0041105647137740665
1,2017-10-06,0.004111304577618666
1,2017-10-07,0.004112376115495442
1,2017-10-08,0.0041122958969852675
1,2017-10-09,0.004111428880696906
1,2017-10-10,0.004110728219712563
1,2017-10-11,0.004110090493399271
1,2017-10-12,0.004109209637473641
1,2017-10-13,0.004107566850371705
1,2017-10-14,0.004104892288085577
1,2017-10-15,0.004101871342035235
1,2017-10-16,0.00409911264696171
1,2017-10-17,0.004096194663047748
1,2017-10-18,0.004093521338842264
1,2017-10-19,0.004090877737661239
1,2017-10-20,0.004087745932852204
1,2017-10-21,0.004084288145008776
1,2017-10-22,0.004080358183690862
1,2017-10-23,0.004075878563283572
1,2017-10-24,0.004071183473391653
1,2017-10-25,0.004067538264583339
1,2017-10-26,0.004066115350394925
1,2017-10-27,0.004067240477748453
1,2017-10-28,0.00407137347746458
1,2017-10-29,0.004078659225020502
1,2017-10-30,0.004088825324170433
1,2017-10-31,0.004101225338454336
1,2017-11-01,0.0041157284829425895
1,2017-11-02,0.004132233632759623
1,2017-11-03,0.004148932524482675
1,2017-11-04,0.004162467819741599
1,2017-11-05,0.004170671085302316
1,2017-11-06,0.00417493969868
1,2017-11-07,0.004177508928987878
1,2017-11-08,0.004179062465678245
1,2017-11-09,0.004179262069064106
1,2017-11-10,0.0041767366701556
1,2017-11-11,0.004170716101720743
1,2017-11-12,0.00416231899474088
1,2017-11-13,0.004153759456270752
1,2017-11-14,0.004145772063784152
1,2017-11-15,0.004138433855969849
1,2017-11-16,0.004131496773589484
1,2017-11-17,0.004125212967862587
1,2017-11-18,0.004119181819987482
1,2017-11-19,0.004112648281256884
1,2017-11-20,0.004105912903907371
1,2017-11-21,0.00409909644710515
1,2017-11-22,0.004093522615364284
1,2017-11-23,0.004090031802960805
1,2017-11-24,0.004088766639511127
1,2017-11-25,0.004089691752155811
1,2017-11-26,0.004092533664934764
1,2017-11-27,0.004096847333976349
1,2017-11-28,0.004102391275604767
1,2017-11-29,0.004108840799690839
1,2017-11-30,0.004115760180360724
1,2017-12-01,0.004121829867613143
1,2017-12-02,0.004125015184935148
1,2017-12-03,0.004124268234655596
1,2017-12-04,0.004120946406827858
1,2017-12-05,0.004115742982152013
1,2017-12-06,0.0041093679012463875
1,2017-12-07,0.004102019129813133
1,2017-12-08,0.004093488137652751
1,2017-12-09,0.0040836759593075676
1,2017-12-10,0.004073736764754811
1,2017-12-11,0.004065199528151974
1,2017-12-12,0.004058587406574271
1,2017-12-13,0.004053289654762081
1,2017-12-14,0.004049305750937442
1,2017-12-15,0.0040474029760947956
1,2017-12-16,0.004047502642988332
1,2017-12-17,0.004048797816426643
1,2017-12-18,0.004050679278488173
1,2017-12-19,0.004053005045588221
1,2017-12-20,0.004055685847422901
1,2017-12-21,0.004058217239465702
1,2017-12-22,0.004060726391646121
1,2017-12-23,0.004063730995544865
1,2017-12-24,0.0040673951672465115
1,2017-12-25,0.004072020649609239
1,2017-12-26,0.004077819687158613
1,2017-12-27,0.004084242743479434
1,2017-12-28,0.004090281996859195
1,2017-12-29,0.00409463259303758
1,2017-12-30,0.00409720671701372
1,2017-12-31,0.00409806292823685
1,2018-01-01,0.004097628018828079
1,2018-01-02,0.004096742562321247
1,2018-01-03,0.0040967235427469915
1,2018-01-04,0.004097362429695212
1,2018-01-05,0.004097872045377248
1,2018-01-06,0.004097545754806116
1,2018-01-07,0.004095460257906901
1,2018-01-08,0.00409144660502095
1,2018-01-09,0.00408594391044745
1,2018-01-10,0.004080419518374153
1,2018-01-11,0.004076361940103123
1,2018-01-12,0.004074551814596554
1,2018-01-13,0.004074461488796305
1,2018-01-14,0.004074768154332125
1,2018-01-15,0.004074426836300779
1,2018-01-16,0.004073286910255007
1,2018-01-17,0.004072068614402508
1,2018-01-18,0.004070964524778892
1,2018-01-19,0.004069527654352397
1,2018-01-20,0.0040679044432701626
1,2018-01-21,0.004066909555375963
1,2018-01-22,0.004067662367196636
1,2018-01-23,0.004070589036167903
1,2018-01-24,0.004076000986789606
1,2018-01-25,0.004083822755632115
1,2018-01-26,0.0040928806479133845
1,2018-01-27,0.004102200944805999
1,2018-01-28,0.004111384913620954
1,2018-01-29,0.004119636020056482
1,2018-01-30,0.004126712629134244
1,2018-01-31,0.0041336598492163635
1,2018-02-01,0.004140159025226931
1,2018-02-02,0.004145881572902169
1,2018-02-03,0.004148969349918848
1,2018-02-04,0.0041479051351382985
1,2018-02-05,0.004143562528904009
1,2018-02-06,0.004137757743994894
1,2018-02-07,0.0041314310372314676
1,2018-02-08,0.0041258678401027305
1,2018-02-09,0.004122639189830956
1,2018-02-10,0.0041212625851091925
1,2018-02-11,0.0041204593790682646
1,2018-02-12,0.004120242504827553
1,2018-02-13,0.0041195812094350585
1,2018-02-14,0.004118272217958291
1,2018-02-15,0.004116454601778981
1,2018-02-16,0.004114191405879828
1,2018-02-17,0.004112072350322302
1,2018-02-18,0.004111122789459078
1,2018-02-19,0.004111212866433957
1,2018-02-20,0.004111906896002522
1,2018-02-21,0.0041130407455163085
1,2018-02-22,0.00411411488973633
1,2018-02-23,0.004115052546031056
1,2018-02-24,0.004115926260365341
1,2018-02-25,0.004116442993343005
1,2018-02-26,0.0041175314850230935
1,2018-02-27,0.00411902249034027
1,2018-02-28,0.00411966123054241
1,2018-03-01,0.004118815815616317
1,2018-03-02,0.00411645509915968
1,2018-03-03,0.004111491560107457
1,2018-03-04,0.004105869118710458
1,2018-03-05,0.004101271350346611
1,2018-03-06,0.004097819819494928
1,2018-03-07,0.00409515364368951
1,2018-03-08,0.004093322847901053
1,2018-03-09,0.004092741928682956
1,2018-03-10,0.004093075770032791
1,2018-03-11,0.004093882462674255
1,2018-03-12,0.0040948914834248885
1,2018-03-13,0.004095776194318878
1,2018-03-14,0.004097277848728162
1,2018-03-15,0.004100181247857675
1,2018-03-16,0.004104182647648705
1,2018-03-17,0.004108384471619238
1,2018-03-18,0.004110932857091619
1,2018-03-19,0.0041113044802237615
1,2018-03-20,0.004109665996449895
1,2018-03-21,0.004107265368214529
1,2018-03-22,0.004105634497052585
1,2018-03-23,0.004106075525379388
1,2018-03-24,0.004109229179147656
1,2018-03-25,0.004115126718553264
1,2018-03-26,0.0041247641048661
1,2018-03-27,0.004138604335083286
1,2018-03-28,0.004155916184973312
1,2018-03-29,0.004174013102209046
1,2018-03-30,0.004190368575097034
1,2018-03-31,0.00420206021148563
1,2018-04-01,0.004206208373232276
1,2018-04-02,0.0042030491754969455
1,2018-04-03,0.004193668299563859
1,2018-04-04,0.004179982861823252
1,2018-04-05,0.004164906325404368
1,2018-04-06,0.004152638191972981
1,2018-04-07,0.004146340497273889
1,2018-04-08,0.00414447323703355
1,2018-04-09,0.00414369013642127
1,2018-04-10,0.004142759509261131
1,2018-04-11,0.004142249046670267
1,2018-04-12,0.004141531540158084
1,2018-04-13,0.004139158569460207
1,2018-04-14,0.004134513298543122
1,2018-04-15,0.004128758379740286
1,2018-04-16,0.004123140557205579
1,2018-04-17,0.0041176176254399555
1,2018-04-18,0.004112141841324886
1,2018-04-19,0.0041065705176553755
1,2018-04-20,0.004101641900439908
1,2018-04-21,0.004097366232317006
1,2018-04-22,0.004094104070499776
1,2018-04-23,0.0040935722950017715
1,2018-04-24,0.004095613650453663
1,2018-04-25,0.004099472640131387
1,2018-04-26,0.004104596437004714
1,2018-04-27,0.00410919501777734
1,2018-04-28,0.004110477984364017
1,2018-04-29,0.004107759568353292
1,2018-04-30,0.00410246747182356
1,2018-05-01,0.004096570501914755
1,2018-05-02,0.004092183451043266
1,2018-05-03,0.004090080046929215
1,2018-05-04,0.004091122437568312
1,2018-05-05,0.004095787363971046
1,2018-05-06,0.004102851219716376
1,2018-05-07,0.004110851992793084
1,2018-05-08,0.004117961733081843
1,2018-05-09,0.004124064020416264
1,2018-05-10,0.004129291648617613
1,2018-05-11,0.004133239175448897
1,2018-05-12,0.0041352488379362996
1,2018-05-13,0.0041360862386931475
1,2018-05-14,0.00413606345249651
1,2018-05-15,0.004135387615641134
1,2018-05-16,0.004134965541252986
1,2018-05-17,0.004135225086960953
1,2018-05-18,0.004136372772756166
1,2018-05-19,0.004138574976136901
1,2018-05-20,0.00414189106423664
1,2018-05-21,0.0041467225026528155
1,2018-05-22,0.004152849668337894
1,2018-05-23,0.004160469918819453
1,2018-05-24,0.004168538813132937
1,2018-05-25,0.004175115906342829
1,2018-05-26,0.004178502775013556
1,2018-05-27,0.004177500759324606
1,2018-05-28,0.00417205264355325
1,2018-05-29,0.004162957235746509
1,2018-05-30,0.004151655788034928
1,2018-05-31,0.004140012333844043
1,2018-06-01,0.0041302746433698415
1,2018-06-02,0.004123950979652022
1,2018-06-03,0.004120518535001687
1,2018-06-04,0.004118976723226276
1,2018-06-05,0.004118818473354125
1,2018-06-06,0.004120009720869381
1,2018-06-07,0.0041219139276672204
1,2018-06-08,0.0041235461648124905
1,2018-06-09,0.004123610986523517
1,2018-06-10,0.004121795322172968
1,2018-06-11,0.004118892247687649
1,2018-06-12,0.004115497594961376
1,2018-06-13,0.004111770453758256
1,2018-06-14,0.004107517171210025
1,2018-06-15,0.004103535852214577
1,2018-06-16,0.004101165743170829
1,2018-06-17,0.004100563549168887
1,2018-06-18,0.004101122754496632
1,2018-06-19,0.004101958790199667
1,2018-06-20,0.004102929853368723
1,2018-06-21,0.004103806870312929
1,2018-06-22,0.004103904388490969
1,2018-06-23,0.004102338980086351
1,2018-06-24,0.004099673974886727
1,2018-06-25,0.004096588930714443
1,2018-06-26,0.004094573618382164
1,2018-06-27,0.004095256704669663
1,2018-06-28,0.004098793131320113
1,2018-06-29,0.004105547503265418
1,2018-06-30,0.004114679175866285
1,2018-07-01,0.004126623659625789
1,2018-07-02,0.004140992483238836
1,2018-07-03,0.00415539303992594
1,2018-07-04,0.004167498260684086
1,2018-07-05,0.004174838481300154
1,2018-07-06,0.004176438883073405
1,2018-07-07,0.004173140744889262
1,2018-07-08,0.0041683577746567686
1,2018-07-09,0.0041645804445973895
1,2018-07-10,0.004160104782314345
1,2018-07-11,0.004155180489342257
1,2018-07-12,0.004151357491254145
1,2018-07-13,0.004149743128733023
1,2018-07-14,0.004150346406102257
1,2018-07-15,0.0041510790044598875
1,2018-07-16,0.004151528584667949
1,2018-07-17,0.0041525246242967665
1,2018-07-18,0.004155169958816292
1,2018-07-19,0.004159314450932624
1,2018-07-20,0.004164149667697225
1,2018-07-21,0.004167059147327104
1,2018-07-22,0.004165707271684848
1,2018-07-23,0.004159460501852072
1,2018-07-24,0.0041508003560723015
1,2018-07-25,0.004142195489359618
1,2018-07-26,0.00413550665346458
1,2018-07-27,0.0041323352389598614
1,2018-07-28,0.0041330382576646885
1,2018-07-29,0.00413727669264176
1,2018-07-30,0.004144316247826867
1,2018-07-31,0.004152952552775842
1,2018-08-01,0.004162805326064599
1,2018-08-02,0.004173555431349696
1,2018-08-03,0.0041844283936193095
1,2018-08-04,0.0041938105320759814
1,2018-08-05,0.00420118601978048
1,2018-08-06,0.004206546898215308
1,2018-08-07,0.004208428393215719
1,2018-08-08,0.0042061785225532364
1,2018-08-09,0.004200920475930564
1,2018-08-10,0.004194555307611559
1,2018-08-11,0.004188889271046702
1,2018-08-12,0.004183435772658952
1,2018-08-13,0.004178201535620216
1,2018-08-14,0.004173161740211826
1,2018-08-15,0.004168921891797838
1,2018-08-16,0.004165677297482089
1,2018-08-17,0.004162759074014097
1,2018-08-18,0.004158483419843576
1,2018-08-19,0.004152761028614659
1,2018-08-20,0.004146273011843298
1,2018-08-21,0.004139759993691943
1,2018-08-22,0.004134676327940028
1,2018-08-23,0.004131540695695117
1,2018-08-24,0.004130825276724816
1,2018-08-25,0.0041326916034000825
1,2018-08-26,0.004136474896524295
1,2018-08-27,0.004140862976556721
1,2018-08-28,0.0041447832285187464
1,2018-08-29,0.004147905806797617
1,2018-08-30,0.004150015724215543
1,2018-08-31,0.0041507906677445364
1,2018-09-01,0.004149975633389468
1,2018-09-02,0.004148126981928188
1,2018-09-03,0.004145726416918643
1,2018-09-04,0.004142998779925676
1,2018-09-05,0.004140103329585311
1,2018-09-06,0.0041377445622066845
1,2018-09-07,0.004136963408354776
1,2018-09-08,0.004138141551485073
1,2018-09-09,0.004141415759733967
1,2018-09-10,0.004147415819840803
1,2018-09-11,0.00415535224221244
1,2018-09-12,0.00416386648542927
1,2018-09-13,0.004170580136185488
1,2018-09-14,0.0041739999848568275
1,2018-09-15,0.004173479768810143
1,2018-09-16,0.004169538281255431
1,2018-09-17,0.004162967067500427
1,2018-09-18,0.004153999945887521
1,2018-09-19,0.004144331532808522
1,2018-09-20,0.00413550070347104
1,2018-09-21,0.004128978965101534
1,2018-09-22,0.004125746368289317
1,2018-09-23,0.004124046151037406
1,2018-09-24,0.004121792189186549
1,2018-09-25,0.004118792171984529
1,2018-09-26,0.004116333527307324
1,2018-09-27,0.004115415686145376
1,2018-09-28,0.004115710172620456
1,2018-09-29,0.004116431286786614
1,2018-09-30,0.004117293272014039
1,2018-10-01,0.00411778748809013
1,2018-10-02,0.004118372546026769
1,2018-10-03,0.004119621221538939
1,2018-10-04,0.004121520159618601
1,2018-10-05,0.004123544275492214
1,2018-10-06,0.004125487186943966
1,2018-10-07,0.0041278817058581305
1,2018-10-08,0.004131355366649299
1,2018-10-09,0.004135797359098118
1,2018-10-10,0.004140163547413473
1,2018-10-11,0.004143466503487016
1,2018-10-12,0.004145682821032478
1,2018-10-13,0.004146383845239058
1,2018-10-14,0.004145527613084761
1,2018-10-15,0.004144041495531105
1,2018-10-16,0.00414176551418906
1,2018-10-17,0.004138888418881883
1,2018-10-18,0.004135701829470937
1,2018-10-19,0.004132726116943404
1,2018-10-20,0.004130266382760846
1,2018-10-21,0.004128065077672225
1,2018-10-22,0.0041251841417356775
1,2018-10-23,0.004121250605263674
1,2018-10-24,0.004116533659435659
1,2018-10-25,0.004110877676392359
1,2018-10-26,0.004104196761576711
1,2018-10-27,0.004096914508861843
1,2018-10-28,0.004089927095144047
1,2018-10-29,0.004083815168664984
1,2018-10-30,0.004079328848588798
1,2018-10-31,0.004077586212785327
1,2018-11-01,0.004078723780945719
1,2018-11-02,0.004082331866326833
1,2018-11-03,0.004087893399748724
1,2018-11-04,0.0040951333685786285
1,2018-11-05,0.004103792877413777
1,2018-11-06,0.00411363270335958
1,2018-11-07,0.004123559793748269
1,2018-11-08,0.004131936956983282
1,2018-11-09,0.004137738980164217
1,2018-11-10,0.004140932623362502
1,2018-11-11,0.004142561327297055
1,2018-11-12,0.004143293490256399
1,2018-11-13,0.004142892821802963
1,2018-11-14,0.004142100577871512
1,2018-11-15,0.004141809700483114
1,2018-11-16,0.004141772522503058
1,2018-11-17,0.0041417254947451205
1,2018-11-18,0.004141173741172297
1,2018-11-19,0.004140279707004183
1,2018-11-20,0.004138965873487667
1,2018-11-21,0.004137123503970207
1,2018-11-22,0.004134167176196449
1,2018-11-23,0.004129739887095663
1,2018-11-24,0.004124333678111667
1,2018-11-25,0.004118645741518325
1,2018-11-26,0.004113511026790024
1,2018-11-27,0.0041091872743659625
1,2018-11-28,0.004105223891666844
1,2018-11-29,0.004101266675323173
1,2018-11-30,0.004097032660165189
1,2018-12-01,0.004092460904604038
1,2018-12-02,0.0040872199570656815
1,2018-12-03,0.004082034922864715
1,2018-12-04,0.004078175489963415
1,2018-12-05,0.004076254289616861
1,2018-12-06,0.00407615199856773
1,2018-12-07,0.0040776584828081264
1,2018-12-08,0.004080406422984436
1,2018-12-09,0.004083424683030074
1,2018-12-10,0.004086033483809136
1,2018-12-11,0.004088385447387247
1,2018-12-12,0.0040903520403728095
1,2018-12-13,0.0040926532475373
1,2018-12-14,0.004096094025358531
1,2018-12-15,0.004100912573387192
1,2018-12-16,0.004106772177088861
1,2018-12-17,0.004112767715327622
1,2018-12-18,0.004118021980324025
1,2018-12-19,0.004121595236055322
1,2018-12-20,0.004122083004163184
1,2018-12-21,0.004119373512733527
1,2018-12-22,0.004114911669960435
1,2018-12-23,0.004111036109165205
1,2018-12-24,0.004109351190120557
1,2018-12-25,0.004108352579099981
1,2018-12-26,0.004106869150305158
1,2018-12-27,0.004104942862781501
1,2018-12-28,0.004103146205867417
1,2018-12-29,0.004101281301113759
1,2018-12-30,0.004097815936110092
1,2018-12-31,0.00409347077498501
1,2019-01-01,0.004089556984174953
1,2019-01-02,0.004086769644362319
1,2019-01-03,0.00408524052961909
1,2019-01-04,0.004085131286563426
1,2019-01-05,0.004085773352528044
1,2019-01-06,0.004086233726245151
1,2019-01-07,0.004086216693630249
1,2019-01-08,0.0040873075545965355
1,2019-01-09,0.004091090448541843
1,2019-01-10,0.0040970145732219885
1,2019-01-11,0.004103951254865313
1,2019-01-12,0.004111114159807723
1,2019-01-13,0.004119075061815117
1,2019-01-14,0.004126788354175516
1,2019-01-15,0.004134127907675237
1,2019-01-16,0.004140162702869281
1,2019-01-17,0.004142960801686484
1,2019-01-18,0.004141136638667478
1,2019-01-19,0.004135570894031869
1,2019-01-20,0.004127964622745986
1,2019-01-21,0.004120161196536161
1,2019-01-22,0.004113135977341519
1,2019-01-23,0.004107571584937625
1,2019-01-24,0.0041043325270688925
1,2019-01-25,0.004103302867662488
1,2019-01-26,0.004103782735633723
1,2019-01-27,0.004104732930076608
1,2019-01-28,0.004105523034400061
1,2019-01-29,0.004106373629067303
1,2019-01-30,0.004107843751779571
1,2019-01-31,0.004110131798882264
1,2019-02-01,0.004113039860502309
1,2019-02-02,0.004116008753394561
1,2019-02-03,0.004119258585149112
1,2019-02-04,0.0041236180791815406
1,2019-02-05,0.004130366398158039
1,2019-02-06,0.004141488412498286
1,2019-02-07,0.004155632788789445
1,2019-02-08,0.0041697996624439435
1,2019-02-09,0.004182157311546012
1,2019-02-10,0.004191951732236196
1,2019-02-11,0.004199702218486952
1,2019-02-12,0.004205129749193135
1,2019-02-13,0.004206769196240039
1,2019-02-14,0.004202680618673184
1,2019-02-15,0.004192205583302898
1,2019-02-16,0.004177847599695842
1,2019-02-17,0.004162843600868738
1,2019-02-18,0.004150052918131629
1,2019-02-19,0.004141062584223644
1,2019-02-20,0.004133953677059399
1,2019-02-21,0.0041274716627817
1,2019-02-22,0.00412153645545746
1,2019-02-23,0.004116371262455483
1,2019-02-24,0.004112129558911307
1,2019-02-25,0.004108673072547539
1,2019-02-26,0.0041065549855535555
1,2019-02-27,0.004105594094847448
1,2019-02-28,0.004104989784453202
1,2019-03-01,0.004104818435267854
1,2019-03-02,0.004105544771209281
1,2019-03-03,0.004106944815862533
1,2019-03-04,0.004108904089213635
1,2019-03-05,0.004110882140158508
1,2019-03-06,0.004113103760735303
1,2019-03-07,0.004116343558967167
1,2019-03-08,0.004120452301232052
1,2019-03-09,0.00412439845940585
1,2019-03-10,0.004127611774196774
1,2019-03-11,0.004130175410897366
1,2019-03-12,0.0041321433077203
1,2019-03-13,0.004133239271061783
1,2019-03-14,0.004132854924629089
1,2019-03-15,0.004130776967060318
1,2019-03-16,0.00412888597659092
1,2019-03-17,0.004128274463720891
1,2019-03-18,0.004129490409094204
1,2019-03-19,0.004132985374887587
1,2019-03-20,0.004138802047776164
1,2019-03-21,0.004146739546381605
1,2019-03-22,0.004155519173497909
1,2019-03-23,0.004162813637627794
1,2019-03-24,0.004166650631621695
1,2019-03-25,0.004168076032353607
1,2019-03-26,0.004168531504903506
1,2019-03-27,0.004167564255351081
1,2019-03-28,0.004164388277383151
1,2019-03-29,0.004160373391714935
1,2019-03-30,0.004157355778699657
1,2019-03-31,0.004156172655877715
1,2019-04-01,0.004157093145957672
1,2019-04-02,0.004159649599299093
1,2019-04-03,0.004162902089377677
1,2019-04-04,0.00416474600713475
1,2019-04-05,0.004164208355550864
1,2019-04-06,0.004162868406534225
1,2019-04-07,0.004162433824417009
1,2019-04-08,0.004161637332466448
1,2019-04-09,0.00415921584299467
1,2019-04-10,0.004155196171951045
1,2019-04-11,0.004149347748054
1,2019-04-12,0.00413967725303257
1,2019-04-13,0.00412665410456012
1,2019-04-14,0.004112274317917263
1,2019-04-15,0.004099408412054426
1,2019-04-16,0.004092022826541955
1,2019-04-17,0.004091481358341033
1,2019-04-18,0.004096693132665448
1,2019-04-19,0.004105072598700807
1,2019-04-20,0.004114375238435346
1,2019-04-21,0.004123183270528541
1,2019-04-22,0.00413102777534251
1,2019-04-23,0.004138326582695086
1,2019-04-24,0.0041452431060442375
1,2019-04-25,0.0041514368491096815
1,2019-04-26,0.004156195759274202
1,2019-04-27,0.004157104382718333
1,2019-04-28,0.004153016829851976
1,2019-04-29,0.004144332608293994
1,2019-04-30,0.004134635442408942
1,2019-05-01,0.004127492474724452
1,2019-05-02,0.004122570328207982
1,2019-05-03,0.004118680624873848
1,2019-05-04,0.004116095515095503
1,2019-05-05,0.0041144717917807275
1,2019-05-06,0.004113048719752018
1,2019-05-07,0.004110893912003076
1,2019-05-08,0.004107693033917526
1,2019-05-09,0.0041036607292947325
1,2019-05-10,0.004100142336581682
1,2019-05-11,0.004100322948068268
1,2019-05-12,0.004105033140316393
1,2019-05-13,0.004113144272333289
1,2019-05-14,0.004123444516550412
1,2019-05-15,0.004133398788785299
1,2019-05-16,0.00414140445527421
1,2019-05-17,0.004147377810577656
1,2019-05-18,0.004151270156550523
1,2019-05-19,0.0041537033671356725
1,2019-05-20,0.004156143133285601
1,2019-05-21,0.004159504351364052
1,2019-05-22,0.004163472983958203
1,2019-05-23,0.004167536018581873
1,2019-05-24,0.004171264060282816
1,2019-05-25,0.004173735335224868
1,2019-05-26,0.004174857215960831
1,2019-05-27,0.004177314438072526
1,2019-05-28,0.0041841213688087
1,2019-05-29,0.004195511467625578
1,2019-05-30,0.004209545096960298
1,2019-05-31,0.00422326919095624
1,2019-06-01,0.004234421093984338
1,2019-06-02,0.004242178905177566
1,2019-06-03,0.004246154950155118
1,2019-06-04,0.0042463956046421645
1,2019-06-05,0.00424223136258311
1,2019-06-06,0.004232812721978967
1,2019-06-07,0.004217999625702034
1,2019-06-08,0.004201279981887894
1,2019-06-09,0.004183729609036348
1,2019-06-10,0.004166000221278466
1,2019-06-11,0.004149559998472789
1,2019-06-12,0.004136176411873022
1,2019-06-13,0.004126462476116722
1,2019-06-14,0.004120174389446516
1,2019-06-15,0.004116769853657306
1,2019-06-16,0.004115622591625965
1,2019-06-17,0.0041158082003868186
1,2019-06-18,0.004116760640190476
1,2019-06-19,0.00411866876603645
1,2019-06-20,0.004121069670286319
1,2019-06-21,0.0041227806729355766
1,2019-06-22,0.004123005468250384
1,2019-06-23,0.004121791387573447
1,2019-06-24,0.004120563562925146
1,2019-06-25,0.004121921414180165
1,2019-06-26,0.004126738173483914
1,2019-06-27,0.004134199931060652
1,2019-06-28,0.004142901442904469
1,2019-06-29,0.0041510080547436535
1,2019-06-30,0.004157890326420071
1,2019-07-01,0.004163656047525487
1,2019-07-02,0.004168465347870002
1,2019-07-03,0.004171866038746407
1,2019-07-04,0.00417285900223298
1,2019-07-05,0.004170863131966568
1,2019-07-06,0.004166336650743835
1,2019-07-07,0.004160181642265797
1,2019-07-08,0.004153748822010932
1,2019-07-09,0.004148736680853528
1,2019-07-10,0.004145766278937904
1,2019-07-11,0.004143896243646869
1,2019-07-12,0.004141281282475763
1,2019-07-13,0.004137570455947337
1,2019-07-14,0.004133136191682917
1,2019-07-15,0.004128681257958055
1,2019-07-16,0.004125092428831316
1,2019-07-17,0.004122327240600384
1,2019-07-18,0.004120504987993838
1,2019-07-19,0.004120721961395466
1,2019-07-20,0.004124361719606786
1,2019-07-21,0.004131020845902946
1,2019-07-22,0.004140420142951554
1,2019-07-23,0.004151079384355357
1,2019-07-24,0.004162279825336993
1,2019-07-25,0.0041734718921085535
1,2019-07-26,0.004183787367211438
1,2019-07-27,0.004192098303783422
1,2019-07-28,0.004198063172870666
1,2019-07-29,0.00420215235473872
1,2019-07-30,0.004204474133617223
1,2019-07-31,0.004204544156494941
1,2019-08-01,0.004201686658672385
1,2019-08-02,0.004196137427398891
1,2019-08-03,0.004189410788228884
1,2019-08-04,0.004182486794841971
1,2019-08-05,0.004177188364238667
1,2019-08-06,0.0041745869275206324
1,2019-08-07,0.004174520134397968
1,2019-08-08,0.004175347410834253
1,2019-08-09,0.004175617483218536
1,2019-08-10,0.004174739794077094
1,2019-08-11,0.004173398175503254
1,2019-08-12,0.004172279588747158
1,2019-08-13,0.004171991577219461
1,2019-08-14,0.0041718183714055685
1,2019-08-15,0.004170245057368989
1,2019-08-16,0.004166402665391514
1,2019-08-17,0.004161297689161127
1,2019-08-18,0.004155450749291823
1,2019-08-19,0.00414947223582072
1,2019-08-20,0.004144462360052359
1,2019-08-21,0.0041404535846213
1,2019-08-22,0.004137306135415459
1,2019-08-23,0.0041347567364229555
1,2019-08-24,0.004132771326245109
1,2019-08-25,0.004130668921600371
1,2019-08-26,0.004128348171401683
1,2019-08-27,0.004126513971551596
1,2019-08-28,0.0041260958594315725
1,2019-08-29,0.004127706665036564
1,2019-08-30,0.004131160458721037
1,2019-08-31,0.004134775792861077
1,2019-09-01,0.004137348410313492
1,2019-09-02,0.004139745500688805
1,2019-09-03,0.004143295107436129
1,2019-09-04,0.00414822233248026
1,2019-09-05,0.004153446875759007
1,2019-09-06,0.004157529488466623
1,2019-09-07,0.004159299021721472
1,2019-09-08,0.004158456015683843
1,2019-09-09,0.004156197104472759
1,2019-09-10,0.004153637172016169
1,2019-09-11,0.004151092410103601
1,2019-09-12,0.0041490867235663715
1,2019-09-13,0.004149379267434134
1,2019-09-14,0.004152191051497814
1,2019-09-15,0.004155972682277806
1,2019-09-16,0.004159513743557193
1,2019-09-17,0.004163064368644798
1,2019-09-18,0.004165950856513169
1,2019-09-19,0.004166586505681984
1,2019-09-20,0.004164541785379882
1,2019-09-21,0.004160655056255571
1,2019-09-22,0.004156598649925585
1,2019-09-23,0.004152506160722486
1,2019-09-24,0.004148025940872159
1,2019-09-25,0.004142730558457335
1,2019-09-26,0.0041362775368770244
1,2019-09-27,0.004129097277215771
1,2019-09-28,0.004123578273897048
1,2019-09-29,0.004118740628695211
1,2019-09-30,0.004114902025646206
1,2019-10-01,0.004113211225216512
1,2019-10-02,0.0041133521959420705
1,2019-10-03,0.004114216993663851
1,2019-10-04,0.004114993553243228
1,2019-10-05,0.004115052385891752
1,2019-10-06,0.004114937841187405
1,2019-10-07,0.004115249509493374
1,2019-10-08,0.004116631086483838
1,2019-10-09,0.004119268159559245
1,2019-10-10,0.004122688427089767
1,2019-10-11,0.004126666057457014
1,2019-10-12,0.00412971590689966
1,2019-10-13,0.004129558843445404
1,2019-10-14,0.004127178876129957
1,2019-10-15,0.004124320208296466
1,2019-10-16,0.004122775234386292
1,2019-10-17,0.0041219820608427455
1,2019-10-18,0.004120533283852848
1,2019-10-19,0.0041173936225783695
1,2019-10-20,0.004112949520423287
1,2019-10-21,0.004107613429067134
1,2019-10-22,0.004101553052522066
1,2019-10-23,0.004094732238092475
1,2019-10-24,0.0040870737342101355
1,2019-10-25,0.004079023189225249
1,2019-10-26,0.004072821880523778
1,2019-10-27,0.004068426058489784
1,2019-10-28,0.00406576005092279
1,2019-10-29,0.00406484940013606
1,2019-10-30,0.0040654689055338675
1,2019-10-31,0.004067350386106299
1,2019-11-01,0.00407051913215674
1,2019-11-02,0.0040747144984779
1,2019-11-03,0.0040796230876265095
1,2019-11-04,0.004085270342383403
1,2019-11-05,0.00409193871888751
1,2019-11-06,0.004099671807077156
1,2019-11-07,0.004108097621618708
1,2019-11-08,0.004116948119552587
1,2019-11-09,0.004125095123640491
1,2019-11-10,0.004130821391377536
1,2019-11-11,0.004134826442087661
1,2019-11-12,0.004138250764485112
1,2019-11-13,0.004141297349375463
1,2019-11-14,0.004142949178892333
1,2019-11-15,0.004142319618621321
1,2019-11-16,0.004139323126350883
1,2019-11-17,0.0041349343889708155
1,2019-11-18,0.0041297378751278275
1,2019-11-19,0.004124558061139457
1,2019-11-20,0.004119338576157443
1,2019-11-21,0.00411384836006152
1,2019-11-22,0.0041082750045611256
1,2019-11-23,0.004103693468786052
1,2019-11-24,0.004100406213036216
1,2019-11-25,0.004097611266839456
1,2019-11-26,0.004094318461062086
1,2019-11-27,0.004090479154867427
1,2019-11-28,0.004086263278652242
1,2019-11-29,0.004081593193212581
1,2019-11-30,0.004076348514741321
1,2019-12-01,0.004071009847791839
1,2019-12-02,0.004065973400749547
1,2019-12-03,0.004061611863210227
1,2019-12-04,0.0040582506153973175
1,2019-12-05,0.0040560016191494245
1,2019-12-06,0.004055021123569662
1,2019-12-07,0.00405520064476045
1,2019-12-08,0.0040561865816046445
1,2019-12-09,0.004058069662176646
1,2019-12-10,0.004060706705429769
1,2019-12-11,0.004063886940860505
1,2019-12-12,0.00406740217493873
1,2019-12-13,0.004071189491042558
1,2019-12-14,0.004074548622477589
1,2019-12-15,0.004077167185155108
1,2019-12-16,0.004078686342732738
1,2019-12-17,0.004079114209413081
1,2019-12-18,0.004078735901251742
1,2019-12-19,0.004078305184931999
1,2019-12-20,0.004078327040751751
1,2019-12-21,0.004079139341597921
1,2019-12-22,0.004080775124748507
1,2019-12-23,0.0040818157897182395
1,2019-12-24,0.004082389083146407
1,2019-12-25,0.004082670298423826
1,2019-12-26,0.004082142296726108
1,2019-12-27,0.00407962711994918
1,2019-12-28,0.004075034206332548
1,2019-12-29,0.0040708519107027445
1,2019-12-30,0.004068530707175654
1,2019-12-31,0.004067964069323424
1,2020-01-01,0.004069051023743208
1,2020-01-02,0.004071477641583223
1,2020-01-03,0.0040748147704176094
1,2020-01-04,0.004078330911058555
1,2020-01-05,0.004081738669477699
1,2020-01-06,0.0040856667272260744
1,2020-01-07,0.004090128381781239
1,2020-01-08,0.004095098431373076
1,2020-01-09,0.004100578455767572
1,2020-01-10,0.004105516964189331
1,2020-01-11,0.0041083458128321915
1,2020-01-12,0.004108401605012227
1,2020-01-13,0.004106311396632785
1,2020-01-14,0.004103975191088781
1,2020-01-15,0.004102360967469633
1,2020-01-16,0.004101416394016165
1,2020-01-17,0.004101108906001781
1,2020-01-18,0.004101836096820391
1,2020-01-19,0.004103208176918916
1,2020-01-20,0.004105415562688891
1,2020-01-21,0.004108825163795163
1,2020-01-22,0.004114607576142697
1,2020-01-23,0.0041216761474014724
1,2020-01-24,0.004129106717951999
1,2020-01-25,0.0041367390125726395
1,2020-01-26,0.004144057128213989
1,2020-01-27,0.004150249439797556
1,2020-01-28,0.004154338059366382
1,2020-01-29,0.004157176012839841
1,2020-01-30,0.0041593519356680295
1,2020-01-31,0.0041611222851239225
1,2020-02-01,0.004162580353202961
1,2020-02-02,0.00416298002147244
1,2020-02-03,0.004161886493391014
1,2020-02-04,0.004161454884745017
1,2020-02-05,0.004163078185730864
1,2020-02-06,0.004164553734762115
1,2020-02-07,0.004163389535533609
1,2020-02-08,0.004159374974319572
1,2020-02-09,0.004154302337729303
1,2020-02-10,0.004148393517728799
1,2020-02-11,0.0041421784438153714
1,2020-02-12,0.00413526560768933
1,2020-02-13,0.004128153811955042
1,2020-02-14,0.004121656863492274
1,2020-02-15,0.004116285720031103
1,2020-02-16,0.004112795531048584
1,2020-02-17,0.004110263157035306
1,2020-02-18,0.0041080346462743726
1,2020-02-19,0.0041065158111573494
1,2020-02-20,0.004106105773940544
1,2020-02-21,0.004105951798032354
1,2020-02-22,0.004105156197401443
1,2020-02-23,0.004103928918400461
1,2020-02-24,0.004102258336889939
1,2020-02-25,0.004099844902917956
1,2020-02-26,0.0040973095376983185
1,2020-02-27,0.004095368191489016
1,2020-02-28,0.004094399234614696
1,2020-02-29,0.0040946195828084845
1,2020-03-01,0.004095611218006676
1,2020-03-02,0.004096475855001296
1,2020-03-03,0.004097563772868464
1,2020-03-04,0.004099199893898802
1,2020-03-05,0.004100926979361376
1,2020-03-06,0.004101612588426619
1,2020-03-07,0.004100846369439639
1,2020-03-08,0.004099516976559853
1,2020-03-09,0.004098390287518372
1,2020-03-10,0.004097935278152215
1,2020-03-11,0.0040982697430338045
1,2020-03-12,0.004099325516009224
1,2020-03-13,0.004101071787719993
1,2020-03-14,0.004102830903202398
1,2020-03-15,0.004103973879635988
1,2020-03-16,0.004105143368970195
1,2020-03-17,0.004107175834860673
1,2020-03-18,0.004111872469904356
1,2020-03-19,0.004120093330655198
1,2020-03-20,0.004131104805404297
1,2020-03-21,0.004142963808542526
1,2020-03-22,0.004155700869009059
1,2020-03-23,0.004170674357140589
1,2020-03-24,0.004187028324396285
1,2020-03-25,0.004204395775499388
1,2020-03-26,0.004222689851756044
1,2020-03-27,0.0042408894989339144
1,2020-03-28,0.004256937930433824
1,2020-03-29,0.004268719777751307
1,2020-03-30,0.004275586615928072
1,2020-03-31,0.004278726888585676
1,2020-04-01,0.004278496413233407
1,2020-04-02,0.0042753683228790255
1,2020-04-03,0.004269093970123429
1,2020-04-04,0.004261117958157161
1,2020-04-05,0.004248098362685764
1,2020-04-06,0.004229637431433031
1,2020-04-07,0.004211095091994669
1,2020-04-08,0.004193944602641908
1,2020-04-09,0.004176956241535095
1,2020-04-10,0.004159035079093891
1,2020-04-11,0.004140341958900092
1,2020-04-12,0.004123744027443943
1,2020-04-13,0.004109194336300118
1,2020-04-14,0.004097248859532313
1,2020-04-15,0.004090262484987924
1,2020-04-16,0.004088496783645751
1,2020-04-17,0.004090266312614695
1,2020-04-18,0.00409328077436138
1,2020-04-19,0.004096551315162499
1,2020-04-20,0.004099845323719107
1,2020-04-21,0.004103405865856379
1,2020-04-22,0.0041075258902002355
1,2020-04-23,0.004112253509543093
1,2020-04-24,0.004116247283880459
1,2020-04-25,0.00411806076542358
1,2020-04-26,0.004118736782984878
1,2020-04-27,0.004118923327951969
1,2020-04-28,0.004118326754371579
1,2020-04-29,0.004117902242851983
1,2020-04-30,0.0041183925475177605
1,2020-05-01,0.0041190669409802375
1,2020-05-02,0.004119251127550379
1,2020-05-03,0.004117934102632373
1,2020-05-04,0.004115203864587977
1,2020-05-05,0.004112042077681706
1,2020-05-06,0.004108937703317115
1,2020-05-07,0.004106149183112523
1,2020-05-08,0.004103600944766974
1,2020-05-09,0.004101622751520097
1,2020-05-10,0.004100898452914838
1,2020-05-11,0.00410175285141077
1,2020-05-12,0.004105043726407577
1,2020-05-13,0.004110841896157224
1,2020-05-14,0.0041182450240782615
1,2020-05-15,0.004125720966246202
1,2020-05-16,0.004132374984591689
1,2020-05-17,0.004138065960898657
1,2020-05-18,0.0041430660882244025
1,2020-05-19,0.0041479399049998995
1,2020-05-20,0.004152719960344319
1,2020-05-21,0.00415714986809518
1,2020-05-22,0.004160601661309273
1,2020-05-23,0.004162643485757048
1,2020-05-24,0.004163419646931477
1,2020-05-25,0.004163204892695673
1,2020-05-26,0.004162940976562295
1,2020-05-27,0.004163800667506894
1,2020-05-28,0.0041665274305837195
1,2020-05-29,0.004170248712622305
1,2020-05-30,0.004173889100925291
1,2020-05-31,0.004175637920929622
1,2020-06-01,0.004175446108133024
1,2020-06-02,0.0041745571352097156
1,2020-06-03,0.004173576957157062
1,2020-06-04,0.004172915289523587
1,2020-06-05,0.004172987067305964
1,2020-06-06,0.004172172330537795
1,2020-06-07,0.004169405668743522
1,2020-06-08,0.004164494536173196
1,2020-06-09,0.004159201769045497
1,2020-06-10,0.004155388892302417
1,2020-06-11,0.004152555315203784
1,2020-06-12,0.004149296647789661
1,2020-06-13,0.004145329523957035
1,2020-06-14,0.0041399492253362
1,2020-06-15,0.004132966459924158
1,2020-06-16,0.004125621491935379
1,2020-06-17,0.004118133736569359
1,2020-06-18,0.0041095465742434865
1,2020-06-19,0.004099735037583195
1,2020-06-20,0.004090689275586064
1,2020-06-21,0.004084096211620919
1,2020-06-22,0.004080479460936504
1,2020-06-23,0.004080211836260299
1,2020-06-24,0.004083800248933305
1,2020-06-25,0.004090412753861858
1,2020-06-26,0.0040978071908302025
1,2020-06-27,0.004104088069713971
1,2020-06-28,0.004109832842501023
1,2020-06-29,0.0041160221540158335
1,2020-06-30,0.004122775973568743
1,2020-07-01,0.0041297362435950575
1,2020-07-02,0.004135594172274501
1,2020-07-03,0.0041387795254433455
1,2020-07-04,0.004138194085036436
1,2020-07-05,0.004134098098002222
1,2020-07-06,0.004129347538896816
1,2020-07-07,0.0041252018677041345
1,2020-07-08,0.00412328085530027
1,2020-07-09,0.004124499369769935
1,2020-07-10,0.004128286975570739
1,2020-07-11,0.004133443838854856
1,2020-07-12,0.004137337922099424
1,2020-07-13,0.004140020331837116
1,2020-07-14,0.004142611943527956
1,2020-07-15,0.004146209626631406
1,2020-07-16,0.0041508345080896614
1,2020-07-17,0.0041549733476602835
1,2020-07-18,0.00415701662949264
1,2020-07-19,0.0041573761312528965
1,2020-07-20,0.004156702963166859
1,2020-07-21,0.004155523949864121
1,2020-07-22,0.004155092554446281
1,2020-07-23,0.004156395045767482
1,2020-07-24,0.0041587893719292005
1,2020-07-25,0.004161920876962698
1,2020-07-26,0.00416544141476167
1,2020-07-27,0.004168939022481321
1,2020-07-28,0.004172168507819473
1,2020-07-29,0.00417418051324841
1,2020-07-30,0.00417471414579987
1,2020-07-31,0.004173765458903711
1,2020-08-01,0.004171072080400353
1,2020-08-02,0.004167915178734953
1,2020-08-03,0.004165030189316412
1,2020-08-04,0.004163283945282615
1,2020-08-05,0.004164415900696975
1,2020-08-06,0.004168954565400911
1,2020-08-07,0.004174967911370552
1,2020-08-08,0.0041806737930458766
1,2020-08-09,0.004185059882166909
1,2020-08-10,0.004188965994343029
1,2020-08-11,0.004192378904708043
1,2020-08-12,0.004194381888147991
1,2020-08-13,0.00419417203420939
1,2020-08-14,0.00419015532547805
1,2020-08-15,0.004181273685515874
1,2020-08-16,0.0041694991370732366
1,2020-08-17,0.004156634422880232
1,2020-08-18,0.004144567684286485
1,2020-08-19,0.004135128023752573
1,2020-08-20,0.004128573535552656
1,2020-08-21,0.0041239763738142535
1,2020-08-22,0.004120326188790583
1,2020-08-23,0.004116017286641198
1,2020-08-24,0.0041118847700693465
1,2020-08-25,0.004108636837934847
1,2020-08-26,0.004106130046489293
1,2020-08-27,0.004103895357512178
1,2020-08-28,0.004100965970500485
1,2020-08-29,0.004096508124968487
1,2020-08-30,0.004091998227763566
1,2020-08-31,0.0040887959507501185
1,2020-09-01,0.004087080745020429
1,2020-09-02,0.004087817612806461
1,2020-09-03,0.004091191693442771
1,2020-09-04,0.004096101874427037
1,2020-09-05,0.004102009167546857
1,2020-09-06,0.004109123950798961
1,2020-09-07,0.004117494591900419
1,2020-09-08,0.004125995958135941
1,2020-09-09,0.0041337963014986216
1,2020-09-10,0.0041409525897049635
1,2020-09-11,0.004146757458098159
1,2020-09-12,0.0041497306588598685
1,2020-09-13,0.00414956500550571
1,2020-09-14,0.004147068554264598
1,2020-09-15,0.004143275527535352
1,2020-09-16,0.004139123520739975
1,2020-09-17,0.004135910433851442
1,2020-09-18,0.004133645602215937
1,2020-09-19,0.004132035801895315
1,2020-09-20,0.00412872445327798
1,2020-09-21,0.004123996863135278
1,2020-09-22,0.004119294379238936
1,2020-09-23,0.004114154426397747
1,2020-09-24,0.004107487743285442
1,2020-09-25,0.004099193094276256
1,2020-09-26,0.004089868469094595
1,2020-09-27,0.0040814622670302895
1,2020-09-28,0.004075275291045269
1,2020-09-29,0.0040715726671203215
1,2020-09-30,0.004070935519625745
1,2020-10-01,0.004073294581486872
1,2020-10-02,0.004077559137238335
1,2020-10-03,0.004082626211320004
1,2020-10-04,0.004087819760615315
1,2020-10-05,0.0040925578576539185
1,2020-10-06,0.00409631592717922
1,2020-10-07,0.004098725955580295
1,2020-10-08,0.004099694738360417
1,2020-10-09,0.00409881749737437
1,2020-10-10,0.004095705541409209
1,2020-10-11,0.00409109714212773
1,2020-10-12,0.004086262371890881
1,2020-10-13,0.004082377299275174
1,2020-10-14,0.004080506937216443
1,2020-10-15,0.004080441872997437
1,2020-10-16,0.004080942585728874
1,2020-10-17,0.004081033354847554
1,2020-10-18,0.004080049177330057
1,2020-10-19,0.0040780022528545835
1,2020-10-20,0.004075328297128049
1,2020-10-21,0.00407203933639977
1,2020-10-22,0.0040682211152166265
1,2020-10-23,0.004063646138023619
1,2020-10-24,0.004058324125845692
1,2020-10-25,0.004053910009660796
1,2020-10-26,0.0040517616872139135
1,2020-10-27,0.004052315101650586
1,2020-10-28,0.00405576832734353
1,2020-10-29,0.004061581775909541
1,2020-10-30,0.0040682014575599505
1,2020-10-31,0.00407391582557109
1,2020-11-01,0.004077979312390652
1,2020-11-02,0.0040807845378457806
1,2020-11-03,0.0040822866364142885
1,2020-11-04,0.0040825387392107535
1,2020-11-05,0.004082026723108813
1,2020-11-06,0.004080740879305026
1,2020-11-07,0.00407882900633043
1,2020-11-08,0.00407710366522813
1,2020-11-09,0.004076967764348552
1,2020-11-10,0.0040788108748562885
1,2020-11-11,0.004082679406287747
1,2020-11-12,0.004088071340546591
1,2020-11-13,0.004093638868951937
1,2020-11-14,0.004098526737956224
1,2020-11-15,0.004102126988865329
1,2020-11-16,0.004104567665452434
1,2020-11-17,0.004105934219958337
1,2020-11-18,0.0041059771782433006
1,2020-11-19,0.00410473106370759
1,2020-11-20,0.0041022327080420615
1,2020-11-21,0.004097866035839727
1,2020-11-22,0.0040916878810236135
1,2020-11-23,0.004084853040858311
1,2020-11-24,0.004078533789323708
1,2020-11-25,0.004073808293892743
1,2020-11-26,0.004071444973835868
1,2020-11-27,0.004070483967478536
1,2020-11-28,0.00406998300004806
1,2020-11-29,0.004069536413717075
1,2020-11-30,0.004069007637003722
1,2020-12-01,0.004068246998114965
1,2020-12-02,0.004067050567403441
1,2020-12-03,0.004066348235101555
1,2020-12-04,0.004066607078570957
1,2020-12-05,0.004067447482755603
1,2020-12-06,0.004068322193379931
1,2020-12-07,0.0040684427067942
1,2020-12-08,0.004068301662832308
1,2020-12-09,0.004068550855959379
1,2020-12-10,0.004069662427401486
1,2020-12-11,0.004071284527446617
1,2020-12-12,0.004073275071610866
1,2020-12-13,0.004075355473138762
1,2020-12-14,0.004077393120480536
1,2020-12-15,0.004078144851804315
1,2020-12-16,0.004075685121276077
1,2020-12-17,0.004069055454650488
1,2020-12-18,0.004060320706334332
1,2020-12-19,0.004052069018601294
1,2020-12-20,0.004045642242109538
1,2020-12-21,0.004041886079977549
1,2020-12-22,0.00404101509912261
1,2020-12-23,0.004042671694492824
1,2020-12-24,0.004045948579883165
1,2020-12-25,0.004049565057176236
1,2020-12-26,0.0040527223201304325
1,2020-12-27,0.0040555740359650375
1,2020-12-28,0.004058398349192633
1,2020-12-29,0.0040611843936363915
1,2020-12-30,0.004063651769276417
1,2020-12-31,0.004064094843686793
1,2021-01-01,0.004065410414781876
1,2021-01-02,0.0040660251575382
1,2021-01-03,0.004065956525630557
1,2021-01-04,0.004065666125219332
1,2021-01-05,0.004065006998095687
1,2021-01-06,0.004064244324446029
1,2021-01-07,0.004064325365818038
1,2021-01-08,0.004065470779425999
1,2021-01-09,0.004067524951255995
1,2021-01-10,0.0040691688342010274
1,2021-01-11,0.004069152978166792
1,2021-01-12,0.004066906197624157
1,2021-01-13,0.004062152922064412
1,2021-01-14,0.004056869203549711
1,2021-01-15,NA
1,2021-01-16,NA
1,2021-01-17,NA
1,2021-01-18,NA
1,2021-01-19,NA
1,2021-01-20,NA
1,2021-01-21,NA
1,2021-01-22,NA
1,2021-01-23,NA
1,2021-01-24,NA
1,2021-01-25,NA
1,2021-01-26,NA
1,2021-01-27,NA
1,2021-01-28,NA
1,2021-01-29,NA
1,2021-01-30,NA
1,2021-01-31,NA
1,2021-02-01,NA
1,2021-02-02,NA
1,2021-02-03,NA
1,2021-02-04,NA
1,2021-02-05,NA
1,2021-02-06,NA
1,2021-02-07,NA
1,2021-02-08,NA
1,2021-02-09,NA
1,2021-02-10,NA
1,2021-02-11,NA
1,2021-02-12,NA
1,2021-02-13,NA
1,2021-02-14,NA
1,2021-02-15,NA
1,2021-02-16,NA
1,2021-02-17,NA
1,2021-02-18,NA
1,2021-02-19,NA
1,2021-02-20,NA
1,2021-02-21,NA
1,2021-02-22,NA
1,2021-02-23,NA
1,2021-02-24,NA
1,2021-02-25,NA
1,2021-02-26,NA
1,2021-02-27,NA
1,2021-02-28,NA
1,2021-03-01,NA
1,2021-03-02,NA
1,2021-03-03,NA
1,2021-03-04,NA
1,2021-03-05,NA
1,2021-03-06,NA
1,2021-03-07,NA
1,2021-03-08,NA
1,2021-03-09,NA
1,2021-03-10,NA
1,2021-03-11,NA
1,2021-03-12,NA
1,2021-03-13,NA
1,2021-03-14,NA
1,2021-03-15,NA
1,2021-03-16,NA
1,2021-03-17,NA
1,2021-03-18,NA
1,2021-03-19,NA
1,2021-03-20,NA
1,2021-03-21,NA
1,2021-03-22,NA
1,2021-03-23,NA
1,2021-03-24,NA
1,2021-03-25,NA
1,2021-03-26,NA
1,2021-03-27,NA
1,2021-03-28,NA
1,2021-03-29,NA
1,2021-03-30,NA
1,2021-03-31,NA
1,2021-04-01,NA
1,2021-04-02,NA
1,2021-04-03,NA
1,2021-04-04,NA
1,2021-04-05,NA
1,2021-04-06,NA
1,2021-04-07,NA
1,2021-04-08,NA
1,2021-04-09,NA
1,2021-04-10,NA
1,2021-04-11,NA
1,2021-04-12,NA
1,2021-04-13,NA
1,2021-04-14,NA
1,2021-04-15,NA
1,2021-04-16,NA
1,2021-04-17,NA
1,2021-04-18,NA
1,2021-04-19,NA
1,2021-04-20,NA
1,2021-04-21,NA
1,2021-04-22,NA
1,2021-04-23,NA
1,2021-04-24,NA
1,2021-04-25,NA
1,2021-04-26,NA
1,2021-04-27,NA
1,2021-04-28,NA
1,2021-04-29,NA
1,2021-04-30,NA
1,2021-05-01,NA
1,2021-05-02,NA
1,2021-05-03,NA
1,2021-05-04,NA
1,2021-05-05,NA
1,2021-05-06,NA
1,2021-05-07,NA
1,2021-05-08,NA
1,2021-05-09,NA
1,2021-05-10,NA
1,2021-05-11,NA
1,2021-05-12,NA
1,2021-05-13,NA
1,2021-05-14,NA
1,2021-05-15,NA
1,2021-05-16,NA
1,2021-05-17,NA
1,2021-05-18,NA
1,2021-05-19,NA
1,2021-05-20,NA
1,2021-05-21,NA
1,2021-05-22,NA
1,2021-05-23,NA
1,2021-05-24,NA
1,2021-05-25,NA
1,2021-05-26,NA
1,2021-05-27,NA
1,2021-05-28,NA
1,2021-05-29,NA
1,2021-05-30,NA
1,2021-05-31,NA
1,2021-06-01,NA
1,2021-06-02,NA
1,2021-06-03,NA
1,2021-06-04,NA
1,2021-06-05,NA
1,2021-06-06,NA
1,2021-06-07,NA
1,2021-06-08,NA
1,2021-06-09,NA
1,2021-06-10,NA
1,2021-06-11,NA
1,2021-06-12,NA
1,2021-06-13,NA
1,2021-06-14,NA
1,2021-06-15,NA
1,2021-06-16,NA
1,2021-06-17,NA
1,2021-06-18,NA
1,2021-06-19,NA
1,2021-06-20,NA
1,2021-06-21,NA
1,2021-06-22,NA
1,2021-06-23,NA
1,2021-06-24,NA
1,2021-06-25,NA
1,2021-06-26,NA
1,2021-06-27,NA
1,2021-06-28,NA
1,2021-06-29,NA
1,2021-06-30,NA
1,2021-07-01,NA
1,2021-07-02,NA
1,2021-07-03,NA
1,2021-07-04,NA
1,2021-07-05,NA
1,2021-07-06,NA
1,2021-07-07,NA
1,2021-07-08,NA
1,2021-07-09,NA
1,2021-07-10,NA
1,2021-07-11,NA
1,2021-07-12,NA
1,2021-07-13,NA
1,2021-07-14,NA
1,2021-07-15,NA
1,2021-07-16,NA
1,2021-07-17,NA
1,2021-07-18,NA
1,2021-07-19,NA
1,2021-07-20,NA
1,2021-07-21,NA
1,2021-07-22,NA
1,2021-07-23,NA
1,2021-07-24,NA
1,2021-07-25,NA
1,2021-07-26,NA
1,2021-07-27,NA
1,2021-07-28,NA
1,2021-07-29,NA
1,2021-07-30,NA
1,2021-07-31,NA
1,2021-08-01,NA
1,2021-08-02,NA
1,2021-08-03,NA
1,2021-08-04,NA
1,2021-08-05,NA
1,2021-08-06,NA
1,2021-08-07,NA
1,2021-08-08,NA
1,2021-08-09,NA
1,2021-08-10,NA
1,2021-08-11,NA
1,2021-08-12,NA
1,2021-08-13,NA
1,2021-08-14,NA
1,2021-08-15,NA
1,2021-08-16,NA
1,2021-08-17,NA
1,2021-08-18,NA
1,2021-08-19,NA
1,2021-08-20,NA
1,2021-08-21,NA
1,2021-08-22,NA
1,2021-08-23,NA
1,2021-08-24,NA
1,2021-08-25,NA
1,2021-08-26,NA
1,2021-08-27,NA
1,2021-08-28,NA
1,2021-08-29,NA
1,2021-08-30,NA
1,2021-08-31,NA
1,2021-09-01,NA
1,2021-09-02,NA
1,2021-09-03,NA
1,2021-09-04,NA
1,2021-09-05,NA
1,2021-09-06,NA
1,2021-09-07,NA
1,2021-09-08,NA
1,2021-09-09,NA
1,2021-09-10,NA
1,2021-09-11,NA
1,2021-09-12,NA
1,2021-09-13,NA
1,2021-09-14,NA
1,2021-09-15,NA
1,2021-09-16,NA
1,2021-09-17,NA
1,2021-09-18,NA
1,2021-09-19,NA
1,2021-09-20,NA
1,2021-09-21,NA
1,2021-09-22,NA
1,2021-09-23,NA
1,2021-09-24,NA
1,2021-09-25,NA
1,2021-09-26,NA
1,2021-09-27,NA
1,2021-09-28,NA
1,2021-09-29,NA
1,2021-09-30,NA
1,2021-10-01,NA
1,2021-10-02,NA
1,2021-10-03,NA
1,2021-10-04,NA
1,2021-10-05,NA
1,2021-10-06,NA
1,2021-10-07,NA
1,2021-10-08,NA
1,2021-10-09,NA
1,2021-10-10,NA
1,2021-10-11,NA
1,2021-10-12,NA
1,2021-10-13,NA
1,2021-10-14,NA
1,2021-10-15,NA
1,2021-10-16,NA
1,2021-10-17,NA
1,2021-10-18,NA
1,2021-10-19,NA
1,2021-10-20,NA
1,2021-10-21,NA
1,2021-10-22,NA
1,2021-10-23,NA
1,2021-10-24,NA
1,2021-10-25,NA
1,2021-10-26,NA
1,2021-10-27,NA
1,2021-10-28,NA
1,2021-10-29,NA
1,2021-10-30,NA
1,2021-10-31,NA
1,2021-11-01,NA
1,2021-11-02,NA
1,2021-11-03,NA
1,2021-11-04,NA
1,2021-11-05,NA
1,2021-11-06,NA
1,2021-11-07,NA
1,2021-11-08,NA
1,2021-11-09,NA
1,2021-11-10,NA
1,2021-11-11,NA
1,2021-11-12,NA
1,2021-11-13,NA
1,2021-11-14,NA
1,2021-11-15,NA
1,2021-11-16,NA
1,2021-11-17,NA
1,2021-11-18,NA
1,2021-11-19,NA
1,2021-11-20,NA
1,2021-11-21,NA
1,2021-11-22,NA
1,2021-11-23,NA
1,2021-11-24,NA
1,2021-11-25,NA
1,2021-11-26,NA
1,2021-11-27,NA
1,2021-11-28,NA
1,2021-11-29,NA
1,2021-11-30,NA
1,2021-12-01,NA
1,2021-12-02,NA
1,2021-12-03,NA
1,2021-12-04,NA
1,2021-12-05,NA
1,2021-12-06,NA
1,2021-12-07,NA
1,2021-12-08,NA
1,2021-12-09,NA
1,2021-12-10,NA
1,2021-12-11,NA
1,2021-12-12,NA
1,2021-12-13,NA
1,2021-12-14,NA
1,2021-12-15,NA
1,2021-12-16,NA
1,2021-12-17,NA
1,2021-12-18,NA
1,2021-12-19,NA
1,2021-12-20,NA
1,2021-12-21,NA
1,2021-12-22,NA
1,2021-12-23,NA
1,2021-12-24,NA
1,2021-12-25,NA
1,2021-12-26,NA
1,2021-12-27,NA
1,2021-12-28,NA
1,2021-12-29,NA
1,2021-12-30,NA
1,2021-12-31,NA
1,2022-01-01,NA
1,2022-01-02,NA
1,2022-01-03,NA
1,2022-01-04,NA
1,2022-01-05,NA
1,2022-01-06,NA
1,2022-01-07,NA
1,2022-01-08,NA
1,2022-01-09,NA
1,2022-01-10,NA
1,2022-01-11,NA
1,2022-01-12,NA
1,2022-01-13,NA
1,2022-01-14,NA
1,2022-01-15,NA
1,2022-01-16,NA
1,2022-01-17,NA
1,2022-01-18,NA
1,2022-01-19,NA
1,2022-01-20,NA
1,2022-01-21,NA
1,2022-01-22,NA
1,2022-01-23,NA
1,2022-01-24,NA
1,2022-01-25,NA
1,2022-01-26,NA
