Latitude: 41.1797  Longitude: -96.4397,,,,,,,,
X & Y on Lambert Conformal Conic: 284945.59 -133790.31,,,,,,,,
Tile: 11742,,,,,,,,
Elevation: 356 meters,,,,,,,,
All years; all variables; Daymet Software Version 4.0,,,,,,,,
How to cite: Thornton; M.M.; R. Shrestha; Y. Wei; P.E. Thornton; S. Kao; and B.E. Wilson. 2020. Daymet: Daily Surface Weather Data on a 1-km Grid for North America; Version 4. ORNL DAAC; Oak Ridge; Tennessee; USA.  https://doi.org/10.3334/ORNLDAAC/1840,,,,,,,,
,,,,,,,,
year,yday,dayl (s),prcp (mm/day),srad (W/m^2),swe (kg/m^2),tmax (deg c),tmin (deg c),vp (Pa)
2000,1,32737.70,0.00,231.10,32.28,7.97,-4.55,435.81
2000,2,32780.92,0.00,72.47,30.59,1.09,-1.99,527.81
2000,3,32827.67,0.00,57.50,29.19,-0.39,-2.66,502.33
2000,4,32877.92,0.00,187.58,29.19,-5.59,-14.34,201.44
2000,5,32931.64,0.00,272.80,29.19,3.73,-13.31,219.08
2000,6,32988.77,0.00,251.54,29.19,7.13,-6.91,363.87
2000,7,33049.29,0.00,282.17,29.19,11.12,-8.16,330.43
2000,8,33113.14,0.00,263.24,29.19,9.05,-6.20,384.31
2000,9,33180.29,0.00,211.36,28.17,6.68,-3.57,469.31
2000,10,33250.69,0.00,243.76,27.19,9.18,-3.67,465.78
2000,11,33324.28,0.00,165.07,26.65,2.59,-4.72,430.37
2000,12,33401.03,0.00,208.28,25.77,5.87,-3.92,457.07
2000,13,33480.87,0.00,267.23,25.77,3.17,-11.16,260.75
2000,14,33563.76,0.00,296.88,25.77,9.28,-10.31,278.98
2000,15,33649.64,0.00,283.31,24.68,13.74,-3.39,475.66
2000,16,33738.45,0.00,187.23,24.68,0.09,-7.99,334.72
2000,17,33830.15,0.00,235.36,24.68,3.07,-7.86,338.26
2000,18,33924.67,0.00,268.90,24.37,8.57,-5.27,412.79
2000,19,34021.95,0.00,259.25,23.91,7.79,-4.91,424.14
2000,20,34121.95,0.00,287.65,23.91,1.07,-13.83,210.05
2000,21,34224.60,0.00,310.01,23.91,4.70,-13.50,215.78
2000,22,34329.83,0.00,305.11,23.91,7.55,-9.53,296.65
2000,23,34437.60,0.00,180.12,23.91,-0.73,-7.92,336.59
2000,24,34547.84,0.00,317.77,23.91,5.86,-12.37,236.43
2000,25,34660.49,0.00,236.52,23.91,-0.23,-10.10,283.73
2000,26,34775.50,0.00,278.30,23.91,-3.63,-15.97,175.87
2000,27,34892.79,0.00,277.02,23.91,-2.14,-14.25,202.85
2000,28,35012.32,2.20,150.79,26.11,-2.70,-10.39,277.12
2000,29,35134.03,0.00,113.22,26.11,-5.03,-9.04,308.37
2000,30,35257.84,0.00,184.39,26.11,-4.46,-11.24,258.94
2000,31,35383.71,0.00,334.20,26.11,3.17,-13.99,207.27
2000,32,35511.58,0.00,267.89,26.11,-1.57,-12.55,233.04
2000,33,35641.38,0.00,347.72,26.11,10.47,-9.77,287.15
2000,34,35773.06,0.00,274.12,25.24,8.08,-3.92,456.92
2000,35,35906.57,0.00,180.53,25.24,0.60,-6.13,386.45
2000,36,36041.84,0.00,351.62,25.24,6.16,-12.10,200.69
2000,37,36178.83,0.00,359.25,25.24,11.09,-7.99,213.91
2000,38,36317.47,0.00,317.37,25.24,6.55,-7.18,267.76
2000,39,36457.71,0.00,387.59,25.24,17.29,-9.34,159.22
2000,40,36599.50,0.00,378.23,25.24,15.63,-6.49,207.05
2000,41,36742.78,0.00,189.91,24.06,4.01,-3.19,470.87
2000,42,36887.51,0.00,245.56,24.06,-2.14,-11.51,240.74
2000,43,37033.62,1.31,213.62,25.36,-1.94,-9.69,289.87
2000,44,37181.08,0.89,78.86,25.17,-3.24,-5.55,404.05
2000,45,37329.83,0.00,371.10,25.17,3.80,-12.49,166.56
2000,46,37479.83,0.00,414.97,25.17,16.37,-9.54,142.23
2000,47,37631.02,0.00,341.84,25.17,3.69,-10.22,207.83
2000,48,37783.36,10.51,224.62,35.68,3.20,-7.86,311.74
2000,49,37936.81,7.61,94.95,35.32,-1.15,-5.13,417.04
2000,50,38091.31,0.00,329.73,35.32,3.00,-9.02,287.27
2000,51,38246.83,0.00,423.34,35.32,10.25,-10.57,202.22
2000,52,38403.32,0.00,438.48,35.32,17.95,-7.03,226.72
2000,53,38560.74,7.62,284.55,31.65,19.12,2.74,601.21
2000,54,38719.05,5.37,185.60,26.62,14.62,5.97,932.99
2000,55,38878.21,1.74,208.48,20.93,14.62,7.55,1039.92
2000,56,39038.18,0.00,289.94,15.15,18.08,7.76,940.04
2000,57,39198.92,0.00,186.35,11.39,8.82,2.95,754.98
2000,58,39360.39,0.00,423.55,10.22,15.57,-3.21,368.69
2000,59,39522.56,0.00,442.70,8.22,21.44,-1.25,383.92
2000,60,39685.39,17.30,189.97,4.02,12.78,4.00,813.24
2000,61,39848.84,0.00,324.93,1.86,10.66,-0.85,568.86
2000,62,40012.88,0.00,252.05,0.00,7.92,-1.39,551.77
2000,63,40177.47,0.00,327.74,0.00,13.08,-0.05,588.08
2000,64,40342.59,0.00,404.93,0.00,20.99,-0.30,493.81
2000,65,40508.20,0.00,393.32,0.00,22.13,2.36,597.60
2000,66,40674.27,0.00,356.52,0.00,22.42,6.55,832.32
2000,67,40840.76,4.01,258.63,0.00,23.33,8.26,1058.07
2000,68,41007.64,0.00,203.98,0.00,16.18,8.88,1138.49
2000,69,41174.89,0.00,196.80,0.00,1.64,-4.57,435.34
2000,70,41342.48,0.00,270.17,0.00,3.98,-4.58,434.76
2000,71,41510.37,0.00,408.48,0.00,9.79,-6.71,327.74
2000,72,41678.54,0.00,432.58,0.00,14.49,-5.06,329.22
2000,73,41846.95,0.00,396.22,0.00,11.96,-3.70,387.19
2000,74,42015.58,0.00,411.38,0.00,16.23,-1.21,422.15
2000,75,42184.41,0.00,242.86,0.00,10.82,2.77,743.83
2000,76,42353.39,0.00,405.02,0.00,6.19,-9.00,268.97
2000,77,42522.51,3.95,357.56,3.95,9.29,-7.89,298.54
2000,78,42691.75,7.18,202.57,2.66,4.55,-2.92,492.40
2000,79,42861.06,0.00,135.50,0.25,3.19,-0.26,599.06
2000,80,43030.42,0.00,161.52,0.00,4.76,0.10,615.26
2000,81,43199.81,0.00,311.26,0.00,10.88,1.38,597.46
2000,82,43369.21,0.00,338.03,0.00,14.31,4.09,666.48
2000,83,43538.57,8.73,169.90,0.00,13.39,7.11,1009.32
2000,84,43707.88,0.00,314.32,0.00,16.50,7.38,893.69
2000,85,43877.12,0.00,478.93,0.00,19.48,-0.11,403.45
2000,86,44046.24,0.00,469.26,0.00,21.10,2.57,482.91
2000,87,44215.22,0.00,460.85,0.00,18.74,1.18,455.84
2000,88,44384.05,0.00,481.41,0.00,13.72,-5.25,298.30
2000,89,44552.68,0.00,485.47,0.00,15.07,-4.01,317.32
2000,90,44721.10,0.00,476.06,0.00,18.65,0.21,412.83
2000,91,44889.26,3.86,302.09,0.00,15.86,2.62,655.14
2000,92,45057.15,0.00,376.96,0.00,15.34,3.48,639.59
2000,93,45224.74,0.00,455.98,0.00,18.41,2.07,499.14
2000,94,45391.99,0.00,335.12,0.00,11.50,1.78,622.50
2000,95,45558.88,0.00,506.29,0.00,15.24,-4.71,297.53
2000,96,45725.37,0.00,537.48,0.00,30.30,-0.86,304.89
2000,97,45891.44,0.00,443.58,0.00,17.92,2.91,536.65
2000,98,46057.04,0.00,351.71,0.00,12.71,2.18,614.67
2000,99,46222.16,0.00,509.51,0.00,15.87,-4.63,292.05
2000,100,46386.76,0.00,519.42,0.00,19.34,-3.04,306.14
2000,101,46550.80,14.11,165.47,0.00,10.45,4.08,817.68
2000,102,46714.26,0.00,292.49,0.00,10.30,1.91,700.77
2000,103,46877.09,0.00,491.48,0.00,16.51,-1.35,415.03
2000,104,47039.26,0.00,527.90,0.00,24.84,1.99,453.12
2000,105,47200.73,0.00,512.26,0.00,27.68,6.15,598.59
2000,106,47361.47,15.06,198.02,0.00,8.82,1.29,670.35
2000,107,47521.44,11.17,75.06,0.00,3.79,1.52,681.83
2000,108,47680.60,0.00,394.11,0.00,12.68,0.78,620.88
2000,109,47838.91,0.00,519.60,0.00,23.04,1.97,543.56
2000,110,47996.34,0.00,461.40,0.00,24.37,7.55,840.34
2000,111,48152.83,0.00,272.52,0.00,14.22,6.08,939.94
2000,112,48308.35,0.00,525.46,0.00,21.58,-0.12,469.57
2000,113,48462.86,0.00,534.89,0.00,26.83,2.68,538.67
2000,114,48616.30,0.00,426.67,0.00,23.11,7.78,890.64
2000,115,48768.65,1.65,361.92,0.00,20.76,8.72,1034.23
2000,116,48919.84,0.00,323.22,0.00,18.77,8.49,1078.78
2000,117,49069.84,4.01,346.34,0.00,20.54,4.01,770.30
2000,118,49218.59,0.00,367.88,0.00,17.66,6.05,888.60
2000,119,49366.06,0.00,432.69,0.00,21.31,6.86,847.35
2000,120,49512.18,0.00,487.60,0.00,23.37,5.77,727.06
2000,121,49656.91,3.56,315.14,0.00,22.59,8.51,1069.15
2000,122,49800.19,0.00,360.96,0.00,21.99,10.57,1177.17
2000,123,49941.98,0.00,532.15,0.00,26.59,5.01,646.37
2000,124,50082.23,0.00,507.13,0.00,26.87,7.25,772.01
2000,125,50220.87,0.00,484.67,0.00,28.93,10.68,980.85
2000,126,50357.86,0.00,461.16,0.00,29.13,12.71,1148.73
2000,127,50493.13,0.00,406.43,0.00,27.62,14.09,1351.19
2000,128,50626.65,13.83,291.49,0.00,28.29,15.13,1650.79
2000,129,50758.33,2.86,131.19,0.00,19.37,14.39,1639.13
2000,130,50888.14,0.00,356.73,0.00,21.15,10.66,1239.43
2000,131,51016.01,0.00,464.83,0.00,25.33,9.82,1026.66
2000,132,51141.89,0.00,513.19,0.00,33.82,13.33,1163.36
2000,133,51265.71,0.00,336.56,0.00,23.18,12.99,1452.78
2000,134,51387.41,0.00,473.52,0.00,19.01,3.94,710.03
2000,135,51506.95,0.00,495.91,0.00,21.00,4.71,718.39
2000,136,51624.25,0.00,481.87,0.00,24.48,8.37,908.76
2000,137,51739.26,0.00,494.27,0.00,28.22,10.44,1002.01
2000,138,51851.92,2.49,285.28,0.00,26.60,14.21,1619.53
2000,139,51962.16,18.89,160.68,0.00,20.44,14.35,1634.11
2000,140,52069.93,0.00,343.89,0.00,19.21,9.38,1159.04
2000,141,52175.18,3.68,385.21,0.00,26.28,7.63,954.88
2000,142,52277.83,0.00,491.71,0.00,27.21,10.32,1023.52
2000,143,52377.83,0.00,506.55,0.00,32.49,13.86,1227.21
2000,144,52475.12,0.00,454.03,0.00,31.17,15.90,1451.93
2000,145,52569.65,0.00,413.39,0.00,27.68,14.72,1410.10
2000,146,52661.35,7.28,329.53,0.00,24.82,10.83,1220.62
2000,147,52750.17,14.85,170.48,0.00,18.54,12.36,1435.87
2000,148,52836.06,0.00,261.91,0.00,19.54,12.40,1438.92
2000,149,52918.95,0.00,513.94,0.00,27.94,10.03,995.47
2000,150,52998.80,4.72,403.68,0.00,35.19,12.61,1279.75
2000,151,53075.55,0.00,487.95,0.00,34.33,16.70,1446.79
2000,152,53149.15,0.00,456.45,0.00,34.48,18.42,1671.05
2000,153,53219.56,0.00,368.37,0.00,29.15,17.80,1824.53
2000,154,53286.71,0.00,438.53,0.00,24.03,10.81,1109.84
2000,155,53350.58,0.00,513.74,0.00,27.82,10.32,964.78
2000,156,53411.10,0.00,329.49,0.00,22.25,13.12,1459.71
2000,157,53468.24,0.00,443.08,0.00,21.84,8.89,985.74
2000,158,53521.96,0.00,524.71,0.00,26.61,8.76,850.38
2000,159,53572.22,0.00,544.78,0.00,34.44,12.72,1019.74
2000,160,53618.98,0.00,498.62,0.00,35.97,17.22,1429.21
2000,161,53662.21,0.00,435.79,0.00,33.86,18.93,1738.48
2000,162,53701.88,10.23,239.52,0.00,31.27,21.06,2494.48
2000,163,53737.95,14.04,255.91,0.00,30.97,20.03,2341.25
2000,164,53770.39,2.66,330.78,0.00,33.68,18.14,2001.13
2000,165,53799.20,15.84,281.05,0.00,30.26,18.29,2101.15
2000,166,53824.33,0.00,293.27,0.00,23.78,15.48,1757.86
2000,167,53845.77,3.71,403.31,0.00,33.83,11.92,1302.48
2000,168,53863.52,0.00,361.42,0.00,23.55,13.06,1503.29
2000,169,53877.54,0.00,361.51,0.00,21.35,10.98,1310.30
2000,170,53887.83,0.00,479.35,0.00,27.10,11.19,1168.69
2000,171,53894.39,19.30,349.00,0.00,28.82,13.11,1484.61
2000,172,53897.21,0.00,361.31,0.00,27.26,16.32,1854.68
2000,173,53896.28,0.00,494.10,0.00,29.45,12.48,1297.71
2000,174,53891.61,0.00,499.01,0.00,31.55,13.82,1367.10
2000,175,53883.20,36.83,320.60,0.00,32.37,17.81,2038.55
2000,176,53871.05,0.00,364.77,0.00,29.86,18.41,2117.15
2000,177,53855.19,42.55,273.92,0.00,29.65,18.11,2077.21
2000,178,53835.61,0.00,369.50,0.00,26.30,14.99,1703.17
2000,179,53812.33,0.00,372.69,0.00,26.69,15.34,1742.54
2000,180,53785.38,0.00,333.35,0.00,24.66,15.14,1720.29
2000,181,53754.77,0.00,480.30,0.00,27.16,11.41,1348.17
2000,182,53720.52,0.00,474.14,0.00,28.14,12.53,1451.51
2000,183,53682.67,0.00,438.73,0.00,29.03,14.92,1695.98
2000,184,53641.23,10.80,306.03,0.00,32.81,19.28,2234.35
2000,185,53596.25,7.74,273.22,0.00,29.53,18.46,2122.71
2000,186,53547.75,0.00,310.03,0.00,28.94,19.76,2303.25
2000,187,53495.77,43.65,207.03,0.00,28.62,20.61,2426.74
2000,188,53440.35,0.00,396.12,0.00,30.76,18.51,2129.93
2000,189,53381.52,0.00,402.24,0.00,32.99,20.24,2371.41
2000,190,53319.34,0.00,369.59,0.00,33.68,22.21,2677.34
2000,191,53253.84,0.00,359.40,0.00,34.35,23.19,2841.10
2000,192,53185.07,0.00,303.06,0.00,31.94,23.12,2828.10
2000,193,53113.07,14.31,251.83,0.00,32.49,22.55,2732.30
2000,194,53037.90,0.00,398.25,0.00,30.76,18.98,2193.93
2000,195,52959.61,0.00,444.23,0.00,32.99,18.66,2149.65
2000,196,52878.25,0.00,451.48,0.00,34.34,19.05,2203.78
2000,197,52793.86,0.00,374.38,0.00,31.73,20.66,2435.12
2000,198,52706.52,3.58,204.74,0.00,28.35,21.00,2486.19
2000,199,52616.26,6.15,243.14,0.00,27.88,19.13,2213.74
2000,200,52523.15,20.41,143.73,0.00,21.64,17.09,1947.45
2000,201,52427.24,2.60,166.36,0.00,21.63,16.46,1871.53
2000,202,52328.60,0.00,366.80,0.00,24.86,15.63,1774.76
2000,203,52227.28,0.00,440.17,0.00,24.69,13.06,1503.03
2000,204,52123.34,2.34,317.18,0.00,25.79,14.82,1684.66
2000,205,52016.83,0.00,411.23,0.00,27.02,16.37,1860.95
2000,206,51907.83,0.00,418.17,0.00,27.91,16.86,1919.09
2000,207,51796.38,0.00,433.84,0.00,30.17,18.02,2065.89
2000,208,51682.55,0.00,441.98,0.00,31.53,18.63,2146.27
2000,209,51566.39,17.85,267.51,0.00,28.05,19.00,2196.68
2000,210,51447.98,5.55,247.28,0.00,27.23,19.10,2209.40
2000,211,51327.36,0.00,419.82,0.00,26.78,15.91,1806.63
2000,212,51204.60,0.00,447.74,0.00,28.50,16.23,1844.74
2000,213,51079.75,0.00,474.87,0.00,30.12,16.06,1824.48
2000,214,50952.88,0.00,467.64,0.00,31.22,17.20,1961.20
2000,215,50824.04,4.70,272.15,0.00,27.79,18.72,2158.78
2000,216,50693.30,0.00,380.79,0.00,27.99,18.30,2101.71
2000,217,50560.70,0.00,385.97,0.00,29.02,18.91,2184.57
2000,218,50426.31,0.00,430.32,0.00,33.43,20.51,2412.25
2000,219,50290.17,0.00,408.61,0.00,31.80,20.25,2373.19
2000,220,50152.36,0.00,472.26,0.00,34.30,18.50,2128.48
2000,221,50012.92,0.00,450.55,0.00,34.10,19.58,2277.60
2000,222,49871.90,0.00,341.98,0.00,31.69,22.30,2692.20
2000,223,49729.36,0.00,400.53,0.00,31.87,20.24,2372.21
2000,224,49585.35,0.00,418.37,0.00,33.56,20.65,2432.44
2000,225,49439.93,0.00,445.66,0.00,36.60,21.07,2496.68
2000,226,49293.13,6.00,244.51,0.00,30.93,22.12,2662.27
2000,227,49145.03,0.00,415.52,0.00,34.34,21.26,2526.60
2000,228,48995.65,0.00,388.18,0.00,32.16,20.71,2442.49
2000,229,48845.05,0.00,463.49,0.00,35.59,18.71,2157.25
2000,230,48693.28,0.00,271.45,0.00,25.44,18.47,2124.61
2000,231,48540.39,0.00,377.68,0.00,24.34,14.09,1606.66
2000,232,48386.41,17.97,179.43,0.00,20.76,14.92,1695.35
2000,233,48231.40,0.00,332.39,0.00,25.02,16.26,1847.58
2000,234,48075.39,0.00,369.13,0.00,28.25,17.79,2036.04
2000,235,47918.43,6.70,215.58,0.00,26.79,19.19,2223.02
2000,236,47760.56,4.83,256.97,0.00,29.26,19.59,2279.16
2000,237,47601.82,0.00,358.30,0.00,29.79,19.47,2262.23
2000,238,47442.25,0.47,413.05,0.00,31.92,18.71,2157.07
2000,239,47281.90,0.00,415.00,0.00,31.94,18.42,2118.20
2000,240,47120.79,0.00,386.33,0.00,31.34,19.18,2221.39
2000,241,46958.96,0.00,422.12,0.00,36.25,20.47,2406.32
2000,242,46796.46,0.00,367.18,0.00,29.01,17.91,2051.20
2000,243,46633.32,0.00,450.36,0.00,36.46,18.06,2071.10
2000,244,46469.57,0.00,353.71,0.00,32.33,20.97,2480.91
2000,245,46305.25,0.00,357.52,0.00,28.93,17.95,2056.53
2000,246,46140.39,0.00,452.41,0.00,39.04,18.20,2088.48
2000,247,45975.02,3.68,315.77,0.00,36.45,19.34,2242.85
2000,248,45809.18,0.00,351.64,0.00,30.29,18.70,2155.07
2000,249,45642.90,0.00,393.36,0.00,27.46,14.33,1632.19
2000,250,45476.21,0.00,425.66,0.00,30.01,14.28,1627.25
2000,251,45309.14,0.00,388.75,0.00,27.49,14.43,1642.54
2000,252,45141.72,0.00,469.31,0.00,32.22,10.85,1298.83
2000,253,44973.98,0.00,452.95,0.00,33.72,13.11,1507.34
2000,254,44805.95,0.00,417.90,0.00,34.93,16.80,1912.70
2000,255,44637.65,0.00,397.39,0.00,32.69,16.65,1894.36
2000,256,44469.13,0.00,452.12,0.00,28.24,8.43,1104.26
2000,257,44300.40,0.00,461.52,0.00,33.32,9.65,1198.52
2000,258,44131.49,0.00,375.33,0.00,28.04,13.40,1536.57
2000,259,43962.43,0.00,433.67,0.00,24.10,5.92,929.28
2000,260,43793.25,0.00,453.19,0.00,29.53,6.86,991.65
2000,261,43623.98,0.00,441.39,0.00,33.76,10.23,1246.55
2000,262,43454.64,0.00,412.04,0.00,35.04,13.69,1565.87
2000,263,43285.25,5.29,162.80,0.00,25.88,17.42,1988.82
2000,264,43115.86,1.03,210.47,0.00,19.19,11.51,1356.94
2000,265,42946.48,8.25,298.65,0.00,20.22,2.72,742.44
2000,266,42777.13,0.00,344.79,0.00,18.76,4.67,851.90
2000,267,42607.86,2.37,90.78,0.00,12.14,7.95,1068.78
2000,268,42438.68,1.85,102.91,0.00,9.42,6.07,939.29
2000,269,42269.62,0.00,372.85,0.00,18.16,2.23,717.30
2000,270,42100.71,0.00,427.85,0.00,25.61,2.29,720.32
2000,271,41931.98,0.00,414.46,0.00,26.86,4.41,836.82
2000,272,41763.45,0.00,409.95,0.00,28.07,5.12,879.59
2000,273,41595.16,0.00,395.75,0.00,29.40,7.35,1026.00
2000,274,41427.12,0.00,325.11,0.00,29.63,13.34,1530.12
2000,275,41259.38,0.00,342.89,0.00,32.29,13.69,1566.21
2000,276,41091.96,0.00,299.04,0.00,25.19,10.99,1311.28
2000,277,40924.88,0.00,297.49,0.00,24.06,10.02,1229.35
2000,278,40758.19,7.61,187.75,0.00,17.35,6.43,963.01
2000,279,40591.91,4.41,111.52,0.00,11.82,5.80,921.89
2000,280,40426.06,0.00,278.82,0.00,8.52,-3.38,476.06
2000,281,40260.69,0.00,267.21,0.00,6.25,-5.04,420.00
2000,282,40095.83,0.00,337.32,0.00,8.63,-7.09,358.88
2000,283,39931.50,0.00,378.69,0.00,13.59,-6.85,365.82
2000,284,39767.75,0.00,384.25,0.00,17.75,-4.66,432.40
2000,285,39604.60,0.00,375.47,0.00,21.51,-0.99,568.20
2000,286,39442.10,0.00,340.65,0.00,25.58,6.20,947.93
2000,287,39280.27,4.20,209.71,0.00,27.36,12.71,1468.66
2000,288,39119.16,0.00,317.68,0.00,24.33,6.98,999.80
2000,289,38958.80,0.00,286.72,0.00,20.77,6.23,949.77
2000,290,38799.22,0.00,292.04,0.00,21.99,6.88,993.02
2000,291,38640.48,0.00,306.27,0.00,23.60,7.06,1005.42
2000,292,38482.61,0.00,350.21,0.00,27.87,4.97,811.68
2000,293,38325.64,0.00,340.03,0.00,28.16,5.83,870.85
2000,294,38169.63,0.00,248.32,0.00,24.06,10.70,1286.03
2000,295,38014.60,0.00,277.18,0.00,22.78,7.36,1026.53
2000,296,37860.62,5.39,137.33,0.00,18.33,9.24,1166.46
2000,297,37707.72,0.00,161.95,0.00,22.37,13.94,1591.84
2000,298,37555.94,4.63,150.67,0.00,20.61,9.95,1223.61
2000,299,37405.33,3.61,126.69,0.00,20.72,11.87,1390.11
2000,300,37255.95,0.00,195.09,0.00,23.21,12.74,1471.21
2000,301,37107.83,0.00,191.75,0.00,17.27,7.63,1045.26
2000,302,36961.03,4.84,140.55,0.00,16.59,7.37,1027.00
2000,303,36815.60,25.81,110.92,0.00,16.20,9.20,1163.44
2000,304,36671.58,0.00,251.97,0.00,21.79,8.03,1074.73
2000,305,36529.03,8.33,196.09,0.00,23.48,8.54,1112.25
2000,306,36388.00,0.00,170.81,0.00,20.13,11.63,1367.77
2000,307,36248.55,0.00,225.38,0.00,15.84,4.41,836.54
2000,308,36110.73,0.00,255.75,0.00,14.16,0.35,626.63
2000,309,35974.58,0.00,263.44,0.00,16.62,1.38,674.74
2000,310,35840.18,29.55,152.51,0.00,16.12,5.44,898.98
2000,311,35707.57,9.03,117.84,0.00,9.32,1.64,687.64
2000,312,35576.81,0.00,99.67,0.00,0.63,-3.84,459.92
2000,313,35447.96,0.00,128.81,0.00,-0.44,-6.19,384.77
2000,314,35321.07,0.00,169.23,0.00,-0.23,-7.81,339.54
2000,315,35196.21,0.00,195.65,0.00,0.93,-7.90,337.06
2000,316,35073.44,2.67,127.71,2.67,-0.05,-6.53,374.77
2000,317,34952.81,0.00,116.95,2.40,-1.14,-5.36,409.82
2000,318,34834.38,0.00,187.47,2.40,-1.27,-8.24,328.43
2000,319,34718.21,0.00,263.10,2.40,2.29,-8.82,313.78
2000,320,34604.36,0.00,293.03,2.40,5.07,-8.95,310.63
2000,321,34492.90,0.00,196.34,2.40,-0.61,-7.95,335.74
2000,322,34383.88,0.00,298.79,2.40,2.36,-12.21,239.67
2000,323,34277.35,0.00,300.74,2.40,4.07,-11.00,264.04
2000,324,34173.39,0.00,240.57,2.26,3.94,-5.67,400.17
2000,325,34072.05,0.00,218.65,2.26,-2.39,-10.51,274.49
2000,326,33973.39,0.00,293.51,2.26,2.56,-12.26,238.67
2000,327,33877.47,0.00,288.10,2.26,3.24,-11.37,256.33
2000,328,33784.34,0.00,295.80,2.26,6.82,-10.36,277.92
2000,329,33694.07,0.00,291.17,2.26,7.99,-9.11,306.82
2000,330,33606.70,0.00,248.55,2.26,4.50,-7.14,357.61
2000,331,33522.30,0.00,234.79,2.26,4.30,-6.40,378.46
2000,332,33440.91,0.00,282.21,2.26,9.95,-7.26,354.37
2000,333,33362.60,0.00,248.10,1.65,8.27,-4.53,436.65
2000,334,33287.41,0.00,137.57,0.00,4.91,-1.55,545.20
2000,335,33215.40,0.00,123.97,0.00,1.30,-4.26,445.36
2000,336,33146.60,0.00,115.33,0.00,1.52,-3.62,467.63
2000,337,33081.08,0.00,143.09,0.00,0.74,-5.73,398.63
2000,338,33018.88,0.00,216.95,0.00,4.23,-7.48,348.36
2000,339,32960.03,0.00,229.58,0.00,6.76,-6.72,369.39
2000,340,32904.58,0.00,199.15,0.00,-1.55,-11.56,252.54
2000,341,32852.58,0.00,241.27,0.00,5.40,-10.73,269.86
2000,342,32804.06,0.00,239.63,0.00,12.80,-4.81,427.52
2000,343,32759.05,0.00,176.44,0.00,2.14,-7.10,358.80
2000,344,32717.59,0.00,205.04,0.00,4.42,-7.51,347.40
2000,345,32679.72,10.06,118.63,10.06,-6.92,-13.86,209.43
2000,346,32645.45,4.59,80.00,14.65,-14.56,-18.97,136.48
2000,347,32614.81,1.62,225.91,16.27,-12.09,-23.37,92.87
2000,348,32587.83,2.35,168.58,18.62,-8.69,-20.11,123.70
2000,349,32564.53,0.00,226.56,18.62,-7.08,-18.73,139.30
2000,350,32544.93,1.68,242.06,20.30,-3.11,-16.40,169.75
2000,351,32529.04,0.00,141.42,20.30,-7.90,-14.19,203.95
2000,352,32516.87,9.27,162.31,29.57,-9.18,-19.73,127.80
2000,353,32508.43,0.00,198.49,29.57,-9.28,-18.44,142.82
2000,354,32503.74,0.00,224.14,29.57,-8.03,-19.11,134.90
2000,355,32502.79,3.32,197.34,32.89,-1.52,-17.58,153.63
2000,356,32505.58,0.00,169.47,32.89,-11.33,-18.80,138.44
2000,357,32512.11,0.00,262.47,32.89,-9.72,-24.99,80.26
2000,358,32522.38,0.00,243.24,32.89,-10.02,-22.61,99.34
2000,359,32536.38,0.00,99.59,32.89,-14.55,-18.46,142.59
2000,360,32554.10,0.00,213.02,32.89,-10.26,-19.82,126.86
2000,361,32575.52,0.00,201.66,32.89,-7.78,-16.58,167.15
2000,362,32600.63,0.00,237.18,32.89,-5.45,-16.63,166.50
2000,363,32629.41,0.00,257.58,32.89,-0.90,-14.31,201.83
2000,364,32661.83,0.00,161.52,32.89,-6.09,-12.59,232.31
2000,365,32697.87,0.00,126.76,32.89,-7.21,-12.12,241.24
2001,1,32737.70,0.00,202.84,0.00,-8.68,-19.72,127.96
2001,2,32780.92,0.00,240.22,0.00,-3.52,-19.61,129.15
2001,3,32827.67,0.00,250.40,0.00,3.47,-15.85,177.77
2001,4,32877.92,0.00,234.56,0.00,7.69,-7.81,339.58
2001,5,32931.64,0.00,216.90,0.00,8.14,-4.70,430.91
2001,6,32988.77,0.00,224.98,0.00,9.45,-4.33,443.05
2001,7,33049.29,0.00,158.35,0.00,5.02,-2.80,496.99
2001,8,33113.14,0.00,186.55,0.00,4.11,-5.45,407.20
2001,9,33180.29,0.00,231.49,0.00,6.02,-7.77,340.59
2001,10,33250.69,0.99,262.27,0.99,8.24,-6.21,384.11
2001,11,33324.28,0.00,184.40,0.00,7.26,-2.05,525.59
2001,12,33401.03,0.00,177.11,0.00,2.40,-6.17,385.29
2001,13,33480.87,8.07,101.84,0.00,1.81,-4.37,441.78
2001,14,33563.76,0.00,67.49,0.00,-0.05,-2.86,494.90
2001,15,33649.64,0.00,113.51,0.00,-0.93,-5.89,393.59
2001,16,33738.45,0.00,103.00,0.00,-2.16,-6.58,373.45
2001,17,33830.15,0.00,170.75,0.00,0.78,-6.99,361.69
2001,18,33924.67,0.00,187.68,0.00,1.18,-7.49,347.93
2001,19,34021.95,0.00,213.98,0.00,-7.51,-17.60,153.42
2001,20,34121.95,0.00,275.50,0.00,-0.46,-17.94,149.08
2001,21,34224.60,0.00,269.09,0.00,0.80,-14.94,191.66
2001,22,34329.83,0.00,282.90,0.00,8.90,-10.45,275.90
2001,23,34437.60,0.00,253.44,0.00,5.18,-8.07,332.72
2001,24,34547.84,0.00,179.56,0.00,-1.45,-9.08,307.42
2001,25,34660.49,4.48,233.42,4.48,0.38,-15.42,184.19
2001,26,34775.50,0.00,289.38,4.48,-0.81,-13.66,212.93
2001,27,34892.79,0.00,310.16,4.48,-0.42,-15.22,187.22
2001,28,35012.32,4.20,210.18,8.68,0.19,-11.48,254.07
2001,29,35134.03,10.09,55.65,7.38,-0.57,-2.90,493.16
2001,30,35257.84,0.00,85.82,6.17,-0.34,-3.12,485.27
2001,31,35383.71,0.00,226.91,6.17,1.48,-6.73,369.18
2001,32,35511.58,0.00,291.17,6.17,-2.24,-13.62,213.72
2001,33,35641.38,0.00,359.21,6.17,-3.62,-23.94,88.23
2001,34,35773.06,0.00,367.93,6.17,6.16,-19.80,127.09
2001,35,35906.57,0.00,202.34,5.25,3.07,-3.81,460.83
2001,36,36041.84,0.00,299.89,4.50,7.53,-4.21,447.08
2001,37,36178.83,0.00,236.80,3.88,3.56,-4.53,436.54
2001,38,36317.47,1.17,135.85,3.24,-0.31,-4.48,438.20
2001,39,36457.71,12.48,61.46,2.53,-2.09,-4.29,444.39
2001,40,36599.50,0.00,198.02,2.53,-8.64,-14.36,201.04
2001,41,36742.78,0.00,352.99,2.53,-8.13,-21.45,110.06
2001,42,36887.51,0.00,379.10,2.53,-2.64,-19.32,132.38
2001,43,37033.62,0.00,300.24,2.53,1.38,-8.61,319.00
2001,44,37181.08,2.55,155.17,1.58,2.49,-3.74,463.22
2001,45,37329.83,0.00,151.06,1.58,-7.73,-11.98,244.12
2001,46,37479.83,0.00,232.19,1.58,-5.65,-12.49,234.21
2001,47,37631.02,0.00,154.80,1.58,-7.87,-12.12,241.24
2001,48,37783.36,0.00,259.99,1.58,-7.76,-15.29,186.15
2001,49,37936.81,0.00,384.62,1.58,0.25,-14.26,202.64
2001,50,38091.31,0.00,363.34,1.58,2.54,-9.86,289.12
2001,51,38246.83,0.00,216.21,1.58,-1.12,-6.89,364.49
2001,52,38403.32,0.00,217.89,1.58,-6.22,-11.69,249.83
2001,53,38560.74,0.00,400.75,1.58,2.35,-11.29,255.56
2001,54,38719.05,8.68,254.62,10.26,1.35,-8.19,329.57
2001,55,38878.21,14.62,266.30,24.88,2.36,-7.41,350.14
2001,56,39038.18,0.00,305.44,24.88,0.59,-6.99,361.70
2001,57,39198.92,0.00,336.09,24.88,1.39,-7.02,361.06
2001,58,39360.39,2.70,125.72,27.58,-8.78,-12.28,238.26
2001,59,39522.56,0.00,460.48,27.58,-2.66,-18.84,137.96
2001,60,39685.39,0.00,466.14,27.58,1.63,-15.91,174.37
2001,61,39848.84,0.00,403.81,27.58,4.27,-7.28,345.34
2001,62,40012.88,0.00,419.37,27.58,5.69,-6.65,350.79
2001,63,40177.47,0.00,342.56,27.38,2.80,-5.53,404.68
2001,64,40342.59,0.00,282.67,27.09,0.73,-5.31,411.31
2001,65,40508.20,0.00,339.79,27.09,1.12,-6.44,377.33
2001,66,40674.27,0.00,381.20,26.86,3.35,-5.45,395.11
2001,67,40840.76,0.00,328.72,26.01,3.09,-3.96,455.53
2001,68,41007.64,0.00,402.18,25.86,3.82,-5.65,378.29
2001,69,41174.89,0.00,326.91,25.17,2.69,-4.37,441.84
2001,70,41342.48,13.20,261.89,38.37,1.14,-6.37,379.36
2001,71,41510.37,0.00,435.88,38.05,5.24,-5.24,390.77
2001,72,41678.54,0.00,481.20,36.57,10.56,-2.46,430.07
2001,73,41846.95,0.00,465.62,33.49,13.45,1.33,551.75
2001,74,42015.58,0.00,293.51,30.56,6.90,0.96,654.88
2001,75,42184.41,0.00,406.33,29.07,6.63,-2.44,481.45
2001,76,42353.39,0.00,507.78,29.07,8.59,-6.00,329.11
2001,77,42522.51,0.00,496.34,28.45,9.23,-4.54,366.56
2001,78,42691.75,0.00,473.31,26.93,9.98,-2.37,434.03
2001,79,42861.06,0.00,523.93,25.16,14.76,-1.79,402.79
2001,80,43030.42,0.00,485.46,22.74,12.76,-0.24,479.84
2001,81,43199.81,0.00,456.92,19.32,13.78,2.14,565.48
2001,82,43369.21,0.00,244.88,16.71,5.28,0.22,620.43
2001,83,43538.57,0.00,365.90,16.47,2.35,-5.43,402.01
2001,84,43707.88,0.00,443.33,16.47,2.11,-8.01,309.49
2001,85,43877.12,0.00,544.35,16.47,5.57,-10.66,218.46
2001,86,44046.24,0.00,560.46,16.47,9.90,-8.90,228.01
2001,87,44215.22,0.00,516.19,14.75,12.56,-1.90,383.06
2001,88,44384.05,1.88,464.47,12.98,9.95,-1.79,425.68
2001,89,44552.68,6.90,405.51,11.27,14.96,-1.92,434.49
2001,90,44721.10,0.00,477.80,9.19,11.06,-1.03,459.49
2001,91,44889.26,0.00,519.89,8.07,10.93,-3.35,371.58
2001,92,45057.15,0.00,558.76,6.36,16.11,-1.93,365.11
2001,93,45224.74,5.61,301.95,3.69,9.77,0.34,622.13
2001,94,45391.99,0.00,382.66,0.00,13.88,3.50,698.22
2001,95,45558.88,2.22,250.09,0.00,15.26,6.47,965.81
2001,96,45725.37,1.19,426.68,0.00,20.10,7.45,825.41
2001,97,45891.44,0.00,434.16,0.00,21.09,7.88,838.35
2001,98,46057.04,0.00,521.18,0.00,24.57,2.77,510.14
2001,99,46222.16,0.00,494.76,0.00,21.79,3.84,583.50
2001,100,46386.76,18.05,307.96,0.00,17.85,5.35,846.01
2001,101,46550.80,9.25,292.71,0.00,18.40,6.71,981.86
2001,102,46714.26,0.00,393.34,0.00,15.58,4.16,785.86
2001,103,46877.09,0.00,502.86,0.00,19.43,1.21,559.11
2001,104,47039.26,0.00,508.94,0.00,21.09,1.83,550.60
2001,105,47200.73,0.00,418.55,0.00,16.06,3.17,692.40
2001,106,47361.47,0.00,292.76,0.00,9.05,1.21,666.62
2001,107,47521.44,0.00,443.92,0.00,10.93,-2.49,472.89
2001,108,47680.60,0.00,530.55,0.00,18.20,-2.36,407.81
2001,109,47838.91,0.00,527.05,0.00,22.18,1.52,517.66
2001,110,47996.34,2.52,362.46,0.00,24.97,7.44,922.75
2001,111,48152.83,2.91,298.79,0.00,21.11,8.65,1105.44
2001,112,48308.35,16.02,284.71,0.00,21.12,9.31,1171.68
2001,113,48462.86,0.00,394.18,0.00,14.53,2.65,728.86
2001,114,48616.30,0.00,525.27,0.00,21.60,0.99,546.38
2001,115,48768.65,0.00,539.29,0.00,25.54,2.51,580.16
2001,116,48919.84,0.00,531.85,0.00,29.98,6.98,753.81
2001,117,49069.84,0.00,477.97,0.00,30.36,12.09,1120.86
2001,118,49218.59,0.00,432.67,0.00,29.05,13.61,1309.01
2001,119,49366.06,0.00,401.27,0.00,28.23,14.53,1421.02
2001,120,49512.18,4.80,243.57,0.00,25.70,15.18,1724.17
2001,121,49656.91,2.74,340.64,0.00,30.26,13.44,1384.14
2001,122,49800.19,39.09,148.71,0.00,18.30,12.61,1459.04
2001,123,49941.98,5.51,113.02,0.00,13.67,9.64,1198.36
2001,124,50082.23,47.19,162.35,0.00,16.25,10.26,1248.85
2001,125,50220.87,22.59,266.44,0.00,22.65,11.84,1387.00
2001,126,50357.86,0.00,302.29,0.00,20.75,11.98,1399.79
2001,127,50493.13,0.00,453.20,0.00,21.41,6.77,985.62
2001,128,50626.65,0.00,474.49,0.00,23.83,7.90,1065.21
2001,129,50758.33,3.23,383.02,0.00,29.65,9.95,1223.44
2001,130,50888.14,0.00,434.20,0.00,27.70,13.21,1517.51
2001,131,51016.01,0.00,397.88,0.00,23.09,10.87,1300.49
2001,132,51141.89,2.37,333.49,0.00,21.57,7.47,1034.28
2001,133,51265.71,0.00,515.99,0.00,31.05,10.72,1237.78
2001,134,51387.41,0.00,466.78,0.00,32.79,15.51,1732.16
2001,135,51506.95,0.00,387.99,0.00,33.37,19.90,2323.16
2001,136,51624.25,0.00,427.05,0.00,31.95,16.86,1919.23
2001,137,51739.26,0.00,342.37,0.00,28.00,17.19,1959.63
2001,138,51851.92,0.00,383.94,0.00,26.26,14.34,1633.47
2001,139,51962.16,5.15,372.61,0.00,28.81,10.93,1306.09
2001,140,52069.93,45.09,221.67,0.00,20.12,12.01,1402.83
2001,141,52175.18,0.00,297.16,0.00,16.80,8.92,1141.63
2001,142,52277.83,0.00,390.03,0.00,18.41,7.55,1039.65
2001,143,52377.83,0.82,275.79,0.00,15.07,8.00,1071.98
2001,144,52475.12,0.73,274.92,0.00,14.82,8.00,1072.18
2001,145,52569.65,0.00,448.55,0.00,20.90,8.34,1097.07
2001,146,52661.35,0.00,462.24,0.00,22.31,9.27,1168.43
2001,147,52750.17,0.00,526.60,0.00,26.42,8.95,1142.06
2001,148,52836.06,0.00,490.76,0.00,26.23,11.19,1328.54
2001,149,52918.95,10.31,257.13,0.00,21.10,12.54,1452.93
2001,150,52998.80,43.54,116.83,0.00,16.78,13.31,1527.89
2001,151,53075.55,2.17,274.74,0.00,18.09,9.41,1179.53
2001,152,53149.15,0.00,526.89,0.00,26.13,9.14,1158.32
2001,153,53219.56,0.00,473.57,0.00,23.49,9.87,1217.05
2001,154,53286.71,4.33,249.64,0.00,19.64,11.34,1342.03
2001,155,53350.58,9.81,138.74,0.00,16.34,12.10,1411.15
2001,156,53411.10,0.00,281.28,0.00,19.01,12.29,1428.95
2001,157,53468.24,0.00,431.38,0.00,22.24,10.84,1298.30
2001,158,53521.96,0.00,483.68,0.00,26.25,12.03,1404.15
2001,159,53572.22,0.00,489.76,0.00,27.79,13.07,1503.97
2001,160,53618.98,6.51,356.67,0.00,29.26,14.97,1701.12
2001,161,53662.21,0.00,474.08,0.00,32.36,17.27,1970.63
2001,162,53701.88,0.00,471.75,0.00,35.37,19.40,2251.15
2001,163,53737.95,0.00,398.16,0.00,33.13,21.50,2563.32
2001,164,53770.39,27.01,266.86,0.00,31.83,22.10,2659.57
2001,165,53799.20,0.00,344.14,0.00,26.10,17.64,2016.49
2001,166,53824.33,0.00,513.49,0.00,27.93,12.27,1427.40
2001,167,53845.77,0.00,501.02,0.00,28.92,13.66,1562.98
2001,168,53863.52,0.00,491.25,0.00,30.88,15.57,1767.74
2001,169,53877.54,1.72,463.03,0.00,33.55,19.12,2212.63
2001,170,53887.83,4.58,244.48,0.00,21.52,13.89,1586.08
2001,171,53894.39,2.40,299.23,0.00,22.36,12.51,1450.10
2001,172,53897.21,0.00,471.11,0.00,25.81,12.70,1467.76
2001,173,53896.28,0.00,498.63,0.00,25.15,10.55,1273.34
2001,174,53891.61,0.00,504.54,0.00,28.22,12.31,1430.77
2001,175,53883.20,0.00,487.32,0.00,32.92,16.63,1892.24
2001,176,53871.05,0.00,423.00,0.00,32.49,19.60,2280.31
2001,177,53855.19,0.00,338.38,0.00,29.76,20.59,2424.22
2001,178,53835.61,0.00,436.70,0.00,30.75,17.93,2054.02
2001,179,53812.33,0.00,411.76,0.00,30.43,18.61,2143.86
2001,180,53785.38,0.00,410.83,0.00,30.85,18.77,2165.30
2001,181,53754.77,0.00,421.34,0.00,32.95,19.87,2318.03
2001,182,53720.52,0.33,228.74,0.00,24.97,19.26,2232.70
2001,183,53682.67,25.28,382.89,0.00,31.16,13.89,1586.82
2001,184,53641.23,0.00,480.14,0.00,31.66,15.98,1815.04
2001,185,53596.25,0.00,404.98,0.00,31.51,19.21,2225.82
2001,186,53547.75,0.00,392.27,0.00,30.24,18.56,2136.35
2001,187,53495.77,0.00,460.61,0.00,36.05,19.62,2282.44
2001,188,53440.35,0.00,416.11,0.00,36.42,22.17,2669.91
2001,189,53381.52,0.00,299.20,0.00,31.91,23.10,2824.75
2001,190,53319.34,0.00,368.70,0.00,32.21,21.10,2500.86
2001,191,53253.84,0.00,382.69,0.00,30.30,19.11,2211.00
2001,192,53185.07,1.81,307.13,0.00,27.48,19.27,2233.29
2001,193,53113.07,0.00,330.28,0.00,27.15,18.34,2107.59
2001,194,53037.90,0.00,460.68,0.00,28.29,14.37,1637.01
2001,195,52959.61,0.00,451.03,0.00,28.95,15.20,1726.39
2001,196,52878.25,0.00,377.60,0.00,27.67,17.16,1956.92
2001,197,52793.86,0.00,407.32,0.00,31.74,19.50,2265.25
2001,198,52706.52,0.00,436.88,0.00,35.14,20.71,2442.62
2001,199,52616.26,0.00,372.36,0.00,33.04,21.94,2632.94
2001,200,52523.15,2.12,229.67,0.00,30.60,22.06,2651.93
2001,201,52427.24,0.00,356.61,0.00,32.47,21.98,2639.56
2001,202,52328.60,0.00,386.55,0.00,34.90,22.78,2770.79
2001,203,52227.28,4.60,293.75,0.00,35.66,23.16,2836.10
2001,204,52123.34,0.77,341.01,0.00,33.43,23.45,2884.96
2001,205,52016.83,0.00,301.29,0.00,31.60,23.31,2862.12
2001,206,51907.83,0.00,292.45,0.00,26.92,19.55,2273.25
2001,207,51796.38,0.00,250.27,0.00,25.76,19.64,2286.12
2001,208,51682.55,1.03,307.45,0.00,28.04,20.27,2375.79
2001,209,51566.39,0.00,391.43,0.00,31.56,20.59,2423.29
2001,210,51447.98,0.00,427.09,0.00,32.71,19.99,2335.76
2001,211,51327.36,0.00,437.14,0.00,35.69,21.55,2570.45
2001,212,51204.60,0.00,355.13,0.00,35.58,24.84,3137.08
2001,213,51079.75,0.00,381.75,0.00,36.04,24.27,3030.67
2001,214,50952.88,0.00,357.63,0.00,34.20,23.89,2962.50
2001,215,50824.04,0.00,360.72,0.00,33.75,23.45,2884.83
2001,216,50693.30,0.00,428.63,0.00,35.97,22.36,2583.04
2001,217,50560.70,0.00,435.84,0.00,36.83,22.60,2602.33
2001,218,50426.31,0.00,407.90,0.00,36.48,23.64,2837.00
2001,219,50290.17,0.00,421.29,0.00,34.88,21.76,2521.10
2001,220,50152.36,0.00,472.23,0.00,35.13,19.08,2044.16
2001,221,50012.92,0.00,369.83,0.00,29.60,19.46,2260.19
2001,222,49871.90,0.00,431.86,0.00,26.43,14.33,1616.19
2001,223,49729.36,0.00,490.72,0.00,28.58,12.75,1381.94
2001,224,49585.35,0.00,480.16,0.00,29.52,14.01,1506.57
2001,225,49439.93,0.00,472.72,0.00,29.67,14.46,1560.00
2001,226,49293.13,17.57,322.08,0.00,27.07,14.41,1640.70
2001,227,49145.03,18.67,240.43,0.00,23.89,15.62,1773.33
2001,228,48995.65,0.00,390.00,0.00,25.74,15.02,1706.74
2001,229,48845.05,0.00,475.60,0.00,28.34,12.79,1476.15
2001,230,48693.28,0.00,424.20,0.00,26.24,13.74,1570.55
2001,231,48540.39,0.00,471.30,0.00,26.95,11.76,1301.42
2001,232,48386.41,2.23,343.40,0.00,27.84,12.91,1488.49
2001,233,48231.40,0.00,482.39,0.00,34.92,16.12,1664.73
2001,234,48075.39,0.00,403.38,0.00,33.76,20.02,2271.79
2001,235,47918.43,9.17,252.40,0.00,30.45,20.04,2343.02
2001,236,47760.56,4.59,174.10,0.00,26.23,19.67,2289.70
2001,237,47601.82,0.00,308.01,0.00,27.72,18.58,2139.25
2001,238,47442.25,0.00,438.65,0.00,30.47,14.92,1669.03
2001,239,47281.90,0.00,426.25,0.00,30.97,15.79,1779.07
2001,240,47120.79,0.00,428.36,0.00,30.36,15.09,1675.84
2001,241,46958.96,9.98,334.54,0.00,33.44,15.98,1749.62
2001,242,46796.46,0.00,315.25,0.00,28.02,18.02,2065.64
2001,243,46633.32,0.00,427.97,0.00,27.71,12.75,1356.77
2001,244,46469.57,0.00,424.18,0.00,28.07,13.01,1384.10
2001,245,46305.25,0.00,441.42,0.00,31.93,14.68,1475.50
2001,246,46140.39,0.00,417.31,0.00,33.58,17.36,1729.69
2001,247,45975.02,0.00,431.87,0.00,33.01,15.79,1548.55
2001,248,45809.18,0.00,409.13,0.00,31.50,15.83,1602.91
2001,249,45642.90,11.70,255.16,0.00,29.27,17.17,1957.91
2001,250,45476.21,29.83,167.43,0.00,24.93,17.83,2040.51
2001,251,45309.14,0.00,237.41,0.00,21.82,14.50,1650.27
2001,252,45141.72,0.00,369.95,0.00,22.79,10.31,1253.15
2001,253,44973.98,0.00,450.36,0.00,28.11,9.39,1135.30
2001,254,44805.95,0.00,440.95,0.00,28.38,10.10,1198.37
2001,255,44637.65,0.00,413.02,0.00,29.58,13.12,1399.81
2001,256,44469.13,1.04,273.00,0.00,22.84,13.92,1589.67
2001,257,44300.40,8.88,117.98,0.00,18.90,14.10,1608.03
2001,258,44131.49,9.41,130.10,0.00,17.25,12.04,1405.41
2001,259,43962.43,2.10,129.14,0.00,17.64,12.55,1453.06
2001,260,43793.25,0.00,279.96,0.00,22.09,13.19,1515.21
2001,261,43623.98,3.12,143.97,0.00,19.22,13.52,1549.01
2001,262,43454.64,0.00,381.04,0.00,24.52,10.88,1301.75
2001,263,43285.25,0.00,411.73,0.00,27.87,11.33,1317.91
2001,264,43115.86,4.27,310.05,0.00,26.30,9.63,1196.94
2001,265,42946.48,1.69,401.27,0.00,26.51,10.37,1258.11
2001,266,42777.13,0.00,201.06,0.00,17.93,11.74,1378.05
2001,267,42607.86,0.00,350.46,0.00,16.50,4.56,845.76
2001,268,42438.68,0.00,417.57,0.00,18.76,1.90,700.18
2001,269,42269.62,0.00,435.01,0.00,22.14,2.08,709.32
2001,270,42100.71,0.00,433.01,0.00,25.52,4.04,815.26
2001,271,41931.98,0.00,393.31,0.00,25.24,8.16,1083.68
2001,272,41763.45,0.00,370.23,0.00,23.03,7.83,1060.08
2001,273,41595.16,0.00,395.58,0.00,25.75,7.47,1034.31
2001,274,41427.12,0.00,400.33,0.00,28.83,8.74,1087.17
2001,275,41259.38,0.00,385.32,0.00,30.31,11.07,1278.76
2001,276,41091.96,0.00,275.90,0.00,22.36,11.84,1387.30
2001,277,40924.88,3.88,116.70,0.00,13.87,8.71,1124.99
2001,278,40758.19,0.00,256.50,0.00,14.94,6.06,938.41
2001,279,40591.91,0.00,403.04,0.00,18.56,-1.01,567.27
2001,280,40426.06,0.00,399.69,0.00,21.46,0.71,643.09
2001,281,40260.69,4.44,251.24,0.00,22.70,7.77,1055.80
2001,282,40095.83,22.25,184.96,0.00,22.13,12.21,1421.50
2001,283,39931.50,0.00,219.13,0.00,19.19,10.84,1297.79
2001,284,39767.75,0.00,353.17,0.00,20.90,4.49,841.23
2001,285,39604.60,13.29,232.29,0.00,17.69,4.84,862.49
2001,286,39442.10,0.00,284.47,0.00,17.44,5.87,926.65
2001,287,39280.27,0.00,248.03,0.00,15.67,5.86,925.61
2001,288,39119.16,0.00,201.44,0.00,12.27,4.58,846.49
2001,289,38958.80,0.00,318.29,0.00,12.78,-1.52,546.26
2001,290,38799.22,0.00,365.27,0.00,20.08,-1.12,562.79
2001,291,38640.48,0.00,303.37,0.00,18.14,3.38,778.21
2001,292,38482.61,0.00,330.94,0.00,19.10,1.32,671.97
2001,293,38325.64,0.00,331.89,0.00,21.15,2.50,731.29
2001,294,38169.63,0.00,313.41,0.00,20.45,3.55,787.85
2001,295,38014.60,15.30,130.69,0.00,15.71,8.02,1073.96
2001,296,37860.62,0.00,276.63,0.00,20.91,6.60,974.01
2001,297,37707.72,0.00,208.63,0.00,15.32,5.66,912.84
2001,298,37555.94,0.00,227.23,0.00,11.25,0.83,648.49
2001,299,37405.33,0.00,247.71,0.00,9.52,-1.95,529.47
2001,300,37255.95,0.00,324.37,0.00,12.68,-5.96,391.48
2001,301,37107.83,0.00,341.53,0.00,21.62,-3.29,479.05
2001,302,36961.03,0.00,218.65,0.00,16.00,5.42,898.07
2001,303,36815.60,0.00,273.64,0.00,20.58,5.53,904.48
2001,304,36671.58,0.00,238.26,0.00,21.37,8.99,1146.77
2001,305,36529.03,0.00,262.51,0.00,23.30,8.67,1121.86
2001,306,36388.00,0.00,297.69,0.00,20.96,2.28,719.68
2001,307,36248.55,0.00,298.98,0.00,23.05,2.75,744.45
2001,308,36110.73,0.00,295.73,0.00,22.58,2.05,707.90
2001,309,35974.58,0.00,295.20,0.00,23.73,2.47,729.50
2001,310,35840.18,0.00,270.76,0.00,24.25,6.20,947.79
2001,311,35707.57,0.00,226.77,0.00,24.87,10.92,1305.04
2001,312,35576.81,0.00,155.91,0.00,12.18,4.05,815.96
2001,313,35447.96,0.00,275.77,0.00,16.44,-2.28,516.60
2001,314,35321.07,0.00,278.39,0.00,19.44,-0.71,579.67
2001,315,35196.21,0.00,278.07,0.00,18.53,-2.12,522.75
2001,316,35073.44,0.00,267.95,0.00,19.96,0.05,612.82
2001,317,34952.81,0.00,177.86,0.00,18.52,7.53,1038.67
2001,318,34834.38,0.00,100.22,0.00,19.73,13.62,1559.06
2001,319,34718.21,0.00,195.37,0.00,23.88,10.71,1287.15
2001,320,34604.36,0.00,211.33,0.00,22.40,8.02,1073.99
2001,321,34492.90,0.00,209.29,0.00,21.69,7.42,1030.67
2001,322,34383.88,0.00,124.64,0.00,16.64,9.18,1161.20
2001,323,34277.35,0.00,194.25,0.00,10.25,-1.57,544.31
2001,324,34173.39,0.00,250.66,0.00,13.95,-4.56,435.50
2001,325,34072.05,0.00,255.72,0.00,18.02,-2.82,496.18
2001,326,33973.39,0.00,233.71,0.00,17.34,-0.21,601.43
2001,327,33877.47,34.93,112.50,0.00,13.84,4.30,830.20
2001,328,33784.34,14.45,65.83,0.00,12.25,6.91,995.37
2001,329,33694.07,3.90,44.86,0.00,7.18,3.88,806.24
2001,330,33606.70,0.00,171.29,0.00,13.53,2.55,733.76
2001,331,33522.30,0.00,77.35,0.00,-0.08,-4.21,447.03
2001,332,33440.91,0.00,64.53,0.00,-2.40,-5.69,399.70
2001,333,33362.60,0.00,79.71,0.00,-1.88,-6.03,389.32
2001,334,33287.41,0.00,132.03,0.00,1.62,-5.61,402.02
2001,335,33215.40,0.00,209.11,0.00,8.73,-4.74,429.65
2001,336,33146.60,0.00,230.99,0.00,12.40,-4.36,442.12
2001,337,33081.08,0.00,203.24,0.00,11.49,-1.58,544.09
2001,338,33018.88,0.00,226.21,0.00,16.62,-0.03,609.49
2001,339,32960.03,4.91,144.41,0.00,18.22,5.67,913.86
2001,340,32904.58,0.00,223.96,0.00,13.17,-2.67,501.94
2001,341,32852.58,0.00,168.62,0.00,7.50,-2.16,521.03
2001,342,32804.06,0.00,161.14,0.00,6.09,-3.04,488.02
2001,343,32759.05,0.00,219.12,0.00,11.56,-3.51,471.43
2001,344,32717.59,0.00,198.38,0.00,9.44,-2.80,497.14
2001,345,32679.72,1.65,212.18,0.00,11.61,-2.23,518.65
2001,346,32645.45,0.00,134.64,0.00,6.49,-0.46,590.55
2001,347,32614.81,0.00,216.13,0.00,6.72,-7.00,361.61
2001,348,32587.83,0.00,218.61,0.00,7.76,-6.80,367.13
2001,349,32564.53,0.00,211.30,0.00,11.75,-2.26,517.47
2001,350,32544.93,0.00,138.84,0.00,8.01,0.58,637.01
2001,351,32529.04,0.00,225.62,0.00,9.42,-6.53,374.85
2001,352,32516.87,0.00,206.08,0.00,7.41,-5.70,399.53
2001,353,32508.43,0.00,205.86,0.00,5.34,-7.65,343.70
2001,354,32503.74,0.00,231.25,0.00,9.73,-7.79,340.07
2001,355,32502.79,3.32,166.28,0.00,9.54,-5.83,395.36
2001,356,32505.58,4.59,93.78,0.00,1.88,-4.42,440.17
2001,357,32512.11,0.00,138.32,0.00,-1.11,-8.05,333.31
2001,358,32522.38,0.00,101.84,0.00,-4.36,-9.25,303.28
2001,359,32536.38,0.00,183.76,0.00,-4.57,-14.60,197.08
2001,360,32554.10,0.00,225.44,0.00,0.03,-14.84,193.28
2001,361,32575.52,0.00,204.36,0.00,1.02,-11.37,256.43
2001,362,32600.63,0.00,167.47,0.00,-1.35,-10.59,272.91
2001,363,32629.41,0.00,130.47,0.00,-6.60,-13.38,217.96
2001,364,32661.83,0.00,125.69,0.00,-6.99,-13.45,216.71
2001,365,32697.87,0.00,174.56,0.00,-7.51,-16.97,161.80
2002,1,32737.70,0.00,157.67,0.00,-7.97,-17.26,157.91
2002,2,32780.92,0.00,148.47,0.00,-7.68,-16.29,171.30
2002,3,32827.67,0.00,225.58,0.00,-0.15,-16.35,170.43
2002,4,32877.92,0.00,232.81,0.00,4.59,-13.01,221.47
2002,5,32931.64,0.00,197.10,0.00,7.83,-5.03,415.25
2002,6,32988.77,0.00,93.02,0.00,2.44,-2.72,500.09
2002,7,33049.29,0.00,237.40,0.00,4.37,-13.29,215.24
2002,8,33113.14,0.00,260.28,0.00,15.35,-10.72,222.72
2002,9,33180.29,0.00,219.80,0.00,13.21,-1.96,471.86
2002,10,33250.69,0.00,161.61,0.00,8.64,-0.86,573.49
2002,11,33324.28,0.00,241.56,0.00,11.62,-6.23,331.01
2002,12,33401.03,0.00,223.59,0.00,9.29,-5.54,369.48
2002,13,33480.87,0.00,203.85,0.00,12.02,-0.71,528.81
2002,14,33563.76,0.00,116.05,0.00,5.38,-0.89,572.46
2002,15,33649.64,0.00,152.38,0.00,0.08,-8.16,330.33
2002,16,33738.45,0.00,159.94,0.00,0.67,-8.00,334.63
2002,17,33830.15,0.00,240.18,0.00,5.05,-10.50,241.41
2002,18,33924.67,1.69,216.97,1.69,-1.70,-12.53,233.48
2002,19,34021.95,0.00,259.11,1.69,2.35,-11.77,223.83
2002,20,34121.95,0.00,269.92,1.69,6.24,-8.90,257.45
2002,21,34224.60,0.00,295.54,1.69,11.76,-6.73,247.61
2002,22,34329.83,0.00,300.77,1.69,12.66,-6.05,196.39
2002,23,34437.60,0.00,218.62,1.69,3.82,-6.55,280.23
2002,24,34547.84,0.00,307.09,1.69,7.75,-10.89,142.11
2002,25,34660.49,0.00,329.21,1.69,14.92,-9.10,122.57
2002,26,34775.50,0.00,288.58,0.00,18.94,-1.62,187.64
2002,27,34892.79,0.00,260.07,0.00,14.35,-0.94,244.12
2002,28,35012.32,0.00,149.15,0.00,-1.87,-8.91,288.35
2002,29,35134.03,0.00,69.30,0.00,-6.25,-9.14,305.96
2002,30,35257.84,8.09,77.05,8.09,-5.64,-9.66,293.60
2002,31,35383.71,10.93,97.67,19.03,-4.34,-9.44,298.79
2002,32,35511.58,0.00,291.84,19.03,-3.62,-17.20,131.10
2002,33,35641.38,0.00,329.24,19.03,0.12,-16.97,113.76
2002,34,35773.06,0.00,322.65,19.03,1.02,-14.84,123.99
2002,35,35906.57,0.00,318.43,19.03,-3.55,-18.68,104.25
2002,36,36041.84,0.00,346.12,19.03,0.17,-18.34,91.06
2002,37,36178.83,0.00,333.17,19.03,2.59,-13.89,123.07
2002,38,36317.47,0.00,318.59,19.03,6.38,-8.10,176.34
2002,39,36457.71,0.00,318.43,19.03,8.03,-6.19,192.60
2002,40,36599.50,11.40,115.13,17.33,3.74,-1.96,528.33
2002,41,36742.78,0.00,194.38,17.33,-0.82,-7.83,339.07
2002,42,36887.51,0.00,321.34,17.33,5.35,-7.95,245.69
2002,43,37033.62,0.00,253.45,16.45,5.40,-3.92,377.50
2002,44,37181.08,0.00,344.55,16.45,7.67,-7.15,235.76
2002,45,37329.83,0.00,316.83,16.01,7.80,-4.94,292.68
2002,46,37479.83,0.00,272.66,13.82,9.50,-0.79,421.70
2002,47,37631.02,0.00,301.72,11.85,10.27,-1.30,373.57
2002,48,37783.36,0.00,377.01,10.90,13.44,-3.75,243.19
2002,49,37936.81,0.00,348.59,8.56,14.02,-0.42,326.57
2002,50,38091.31,0.00,143.58,4.49,8.50,3.68,783.26
2002,51,38246.83,0.00,241.80,1.69,8.80,0.67,501.17
2002,52,38403.32,0.00,315.69,0.25,8.43,-2.58,335.43
2002,53,38560.74,0.00,403.33,0.25,10.59,-6.80,190.43
2002,54,38719.05,0.00,389.75,0.00,18.88,-3.93,200.78
2002,55,38878.21,0.00,278.36,0.00,11.09,0.84,405.44
2002,56,39038.18,0.00,198.86,0.00,-2.08,-8.46,309.97
2002,57,39198.92,0.00,261.23,0.00,-5.48,-13.96,191.76
2002,58,39360.39,0.00,382.95,0.00,0.43,-16.04,115.16
2002,59,39522.56,0.00,402.08,0.00,5.20,-14.52,108.47
2002,60,39685.39,7.00,162.70,7.00,-5.26,-11.55,252.72
2002,61,39848.84,0.00,162.72,7.00,-9.78,-14.28,202.31
2002,62,40012.88,0.00,314.02,7.00,-9.85,-19.16,134.26
2002,63,40177.47,0.00,478.89,7.00,4.36,-18.79,80.58
2002,64,40342.59,0.00,483.73,7.00,16.44,-8.30,123.90
2002,65,40508.20,0.00,272.42,6.09,4.07,-3.83,370.79
2002,66,40674.27,0.00,230.02,5.41,1.90,-4.38,398.91
2002,67,40840.76,10.14,145.63,4.97,0.06,-4.97,422.36
2002,68,41007.64,0.00,330.32,4.97,-2.60,-11.52,235.78
2002,69,41174.89,0.00,460.01,4.97,3.73,-11.81,171.05
2002,70,41342.48,0.00,461.11,4.97,5.96,-9.82,188.10
2002,71,41510.37,0.00,492.29,4.56,14.87,-5.01,205.49
2002,72,41678.54,0.00,438.85,2.97,12.15,-2.23,295.62
2002,73,41846.95,0.00,320.78,0.79,8.13,-0.81,441.20
2002,74,42015.58,0.00,275.35,0.00,4.11,-4.06,400.62
2002,75,42184.41,0.00,362.74,0.00,7.70,-3.97,327.01
2002,76,42353.39,0.00,394.16,0.00,10.80,-2.61,319.71
2002,77,42522.51,0.00,440.02,0.00,13.98,-3.08,263.19
2002,78,42691.75,0.00,284.18,0.00,6.39,-1.81,445.87
2002,79,42861.06,0.00,434.08,0.00,12.76,-2.80,276.29
2002,80,43030.42,0.00,320.42,0.00,-1.55,-10.86,242.28
2002,81,43199.81,0.00,466.04,0.00,4.76,-13.68,138.72
2002,82,43369.21,0.00,489.72,0.00,11.77,-11.06,136.31
2002,83,43538.57,8.52,169.35,0.00,4.10,-2.25,517.90
2002,84,43707.88,0.00,307.22,0.00,1.91,-6.65,342.85
2002,85,43877.12,0.00,427.01,0.00,4.24,-9.57,224.92
2002,86,44046.24,0.00,504.80,0.00,16.30,-7.63,178.96
2002,87,44215.22,0.00,475.07,0.00,17.40,-1.46,288.95
2002,88,44384.05,0.00,433.07,0.00,16.13,1.13,384.82
2002,89,44552.68,0.67,312.42,0.00,12.06,3.01,587.28
2002,90,44721.10,0.00,351.11,0.00,11.81,1.35,491.36
2002,91,44889.26,0.00,490.53,0.00,21.48,1.51,318.00
2002,92,45057.15,0.00,239.31,0.00,7.50,0.72,600.42
2002,93,45224.74,0.00,394.74,0.00,3.74,-8.09,262.30
2002,94,45391.99,0.00,503.28,0.00,10.19,-8.81,183.66
2002,95,45558.88,0.00,514.89,0.00,15.26,-5.81,199.44
2002,96,45725.37,0.00,489.96,0.00,17.67,-0.75,285.79
2002,97,45891.44,1.02,366.52,0.00,14.31,3.04,507.97
2002,98,46057.04,1.74,246.05,0.00,15.05,7.90,898.14
2002,99,46222.16,0.00,495.37,0.00,17.86,-0.74,292.38
2002,100,46386.76,1.58,527.25,0.00,24.24,1.15,275.12
2002,101,46550.80,4.97,255.92,0.00,19.16,8.73,919.62
2002,102,46714.26,0.00,410.75,0.00,19.86,6.85,617.77
2002,103,46877.09,0.00,464.37,0.00,22.92,6.76,526.60
2002,104,47039.26,0.00,497.52,0.00,28.79,9.34,535.25
2002,105,47200.73,0.00,497.78,0.00,33.52,13.25,650.58
2002,106,47361.47,7.63,282.39,0.00,29.60,16.60,1382.56
2002,107,47521.44,0.00,509.33,0.00,27.38,6.96,504.18
2002,108,47680.60,0.00,513.98,0.00,29.64,8.17,525.19
2002,109,47838.91,0.00,321.52,0.00,14.90,5.08,711.45
2002,110,47996.34,11.65,129.51,0.00,9.53,4.64,850.20
2002,111,48152.83,0.00,175.25,0.00,8.37,3.58,789.35
2002,112,48308.35,4.55,383.56,0.00,17.13,-1.60,429.26
2002,113,48462.86,0.00,556.11,0.00,26.19,0.47,351.21
2002,114,48616.30,0.00,348.00,0.00,16.75,6.06,788.83
2002,115,48768.65,0.00,409.78,0.00,13.87,0.99,525.38
2002,116,48919.84,14.13,219.01,0.00,12.15,3.83,803.12
2002,117,49069.84,20.89,240.26,0.00,14.38,5.25,887.20
2002,118,49218.59,0.00,294.68,0.00,10.55,2.54,732.96
2002,119,49366.06,1.40,500.56,0.00,20.58,3.18,612.06
2002,120,49512.18,0.00,440.42,0.00,20.82,6.74,835.31
2002,121,49656.91,3.20,219.38,0.00,15.03,6.94,997.59
2002,122,49800.19,0.00,462.53,0.00,15.70,1.23,543.48
2002,123,49941.98,0.00,518.33,0.00,20.18,1.80,503.64
2002,124,50082.23,0.00,457.32,0.00,19.63,5.20,689.24
2002,125,50220.87,6.59,405.76,0.00,27.61,5.92,727.98
2002,126,50357.86,0.00,505.71,0.00,27.84,9.74,845.04
2002,127,50493.13,0.00,420.11,0.00,24.66,11.47,1083.67
2002,128,50626.65,0.00,425.47,0.00,24.55,11.02,1044.42
2002,129,50758.33,0.00,425.73,0.00,17.16,4.39,709.40
2002,130,50888.14,34.66,365.83,0.00,19.58,3.72,714.11
2002,131,51016.01,11.84,270.71,0.00,17.60,7.28,1020.97
2002,132,51141.89,0.00,188.36,0.00,11.84,7.02,1002.67
2002,133,51265.71,0.00,503.93,0.00,19.99,3.56,683.09
2002,134,51387.41,0.00,546.50,0.00,24.24,3.95,651.97
2002,135,51506.95,2.15,377.08,0.00,25.54,8.29,1028.30
2002,136,51624.25,1.23,242.66,0.00,20.22,13.68,1564.65
2002,137,51739.26,0.00,425.16,0.00,18.14,6.21,895.11
2002,138,51851.92,0.00,510.94,0.00,18.20,2.45,640.59
2002,139,51962.16,0.00,506.85,0.00,19.48,3.69,692.77
2002,140,52069.93,0.00,502.27,0.00,19.06,3.26,677.06
2002,141,52175.18,0.00,496.76,0.00,21.62,5.54,780.15
2002,142,52277.83,6.10,359.39,0.00,24.01,8.48,1070.44
2002,143,52377.83,0.00,353.26,0.00,20.50,10.84,1292.57
2002,144,52475.12,16.83,229.94,0.00,13.13,5.36,893.92
2002,145,52569.65,0.00,500.95,0.00,20.29,4.73,785.84
2002,146,52661.35,8.27,398.21,0.00,26.05,6.96,967.88
2002,147,52750.17,15.36,342.19,0.00,27.29,12.41,1440.23
2002,148,52836.06,4.38,319.14,0.00,27.59,13.97,1594.29
2002,149,52918.95,0.00,427.12,0.00,30.53,16.50,1810.06
2002,150,52998.80,0.00,439.04,0.00,33.13,18.02,1953.50
2002,151,53075.55,0.00,448.02,0.00,34.55,18.54,1966.75
2002,152,53149.15,0.00,405.64,0.00,33.61,19.75,2202.48
2002,153,53219.56,0.00,369.54,0.00,34.04,21.64,2543.73
2002,154,53286.71,2.74,220.10,0.00,27.40,18.75,2161.92
2002,155,53350.58,0.00,327.94,0.00,22.89,13.85,1581.81
2002,156,53411.10,0.00,458.81,0.00,25.83,11.78,1316.47
2002,157,53468.24,0.00,504.68,0.00,29.71,12.41,1298.83
2002,158,53521.96,0.00,489.94,0.00,31.63,14.79,1485.23
2002,159,53572.22,0.00,421.22,0.00,32.09,18.48,1985.56
2002,160,53618.98,0.00,352.82,0.00,31.83,20.89,2445.83
2002,161,53662.21,10.32,225.56,0.00,31.04,21.97,2637.45
2002,162,53701.88,0.00,353.81,0.00,30.67,19.77,2304.21
2002,163,53737.95,14.89,232.59,0.00,28.55,19.54,2271.77
2002,164,53770.39,0.00,386.43,0.00,24.72,13.88,1585.00
2002,165,53799.20,0.00,453.92,0.00,25.89,12.39,1405.35
2002,166,53824.33,0.00,490.23,0.00,27.93,12.04,1326.34
2002,167,53845.77,0.00,492.42,0.00,28.01,11.87,1308.72
2002,168,53863.52,0.00,479.48,0.00,30.36,14.45,1545.32
2002,169,53877.54,0.00,436.07,0.00,32.13,17.98,1984.10
2002,170,53887.83,0.00,400.64,0.00,33.61,20.68,2397.26
2002,171,53894.39,0.00,414.56,0.00,33.09,19.79,2248.08
2002,172,53897.21,0.00,394.73,0.00,33.50,20.95,2449.16
2002,173,53896.28,0.00,360.49,0.00,33.83,22.45,2715.89
2002,174,53891.61,0.00,366.90,0.00,34.28,22.49,2709.50
2002,175,53883.20,0.00,426.61,0.00,33.68,19.76,2188.85
2002,176,53871.05,0.00,438.41,0.00,34.55,20.02,2196.85
2002,177,53855.19,0.00,405.53,0.00,34.57,21.46,2464.52
2002,178,53835.61,0.00,438.71,0.00,32.26,18.27,1987.28
2002,179,53812.33,0.00,478.64,0.00,33.42,17.14,1785.01
2002,180,53785.38,0.00,454.45,0.00,35.66,20.03,2159.44
2002,181,53754.77,0.00,383.38,0.00,35.77,23.23,2781.64
2002,182,53720.52,0.00,325.00,0.00,32.81,23.00,2808.26
2002,183,53682.67,0.00,387.05,0.00,32.61,20.70,2402.07
2002,184,53641.23,0.00,366.55,0.00,31.94,20.81,2457.41
2002,185,53596.25,0.00,377.71,0.00,33.18,21.36,2517.93
2002,186,53547.75,0.00,415.23,0.00,34.00,20.59,2325.44
2002,187,53495.77,17.58,309.42,0.00,34.75,21.20,2515.92
2002,188,53440.35,0.00,417.25,0.00,34.68,21.09,2451.67
2002,189,53381.52,0.00,404.57,0.00,36.02,22.62,2699.41
2002,190,53319.34,0.00,417.71,0.00,35.94,21.93,2564.70
2002,191,53253.84,4.98,238.67,0.00,31.71,22.26,2685.57
2002,192,53185.07,1.78,292.22,0.00,25.17,17.35,1980.46
2002,193,53113.07,0.00,319.10,0.00,25.56,16.92,1927.43
2002,194,53037.90,0.00,403.68,0.00,27.40,15.70,1782.66
2002,195,52959.61,0.00,480.48,0.00,30.28,14.55,1579.98
2002,196,52878.25,0.00,474.76,0.00,32.21,16.31,1762.38
2002,197,52793.86,0.00,469.38,0.00,33.46,17.58,1884.39
2002,198,52706.52,0.00,465.17,0.00,35.38,19.14,2072.38
2002,199,52616.26,0.00,448.58,0.00,36.58,20.79,2316.59
2002,200,52523.15,0.00,427.77,0.00,37.53,22.39,2589.52
2002,201,52427.24,0.00,423.36,0.00,38.90,23.56,2725.51
2002,202,52328.60,15.22,303.76,0.00,38.96,24.10,3001.50
2002,203,52227.28,0.00,348.33,0.00,31.49,20.82,2458.39
2002,204,52123.34,0.00,432.35,0.00,29.08,15.51,1733.65
2002,205,52016.83,5.87,358.87,0.00,33.42,16.13,1832.01
2002,206,51907.83,3.24,340.76,0.00,34.46,18.23,2093.17
2002,207,51796.38,6.72,198.97,0.00,28.11,20.48,2407.42
2002,208,51682.55,0.00,377.02,0.00,33.45,21.32,2489.11
2002,209,51566.39,0.00,389.59,0.00,34.73,21.90,2543.83
2002,210,51447.98,0.00,468.81,0.00,35.02,18.34,1906.39
2002,211,51327.36,0.00,445.07,0.00,34.97,19.47,2088.89
2002,212,51204.60,0.00,426.61,0.00,35.71,20.77,2281.10
2002,213,51079.75,0.00,331.21,0.00,30.62,20.45,2403.64
2002,214,50952.88,0.00,466.61,0.00,27.90,12.54,1355.80
2002,215,50824.04,6.24,382.99,0.00,36.17,14.49,1606.34
2002,216,50693.30,7.33,317.09,0.00,35.80,20.21,2367.79
2002,217,50560.70,2.07,247.67,0.00,32.82,21.96,2636.58
2002,218,50426.31,0.00,287.31,0.00,32.19,22.99,2807.41
2002,219,50290.17,0.00,320.00,0.00,31.42,21.28,2528.26
2002,220,50152.36,0.00,424.09,0.00,30.72,16.54,1831.69
2002,221,50012.92,0.00,420.75,0.00,30.08,16.22,1684.11
2002,222,49871.90,0.00,440.42,0.00,32.48,17.07,1671.50
2002,223,49729.36,0.00,447.84,0.00,35.26,18.53,1798.34
2002,224,49585.35,19.32,261.99,0.00,30.29,18.70,2155.76
2002,225,49439.93,0.00,388.92,0.00,26.10,13.66,1527.65
2002,226,49293.13,0.00,470.95,0.00,30.49,13.15,1345.58
2002,227,49145.03,0.00,443.49,0.00,29.78,14.13,1470.86
2002,228,48995.65,14.93,353.81,0.00,31.45,13.18,1495.25
2002,229,48845.05,0.00,345.39,0.00,24.55,13.84,1581.16
2002,230,48693.28,0.00,242.73,0.00,20.04,13.16,1512.87
2002,231,48540.39,19.66,272.75,0.00,24.92,13.67,1563.53
2002,232,48386.41,10.28,324.94,0.00,30.32,14.87,1690.30
2002,233,48231.40,41.50,294.85,0.00,31.46,17.69,2022.56
2002,234,48075.39,60.02,245.58,0.00,30.72,19.87,2318.11
2002,235,47918.43,0.00,293.97,0.00,28.76,19.52,2268.62
2002,236,47760.56,0.00,266.32,0.00,26.70,18.72,2158.23
2002,237,47601.82,0.00,354.86,0.00,29.25,17.69,2023.64
2002,238,47442.25,0.00,348.57,0.00,28.08,16.92,1927.38
2002,239,47281.90,0.00,365.70,0.00,29.49,17.37,1982.16
2002,240,47120.79,12.18,261.43,0.00,29.67,18.29,2100.94
2002,241,46958.96,0.00,347.16,0.00,28.40,17.33,1977.24
2002,242,46796.46,0.00,337.32,0.00,28.49,17.82,2040.25
2002,243,46633.32,0.00,366.90,0.00,30.03,17.78,2034.79
2002,244,46469.57,0.00,387.44,0.00,32.07,18.37,2111.10
2002,245,46305.25,0.00,370.22,0.00,30.56,18.17,2085.38
2002,246,46140.39,0.00,461.88,0.00,28.83,11.13,1323.36
2002,247,45975.02,0.00,460.94,0.00,31.82,12.75,1472.67
2002,248,45809.18,0.00,402.81,0.00,33.28,17.79,2036.09
2002,249,45642.90,0.00,372.31,0.00,34.18,19.97,2332.69
2002,250,45476.21,0.00,356.94,0.00,34.12,20.64,2430.83
2002,251,45309.14,0.00,370.79,0.00,33.20,19.13,2214.75
2002,252,45141.72,0.00,362.53,0.00,31.50,18.21,2090.96
2002,253,44973.98,0.00,320.57,0.00,25.60,15.23,1729.99
2002,254,44805.95,0.00,411.21,0.00,24.81,10.02,1228.68
2002,255,44637.65,0.00,389.16,0.00,24.37,10.77,1292.15
2002,256,44469.13,18.94,213.61,0.00,22.71,13.87,1584.35
2002,257,44300.40,0.00,255.23,0.00,22.23,14.53,1653.68
2002,258,44131.49,0.00,429.86,0.00,23.11,7.23,1017.19
2002,259,43962.43,0.00,448.50,0.00,26.68,7.70,1050.66
2002,260,43793.25,0.00,433.38,0.00,27.73,9.35,1174.78
2002,261,43623.98,0.00,392.75,0.00,27.45,12.04,1405.89
2002,262,43454.64,0.00,134.60,0.00,18.39,14.40,1639.59
2002,263,43285.25,0.00,384.63,0.00,26.11,11.48,1354.91
2002,264,43115.86,0.00,328.12,0.00,19.82,8.89,1139.06
2002,265,42946.48,0.00,395.46,0.00,20.58,5.65,912.46
2002,266,42777.13,0.00,352.44,0.00,18.79,6.33,956.22
2002,267,42607.86,0.00,418.92,0.00,22.89,4.82,861.29
2002,268,42438.68,3.52,302.16,0.00,25.20,7.64,1046.28
2002,269,42269.62,0.00,104.67,0.00,13.34,10.21,1244.73
2002,270,42100.71,0.00,323.78,0.00,19.23,7.56,1040.59
2002,271,41931.98,5.67,271.95,0.00,22.37,7.90,1065.08
2002,272,41763.45,0.00,398.81,0.00,32.35,11.68,1372.51
2002,273,41595.16,0.00,362.21,0.00,31.11,14.02,1599.61
2002,274,41427.12,25.98,251.69,0.00,30.51,15.29,1736.46
2002,275,41259.38,3.12,73.95,0.00,11.94,8.83,1134.13
2002,276,41091.96,40.73,174.44,0.00,15.56,7.47,1034.49
2002,277,40924.88,0.00,255.65,0.00,16.08,7.17,1012.87
2002,278,40758.19,0.00,384.58,0.00,21.83,4.30,830.15
2002,279,40591.91,0.00,274.23,0.00,15.20,5.42,897.75
2002,280,40426.06,0.00,394.49,0.00,19.15,0.17,618.07
2002,281,40260.69,0.00,386.82,0.00,21.89,2.70,741.57
2002,282,40095.83,0.00,306.62,0.00,20.16,7.70,1050.33
2002,283,39931.50,0.00,338.50,0.00,23.38,7.96,1069.52
2002,284,39767.75,1.19,282.16,0.00,22.24,10.57,1275.04
2002,285,39604.60,0.00,178.49,0.00,14.40,7.95,1068.89
2002,286,39442.10,0.00,374.96,0.00,17.56,-1.56,544.88
2002,287,39280.27,0.00,364.40,0.00,19.24,0.36,626.86
2002,288,39119.16,0.00,295.59,0.00,13.89,1.36,673.87
2002,289,38958.80,5.26,113.36,0.00,6.68,1.24,668.24
2002,290,38799.22,0.00,291.19,0.00,14.61,2.47,729.53
2002,291,38640.48,0.00,339.38,0.00,20.24,3.30,773.85
2002,292,38482.61,0.00,250.42,0.00,9.83,-0.23,600.76
2002,293,38325.64,0.00,341.73,0.00,16.93,-0.80,575.95
2002,294,38169.63,0.00,244.41,0.00,10.30,0.24,621.24
2002,295,38014.60,2.68,95.02,0.00,3.19,-1.45,549.13
2002,296,37860.62,7.50,40.58,0.00,-0.47,-1.87,532.46
2002,297,37707.72,1.47,86.42,0.00,0.14,-2.70,500.87
2002,298,37555.94,0.00,222.95,0.00,6.11,-2.19,519.91
2002,299,37405.33,0.00,253.07,0.00,10.58,0.29,623.87
2002,300,37255.95,6.55,53.22,0.00,5.16,2.89,751.51
2002,301,37107.83,0.00,123.59,0.00,5.96,1.63,686.97
2002,302,36961.03,5.04,73.24,0.00,6.20,2.97,755.89
2002,303,36815.60,3.68,50.66,0.00,3.85,1.90,700.28
2002,304,36671.58,0.00,180.83,0.00,0.45,-5.45,407.16
2002,305,36529.03,0.00,289.48,0.00,4.05,-7.81,339.39
2002,306,36388.00,0.00,288.17,0.00,4.79,-7.38,351.07
2002,307,36248.55,0.00,292.71,0.00,8.11,-5.10,418.05
2002,308,36110.73,2.18,215.55,0.00,6.96,-5.78,396.94
2002,309,35974.58,0.00,273.58,0.00,7.47,-4.39,441.19
2002,310,35840.18,0.00,313.52,0.00,15.64,-3.43,474.15
2002,311,35707.57,0.00,315.90,0.00,21.98,-2.42,511.20
2002,312,35576.81,0.00,287.85,0.00,16.98,1.23,667.77
2002,313,35447.96,0.00,277.62,0.00,17.79,2.97,755.86
2002,314,35321.07,0.00,130.15,0.00,7.39,2.46,729.13
2002,315,35196.21,0.00,245.48,0.00,6.73,-4.27,445.15
2002,316,35073.44,0.00,298.96,0.00,15.94,-4.67,431.80
2002,317,34952.81,0.00,293.15,0.00,16.41,-3.27,479.76
2002,318,34834.38,0.00,185.46,0.00,7.69,-0.04,609.12
2002,319,34718.21,0.00,139.10,0.00,4.35,-1.18,560.26
2002,320,34604.36,0.00,200.17,0.00,7.12,-1.48,548.06
2002,321,34492.90,0.00,255.95,0.00,9.68,-3.47,472.76
2002,322,34383.88,0.00,263.72,0.00,13.18,-1.92,530.46
2002,323,34277.35,0.00,255.31,0.00,13.37,-0.72,579.61
2002,324,34173.39,0.00,259.12,0.00,15.61,0.03,612.02
2002,325,34072.05,0.00,163.00,0.00,7.93,0.74,644.53
2002,326,33973.39,0.00,261.76,0.00,10.88,-5.87,394.15
2002,327,33877.47,0.00,246.00,0.00,10.06,-4.76,429.02
2002,328,33784.34,0.00,73.34,0.00,1.36,-1.79,535.70
2002,329,33694.07,3.83,166.62,3.83,-0.88,-10.81,268.03
2002,330,33606.70,0.00,188.62,3.83,-2.80,-10.97,264.75
2002,331,33522.30,0.00,263.34,3.83,-0.05,-14.20,203.69
2002,332,33440.91,0.00,292.70,3.83,9.08,-12.66,230.97
2002,333,33362.60,0.00,274.30,3.83,11.82,-6.83,366.16
2002,334,33287.41,0.00,186.61,3.83,2.17,-7.35,351.86
2002,335,33215.40,0.00,281.29,3.83,13.98,-8.05,333.21
2002,336,33146.60,0.00,158.99,3.00,4.15,-4.01,453.92
2002,337,33081.08,0.00,121.59,3.00,-2.71,-8.60,319.16
2002,338,33018.88,0.00,119.97,3.00,-2.69,-8.43,323.37
2002,339,32960.03,0.00,242.07,3.00,0.94,-13.43,216.91
2002,340,32904.58,0.00,282.63,3.00,11.72,-13.44,216.81
2002,341,32852.58,0.00,265.92,3.00,10.53,-8.79,314.58
2002,342,32804.06,0.00,178.27,3.00,1.99,-7.27,354.06
2002,343,32759.05,0.00,255.51,3.00,7.49,-9.64,294.05
2002,344,32717.59,0.00,223.29,3.00,5.26,-8.06,333.04
2002,345,32679.72,0.00,125.90,1.49,4.03,-2.42,511.35
2002,346,32645.45,0.00,197.17,0.49,7.31,-3.61,467.90
2002,347,32614.81,0.00,247.70,0.49,10.37,-6.04,389.07
2002,348,32587.83,0.00,258.48,0.42,13.78,-5.84,395.21
2002,349,32564.53,0.00,235.28,0.00,18.05,-3.98,454.96
2002,350,32544.93,0.00,206.04,0.00,13.73,-1.87,532.54
2002,351,32529.04,0.00,141.53,0.00,8.62,-0.32,596.76
2002,352,32516.87,0.00,117.34,0.00,7.63,0.54,635.09
2002,353,32508.43,0.00,165.73,0.00,8.70,-1.89,531.78
2002,354,32503.74,0.00,153.98,0.00,6.46,-2.96,490.97
2002,355,32502.79,0.00,166.14,0.00,1.01,-9.23,303.83
2002,356,32505.58,0.00,184.23,0.00,2.32,-9.40,299.76
2002,357,32512.11,0.00,133.61,0.00,-2.01,-9.58,295.58
2002,358,32522.38,0.00,120.96,0.00,-3.05,-9.86,289.14
2002,359,32536.38,0.00,209.95,0.00,2.09,-12.42,235.63
2002,360,32554.10,0.00,230.27,0.00,6.78,-11.83,246.97
2002,361,32575.52,0.00,220.75,0.00,7.06,-9.71,292.62
2002,362,32600.63,0.00,231.74,0.00,15.26,-4.66,432.32
2002,363,32629.41,0.00,189.66,0.00,8.49,-4.00,454.31
2002,364,32661.83,0.00,200.72,0.00,9.19,-4.58,434.83
2002,365,32697.87,0.00,226.01,0.00,8.24,-8.79,314.42
2003,1,32737.70,0.00,198.70,0.00,4.07,-7.72,341.80
2003,2,32780.92,0.00,152.14,0.00,2.09,-6.01,390.12
2003,3,32827.67,0.00,232.38,0.00,9.09,-7.24,354.93
2003,4,32877.92,0.00,222.26,0.00,9.93,-4.73,430.01
2003,5,32931.64,0.00,155.75,0.00,4.43,-3.84,459.70
2003,6,32988.77,0.00,83.30,0.00,0.04,-4.01,454.02
2003,7,33049.29,0.00,255.05,0.00,18.35,-5.61,402.19
2003,8,33113.14,0.00,255.25,0.00,19.92,-3.95,455.94
2003,9,33180.29,0.00,124.13,0.00,3.82,-2.38,512.89
2003,10,33250.69,0.00,143.67,0.00,-2.14,-9.26,303.20
2003,11,33324.28,0.00,246.03,0.00,0.61,-15.49,183.06
2003,12,33401.03,0.00,268.48,0.00,9.05,-15.08,189.50
2003,13,33480.87,0.00,213.05,0.00,-0.77,-12.42,235.56
2003,14,33563.76,0.00,181.18,0.00,-3.24,-12.32,237.49
2003,15,33649.64,8.68,116.91,8.68,-5.68,-12.24,238.94
2003,16,33738.45,0.00,99.00,8.68,-7.38,-11.32,257.27
2003,17,33830.15,0.00,297.24,8.68,-4.07,-21.73,107.34
2003,18,33924.67,0.00,281.05,8.68,-5.22,-19.93,125.59
2003,19,34021.95,0.00,313.14,8.68,6.99,-14.97,191.16
2003,20,34121.95,0.00,188.98,8.68,-2.13,-10.01,285.60
2003,21,34224.60,1.21,69.88,9.89,-7.89,-10.36,277.92
2003,22,34329.83,1.23,90.60,11.12,-11.11,-14.45,199.58
2003,23,34437.60,1.57,276.39,12.69,-12.26,-25.01,80.07
2003,24,34547.84,0.00,317.53,12.69,-5.07,-22.87,97.09
2003,25,34660.49,0.00,271.93,12.69,-1.69,-13.93,208.24
2003,26,34775.50,0.00,192.28,12.69,-8.04,-15.47,183.46
2003,27,34892.79,0.00,319.42,12.69,1.75,-15.19,187.68
2003,28,35012.32,0.00,244.84,12.69,1.77,-8.32,326.33
2003,29,35134.03,0.00,87.07,11.45,0.00,-3.04,488.35
2003,30,35257.84,0.00,264.49,11.04,6.15,-5.03,420.43
2003,31,35383.71,0.00,249.66,10.28,5.89,-4.20,447.62
2003,32,35511.58,0.00,305.02,8.62,12.52,-2.04,525.64
2003,33,35641.38,0.00,257.15,6.53,9.36,-1.02,505.92
2003,34,35773.06,3.57,54.97,4.81,0.33,-1.90,531.27
2003,35,35906.57,0.00,196.10,4.81,-4.76,-11.46,254.56
2003,36,36041.84,0.00,280.27,4.81,0.38,-10.39,277.30
2003,37,36178.83,0.00,162.79,4.81,-5.59,-10.73,269.77
2003,38,36317.47,0.00,368.75,4.81,-1.24,-19.18,128.19
2003,39,36457.71,0.00,370.43,4.81,2.49,-15.86,157.83
2003,40,36599.50,0.00,252.51,4.81,-1.21,-9.73,292.13
2003,41,36742.78,0.00,138.02,4.81,-5.33,-9.41,299.60
2003,42,36887.51,0.00,385.16,4.81,7.35,-11.39,201.49
2003,43,37033.62,0.00,384.77,4.81,6.80,-11.23,205.22
2003,44,37181.08,1.89,391.81,6.70,9.93,-9.45,220.32
2003,45,37329.83,24.82,213.44,6.53,3.94,-5.59,402.82
2003,46,37479.83,0.00,115.15,6.53,-4.49,-7.75,341.03
2003,47,37631.02,0.00,333.52,6.53,-6.24,-17.49,154.82
2003,48,37783.36,0.00,413.69,6.53,3.94,-16.76,154.70
2003,49,37936.81,0.00,413.96,6.53,8.96,-11.13,224.66
2003,50,38091.31,0.00,390.08,6.53,7.90,-7.87,298.67
2003,51,38246.83,0.00,400.88,6.33,12.02,-5.54,332.50
2003,52,38403.32,0.00,262.18,4.73,6.28,-2.18,520.28
2003,53,38560.74,0.00,178.61,4.73,-1.27,-6.48,376.32
2003,54,38719.05,2.79,68.44,7.51,-9.53,-11.73,248.98
2003,55,38878.21,0.00,225.93,7.51,-11.74,-17.84,150.34
2003,56,39038.18,0.00,389.21,7.51,-8.23,-21.19,112.58
2003,57,39198.92,0.00,416.85,7.51,-2.63,-17.57,153.76
2003,58,39360.39,0.00,431.15,7.51,1.36,-15.13,177.49
2003,59,39522.56,0.00,405.49,7.51,3.24,-11.00,244.09
2003,60,39685.39,0.00,366.26,7.51,4.50,-7.19,332.92
2003,61,39848.84,0.00,328.63,7.51,-2.64,-12.29,238.02
2003,62,40012.88,0.00,459.15,7.51,9.11,-10.16,205.93
2003,63,40177.47,5.07,90.49,12.58,-8.11,-11.04,263.16
2003,64,40342.59,0.00,269.59,12.58,-8.50,-15.74,179.27
2003,65,40508.20,0.00,478.50,12.58,5.28,-15.22,149.83
2003,66,40674.27,0.00,352.58,12.58,-0.06,-10.47,267.87
2003,67,40840.76,0.00,259.68,12.58,-3.30,-10.36,277.82
2003,68,41007.64,0.00,370.27,12.58,-4.25,-14.93,191.81
2003,69,41174.89,0.00,456.45,12.58,2.22,-13.11,167.54
2003,70,41342.48,0.00,513.57,12.58,17.34,-9.00,149.22
2003,71,41510.37,0.00,155.29,10.67,2.58,-1.45,549.25
2003,72,41678.54,0.00,374.57,8.17,10.87,-0.04,420.59
2003,73,41846.95,0.00,505.87,5.49,21.94,0.38,267.07
2003,74,42015.58,0.00,514.93,1.42,28.14,3.67,291.47
2003,75,42184.41,0.00,443.36,0.00,25.47,5.67,412.14
2003,76,42353.39,0.00,370.20,0.00,21.43,8.00,612.10
2003,77,42522.51,2.38,273.27,0.00,21.24,7.98,769.20
2003,78,42691.75,11.66,90.00,0.00,9.54,6.16,945.15
2003,79,42861.06,0.00,214.67,0.00,8.61,2.52,732.14
2003,80,43030.42,0.00,433.09,0.00,14.55,-1.07,382.13
2003,81,43199.81,0.00,474.56,0.00,18.55,-1.95,313.46
2003,82,43369.21,0.00,476.68,0.00,23.71,2.14,384.07
2003,83,43538.57,0.32,333.67,0.00,16.76,6.19,722.79
2003,84,43707.88,0.00,437.25,0.00,18.06,1.55,429.70
2003,85,43877.12,1.37,454.70,0.00,18.82,0.58,383.31
2003,86,44046.24,0.00,316.49,0.00,12.33,2.33,604.48
2003,87,44215.22,0.00,291.97,0.00,9.80,0.96,584.91
2003,88,44384.05,0.00,369.00,0.00,7.90,-3.65,384.63
2003,89,44552.68,0.00,488.12,0.00,13.33,-6.62,237.13
2003,90,44721.10,0.00,521.62,0.00,26.88,-3.02,229.93
2003,91,44889.26,0.00,513.84,0.00,32.10,4.06,357.85
2003,92,45057.15,0.00,463.68,0.00,29.48,10.07,619.93
2003,93,45224.74,6.59,214.10,0.00,20.05,10.43,1156.32
2003,94,45391.99,2.35,135.30,0.00,5.12,-0.29,598.01
2003,95,45558.88,0.00,267.55,0.00,4.73,-3.28,479.35
2003,96,45725.37,21.07,93.76,0.00,0.53,-2.78,497.62
2003,97,45891.44,3.02,67.19,0.00,0.48,-1.54,545.57
2003,98,46057.04,0.00,292.32,0.00,4.86,-3.60,468.21
2003,99,46222.16,0.00,506.53,0.00,14.81,-5.50,317.47
2003,100,46386.76,0.00,532.38,0.00,22.23,-2.69,344.89
2003,101,46550.80,0.00,515.39,0.00,24.63,1.86,473.87
2003,102,46714.26,0.00,504.96,0.00,25.34,3.68,540.31
2003,103,46877.09,0.00,511.01,0.00,28.54,5.81,600.05
2003,104,47039.26,0.00,474.79,0.00,30.67,11.47,906.29
2003,105,47200.73,1.56,318.09,0.00,27.58,16.92,1653.55
2003,106,47361.47,0.00,310.67,0.00,22.04,12.28,1238.52
2003,107,47521.44,0.00,334.08,0.00,13.70,3.70,719.88
2003,108,47680.60,0.00,350.44,0.00,14.38,3.67,698.13
2003,109,47838.91,3.25,78.73,0.00,9.56,6.93,996.80
2003,110,47996.34,0.00,230.49,0.00,11.35,4.89,865.14
2003,111,48152.83,0.00,440.73,0.00,20.01,5.83,687.98
2003,112,48308.35,0.00,532.33,0.00,22.13,1.35,427.66
2003,113,48462.86,6.39,325.65,0.00,18.55,4.70,747.21
2003,114,48616.30,1.60,114.88,0.00,12.22,9.41,1179.62
2003,115,48768.65,0.00,431.54,0.00,21.20,8.04,813.31
2003,116,48919.84,0.00,521.35,0.00,22.54,3.64,523.42
2003,117,49069.84,5.69,380.22,0.00,24.68,6.07,744.64
2003,118,49218.59,0.00,390.15,0.00,22.65,10.70,1041.67
2003,119,49366.06,28.89,197.17,0.00,17.28,10.02,1229.22
2003,120,49512.18,2.30,179.90,0.00,14.93,8.80,1132.11
2003,121,49656.91,0.00,335.77,0.00,17.36,8.78,1122.51
2003,122,49800.19,0.00,451.50,0.00,20.57,7.96,928.85
2003,123,49941.98,19.36,387.87,0.00,23.12,6.04,858.92
2003,124,50082.23,24.93,245.12,0.00,17.48,9.14,1158.31
2003,125,50220.87,4.75,327.47,0.00,20.71,8.22,1088.79
2003,126,50357.86,6.61,255.20,0.00,16.92,8.06,1076.36
2003,127,50493.13,0.00,515.08,0.00,21.70,4.35,780.66
2003,128,50626.65,23.95,219.29,0.00,14.83,7.24,1018.18
2003,129,50758.33,2.21,303.95,0.00,20.00,8.67,1122.38
2003,130,50888.14,4.59,91.29,0.00,11.45,8.86,1136.90
2003,131,51016.01,0.00,402.60,0.00,16.66,6.60,974.38
2003,132,51141.89,0.00,539.87,0.00,21.76,4.37,808.33
2003,133,51265.71,6.55,408.97,0.00,26.08,7.04,1004.42
2003,134,51387.41,2.42,374.11,0.00,24.30,9.61,1195.78
2003,135,51506.95,0.00,391.11,0.00,18.58,9.14,1158.71
2003,136,51624.25,0.00,456.27,0.00,20.90,8.89,1127.99
2003,137,51739.26,0.00,531.64,0.00,24.40,7.57,960.10
2003,138,51851.92,12.00,384.32,0.00,26.61,10.26,1248.87
2003,139,51962.16,10.73,161.93,0.00,18.25,13.20,1516.97
2003,140,52069.93,0.00,404.93,0.00,15.79,5.71,915.88
2003,141,52175.18,0.00,531.57,0.00,20.32,3.82,789.63
2003,142,52277.83,1.70,527.57,0.00,22.44,6.06,911.58
2003,143,52377.83,6.08,317.75,0.00,22.07,10.94,1306.51
2003,144,52475.12,1.29,228.03,0.00,16.90,11.63,1367.91
2003,145,52569.65,0.00,484.26,0.00,22.77,8.91,1140.70
2003,146,52661.35,0.00,531.44,0.00,25.32,8.24,1045.78
2003,147,52750.17,0.00,528.68,0.00,26.86,9.71,1146.34
2003,148,52836.06,0.00,511.77,0.00,29.07,12.46,1373.95
2003,149,52918.95,0.00,522.23,0.00,29.57,11.79,1302.83
2003,150,52998.80,0.00,504.84,0.00,30.90,13.67,1480.85
2003,151,53075.55,0.00,413.29,0.00,23.66,12.09,1409.99
2003,152,53149.15,10.77,315.12,0.00,24.70,12.76,1473.63
2003,153,53219.56,6.25,60.62,0.00,13.61,12.29,1429.04
2003,154,53286.71,0.00,318.39,0.00,17.59,9.89,1217.95
2003,155,53350.58,0.00,463.81,0.00,21.67,8.79,1131.13
2003,156,53411.10,10.91,327.32,0.00,23.06,11.05,1316.31
2003,157,53468.24,0.00,433.73,0.00,23.25,11.47,1353.54
2003,158,53521.96,15.72,163.01,0.00,16.32,11.31,1339.04
2003,159,53572.22,1.71,437.88,0.00,22.51,10.73,1288.26
2003,160,53618.98,11.21,393.70,0.00,29.47,11.16,1326.24
2003,161,53662.21,0.00,379.14,0.00,23.94,13.71,1567.55
2003,162,53701.88,4.98,349.87,0.00,26.64,12.68,1466.37
2003,163,53737.95,8.42,196.33,0.00,21.92,15.52,1762.09
2003,164,53770.39,0.00,482.31,0.00,28.88,14.02,1600.16
2003,165,53799.20,0.00,470.01,0.00,30.10,15.47,1756.74
2003,166,53824.33,0.00,479.06,0.00,31.63,16.01,1818.68
2003,167,53845.77,0.00,452.08,0.00,31.21,17.19,1960.30
2003,168,53863.52,8.51,321.34,0.00,30.89,18.10,2075.33
2003,169,53877.54,13.75,267.36,0.00,28.44,18.59,2140.36
2003,170,53887.83,0.00,415.14,0.00,27.14,15.39,1748.10
2003,171,53894.39,0.00,433.69,0.00,26.88,14.55,1656.02
2003,172,53897.21,0.00,418.08,0.00,28.25,16.44,1868.54
2003,173,53896.28,6.54,270.80,0.00,28.51,18.68,2152.82
2003,174,53891.61,0.00,398.95,0.00,31.01,19.30,2237.86
2003,175,53883.20,0.00,404.10,0.00,32.61,20.41,2397.35
2003,176,53871.05,0.00,162.34,0.00,25.42,21.43,2551.95
2003,177,53855.19,0.00,509.62,0.00,26.85,11.20,1329.26
2003,178,53835.61,5.83,398.72,0.00,31.90,12.92,1489.00
2003,179,53812.33,0.00,453.72,0.00,28.86,15.78,1792.42
2003,180,53785.38,0.00,387.07,0.00,26.94,16.90,1924.82
2003,181,53754.77,0.00,472.31,0.00,27.89,14.28,1626.51
2003,182,53720.52,0.00,474.35,0.00,30.43,16.05,1823.20
2003,183,53682.67,0.00,455.84,0.00,32.77,18.37,2111.34
2003,184,53641.23,0.00,436.89,0.00,35.55,21.10,2501.81
2003,185,53596.25,0.00,352.41,0.00,32.55,22.28,2688.32
2003,186,53547.75,18.72,332.11,0.00,33.90,19.64,2285.56
2003,187,53495.77,0.00,474.98,0.00,34.14,17.94,2055.09
2003,188,53440.35,0.00,428.88,0.00,33.30,19.51,2266.66
2003,189,53381.52,10.40,271.51,0.00,32.74,21.76,2605.12
2003,190,53319.34,3.51,283.41,0.00,30.50,19.52,2268.37
2003,191,53253.84,0.00,389.51,0.00,29.39,18.15,2083.08
2003,192,53185.07,0.00,443.85,0.00,30.04,16.47,1872.96
2003,193,53113.07,0.00,448.58,0.00,28.47,14.79,1681.86
2003,194,53037.90,0.00,467.42,0.00,30.63,15.53,1762.93
2003,195,52959.61,0.00,470.89,0.00,35.28,18.53,2133.00
2003,196,52878.25,0.00,416.21,0.00,32.78,19.60,2280.05
2003,197,52793.86,0.00,462.97,0.00,33.13,17.51,2000.73
2003,198,52706.52,0.00,458.60,0.00,37.66,20.65,2432.64
2003,199,52616.26,0.00,308.96,0.00,32.45,23.13,2830.23
2003,200,52523.15,0.00,365.59,0.00,31.10,20.09,2350.15
2003,201,52427.24,0.00,418.02,0.00,34.70,20.73,2444.66
2003,202,52328.60,0.00,331.08,0.00,28.64,19.17,2219.24
2003,203,52227.28,0.00,413.64,0.00,27.06,14.82,1685.22
2003,204,52123.34,0.00,466.53,0.00,27.23,12.46,1444.97
2003,205,52016.83,0.00,490.86,0.00,30.75,13.55,1551.94
2003,206,51907.83,0.00,468.99,0.00,35.74,17.98,2060.56
2003,207,51796.38,0.00,412.12,0.00,37.22,22.15,2667.20
2003,208,51682.55,2.28,133.58,0.00,27.47,22.41,2708.79
2003,209,51566.39,0.00,342.98,0.00,28.79,18.68,2152.34
2003,210,51447.98,0.00,442.98,0.00,30.47,15.89,1804.63
2003,211,51327.36,0.00,451.71,0.00,31.71,16.30,1852.99
2003,212,51204.60,4.52,302.11,0.00,30.25,17.49,1997.82
2003,213,51079.75,0.00,405.92,0.00,30.17,17.31,1974.74
2003,214,50952.88,0.00,405.87,0.00,29.81,17.02,1939.71
2003,215,50824.04,0.00,458.06,0.00,30.94,15.24,1706.89
2003,216,50693.30,5.90,310.63,0.00,29.41,16.18,1837.85
2003,217,50560.70,4.91,287.95,0.00,30.59,18.47,2124.07
2003,218,50426.31,0.00,317.83,0.00,27.91,18.63,2146.74
2003,219,50290.17,0.00,433.87,0.00,30.10,15.91,1756.92
2003,220,50152.36,0.00,425.28,0.00,30.92,16.85,1865.85
2003,221,50012.92,0.00,419.71,0.00,31.20,17.24,1905.13
2003,222,49871.90,1.71,420.29,0.00,32.24,17.97,1987.54
2003,223,49729.36,0.00,375.84,0.00,28.83,17.06,1944.54
2003,224,49585.35,0.00,406.08,0.00,28.97,15.98,1783.32
2003,225,49439.93,0.00,439.44,0.00,29.34,14.78,1601.75
2003,226,49293.13,0.00,434.34,0.00,31.35,16.53,1784.64
2003,227,49145.03,0.00,446.10,0.00,34.61,18.24,1948.14
2003,228,48995.65,0.00,455.54,0.00,37.47,19.48,2069.87
2003,229,48845.05,0.00,442.32,0.00,37.52,20.20,2134.29
2003,230,48693.28,17.25,317.86,0.00,38.19,21.05,2471.74
2003,231,48540.39,7.74,274.72,0.00,33.36,20.52,2412.84
2003,232,48386.41,0.00,396.10,0.00,34.74,20.07,2293.78
2003,233,48231.40,0.00,292.62,0.00,30.74,21.10,2500.90
2003,234,48075.39,0.00,388.02,0.00,31.18,17.68,1990.30
2003,235,47918.43,0.00,424.24,0.00,34.63,18.49,2006.90
2003,236,47760.56,0.00,430.08,0.00,36.94,19.67,2135.68
2003,237,47601.82,0.00,414.73,0.00,37.54,20.84,2323.57
2003,238,47442.25,0.00,390.10,0.00,34.95,19.97,2268.89
2003,239,47281.90,0.00,378.33,0.00,33.32,19.12,2187.01
2003,240,47120.79,0.00,328.08,0.00,31.25,19.69,2292.70
2003,241,46958.96,0.00,383.57,0.00,30.70,16.75,1898.34
2003,242,46796.46,0.00,251.48,0.00,22.07,14.38,1637.55
2003,243,46633.32,0.00,243.26,0.00,21.91,14.55,1655.14
2003,244,46469.57,0.00,423.06,0.00,26.68,11.45,1290.78
2003,245,46305.25,0.00,443.68,0.00,29.89,12.56,1346.39
2003,246,46140.39,0.00,432.81,0.00,28.27,11.78,1302.07
2003,247,45975.02,0.00,464.48,0.00,28.26,9.12,1035.88
2003,248,45809.18,0.00,473.75,0.00,31.55,10.04,1076.52
2003,249,45642.90,0.00,443.56,0.00,31.61,12.69,1256.55
2003,250,45476.21,0.00,446.56,0.00,30.47,11.26,1142.42
2003,251,45309.14,8.03,320.96,0.00,28.86,10.83,1240.99
2003,252,45141.72,22.28,265.84,0.00,26.07,12.71,1468.85
2003,253,44973.98,26.46,216.53,0.00,26.67,16.10,1828.55
2003,254,44805.95,7.99,104.60,0.00,19.44,14.91,1695.08
2003,255,44637.65,0.00,405.57,0.00,25.73,9.40,1178.48
2003,256,44469.13,0.00,352.63,0.00,21.83,8.96,1144.14
2003,257,44300.40,0.00,366.39,0.00,22.60,8.90,1139.47
2003,258,44131.49,0.00,444.48,0.00,28.47,7.78,1031.60
2003,259,43962.43,0.00,435.64,0.00,29.92,9.43,1135.19
2003,260,43793.25,1.21,357.54,0.00,29.22,14.50,1642.53
2003,261,43623.98,3.25,194.10,0.00,17.47,8.59,1116.02
2003,262,43454.64,0.00,421.44,0.00,21.17,3.17,766.74
2003,263,43285.25,13.56,309.11,0.00,22.53,4.59,847.33
2003,264,43115.86,6.32,265.15,0.00,22.44,8.28,1092.90
2003,265,42946.48,0.00,321.25,0.00,21.31,8.95,1143.46
2003,266,42777.13,0.00,415.60,0.00,26.39,6.59,973.37
2003,267,42607.86,0.00,354.04,0.00,20.73,6.42,962.36
2003,268,42438.68,0.00,399.15,0.00,21.82,3.90,807.12
2003,269,42269.62,0.00,390.80,0.00,23.07,5.30,890.67
2003,270,42100.71,0.00,293.65,0.00,17.96,6.57,972.04
2003,271,41931.98,0.00,323.04,0.00,15.64,2.87,750.40
2003,272,41763.45,0.00,337.60,0.00,14.22,0.46,631.45
2003,273,41595.16,0.00,346.10,0.00,16.14,1.35,673.41
2003,274,41427.12,0.00,363.02,0.00,17.57,1.23,667.65
2003,275,41259.38,0.00,390.20,0.00,20.37,0.97,655.36
2003,276,41091.96,0.00,391.63,0.00,23.14,2.61,736.65
2003,277,40924.88,0.00,390.30,0.00,26.60,4.97,867.39
2003,278,40758.19,0.00,384.50,0.00,28.60,6.77,978.28
2003,279,40591.91,0.00,362.21,0.00,27.96,8.40,1101.64
2003,280,40426.06,0.00,328.77,0.00,26.85,10.25,1248.45
2003,281,40260.69,0.00,287.85,0.00,26.78,12.91,1488.61
2003,282,40095.83,0.00,270.12,0.00,25.86,13.06,1502.94
2003,283,39931.50,0.00,211.09,0.00,22.59,13.14,1511.00
2003,284,39767.75,12.95,130.52,0.00,19.31,11.71,1375.47
2003,285,39604.60,0.00,324.01,0.00,19.70,3.54,786.96
2003,286,39442.10,20.39,183.10,0.00,15.08,4.26,827.85
2003,287,39280.27,0.00,292.27,0.00,18.64,4.54,844.46
2003,288,39119.16,0.00,271.10,0.00,14.52,2.15,712.95
2003,289,38958.80,2.60,163.34,0.00,10.53,1.30,670.99
2003,290,38799.22,0.00,339.11,0.00,18.57,0.24,621.43
2003,291,38640.48,0.00,368.83,0.00,29.61,2.39,725.43
2003,292,38482.61,0.00,345.33,0.00,30.23,6.72,982.34
2003,293,38325.64,0.00,328.00,0.00,29.04,7.90,1064.81
2003,294,38169.63,0.00,326.80,0.00,28.97,7.38,1027.65
2003,295,38014.60,0.00,321.78,0.00,28.44,7.02,1002.47
2003,296,37860.62,0.00,235.86,0.00,19.47,7.03,1003.51
2003,297,37707.72,0.00,199.83,0.00,15.58,5.55,906.22
2003,298,37555.94,0.00,191.90,0.00,11.70,2.36,724.03
2003,299,37405.33,0.00,235.44,0.00,11.35,-0.51,588.52
2003,300,37255.95,0.90,238.11,0.00,11.77,-0.46,590.77
2003,301,37107.83,0.00,249.77,0.00,14.08,0.71,643.05
2003,302,36961.03,0.00,275.61,0.00,19.37,3.07,761.07
2003,303,36815.60,0.00,121.64,0.00,8.77,2.93,753.68
2003,304,36671.58,0.00,113.03,0.00,7.07,1.77,694.12
2003,305,36529.03,6.44,70.99,0.00,3.34,-0.86,573.48
2003,306,36388.00,11.29,80.48,0.00,4.79,0.03,612.21
2003,307,36248.55,32.38,46.67,0.00,3.60,1.25,668.30
2003,308,36110.73,0.00,66.65,0.00,2.51,0.01,611.25
2003,309,35974.58,0.00,154.18,0.00,2.61,-3.79,461.63
2003,310,35840.18,0.00,264.15,0.00,5.57,-7.35,351.97
2003,311,35707.57,0.00,261.89,0.00,5.20,-7.69,342.56
2003,312,35576.81,0.00,227.71,0.00,3.40,-7.03,360.64
2003,313,35447.96,0.00,262.94,0.00,8.81,-4.94,423.06
2003,314,35321.07,0.00,226.44,0.00,11.12,-0.11,605.99
2003,315,35196.21,0.00,222.05,0.00,15.33,4.07,816.94
2003,316,35073.44,0.00,151.05,0.00,8.11,1.34,673.04
2003,317,34952.81,0.00,236.83,0.00,8.03,-3.97,455.30
2003,318,34834.38,0.00,238.26,0.00,10.58,-1.91,530.93
2003,319,34718.21,0.00,212.50,0.00,11.70,0.93,653.06
2003,320,34604.36,1.50,265.83,0.00,15.54,-1.20,559.29
2003,321,34492.90,7.70,191.63,0.00,15.88,0.63,639.16
2003,322,34383.88,0.00,214.44,0.00,14.85,3.95,809.96
2003,323,34277.35,0.00,271.37,0.00,21.33,1.35,673.14
2003,324,34173.39,0.00,259.69,0.00,20.29,2.98,756.61
2003,325,34072.05,0.00,161.28,0.00,5.91,-1.10,563.41
2003,326,33973.39,1.12,72.93,0.00,0.73,-2.07,524.73
2003,327,33877.47,0.00,111.88,0.00,-1.94,-6.37,379.52
2003,328,33784.34,0.00,254.77,0.00,1.96,-12.34,237.13
2003,329,33694.07,0.00,267.29,0.00,7.75,-10.62,272.17
2003,330,33606.70,0.00,242.29,0.00,8.11,-5.71,399.03
2003,331,33522.30,0.00,231.45,0.00,6.65,-5.89,393.78
2003,332,33440.91,0.00,235.02,0.00,4.43,-8.44,323.14
2003,333,33362.60,0.00,262.58,0.00,14.48,-7.44,349.29
2003,334,33287.41,0.00,253.75,0.00,17.20,-3.06,487.28
2003,335,33215.40,0.00,184.22,0.00,6.76,-3.10,486.04
2003,336,33146.60,8.74,111.66,0.00,5.34,-2.28,516.46
2003,337,33081.08,0.00,39.07,0.00,0.60,-0.82,575.11
2003,338,33018.88,1.33,69.00,0.00,1.55,-1.70,539.10
2003,339,32960.03,0.00,47.37,0.00,-1.38,-3.35,477.14
2003,340,32904.58,0.00,141.91,0.00,-0.02,-7.09,358.85
2003,341,32852.58,0.00,192.58,0.00,6.75,-4.03,453.29
2003,342,32804.06,0.00,171.57,0.00,5.56,-3.56,469.41
2003,343,32759.05,11.56,66.37,0.00,-0.37,-4.48,438.05
2003,344,32717.59,0.00,113.99,0.00,-5.77,-11.04,263.19
2003,345,32679.72,0.00,110.41,0.00,-7.82,-12.82,228.05
2003,346,32645.45,0.00,186.93,0.00,-5.95,-15.55,182.20
2003,347,32614.81,0.00,209.51,0.00,-2.32,-14.03,206.60
2003,348,32587.83,0.00,132.93,0.00,0.19,-6.08,387.91
2003,349,32564.53,0.86,129.95,0.00,1.34,-4.72,430.20
2003,350,32544.93,0.00,151.54,0.00,1.55,-5.54,404.35
2003,351,32529.04,0.53,254.25,0.53,5.60,-8.75,315.52
2003,352,32516.87,0.00,237.03,0.51,6.26,-5.94,392.13
2003,353,32508.43,0.00,179.89,0.00,4.26,-4.48,438.06
2003,354,32503.74,0.00,218.88,0.00,7.29,-5.19,415.23
2003,355,32502.79,0.00,219.34,0.00,10.97,-2.17,520.64
2003,356,32505.58,0.00,155.22,0.00,7.21,-0.20,601.84
2003,357,32512.11,0.00,145.54,0.00,1.94,-4.79,427.97
2003,358,32522.38,0.00,229.62,0.00,4.12,-10.15,282.63
2003,359,32536.38,0.00,237.02,0.00,7.05,-9.00,309.46
2003,360,32554.10,0.00,217.44,0.00,10.67,-2.12,522.90
2003,361,32575.52,0.00,206.55,0.00,13.26,1.59,685.00
2003,362,32600.63,0.00,176.41,0.00,5.71,-2.73,499.65
2003,363,32629.41,0.00,178.42,0.00,4.45,-3.70,464.65
2003,364,32661.83,0.00,234.97,0.00,8.27,-5.75,397.99
2003,365,32697.87,0.00,220.82,0.00,3.42,-8.00,334.57
2004,1,32737.70,0.00,246.53,0.00,12.38,-7.24,354.98
2004,2,32780.92,0.00,238.06,0.00,15.09,-2.18,520.51
2004,3,32827.67,4.52,48.14,4.52,-4.66,-7.02,360.98
2004,4,32877.92,3.71,56.14,8.22,-8.60,-11.40,255.71
2004,5,32931.64,0.00,134.94,8.22,-15.22,-20.53,119.28
2004,6,32988.77,0.00,261.35,8.22,-8.36,-21.79,106.81
2004,7,33049.29,0.00,285.38,8.22,-2.95,-20.77,116.79
2004,8,33113.14,0.00,263.40,8.22,-0.78,-14.36,201.08
2004,9,33180.29,0.00,113.11,8.22,-3.83,-8.18,329.86
2004,10,33250.69,0.00,271.34,8.22,2.62,-11.82,247.18
2004,11,33324.28,0.00,295.68,8.22,11.05,-10.52,274.30
2004,12,33401.03,0.00,266.95,7.94,8.57,-5.34,410.62
2004,13,33480.87,0.00,234.19,7.49,5.57,-4.92,423.97
2004,14,33563.76,0.00,239.00,6.86,6.26,-4.50,437.43
2004,15,33649.64,0.00,289.59,6.86,9.09,-7.57,346.00
2004,16,33738.45,2.14,189.18,6.79,5.65,-5.84,395.30
2004,17,33830.15,0.00,77.84,4.93,1.17,-1.58,543.91
2004,18,33924.67,0.00,107.43,4.93,-7.59,-11.40,255.63
2004,19,34021.95,0.00,247.83,4.93,-5.63,-15.94,176.33
2004,20,34121.95,0.00,279.22,4.93,-1.38,-14.18,204.07
2004,21,34224.60,0.00,306.77,4.93,10.39,-7.12,358.28
2004,22,34329.83,0.00,262.48,4.93,0.19,-10.85,267.22
2004,23,34437.60,0.00,326.76,4.93,14.99,-10.02,285.52
2004,24,34547.84,0.00,129.66,4.93,-1.80,-6.29,381.65
2004,25,34660.49,17.91,58.19,22.85,-4.48,-6.90,364.39
2004,26,34775.50,5.59,53.06,28.43,-7.72,-9.80,290.46
2004,27,34892.79,0.00,230.11,28.43,-15.15,-23.18,94.40
2004,28,35012.32,0.00,201.92,28.43,-16.73,-23.48,91.94
2004,29,35134.03,0.00,161.27,28.43,-16.33,-21.49,109.64
2004,30,35257.84,0.00,216.72,28.43,-14.47,-21.67,107.97
2004,31,35383.71,0.00,297.82,28.43,-8.03,-19.05,135.53
2004,32,35511.58,11.42,154.96,39.86,-7.51,-13.78,210.79
2004,33,35641.38,2.11,93.38,41.97,-8.52,-12.06,242.47
2004,34,35773.06,0.00,309.80,41.97,-9.06,-20.00,124.84
2004,35,35906.57,2.08,267.56,44.04,-3.86,-19.26,133.11
2004,36,36041.84,6.21,129.82,50.25,-4.11,-9.18,305.13
2004,37,36178.83,0.00,100.66,50.25,-7.02,-9.63,294.43
2004,38,36317.47,0.00,276.70,50.25,-10.04,-18.10,147.03
2004,39,36457.71,0.00,397.90,50.25,0.69,-20.84,116.12
2004,40,36599.50,0.00,386.52,50.25,0.85,-16.04,174.92
2004,41,36742.78,0.00,344.64,50.25,1.41,-10.23,280.64
2004,42,36887.51,0.00,311.85,50.25,-1.34,-10.71,270.24
2004,43,37033.62,0.00,241.72,50.25,-9.08,-15.47,183.43
2004,44,37181.08,0.00,405.75,50.25,0.08,-16.81,163.91
2004,45,37329.83,0.00,299.56,50.25,-6.31,-14.50,198.68
2004,46,37479.83,0.00,384.07,50.25,-8.41,-20.91,115.34
2004,47,37631.02,0.00,426.96,50.25,0.24,-19.52,130.15
2004,48,37783.36,0.00,417.13,50.25,3.32,-14.03,206.63
2004,49,37936.81,0.00,420.35,50.25,6.74,-11.02,243.34
2004,50,38091.31,0.00,326.85,48.15,9.10,-1.00,546.99
2004,51,38246.83,0.00,248.94,45.43,7.26,0.47,632.07
2004,52,38403.32,0.00,391.56,44.70,8.92,-4.26,402.34
2004,53,38560.74,0.00,418.93,43.39,12.37,-2.88,413.78
2004,54,38719.05,0.00,188.38,41.36,3.48,-1.18,560.22
2004,55,38878.21,0.00,80.59,39.16,0.89,-0.74,578.42
2004,56,39038.18,0.00,216.58,37.29,3.83,-1.55,545.30
2004,57,39198.92,0.00,415.36,36.78,8.76,-4.79,352.25
2004,58,39360.39,0.00,442.02,35.64,13.26,-3.29,355.94
2004,59,39522.56,0.00,382.59,32.71,12.79,0.98,506.19
2004,60,39685.39,12.69,171.15,28.56,9.87,3.87,805.51
2004,61,39848.84,2.56,123.42,25.08,6.32,2.28,719.95
2004,62,40012.88,0.00,97.50,22.40,2.49,0.39,628.36
2004,63,40177.47,1.68,159.38,19.86,3.80,0.04,612.46
2004,64,40342.59,23.56,104.98,17.41,3.00,-0.15,603.91
2004,65,40508.20,0.00,200.26,15.07,4.07,-0.43,591.69
2004,66,40674.27,0.00,479.70,13.71,16.24,-2.75,414.21
2004,67,40840.76,0.00,414.03,11.93,10.39,-1.76,501.44
2004,68,41007.64,0.00,489.24,10.40,18.74,-2.38,409.11
2004,69,41174.89,0.00,445.61,8.21,13.40,-0.77,505.17
2004,70,41342.48,0.00,452.64,5.92,13.87,-0.57,505.43
2004,71,41510.37,0.00,263.53,4.12,4.48,-1.70,539.05
2004,72,41678.54,0.00,510.90,4.12,13.89,-8.06,274.87
2004,73,41846.95,0.00,506.94,3.70,16.02,-5.01,336.75
2004,74,42015.58,4.39,298.73,1.02,11.56,0.40,628.68
2004,75,42184.41,10.09,60.52,0.00,1.74,0.04,612.40
2004,76,42353.39,1.92,263.46,0.00,3.72,-3.12,485.34
2004,77,42522.51,0.00,435.11,0.00,11.80,-3.12,461.78
2004,78,42691.75,0.00,355.12,0.00,9.99,0.21,620.07
2004,79,42861.06,0.00,474.94,0.00,22.86,0.58,526.80
2004,80,43030.42,0.00,408.35,0.00,14.44,1.86,656.36
2004,81,43199.81,0.00,375.08,0.00,5.48,-4.88,424.97
2004,82,43369.21,0.00,460.95,0.00,12.61,-3.62,428.97
2004,83,43538.57,0.00,471.78,0.00,17.10,-0.82,497.71
2004,84,43707.88,0.00,462.34,0.00,24.19,5.99,760.41
2004,85,43877.12,0.00,334.87,0.00,21.38,11.31,1268.32
2004,86,44046.24,4.23,227.68,0.00,23.00,13.86,1582.98
2004,87,44215.22,27.17,122.14,0.00,17.82,13.51,1547.87
2004,88,44384.05,1.79,356.63,0.00,14.33,4.46,839.86
2004,89,44552.68,0.00,373.26,0.00,14.11,3.74,798.19
2004,90,44721.10,0.00,326.07,0.00,7.54,-0.82,575.29
2004,91,44889.26,0.00,467.73,0.00,12.10,-3.43,472.73
2004,92,45057.15,0.00,485.64,0.00,15.68,-2.27,493.75
2004,93,45224.74,0.00,483.06,0.00,17.53,-0.68,546.07
2004,94,45391.99,0.00,435.20,0.00,14.96,0.47,618.24
2004,95,45558.88,0.00,475.61,0.00,16.91,-0.89,529.68
2004,96,45725.37,0.00,497.44,0.00,20.84,0.45,553.90
2004,97,45891.44,0.00,467.89,0.00,22.85,5.06,772.03
2004,98,46057.04,0.00,478.07,0.00,25.56,6.71,838.81
2004,99,46222.16,0.99,435.19,0.00,16.48,1.94,667.27
2004,100,46386.76,1.30,324.72,0.00,12.43,3.05,760.03
2004,101,46550.80,0.00,310.25,0.00,9.03,0.27,622.75
2004,102,46714.26,0.00,470.61,0.00,11.71,-3.95,442.74
2004,103,46877.09,0.00,409.74,0.00,10.25,-1.77,536.44
2004,104,47039.26,0.00,512.13,0.00,16.44,-2.68,450.22
2004,105,47200.73,0.00,538.06,0.00,23.39,-1.24,460.10
2004,106,47361.47,0.00,520.60,0.00,26.79,3.90,653.95
2004,107,47521.44,0.00,518.10,0.00,31.67,7.80,820.42
2004,108,47680.60,0.00,507.77,0.00,30.75,8.25,858.02
2004,109,47838.91,0.69,398.64,0.00,25.24,11.39,1221.85
2004,110,47996.34,1.59,290.40,0.00,17.65,8.73,1127.07
2004,111,48152.83,0.79,439.31,0.00,23.94,8.33,969.16
2004,112,48308.35,0.00,415.08,0.00,20.29,6.40,892.53
2004,113,48462.86,0.00,302.13,0.00,16.53,7.48,1035.10
2004,114,48616.30,0.00,324.38,0.00,17.42,7.75,1054.37
2004,115,48768.65,27.43,168.93,0.00,12.88,6.62,975.46
2004,116,48919.84,0.00,355.37,0.00,17.72,7.06,1005.64
2004,117,49069.84,0.00,458.91,0.00,19.56,4.10,739.39
2004,118,49218.59,0.00,548.16,0.00,26.56,2.12,561.33
2004,119,49366.06,0.00,505.28,0.00,26.98,6.94,813.19
2004,120,49512.18,0.00,141.54,0.00,15.01,10.98,1310.68
2004,121,49656.91,0.00,244.51,0.00,12.41,5.39,896.00
2004,122,49800.19,0.71,419.20,0.00,15.79,2.62,706.14
2004,123,49941.98,0.00,362.38,0.00,12.62,2.03,707.15
2004,124,50082.23,0.57,537.83,0.00,19.02,-1.46,440.83
2004,125,50220.87,0.00,556.61,0.00,24.64,1.05,490.33
2004,126,50357.86,0.00,538.69,0.00,31.77,8.91,801.48
2004,127,50493.13,0.00,503.12,0.00,30.41,11.20,951.33
2004,128,50626.65,0.00,411.97,0.00,26.96,13.37,1256.99
2004,129,50758.33,4.18,355.03,0.00,32.30,14.36,1401.62
2004,130,50888.14,11.20,279.76,0.00,29.41,16.70,1831.54
2004,131,51016.01,0.00,319.43,0.00,25.93,15.70,1711.31
2004,132,51141.89,0.00,350.90,0.00,27.53,16.15,1687.19
2004,133,51265.71,4.54,107.90,0.00,20.91,16.79,1910.49
2004,134,51387.41,2.15,93.95,0.00,7.52,4.52,843.48
2004,135,51506.95,0.00,452.33,0.00,14.98,1.61,637.15
2004,136,51624.25,0.00,525.78,0.00,19.09,1.54,572.70
2004,137,51739.26,2.58,414.28,0.00,25.58,4.42,748.12
2004,138,51851.92,8.95,295.17,0.00,23.56,12.20,1420.14
2004,139,51962.16,0.00,337.03,0.00,21.81,12.64,1457.48
2004,140,52069.93,0.00,422.54,0.00,25.77,13.27,1371.05
2004,141,52175.18,0.00,325.16,0.00,25.39,16.34,1835.41
2004,142,52277.83,7.46,305.66,0.00,30.44,17.81,2016.03
2004,143,52377.83,27.66,324.25,0.00,28.96,15.45,1739.40
2004,144,52475.12,0.00,267.95,0.00,20.90,13.88,1585.78
2004,145,52569.65,7.26,335.87,0.00,24.54,10.96,1308.36
2004,146,52661.35,2.52,286.91,0.00,19.22,8.77,1129.76
2004,147,52750.17,0.00,464.82,0.00,24.47,10.27,1200.66
2004,148,52836.06,0.00,505.45,0.00,27.71,11.03,1204.37
2004,149,52918.95,0.00,503.31,0.00,29.35,12.58,1323.41
2004,150,52998.80,27.88,345.09,0.00,29.37,14.46,1646.18
2004,151,53075.55,3.12,155.18,0.00,20.51,15.15,1720.67
2004,152,53149.15,0.00,405.38,0.00,23.89,12.34,1433.11
2004,153,53219.56,0.00,406.86,0.00,24.23,12.55,1453.74
2004,154,53286.71,0.00,416.88,0.00,21.38,9.88,1217.76
2004,155,53350.58,0.00,492.85,0.00,25.46,10.47,1157.32
2004,156,53411.10,2.41,375.36,0.00,27.83,11.86,1384.29
2004,157,53468.24,3.74,290.46,0.00,24.80,14.55,1655.69
2004,158,53521.96,0.00,423.05,0.00,26.36,14.76,1625.44
2004,159,53572.22,0.00,465.28,0.00,31.30,17.21,1797.07
2004,160,53618.98,0.00,349.14,0.00,31.39,21.66,2588.39
2004,161,53662.21,0.00,323.18,0.00,28.61,20.12,2354.34
2004,162,53701.88,0.00,350.85,0.00,29.91,20.44,2401.45
2004,163,53737.95,0.00,418.94,0.00,31.50,19.31,2123.71
2004,164,53770.39,44.55,334.97,0.00,28.55,15.35,1743.67
2004,165,53799.20,1.88,458.30,0.00,27.09,13.65,1560.49
2004,166,53824.33,2.23,324.39,0.00,27.04,14.85,1687.63
2004,167,53845.77,0.00,395.78,0.00,28.46,17.67,2020.97
2004,168,53863.52,0.00,356.88,0.00,27.14,17.86,2044.89
2004,169,53877.54,1.96,389.91,0.00,24.80,14.74,1676.07
2004,170,53887.83,6.40,116.93,0.00,17.95,14.58,1658.56
2004,171,53894.39,0.00,385.43,0.00,20.21,10.95,1307.88
2004,172,53897.21,12.80,312.79,0.00,22.92,12.44,1442.94
2004,173,53896.28,0.00,451.67,0.00,25.91,13.76,1573.24
2004,174,53891.61,0.00,524.62,0.00,26.81,10.36,1229.44
2004,175,53883.20,0.00,506.52,0.00,28.97,13.10,1474.28
2004,176,53871.05,1.39,165.56,0.00,18.55,14.90,1693.49
2004,177,53855.19,0.00,530.61,0.00,23.13,7.14,1001.39
2004,178,53835.61,0.00,445.24,0.00,20.80,9.55,1190.59
2004,179,53812.33,0.00,436.82,0.00,25.46,14.08,1596.74
2004,180,53785.38,0.00,486.51,0.00,25.15,11.80,1332.86
2004,181,53754.77,0.00,516.08,0.00,27.03,11.39,1259.65
2004,182,53720.52,0.00,504.23,0.00,28.85,13.39,1435.97
2004,183,53682.67,0.00,458.40,0.00,28.80,15.62,1713.31
2004,184,53641.23,32.58,262.67,0.00,27.07,18.06,2070.93
2004,185,53596.25,4.46,286.82,0.00,29.46,19.19,2222.97
2004,186,53547.75,3.22,357.26,0.00,31.27,16.71,1901.12
2004,187,53495.77,4.00,221.32,0.00,24.53,17.48,1995.80
2004,188,53440.35,1.02,240.53,0.00,22.30,16.84,1917.67
2004,189,53381.52,10.06,297.90,0.00,20.70,11.37,1344.53
2004,190,53319.34,7.37,315.63,0.00,23.59,13.17,1513.65
2004,191,53253.84,0.00,443.58,0.00,29.04,16.80,1912.14
2004,192,53185.07,2.78,291.94,0.00,29.27,19.00,2196.54
2004,193,53113.07,0.00,407.74,0.00,31.64,20.28,2377.95
2004,194,53037.90,0.00,432.22,0.00,32.94,20.28,2377.93
2004,195,52959.61,9.04,292.58,0.00,31.88,21.18,2512.72
2004,196,52878.25,1.10,373.01,0.00,27.16,17.86,2044.22
2004,197,52793.86,1.80,429.99,0.00,28.93,17.34,1978.68
2004,198,52706.52,0.00,407.95,0.00,29.10,18.26,2096.44
2004,199,52616.26,0.00,409.66,0.00,26.99,16.40,1864.72
2004,200,52523.15,0.00,471.88,0.00,29.10,15.18,1724.09
2004,201,52427.24,0.00,501.63,0.00,34.49,16.71,1901.48
2004,202,52328.60,0.00,438.95,0.00,35.23,20.94,2477.26
2004,203,52227.28,10.08,274.44,0.00,33.66,22.87,2787.04
2004,204,52123.34,6.31,212.01,0.00,27.79,20.62,2428.30
2004,205,52016.83,3.01,181.96,0.00,23.08,17.47,1994.95
2004,206,51907.83,3.75,161.55,0.00,19.23,14.45,1644.78
2004,207,51796.38,0.00,457.42,0.00,23.54,11.50,1356.52
2004,208,51682.55,0.00,502.46,0.00,25.09,10.35,1256.56
2004,209,51566.39,0.00,506.84,0.00,27.09,11.42,1348.69
2004,210,51447.98,4.31,326.54,0.00,26.62,14.78,1680.03
2004,211,51327.36,0.00,410.56,0.00,27.91,16.92,1927.29
2004,212,51204.60,3.98,336.78,0.00,27.98,15.45,1753.88
2004,213,51079.75,0.00,492.15,0.00,31.74,15.67,1779.12
2004,214,50952.88,0.00,472.67,0.00,32.34,17.12,1951.93
2004,215,50824.04,0.00,372.34,0.00,32.38,21.72,2598.20
2004,216,50693.30,23.20,317.21,0.00,35.43,21.88,2623.72
2004,217,50560.70,0.00,274.19,0.00,26.21,19.38,2248.79
2004,218,50426.31,0.00,395.14,0.00,26.83,16.14,1833.13
2004,219,50290.17,0.00,414.73,0.00,26.50,15.03,1707.75
2004,220,50152.36,0.00,448.50,0.00,28.16,14.80,1682.56
2004,221,50012.92,3.15,339.80,0.00,29.81,15.74,1787.20
2004,222,49871.90,0.00,372.87,0.00,27.35,17.09,1948.12
2004,223,49729.36,2.40,296.61,0.00,21.75,11.38,1345.74
2004,224,49585.35,1.90,368.80,0.00,19.72,10.47,1266.90
2004,225,49439.93,0.91,436.89,0.00,21.91,9.90,1219.19
2004,226,49293.13,0.00,428.34,0.00,21.53,9.82,1212.21
2004,227,49145.03,0.00,497.51,0.00,24.25,8.18,1085.71
2004,228,48995.65,0.00,486.67,0.00,24.69,9.04,1150.73
2004,229,48845.05,0.00,456.00,0.00,29.09,14.15,1613.05
2004,230,48693.28,0.00,409.43,0.00,27.58,15.27,1733.78
2004,231,48540.39,0.00,413.60,0.00,29.30,16.55,1881.89
2004,232,48386.41,0.00,445.45,0.00,21.79,8.78,1130.76
2004,233,48231.40,0.00,502.08,0.00,27.60,9.24,1166.04
2004,234,48075.39,0.00,488.88,0.00,28.34,10.46,1265.36
2004,235,47918.43,0.00,496.49,0.00,32.57,11.81,1384.50
2004,236,47760.56,2.22,275.48,0.00,29.19,17.22,1963.55
2004,237,47601.82,12.22,254.82,0.00,30.20,19.13,2213.91
2004,238,47442.25,8.69,219.11,0.00,27.79,18.85,2175.77
2004,239,47281.90,0.00,411.76,0.00,31.91,17.25,1967.05
2004,240,47120.79,0.00,364.89,0.00,28.69,16.85,1918.15
2004,241,46958.96,0.00,272.28,0.00,23.20,15.34,1741.95
2004,242,46796.46,0.00,471.71,0.00,27.30,9.41,1179.60
2004,243,46633.32,0.00,471.49,0.00,29.45,10.71,1286.56
2004,244,46469.57,0.00,446.30,0.00,31.97,14.28,1627.27
2004,245,46305.25,0.00,428.14,0.00,33.05,16.03,1820.87
2004,246,46140.39,0.00,400.91,0.00,31.10,16.16,1836.17
2004,247,45975.02,0.00,395.78,0.00,31.53,16.46,1871.01
2004,248,45809.18,0.00,378.66,0.00,31.49,17.17,1958.20
2004,249,45642.90,14.39,211.82,0.00,27.05,17.60,2011.71
2004,250,45476.21,0.00,391.23,0.00,26.32,12.18,1418.30
2004,251,45309.14,0.00,410.70,0.00,25.03,9.85,1215.25
2004,252,45141.72,0.00,404.19,0.00,24.85,9.83,1213.29
2004,253,44973.98,0.00,431.16,0.00,28.67,10.65,1281.95
2004,254,44805.95,0.00,431.14,0.00,31.56,12.25,1424.88
2004,255,44637.65,0.00,398.72,0.00,30.93,13.97,1594.88
2004,256,44469.13,0.00,393.67,0.00,32.66,15.28,1735.33
2004,257,44300.40,0.00,395.23,0.00,34.73,16.39,1863.40
2004,258,44131.49,11.26,222.44,0.00,31.79,19.79,2306.56
2004,259,43962.43,0.00,283.50,0.00,25.65,15.14,1720.36
2004,260,43793.25,0.00,405.03,0.00,26.52,9.10,1155.12
2004,261,43623.98,0.00,411.67,0.00,28.41,9.65,1199.02
2004,262,43454.64,0.00,391.98,0.00,32.17,13.69,1565.38
2004,263,43285.25,0.00,321.72,0.00,32.95,18.78,2166.48
2004,264,43115.86,0.00,289.94,0.00,31.08,18.93,2186.27
2004,265,42946.48,66.36,64.13,0.00,21.02,18.26,2096.85
2004,266,42777.13,4.33,223.01,0.00,28.89,16.93,1928.74
2004,267,42607.86,3.15,180.88,0.00,24.35,15.38,1746.59
2004,268,42438.68,0.00,389.28,0.00,26.56,8.94,1142.68
2004,269,42269.62,0.00,377.79,0.00,25.41,8.66,1121.65
2004,270,42100.71,0.00,384.48,0.00,27.47,9.34,1173.75
2004,271,41931.98,0.00,357.21,0.00,27.13,10.75,1290.08
2004,272,41763.45,0.00,305.36,0.00,21.41,8.98,1146.25
2004,273,41595.16,0.00,404.80,0.00,23.14,2.90,752.27
2004,274,41427.12,1.10,413.82,0.00,27.38,4.18,823.08
2004,275,41259.38,0.00,249.72,0.00,20.33,10.37,1257.91
2004,276,41091.96,0.00,391.51,0.00,17.39,-1.53,546.14
2004,277,40924.88,0.00,423.46,0.00,26.55,-0.50,588.72
2004,278,40758.19,0.00,272.86,0.00,16.01,4.73,855.42
2004,279,40591.91,0.00,370.87,0.00,23.50,4.16,822.30
2004,280,40426.06,2.47,240.53,0.00,20.80,5.75,918.80
2004,281,40260.69,4.91,202.09,0.00,21.74,9.60,1194.81
2004,282,40095.83,0.00,271.04,0.00,23.55,11.05,1316.06
2004,283,39931.50,0.00,352.24,0.00,22.16,3.78,800.75
2004,284,39767.75,0.00,347.90,0.00,22.08,3.88,805.96
2004,285,39604.60,0.00,273.03,0.00,18.31,5.94,930.72
2004,286,39442.10,0.00,207.07,0.00,17.24,8.38,1100.37
2004,287,39280.27,0.00,179.28,0.00,14.80,7.41,1030.08
2004,288,39119.16,0.00,257.80,0.00,11.93,0.90,651.93
2004,289,38958.80,0.00,227.16,0.00,11.83,2.26,718.83
2004,290,38799.22,0.00,289.98,0.00,12.13,-0.98,568.41
2004,291,38640.48,0.00,354.08,0.00,20.45,0.01,611.27
2004,292,38482.61,0.00,241.60,0.00,14.53,3.94,809.48
2004,293,38325.64,0.00,210.64,0.00,16.08,6.95,997.97
2004,294,38169.63,0.54,130.52,0.00,12.59,7.27,1019.80
2004,295,38014.60,0.92,180.92,0.00,17.27,9.33,1173.70
2004,296,37860.62,0.00,289.99,0.00,26.10,10.23,1246.72
2004,297,37707.72,0.00,214.06,0.00,19.56,9.50,1186.80
2004,298,37555.94,0.00,328.10,0.00,24.80,3.96,810.61
2004,299,37405.33,2.44,206.74,0.00,18.12,3.92,808.13
2004,300,37255.95,0.67,234.82,0.00,16.32,5.08,876.81
2004,301,37107.83,5.76,105.59,0.00,16.34,10.05,1231.29
2004,302,36961.03,0.00,263.25,0.00,26.47,11.74,1377.67
2004,303,36815.60,0.00,225.30,0.00,25.95,14.16,1613.92
2004,304,36671.58,0.00,232.57,0.00,18.01,6.84,990.68
2004,305,36529.03,10.07,230.70,0.00,18.98,0.14,616.95
2004,306,36388.00,14.59,157.53,0.00,11.41,1.79,695.13
2004,307,36248.55,0.00,133.31,0.00,10.20,4.66,851.77
2004,308,36110.73,0.00,270.83,0.00,10.05,-3.46,473.05
2004,309,35974.58,0.00,282.12,0.00,11.78,-3.09,486.46
2004,310,35840.18,0.00,310.48,0.00,19.64,-2.15,521.44
2004,311,35707.57,0.00,307.16,0.00,25.06,0.81,647.52
2004,312,35576.81,0.00,227.67,0.00,14.70,3.05,760.20
2004,313,35447.96,0.00,276.99,0.00,15.45,-1.13,562.10
2004,314,35321.07,0.00,290.70,0.00,20.76,0.20,619.49
2004,315,35196.21,20.04,124.16,0.00,13.31,5.30,890.64
2004,316,35073.44,0.00,175.58,0.00,4.94,-3.34,477.44
2004,317,34952.81,0.00,244.95,0.00,7.26,-6.22,383.96
2004,318,34834.38,0.00,254.96,0.00,8.60,-6.35,379.92
2004,319,34718.21,0.00,239.59,0.00,9.42,-4.37,441.94
2004,320,34604.36,0.00,229.53,0.00,13.14,-0.19,602.10
2004,321,34492.90,0.00,237.82,0.00,18.64,3.78,800.27
2004,322,34383.88,2.56,98.09,0.00,17.40,10.45,1264.94
2004,323,34277.35,16.07,49.38,0.00,11.57,8.44,1104.70
2004,324,34173.39,0.00,41.52,0.00,9.31,7.74,1053.13
2004,325,34072.05,0.00,95.67,0.00,5.96,1.36,673.75
2004,326,33973.39,0.00,136.30,0.00,6.91,0.24,621.41
2004,327,33877.47,0.00,169.12,0.00,9.84,1.13,662.62
2004,328,33784.34,0.00,83.48,0.00,4.32,0.56,635.79
2004,329,33694.07,0.00,166.79,0.00,4.40,-3.62,467.37
2004,330,33606.70,0.00,246.43,0.00,10.85,-5.01,421.07
2004,331,33522.30,8.24,168.58,0.00,11.17,-2.26,517.27
2004,332,33440.91,0.00,65.72,0.00,3.27,0.37,627.43
2004,333,33362.60,4.20,57.69,0.00,-0.41,-3.79,461.57
2004,334,33287.41,0.00,78.62,0.00,-0.36,-3.77,462.06
2004,335,33215.40,0.00,225.51,0.00,0.34,-11.98,244.07
2004,336,33146.60,0.00,230.24,0.00,1.79,-11.44,254.82
2004,337,33081.08,0.00,237.65,0.00,6.10,-9.10,306.91
2004,338,33018.88,0.00,230.65,0.00,7.49,-6.97,362.30
2004,339,32960.03,0.00,230.40,0.00,11.71,-3.39,475.68
2004,340,32904.58,6.90,87.89,0.00,3.87,-1.57,544.23
2004,341,32852.58,0.00,102.23,0.00,4.16,-0.31,597.18
2004,342,32804.06,0.00,73.09,0.00,2.18,-0.83,574.79
2004,343,32759.05,0.00,191.34,0.00,7.00,-2.26,517.33
2004,344,32717.59,0.00,230.23,0.00,10.90,-2.79,497.32
2004,345,32679.72,0.00,82.40,0.00,2.84,-0.46,590.67
2004,346,32645.45,0.00,231.42,0.00,9.42,-4.55,435.85
2004,347,32614.81,0.00,222.99,0.00,8.51,-4.04,452.89
2004,348,32587.83,0.00,97.08,0.00,-1.29,-5.13,417.18
2004,349,32564.53,0.00,243.64,0.00,3.53,-12.70,230.31
2004,350,32544.93,0.00,245.45,0.00,6.68,-11.33,257.16
2004,351,32529.04,0.00,213.01,0.00,8.60,-2.73,499.53
2004,352,32516.87,0.00,225.62,0.00,7.46,-5.69,399.70
2004,353,32508.43,0.00,225.80,0.00,8.13,-5.52,405.06
2004,354,32503.74,0.00,212.21,0.00,-5.99,-17.36,156.55
2004,355,32502.79,0.00,249.66,0.00,8.19,-16.27,171.59
2004,356,32505.58,0.00,117.25,0.00,-3.68,-9.12,306.55
2004,357,32512.11,0.00,158.62,0.00,-8.27,-15.90,176.98
2004,358,32522.38,0.00,149.79,0.00,-11.00,-18.13,146.59
2004,359,32536.38,0.00,245.74,0.00,-0.17,-19.72,127.96
2004,360,32554.10,0.00,251.11,0.00,11.28,-15.62,181.19
2004,361,32575.52,0.00,150.68,0.00,1.06,-6.62,372.13
2004,362,32600.63,0.00,207.91,0.00,6.62,-6.15,385.81
2004,363,32629.41,0.00,207.08,0.00,7.57,-5.40,408.78
2004,364,32661.83,0.00,239.94,0.00,11.55,-8.24,328.31
2004,365,32697.87,0.00,247.95,0.00,18.72,-7.04,360.37
2005,1,32737.70,0.00,192.42,0.00,4.51,-4.76,428.87
2005,2,32780.92,1.74,166.33,1.74,-2.64,-9.07,307.78
2005,3,32827.67,1.61,67.66,3.36,-6.36,-8.65,317.89
2005,4,32877.92,12.52,47.07,15.87,-7.08,-9.12,306.44
2005,5,32931.64,9.36,51.48,25.23,-12.43,-14.66,196.15
2005,6,32988.77,0.00,253.52,25.23,-9.43,-20.56,118.94
2005,7,33049.29,0.00,288.84,25.23,-4.67,-20.83,116.19
2005,8,33113.14,0.00,294.94,25.23,-1.62,-19.44,131.06
2005,9,33180.29,0.00,298.68,25.23,0.69,-18.36,143.84
2005,10,33250.69,0.00,123.82,25.23,-6.65,-10.92,265.68
2005,11,33324.28,0.44,140.53,25.67,-5.10,-9.98,286.37
2005,12,33401.03,0.00,169.33,25.67,-2.68,-8.69,316.95
2005,13,33480.87,0.00,103.53,25.67,-11.40,-14.80,193.92
2005,14,33563.76,0.00,149.25,25.67,-16.63,-21.64,108.28
2005,15,33649.64,0.00,262.19,25.67,-14.58,-25.10,79.45
2005,16,33738.45,0.00,286.07,25.67,-12.48,-25.03,79.97
2005,17,33830.15,0.00,315.17,25.67,-5.89,-23.92,88.38
2005,18,33924.67,0.00,316.75,25.67,3.80,-15.14,188.50
2005,19,34021.95,0.00,297.12,25.67,4.76,-9.11,306.62
2005,20,34121.95,0.00,280.28,24.16,9.78,-2.40,512.17
2005,21,34224.60,0.00,169.21,22.84,2.78,-2.87,494.30
2005,22,34329.83,0.00,208.40,22.84,-8.41,-15.36,185.17
2005,23,34437.60,0.00,311.01,22.84,-1.41,-15.34,185.39
2005,24,34547.84,0.00,331.90,22.84,11.37,-9.36,300.71
2005,25,34660.49,0.00,324.04,21.88,13.76,-3.69,464.85
2005,26,34775.50,0.00,93.99,19.78,1.81,-1.00,567.50
2005,27,34892.79,0.00,130.66,19.25,-0.77,-4.75,429.28
2005,28,35012.32,0.00,195.06,18.50,1.98,-4.22,446.97
2005,29,35134.03,2.06,154.19,17.38,3.23,-3.31,478.33
2005,30,35257.84,0.00,113.26,15.64,1.47,-1.87,532.54
2005,31,35383.71,0.00,163.68,13.59,3.80,-1.11,562.95
2005,32,35511.58,0.00,166.85,11.33,4.33,-0.63,583.23
2005,33,35641.38,0.00,310.47,10.54,7.78,-4.11,450.57
2005,34,35773.06,0.00,353.23,9.56,15.97,-3.66,446.00
2005,35,35906.57,0.00,352.81,8.03,17.27,-2.37,484.80
2005,36,36041.84,9.11,253.52,5.54,16.38,-0.05,608.47
2005,37,36178.83,18.18,57.27,3.37,1.27,-0.84,574.41
2005,38,36317.47,0.00,74.00,3.37,-7.98,-9.81,290.16
2005,39,36457.71,5.30,107.90,8.67,-8.95,-12.78,228.70
2005,40,36599.50,0.00,332.13,8.67,-5.50,-16.80,164.09
2005,41,36742.78,0.00,385.29,8.67,1.74,-16.84,163.56
2005,42,36887.51,0.00,390.56,8.67,7.09,-13.35,218.33
2005,43,37033.62,37.73,274.58,46.40,6.16,-8.12,331.49
2005,44,37181.08,5.12,194.06,44.64,6.36,-1.80,535.37
2005,45,37329.83,0.00,388.98,42.41,17.64,-0.69,580.55
2005,46,37479.83,0.00,176.14,40.33,4.07,-1.06,565.17
2005,47,37631.02,0.00,342.23,39.99,6.36,-5.19,415.37
2005,48,37783.36,0.00,395.61,39.99,8.85,-6.75,368.50
2005,49,37936.81,0.00,380.58,39.99,6.56,-6.99,361.73
2005,50,38091.31,1.43,348.93,39.87,5.45,-5.70,399.39
2005,51,38246.83,0.00,274.55,37.57,7.43,-0.54,587.31
2005,52,38403.32,0.00,159.25,35.83,2.33,-1.84,533.55
2005,53,38560.74,0.00,338.23,34.20,8.08,-2.12,522.80
2005,54,38719.05,0.00,299.85,32.74,5.60,-2.53,507.11
2005,55,38878.21,0.00,272.08,31.35,4.16,-2.70,500.64
2005,56,39038.18,0.00,431.48,30.34,12.83,-3.60,468.28
2005,57,39198.92,0.40,443.17,29.93,13.25,-5.01,420.91
2005,58,39360.39,0.00,383.29,29.39,7.25,-4.71,430.56
2005,59,39522.56,0.00,151.23,29.39,-2.78,-6.45,377.08
2005,60,39685.39,0.00,441.54,29.39,4.87,-11.11,261.70
2005,61,39848.84,0.00,472.36,29.39,12.22,-10.00,283.40
2005,62,40012.88,0.00,444.24,29.18,11.79,-5.51,405.16
2005,63,40177.47,0.00,470.39,28.75,16.71,-4.97,392.12
2005,64,40342.59,0.00,463.65,27.88,15.79,-3.92,427.95
2005,65,40508.20,0.00,482.33,26.26,22.26,-2.15,450.94
2005,66,40674.27,0.00,210.28,22.86,7.88,2.10,710.60
2005,67,40840.76,0.00,370.54,22.86,4.98,-6.38,379.08
2005,68,41007.64,0.00,362.16,22.11,6.97,-4.22,446.78
2005,69,41174.89,0.00,437.66,20.89,12.84,-3.08,462.55
2005,70,41342.48,0.00,471.90,19.70,16.17,-3.19,432.26
2005,71,41510.37,0.00,311.02,18.56,5.85,-3.28,479.39
2005,72,41678.54,0.00,472.02,18.56,8.62,-8.81,304.50
2005,73,41846.95,0.00,439.43,18.56,5.88,-8.70,316.84
2005,74,42015.58,0.00,498.95,18.56,11.69,-8.60,286.92
2005,75,42184.41,0.00,518.04,18.56,15.85,-7.68,288.65
2005,76,42353.39,0.00,494.76,17.39,17.09,-3.21,404.36
2005,77,42522.51,0.00,335.09,15.72,8.15,-2.02,526.50
2005,78,42691.75,0.00,377.13,14.83,7.76,-3.87,458.79
2005,79,42861.06,1.20,477.70,14.48,12.12,-5.18,371.87
2005,80,43030.42,3.32,324.09,12.92,12.16,-2.28,516.66
2005,81,43199.81,2.26,142.35,10.00,6.20,0.95,654.22
2005,82,43369.21,0.95,399.34,7.70,12.24,-0.51,569.70
2005,83,43538.57,6.91,124.93,5.29,4.23,-0.27,598.84
2005,84,43707.88,1.25,149.57,2.61,4.30,0.37,627.51
2005,85,43877.12,0.00,327.20,0.06,9.58,0.08,614.38
2005,86,44046.24,0.00,457.79,0.00,16.70,-2.42,465.33
2005,87,44215.22,0.00,489.74,0.00,24.35,-0.39,490.25
2005,88,44384.05,0.00,450.31,0.00,25.74,6.10,793.35
2005,89,44552.68,2.91,76.35,0.00,12.34,9.39,1178.34
2005,90,44721.10,0.00,405.26,0.00,15.14,0.42,605.16
2005,91,44889.26,0.00,410.54,0.00,14.20,-0.41,571.12
2005,92,45057.15,0.00,501.36,0.00,19.74,-3.68,396.63
2005,93,45224.74,0.00,508.94,0.00,25.77,-0.03,482.05
2005,94,45391.99,0.00,485.36,0.00,27.58,5.44,708.43
2005,95,45558.88,0.00,330.92,0.00,21.54,10.51,1172.01
2005,96,45725.37,2.37,181.49,0.00,18.13,10.50,1269.28
2005,97,45891.44,0.00,431.88,0.00,20.30,4.71,683.97
2005,98,46057.04,0.00,453.36,0.00,20.79,3.75,619.14
2005,99,46222.16,0.00,488.21,0.00,25.36,4.93,613.44
2005,100,46386.76,10.87,220.60,0.00,22.25,12.61,1459.23
2005,101,46550.80,24.20,174.47,0.00,16.86,9.75,1206.67
2005,102,46714.26,12.72,143.46,0.00,9.27,3.91,807.79
2005,103,46877.09,0.00,417.69,0.00,17.82,4.01,792.15
2005,104,47039.26,0.00,487.34,0.00,19.94,1.78,630.56
2005,105,47200.73,0.00,499.14,0.00,22.62,3.35,682.21
2005,106,47361.47,0.00,463.55,0.00,23.34,6.97,896.74
2005,107,47521.44,0.00,470.82,0.00,27.91,10.19,1073.44
2005,108,47680.60,18.16,313.68,0.00,25.57,11.11,1322.04
2005,109,47838.91,16.45,295.90,0.00,26.56,13.27,1523.90
2005,110,47996.34,5.61,206.69,0.00,22.40,14.19,1617.68
2005,111,48152.83,12.44,128.35,0.00,18.33,13.55,1551.98
2005,112,48308.35,2.96,134.83,0.00,12.50,7.79,1056.83
2005,113,48462.86,0.00,406.41,0.00,12.44,0.47,631.94
2005,114,48616.30,0.00,486.70,0.00,15.77,-0.86,573.59
2005,115,48768.65,0.00,466.39,0.00,16.03,0.52,634.35
2005,116,48919.84,0.00,287.76,0.00,11.29,3.40,779.17
2005,117,49069.84,0.00,434.65,0.00,15.13,2.08,709.64
2005,118,49218.59,0.00,191.04,0.00,7.94,3.25,771.09
2005,119,49366.06,0.00,369.71,0.00,12.90,2.79,746.11
2005,120,49512.18,0.00,447.99,0.00,13.09,0.01,610.99
2005,121,49656.91,0.00,391.58,0.00,10.17,-0.36,594.71
2005,122,49800.19,0.00,453.46,0.00,13.06,0.24,621.62
2005,123,49941.98,0.00,512.23,0.00,15.90,0.00,610.53
2005,124,50082.23,0.00,556.69,0.00,21.52,0.71,606.66
2005,125,50220.87,0.00,514.00,0.00,21.72,4.90,833.84
2005,126,50357.86,0.00,507.63,0.00,27.46,9.75,1126.18
2005,127,50493.13,0.00,476.44,0.00,28.21,12.48,1348.68
2005,128,50626.65,0.00,371.75,0.00,27.92,17.04,1898.31
2005,129,50758.33,0.00,422.61,0.00,24.55,12.48,1377.29
2005,130,50888.14,13.07,407.90,0.00,31.78,9.50,1101.79
2005,131,51016.01,51.12,244.59,0.00,20.64,11.93,1395.30
2005,132,51141.89,5.72,229.63,0.00,20.52,12.37,1436.18
2005,133,51265.71,0.00,215.70,0.00,15.71,10.42,1262.12
2005,134,51387.41,0.00,293.34,0.00,13.30,6.26,951.93
2005,135,51506.95,0.00,517.23,0.00,18.20,2.64,712.30
2005,136,51624.25,0.00,545.79,0.00,23.94,5.22,804.43
2005,137,51739.26,3.56,373.76,0.00,26.83,10.89,1302.75
2005,138,51851.92,0.00,414.05,0.00,27.26,15.50,1729.58
2005,139,51962.16,0.00,520.41,0.00,30.55,12.51,1294.13
2005,140,52069.93,0.00,499.41,0.00,29.36,12.87,1353.41
2005,141,52175.18,0.00,501.82,0.00,30.70,13.40,1384.86
2005,142,52277.83,0.00,455.98,0.00,28.07,13.59,1470.30
2005,143,52377.83,0.00,520.84,0.00,30.50,11.46,1200.99
2005,144,52475.12,0.00,472.76,0.00,29.21,13.57,1438.99
2005,145,52569.65,7.28,252.75,0.00,25.53,15.94,1810.74
2005,146,52661.35,0.00,481.84,0.00,24.19,8.88,1089.68
2005,147,52750.17,0.00,443.81,0.00,23.11,9.74,1191.44
2005,148,52836.06,2.80,386.27,0.00,25.39,7.33,1024.28
2005,149,52918.95,1.28,300.53,0.00,17.81,9.66,1199.53
2005,150,52998.80,0.00,460.27,0.00,21.08,6.92,989.41
2005,151,53075.55,30.38,338.49,0.00,23.96,9.74,1205.82
2005,152,53149.15,0.00,340.06,0.00,24.82,14.86,1689.05
2005,153,53219.56,15.21,296.12,0.00,26.03,14.07,1605.23
2005,154,53286.71,2.16,234.08,0.00,23.85,15.18,1723.84
2005,155,53350.58,12.52,282.62,0.00,27.22,16.18,1838.10
2005,156,53411.10,0.00,376.25,0.00,26.29,15.55,1765.52
2005,157,53468.24,0.00,468.07,0.00,31.65,16.01,1818.82
2005,158,53521.96,0.00,414.41,0.00,32.17,18.93,2187.31
2005,159,53572.22,0.00,306.55,0.00,28.70,19.94,2328.73
2005,160,53618.98,20.41,167.96,0.00,24.75,18.96,2190.17
2005,161,53662.21,2.60,246.46,0.00,25.62,16.86,1919.75
2005,162,53701.88,0.00,364.24,0.00,27.14,17.05,1942.79
2005,163,53737.95,0.00,367.26,0.00,23.52,13.66,1562.40
2005,164,53770.39,1.87,405.05,0.00,26.30,14.70,1672.06
2005,165,53799.20,0.00,427.96,0.00,26.99,14.48,1648.20
2005,166,53824.33,0.00,487.72,0.00,29.03,13.34,1530.64
2005,167,53845.77,0.00,439.28,0.00,27.62,14.69,1670.52
2005,168,53863.52,0.00,397.65,0.00,28.72,17.25,1968.12
2005,169,53877.54,0.00,458.52,0.00,29.60,15.52,1762.35
2005,170,53887.83,0.00,445.41,0.00,31.14,17.41,1987.78
2005,171,53894.39,7.70,336.81,0.00,33.18,18.84,2174.94
2005,172,53897.21,0.00,423.83,0.00,32.06,19.20,2224.41
2005,173,53896.28,0.00,457.10,0.00,33.97,19.16,2218.55
2005,174,53891.61,0.00,430.87,0.00,34.49,20.86,2464.88
2005,175,53883.20,0.00,420.74,0.00,35.18,21.72,2598.10
2005,176,53871.05,2.93,280.65,0.00,31.81,21.07,2496.21
2005,177,53855.19,0.00,419.27,0.00,34.39,21.33,2536.42
2005,178,53835.61,5.98,258.52,0.00,33.45,23.57,2907.33
2005,179,53812.33,0.00,406.21,0.00,32.83,20.79,2454.65
2005,180,53785.38,0.91,434.12,0.00,34.39,20.77,2451.50
2005,181,53754.77,0.00,431.30,0.00,29.83,17.46,1993.99
2005,182,53720.52,0.00,461.01,0.00,27.92,14.54,1654.20
2005,183,53682.67,0.00,475.25,0.00,31.15,16.21,1842.23
2005,184,53641.23,0.00,405.00,0.00,30.14,18.50,2129.23
2005,185,53596.25,0.00,345.00,0.00,29.15,19.77,2303.49
2005,186,53547.75,0.00,483.48,0.00,30.66,15.20,1726.22
2005,187,53495.77,0.00,451.87,0.00,30.29,16.60,1888.00
2005,188,53440.35,0.00,449.27,0.00,31.90,17.93,2054.11
2005,189,53381.52,0.00,428.81,0.00,32.29,19.04,2201.93
2005,190,53319.34,0.00,403.02,0.00,33.62,20.98,2483.56
2005,191,53253.84,0.00,417.67,0.00,33.28,19.99,2335.97
2005,192,53185.07,0.00,431.73,0.00,33.52,19.42,2255.00
2005,193,53113.07,0.00,414.48,0.00,33.31,19.95,2329.60
2005,194,53037.90,0.00,405.44,0.00,31.98,19.26,2232.20
2005,195,52959.61,0.00,441.65,0.00,32.75,18.16,2080.19
2005,196,52878.25,0.00,443.65,0.00,34.03,19.03,2184.87
2005,197,52793.86,0.00,434.42,0.00,35.26,20.30,2370.13
2005,198,52706.52,32.26,313.40,0.00,35.71,21.31,2533.67
2005,199,52616.26,0.00,368.65,0.00,29.86,18.81,2170.30
2005,200,52523.15,0.00,430.06,0.00,31.58,17.70,2024.70
2005,201,52427.24,0.00,451.51,0.00,36.28,20.06,2283.24
2005,202,52328.60,0.00,281.60,0.00,32.62,24.04,2989.57
2005,203,52227.28,0.00,399.21,0.00,37.35,23.45,2847.95
2005,204,52123.34,0.00,407.34,0.00,38.87,24.10,2933.06
2005,205,52016.83,4.87,276.94,0.00,37.34,24.63,3098.38
2005,206,51907.83,62.74,300.71,0.00,36.87,22.83,2779.07
2005,207,51796.38,3.33,161.75,0.00,22.84,17.18,1958.75
2005,208,51682.55,0.00,446.19,0.00,24.01,10.69,1285.52
2005,209,51566.39,0.00,500.52,0.00,29.48,11.82,1384.85
2005,210,51447.98,0.00,436.48,0.00,28.97,15.06,1710.57
2005,211,51327.36,0.00,407.79,0.00,32.26,18.91,2184.10
2005,212,51204.60,0.00,368.24,0.00,31.91,20.27,2375.85
2005,213,51079.75,0.00,340.56,0.00,29.84,19.63,2284.64
2005,214,50952.88,0.00,388.65,0.00,33.21,20.51,2412.69
2005,215,50824.04,0.00,369.89,0.00,35.45,22.91,2792.60
2005,216,50693.30,0.00,262.75,0.00,26.11,18.80,2168.79
2005,217,50560.70,0.00,454.67,0.00,28.67,13.88,1584.84
2005,218,50426.31,0.00,494.80,0.00,29.36,11.75,1378.82
2005,219,50290.17,0.00,506.25,0.00,33.66,13.35,1531.24
2005,220,50152.36,0.00,443.91,0.00,34.47,18.24,2094.68
2005,221,50012.92,0.00,413.12,0.00,35.43,20.50,2409.87
2005,222,49871.90,16.04,261.18,0.00,31.68,20.46,2404.58
2005,223,49729.36,0.81,320.55,0.00,30.00,20.09,2350.08
2005,224,49585.35,0.92,185.22,0.00,24.85,19.70,2293.42
2005,225,49439.93,0.74,207.18,0.00,23.57,17.98,2060.49
2005,226,49293.13,0.00,405.55,0.00,24.33,12.41,1439.98
2005,227,49145.03,0.00,449.26,0.00,26.95,12.54,1452.75
2005,228,48995.65,0.00,464.88,0.00,29.03,13.14,1510.97
2005,229,48845.05,0.00,404.89,0.00,27.93,15.29,1736.57
2005,230,48693.28,0.00,441.83,0.00,34.04,17.90,2050.29
2005,231,48540.39,0.00,384.70,0.00,30.11,17.88,2047.46
2005,232,48386.41,0.00,429.77,0.00,32.78,17.50,1998.57
2005,233,48231.40,0.00,416.18,0.00,33.10,18.38,2113.12
2005,234,48075.39,0.00,277.70,0.00,26.34,18.31,2103.71
2005,235,47918.43,0.00,270.68,0.00,25.85,18.14,2081.33
2005,236,47760.56,0.00,237.27,0.00,24.75,18.21,2090.50
2005,237,47601.82,6.68,272.50,0.00,31.01,19.32,2240.35
2005,238,47442.25,0.00,323.22,0.00,28.76,18.99,2194.82
2005,239,47281.90,0.00,468.21,0.00,31.76,13.85,1582.31
2005,240,47120.79,9.59,331.77,0.00,30.77,14.89,1691.92
2005,241,46958.96,0.00,441.23,0.00,30.06,14.26,1625.41
2005,242,46796.46,0.00,440.94,0.00,30.18,14.12,1610.55
2005,243,46633.32,0.00,380.07,0.00,26.88,14.63,1664.50
2005,244,46469.57,0.00,476.24,0.00,29.52,10.42,1215.99
2005,245,46305.25,0.00,467.61,0.00,30.04,11.20,1281.77
2005,246,46140.39,0.00,465.31,0.00,33.22,13.09,1401.71
2005,247,45975.02,0.00,399.58,0.00,33.13,17.58,1968.77
2005,248,45809.18,5.63,201.93,0.00,28.04,19.24,2229.07
2005,249,45642.90,1.95,290.47,0.00,27.08,17.81,2037.99
2005,250,45476.21,0.00,374.03,0.00,30.47,17.16,1956.05
2005,251,45309.14,0.00,392.50,0.00,33.18,18.22,2019.13
2005,252,45141.72,0.00,372.05,0.00,33.58,19.43,2203.93
2005,253,44973.98,0.00,354.41,0.00,33.31,19.90,2308.38
2005,254,44805.95,0.00,331.49,0.00,32.48,20.09,2349.67
2005,255,44637.65,0.00,317.12,0.00,32.60,20.62,2428.06
2005,256,44469.13,0.00,232.11,0.00,24.22,16.69,1898.59
2005,257,44300.40,0.00,426.55,0.00,26.13,9.10,1121.19
2005,258,44131.49,0.00,408.70,0.00,25.30,9.51,1174.40
2005,259,43962.43,0.00,429.61,0.00,27.51,9.32,1131.38
2005,260,43793.25,0.00,387.87,0.00,24.35,9.61,1195.90
2005,261,43623.98,18.40,308.16,0.00,31.69,13.19,1515.48
2005,262,43454.64,0.00,334.88,0.00,27.34,14.67,1668.43
2005,263,43285.25,0.00,431.04,0.00,33.33,11.61,1322.52
2005,264,43115.86,0.00,424.75,0.00,36.74,13.55,1492.93
2005,265,42946.48,0.00,232.54,0.00,24.61,15.98,1815.31
2005,266,42777.13,0.00,313.30,0.00,20.95,9.07,1152.92
2005,267,42607.86,0.00,407.47,0.00,31.70,10.97,1298.27
2005,268,42438.68,0.00,216.02,0.00,25.90,17.40,1986.18
2005,269,42269.62,0.00,273.74,0.00,23.02,12.44,1442.65
2005,270,42100.71,2.72,301.59,0.00,29.44,9.11,1155.69
2005,271,41931.98,1.95,285.98,0.00,19.37,8.39,1101.06
2005,272,41763.45,0.00,423.40,0.00,22.73,0.73,644.04
2005,273,41595.16,0.00,428.74,0.00,28.19,2.59,735.63
2005,274,41427.12,0.00,355.27,0.00,25.71,9.04,1150.90
2005,275,41259.38,0.00,337.13,0.00,32.97,15.87,1802.59
2005,276,41091.96,0.00,259.36,0.00,32.21,20.13,2356.69
2005,277,40924.88,5.18,167.48,0.00,33.23,22.76,2767.63
2005,278,40758.19,3.38,97.12,0.00,16.17,11.34,1341.92
2005,279,40591.91,0.00,256.07,0.00,12.54,2.62,737.28
2005,280,40426.06,0.00,348.24,0.00,12.83,-2.51,507.74
2005,281,40260.69,0.00,383.84,0.00,17.39,-2.26,517.18
2005,282,40095.83,0.00,347.36,0.00,17.37,0.98,655.55
2005,283,39931.50,0.00,337.68,0.00,17.92,1.92,701.64
2005,284,39767.75,14.22,229.64,0.00,16.98,3.10,763.09
2005,285,39604.60,0.00,223.15,0.00,17.40,7.93,1067.20
2005,286,39442.10,0.00,331.64,0.00,22.79,5.62,910.71
2005,287,39280.27,0.00,364.38,0.00,28.56,5.63,911.12
2005,288,39119.16,0.00,322.17,0.00,23.17,6.05,937.98
2005,289,38958.80,0.00,328.91,0.00,24.81,6.45,964.29
2005,290,38799.22,0.00,294.06,0.00,25.09,9.45,1183.07
2005,291,38640.48,0.00,343.19,0.00,29.93,7.57,1041.59
2005,292,38482.61,12.22,109.51,0.00,13.62,7.14,1010.91
2005,293,38325.64,6.10,137.88,0.00,13.98,5.82,922.98
2005,294,38169.63,0.00,306.26,0.00,17.45,1.55,682.84
2005,295,38014.60,4.25,113.99,0.00,7.15,0.71,642.80
2005,296,37860.62,0.00,163.34,0.00,6.66,-0.30,597.71
2005,297,37707.72,0.00,272.70,0.00,10.43,-2.51,507.72
2005,298,37555.94,0.00,309.90,0.00,13.08,-3.64,466.65
2005,299,37405.33,0.00,323.95,0.00,16.98,-2.61,504.21
2005,300,37255.95,0.00,302.28,0.00,16.34,-0.78,577.05
2005,301,37107.83,0.00,315.85,0.00,20.13,0.06,613.32
2005,302,36961.03,0.00,294.02,0.00,21.38,3.62,791.74
2005,303,36815.60,0.00,189.47,0.00,19.64,10.18,1241.96
2005,304,36671.58,0.00,229.29,0.00,16.56,4.95,869.21
2005,305,36529.03,0.00,313.87,0.00,21.78,0.22,620.69
2005,306,36388.00,0.00,313.27,0.00,26.83,2.78,745.74
2005,307,36248.55,0.00,250.20,0.00,20.74,6.08,939.58
2005,308,36110.73,0.00,249.77,0.00,16.19,1.61,686.06
2005,309,35974.58,0.00,203.83,0.00,12.38,1.34,672.99
2005,310,35840.18,0.00,272.58,0.00,17.21,-0.42,592.42
2005,311,35707.57,0.00,288.18,0.00,21.62,0.52,634.03
2005,312,35576.81,0.00,252.36,0.00,21.28,4.70,853.94
2005,313,35447.96,0.00,146.19,0.00,10.28,2.49,730.62
2005,314,35321.07,0.00,283.72,0.00,17.06,-3.86,459.20
2005,315,35196.21,0.00,289.87,0.00,22.72,-1.92,530.60
2005,316,35073.44,0.00,255.10,0.00,23.12,4.28,829.21
2005,317,34952.81,0.00,118.96,0.00,10.69,4.07,816.96
2005,318,34834.38,6.84,124.88,0.00,10.79,1.30,670.81
2005,319,34718.21,5.50,33.62,0.00,1.32,-0.43,591.86
2005,320,34604.36,0.00,82.39,0.00,-4.25,-8.26,327.94
2005,321,34492.90,0.00,218.15,0.00,1.06,-11.29,257.90
2005,322,34383.88,0.00,250.51,0.00,11.10,-5.77,397.34
2005,323,34277.35,2.31,108.26,0.00,6.98,-0.93,570.53
2005,324,34173.39,0.00,102.41,0.00,6.34,0.96,654.44
2005,325,34072.05,0.00,212.95,0.00,11.93,-1.37,552.59
2005,326,33973.39,0.00,189.91,0.00,11.64,0.07,613.80
2005,327,33877.47,0.00,220.01,0.00,16.91,1.86,698.47
2005,328,33784.34,0.00,49.26,0.00,1.22,-1.02,566.98
2005,329,33694.07,0.00,242.25,0.00,11.30,-5.99,390.71
2005,330,33606.70,0.00,250.87,0.00,15.31,-4.62,433.53
2005,331,33522.30,15.61,163.75,0.00,13.07,-1.55,545.12
2005,332,33440.91,2.14,46.55,0.00,0.95,-2.10,523.55
2005,333,33362.60,0.00,82.81,0.00,-2.28,-6.48,376.29
2005,334,33287.41,7.07,122.59,7.07,-1.89,-9.73,292.08
2005,335,33215.40,0.00,166.45,7.07,-4.89,-12.64,231.45
2005,336,33146.60,0.00,171.93,7.07,-4.72,-12.51,233.84
2005,337,33081.08,4.62,69.55,11.69,-6.54,-10.36,277.93
2005,338,33018.88,0.00,190.22,11.69,-9.41,-17.87,149.98
2005,339,32960.03,2.02,197.68,13.71,-4.36,-19.30,132.72
2005,340,32904.58,0.00,187.43,13.71,-13.75,-21.98,105.00
2005,341,32852.58,3.89,152.44,17.60,-13.16,-22.05,104.44
2005,342,32804.06,0.00,173.71,17.60,-11.71,-18.82,138.19
2005,343,32759.05,0.00,282.86,17.60,-1.37,-20.92,115.23
2005,344,32717.59,0.00,282.09,17.60,4.15,-16.40,169.75
2005,345,32679.72,0.00,210.43,16.00,7.61,-2.19,520.15
2005,346,32645.45,0.00,189.05,14.23,6.39,-1.79,535.54
2005,347,32614.81,5.00,150.17,13.15,5.50,-3.41,474.88
2005,348,32587.83,0.00,146.37,11.06,4.97,-1.04,566.15
2005,349,32564.53,0.00,60.78,10.12,-1.57,-3.74,463.12
2005,350,32544.93,0.00,95.32,10.12,-3.69,-7.36,351.69
2005,351,32529.04,0.00,156.24,10.12,-4.11,-10.32,278.76
2005,352,32516.87,0.00,154.06,10.12,-7.07,-12.95,225.55
2005,353,32508.43,0.00,263.03,10.12,-1.00,-15.66,180.59
2005,354,32503.74,0.00,265.26,10.12,1.01,-14.74,194.81
2005,355,32502.79,0.00,271.31,10.12,6.62,-11.85,246.57
2005,356,32505.58,0.00,275.88,10.12,14.01,-9.71,292.58
2005,357,32512.11,1.05,223.52,8.66,8.78,-2.55,506.50
2005,358,32522.38,0.00,152.51,6.24,6.52,-0.22,600.80
2005,359,32536.38,0.00,104.05,5.10,0.87,-3.30,478.79
2005,360,32554.10,0.00,252.58,3.54,12.42,-2.28,516.47
2005,361,32575.52,0.00,159.02,2.16,3.76,-2.71,500.18
2005,362,32600.63,0.00,215.74,0.59,7.87,-2.27,517.10
2005,363,32629.41,0.59,119.24,0.00,2.36,-2.97,490.74
2005,364,32661.83,0.00,146.53,0.00,4.21,-2.53,506.94
2005,365,32697.87,0.00,199.44,0.00,6.42,-4.01,454.09
2006,1,32737.70,9.88,153.01,0.00,9.86,-3.44,473.76
2006,2,32780.92,0.00,54.04,0.00,2.15,-0.49,589.48
2006,3,32827.67,0.00,179.04,0.00,8.57,-2.14,522.12
2006,4,32877.92,0.00,197.49,0.00,11.19,-1.30,555.37
2006,5,32931.64,0.00,103.81,0.00,3.18,-2.32,515.18
2006,6,32988.77,0.00,229.89,0.00,8.84,-7.18,356.60
2006,7,33049.29,0.00,238.43,0.00,11.27,-6.30,381.58
2006,8,33113.14,0.00,145.35,0.00,3.94,-3.89,458.20
2006,9,33180.29,0.00,86.68,0.00,0.63,-3.73,463.61
2006,10,33250.69,0.00,222.30,0.00,6.50,-7.53,346.94
2006,11,33324.28,0.00,257.70,0.00,14.82,-6.98,361.98
2006,12,33401.03,0.00,230.07,0.00,11.97,-3.14,484.41
2006,13,33480.87,0.00,134.28,0.00,4.41,-2.50,508.23
2006,14,33563.76,0.00,257.72,0.00,13.33,-6.43,377.58
2006,15,33649.64,0.00,265.18,0.00,19.21,-4.11,450.57
2006,16,33738.45,0.00,91.67,0.00,4.07,-0.40,593.16
2006,17,33830.15,0.00,188.62,0.00,2.19,-7.73,341.51
2006,18,33924.67,0.00,274.71,0.00,15.11,-8.20,329.35
2006,19,34021.95,0.00,220.26,0.00,6.45,-5.86,394.48
2006,20,34121.95,0.00,75.13,0.00,0.81,-2.58,505.02
2006,21,34224.60,0.00,264.87,0.00,10.02,-7.57,345.76
2006,22,34329.83,0.00,152.75,0.00,0.33,-6.94,363.29
2006,23,34437.60,0.00,255.04,0.00,9.73,-5.60,402.38
2006,24,34547.84,0.00,264.34,0.00,11.15,-5.33,410.79
2006,25,34660.49,0.00,281.50,0.00,11.81,-7.44,349.52
2006,26,34775.50,0.00,293.63,0.00,17.33,-6.06,388.53
2006,27,34892.79,0.00,255.74,0.00,15.57,0.64,639.89
2006,28,35012.32,23.09,82.20,0.00,8.28,3.35,776.56
2006,29,35134.03,0.00,143.97,0.00,7.13,0.64,639.54
2006,30,35257.84,0.00,112.58,0.00,2.51,-2.33,514.79
2006,31,35383.71,0.00,281.06,0.00,13.14,-3.49,472.14
2006,32,35511.58,0.00,235.41,0.00,9.80,-2.06,525.02
2006,33,35641.38,0.00,270.61,0.00,13.87,-1.36,552.84
2006,34,35773.06,0.00,136.06,0.00,2.98,-2.86,494.79
2006,35,35906.57,0.00,224.41,0.00,1.00,-9.35,300.89
2006,36,36041.84,0.00,232.04,0.00,0.76,-9.78,290.92
2006,37,36178.83,0.00,294.49,0.00,5.42,-10.16,282.41
2006,38,36317.47,0.00,293.87,0.00,7.04,-8.51,321.44
2006,39,36457.71,0.00,226.37,0.00,0.71,-9.36,300.62
2006,40,36599.50,0.00,296.73,0.00,4.25,-11.06,262.77
2006,41,36742.78,0.93,268.49,0.93,3.37,-7.17,356.68
2006,42,36887.51,0.00,119.16,0.93,-3.44,-7.39,350.68
2006,43,37033.62,0.00,263.43,0.93,-2.17,-11.83,247.12
2006,44,37181.08,0.00,395.45,0.93,14.08,-10.93,265.55
2006,45,37329.83,0.00,395.29,0.70,19.67,-5.47,384.95
2006,46,37479.83,0.00,185.93,0.00,4.13,-3.14,484.70
2006,47,37631.02,2.38,72.33,2.38,-6.96,-9.87,288.76
2006,48,37783.36,0.00,132.01,2.38,-14.63,-18.55,141.50
2006,49,37936.81,0.00,313.02,2.38,-10.92,-21.53,109.27
2006,50,38091.31,0.00,399.78,2.38,-3.20,-20.96,114.85
2006,51,38246.83,0.00,417.76,2.38,6.29,-14.92,191.98
2006,52,38403.32,0.00,418.49,2.38,10.22,-11.45,254.60
2006,53,38560.74,0.00,413.36,2.38,10.85,-9.33,301.34
2006,54,38719.05,0.00,362.08,2.38,6.85,-7.25,354.53
2006,55,38878.21,0.00,429.56,1.86,18.45,-4.76,392.50
2006,56,39038.18,0.00,317.34,1.86,2.51,-8.26,327.81
2006,57,39198.92,0.00,431.44,1.86,11.40,-8.96,300.49
2006,58,39360.39,0.00,450.19,1.86,20.07,-6.55,328.09
2006,59,39522.56,0.00,428.88,0.27,19.11,-2.21,463.39
2006,60,39685.39,0.00,397.97,0.00,23.58,-1.20,498.56
2006,61,39848.84,0.00,222.05,0.00,6.71,-1.83,533.93
2006,62,40012.88,0.00,369.01,0.00,8.64,-8.77,314.93
2006,63,40177.47,2.31,265.52,2.31,6.40,-6.79,367.48
2006,64,40342.59,0.00,301.00,0.00,13.92,1.31,671.20
2006,65,40508.20,0.00,338.02,0.00,11.67,-3.00,489.59
2006,66,40674.27,0.00,391.70,0.00,17.51,-2.34,481.67
2006,67,40840.76,3.21,137.94,0.00,6.03,-0.73,579.15
2006,68,41007.64,0.00,300.67,0.00,12.81,0.82,647.96
2006,69,41174.89,0.00,368.32,0.00,16.55,0.05,592.47
2006,70,41342.48,0.00,301.57,0.00,12.03,0.21,620.13
2006,71,41510.37,4.80,89.83,0.00,4.54,0.54,635.21
2006,72,41678.54,0.00,134.43,0.00,2.27,-2.21,519.44
2006,73,41846.95,0.00,415.63,0.00,12.27,-6.99,352.66
2006,74,42015.58,0.95,501.60,0.95,17.72,-6.86,312.66
2006,75,42184.41,0.00,208.47,0.00,3.31,-3.62,467.29
2006,76,42353.39,0.00,278.53,0.00,6.86,-2.82,496.40
2006,77,42522.51,0.00,229.70,0.00,5.47,-2.28,516.44
2006,78,42691.75,9.91,51.53,0.00,1.13,-0.44,591.48
2006,79,42861.06,10.93,60.43,0.00,0.65,-1.40,551.11
2006,80,43030.42,0.00,118.91,0.00,0.14,-3.26,480.21
2006,81,43199.81,0.00,222.80,0.00,-0.27,-6.85,365.78
2006,82,43369.21,0.00,342.41,0.00,1.58,-9.01,309.16
2006,83,43538.57,0.00,335.81,0.00,1.63,-8.37,325.06
2006,84,43707.88,0.00,372.65,0.00,4.06,-7.40,350.46
2006,85,43877.12,1.44,449.75,0.00,12.09,-4.02,430.05
2006,86,44046.24,4.80,206.99,0.00,6.69,-0.90,571.80
2006,87,44215.22,0.00,263.51,0.00,9.58,2.56,734.29
2006,88,44384.05,8.82,361.90,0.00,21.48,1.91,677.66
2006,89,44552.68,46.32,343.67,0.00,20.01,3.96,793.03
2006,90,44721.10,0.00,345.15,0.00,14.11,5.06,875.47
2006,91,44889.26,10.41,368.67,0.00,19.12,0.41,620.30
2006,92,45057.15,6.78,285.99,0.00,12.87,2.64,738.60
2006,93,45224.74,0.00,355.03,0.00,12.84,3.74,798.37
2006,94,45391.99,0.00,503.60,0.00,18.09,-0.44,528.97
2006,95,45558.88,0.00,519.07,0.00,25.08,1.79,578.49
2006,96,45725.37,17.86,367.24,0.00,29.60,9.53,1114.21
2006,97,45891.44,4.00,163.79,0.00,13.06,7.78,1056.09
2006,98,46057.04,0.00,471.77,0.00,13.10,-1.36,552.79
2006,99,46222.16,0.00,521.79,0.00,20.48,-0.21,550.89
2006,100,46386.76,0.00,527.07,0.00,27.79,3.47,676.57
2006,101,46550.80,0.00,491.27,0.00,28.71,9.43,1039.06
2006,102,46714.26,0.00,484.94,0.00,26.80,8.37,982.37
2006,103,46877.09,0.00,511.01,0.00,31.30,8.75,959.57
2006,104,47039.26,0.00,479.89,0.00,30.09,11.75,1209.08
2006,105,47200.73,2.07,328.55,0.00,27.96,12.55,1453.64
2006,106,47361.47,0.00,172.99,0.00,17.05,12.45,1443.82
2006,107,47521.44,0.00,237.45,0.00,17.29,10.91,1303.88
2006,108,47680.60,0.00,248.51,0.00,17.26,10.50,1269.38
2006,109,47838.91,0.00,470.31,0.00,19.28,3.54,744.84
2006,110,47996.34,0.00,434.93,0.00,17.80,3.90,791.56
2006,111,48152.83,0.00,504.39,0.00,22.01,2.92,680.68
2006,112,48308.35,0.00,509.00,0.00,23.54,3.63,704.10
2006,113,48462.86,0.00,473.08,0.00,24.25,6.88,901.45
2006,114,48616.30,5.29,298.51,0.00,20.99,7.91,1065.58
2006,115,48768.65,5.61,92.19,0.00,6.43,3.36,777.06
2006,116,48919.84,0.00,462.00,0.00,16.67,1.15,655.66
2006,117,49069.84,10.62,391.29,0.00,23.00,1.76,693.20
2006,118,49218.59,31.43,183.19,0.00,13.28,6.31,955.13
2006,119,49366.06,7.69,104.93,0.00,14.71,10.96,1308.80
2006,120,49512.18,6.71,74.58,0.00,12.40,10.10,1235.23
2006,121,49656.91,0.00,384.49,0.00,20.55,9.06,1151.85
2006,122,49800.19,2.82,352.16,0.00,25.10,8.93,1141.78
2006,123,49941.98,0.00,291.85,0.00,18.21,9.98,1225.28
2006,124,50082.23,0.00,294.87,0.00,16.41,8.38,1100.69
2006,125,50220.87,0.00,325.88,0.00,16.74,8.05,1075.91
2006,126,50357.86,0.00,456.07,0.00,18.57,5.15,881.29
2006,127,50493.13,0.00,407.29,0.00,17.37,5.97,932.47
2006,128,50626.65,4.96,373.80,0.00,25.95,8.84,1135.49
2006,129,50758.33,0.00,433.79,0.00,25.22,12.04,1405.94
2006,130,50888.14,0.96,393.72,0.00,19.35,8.79,1131.64
2006,131,51016.01,0.00,370.24,0.00,16.70,7.36,1026.16
2006,132,51141.89,0.00,513.63,0.00,20.35,4.64,835.63
2006,133,51265.71,0.00,489.42,0.00,18.78,4.99,871.49
2006,134,51387.41,0.00,401.39,0.00,16.49,6.69,980.29
2006,135,51506.95,0.00,419.55,0.00,18.80,8.36,1098.45
2006,136,51624.25,0.00,493.05,0.00,22.35,8.13,1057.48
2006,137,51739.26,0.00,557.32,0.00,29.33,7.79,954.64
2006,138,51851.92,0.00,547.31,0.00,28.16,7.88,967.17
2006,139,51962.16,0.00,557.01,0.00,33.34,9.75,1061.06
2006,140,52069.93,0.59,367.64,0.00,25.39,15.11,1716.60
2006,141,52175.18,0.00,431.71,0.00,24.18,11.87,1390.21
2006,142,52277.83,0.00,527.91,0.00,29.48,10.98,1195.52
2006,143,52377.83,18.46,389.71,0.00,32.14,13.00,1497.13
2006,144,52475.12,0.00,477.20,0.00,30.81,15.16,1664.57
2006,145,52569.65,0.00,414.15,0.00,28.92,16.34,1857.02
2006,146,52661.35,1.63,470.00,0.00,27.94,13.06,1476.66
2006,147,52750.17,2.34,370.15,0.00,32.02,14.80,1682.87
2006,148,52836.06,0.00,427.11,0.00,33.33,19.26,2219.62
2006,149,52918.95,1.75,307.00,0.00,30.26,21.14,2506.69
2006,150,52998.80,0.00,340.68,0.00,27.47,17.49,1997.97
2006,151,53075.55,0.00,399.69,0.00,29.12,16.76,1907.86
2006,152,53149.15,0.00,397.08,0.00,29.02,16.88,1922.22
2006,153,53219.56,0.00,504.80,0.00,31.12,12.96,1422.39
2006,154,53286.71,9.86,336.73,0.00,30.74,15.60,1770.93
2006,155,53350.58,0.00,365.30,0.00,27.69,16.53,1880.25
2006,156,53411.10,0.00,314.87,0.00,26.66,17.41,1987.85
2006,157,53468.24,0.00,436.66,0.00,32.32,17.40,1986.58
2006,158,53521.96,0.00,488.76,0.00,32.31,14.65,1603.42
2006,159,53572.22,0.00,401.46,0.00,29.83,16.98,1934.52
2006,160,53618.98,1.46,430.90,0.00,36.65,20.80,2419.86
2006,161,53662.21,0.00,240.96,0.00,24.39,17.50,1999.07
2006,162,53701.88,0.00,296.26,0.00,21.20,13.05,1501.64
2006,163,53737.95,0.00,462.83,0.00,24.77,10.17,1241.04
2006,164,53770.39,0.00,516.35,0.00,30.01,11.02,1246.63
2006,165,53799.20,0.00,497.33,0.00,32.38,13.88,1504.64
2006,166,53824.33,0.00,404.80,0.00,31.25,17.73,2028.55
2006,167,53845.77,4.34,284.00,0.00,33.58,20.86,2465.13
2006,168,53863.52,3.14,209.53,0.00,26.85,18.77,2165.62
2006,169,53877.54,0.00,458.65,0.00,31.95,16.58,1831.70
2006,170,53887.83,0.00,446.42,0.00,31.44,16.71,1836.34
2006,171,53894.39,0.00,458.98,0.00,34.51,18.34,1993.42
2006,172,53897.21,0.00,304.86,0.00,30.89,21.70,2594.98
2006,173,53896.28,0.00,388.28,0.00,30.63,18.75,2162.94
2006,174,53891.61,6.31,348.47,0.00,30.78,15.50,1760.15
2006,175,53883.20,4.84,298.82,0.00,28.31,16.45,1870.39
2006,176,53871.05,0.00,362.59,0.00,25.07,15.02,1706.26
2006,177,53855.19,0.00,479.51,0.00,27.95,12.83,1428.90
2006,178,53835.61,0.00,505.93,0.00,30.52,13.22,1423.01
2006,179,53812.33,0.00,500.00,0.00,30.13,13.12,1401.06
2006,180,53785.38,0.00,525.83,0.00,34.68,14.77,1335.63
2006,181,53754.77,0.00,473.42,0.00,34.45,17.92,1721.43
2006,182,53720.52,5.16,324.22,0.00,36.73,21.18,2384.11
2006,183,53682.67,0.00,367.30,0.00,30.90,19.64,2101.73
2006,184,53641.23,0.00,362.51,0.00,30.79,19.79,2132.76
2006,185,53596.25,0.00,369.72,0.00,28.29,17.39,1843.63
2006,186,53547.75,0.00,441.32,0.00,27.50,13.93,1382.83
2006,187,53495.77,0.00,502.95,0.00,29.42,12.57,1099.35
2006,188,53440.35,5.24,367.79,0.00,31.62,14.66,1445.95
2006,189,53381.52,2.04,299.75,0.00,29.03,16.69,1828.01
2006,190,53319.34,0.00,469.36,0.00,31.97,16.46,1467.77
2006,191,53253.84,6.89,152.77,0.00,24.39,18.73,2160.14
2006,192,53185.07,0.00,273.32,0.00,28.40,20.36,2389.44
2006,193,53113.07,0.00,415.31,0.00,30.87,17.90,1763.50
2006,194,53037.90,32.90,355.16,0.00,35.63,18.48,1923.79
2006,195,52959.61,0.00,473.17,0.00,34.21,17.68,1770.34
2006,196,52878.25,0.00,485.15,0.00,35.95,18.11,1778.19
2006,197,52793.86,0.00,468.70,0.00,37.18,19.80,1998.58
2006,198,52706.52,0.00,378.89,0.00,34.90,22.09,2520.13
2006,199,52616.26,0.00,476.17,0.00,32.80,15.97,1591.08
2006,200,52523.15,0.00,509.14,0.00,39.95,18.31,1738.89
2006,201,52427.24,14.94,223.09,0.00,33.18,23.47,2889.97
2006,202,52328.60,5.78,290.72,0.00,27.66,15.51,1761.06
2006,203,52227.28,0.00,425.31,0.00,29.00,15.05,1663.57
2006,204,52123.34,0.00,458.53,0.00,32.26,16.04,1705.95
2006,205,52016.83,0.00,415.65,0.00,33.26,18.82,2076.95
2006,206,51907.83,3.21,232.91,0.00,31.60,21.49,2562.32
2006,207,51796.38,0.00,416.99,0.00,34.95,20.04,2217.83
2006,208,51682.55,0.00,344.49,0.00,32.36,21.00,2478.01
2006,209,51566.39,0.00,423.72,0.00,35.29,20.49,2051.53
2006,210,51447.98,0.00,441.77,0.00,37.44,21.40,2056.80
2006,211,51327.36,0.00,399.86,0.00,38.05,23.88,2450.12
2006,212,51204.60,3.68,278.43,0.00,38.54,24.94,3028.46
2006,213,51079.75,2.73,289.38,0.00,37.95,23.81,2806.78
2006,214,50952.88,0.00,150.22,0.00,26.52,22.16,2669.13
2006,215,50824.04,0.00,439.01,0.00,30.96,16.42,1551.76
2006,216,50693.30,9.35,362.41,0.00,31.70,14.00,1450.02
2006,217,50560.70,10.95,380.15,0.00,37.08,15.46,1572.69
2006,218,50426.31,15.92,237.83,0.00,30.33,20.25,2374.15
2006,219,50290.17,63.41,172.40,0.00,24.88,18.25,2095.05
2006,220,50152.36,6.54,222.01,0.00,26.78,18.05,2068.92
2006,221,50012.92,7.64,320.79,0.00,35.60,19.60,2279.41
2006,222,49871.90,3.39,207.24,0.00,30.89,22.05,2650.27
2006,223,49729.36,0.00,342.70,0.00,30.24,19.20,2223.56
2006,224,49585.35,0.00,338.51,0.00,30.08,19.32,2239.91
2006,225,49439.93,12.36,187.58,0.00,27.58,20.19,2364.27
2006,226,49293.13,0.00,377.81,0.00,27.61,16.02,1819.11
2006,227,49145.03,0.00,442.06,0.00,28.67,13.99,1596.65
2006,228,48995.65,25.21,317.01,0.00,28.48,14.73,1675.47
2006,229,48845.05,11.31,291.99,0.00,30.53,17.97,2059.33
2006,230,48693.28,1.57,311.50,0.00,29.85,20.56,2419.46
2006,231,48540.39,0.00,174.91,0.00,24.74,20.03,2341.25
2006,232,48386.41,0.00,395.69,0.00,26.86,14.97,1700.62
2006,233,48231.40,0.00,437.48,0.00,30.18,15.54,1764.18
2006,234,48075.39,0.00,417.35,0.00,30.11,16.55,1881.86
2006,235,47918.43,0.00,420.14,0.00,31.87,17.67,2020.71
2006,236,47760.56,0.00,422.08,0.00,33.76,18.71,2156.59
2006,237,47601.82,0.00,242.61,0.00,26.23,19.47,2261.63
2006,238,47442.25,0.00,302.56,0.00,25.95,17.43,1990.70
2006,239,47281.90,15.31,233.59,0.00,24.25,15.71,1784.40
2006,240,47120.79,1.82,115.18,0.00,19.28,16.61,1889.76
2006,241,46958.96,0.00,365.83,0.00,25.88,15.60,1770.84
2006,242,46796.46,0.00,458.57,0.00,26.98,11.79,1382.38
2006,243,46633.32,0.00,451.23,0.00,27.43,12.47,1445.46
2006,244,46469.57,0.00,390.45,0.00,26.44,14.62,1663.61
2006,245,46305.25,10.87,189.06,0.00,19.16,12.81,1478.82
2006,246,46140.39,6.47,352.69,0.00,23.95,8.05,1075.85
2006,247,45975.02,0.00,459.21,0.00,23.20,8.36,1098.86
2006,248,45809.18,0.00,465.26,0.00,26.59,10.06,1232.46
2006,249,45642.90,0.00,456.13,0.00,27.79,11.19,1328.69
2006,250,45476.21,0.00,452.14,0.00,28.68,11.70,1374.54
2006,251,45309.14,0.00,446.66,0.00,29.39,12.43,1441.88
2006,252,45141.72,37.57,223.85,0.00,21.83,13.32,1528.70
2006,253,44973.98,7.23,111.15,0.00,19.13,15.26,1732.75
2006,254,44805.95,1.60,105.71,0.00,16.52,14.00,1598.19
2006,255,44637.65,0.00,339.56,0.00,22.40,12.48,1447.03
2006,256,44469.13,0.00,456.64,0.00,26.82,8.73,1126.59
2006,257,44300.40,0.00,456.56,0.00,29.04,9.71,1203.41
2006,258,44131.49,22.84,297.67,0.00,28.64,14.31,1630.67
2006,259,43962.43,28.07,306.66,0.00,32.60,15.99,1816.49
2006,260,43793.25,0.00,316.80,0.00,20.50,10.88,1301.89
2006,261,43623.98,0.00,331.76,0.00,17.18,7.05,1004.94
2006,262,43454.64,0.00,330.28,0.00,16.84,6.76,985.34
2006,263,43285.25,0.00,424.93,0.00,20.02,4.23,826.25
2006,264,43115.86,41.74,248.41,0.00,15.95,5.78,920.27
2006,265,42946.48,0.00,309.13,0.00,22.24,12.41,1439.99
2006,266,42777.13,0.00,244.90,0.00,15.74,8.76,1128.72
2006,267,42607.86,0.00,358.19,0.00,20.26,8.31,1094.90
2006,268,42438.68,0.00,416.34,0.00,24.65,7.39,1028.53
2006,269,42269.62,0.00,427.16,0.00,28.18,7.76,1055.21
2006,270,42100.71,2.35,205.86,0.00,17.69,8.68,1122.85
2006,271,41931.98,0.00,323.38,0.00,16.01,4.95,868.65
2006,272,41763.45,0.00,410.02,0.00,23.75,5.34,892.66
2006,273,41595.16,0.00,406.03,0.00,28.20,8.43,1103.74
2006,274,41427.12,0.00,401.41,0.00,33.21,11.29,1337.31
2006,275,41259.38,0.00,358.00,0.00,32.28,14.88,1690.77
2006,276,41091.96,0.00,358.25,0.00,32.89,14.95,1698.87
2006,277,40924.88,0.00,63.09,0.00,15.85,14.14,1612.65
2006,278,40758.19,0.00,315.28,0.00,21.83,9.32,1172.84
2006,279,40591.91,0.00,349.64,0.00,24.43,9.13,1157.35
2006,280,40426.06,0.00,365.07,0.00,29.70,11.39,1346.26
2006,281,40260.69,0.00,212.96,0.00,21.11,13.28,1524.34
2006,282,40095.83,1.34,106.16,0.00,12.72,9.27,1168.55
2006,283,39931.50,4.03,52.48,0.00,8.66,6.73,982.95
2006,284,39767.75,0.00,125.24,0.00,7.99,3.89,806.63
2006,285,39604.60,0.00,323.00,0.00,10.15,-2.58,505.13
2006,286,39442.10,0.00,352.71,0.00,12.41,-2.84,495.61
2006,287,39280.27,0.00,373.50,0.00,14.92,-3.23,481.29
2006,288,39119.16,1.28,347.33,0.00,14.74,-0.86,573.60
2006,289,38958.80,0.22,153.50,0.00,13.54,8.14,1082.78
2006,290,38799.22,4.80,83.13,0.00,14.79,10.95,1308.06
2006,291,38640.48,3.09,73.19,0.00,5.21,2.13,711.82
2006,292,38482.61,0.00,348.06,0.00,12.10,-4.01,454.09
2006,293,38325.64,4.19,269.91,0.00,15.73,-3.16,483.96
2006,294,38169.63,0.97,145.84,0.00,6.31,1.26,669.01
2006,295,38014.60,0.00,224.47,0.00,6.78,-1.44,549.78
2006,296,37860.62,0.00,304.75,0.00,8.97,-4.14,449.45
2006,297,37707.72,0.00,334.08,0.00,12.78,-3.98,454.97
2006,298,37555.94,2.52,220.46,0.00,10.23,-2.60,504.47
2006,299,37405.33,0.00,178.78,0.00,8.05,1.51,680.88
2006,300,37255.95,0.00,268.45,0.00,16.82,5.14,880.25
2006,301,37107.83,0.00,320.62,0.00,18.90,1.53,682.22
2006,302,36961.03,0.00,340.56,0.00,24.86,-0.27,598.77
2006,303,36815.60,0.00,327.96,0.00,20.30,-0.16,603.43
2006,304,36671.58,0.00,189.28,0.00,3.71,-3.57,469.09
2006,305,36529.03,0.00,294.26,0.00,7.18,-6.70,369.96
2006,306,36388.00,0.00,298.37,0.00,6.88,-7.57,345.76
2006,307,36248.55,0.00,323.65,0.00,13.77,-7.11,358.49
2006,308,36110.73,0.00,309.44,0.00,15.20,-3.68,465.25
2006,309,35974.58,0.00,315.29,0.00,19.62,-2.76,498.34
2006,310,35840.18,0.00,306.20,0.00,19.35,-1.41,550.69
2006,311,35707.57,0.00,299.87,0.00,22.50,1.09,660.72
2006,312,35576.81,0.00,302.33,0.00,28.53,2.29,720.36
2006,313,35447.96,4.35,151.07,0.00,16.95,5.88,926.66
2006,314,35321.07,0.00,58.72,0.00,3.75,1.24,668.19
2006,315,35196.21,0.00,237.58,0.00,7.49,-5.98,390.93
2006,316,35073.44,0.00,257.73,0.00,11.79,-4.29,444.60
2006,317,34952.81,0.00,224.89,0.00,11.99,-0.94,570.12
2006,318,34834.38,0.00,215.98,0.00,11.69,-0.58,585.63
2006,319,34718.21,0.00,56.02,0.00,3.17,0.73,643.91
2006,320,34604.36,0.00,134.50,0.00,5.00,-1.93,530.19
2006,321,34492.90,0.00,197.16,0.00,8.61,-2.68,501.55
2006,322,34383.88,0.00,221.55,0.00,6.44,-6.82,366.58
2006,323,34277.35,0.00,256.11,0.00,10.29,-7.50,347.82
2006,324,34173.39,0.00,259.23,0.00,11.50,-7.89,337.50
2006,325,34072.05,0.00,259.09,0.00,15.64,-5.16,416.07
2006,326,33973.39,0.00,234.85,0.00,18.04,0.48,632.46
2006,327,33877.47,0.00,242.52,0.00,17.50,-1.48,548.01
2006,328,33784.34,0.00,204.23,0.00,13.28,-0.70,580.42
2006,329,33694.07,0.00,204.64,0.00,12.40,-1.88,531.91
2006,330,33606.70,0.72,127.96,0.00,6.24,-1.64,541.42
2006,331,33522.30,0.87,201.11,0.00,11.37,-2.59,504.72
2006,332,33440.91,0.00,235.87,0.00,16.56,-2.53,507.00
2006,333,33362.60,0.00,57.66,0.00,-5.07,-8.06,333.08
2006,334,33287.41,0.00,131.23,0.00,-5.32,-12.99,224.93
2006,335,33215.40,0.00,237.37,0.00,3.81,-14.61,196.90
2006,336,33146.60,0.00,180.82,0.00,-2.53,-14.04,206.45
2006,337,33081.08,0.00,186.24,0.00,-2.12,-14.00,207.17
2006,338,33018.88,0.00,234.39,0.00,5.28,-13.04,224.00
2006,339,32960.03,0.00,234.61,0.00,14.02,-5.48,406.13
2006,340,32904.58,0.00,201.56,0.00,9.08,-4.88,425.23
2006,341,32852.58,0.00,158.84,0.00,-6.74,-16.11,173.88
2006,342,32804.06,0.00,245.03,0.00,5.38,-15.65,180.71
2006,343,32759.05,0.00,238.88,0.00,13.80,-7.25,354.51
2006,344,32717.59,0.00,193.87,0.00,11.83,-1.94,529.77
2006,345,32679.72,1.80,179.17,0.00,9.54,-2.58,505.07
2006,346,32645.45,0.00,65.81,0.00,2.38,-1.31,555.08
2006,347,32614.81,0.00,226.66,0.00,15.02,-4.03,453.33
2006,348,32587.83,0.00,214.34,0.00,14.72,-2.31,515.46
2006,349,32564.53,0.00,182.95,0.00,9.15,-3.74,463.16
2006,350,32544.93,0.00,183.71,0.00,10.05,-3.18,483.14
2006,351,32529.04,0.00,118.56,0.00,4.66,-2.89,493.63
2006,352,32516.87,0.00,170.71,0.00,5.11,-6.51,375.51
2006,353,32508.43,0.00,215.88,0.00,8.21,-8.98,309.76
2006,354,32503.74,11.76,127.60,11.76,3.09,-6.65,371.24
2006,355,32502.79,1.75,115.03,9.18,6.32,0.13,616.58
2006,356,32505.58,0.00,49.26,6.53,2.46,0.31,624.74
2006,357,32512.11,0.00,186.20,5.60,6.41,-3.77,462.11
2006,358,32522.38,0.00,225.19,5.14,8.75,-4.91,420.81
2006,359,32536.38,0.00,150.66,4.60,2.91,-4.71,430.66
2006,360,32554.10,0.00,248.12,4.60,8.46,-8.08,322.34
2006,361,32575.52,0.00,241.72,4.52,9.87,-5.81,372.60
2006,362,32600.63,0.44,176.63,3.07,6.74,-2.56,505.78
2006,363,32629.41,11.83,97.87,1.14,5.18,-1.39,551.76
2006,364,32661.83,28.38,105.16,0.00,10.30,2.11,711.07
2006,365,32697.87,9.79,26.61,0.00,-0.53,-1.80,535.17
2007,1,32737.70,0.00,202.20,55.25,1.03,-7.56,346.11
2007,2,32780.92,0.00,246.20,55.25,2.41,-9.29,302.32
2007,3,32827.67,0.00,252.96,55.25,5.81,-6.63,371.97
2007,4,32877.92,0.00,253.88,53.85,10.20,-2.65,502.72
2007,5,32931.64,0.40,108.99,51.22,4.48,0.25,621.98
2007,6,32988.77,0.00,218.59,50.02,6.43,-3.14,484.58
2007,7,33049.29,0.00,179.06,48.88,3.93,-3.30,478.85
2007,8,33113.14,0.00,266.19,47.59,10.81,-2.92,492.50
2007,9,33180.29,0.00,142.97,46.38,2.39,-3.11,485.80
2007,10,33250.69,0.00,281.07,45.62,11.32,-4.21,447.27
2007,11,33324.28,0.00,211.78,44.68,5.00,-3.75,462.89
2007,12,33401.03,0.00,152.08,44.68,-9.79,-15.39,184.71
2007,13,33480.87,1.89,143.99,46.57,-10.67,-15.87,177.34
2007,14,33563.76,5.07,113.11,51.64,-8.80,-14.23,203.26
2007,15,33649.64,0.00,146.31,51.64,-14.18,-19.35,132.07
2007,16,33738.45,0.00,297.80,51.64,-10.14,-24.57,83.37
2007,17,33830.15,0.00,322.67,51.64,-2.89,-23.18,94.39
2007,18,33924.67,0.00,293.32,51.64,0.72,-12.99,224.99
2007,19,34021.95,0.00,299.57,51.64,2.67,-11.63,250.96
2007,20,34121.95,8.78,226.14,60.43,1.11,-12.78,228.74
2007,21,34224.60,0.00,223.86,60.43,-2.46,-10.62,272.23
2007,22,34329.83,0.00,83.49,60.43,-4.72,-7.33,352.28
2007,23,34437.60,0.00,323.85,60.43,3.41,-12.62,231.81
2007,24,34547.84,0.00,302.77,60.43,2.78,-10.21,281.21
2007,25,34660.49,0.00,244.04,60.43,-0.23,-9.01,309.03
2007,26,34775.50,0.00,325.62,60.43,7.09,-8.17,330.18
2007,27,34892.79,0.00,111.60,60.43,-4.50,-7.97,335.39
2007,28,35012.32,0.00,319.26,60.43,-4.33,-17.46,155.28
2007,29,35134.03,0.00,346.43,60.43,-0.88,-17.22,158.36
2007,30,35257.84,0.00,211.84,60.43,-10.90,-17.65,152.68
2007,31,35383.71,1.98,343.87,62.41,-2.52,-17.59,153.58
2007,32,35511.58,0.00,343.35,62.41,-2.28,-17.00,161.41
2007,33,35641.38,0.00,311.09,62.41,-7.06,-18.49,142.18
2007,34,35773.06,0.00,241.69,62.41,-12.22,-19.83,126.73
2007,35,35906.57,0.00,273.53,62.41,-11.26,-20.24,122.32
2007,36,36041.84,0.00,232.28,62.41,-9.08,-16.23,172.20
2007,37,36178.83,0.00,357.10,62.41,1.23,-13.40,217.53
2007,38,36317.47,2.80,82.30,65.21,-9.47,-12.45,234.95
2007,39,36457.71,2.89,136.50,68.10,-7.60,-12.76,229.08
2007,40,36599.50,0.00,141.56,68.10,-8.99,-12.74,229.55
2007,41,36742.78,0.00,383.35,68.10,-2.79,-17.71,151.92
2007,42,36887.51,2.94,300.09,71.04,2.06,-15.45,183.75
2007,43,37033.62,5.72,110.79,70.06,0.39,-3.68,465.37
2007,44,37181.08,0.00,97.03,70.06,-9.26,-11.66,250.49
2007,45,37329.83,0.00,278.89,70.06,-14.04,-21.99,104.98
2007,46,37479.83,0.00,295.73,70.06,-13.72,-22.06,104.30
2007,47,37631.02,0.00,439.85,70.06,4.88,-20.37,120.91
2007,48,37783.36,0.00,400.51,70.06,0.56,-13.77,210.97
2007,49,37936.81,0.00,415.65,70.06,7.33,-8.79,306.55
2007,50,38091.31,0.00,402.66,70.06,7.63,-6.73,360.12
2007,51,38246.83,0.00,353.51,67.88,10.36,-0.80,564.91
2007,52,38403.32,0.00,401.05,66.01,13.09,-1.55,498.37
2007,53,38560.74,0.00,331.98,64.42,7.67,-2.22,518.84
2007,54,38719.05,6.78,310.39,62.64,13.48,-1.75,537.09
2007,55,38878.21,21.71,135.10,59.95,5.07,0.40,628.77
2007,56,39038.18,0.00,134.73,58.93,-0.38,-3.57,469.25
2007,57,39198.92,0.00,264.38,58.93,0.66,-6.05,388.87
2007,58,39360.39,0.00,374.12,58.93,2.04,-8.45,322.94
2007,59,39522.56,8.74,281.99,67.67,2.91,-7.26,354.36
2007,60,39685.39,7.78,52.06,66.04,-1.04,-2.13,522.24
2007,61,39848.84,0.19,154.46,65.73,-1.98,-5.25,413.31
2007,62,40012.88,0.00,273.08,65.73,-4.26,-10.14,282.76
2007,63,40177.47,0.00,502.64,65.73,7.74,-13.37,209.81
2007,64,40342.59,0.00,455.55,65.73,3.60,-9.62,294.70
2007,65,40508.20,0.00,452.61,65.73,4.69,-8.26,327.93
2007,66,40674.27,0.00,337.67,65.73,0.34,-7.47,348.66
2007,67,40840.76,0.41,480.00,64.84,11.07,-3.88,403.40
2007,68,41007.64,0.00,472.33,63.05,12.83,-1.76,462.45
2007,69,41174.89,0.00,486.54,61.19,14.60,-1.56,452.88
2007,70,41342.48,0.00,492.17,58.93,16.42,-0.60,437.30
2007,71,41510.37,0.00,517.08,55.85,23.20,1.32,441.93
2007,72,41678.54,0.00,497.10,50.20,26.44,7.44,667.41
2007,73,41846.95,0.00,278.82,45.59,12.04,4.98,860.03
2007,74,42015.58,0.00,421.56,43.40,11.26,-0.77,475.44
2007,75,42184.41,0.00,404.63,42.78,6.55,-4.53,390.18
2007,76,42353.39,0.00,462.26,41.77,10.45,-3.59,371.23
2007,77,42522.51,0.00,514.35,39.82,16.70,-1.37,372.08
2007,78,42691.75,0.00,486.26,37.44,14.94,-0.33,424.98
2007,79,42861.06,3.77,316.54,35.01,11.33,-0.21,558.96
2007,80,43030.42,6.07,407.58,31.89,25.98,1.44,495.12
2007,81,43199.81,0.00,449.87,28.06,16.33,3.12,596.77
2007,82,43369.21,0.00,524.60,24.12,22.71,3.37,510.39
2007,83,43538.57,6.23,371.42,18.99,23.52,6.24,769.06
2007,84,43707.88,0.00,365.21,10.59,24.51,13.99,1323.12
2007,85,43877.12,0.00,415.89,2.52,26.09,13.23,1159.52
2007,86,44046.24,4.37,212.32,0.00,18.25,9.52,1188.09
2007,87,44215.22,0.00,403.55,0.00,24.22,9.74,973.96
2007,88,44384.05,7.66,200.80,0.00,21.24,12.83,1480.52
2007,89,44552.68,23.42,213.25,0.00,23.04,13.96,1593.92
2007,90,44721.10,17.97,222.83,0.00,18.26,9.02,1148.96
2007,91,44889.26,0.00,409.64,0.00,19.01,4.57,834.30
2007,92,45057.15,3.73,323.74,0.00,21.64,5.27,888.68
2007,93,45224.74,0.00,211.38,0.00,10.77,4.71,854.70
2007,94,45391.99,0.00,352.08,0.00,5.35,-5.09,418.53
2007,95,45558.88,0.00,350.92,0.00,4.14,-6.09,387.82
2007,96,45725.37,0.00,307.37,0.00,1.82,-6.78,367.57
2007,97,45891.44,0.00,372.57,0.00,2.77,-8.02,334.01
2007,98,46057.04,0.00,456.71,0.00,5.96,-8.91,311.52
2007,99,46222.16,0.00,490.79,0.00,9.14,-8.31,326.55
2007,100,46386.76,13.10,270.50,0.00,7.86,-2.35,513.96
2007,101,46550.80,1.61,138.41,0.00,3.87,0.60,638.06
2007,102,46714.26,0.00,321.16,0.00,7.80,-0.37,594.55
2007,103,46877.09,0.00,404.74,0.00,10.52,-0.68,581.12
2007,104,47039.26,0.00,457.17,0.00,13.77,-0.07,607.57
2007,105,47200.73,0.00,526.04,0.00,20.49,-0.05,549.63
2007,106,47361.47,0.00,532.80,0.00,24.77,2.15,618.85
2007,107,47521.44,0.00,484.80,0.00,22.80,6.02,850.46
2007,108,47680.60,0.00,460.08,0.00,21.89,6.95,928.74
2007,109,47838.91,0.00,461.25,0.00,21.30,6.37,893.72
2007,110,47996.34,0.00,506.65,0.00,25.95,7.33,890.80
2007,111,48152.83,0.00,494.73,0.00,27.90,9.97,1031.27
2007,112,48308.35,7.00,238.91,0.00,22.31,13.48,1544.74
2007,113,48462.86,23.66,326.18,0.00,21.90,8.89,1139.12
2007,114,48616.30,54.45,149.05,0.00,13.92,9.10,1154.98
2007,115,48768.65,3.05,60.20,0.00,10.58,9.23,1165.29
2007,116,48919.84,0.00,394.26,0.00,16.95,6.64,976.63
2007,117,49069.84,0.00,488.33,0.00,20.89,5.92,929.47
2007,118,49218.59,0.00,519.01,0.00,25.91,7.27,1019.61
2007,119,49366.06,0.00,525.80,0.00,31.31,9.93,1185.89
2007,120,49512.18,0.00,490.28,0.00,30.49,12.54,1441.39
2007,121,49656.91,0.00,352.79,0.00,24.87,14.77,1679.76
2007,122,49800.19,0.00,476.56,0.00,22.99,7.93,1067.16
2007,123,49941.98,9.11,251.79,0.00,18.11,9.18,1161.74
2007,124,50082.23,6.69,283.15,0.00,24.66,13.77,1573.60
2007,125,50220.87,80.57,275.26,0.00,26.72,15.95,1811.86
2007,126,50357.86,14.59,144.08,0.00,20.77,15.80,1794.32
2007,127,50493.13,0.00,222.11,0.00,20.94,15.23,1729.43
2007,128,50626.65,0.00,459.12,0.00,24.95,10.96,1308.33
2007,129,50758.33,0.00,480.72,0.00,26.26,10.98,1309.88
2007,130,50888.14,0.00,494.07,0.00,28.70,11.87,1389.51
2007,131,51016.01,0.00,480.91,0.00,29.82,13.21,1518.06
2007,132,51141.89,0.00,492.53,0.00,31.67,13.53,1549.45
2007,133,51265.71,0.00,459.59,0.00,31.00,15.05,1709.47
2007,134,51387.41,17.27,330.53,0.00,31.92,16.75,1906.03
2007,135,51506.95,0.00,249.93,0.00,17.87,11.40,1346.90
2007,136,51624.25,0.00,483.30,0.00,22.40,7.50,1036.37
2007,137,51739.26,0.00,511.10,0.00,21.69,5.31,890.82
2007,138,51851.92,0.00,523.65,0.00,25.28,7.22,1016.32
2007,139,51962.16,0.00,475.88,0.00,26.61,11.40,1346.93
2007,140,52069.93,0.00,458.04,0.00,28.13,13.69,1566.26
2007,141,52175.18,0.00,406.99,0.00,27.77,15.81,1795.33
2007,142,52277.83,2.25,213.73,0.00,25.38,17.72,2027.15
2007,143,52377.83,28.29,207.47,0.00,24.75,17.48,1996.63
2007,144,52475.12,3.36,278.45,0.00,20.33,10.58,1275.42
2007,145,52569.65,4.73,341.80,0.00,21.63,8.31,1095.11
2007,146,52661.35,0.00,407.40,0.00,22.12,10.69,1284.81
2007,147,52750.17,0.00,455.01,0.00,23.56,10.06,1232.27
2007,148,52836.06,0.00,462.68,0.00,25.72,11.67,1371.78
2007,149,52918.95,3.87,230.88,0.00,25.55,17.39,1985.05
2007,150,52998.80,3.79,182.48,0.00,22.80,16.81,1913.02
2007,151,53075.55,11.31,359.51,0.00,26.01,11.72,1376.56
2007,152,53149.15,0.00,386.57,0.00,22.98,12.97,1494.25
2007,153,53219.56,6.47,288.29,0.00,22.25,12.37,1436.61
2007,154,53286.71,3.57,335.55,0.00,26.19,13.46,1542.94
2007,155,53350.58,4.54,352.98,0.00,27.90,13.70,1566.67
2007,156,53411.10,0.00,462.33,0.00,24.54,11.11,1321.36
2007,157,53468.24,0.00,518.62,0.00,31.15,12.49,1447.47
2007,158,53521.96,0.00,449.25,0.00,29.61,15.53,1763.59
2007,159,53572.22,0.00,435.19,0.00,23.31,10.95,1307.90
2007,160,53618.98,0.00,520.80,0.00,28.69,10.70,1285.82
2007,161,53662.21,0.00,500.60,0.00,30.59,13.48,1544.76
2007,162,53701.88,0.00,390.27,0.00,29.64,18.21,2090.04
2007,163,53737.95,0.00,387.31,0.00,29.97,18.71,2156.63
2007,164,53770.39,38.26,153.17,0.00,24.75,19.60,2279.25
2007,165,53799.20,0.00,364.50,0.00,28.91,18.75,2161.82
2007,166,53824.33,0.00,434.42,0.00,31.20,18.03,2066.63
2007,167,53845.77,0.00,431.82,0.00,32.04,18.87,2178.99
2007,168,53863.52,0.00,385.48,0.00,30.38,19.54,2271.29
2007,169,53877.54,0.00,270.00,0.00,26.52,19.78,2305.21
2007,170,53887.83,0.00,489.25,0.00,27.57,13.06,1502.87
2007,171,53894.39,0.00,516.80,0.00,31.77,14.12,1610.13
2007,172,53897.21,0.32,458.34,0.00,32.00,17.69,2023.46
2007,173,53896.28,1.59,391.85,0.00,32.14,20.55,2417.63
2007,174,53891.61,0.00,326.37,0.00,26.70,18.11,2077.54
2007,175,53883.20,0.00,469.33,0.00,30.04,15.53,1763.21
2007,176,53871.05,0.00,473.87,0.00,32.84,17.23,1964.88
2007,177,53855.19,0.00,378.09,0.00,31.83,20.76,2449.40
2007,178,53835.61,0.00,310.08,0.00,27.88,19.68,2290.74
2007,179,53812.33,0.00,359.22,0.00,25.03,15.67,1779.43
2007,180,53785.38,0.00,466.82,0.00,26.78,12.93,1489.87
2007,181,53754.77,0.00,472.89,0.00,27.31,13.05,1502.20
2007,182,53720.52,0.00,473.34,0.00,29.02,14.24,1622.81
2007,183,53682.67,0.00,462.12,0.00,29.79,15.28,1735.08
2007,184,53641.23,0.00,440.81,0.00,32.89,18.63,2145.75
2007,185,53596.25,0.00,378.84,0.00,32.48,20.97,2481.01
2007,186,53547.75,0.00,463.12,0.00,33.34,17.82,2039.29
2007,187,53495.77,0.00,461.98,0.00,34.81,18.96,2190.81
2007,188,53440.35,0.00,431.92,0.00,36.04,21.37,2542.75
2007,189,53381.52,17.51,314.05,0.00,35.56,21.61,2580.28
2007,190,53319.34,8.60,234.06,0.00,29.12,20.50,2411.15
2007,191,53253.84,0.00,334.82,0.00,27.13,18.23,2092.98
2007,192,53185.07,0.00,482.12,0.00,27.67,12.88,1484.98
2007,193,53113.07,1.47,471.64,0.00,28.99,14.36,1635.27
2007,194,53037.90,0.00,483.36,0.00,28.82,13.27,1523.28
2007,195,52959.61,0.00,498.50,0.00,32.90,14.99,1703.20
2007,196,52878.25,21.12,352.54,0.00,33.47,17.10,1949.29
2007,197,52793.86,0.00,464.29,0.00,34.33,17.94,2055.06
2007,198,52706.52,0.00,453.53,0.00,36.10,19.59,2278.60
2007,199,52616.26,17.21,302.52,0.00,36.41,22.16,2668.98
2007,200,52523.15,0.00,324.07,0.00,29.37,19.68,2290.67
2007,201,52427.24,0.00,348.68,0.00,28.79,18.49,2127.79
2007,202,52328.60,0.00,320.83,0.00,28.73,19.45,2258.21
2007,203,52227.28,0.00,393.64,0.00,32.58,20.01,2338.71
2007,204,52123.34,0.00,335.67,0.00,30.65,20.54,2416.09
2007,205,52016.83,0.00,363.72,0.00,31.96,20.69,2438.18
2007,206,51907.83,0.00,386.32,0.00,32.90,20.63,2429.18
2007,207,51796.38,21.28,318.20,0.00,34.93,20.37,2390.78
2007,208,51682.55,0.00,326.27,0.00,30.22,20.46,2404.81
2007,209,51566.39,1.92,290.64,0.00,28.50,20.10,2352.27
2007,210,51447.98,0.88,266.31,0.00,26.83,19.43,2255.74
2007,211,51327.36,0.00,375.11,0.00,30.75,19.36,2245.43
2007,212,51204.60,0.00,376.37,0.00,30.00,18.75,2162.37
2007,213,51079.75,5.10,290.23,0.00,31.09,19.27,2233.97
2007,214,50952.88,0.00,395.94,0.00,30.67,18.60,2142.40
2007,215,50824.04,0.00,428.19,0.00,30.37,16.89,1923.31
2007,216,50693.30,0.00,461.14,0.00,34.68,18.26,2072.78
2007,217,50560.70,0.00,262.24,0.00,30.69,23.16,2835.02
2007,218,50426.31,40.56,241.89,0.00,31.95,22.45,2716.22
2007,219,50290.17,5.51,215.83,0.00,28.68,20.81,2457.48
2007,220,50152.36,28.25,230.43,0.00,29.76,21.16,2509.78
2007,221,50012.92,27.69,296.03,0.00,33.79,21.18,2513.47
2007,222,49871.90,0.00,428.60,0.00,33.50,19.35,2244.61
2007,223,49729.36,0.00,431.22,0.00,35.18,20.32,2384.37
2007,224,49585.35,39.86,272.52,0.00,33.00,21.84,2617.68
2007,225,49439.93,0.00,433.16,0.00,34.35,19.74,2299.41
2007,226,49293.13,0.00,404.65,0.00,33.40,20.51,2412.59
2007,227,49145.03,2.68,216.30,0.00,30.13,22.19,2673.79
2007,228,48995.65,2.80,174.52,0.00,28.13,22.12,2661.94
2007,229,48845.05,1.63,296.00,0.00,28.19,20.54,2416.93
2007,230,48693.28,0.00,391.11,0.00,32.52,20.83,2460.31
2007,231,48540.39,0.00,360.92,0.00,31.89,21.48,2559.55
2007,232,48386.41,16.60,289.92,0.00,32.26,20.66,2434.44
2007,233,48231.40,0.00,424.08,0.00,33.81,19.92,2325.45
2007,234,48075.39,22.79,259.58,0.00,29.31,19.68,2291.64
2007,235,47918.43,10.12,276.51,0.00,28.83,18.46,2122.86
2007,236,47760.56,0.00,197.13,0.00,23.16,18.43,2118.75
2007,237,47601.82,0.00,421.81,0.00,26.89,14.81,1683.23
2007,238,47442.25,0.00,440.31,0.00,29.73,15.85,1800.49
2007,239,47281.90,0.00,424.03,0.00,33.90,19.48,2263.58
2007,240,47120.79,33.80,279.95,0.00,33.67,21.71,2596.25
2007,241,46958.96,0.00,266.33,0.00,24.61,17.74,2029.15
2007,242,46796.46,0.00,426.16,0.00,26.13,13.24,1520.14
2007,243,46633.32,0.00,444.39,0.00,27.79,13.32,1528.23
2007,244,46469.57,0.00,431.72,0.00,28.13,14.18,1616.14
2007,245,46305.25,0.00,445.92,0.00,31.09,15.17,1723.67
2007,246,46140.39,0.00,444.05,0.00,31.45,15.41,1749.49
2007,247,45975.02,0.00,423.37,0.00,31.66,16.64,1892.97
2007,248,45809.18,0.00,393.49,0.00,30.34,17.18,1959.21
2007,249,45642.90,0.00,339.52,0.00,30.50,19.62,2282.15
2007,250,45476.21,0.00,296.11,0.00,26.06,17.36,1981.54
2007,251,45309.14,0.00,434.37,0.00,27.16,11.75,1379.20
2007,252,45141.72,0.00,271.18,0.00,19.29,11.95,1397.29
2007,253,44973.98,6.54,126.27,0.00,16.27,12.05,1406.79
2007,254,44805.95,0.00,430.50,0.00,23.18,8.84,1135.16
2007,255,44637.65,0.00,465.30,0.00,25.47,7.27,1020.23
2007,256,44469.13,0.00,438.82,0.00,22.98,7.54,1038.96
2007,257,44300.40,0.00,382.02,0.00,16.62,5.10,878.07
2007,258,44131.49,0.00,398.69,0.00,15.32,2.80,747.11
2007,259,43962.43,0.00,464.78,0.00,24.82,4.66,851.20
2007,260,43793.25,7.89,341.94,0.00,31.71,9.28,1169.73
2007,261,43623.98,25.64,136.38,0.00,23.89,18.18,2086.42
2007,262,43454.64,0.00,363.55,0.00,23.27,10.62,1279.60
2007,263,43285.25,0.00,427.97,0.00,30.89,11.33,1341.52
2007,264,43115.86,0.00,349.74,0.00,30.11,16.48,1874.25
2007,265,42946.48,0.00,423.71,0.00,25.73,7.25,1018.50
2007,266,42777.13,0.00,427.39,0.00,30.23,9.08,1153.59
2007,267,42607.86,27.91,244.23,0.00,29.95,16.65,1894.20
2007,268,42438.68,0.00,212.81,0.00,18.43,11.29,1337.39
2007,269,42269.62,0.00,391.73,0.00,23.37,6.83,989.60
2007,270,42100.71,0.00,408.88,0.00,26.48,7.13,1010.60
2007,271,41931.98,0.00,413.52,0.00,26.94,6.11,941.89
2007,272,41763.45,0.00,390.51,0.00,28.35,9.16,1160.16
2007,273,41595.16,0.00,273.46,0.00,29.53,17.84,2042.64
2007,274,41427.12,0.00,364.45,0.00,26.07,9.19,1162.43
2007,275,41259.38,8.54,259.97,0.00,24.51,9.07,1152.67
2007,276,41091.96,0.00,380.42,0.00,25.42,6.66,978.16
2007,277,40924.88,37.75,283.32,0.00,27.06,7.72,1051.68
2007,278,40758.19,0.00,340.59,0.00,30.49,13.32,1528.11
2007,279,40591.91,0.00,233.60,0.00,30.02,19.32,2241.11
2007,280,40426.06,22.88,126.02,0.00,26.69,19.37,2246.89
2007,281,40260.69,0.00,293.88,0.00,22.41,9.40,1179.01
2007,282,40095.83,0.00,317.36,0.00,23.72,8.68,1122.97
2007,283,39931.50,0.00,234.38,0.00,14.98,5.20,884.49
2007,284,39767.75,0.00,315.30,0.00,15.95,1.44,677.85
2007,285,39604.60,22.36,262.23,0.00,20.64,2.48,730.18
2007,286,39442.10,15.56,168.17,0.00,17.74,8.08,1078.15
2007,287,39280.27,8.02,59.62,0.00,15.66,12.63,1461.53
2007,288,39119.16,1.91,102.84,0.00,16.84,12.71,1468.67
2007,289,38958.80,0.22,169.43,0.00,15.44,8.62,1118.50
2007,290,38799.22,8.29,175.20,0.00,18.57,8.79,1131.14
2007,291,38640.48,2.95,52.61,0.00,13.98,11.55,1360.59
2007,292,38482.61,0.00,247.72,0.00,18.94,8.27,1092.42
2007,293,38325.64,0.00,340.42,0.00,27.45,7.35,1025.97
2007,294,38169.63,0.00,154.40,0.00,14.15,8.04,1075.03
2007,295,38014.60,0.00,225.69,0.00,15.64,6.36,958.49
2007,296,37860.62,0.00,345.96,0.00,21.49,1.15,663.47
2007,297,37707.72,0.00,297.88,0.00,15.14,1.16,664.23
2007,298,37555.94,0.00,302.68,0.00,16.24,1.24,667.95
2007,299,37405.33,0.00,292.71,0.00,14.85,0.69,641.89
2007,300,37255.95,0.00,270.33,0.00,13.64,1.26,669.13
2007,301,37107.83,0.00,315.23,0.00,15.75,-1.07,564.96
2007,302,36961.03,0.00,331.85,0.00,21.79,0.13,616.43
2007,303,36815.60,0.00,306.02,0.00,22.55,4.56,845.80
2007,304,36671.58,0.00,161.80,0.00,13.20,6.36,958.00
2007,305,36529.03,0.00,305.12,0.00,14.83,-2.18,520.52
2007,306,36388.00,0.00,296.17,0.00,14.16,-1.91,531.05
2007,307,36248.55,0.00,306.46,0.00,14.95,-3.01,489.17
2007,308,36110.73,0.00,317.60,0.00,20.00,-2.44,510.52
2007,309,35974.58,0.00,205.55,0.00,9.82,0.47,631.69
2007,310,35840.18,0.00,224.84,0.00,6.34,-4.20,447.57
2007,311,35707.57,0.00,295.08,0.00,13.43,-4.86,425.89
2007,312,35576.81,0.00,278.50,0.00,13.60,-2.77,498.23
2007,313,35447.96,0.00,267.08,0.00,13.40,-2.07,524.67
2007,314,35321.07,0.00,286.78,0.00,17.50,-1.97,528.74
2007,315,35196.21,0.00,268.05,0.00,19.89,2.59,736.03
2007,316,35073.44,0.00,204.22,0.00,13.07,2.26,718.77
2007,317,34952.81,0.00,282.15,0.00,18.72,-2.37,513.02
2007,318,34834.38,0.00,195.35,0.00,11.41,0.50,633.10
2007,319,34718.21,0.00,217.60,0.00,10.35,-2.50,508.32
2007,320,34604.36,0.00,256.18,0.00,15.55,-2.42,511.17
2007,321,34492.90,0.00,244.74,0.00,17.32,-0.12,605.48
2007,322,34383.88,0.00,176.45,0.00,12.81,2.05,708.10
2007,323,34277.35,0.00,255.53,0.00,24.13,2.96,755.41
2007,324,34173.39,0.00,66.11,0.00,6.11,2.55,733.49
2007,325,34072.05,0.00,41.05,0.00,-0.76,-2.39,512.33
2007,326,33973.39,0.00,108.23,0.00,-3.96,-9.78,290.84
2007,327,33877.47,0.00,222.73,0.00,2.68,-11.67,250.14
2007,328,33784.34,0.00,199.97,0.00,2.49,-9.78,290.86
2007,329,33694.07,0.00,209.96,0.00,8.33,-5.27,412.62
2007,330,33606.70,0.00,190.90,0.00,6.31,-5.57,403.38
2007,331,33522.30,0.00,171.58,0.00,4.18,-6.03,389.57
2007,332,33440.91,0.00,179.02,0.00,3.94,-6.67,370.69
2007,333,33362.60,0.00,233.75,0.00,8.82,-7.89,337.42
2007,334,33287.41,9.97,138.17,9.97,0.19,-9.44,298.73
2007,335,33215.40,17.76,186.79,27.73,6.56,-8.42,323.87
2007,336,33146.60,0.00,68.10,27.50,-2.46,-5.46,406.81
2007,337,33081.08,0.00,269.67,27.50,7.84,-10.04,285.07
2007,338,33018.88,0.00,258.89,27.50,9.42,-6.94,363.12
2007,339,32960.03,0.00,95.78,27.50,-2.01,-6.45,377.09
2007,340,32904.58,8.25,90.79,35.75,-2.40,-8.04,333.38
2007,341,32852.58,0.00,105.59,35.75,-2.09,-6.83,366.32
2007,342,32804.06,1.03,45.36,36.78,-8.09,-9.57,295.88
2007,343,32759.05,0.00,79.10,36.78,-9.44,-12.61,231.99
2007,344,32717.59,11.60,187.29,48.39,-2.85,-15.72,179.65
2007,345,32679.72,1.29,227.46,49.67,-2.52,-13.26,220.06
2007,346,32645.45,0.00,102.57,49.67,-2.59,-6.67,370.66
2007,347,32614.81,0.00,237.68,49.67,3.75,-7.69,342.81
2007,348,32587.83,4.80,140.05,54.48,-3.07,-10.83,267.69
2007,349,32564.53,0.32,165.25,54.80,-6.38,-12.90,226.48
2007,350,32544.93,0.00,251.54,54.80,-6.12,-18.03,147.89
2007,351,32529.04,0.00,282.87,54.80,0.70,-17.14,159.50
2007,352,32516.87,0.00,277.52,54.80,3.92,-13.05,223.85
2007,353,32508.43,0.00,266.78,54.80,3.59,-10.88,266.66
2007,354,32503.74,0.00,254.91,54.80,2.48,-10.64,271.79
2007,355,32502.79,0.00,249.06,54.80,3.25,-9.63,294.33
2007,356,32505.58,0.00,107.88,54.80,-2.89,-7.17,356.79
2007,357,32512.11,0.00,211.14,54.80,-3.10,-12.39,236.14
2007,358,32522.38,0.00,248.06,54.80,1.39,-11.01,263.86
2007,359,32536.38,0.00,260.55,54.80,4.86,-9.23,303.78
2007,360,32554.10,0.00,133.40,54.78,-0.73,-5.96,391.68
2007,361,32575.52,0.00,170.94,54.78,-5.89,-12.65,231.24
2007,362,32600.63,0.00,213.86,54.78,-2.83,-11.89,245.94
2007,363,32629.41,0.00,248.45,54.78,-2.27,-13.72,211.95
2007,364,32661.83,0.00,224.93,54.78,-3.97,-13.48,216.17
2007,365,32697.87,0.48,237.96,55.25,-1.63,-11.95,244.69
2008,1,32737.70,0.00,67.06,26.28,-9.79,-12.30,237.82
2008,2,32780.92,0.00,244.60,26.28,-6.02,-18.24,145.25
2008,3,32827.67,0.00,282.26,26.28,1.45,-16.98,161.61
2008,4,32877.92,0.00,243.93,26.28,2.64,-9.67,293.57
2008,5,32931.64,0.00,238.56,26.28,5.88,-5.99,390.64
2008,6,32988.77,1.12,243.92,25.74,7.63,-4.73,429.97
2008,7,33049.29,0.00,202.16,24.36,6.39,-2.70,500.73
2008,8,33113.14,0.00,117.43,22.47,3.25,-1.51,546.69
2008,9,33180.29,0.00,217.73,22.47,3.09,-6.69,370.15
2008,10,33250.69,1.17,122.56,21.90,0.25,-4.63,433.27
2008,11,33324.28,0.00,269.69,21.90,2.81,-11.22,259.48
2008,12,33401.03,0.00,191.44,21.90,-2.60,-10.50,274.86
2008,13,33480.87,0.00,226.63,21.90,1.19,-8.73,315.87
2008,14,33563.76,0.00,132.99,21.90,-5.56,-10.65,271.61
2008,15,33649.64,0.00,281.12,21.90,0.74,-13.66,212.93
2008,16,33738.45,3.45,173.97,25.35,-1.28,-11.12,261.45
2008,17,33830.15,0.52,154.19,25.87,-6.16,-11.97,244.26
2008,18,33924.67,0.00,220.17,25.87,-5.58,-14.42,200.06
2008,19,34021.95,0.00,235.56,25.87,-11.85,-21.35,111.00
2008,20,34121.95,0.74,285.74,26.61,-8.29,-21.44,110.15
2008,21,34224.60,1.35,180.31,27.96,-7.71,-14.36,201.08
2008,22,34329.83,0.00,253.66,27.96,-7.74,-17.99,148.41
2008,23,34437.60,0.90,297.41,28.86,-5.03,-18.62,140.57
2008,24,34547.84,0.00,321.52,28.86,-7.35,-23.79,89.40
2008,25,34660.49,0.00,342.06,28.86,1.32,-21.60,108.59
2008,26,34775.50,0.00,318.57,28.86,5.80,-10.01,285.65
2008,27,34892.79,0.00,324.50,28.86,9.35,-7.40,350.55
2008,28,35012.32,0.00,326.79,28.42,12.10,-4.96,422.51
2008,29,35134.03,1.14,98.78,29.56,-9.53,-12.66,231.02
2008,30,35257.84,0.00,214.29,29.56,-9.52,-16.88,162.99
2008,31,35383.71,0.00,236.52,29.56,-7.01,-15.40,184.51
2008,32,35511.58,0.00,341.51,29.56,1.83,-14.67,195.93
2008,33,35641.38,0.00,318.65,29.56,0.90,-12.35,236.80
2008,34,35773.06,1.38,263.58,30.94,2.61,-6.85,365.76
2008,35,35906.57,0.00,160.60,30.13,1.00,-4.08,451.55
2008,36,36041.84,5.94,63.49,29.16,-1.32,-3.67,465.68
2008,37,36178.83,0.00,180.04,29.16,-5.50,-10.83,267.72
2008,38,36317.47,0.00,330.38,29.16,-1.73,-13.98,207.52
2008,39,36457.71,0.00,358.56,29.16,5.42,-9.77,291.05
2008,40,36599.50,0.00,319.80,29.16,2.95,-8.71,316.46
2008,41,36742.78,0.00,96.75,29.16,-12.04,-14.61,196.97
2008,42,36887.51,0.00,265.32,29.16,-7.89,-15.97,175.92
2008,43,37033.62,0.00,245.65,29.16,-8.32,-15.51,182.78
2008,44,37181.08,0.00,403.76,29.16,4.97,-14.97,156.61
2008,45,37329.83,0.00,340.44,29.16,-0.25,-11.94,228.88
2008,46,37479.83,0.00,389.42,29.16,-0.64,-16.32,154.34
2008,47,37631.02,0.00,416.53,29.16,6.19,-14.93,148.19
2008,48,37783.36,0.00,309.98,29.16,2.97,-7.30,321.74
2008,49,37936.81,0.00,100.21,29.16,-7.32,-9.94,287.20
2008,50,38091.31,0.00,420.85,29.16,3.17,-15.70,145.11
2008,51,38246.83,0.00,303.65,29.16,-11.73,-21.09,113.55
2008,52,38403.32,0.00,372.45,29.16,-7.68,-20.54,119.13
2008,53,38560.74,0.00,412.23,29.16,2.64,-13.57,173.34
2008,54,38719.05,0.00,442.78,29.16,8.64,-12.40,161.90
2008,55,38878.21,0.00,435.40,29.16,11.39,-7.31,226.71
2008,56,39038.18,5.35,125.78,27.43,2.67,-1.88,532.00
2008,57,39198.92,0.00,213.60,27.43,-2.12,-7.73,341.67
2008,58,39360.39,0.00,397.29,27.43,4.64,-7.97,272.89
2008,59,39522.56,0.00,393.81,27.43,6.48,-6.05,300.35
2008,60,39685.39,0.00,357.84,25.46,9.41,-1.33,413.74
2008,61,39848.84,0.00,453.85,23.18,17.87,-0.55,314.79
2008,62,40012.88,3.30,285.65,19.84,14.04,1.95,559.24
2008,63,40177.47,0.00,194.66,19.73,-0.84,-5.75,397.99
2008,64,40342.59,0.00,396.96,19.73,3.31,-8.57,258.88
2008,65,40508.20,0.00,289.77,19.73,-0.55,-8.15,323.95
2008,66,40674.27,0.00,436.14,19.73,4.56,-9.73,218.71
2008,67,40840.76,0.00,381.28,19.73,-7.14,-18.18,145.99
2008,68,41007.64,0.00,503.33,19.73,4.55,-18.11,104.02
2008,69,41174.89,0.00,459.43,19.73,3.66,-12.15,177.94
2008,70,41342.48,0.00,479.75,19.73,8.80,-9.03,195.75
2008,71,41510.37,0.00,520.60,19.73,19.99,-8.08,153.25
2008,72,41678.54,0.00,478.54,17.53,18.16,-0.76,293.47
2008,73,41846.95,0.00,481.14,15.86,17.25,-2.03,270.46
2008,74,42015.58,0.00,384.57,13.82,11.14,-1.12,387.36
2008,75,42184.41,0.00,209.88,12.30,3.47,-2.38,512.61
2008,76,42353.39,0.00,389.41,12.30,4.75,-7.07,277.23
2008,77,42522.51,3.10,271.36,12.03,5.04,-5.36,364.49
2008,78,42691.75,0.00,414.48,9.48,12.78,0.07,378.88
2008,79,42861.06,0.81,496.90,8.50,14.38,-3.68,159.35
2008,80,43030.42,0.00,523.57,7.37,17.77,-3.31,164.07
2008,81,43199.81,0.00,401.12,5.68,10.08,-1.96,198.79
2008,82,43369.21,0.00,282.45,4.04,5.60,-2.09,323.41
2008,83,43538.57,0.00,373.27,3.76,5.11,-5.34,192.12
2008,84,43707.88,0.00,553.71,3.76,16.90,-7.08,120.83
2008,85,43877.12,0.00,533.14,3.25,15.15,-4.79,145.66
2008,86,44046.24,0.00,444.36,0.07,15.23,1.58,240.59
2008,87,44215.22,0.00,119.42,0.00,4.51,1.21,651.34
2008,88,44384.05,0.00,404.00,0.00,10.28,-3.16,166.22
2008,89,44552.68,0.00,446.38,0.00,14.13,-1.98,182.40
2008,90,44721.10,15.06,241.90,0.00,11.00,1.07,392.29
2008,91,44889.26,15.38,76.71,0.00,4.69,2.13,712.19
2008,92,45057.15,0.00,224.17,0.00,5.51,-0.72,574.13
2008,93,45224.74,0.00,433.58,0.00,11.96,-2.54,327.51
2008,94,45391.99,8.24,197.22,0.00,6.73,-0.72,579.47
2008,95,45558.88,0.00,459.02,0.00,16.51,0.26,390.44
2008,96,45725.37,0.00,482.79,0.00,19.77,1.47,386.09
2008,97,45891.44,0.00,420.78,0.00,18.25,4.24,527.21
2008,98,46057.04,2.91,299.94,0.00,10.98,-1.44,478.17
2008,99,46222.16,0.00,404.25,0.00,10.83,-1.52,412.88
2008,100,46386.76,5.78,336.70,0.00,12.01,-2.53,420.34
2008,101,46550.80,28.65,210.76,0.00,6.31,-1.03,566.52
2008,102,46714.26,1.54,152.77,0.00,3.39,-0.19,602.33
2008,103,46877.09,0.00,191.17,0.00,3.99,-0.41,592.64
2008,104,47039.26,0.00,442.50,0.00,10.35,-1.87,473.81
2008,105,47200.73,0.00,530.31,0.00,14.96,-4.22,345.83
2008,106,47361.47,0.00,557.15,0.00,24.54,-2.56,337.21
2008,107,47521.44,12.75,365.33,0.00,21.48,4.84,736.99
2008,108,47680.60,24.84,76.40,0.00,7.07,4.91,866.24
2008,109,47838.91,6.26,124.34,0.00,7.62,3.78,800.64
2008,110,47996.34,0.00,515.21,0.00,19.16,1.98,616.11
2008,111,48152.83,0.00,537.98,0.00,24.36,3.50,642.05
2008,112,48308.35,0.00,336.00,0.00,16.18,7.44,1032.14
2008,113,48462.86,0.00,507.81,0.00,22.24,5.08,741.79
2008,114,48616.30,0.00,543.94,0.00,26.12,4.52,666.43
2008,115,48768.65,9.89,332.76,0.00,20.44,7.54,1039.44
2008,116,48919.84,1.60,158.83,0.00,7.77,4.27,828.39
2008,117,49069.84,3.80,346.98,0.00,12.66,-0.24,600.29
2008,118,49218.59,0.00,476.66,0.00,13.45,-0.10,586.97
2008,119,49366.06,0.00,458.93,0.00,11.91,-0.54,582.52
2008,120,49512.18,0.00,532.37,0.00,17.52,-0.04,544.25
2008,121,49656.91,0.00,557.27,0.00,25.28,2.68,606.67
2008,122,49800.19,4.02,391.89,0.00,27.65,7.76,992.45
2008,123,49941.98,11.20,141.04,0.00,12.00,7.35,1025.99
2008,124,50082.23,0.00,443.19,0.00,15.00,2.19,714.95
2008,125,50220.87,0.00,552.32,0.00,23.34,1.96,609.62
2008,126,50357.86,0.00,554.75,0.00,27.37,4.62,711.83
2008,127,50493.13,9.88,379.21,0.00,26.42,8.33,1062.10
2008,128,50626.65,0.00,244.94,0.00,18.30,11.75,1378.86
2008,129,50758.33,3.70,360.35,0.00,20.85,5.48,901.89
2008,130,50888.14,5.73,284.88,0.00,18.17,7.56,1040.35
2008,131,51016.01,16.46,121.05,0.00,13.19,9.21,1163.55
2008,132,51141.89,0.00,455.90,0.00,16.77,3.14,765.13
2008,133,51265.71,0.00,531.35,0.00,23.32,3.85,751.45
2008,134,51387.41,0.00,366.49,0.00,17.80,7.32,1023.62
2008,135,51506.95,0.00,496.70,0.00,19.80,3.54,767.72
2008,136,51624.25,0.00,522.72,0.00,22.04,4.10,772.49
2008,137,51739.26,0.00,511.13,0.00,25.67,7.96,991.89
2008,138,51851.92,0.00,501.74,0.00,27.84,9.90,1124.32
2008,139,51962.16,0.00,472.90,0.00,25.06,9.00,1096.43
2008,140,52069.93,0.00,502.02,0.00,29.43,10.83,1184.03
2008,141,52175.18,0.00,364.82,0.00,21.60,10.80,1294.98
2008,142,52277.83,0.00,473.12,0.00,22.67,7.06,972.24
2008,143,52377.83,31.41,236.32,0.00,17.65,8.83,1134.48
2008,144,52475.12,5.04,92.41,0.00,14.12,11.19,1328.60
2008,145,52569.65,0.00,437.47,0.00,25.00,11.48,1354.32
2008,146,52661.35,0.00,488.19,0.00,31.04,13.37,1486.92
2008,147,52750.17,0.00,286.37,0.00,23.21,15.04,1708.88
2008,148,52836.06,20.15,74.05,0.00,14.30,12.17,1417.23
2008,149,52918.95,7.62,220.03,0.00,16.57,8.91,1140.59
2008,150,52998.80,48.14,382.30,0.00,27.22,9.65,1198.77
2008,151,53075.55,0.00,415.50,0.00,27.87,15.33,1740.65
2008,152,53149.15,0.00,461.63,0.00,28.81,14.17,1615.96
2008,153,53219.56,0.00,446.02,0.00,29.89,15.55,1765.50
2008,154,53286.71,1.94,380.65,0.00,28.42,17.08,1946.69
2008,155,53350.58,0.00,352.85,0.00,29.34,19.08,2207.13
2008,156,53411.10,45.61,229.73,0.00,27.33,19.06,2204.87
2008,157,53468.24,3.32,264.55,0.00,26.83,17.40,1986.10
2008,158,53521.96,0.00,386.32,0.00,26.48,15.92,1807.55
2008,159,53572.22,37.60,364.32,0.00,32.85,16.49,1874.45
2008,160,53618.98,4.64,252.75,0.00,25.32,16.48,1873.79
2008,161,53662.21,13.82,302.79,0.00,26.69,15.34,1741.69
2008,162,53701.88,18.09,372.71,0.00,29.38,13.10,1506.42
2008,163,53737.95,48.58,364.00,0.00,30.53,14.77,1678.82
2008,164,53770.39,0.00,403.60,0.00,27.21,15.80,1794.45
2008,165,53799.20,0.00,432.52,0.00,26.37,14.08,1605.76
2008,166,53824.33,0.00,492.64,0.00,30.38,14.37,1636.62
2008,167,53845.77,17.82,322.66,0.00,28.34,16.00,1817.15
2008,168,53863.52,0.00,387.86,0.00,24.87,14.77,1679.36
2008,169,53877.54,0.00,489.89,0.00,27.43,12.73,1471.20
2008,170,53887.83,0.00,484.72,0.00,28.01,13.59,1555.97
2008,171,53894.39,17.75,342.13,0.00,29.13,15.80,1794.41
2008,172,53897.21,0.00,480.83,0.00,29.41,14.83,1686.03
2008,173,53896.28,0.32,475.24,0.00,29.75,15.22,1728.97
2008,174,53891.61,0.00,454.42,0.00,28.06,14.61,1662.61
2008,175,53883.20,0.00,473.71,0.00,27.84,13.48,1544.87
2008,176,53871.05,54.04,224.33,0.00,23.11,15.72,1784.99
2008,177,53855.19,0.00,464.60,0.00,32.14,17.33,1978.18
2008,178,53835.61,8.64,182.10,0.00,25.65,19.37,2247.83
2008,179,53812.33,11.59,294.56,0.00,29.75,18.37,2112.06
2008,180,53785.38,0.00,360.83,0.00,24.45,15.05,1709.49
2008,181,53754.77,0.00,404.68,0.00,27.19,16.01,1818.30
2008,182,53720.52,0.00,473.43,0.00,28.24,13.95,1592.80
2008,183,53682.67,0.00,490.18,0.00,30.99,15.04,1709.25
2008,184,53641.23,1.48,476.91,0.00,32.45,16.73,1903.79
2008,185,53596.25,0.00,450.04,0.00,26.22,13.15,1511.68
2008,186,53547.75,0.00,474.48,0.00,28.26,13.45,1541.64
2008,187,53495.77,2.14,319.78,0.00,28.83,16.04,1821.88
2008,188,53440.35,0.00,418.83,0.00,31.53,18.47,2124.16
2008,189,53381.52,18.90,280.83,0.00,32.22,20.87,2466.73
2008,190,53319.34,0.00,335.87,0.00,30.07,20.39,2394.37
2008,191,53253.84,0.00,407.74,0.00,30.22,17.93,2053.96
2008,192,53185.07,0.00,445.97,0.00,32.04,17.72,2026.47
2008,193,53113.07,4.57,334.83,0.00,34.28,19.34,2243.09
2008,194,53037.90,1.01,377.06,0.00,26.32,15.83,1797.36
2008,195,52959.61,0.00,477.45,0.00,29.50,14.07,1604.91
2008,196,52878.25,0.00,494.86,0.00,31.94,14.72,1674.08
2008,197,52793.86,57.24,354.71,0.00,34.02,17.40,1986.69
2008,198,52706.52,0.00,404.89,0.00,31.03,18.45,2121.55
2008,199,52616.26,11.33,302.63,0.00,31.39,18.83,2172.80
2008,200,52523.15,0.00,335.18,0.00,29.07,19.46,2259.45
2008,201,52427.24,0.00,399.42,0.00,32.15,19.70,2294.73
2008,202,52328.60,0.00,393.85,0.00,32.35,20.12,2354.41
2008,203,52227.28,0.25,332.92,0.00,30.39,20.79,2453.30
2008,204,52123.34,0.00,335.93,0.00,29.36,19.88,2320.24
2008,205,52016.83,2.60,233.86,0.00,28.05,19.58,2277.26
2008,206,51907.83,1.94,313.30,0.00,28.54,19.94,2328.54
2008,207,51796.38,0.00,351.24,0.00,30.25,20.30,2380.79
2008,208,51682.55,0.00,345.96,0.00,29.59,19.82,2310.68
2008,209,51566.39,0.00,415.62,0.00,32.67,19.64,2285.14
2008,210,51447.98,0.00,364.63,0.00,31.55,20.72,2443.22
2008,211,51327.36,0.00,264.86,0.00,28.30,21.12,2503.67
2008,212,51204.60,0.00,393.10,0.00,31.04,19.35,2244.36
2008,213,51079.75,0.00,429.66,0.00,33.49,19.67,2290.15
2008,214,50952.88,0.00,383.00,0.00,31.67,20.35,2388.30
2008,215,50824.04,0.00,435.95,0.00,33.86,19.63,2284.52
2008,216,50693.30,0.00,456.98,0.00,36.99,20.40,2395.38
2008,217,50560.70,0.00,308.62,0.00,31.85,23.00,2808.86
2008,218,50426.31,0.00,265.76,0.00,27.68,20.71,2441.78
2008,219,50290.17,0.00,430.63,0.00,28.94,16.19,1839.22
2008,220,50152.36,0.00,460.34,0.00,30.57,15.76,1789.58
2008,221,50012.92,0.00,454.04,0.00,30.82,16.17,1837.53
2008,222,49871.90,0.00,360.10,0.00,27.35,17.41,1987.80
2008,223,49729.36,0.00,456.97,0.00,29.86,15.31,1738.49
2008,224,49585.35,13.91,303.77,0.00,27.73,15.98,1815.43
2008,225,49439.93,0.00,407.14,0.00,28.90,16.91,1925.94
2008,226,49293.13,0.00,449.50,0.00,31.17,16.64,1892.72
2008,227,49145.03,0.00,399.53,0.00,28.68,17.15,1955.07
2008,228,48995.65,0.00,384.28,0.00,27.33,16.62,1890.51
2008,229,48845.05,0.00,441.72,0.00,27.49,14.23,1621.24
2008,230,48693.28,0.00,456.77,0.00,28.38,13.89,1586.66
2008,231,48540.39,0.00,452.58,0.00,29.64,14.94,1697.79
2008,232,48386.41,0.00,438.77,0.00,29.05,15.15,1720.54
2008,233,48231.40,0.00,446.39,0.00,28.29,13.92,1589.82
2008,234,48075.39,0.00,395.95,0.00,26.50,14.77,1679.15
2008,235,47918.43,0.00,417.21,0.00,32.70,18.46,2123.92
2008,236,47760.56,0.00,380.25,0.00,27.00,15.50,1760.61
2008,237,47601.82,0.00,389.87,0.00,27.04,15.03,1708.14
2008,238,47442.25,0.00,418.34,0.00,27.16,13.64,1560.89
2008,239,47281.90,0.00,404.44,0.00,26.38,13.61,1557.29
2008,240,47120.79,3.06,309.57,0.00,28.46,14.74,1675.66
2008,241,46958.96,0.00,388.78,0.00,30.14,17.02,1939.46
2008,242,46796.46,0.00,472.91,0.00,29.99,11.22,1330.91
2008,243,46633.32,0.00,469.93,0.00,30.41,11.43,1350.26
2008,244,46469.57,0.00,452.38,0.00,32.48,13.95,1592.60
2008,245,46305.25,0.00,342.77,0.00,32.14,20.01,2338.10
2008,246,46140.39,22.93,73.51,0.00,20.62,18.06,2070.52
2008,247,45975.02,0.00,378.80,0.00,21.06,9.15,1159.37
2008,248,45809.18,0.00,409.38,0.00,23.03,9.13,1157.91
2008,249,45642.90,1.12,253.62,0.00,16.72,9.48,1185.35
2008,250,45476.21,5.84,244.45,0.00,17.09,7.49,1035.72
2008,251,45309.14,4.13,285.17,0.00,19.54,7.57,1040.96
2008,252,45141.72,7.90,217.59,0.00,17.36,8.96,1144.03
2008,253,44973.98,0.00,430.75,0.00,20.82,5.77,920.02
2008,254,44805.95,0.00,450.90,0.00,24.69,7.00,1001.25
2008,255,44637.65,29.60,246.28,0.00,23.90,13.23,1519.62
2008,256,44469.13,4.88,61.91,0.00,19.00,16.94,1929.57
2008,257,44300.40,0.00,298.72,0.00,26.51,16.85,1918.58
2008,258,44131.49,0.00,233.11,0.00,18.68,11.95,1397.38
2008,259,43962.43,0.00,451.94,0.00,23.51,5.21,884.59
2008,260,43793.25,0.00,464.05,0.00,28.12,6.05,937.93
2008,261,43623.98,0.00,439.27,0.00,28.38,9.01,1148.44
2008,262,43454.64,0.00,400.76,0.00,26.83,11.02,1313.76
2008,263,43285.25,0.00,385.95,0.00,26.52,11.59,1364.52
2008,264,43115.86,0.00,395.18,0.00,27.11,11.11,1321.48
2008,265,42946.48,6.48,287.40,0.00,26.83,11.51,1357.07
2008,266,42777.13,9.18,266.55,0.00,27.77,13.80,1576.64
2008,267,42607.86,1.94,264.05,0.00,26.78,17.28,1970.90
2008,268,42438.68,0.00,339.52,0.00,26.14,13.15,1511.96
2008,269,42269.62,0.00,349.65,0.00,28.53,14.33,1631.91
2008,270,42100.71,0.00,339.02,0.00,29.76,15.78,1791.64
2008,271,41931.98,0.00,324.82,0.00,27.08,14.29,1627.58
2008,272,41763.45,12.06,290.97,0.00,27.98,10.44,1263.59
2008,273,41595.16,0.00,306.39,0.00,21.46,10.35,1256.66
2008,274,41427.12,0.00,395.19,0.00,23.17,5.77,920.05
2008,275,41259.38,0.00,345.89,0.00,19.23,6.00,934.65
2008,276,41091.96,0.00,392.11,0.00,22.71,4.54,844.08
2008,277,40924.88,0.00,401.01,0.00,25.50,4.83,861.40
2008,278,40758.19,0.00,370.68,0.00,24.88,7.37,1026.95
2008,279,40591.91,0.00,348.65,0.00,28.09,11.25,1334.41
2008,280,40426.06,21.57,139.18,0.00,23.71,16.28,1850.26
2008,281,40260.69,0.00,219.34,0.00,18.84,10.37,1257.89
2008,282,40095.83,0.00,369.98,0.00,23.51,4.59,847.50
2008,283,39931.50,0.00,347.94,0.00,21.58,4.84,862.05
2008,284,39767.75,0.00,351.86,0.00,24.74,6.74,983.95
2008,285,39604.60,0.00,284.41,0.00,26.05,12.74,1471.89
2008,286,39442.10,18.04,162.26,0.00,25.51,15.70,1783.34
2008,287,39280.27,11.92,153.57,0.00,16.21,7.67,1048.72
2008,288,39119.16,21.48,118.85,0.00,11.14,4.80,859.68
2008,289,38958.80,0.00,232.44,0.00,14.41,4.65,850.86
2008,290,38799.22,2.29,244.55,0.00,16.18,0.36,626.75
2008,291,38640.48,0.00,280.18,0.00,14.24,1.92,701.67
2008,292,38482.61,0.00,308.94,0.00,17.04,2.29,720.15
2008,293,38325.64,0.00,341.25,0.00,24.27,4.42,837.21
2008,294,38169.63,0.00,253.29,0.00,17.50,6.08,939.64
2008,295,38014.60,48.14,61.25,0.00,9.81,6.81,988.36
2008,296,37860.62,14.53,97.32,0.00,11.93,6.82,989.14
2008,297,37707.72,5.62,76.32,0.00,8.82,4.99,871.45
2008,298,37555.94,3.06,85.54,0.00,9.39,5.07,876.34
2008,299,37405.33,0.00,317.50,0.00,18.91,2.02,706.42
2008,300,37255.95,0.00,216.94,0.00,10.47,1.55,682.89
2008,301,37107.83,0.00,209.01,0.00,6.67,-1.72,538.22
2008,302,36961.03,0.00,327.27,0.00,13.66,-4.85,425.96
2008,303,36815.60,0.00,336.75,0.00,19.26,-3.93,456.54
2008,304,36671.58,0.00,326.02,0.00,23.23,0.62,638.86
2008,305,36529.03,0.00,292.07,0.00,21.33,4.42,837.06
2008,306,36388.00,0.00,295.68,0.00,20.50,2.92,753.49
2008,307,36248.55,0.00,308.85,0.00,25.01,3.46,782.74
2008,308,36110.73,0.00,263.27,0.00,25.92,10.37,1258.22
2008,309,35974.58,0.00,209.73,0.00,23.47,12.59,1457.18
2008,310,35840.18,9.02,138.57,0.00,21.87,12.53,1451.34
2008,311,35707.57,2.06,46.30,0.00,7.52,5.11,878.47
2008,312,35576.81,0.00,82.75,0.00,3.83,0.50,633.39
2008,313,35447.96,0.00,64.75,0.00,1.04,-1.31,554.82
2008,314,35321.07,0.00,208.12,0.00,3.37,-5.63,401.53
2008,315,35196.21,13.65,139.50,0.00,2.32,-5.46,406.93
2008,316,35073.44,11.62,137.61,0.00,5.41,-2.38,512.67
2008,317,34952.81,0.00,163.61,0.00,7.14,0.23,620.98
2008,318,34834.38,2.50,168.95,0.00,12.19,1.24,667.96
2008,319,34718.21,1.03,132.37,0.00,9.32,3.66,793.73
2008,320,34604.36,0.00,135.05,0.00,3.17,-2.34,514.12
2008,321,34492.90,0.00,249.47,0.00,10.26,-2.81,496.69
2008,322,34383.88,0.00,167.04,0.00,4.76,-2.31,515.52
2008,323,34277.35,0.00,233.22,0.00,7.41,-3.79,461.41
2008,324,34173.39,0.00,271.62,0.00,14.81,-3.27,480.03
2008,325,34072.05,0.00,105.40,0.00,1.96,-2.36,513.52
2008,326,33973.39,0.00,243.18,0.00,0.71,-12.17,240.40
2008,327,33877.47,0.00,267.21,0.00,7.30,-10.87,266.77
2008,328,33784.34,0.00,248.74,0.00,11.42,-4.49,437.67
2008,329,33694.07,0.00,235.42,0.00,9.80,-4.22,446.83
2008,330,33606.70,0.00,244.34,0.00,8.78,-6.85,365.55
2008,331,33522.30,0.00,248.95,0.00,10.76,-6.51,375.49
2008,332,33440.91,0.00,223.78,0.00,8.00,-5.44,407.46
2008,333,33362.60,1.74,260.41,1.74,8.70,-6.02,389.64
2008,334,33287.41,2.40,156.59,1.62,3.97,-5.71,399.05
2008,335,33215.40,0.00,135.62,0.71,1.76,-3.85,459.46
2008,336,33146.60,0.00,145.74,0.00,2.80,-3.91,457.33
2008,337,33081.08,0.72,272.14,0.72,9.43,-6.76,368.27
2008,338,33018.88,0.00,89.39,0.46,-2.08,-5.39,408.99
2008,339,32960.03,0.00,124.68,0.46,-5.15,-9.82,290.06
2008,340,32904.58,0.00,275.83,0.46,4.06,-12.91,226.35
2008,341,32852.58,0.00,253.72,0.46,1.84,-11.60,251.62
2008,342,32804.06,0.00,251.68,0.46,4.58,-9.29,302.45
2008,343,32759.05,0.00,250.14,0.46,7.23,-7.20,355.89
2008,344,32717.59,0.00,54.85,0.46,-4.70,-6.72,369.49
2008,345,32679.72,0.00,264.89,0.46,2.87,-14.04,206.35
2008,346,32645.45,0.00,260.74,0.46,5.14,-11.67,250.25
2008,347,32614.81,0.00,220.06,0.19,6.61,-5.35,410.17
2008,348,32587.83,0.00,232.69,0.00,14.34,-4.13,449.95
2008,349,32564.53,0.00,97.33,0.00,-4.68,-9.64,294.19
2008,350,32544.93,0.00,114.58,0.00,-14.98,-20.82,116.29
2008,351,32529.04,3.60,135.03,3.60,-12.48,-21.16,112.86
2008,352,32516.87,0.00,223.51,3.60,-8.34,-20.45,120.11
2008,353,32508.43,15.51,184.87,19.11,-2.53,-17.15,159.38
2008,354,32503.74,3.80,134.27,22.91,-6.13,-14.67,196.02
2008,355,32502.79,3.67,69.28,26.58,-7.56,-11.59,251.79
2008,356,32505.58,0.00,100.23,26.58,-16.45,-20.70,117.53
2008,357,32512.11,0.89,269.36,27.47,-6.42,-23.64,90.61
2008,358,32522.38,0.00,279.26,27.47,0.76,-20.38,120.83
2008,359,32536.38,0.00,165.42,27.47,-7.75,-15.19,187.67
2008,360,32554.10,0.00,279.00,27.47,5.37,-15.86,177.51
2008,361,32575.52,0.00,278.65,27.47,14.65,-8.82,313.65
2008,362,32600.63,0.00,62.63,27.19,-2.83,-5.32,411.19
2008,363,32629.41,0.00,254.94,27.19,7.22,-7.81,339.44
2008,364,32661.83,0.00,243.83,27.19,7.02,-6.62,372.23
2008,365,32697.87,0.00,213.11,26.28,7.11,-3.84,459.77
2009,1,32737.70,0.00,277.02,55.36,5.75,-13.11,222.65
2009,2,32780.92,0.00,225.65,55.23,6.56,-5.68,399.90
2009,3,32827.67,0.00,173.91,55.23,1.85,-6.60,372.65
2009,4,32877.92,0.00,191.83,55.23,-5.81,-15.12,188.84
2009,5,32931.64,0.00,279.34,55.23,3.18,-14.99,190.81
2009,6,32988.77,0.00,274.21,55.23,6.53,-10.71,270.32
2009,7,33049.29,0.00,193.04,55.23,-0.45,-9.75,291.71
2009,8,33113.14,0.00,252.50,55.23,1.92,-11.84,246.79
2009,9,33180.29,1.76,239.41,56.99,2.27,-10.15,282.42
2009,10,33250.69,0.00,148.66,56.99,-3.12,-9.78,290.90
2009,11,33324.28,1.16,228.61,58.15,1.01,-10.30,279.26
2009,12,33401.03,0.79,251.93,58.93,3.91,-9.25,303.43
2009,13,33480.87,0.00,310.06,58.93,3.72,-18.58,141.13
2009,14,33563.76,0.00,201.96,58.93,-10.29,-19.37,131.82
2009,15,33649.64,1.30,242.61,60.24,-13.08,-24.60,83.16
2009,16,33738.45,0.00,321.39,60.24,0.33,-23.51,91.73
2009,17,33830.15,0.00,298.07,60.24,4.82,-12.56,232.86
2009,18,33924.67,0.00,231.97,58.86,8.32,-2.71,500.20
2009,19,34021.95,0.00,203.31,58.86,2.16,-6.81,366.69
2009,20,34121.95,0.00,169.17,58.86,0.95,-6.20,384.41
2009,21,34224.60,0.00,298.98,58.86,9.80,-6.76,368.21
2009,22,34329.83,0.00,308.94,58.57,12.66,-5.31,411.43
2009,23,34437.60,0.00,112.68,58.57,-2.81,-7.22,355.42
2009,24,34547.84,2.24,157.56,60.81,-9.55,-18.17,146.17
2009,25,34660.49,0.00,154.44,60.81,-11.20,-17.18,158.91
2009,26,34775.50,0.61,147.09,61.43,-10.27,-15.89,177.16
2009,27,34892.79,0.00,214.38,61.43,-9.36,-17.89,149.61
2009,28,35012.32,0.00,348.47,61.43,2.54,-18.43,142.90
2009,29,35134.03,0.00,338.80,61.43,2.52,-15.68,180.26
2009,30,35257.84,0.00,283.04,61.43,4.35,-8.01,334.23
2009,31,35383.71,0.00,345.46,61.28,13.95,-5.65,389.55
2009,32,35511.58,0.00,238.95,60.06,6.44,-3.10,486.10
2009,33,35641.38,0.00,294.64,60.06,4.55,-8.12,331.33
2009,34,35773.06,0.00,245.23,60.06,-6.48,-15.85,177.76
2009,35,35906.57,0.00,343.79,60.06,0.07,-16.03,175.03
2009,36,36041.84,0.00,384.52,60.06,13.23,-12.83,216.63
2009,37,36178.83,0.00,379.36,60.06,17.25,-6.85,331.33
2009,38,36317.47,0.00,358.99,59.22,15.07,-3.99,425.17
2009,39,36457.71,1.07,296.38,58.73,7.71,-4.85,425.95
2009,40,36599.50,2.58,260.98,57.39,14.56,-2.81,496.71
2009,41,36742.78,0.00,294.21,53.53,16.28,3.21,763.67
2009,42,36887.51,0.00,201.55,50.95,7.82,0.13,616.70
2009,43,37033.62,0.00,285.45,49.62,8.46,-2.83,495.71
2009,44,37181.08,6.38,76.86,48.99,-1.17,-4.50,437.57
2009,45,37329.83,0.00,308.42,48.99,-2.68,-14.36,200.98
2009,46,37479.83,0.00,330.89,48.99,-0.14,-12.70,230.32
2009,47,37631.02,0.00,365.72,48.99,4.61,-10.28,279.53
2009,48,37783.36,0.00,386.34,48.99,8.93,-8.04,332.19
2009,49,37936.81,0.00,160.62,48.45,0.39,-4.71,430.51
2009,50,38091.31,0.00,370.52,48.45,2.39,-12.23,239.26
2009,51,38246.83,0.00,421.96,48.45,8.94,-11.44,247.47
2009,52,38403.32,0.00,264.24,48.45,-1.42,-10.00,285.89
2009,53,38560.74,0.00,338.94,48.45,0.83,-11.18,260.23
2009,54,38719.05,0.00,400.06,48.45,5.37,-10.94,265.25
2009,55,38878.21,0.00,445.56,48.45,15.37,-8.10,287.13
2009,56,39038.18,0.00,359.71,46.03,14.00,-0.25,563.83
2009,57,39198.92,0.00,172.31,43.77,5.04,-0.62,583.78
2009,58,39360.39,8.25,174.84,52.02,-5.43,-12.72,229.94
2009,59,39522.56,0.00,195.28,52.02,-8.47,-14.22,203.34
2009,60,39685.39,0.00,283.22,52.02,-9.62,-18.17,146.14
2009,61,39848.84,0.00,441.06,52.02,-1.28,-18.04,147.78
2009,62,40012.88,0.00,441.03,52.02,3.37,-13.55,214.86
2009,63,40177.47,0.00,443.83,51.60,12.66,-4.98,381.52
2009,64,40342.59,0.00,478.33,49.82,21.83,-1.76,425.44
2009,65,40508.20,5.31,301.22,47.47,14.32,-0.42,592.45
2009,66,40674.27,0.00,218.52,45.14,5.88,-0.45,591.18
2009,67,40840.76,0.00,207.83,42.84,5.16,-0.53,587.76
2009,68,41007.64,1.77,301.97,40.76,7.35,-1.04,555.22
2009,69,41174.89,0.00,105.87,39.95,-1.71,-4.09,451.40
2009,70,41342.48,0.00,330.17,39.95,-5.92,-14.37,200.85
2009,71,41510.37,0.00,485.65,39.95,2.02,-14.26,183.58
2009,72,41678.54,0.00,508.75,39.95,8.70,-10.65,213.97
2009,73,41846.95,0.00,489.11,39.11,13.26,-4.00,332.62
2009,74,42015.58,0.00,504.68,38.01,16.06,-3.38,323.22
2009,75,42184.41,0.00,525.52,35.05,25.45,1.04,376.17
2009,76,42353.39,0.00,472.55,31.28,19.91,2.99,501.68
2009,77,42522.51,0.00,388.44,27.27,15.37,3.54,621.64
2009,78,42691.75,0.00,483.98,25.15,16.05,-0.96,390.99
2009,79,42861.06,0.00,444.79,22.80,14.08,-0.39,440.89
2009,80,43030.42,0.00,518.48,19.77,22.36,1.20,393.28
2009,81,43199.81,0.43,490.67,15.51,22.15,4.14,504.38
2009,82,43369.21,5.32,295.33,9.39,21.29,8.59,952.11
2009,83,43538.57,0.00,270.54,7.01,7.12,-0.34,576.01
2009,84,43707.88,0.00,485.80,5.56,13.67,-2.56,245.69
2009,85,43877.12,0.00,308.19,3.98,5.86,-2.24,373.85
2009,86,44046.24,0.00,356.65,3.98,2.95,-6.43,247.86
2009,87,44215.22,0.00,453.18,3.98,7.04,-6.20,179.96
2009,88,44384.05,0.00,547.95,3.98,14.06,-6.60,125.65
2009,89,44552.68,0.00,566.13,3.46,19.71,-4.74,146.22
2009,90,44721.10,0.00,145.48,0.98,3.58,-0.11,605.95
2009,91,44889.26,0.00,518.26,0.59,12.43,-5.06,142.47
2009,92,45057.15,0.00,515.94,0.13,12.22,-4.91,144.20
2009,93,45224.74,0.00,496.00,0.00,16.61,-3.64,159.84
2009,94,45391.99,8.65,319.71,0.00,12.39,-1.93,299.72
2009,95,45558.88,2.08,97.54,0.00,3.19,-0.21,601.31
2009,96,45725.37,0.00,293.77,0.00,3.49,-4.87,355.63
2009,97,45891.44,0.00,508.92,0.00,13.99,-6.51,162.73
2009,98,46057.04,0.00,519.84,0.00,16.82,-5.56,156.83
2009,99,46222.16,1.55,244.10,0.00,7.88,0.60,539.98
2009,100,46386.76,0.00,434.99,0.00,14.41,-0.61,287.68
2009,101,46550.80,0.00,501.90,0.00,17.63,-2.33,198.47
2009,102,46714.26,3.54,281.03,0.00,11.30,-0.63,428.78
2009,103,46877.09,0.00,341.11,0.00,13.87,3.45,491.94
2009,104,47039.26,0.00,509.89,0.00,18.45,-1.21,211.97
2009,105,47200.73,1.55,513.88,0.00,19.87,0.13,221.28
2009,106,47361.47,0.00,433.83,0.00,21.43,7.28,436.60
2009,107,47521.44,4.24,309.60,0.00,20.74,7.40,627.75
2009,108,47680.60,3.33,276.04,0.00,19.01,7.73,755.38
2009,109,47838.91,0.00,345.12,0.00,16.06,5.99,616.95
2009,110,47996.34,0.00,406.37,0.00,16.53,4.44,480.61
2009,111,48152.83,0.00,516.76,0.00,21.77,3.29,310.09
2009,112,48308.35,0.00,555.15,0.00,27.75,3.71,282.83
2009,113,48462.86,0.00,544.99,0.00,30.45,7.29,368.99
2009,114,48616.30,0.00,498.88,0.00,31.10,12.67,542.50
2009,115,48768.65,3.20,142.28,0.00,11.08,5.75,918.84
2009,116,48919.84,15.34,226.83,0.00,14.92,6.09,808.58
2009,117,49069.84,0.68,199.57,0.00,10.42,4.94,868.26
2009,118,49218.59,1.10,475.25,0.00,16.20,0.90,401.81
2009,119,49366.06,0.75,496.54,0.00,19.87,3.42,439.54
2009,120,49512.18,0.75,317.17,0.00,19.87,10.76,1003.56
2009,121,49656.91,0.63,359.12,0.00,15.82,5.73,697.75
2009,122,49800.19,0.00,465.21,0.00,19.93,5.55,546.68
2009,123,49941.98,0.00,492.09,0.00,21.75,6.02,522.01
2009,124,50082.23,1.39,382.03,0.00,20.73,9.96,841.98
2009,125,50220.87,0.70,489.61,0.00,23.54,7.64,577.62
2009,126,50357.86,1.41,504.21,0.00,26.87,9.54,614.48
2009,127,50493.13,1.51,516.52,0.00,28.75,10.47,632.69
2009,128,50626.65,0.00,425.19,0.00,24.63,11.86,878.60
2009,129,50758.33,0.00,467.19,0.00,20.99,6.48,593.11
2009,130,50888.14,0.00,384.52,0.00,16.89,6.07,690.30
2009,131,51016.01,0.00,493.02,0.00,21.03,5.57,508.93
2009,132,51141.89,24.09,301.29,0.00,18.06,6.61,799.17
2009,133,51265.71,0.00,410.46,0.00,23.31,11.18,1007.34
2009,134,51387.41,0.00,487.64,0.00,19.48,4.41,594.65
2009,135,51506.95,0.00,498.58,0.00,21.87,6.24,614.73
2009,136,51624.25,0.00,452.89,0.00,17.92,4.84,625.07
2009,137,51739.26,0.00,526.11,0.00,22.64,5.20,541.97
2009,138,51851.92,0.00,561.44,0.00,29.80,7.87,562.50
2009,139,51962.16,0.00,531.56,0.00,31.80,12.15,770.21
2009,140,52069.93,0.00,456.07,0.00,30.63,15.65,1113.01
2009,141,52175.18,0.00,429.41,0.00,26.91,13.66,1055.84
2009,142,52277.83,0.00,516.60,0.00,29.15,11.43,769.79
2009,143,52377.83,6.14,374.54,0.00,29.97,12.91,1078.69
2009,144,52475.12,0.00,434.50,0.00,28.21,15.05,1178.38
2009,145,52569.65,0.00,407.10,0.00,28.18,15.93,1300.46
2009,146,52661.35,5.99,97.28,0.00,18.87,15.57,1767.60
2009,147,52750.17,0.00,227.21,0.00,15.96,10.02,1228.69
2009,148,52836.06,0.00,522.27,0.00,27.91,10.18,779.49
2009,149,52918.95,0.00,520.17,0.00,28.57,11.03,767.85
2009,150,52998.80,0.00,497.73,0.00,29.49,12.99,897.18
2009,151,53075.55,6.38,413.58,0.00,30.88,9.17,798.38
2009,152,53149.15,5.90,291.12,0.00,25.93,14.06,1423.42
2009,153,53219.56,1.66,220.10,0.00,22.54,16.34,1857.47
2009,154,53286.71,0.00,434.53,0.00,22.98,9.99,939.31
2009,155,53350.58,0.00,450.96,0.00,24.50,10.76,953.21
2009,156,53411.10,44.84,371.64,0.00,28.74,12.00,1095.85
2009,157,53468.24,7.12,358.11,0.00,27.13,11.33,1261.90
2009,158,53521.96,15.29,282.38,0.00,23.12,12.13,1414.13
2009,159,53572.22,0.00,272.60,0.00,19.09,11.79,1382.87
2009,160,53618.98,2.60,302.63,0.00,20.48,8.93,1142.40
2009,161,53662.21,0.00,405.46,0.00,22.27,10.62,1236.71
2009,162,53701.88,0.00,317.90,0.00,22.24,13.50,1546.95
2009,163,53737.95,15.64,195.80,0.00,20.54,13.65,1561.94
2009,164,53770.39,0.00,357.99,0.00,22.87,13.04,1500.51
2009,165,53799.20,5.43,294.67,0.00,24.34,13.28,1524.56
2009,166,53824.33,8.45,290.51,0.00,25.94,14.93,1696.47
2009,167,53845.77,0.00,380.25,0.00,28.37,17.42,1988.44
2009,168,53863.52,0.00,467.35,0.00,33.11,17.91,1887.72
2009,169,53877.54,25.52,324.01,0.00,33.18,19.54,2270.96
2009,170,53887.83,3.32,269.97,0.00,27.65,17.87,2045.74
2009,171,53894.39,29.30,305.86,0.00,28.42,16.92,1927.09
2009,172,53897.21,0.00,422.00,0.00,31.49,18.99,2194.93
2009,173,53896.28,0.00,433.69,0.00,33.57,20.16,2359.94
2009,174,53891.61,0.00,441.01,0.00,36.14,21.58,2576.01
2009,175,53883.20,7.88,216.15,0.00,29.85,22.18,2672.69
2009,176,53871.05,0.00,390.21,0.00,32.94,21.34,2538.09
2009,177,53855.19,0.00,377.40,0.00,31.31,20.38,2392.72
2009,178,53835.61,0.00,251.59,0.00,28.55,21.99,2641.54
2009,179,53812.33,0.00,503.91,0.00,29.60,13.57,1548.55
2009,180,53785.38,0.00,508.94,0.00,31.01,14.24,1604.24
2009,181,53754.77,0.00,420.25,0.00,26.81,15.62,1773.79
2009,182,53720.52,0.00,508.43,0.00,28.78,12.84,1478.17
2009,183,53682.67,0.00,487.30,0.00,29.85,14.64,1665.20
2009,184,53641.23,7.44,174.51,0.00,22.90,17.36,1980.81
2009,185,53596.25,0.00,149.82,0.00,22.09,18.72,2158.54
2009,186,53547.75,0.00,460.70,0.00,27.83,15.02,1707.09
2009,187,53495.77,0.00,486.27,0.00,30.08,15.49,1758.87
2009,188,53440.35,8.13,353.48,0.00,30.27,16.34,1857.72
2009,189,53381.52,5.68,336.56,0.00,29.35,16.54,1881.25
2009,190,53319.34,0.00,411.72,0.00,28.40,17.27,1970.02
2009,191,53253.84,0.00,290.71,0.00,27.92,20.66,2433.84
2009,192,53185.07,0.00,286.54,0.00,27.63,20.53,2414.69
2009,193,53113.07,0.00,370.21,0.00,28.05,18.44,2120.71
2009,194,53037.90,0.00,370.26,0.00,27.41,17.89,2048.10
2009,195,52959.61,0.00,439.99,0.00,31.57,18.65,2148.97
2009,196,52878.25,0.00,409.16,0.00,28.38,17.33,1977.95
2009,197,52793.86,24.12,271.28,0.00,24.51,15.57,1767.94
2009,198,52706.52,0.00,476.44,0.00,23.96,10.96,1308.12
2009,199,52616.26,0.00,492.72,0.00,24.81,10.80,1294.95
2009,200,52523.15,5.59,386.40,0.00,27.57,11.30,1338.13
2009,201,52427.24,6.63,261.31,0.00,21.67,13.31,1528.08
2009,202,52328.60,0.00,379.50,0.00,25.84,16.18,1838.85
2009,203,52227.28,0.00,502.20,0.00,29.21,13.38,1535.07
2009,204,52123.34,0.00,485.93,0.00,29.19,14.35,1634.55
2009,205,52016.83,1.00,499.35,0.00,33.63,16.16,1835.44
2009,206,51907.83,0.00,393.80,0.00,28.95,18.02,2065.82
2009,207,51796.38,0.00,458.49,0.00,28.75,15.06,1710.86
2009,208,51682.55,0.00,412.14,0.00,27.36,15.78,1791.64
2009,209,51566.39,0.00,294.61,0.00,24.12,16.80,1911.91
2009,210,51447.98,0.00,459.91,0.00,25.53,12.52,1450.23
2009,211,51327.36,0.00,439.07,0.00,24.64,12.63,1461.49
2009,212,51204.60,16.22,393.57,0.00,29.62,11.16,1326.16
2009,213,51079.75,0.00,447.04,0.00,24.63,12.24,1424.08
2009,214,50952.88,0.00,519.44,0.00,32.34,12.83,1480.58
2009,215,50824.04,1.87,482.41,0.00,31.77,15.01,1705.42
2009,216,50693.30,0.82,350.11,0.00,28.32,18.36,2110.05
2009,217,50560.70,0.00,405.67,0.00,27.63,15.78,1792.36
2009,218,50426.31,20.65,315.16,0.00,26.99,14.66,1667.95
2009,219,50290.17,0.00,482.53,0.00,34.25,16.43,1867.87
2009,220,50152.36,0.00,409.65,0.00,35.87,21.73,2599.56
2009,221,50012.92,8.93,152.68,0.00,26.11,20.58,2422.75
2009,222,49871.90,0.00,386.95,0.00,28.37,16.76,1907.31
2009,223,49729.36,0.00,457.28,0.00,30.60,15.00,1704.18
2009,224,49585.35,0.00,464.56,0.00,33.21,16.12,1831.12
2009,225,49439.93,0.00,409.65,0.00,32.22,18.39,2114.26
2009,226,49293.13,19.37,295.15,0.00,31.28,18.30,2101.83
2009,227,49145.03,26.15,225.36,0.00,27.52,18.57,2137.83
2009,228,48995.65,0.00,297.08,0.00,25.59,17.02,1938.83
2009,229,48845.05,0.00,411.76,0.00,26.64,13.70,1566.75
2009,230,48693.28,7.87,324.77,0.00,27.91,13.70,1567.24
2009,231,48540.39,17.76,292.95,0.00,27.29,15.01,1705.25
2009,232,48386.41,0.00,334.76,0.00,23.21,13.51,1547.41
2009,233,48231.40,0.00,311.21,0.00,22.17,13.44,1540.71
2009,234,48075.39,0.00,441.17,0.00,24.70,10.47,1266.60
2009,235,47918.43,0.00,459.81,0.00,26.84,11.07,1318.52
2009,236,47760.56,0.00,454.87,0.00,30.62,13.97,1594.40
2009,237,47601.82,4.95,248.72,0.00,27.70,17.54,2003.51
2009,238,47442.25,47.83,105.87,0.00,23.39,19.54,2270.91
2009,239,47281.90,0.00,286.59,0.00,24.79,16.53,1879.35
2009,240,47120.79,0.00,391.45,0.00,24.40,12.36,1435.04
2009,241,46958.96,0.00,340.42,0.00,21.50,11.76,1379.66
2009,242,46796.46,0.00,376.73,0.00,20.63,9.75,1207.20
2009,243,46633.32,0.00,444.50,0.00,21.15,6.91,995.10
2009,244,46469.57,0.00,453.74,0.00,22.35,7.37,1027.11
2009,245,46305.25,9.23,316.50,0.00,23.91,10.50,1269.24
2009,246,46140.39,37.86,111.22,0.00,18.33,14.56,1656.84
2009,247,45975.02,0.00,349.98,0.00,24.38,14.14,1611.86
2009,248,45809.18,0.00,419.57,0.00,26.15,12.34,1433.71
2009,249,45642.90,0.00,418.46,0.00,26.07,12.34,1433.69
2009,250,45476.21,0.00,368.41,0.00,24.96,13.83,1579.81
2009,251,45309.14,0.00,385.61,0.00,28.00,15.30,1738.06
2009,252,45141.72,0.00,345.27,0.00,26.53,15.82,1796.12
2009,253,44973.98,0.00,400.79,0.00,27.12,13.65,1562.15
2009,254,44805.95,1.78,409.69,0.00,27.83,13.63,1560.27
2009,255,44637.65,0.00,331.21,0.00,24.74,14.81,1683.82
2009,256,44469.13,0.00,350.80,0.00,26.26,15.30,1737.13
2009,257,44300.40,0.00,362.90,0.00,25.65,14.08,1606.00
2009,258,44131.49,0.00,315.07,0.00,23.87,14.40,1639.65
2009,259,43962.43,0.00,412.61,0.00,27.33,12.27,1427.03
2009,260,43793.25,0.00,409.09,0.00,27.18,12.19,1419.18
2009,261,43623.98,0.00,401.24,0.00,26.70,12.11,1412.21
2009,262,43454.64,0.00,404.42,0.00,24.68,9.98,1225.82
2009,263,43285.25,7.98,318.50,0.00,27.50,9.96,1223.88
2009,264,43115.86,2.15,171.65,0.00,18.70,11.98,1399.88
2009,265,42946.48,0.00,315.21,0.00,17.17,7.64,1046.26
2009,266,42777.13,0.00,406.18,0.00,22.32,7.35,1025.88
2009,267,42607.86,0.00,391.39,0.00,21.84,7.68,1049.40
2009,268,42438.68,1.69,384.65,0.00,22.07,7.82,1058.92
2009,269,42269.62,0.00,341.10,0.00,23.06,10.94,1307.22
2009,270,42100.71,0.00,381.47,0.00,26.60,11.08,1319.10
2009,271,41931.98,0.00,331.42,0.00,19.16,7.59,1042.96
2009,272,41763.45,0.00,407.98,0.00,20.51,3.14,765.09
2009,273,41595.16,1.63,410.00,0.00,21.95,3.57,788.72
2009,274,41427.12,1.73,274.38,0.00,16.97,7.69,1049.64
2009,275,41259.38,1.40,107.11,0.00,11.27,8.14,1082.88
2009,276,41091.96,0.00,237.01,0.00,13.57,5.89,927.81
2009,277,40924.88,0.00,384.73,0.00,15.55,-0.26,599.20
2009,278,40758.19,13.09,281.33,0.00,17.19,1.67,688.90
2009,279,40591.91,0.00,140.18,0.00,11.30,6.90,994.29
2009,280,40426.06,0.00,406.17,0.00,22.12,0.97,655.03
2009,281,40260.69,0.00,213.60,0.00,9.48,2.43,727.39
2009,282,40095.83,5.26,230.18,0.00,11.95,0.71,643.15
2009,283,39931.50,0.00,228.66,0.00,3.76,-3.72,463.85
2009,284,39767.75,1.33,217.65,0.00,3.77,-3.25,480.76
2009,285,39604.60,0.00,204.91,0.00,6.25,-0.38,593.82
2009,286,39442.10,4.03,151.88,0.00,6.46,-0.09,606.85
2009,287,39280.27,4.97,130.83,0.00,5.76,0.24,621.32
2009,288,39119.16,0.00,193.53,0.00,9.01,2.73,743.03
2009,289,38958.80,0.00,180.39,0.00,8.80,3.07,761.44
2009,290,38799.22,0.00,197.70,0.00,9.74,3.45,782.20
2009,291,38640.48,0.00,363.93,0.00,19.21,1.36,673.98
2009,292,38482.61,0.00,355.08,0.00,20.97,3.40,779.39
2009,293,38325.64,8.60,198.12,0.00,16.84,7.20,1015.01
2009,294,38169.63,20.14,108.91,0.00,15.60,10.75,1289.97
2009,295,38014.60,26.62,39.22,0.00,4.98,3.85,804.26
2009,296,37860.62,2.00,223.86,0.00,8.71,1.39,675.36
2009,297,37707.72,1.46,326.92,0.00,13.00,-0.74,578.79
2009,298,37555.94,0.00,312.31,0.00,12.60,0.01,611.20
2009,299,37405.33,0.00,326.85,0.00,13.36,-1.14,561.84
2009,300,37255.95,0.00,328.33,0.00,14.69,-0.62,583.69
2009,301,37107.83,10.05,238.08,0.00,15.72,1.10,661.20
2009,302,36961.03,12.59,117.02,0.00,13.62,8.38,1100.18
2009,303,36815.60,3.15,78.74,0.00,8.48,5.28,889.10
2009,304,36671.58,0.00,317.22,0.00,14.81,-0.09,606.70
2009,305,36529.03,0.00,328.74,0.00,22.28,0.96,654.73
2009,306,36388.00,0.00,231.77,0.00,12.72,3.80,801.46
2009,307,36248.55,0.00,305.42,0.00,11.55,-3.17,483.30
2009,308,36110.73,0.00,303.57,0.00,13.49,-1.68,540.19
2009,309,35974.58,0.00,315.32,0.00,19.20,-1.01,567.22
2009,310,35840.18,0.00,302.16,0.00,20.46,2.50,730.90
2009,311,35707.57,0.00,282.79,0.00,20.34,4.84,862.22
2009,312,35576.81,0.00,286.10,0.00,22.64,5.40,896.59
2009,313,35447.96,0.00,263.95,0.00,16.53,2.83,748.30
2009,314,35321.07,0.00,268.71,0.00,16.54,1.79,694.73
2009,315,35196.21,0.00,257.00,0.00,15.62,1.76,693.35
2009,316,35073.44,0.00,262.12,0.00,19.03,3.52,785.70
2009,317,34952.81,0.00,89.43,0.00,13.22,9.21,1163.60
2009,318,34834.38,0.00,131.04,0.00,10.32,4.35,833.30
2009,319,34718.21,0.00,155.69,0.00,6.99,-0.19,602.50
2009,320,34604.36,0.00,137.32,0.00,7.48,1.16,664.04
2009,321,34492.90,0.00,223.36,0.00,11.00,-0.69,580.81
2009,322,34383.88,0.00,221.82,0.00,7.46,-3.87,458.92
2009,323,34277.35,0.00,240.01,0.00,10.42,-3.05,487.83
2009,324,34173.39,0.00,251.35,0.00,12.72,-3.01,489.20
2009,325,34072.05,0.00,253.88,0.00,13.75,-3.38,475.78
2009,326,33973.39,0.00,218.28,0.00,13.24,0.10,615.23
2009,327,33877.47,2.41,98.31,0.00,10.00,3.21,768.93
2009,328,33784.34,0.00,92.24,0.00,6.89,2.36,723.67
2009,329,33694.07,0.00,148.24,0.00,7.10,-0.42,592.17
2009,330,33606.70,0.00,184.87,0.00,6.07,-3.68,465.37
2009,331,33522.30,0.00,258.51,0.00,17.56,-3.55,469.85
2009,332,33440.91,0.00,237.01,0.00,14.05,-2.38,512.74
2009,333,33362.60,0.00,164.78,0.00,6.59,-2.59,504.96
2009,334,33287.41,0.00,252.93,0.00,14.70,-6.51,375.39
2009,335,33215.40,0.00,239.89,0.00,14.19,-3.91,457.24
2009,336,33146.60,0.00,91.03,0.00,2.43,-2.33,514.75
2009,337,33081.08,0.00,99.06,0.00,-3.40,-8.44,323.35
2009,338,33018.88,0.00,187.24,0.00,-1.99,-12.55,233.11
2009,339,32960.03,0.00,240.99,0.00,5.70,-11.96,244.49
2009,340,32904.58,4.78,93.30,4.78,-3.67,-9.23,303.90
2009,341,32852.58,2.03,111.68,6.81,-7.89,-14.47,199.21
2009,342,32804.06,19.50,144.14,26.31,-5.32,-13.99,207.31
2009,343,32759.05,0.00,95.00,26.31,-12.66,-16.42,169.45
2009,344,32717.59,0.00,270.77,26.31,-6.70,-22.63,99.15
2009,345,32679.72,0.00,272.29,26.31,-4.56,-21.15,112.97
2009,346,32645.45,0.00,269.23,26.31,0.73,-15.80,178.50
2009,347,32614.81,0.59,128.65,26.90,-3.86,-9.34,301.12
2009,348,32587.83,1.08,89.61,27.99,-11.22,-14.85,193.12
2009,349,32564.53,0.00,186.03,27.99,-11.83,-20.16,123.20
2009,350,32544.93,0.00,262.72,27.99,-3.28,-19.15,134.40
2009,351,32529.04,0.00,230.22,27.99,-0.94,-12.98,225.07
2009,352,32516.87,0.00,182.62,27.99,0.74,-7.82,339.12
2009,353,32508.43,0.00,84.33,27.99,-2.56,-6.03,389.47
2009,354,32503.74,0.00,178.79,27.89,2.24,-5.77,397.20
2009,355,32502.79,0.00,137.24,27.02,1.78,-3.92,457.01
2009,356,32505.58,0.00,119.22,26.79,-0.72,-5.45,407.20
2009,357,32512.11,12.42,60.38,25.52,0.08,-2.97,490.70
2009,358,32522.38,18.53,61.07,44.04,-4.18,-7.16,356.98
2009,359,32536.38,7.83,164.84,51.87,-4.90,-14.39,200.48
2009,360,32554.10,3.49,156.94,55.36,-4.31,-13.06,223.68
2009,361,32575.52,0.00,189.86,55.36,-1.74,-9.14,306.01
2009,362,32600.63,0.00,102.16,55.36,-4.86,-8.34,325.71
2009,363,32629.41,0.00,280.85,55.36,-3.99,-19.03,135.75
2009,364,32661.83,0.00,290.53,55.36,0.49,-17.60,153.35
2009,365,32697.87,0.00,198.85,55.36,-8.82,-15.97,175.94
2010,1,32737.70,0.00,185.69,9.39,-11.89,-18.13,146.70
2010,2,32780.92,4.28,166.98,13.67,-16.63,-24.57,83.33
2010,3,32827.67,0.47,244.05,14.14,-13.76,-23.05,95.57
2010,4,32877.92,0.00,263.46,14.14,-14.20,-25.12,79.28
2010,5,32931.64,0.00,280.43,14.14,-12.01,-25.19,78.81
2010,6,32988.77,6.86,216.02,21.00,-8.62,-22.96,96.30
2010,7,33049.29,0.00,72.82,21.00,-15.87,-17.91,149.44
2010,8,33113.14,0.00,178.99,21.00,-16.58,-22.19,103.15
2010,9,33180.29,0.00,240.75,21.00,-14.32,-22.76,98.07
2010,10,33250.69,0.00,303.65,21.00,-2.29,-21.60,108.66
2010,11,33324.28,0.00,279.98,21.00,-3.51,-15.20,187.56
2010,12,33401.03,0.00,290.53,21.00,-3.34,-16.30,171.12
2010,13,33480.87,0.00,304.20,21.00,4.47,-12.68,230.72
2010,14,33563.76,0.00,256.82,21.00,2.45,-6.93,363.53
2010,15,33649.64,0.00,153.89,21.00,-3.71,-8.27,327.52
2010,16,33738.45,0.00,282.49,21.00,1.43,-9.72,292.29
2010,17,33830.15,0.00,230.37,21.00,-0.35,-7.81,339.53
2010,18,33924.67,0.00,71.25,20.29,-2.43,-4.30,444.05
2010,19,34021.95,9.48,125.89,19.79,0.10,-4.82,427.11
2010,20,34121.95,0.71,95.65,18.21,0.40,-2.23,518.38
2010,21,34224.60,0.00,55.13,15.88,0.83,-0.45,591.15
2010,22,34329.83,3.24,130.76,13.97,3.62,-1.45,549.12
2010,23,34437.60,0.00,225.63,11.94,5.81,-1.17,560.60
2010,24,34547.84,1.58,114.67,10.69,0.08,-3.03,488.63
2010,25,34660.49,0.00,90.54,10.69,-4.19,-6.52,375.23
2010,26,34775.50,0.00,139.54,10.69,-5.54,-9.25,303.39
2010,27,34892.79,0.00,248.14,10.69,-2.46,-9.81,290.35
2010,28,35012.32,0.00,192.82,10.69,-9.27,-14.44,199.70
2010,29,35134.03,0.00,276.70,10.69,-6.54,-14.89,192.52
2010,30,35257.84,0.00,329.26,10.69,-2.34,-14.49,198.96
2010,31,35383.71,0.00,289.49,10.69,-3.95,-12.81,228.13
2010,32,35511.58,0.53,243.74,11.22,-1.46,-8.21,329.10
2010,33,35641.38,0.00,257.86,11.22,-5.40,-12.46,234.70
2010,34,35773.06,0.00,357.89,11.22,2.04,-13.10,222.90
2010,35,35906.57,9.54,258.30,20.77,1.58,-10.46,275.72
2010,36,36041.84,2.67,59.98,19.10,-0.32,-2.02,526.47
2010,37,36178.83,1.95,146.44,17.56,1.08,-2.35,513.91
2010,38,36317.47,1.35,179.95,16.04,1.87,-2.37,512.95
2010,39,36457.71,0.00,165.16,16.04,-4.66,-8.35,325.57
2010,40,36599.50,0.00,384.12,16.04,-5.38,-19.38,131.73
2010,41,36742.78,0.00,377.49,16.04,-5.63,-17.92,149.31
2010,42,36887.51,0.00,399.12,16.04,0.21,-16.87,152.93
2010,43,37033.62,0.00,305.53,16.04,-0.74,-8.03,333.63
2010,44,37181.08,0.00,288.12,15.84,1.05,-5.52,404.47
2010,45,37329.83,1.37,248.42,17.21,-7.39,-12.61,231.88
2010,46,37479.83,0.00,259.22,17.21,-6.71,-12.06,242.56
2010,47,37631.02,0.00,330.50,17.21,-3.21,-10.71,270.18
2010,48,37783.36,0.00,413.58,17.21,-0.96,-14.69,181.56
2010,49,37936.81,0.90,426.62,18.11,2.20,-14.64,171.26
2010,50,38091.31,1.29,269.59,19.40,-2.91,-8.78,314.79
2010,51,38246.83,0.00,208.35,19.23,-1.24,-5.60,402.38
2010,52,38403.32,0.00,210.04,19.19,-1.55,-5.89,393.50
2010,53,38560.74,0.00,323.17,19.19,-4.48,-11.71,249.44
2010,54,38719.05,0.00,369.39,19.19,-4.87,-13.87,209.27
2010,55,38878.21,0.00,417.43,19.19,-7.78,-19.57,129.56
2010,56,39038.18,0.00,448.42,19.19,-3.48,-19.12,128.42
2010,57,39198.92,0.00,451.54,19.19,0.49,-15.59,159.16
2010,58,39360.39,0.00,357.59,19.19,0.31,-8.67,299.25
2010,59,39522.56,0.00,400.79,19.19,0.05,-10.81,242.55
2010,60,39685.39,0.00,409.63,19.19,1.67,-9.50,258.10
2010,61,39848.84,0.00,442.44,19.19,3.15,-10.29,228.21
2010,62,40012.88,0.00,457.66,19.19,4.65,-10.35,216.73
2010,63,40177.47,0.00,468.22,19.19,7.84,-8.63,229.18
2010,64,40342.59,2.69,305.57,18.48,6.84,-4.30,402.73
2010,65,40508.20,0.00,405.39,16.36,9.94,-0.96,432.68
2010,66,40674.27,0.00,165.08,13.38,4.69,1.09,660.74
2010,67,40840.76,7.50,246.90,10.36,9.23,1.19,640.52
2010,68,41007.64,1.72,231.27,7.00,7.27,2.01,705.95
2010,69,41174.89,9.68,157.74,3.90,6.09,1.38,674.99
2010,70,41342.48,13.17,77.64,1.21,2.36,0.40,628.70
2010,71,41510.37,1.72,175.11,0.00,4.30,0.32,624.94
2010,72,41678.54,0.73,266.74,0.00,7.08,0.91,652.15
2010,73,41846.95,0.00,232.81,0.00,6.97,1.77,694.08
2010,74,42015.58,0.00,225.03,0.00,7.69,2.73,743.25
2010,75,42184.41,0.00,212.25,0.00,5.59,1.03,658.16
2010,76,42353.39,0.00,401.23,0.00,11.93,1.03,582.12
2010,77,42522.51,0.00,466.52,0.00,18.43,0.11,472.28
2010,78,42691.75,2.55,203.71,0.00,5.60,-0.42,592.25
2010,79,42861.06,0.00,266.70,0.00,0.36,-5.19,415.32
2010,80,43030.42,0.00,477.37,0.00,8.89,-7.49,302.52
2010,81,43199.81,0.00,493.95,0.00,15.80,-6.91,285.54
2010,82,43369.21,0.00,475.32,0.00,13.36,-3.53,382.96
2010,83,43538.57,0.00,394.34,0.00,11.88,1.17,588.32
2010,84,43707.88,0.00,456.23,0.00,12.65,-1.79,440.52
2010,85,43877.12,2.98,353.25,0.00,14.32,-1.81,489.00
2010,86,44046.24,4.72,254.89,0.00,8.45,0.10,614.98
2010,87,44215.22,0.00,424.13,0.00,14.08,2.35,623.35
2010,88,44384.05,0.00,508.31,0.00,22.54,-0.49,424.55
2010,89,44552.68,0.00,502.03,0.00,23.90,2.69,526.50
2010,90,44721.10,0.00,465.40,0.00,25.48,9.19,845.28
2010,91,44889.26,0.00,494.81,0.00,29.37,8.73,733.07
2010,92,45057.15,0.00,351.02,0.00,19.34,9.89,1050.66
2010,93,45224.74,0.00,503.92,0.00,18.59,0.16,431.23
2010,94,45391.99,0.00,502.39,0.00,19.37,1.09,454.10
2010,95,45558.88,14.50,328.83,0.00,16.06,3.02,680.43
2010,96,45725.37,0.38,387.80,0.00,15.82,5.04,775.97
2010,97,45891.44,3.06,228.27,0.00,12.78,4.97,870.24
2010,98,46057.04,0.00,506.71,0.00,16.72,-1.54,414.63
2010,99,46222.16,0.00,532.66,0.00,23.11,-0.89,390.43
2010,100,46386.76,0.00,473.55,0.00,19.26,2.82,568.25
2010,101,46550.80,0.00,487.99,0.00,23.44,5.05,622.21
2010,102,46714.26,0.00,491.03,0.00,27.82,8.22,735.99
2010,103,46877.09,0.00,389.26,0.00,26.56,13.29,1198.25
2010,104,47039.26,1.02,315.01,0.00,24.14,13.95,1406.36
2010,105,47200.73,4.02,200.08,0.00,22.67,14.11,1609.20
2010,106,47361.47,0.00,309.79,0.00,16.17,6.70,940.40
2010,107,47521.44,0.00,476.90,0.00,18.12,1.09,515.44
2010,108,47680.60,0.00,478.92,0.00,18.50,1.06,510.33
2010,109,47838.91,0.00,487.35,0.00,20.88,2.34,537.63
2010,110,47996.34,3.11,343.41,0.00,20.58,3.98,694.91
2010,111,48152.83,8.98,234.69,0.00,18.54,8.77,1129.85
2010,112,48308.35,10.77,288.80,0.00,19.44,7.03,967.06
2010,113,48462.86,26.42,304.53,0.00,22.56,8.91,1083.14
2010,114,48616.30,0.00,344.80,0.00,21.07,10.18,1219.56
2010,115,48768.65,0.00,119.10,0.00,12.89,9.81,1212.09
2010,116,48919.84,5.68,117.72,0.00,10.59,6.44,963.40
2010,117,49069.84,0.00,402.94,0.00,17.39,5.05,842.88
2010,118,49218.59,0.00,497.18,0.00,22.45,4.97,741.68
2010,119,49366.06,13.62,383.09,0.00,27.42,7.80,978.28
2010,120,49512.18,0.00,326.40,0.00,20.17,10.77,1291.92
2010,121,49656.91,0.00,470.56,0.00,21.52,6.37,872.28
2010,122,49800.19,2.85,367.30,0.00,22.89,6.05,928.75
2010,123,49941.98,1.09,475.87,0.00,20.66,5.30,814.98
2010,124,50082.23,1.20,539.09,0.00,28.66,7.06,826.09
2010,125,50220.87,0.00,427.96,0.00,19.80,6.82,948.47
2010,126,50357.86,9.85,335.98,0.00,19.34,5.39,896.28
2010,127,50493.13,0.00,276.16,0.00,12.79,5.40,896.41
2010,128,50626.65,0.00,414.24,0.00,14.32,2.49,728.93
2010,129,50758.33,0.00,442.50,0.00,15.72,3.01,728.74
2010,130,50888.14,17.27,147.34,0.00,10.38,5.65,912.50
2010,131,51016.01,6.99,173.22,0.00,13.69,8.14,1082.32
2010,132,51141.89,8.15,100.72,0.00,9.26,6.44,963.25
2010,133,51265.71,0.00,392.24,0.00,16.39,6.66,978.13
2010,134,51387.41,0.00,521.11,0.00,20.61,4.64,794.45
2010,135,51506.95,0.00,516.65,0.00,21.15,5.21,824.79
2010,136,51624.25,0.00,324.53,0.00,16.06,8.15,1082.97
2010,137,51739.26,0.00,356.91,0.00,19.45,10.56,1274.50
2010,138,51851.92,0.00,525.27,0.00,23.83,7.37,928.39
2010,139,51962.16,4.47,358.33,0.00,21.56,8.21,1088.01
2010,140,52069.93,14.33,122.27,0.00,14.95,11.47,1353.28
2010,141,52175.18,0.00,414.24,0.00,23.14,12.55,1453.77
2010,142,52277.83,0.00,519.65,0.00,30.16,13.13,1362.59
2010,143,52377.83,0.00,452.78,0.00,31.09,17.68,1908.32
2010,144,52475.12,5.13,266.34,0.00,31.14,21.36,2541.92
2010,145,52569.65,0.00,369.27,0.00,26.56,16.87,1920.68
2010,146,52661.35,0.00,436.18,0.00,27.00,14.70,1637.07
2010,147,52750.17,0.00,478.71,0.00,29.04,14.42,1544.63
2010,148,52836.06,0.00,525.67,0.00,30.70,12.73,1325.57
2010,149,52918.95,0.00,506.22,0.00,30.86,14.36,1493.03
2010,150,52998.80,0.00,260.01,0.00,23.35,16.98,1934.22
2010,151,53075.55,0.00,537.70,0.00,27.81,9.87,1101.91
2010,152,53149.15,28.04,396.86,0.00,30.63,12.04,1402.43
2010,153,53219.56,0.00,368.02,0.00,24.26,14.86,1689.12
2010,154,53286.71,8.32,391.22,0.00,27.94,11.18,1328.12
2010,155,53350.58,29.69,383.23,0.00,30.68,13.77,1573.56
2010,156,53411.10,1.21,442.87,0.00,30.33,17.33,1977.57
2010,157,53468.24,0.86,459.46,0.00,28.60,15.05,1710.08
2010,158,53521.96,22.20,294.13,0.00,25.24,14.92,1695.29
2010,159,53572.22,0.00,423.88,0.00,27.12,15.42,1751.54
2010,160,53618.98,0.00,483.00,0.00,29.73,14.51,1651.68
2010,161,53662.21,29.15,276.46,0.00,26.83,16.78,1910.14
2010,162,53701.88,12.01,296.44,0.00,30.18,18.49,2126.84
2010,163,53737.95,2.33,232.11,0.00,27.42,18.98,2193.64
2010,164,53770.39,20.78,153.12,0.00,22.67,17.63,2015.55
2010,165,53799.20,0.00,279.85,0.00,24.42,17.44,1991.23
2010,166,53824.33,0.00,373.60,0.00,25.73,15.89,1804.69
2010,167,53845.77,0.00,485.89,0.00,31.06,15.34,1741.65
2010,168,53863.52,3.56,358.93,0.00,33.93,17.78,2034.89
2010,169,53877.54,0.00,375.32,0.00,29.94,19.37,2247.17
2010,170,53887.83,8.46,324.17,0.00,28.29,15.64,1775.62
2010,171,53894.39,49.76,165.57,0.00,23.48,17.95,2056.83
2010,172,53897.21,13.01,302.01,0.00,29.45,18.02,2065.54
2010,173,53896.28,15.32,334.45,0.00,32.21,18.40,2114.83
2010,174,53891.61,0.00,254.69,0.00,27.03,20.46,2404.64
2010,175,53883.20,0.00,412.94,0.00,27.58,16.09,1828.37
2010,176,53871.05,0.00,485.54,0.00,33.17,16.87,1921.16
2010,177,53855.19,1.24,430.51,0.00,33.89,20.31,2382.68
2010,178,53835.61,0.00,309.11,0.00,28.54,20.42,2398.09
2010,179,53812.33,0.00,443.87,0.00,30.42,17.42,1989.05
2010,180,53785.38,0.00,435.68,0.00,27.00,14.83,1686.34
2010,181,53754.77,0.00,474.83,0.00,28.69,14.53,1653.76
2010,182,53720.52,0.00,470.79,0.00,29.95,15.83,1797.25
2010,183,53682.67,0.00,450.64,0.00,30.59,17.18,1959.17
2010,184,53641.23,25.92,292.60,0.00,30.54,19.71,2295.99
2010,185,53596.25,24.02,134.99,0.00,24.12,19.96,2331.10
2010,186,53547.75,2.42,257.79,0.00,26.25,17.87,2046.38
2010,187,53495.77,0.00,453.90,0.00,29.99,17.18,1958.99
2010,188,53440.35,5.35,236.42,0.00,26.15,18.62,2145.02
2010,189,53381.52,0.00,382.76,0.00,26.95,17.44,1991.83
2010,190,53319.34,0.00,469.90,0.00,29.51,16.22,1843.17
2010,191,53253.84,22.56,349.31,0.00,30.46,17.04,1941.18
2010,192,53185.07,0.00,422.13,0.00,28.84,17.64,2016.93
2010,193,53113.07,6.84,227.62,0.00,25.58,18.44,2120.82
2010,194,53037.90,0.00,444.92,0.00,31.88,18.89,2181.79
2010,195,52959.61,60.63,347.45,0.00,34.94,19.88,2319.23
2010,196,52878.25,0.00,399.54,0.00,28.99,18.17,2085.32
2010,197,52793.86,0.00,460.97,0.00,32.25,18.13,2080.32
2010,198,52706.52,0.00,448.55,0.00,33.66,19.82,2311.00
2010,199,52616.26,0.00,351.35,0.00,31.26,21.77,2605.81
2010,200,52523.15,20.50,250.23,0.00,29.48,20.87,2466.46
2010,201,52427.24,2.25,261.75,0.00,28.62,19.59,2277.95
2010,202,52328.60,4.52,264.81,0.00,29.72,20.44,2401.41
2010,203,52227.28,7.49,300.50,0.00,33.70,22.02,2646.51
2010,204,52123.34,0.00,377.16,0.00,32.23,21.65,2586.74
2010,205,52016.83,0.00,271.58,0.00,27.32,20.65,2433.02
2010,206,51907.83,0.00,425.51,0.00,28.45,16.98,1934.57
2010,207,51796.38,0.00,452.84,0.00,31.35,18.04,2067.98
2010,208,51682.55,0.00,436.59,0.00,33.56,20.27,2376.90
2010,209,51566.39,0.00,282.98,0.00,28.90,21.83,2615.07
2010,210,51447.98,0.00,390.79,0.00,29.41,19.06,2204.15
2010,211,51327.36,0.00,428.66,0.00,32.12,19.74,2300.19
2010,212,51204.60,0.00,380.16,0.00,31.08,20.90,2470.02
2010,213,51079.75,5.85,324.96,0.00,31.38,19.05,2203.04
2010,214,50952.88,0.00,416.49,0.00,31.99,20.18,2363.56
2010,215,50824.04,1.98,369.99,0.00,31.30,21.23,2520.66
2010,216,50693.30,0.00,332.34,0.00,30.47,21.72,2598.27
2010,217,50560.70,0.00,386.67,0.00,29.60,19.25,2230.33
2010,218,50426.31,0.00,411.12,0.00,30.16,18.65,2148.93
2010,219,50290.17,0.00,430.25,0.00,32.23,19.28,2235.62
2010,220,50152.36,0.00,431.38,0.00,35.20,21.27,2527.64
2010,221,50012.92,0.00,407.43,0.00,33.26,21.02,2489.31
2010,222,49871.90,0.00,412.98,0.00,34.83,21.82,2613.98
2010,223,49729.36,0.00,443.39,0.00,36.06,20.75,2448.66
2010,224,49585.35,0.00,435.44,0.00,35.62,20.83,2460.68
2010,225,49439.93,0.00,390.30,0.00,33.73,21.73,2599.10
2010,226,49293.13,0.00,407.76,0.00,31.05,18.84,2175.12
2010,227,49145.03,0.00,436.62,0.00,28.04,15.14,1719.69
2010,228,48995.65,12.81,357.34,0.00,30.73,14.70,1671.40
2010,229,48845.05,16.33,140.53,0.00,20.13,15.74,1786.99
2010,230,48693.28,0.00,373.52,0.00,27.57,17.24,1966.38
2010,231,48540.39,0.00,435.12,0.00,32.56,18.26,2096.29
2010,232,48386.41,4.85,281.16,0.00,30.66,19.49,2264.95
2010,233,48231.40,0.00,409.89,0.00,33.12,19.75,2301.49
2010,234,48075.39,0.00,422.23,0.00,33.16,18.97,2192.78
2010,235,47918.43,31.93,299.09,0.00,32.18,19.20,2223.96
2010,236,47760.56,0.00,304.37,0.00,25.94,17.55,2005.54
2010,237,47601.82,0.00,466.56,0.00,27.81,11.91,1393.70
2010,238,47442.25,0.00,467.76,0.00,29.43,12.76,1473.90
2010,239,47281.90,0.00,433.45,0.00,29.38,14.65,1666.72
2010,240,47120.79,0.00,447.73,0.00,31.58,15.06,1710.67
2010,241,46958.96,0.00,435.51,0.00,32.59,16.36,1859.78
2010,242,46796.46,0.00,386.02,0.00,32.47,18.92,2185.09
2010,243,46633.32,19.28,246.85,0.00,32.93,21.76,2604.50
2010,244,46469.57,19.21,211.09,0.00,26.76,18.28,2099.58
2010,245,46305.25,0.00,197.14,0.00,22.41,16.90,1924.83
2010,246,46140.39,0.00,373.26,0.00,22.26,10.88,1301.95
2010,247,45975.02,0.00,467.95,0.00,25.34,7.61,1044.42
2010,248,45809.18,0.00,481.63,0.00,31.09,9.48,1184.85
2010,249,45642.90,0.00,433.56,0.00,31.17,13.86,1582.99
2010,250,45476.21,0.00,401.75,0.00,24.47,10.51,1270.05
2010,251,45309.14,0.00,404.60,0.00,24.12,9.89,1218.30
2010,252,45141.72,0.86,355.34,0.00,25.26,13.24,1520.55
2010,253,44973.98,2.46,104.12,0.00,21.06,17.00,1937.24
2010,254,44805.95,0.00,426.36,0.00,26.75,10.53,1271.33
2010,255,44637.65,0.00,445.31,0.00,30.13,10.96,1308.20
2010,256,44469.13,41.17,311.73,0.00,29.60,12.76,1473.55
2010,257,44300.40,0.00,358.50,0.00,28.71,15.43,1751.92
2010,258,44131.49,10.36,235.59,0.00,27.70,16.68,1897.27
2010,259,43962.43,0.00,171.57,0.00,18.99,13.73,1570.34
2010,260,43793.25,21.60,310.50,0.00,29.55,11.95,1397.49
2010,261,43623.98,3.40,90.48,0.00,14.69,11.22,1330.95
2010,262,43454.64,1.41,195.57,0.00,13.78,8.00,1071.92
2010,263,43285.25,0.00,447.60,0.00,32.11,8.98,1145.62
2010,264,43115.86,3.80,215.34,0.00,24.07,14.20,1618.28
2010,265,42946.48,0.00,298.33,0.00,28.74,17.73,2027.72
2010,266,42777.13,15.07,152.16,0.00,24.88,17.98,2060.70
2010,267,42607.86,9.78,271.00,0.00,23.11,9.66,1199.59
2010,268,42438.68,2.13,218.22,0.00,18.81,9.22,1164.57
2010,269,42269.62,0.00,331.97,0.00,19.31,7.88,1063.59
2010,270,42100.71,0.00,413.96,0.00,25.23,6.86,992.07
2010,271,41931.98,0.00,395.85,0.00,24.45,7.75,1054.47
2010,272,41763.45,0.00,393.24,0.00,29.81,11.47,1353.93
2010,273,41595.16,0.00,362.98,0.00,23.98,9.25,1166.66
2010,274,41427.12,0.00,398.19,0.00,26.67,7.61,1043.91
2010,275,41259.38,0.00,286.55,0.00,16.55,6.16,945.34
2010,276,41091.96,0.00,362.13,0.00,16.92,2.06,708.65
2010,277,40924.88,0.00,385.68,0.00,19.77,2.30,720.68
2010,278,40758.19,0.00,397.02,0.00,24.50,4.37,834.59
2010,279,40591.91,0.00,371.46,0.00,25.34,7.58,1041.70
2010,280,40426.06,0.00,376.74,0.00,25.05,6.30,954.02
2010,281,40260.69,0.00,398.67,0.00,32.58,6.57,972.38
2010,282,40095.83,0.00,345.79,0.00,27.32,10.00,1226.97
2010,283,39931.50,0.86,334.60,0.00,25.51,8.91,1140.91
2010,284,39767.75,0.00,282.43,0.00,22.18,9.60,1194.61
2010,285,39604.60,0.00,286.21,0.00,23.43,10.45,1265.06
2010,286,39442.10,0.00,322.45,0.00,20.33,5.17,882.47
2010,287,39280.27,0.00,368.72,0.00,24.47,2.97,756.02
2010,288,39119.16,0.00,353.70,0.00,22.94,3.19,767.58
2010,289,38958.80,0.00,337.66,0.00,22.41,3.83,803.08
2010,290,38799.22,0.00,315.28,0.00,19.24,3.01,757.84
2010,291,38640.48,0.00,290.59,0.00,17.36,2.78,745.73
2010,292,38482.61,0.00,335.90,0.00,21.03,1.05,658.97
2010,293,38325.64,0.00,347.20,0.00,23.89,1.27,669.37
2010,294,38169.63,0.00,281.49,0.00,18.80,3.66,793.47
2010,295,38014.60,0.00,307.57,0.00,23.15,4.62,849.36
2010,296,37860.62,0.00,275.39,0.00,25.03,8.69,1123.52
2010,297,37707.72,0.00,120.93,0.00,16.89,10.83,1296.97
2010,298,37555.94,6.79,192.76,0.00,22.17,7.36,1026.30
2010,299,37405.33,0.00,167.52,0.00,16.15,7.46,1033.78
2010,300,37255.95,0.00,131.17,0.00,12.41,5.91,928.92
2010,301,37107.83,0.00,259.95,0.00,12.69,-1.64,541.73
2010,302,36961.03,0.00,324.81,0.00,21.80,-2.00,527.40
2010,303,36815.60,0.00,292.24,0.00,20.06,1.06,659.32
2010,304,36671.58,0.00,166.03,0.00,11.19,2.59,735.74
2010,305,36529.03,0.00,229.04,0.00,14.74,1.81,695.68
2010,306,36388.00,0.00,275.46,0.00,15.89,-1.49,547.61
2010,307,36248.55,0.00,278.06,0.00,17.57,-0.63,583.21
2010,308,36110.73,0.00,173.85,0.00,11.63,2.24,717.69
2010,309,35974.58,0.00,251.03,0.00,11.17,-3.80,461.23
2010,310,35840.18,0.00,296.13,0.00,18.58,-3.39,475.76
2010,311,35707.57,0.00,288.01,0.00,23.19,1.34,673.07
2010,312,35576.81,0.00,252.10,0.00,23.40,6.16,944.84
2010,313,35447.96,0.00,236.92,0.00,22.11,6.44,963.88
2010,314,35321.07,0.00,130.34,0.00,13.08,5.80,922.09
2010,315,35196.21,23.13,189.64,0.00,13.06,-3.67,465.63
2010,316,35073.44,21.08,85.41,0.00,3.93,-2.16,521.32
2010,317,34952.81,0.00,139.34,0.00,7.34,-0.19,602.32
2010,318,34834.38,0.00,177.13,0.00,8.93,-0.90,571.85
2010,319,34718.21,0.00,228.24,0.00,12.45,-1.57,544.58
2010,320,34604.36,0.00,194.61,0.00,9.39,-1.69,539.47
2010,321,34492.90,0.00,123.16,0.00,5.57,-0.87,572.92
2010,322,34383.88,0.00,198.80,0.00,6.73,-4.41,440.61
2010,323,34277.35,0.00,212.25,0.00,8.06,-4.07,452.01
2010,324,34173.39,0.00,112.80,0.00,2.64,-2.96,491.25
2010,325,34072.05,0.00,118.54,0.00,2.96,-2.82,496.22
2010,326,33973.39,0.00,46.36,0.00,0.17,-1.58,543.88
2010,327,33877.47,0.00,207.66,0.00,1.11,-10.06,284.59
2010,328,33784.34,0.00,236.16,0.00,4.29,-9.92,287.71
2010,329,33694.07,0.00,182.49,0.00,-1.17,-10.67,271.06
2010,330,33606.70,0.00,258.11,0.00,8.35,-11.03,263.35
2010,331,33522.30,0.00,254.94,0.00,12.34,-7.46,348.76
2010,332,33440.91,0.00,252.22,0.00,13.59,-6.05,388.81
2010,333,33362.60,0.45,160.02,0.00,9.25,0.47,631.84
2010,334,33287.41,0.00,66.46,0.00,-3.33,-6.45,377.09
2010,335,33215.40,0.00,196.91,0.00,0.54,-10.58,273.00
2010,336,33146.60,0.00,236.74,0.00,5.90,-10.15,282.45
2010,337,33081.08,0.00,193.27,0.00,4.90,-6.06,388.44
2010,338,33018.88,0.00,105.74,0.00,-0.10,-5.34,410.57
2010,339,32960.03,0.00,155.48,0.00,-3.36,-11.27,258.41
2010,340,32904.58,0.00,228.35,0.00,1.59,-12.76,229.21
2010,341,32852.58,0.00,207.18,0.00,-1.20,-12.70,230.22
2010,342,32804.06,0.00,229.73,0.00,2.46,-11.94,244.88
2010,343,32759.05,0.00,249.83,0.00,11.77,-9.98,286.25
2010,344,32717.59,0.00,231.44,0.00,11.27,-5.21,414.51
2010,345,32679.72,2.32,66.48,2.32,-5.95,-9.60,294.98
2010,346,32645.45,0.00,133.15,2.32,-11.49,-17.15,159.33
2010,347,32614.81,0.00,211.25,2.32,-7.27,-17.48,154.93
2010,348,32587.83,0.00,240.23,2.32,-0.72,-13.92,208.50
2010,349,32564.53,4.39,79.84,6.71,-2.94,-7.44,349.43
2010,350,32544.93,0.00,137.40,6.71,-1.27,-7.17,356.90
2010,351,32529.04,0.00,136.71,6.71,-1.60,-7.46,348.75
2010,352,32516.87,0.00,197.59,6.71,-2.10,-11.22,259.40
2010,353,32508.43,0.00,224.72,6.71,1.13,-10.11,283.42
2010,354,32503.74,0.00,204.80,5.96,5.81,-4.21,447.09
2010,355,32502.79,0.00,79.27,5.12,-0.75,-3.99,454.52
2010,356,32505.58,0.00,169.79,5.12,-2.51,-10.15,282.54
2010,357,32512.11,1.58,170.52,6.69,-0.10,-7.75,341.20
2010,358,32522.38,0.00,71.54,5.79,-1.05,-3.84,459.81
2010,359,32536.38,0.00,42.02,5.63,-4.40,-5.64,401.36
2010,360,32554.10,0.00,131.08,5.63,-6.49,-11.51,253.55
2010,361,32575.52,0.00,259.27,5.63,0.12,-13.61,213.86
2010,362,32600.63,0.00,277.10,5.63,8.22,-11.59,251.82
2010,363,32629.41,0.00,272.68,5.63,9.64,-8.51,321.37
2010,364,32661.83,0.00,271.21,4.83,15.46,-4.09,438.00
2010,365,32697.87,4.56,56.45,9.39,-9.74,-12.47,234.60
2011,1,32737.70,0.00,185.90,2.60,-7.69,-15.74,179.31
2011,2,32780.92,0.00,265.04,2.60,0.89,-14.52,198.41
2011,3,32827.67,0.00,272.18,2.60,3.56,-13.33,218.72
2011,4,32877.92,0.00,273.00,2.60,2.98,-13.81,210.26
2011,5,32931.64,0.00,278.11,2.60,4.87,-13.12,222.53
2011,6,32988.77,0.00,268.72,2.60,6.75,-8.95,310.63
2011,7,33049.29,0.00,158.64,1.76,2.60,-4.00,454.36
2011,8,33113.14,0.00,90.65,1.76,-6.60,-10.05,284.81
2011,9,33180.29,9.90,61.87,11.66,-6.56,-9.61,294.80
2011,10,33250.69,2.79,97.21,14.46,-4.60,-9.60,295.04
2011,11,33324.28,0.00,109.26,14.46,-12.81,-16.87,163.12
2011,12,33401.03,0.00,182.21,14.46,-13.01,-20.16,123.17
2011,13,33480.87,0.00,293.58,14.46,-5.39,-22.04,104.50
2011,14,33563.76,0.00,272.53,14.46,-3.15,-16.38,170.03
2011,15,33649.64,0.00,103.50,14.46,-6.70,-10.46,275.76
2011,16,33738.45,0.00,219.97,14.46,-2.37,-11.33,257.07
2011,17,33830.15,0.00,293.19,14.46,5.21,-10.55,273.67
2011,18,33924.67,0.86,81.95,15.31,-8.95,-11.73,248.98
2011,19,34021.95,2.35,101.87,17.66,-12.96,-17.78,151.07
2011,20,34121.95,0.00,251.97,17.66,-8.08,-18.37,143.71
2011,21,34224.60,0.00,251.53,17.66,-7.16,-17.28,157.54
2011,22,34329.83,6.95,200.46,24.61,-2.78,-13.82,210.09
2011,23,34437.60,0.00,206.50,24.61,-12.73,-20.14,123.33
2011,24,34547.84,0.00,338.67,24.61,2.95,-20.70,117.49
2011,25,34660.49,0.00,311.38,24.61,0.99,-13.63,213.42
2011,26,34775.50,0.00,250.82,24.61,-0.72,-10.20,281.47
2011,27,34892.79,0.00,317.10,24.61,5.00,-9.91,287.85
2011,28,35012.32,0.00,318.53,24.61,8.64,-6.44,377.40
2011,29,35134.03,0.00,242.49,24.61,2.21,-6.56,373.98
2011,30,35257.84,0.00,167.63,24.61,-7.06,-12.51,233.77
2011,31,35383.71,3.05,168.42,27.66,-6.11,-13.66,212.96
2011,32,35511.58,1.93,155.85,29.59,-12.38,-17.10,160.06
2011,33,35641.38,0.00,199.80,29.59,-12.84,-18.79,138.57
2011,34,35773.06,0.00,357.47,29.59,-3.64,-19.43,131.15
2011,35,35906.57,0.00,372.99,29.59,2.76,-16.99,161.47
2011,36,36041.84,1.98,353.78,31.57,2.89,-11.68,249.97
2011,37,36178.83,0.00,223.03,31.57,0.13,-6.49,375.94
2011,38,36317.47,0.00,131.16,31.57,-9.81,-13.36,218.19
2011,39,36457.71,0.00,246.51,31.57,-14.52,-21.72,107.52
2011,40,36599.50,0.00,343.96,31.57,-8.79,-20.98,114.72
2011,41,36742.78,0.00,389.17,31.57,2.47,-16.21,171.04
2011,42,36887.51,0.00,390.54,31.57,6.67,-12.26,221.48
2011,43,37033.62,0.00,347.77,31.07,8.37,-4.79,398.20
2011,44,37181.08,0.00,387.09,29.11,17.01,-1.35,443.28
2011,45,37329.83,0.00,263.78,26.60,8.62,-0.03,609.56
2011,46,37479.83,0.00,358.19,24.46,13.25,-0.89,492.68
2011,47,37631.02,0.00,369.80,22.40,13.81,-1.10,474.12
2011,48,37783.36,0.00,401.33,19.87,20.23,0.02,458.06
2011,49,37936.81,0.00,366.27,18.40,12.39,-2.49,436.25
2011,50,38091.31,1.65,361.24,16.91,11.85,-2.47,441.26
2011,51,38246.83,0.00,303.60,14.87,9.53,-1.14,538.07
2011,52,38403.32,0.00,214.07,14.87,-3.33,-9.91,288.04
2011,53,38560.74,0.00,396.98,14.87,3.24,-12.93,215.52
2011,54,38719.05,0.00,431.66,14.87,9.21,-11.53,214.10
2011,55,38878.21,0.00,117.26,14.87,-3.31,-6.54,374.61
2011,56,39038.18,1.51,187.50,16.39,-7.30,-12.58,232.54
2011,57,39198.92,0.00,318.13,16.39,-2.61,-12.23,239.10
2011,58,39360.39,0.00,359.82,16.39,1.20,-10.18,281.88
2011,59,39522.56,0.00,371.64,16.39,1.90,-10.02,279.60
2011,60,39685.39,0.00,467.21,16.39,14.74,-9.30,224.40
2011,61,39848.84,0.00,394.98,16.39,1.89,-11.75,239.03
2011,62,40012.88,0.00,476.88,16.39,15.45,-10.35,197.11
2011,63,40177.47,0.00,154.66,15.84,-0.24,-4.70,431.07
2011,64,40342.59,0.00,386.89,15.84,1.65,-11.39,212.09
2011,65,40508.20,0.00,445.89,15.84,6.40,-10.57,188.74
2011,66,40674.27,2.13,198.71,15.08,3.49,-4.18,448.15
2011,67,40840.76,2.72,132.91,13.37,2.94,-1.95,529.54
2011,68,41007.64,0.00,154.85,11.78,1.96,-2.21,519.20
2011,69,41174.89,0.00,483.15,11.78,11.81,-8.30,188.99
2011,70,41342.48,0.00,507.67,11.78,19.29,-6.61,173.33
2011,71,41510.37,0.00,256.92,10.05,5.51,-1.87,490.46
2011,72,41678.54,0.00,246.60,9.37,2.36,-4.38,429.56
2011,73,41846.95,0.00,468.92,8.86,11.78,-4.80,198.91
2011,74,42015.58,0.00,505.59,8.33,15.70,-4.73,149.73
2011,75,42184.41,0.00,522.14,6.67,22.52,-2.05,181.37
2011,76,42353.39,0.00,472.84,3.37,19.00,1.85,245.70
2011,77,42522.51,0.00,357.54,0.00,15.53,3.10,391.47
2011,78,42691.75,0.00,403.19,0.00,15.38,0.68,290.28
2011,79,42861.06,0.00,447.79,0.00,20.44,1.95,247.62
2011,80,43030.42,0.00,399.29,0.00,17.93,3.64,336.66
2011,81,43199.81,0.00,462.57,0.00,25.00,4.66,303.78
2011,82,43369.21,0.00,207.89,0.00,8.99,2.64,611.92
2011,83,43538.57,8.52,205.80,0.00,5.44,-2.90,435.58
2011,84,43707.88,0.00,196.52,0.00,2.33,-3.19,482.68
2011,85,43877.12,1.82,95.45,0.00,0.90,-1.40,551.11
2011,86,44046.24,0.00,205.95,0.00,3.05,-2.67,495.58
2011,87,44215.22,2.32,266.13,0.00,6.83,-3.94,390.04
2011,88,44384.05,0.00,260.15,0.00,4.03,-3.21,437.57
2011,89,44552.68,0.00,345.13,0.00,8.05,-2.01,386.82
2011,90,44721.10,0.36,250.68,0.00,6.59,-0.01,539.42
2011,91,44889.26,0.00,458.52,0.00,16.51,1.37,317.86
2011,92,45057.15,0.00,514.71,0.00,21.61,0.40,229.64
2011,93,45224.74,0.00,504.39,0.00,21.73,1.98,261.51
2011,94,45391.99,0.00,345.46,0.00,11.18,1.58,456.93
2011,95,45558.88,0.00,528.84,0.00,22.82,-0.67,202.10
2011,96,45725.37,0.00,480.51,0.00,18.78,2.01,292.96
2011,97,45891.44,5.08,173.19,0.00,13.29,6.91,930.62
2011,98,46057.04,0.00,258.07,0.00,13.89,6.73,794.05
2011,99,46222.16,0.00,523.82,0.00,30.67,8.19,394.07
2011,100,46386.76,0.00,420.62,0.00,22.51,9.91,471.72
2011,101,46550.80,0.00,457.18,0.00,18.84,4.50,300.12
2011,102,46714.26,0.00,533.09,0.00,23.93,1.81,244.87
2011,103,46877.09,0.00,516.11,0.00,23.24,3.68,282.23
2011,104,47039.26,18.29,261.13,0.00,16.99,7.12,649.67
2011,105,47200.73,25.05,63.59,0.00,7.48,5.84,924.48
2011,106,47361.47,0.00,497.69,0.00,16.44,0.18,423.01
2011,107,47521.44,1.67,458.42,0.00,12.60,-0.95,432.83
2011,108,47680.60,16.03,281.51,0.00,10.28,0.32,613.59
2011,109,47838.91,1.64,103.45,0.00,5.03,2.96,755.54
2011,110,47996.34,0.00,403.93,0.00,12.03,1.64,607.77
2011,111,48152.83,0.00,348.53,0.00,10.36,2.09,675.47
2011,112,48308.35,0.00,503.33,0.00,20.52,5.06,622.42
2011,113,48462.86,0.00,261.53,0.00,11.52,5.43,898.74
2011,114,48616.30,0.00,497.43,0.00,14.35,-0.18,445.95
2011,115,48768.65,11.80,270.98,0.00,9.73,0.72,643.54
2011,116,48919.84,0.57,267.02,0.00,12.99,6.52,968.64
2011,117,49069.84,0.00,472.59,0.00,16.82,3.30,609.78
2011,118,49218.59,0.00,522.41,0.00,21.38,4.06,574.82
2011,119,49366.06,1.81,540.10,0.00,25.70,5.83,604.78
2011,120,49512.18,0.00,448.18,0.00,20.38,7.11,790.50
2011,121,49656.91,0.00,456.11,0.00,17.09,3.81,644.12
2011,122,49800.19,0.00,461.20,0.00,14.82,1.75,558.68
2011,123,49941.98,0.00,528.29,0.00,17.28,0.33,447.64
2011,124,50082.23,0.56,563.13,0.00,23.56,1.86,440.09
2011,125,50220.87,0.37,474.86,0.00,20.23,6.32,700.69
2011,126,50357.86,0.00,571.06,0.00,26.94,3.71,477.61
2011,127,50493.13,0.00,548.45,0.00,27.24,6.76,595.26
2011,128,50626.65,0.00,495.48,0.00,30.18,13.23,963.41
2011,129,50758.33,0.00,527.01,0.00,35.39,15.18,993.33
2011,130,50888.14,11.25,326.30,0.00,35.31,20.18,1896.32
2011,131,51016.01,18.14,253.31,0.00,27.95,17.78,1960.65
2011,132,51141.89,46.96,242.30,0.00,23.47,14.48,1647.67
2011,133,51265.71,0.00,114.74,0.00,10.10,7.68,1049.20
2011,134,51387.41,0.00,250.38,0.00,11.33,5.41,897.48
2011,135,51506.95,0.00,433.36,0.00,17.03,5.12,876.79
2011,136,51624.25,0.00,517.95,0.00,19.24,3.01,701.76
2011,137,51739.26,0.00,529.14,0.00,21.03,3.70,720.61
2011,138,51851.92,0.00,494.74,0.00,20.49,5.29,827.20
2011,139,51962.16,36.76,314.15,0.00,21.54,9.36,1175.53
2011,140,52069.93,14.57,195.39,0.00,19.49,12.62,1460.03
2011,141,52175.18,0.00,331.99,0.00,24.98,15.56,1767.25
2011,142,52277.83,0.00,377.24,0.00,25.50,14.61,1662.56
2011,143,52377.83,0.00,420.54,0.00,26.54,13.71,1568.02
2011,144,52475.12,24.20,248.89,0.00,22.64,13.54,1550.65
2011,145,52569.65,8.62,104.23,0.00,17.82,14.45,1644.63
2011,146,52661.35,0.00,408.20,0.00,19.15,7.86,1061.97
2011,147,52750.17,1.16,280.79,0.00,15.62,8.59,1116.08
2011,148,52836.06,4.27,324.49,0.00,23.74,11.32,1340.22
2011,149,52918.95,0.00,430.15,0.00,25.44,13.10,1506.41
2011,150,52998.80,14.01,364.04,0.00,31.15,14.86,1689.64
2011,151,53075.55,0.00,442.52,0.00,26.83,13.70,1566.61
2011,152,53149.15,0.00,512.94,0.00,29.23,11.57,1362.44
2011,153,53219.56,0.00,466.47,0.00,29.62,14.76,1678.37
2011,154,53286.71,0.00,432.96,0.00,32.55,18.86,2176.52
2011,155,53350.58,0.00,381.98,0.00,30.13,19.06,2204.12
2011,156,53411.10,0.00,483.66,0.00,34.87,18.01,2064.62
2011,157,53468.24,0.00,481.33,0.00,37.11,19.63,2280.10
2011,158,53521.96,0.00,434.43,0.00,35.79,21.55,2570.62
2011,159,53572.22,0.00,269.42,0.00,28.38,21.47,2558.28
2011,160,53618.98,6.78,147.79,0.00,19.33,14.98,1701.94
2011,161,53662.21,0.00,272.00,0.00,19.11,13.09,1505.47
2011,162,53701.88,0.30,472.09,0.00,23.90,11.26,1334.65
2011,163,53737.95,0.00,446.59,0.00,24.74,12.79,1476.47
2011,164,53770.39,0.00,248.62,0.00,21.73,15.92,1808.30
2011,165,53799.20,6.30,254.35,0.00,24.83,16.50,1876.60
2011,166,53824.33,0.00,467.38,0.00,28.58,15.23,1729.41
2011,167,53845.77,0.00,506.23,0.00,29.34,13.71,1567.67
2011,168,53863.52,21.78,369.56,0.00,31.78,16.26,1847.98
2011,169,53877.54,4.53,320.78,0.00,26.76,15.47,1756.81
2011,170,53887.83,18.74,343.32,0.00,29.79,16.51,1876.99
2011,171,53894.39,18.36,315.31,0.00,29.78,18.03,2066.20
2011,172,53897.21,3.79,189.66,0.00,22.68,16.78,1910.12
2011,173,53896.28,0.00,253.11,0.00,21.93,16.18,1838.16
2011,174,53891.61,0.00,415.64,0.00,24.21,13.76,1573.10
2011,175,53883.20,34.60,338.35,0.00,25.38,13.20,1516.77
2011,176,53871.05,1.82,436.77,0.00,26.51,14.72,1673.54
2011,177,53855.19,17.25,232.90,0.00,24.43,16.87,1920.68
2011,178,53835.61,0.00,357.82,0.00,25.56,16.63,1891.48
2011,179,53812.33,0.00,487.70,0.00,26.64,12.55,1453.88
2011,180,53785.38,0.00,515.02,0.00,31.44,14.31,1630.13
2011,181,53754.77,0.00,488.25,0.00,36.16,19.03,2200.36
2011,182,53720.52,0.00,435.56,0.00,36.25,22.22,2678.39
2011,183,53682.67,10.10,299.25,0.00,28.92,18.22,2091.87
2011,184,53641.23,5.15,260.95,0.00,27.38,18.63,2146.75
2011,185,53596.25,0.00,410.64,0.00,28.83,17.85,2043.05
2011,186,53547.75,12.78,310.29,0.00,30.02,18.84,2174.69
2011,187,53495.77,9.93,304.51,0.00,29.97,19.24,2228.87
2011,188,53440.35,0.00,408.20,0.00,29.28,18.68,2152.26
2011,189,53381.52,0.00,437.73,0.00,30.67,18.52,2131.03
2011,190,53319.34,0.00,435.09,0.00,31.89,19.35,2244.36
2011,191,53253.84,5.39,301.85,0.00,33.84,22.02,2646.23
2011,192,53185.07,0.00,362.65,0.00,31.44,21.60,2579.17
2011,193,53113.07,2.79,135.85,0.00,24.60,20.43,2399.90
2011,194,53037.90,0.00,327.36,0.00,27.61,19.48,2263.62
2011,195,52959.61,0.00,394.08,0.00,31.04,20.24,2371.85
2011,196,52878.25,3.66,280.69,0.00,33.05,22.61,2742.62
2011,197,52793.86,0.00,378.90,0.00,34.67,23.80,2948.01
2011,198,52706.52,0.00,391.97,0.00,35.96,24.35,3046.16
2011,199,52616.26,0.00,398.60,0.00,36.55,24.47,3067.49
2011,200,52523.15,0.00,404.49,0.00,36.10,23.92,2967.62
2011,201,52427.24,8.62,304.76,0.00,36.73,24.24,3026.05
2011,202,52328.60,13.97,274.99,0.00,30.79,21.07,2496.15
2011,203,52227.28,0.00,406.96,0.00,33.02,21.24,2523.16
2011,204,52123.34,0.00,371.75,0.00,33.19,22.68,2754.75
2011,205,52016.83,0.00,372.00,0.00,31.71,21.52,2565.73
2011,206,51907.83,0.00,421.31,0.00,32.72,20.40,2395.05
2011,207,51796.38,4.69,319.53,0.00,33.93,20.92,2473.23
2011,208,51682.55,17.16,314.03,0.00,33.98,21.16,2510.12
2011,209,51566.39,3.01,263.03,0.00,30.71,21.21,2518.78
2011,210,51447.98,1.01,271.17,0.00,28.64,21.89,2625.10
2011,211,51327.36,0.00,374.73,0.00,32.05,21.87,2621.60
2011,212,51204.60,0.00,395.22,0.00,33.53,22.31,2693.40
2011,213,51079.75,0.00,434.78,0.00,37.34,23.02,2812.04
2011,214,50952.88,0.00,320.48,0.00,32.57,23.97,2977.46
2011,215,50824.04,0.00,381.68,0.00,30.26,20.08,2349.26
2011,216,50693.30,8.50,274.20,0.00,29.22,19.77,2304.14
2011,217,50560.70,2.71,229.64,0.00,27.97,20.49,2408.40
2011,218,50426.31,15.04,316.74,0.00,32.55,20.28,2378.38
2011,219,50290.17,13.67,318.49,0.00,30.92,18.91,2184.24
2011,220,50152.36,0.00,421.00,0.00,29.77,18.15,2083.09
2011,221,50012.92,0.00,388.18,0.00,27.69,17.70,2024.30
2011,222,49871.90,0.00,379.73,0.00,25.68,16.23,1844.74
2011,223,49729.36,30.31,351.14,0.00,28.17,14.28,1626.57
2011,224,49585.35,10.22,331.15,0.00,28.02,15.35,1743.29
2011,225,49439.93,0.00,362.55,0.00,26.53,17.15,1955.12
2011,226,49293.13,3.59,329.82,0.00,27.75,15.09,1714.27
2011,227,49145.03,3.00,282.35,0.00,25.57,15.76,1789.92
2011,228,48995.65,0.66,252.27,0.00,24.52,18.46,2122.79
2011,229,48845.05,0.00,384.08,0.00,29.00,18.51,2129.63
2011,230,48693.28,20.79,314.57,0.00,30.94,18.53,2132.35
2011,231,48540.39,1.50,427.37,0.00,28.26,16.01,1818.93
2011,232,48386.41,0.00,386.38,0.00,26.33,16.03,1820.94
2011,233,48231.40,0.00,411.06,0.00,28.24,16.60,1888.21
2011,234,48075.39,0.00,426.82,0.00,30.61,17.58,2009.11
2011,235,47918.43,0.00,413.56,0.00,32.83,19.74,2299.56
2011,236,47760.56,0.00,351.37,0.00,29.91,20.06,2345.96
2011,237,47601.82,0.00,456.51,0.00,28.27,13.85,1581.81
2011,238,47442.25,0.00,440.01,0.00,28.19,14.64,1665.17
2011,239,47281.90,0.00,387.63,0.00,28.68,17.41,1987.07
2011,240,47120.79,0.00,361.30,0.00,26.15,16.15,1835.34
2011,241,46958.96,16.02,314.49,0.00,27.11,14.39,1638.30
2011,242,46796.46,4.50,300.83,0.00,27.56,15.52,1762.03
2011,243,46633.32,0.00,409.63,0.00,31.99,18.47,2124.27
2011,244,46469.57,0.00,415.74,0.00,34.28,19.43,2255.69
2011,245,46305.25,15.21,255.29,0.00,31.28,20.74,2447.08
2011,246,46140.39,1.31,214.83,0.00,24.40,18.71,2156.68
2011,247,45975.02,0.00,409.72,0.00,22.76,10.48,1267.31
2011,248,45809.18,0.00,442.79,0.00,21.72,7.65,1046.85
2011,249,45642.90,0.00,444.99,0.00,22.74,8.13,1081.74
2011,250,45476.21,0.00,453.66,0.00,24.30,8.46,1106.37
2011,251,45309.14,0.00,431.43,0.00,24.19,9.63,1196.91
2011,252,45141.72,0.00,444.05,0.00,27.39,10.81,1295.20
2011,253,44973.98,0.00,410.06,0.00,27.19,12.85,1481.89
2011,254,44805.95,0.00,430.07,0.00,29.47,12.90,1487.08
2011,255,44637.65,0.00,440.45,0.00,32.89,13.72,1569.37
2011,256,44469.13,1.87,272.33,0.00,21.53,13.37,1533.50
2011,257,44300.40,2.71,151.89,0.00,16.42,10.76,1291.23
2011,258,44131.49,3.56,254.22,0.00,13.17,3.08,761.78
2011,259,43962.43,0.82,280.62,0.00,12.01,4.03,814.93
2011,260,43793.25,1.61,189.49,0.00,13.22,8.04,1074.99
2011,261,43623.98,1.91,340.23,0.00,21.21,10.44,1263.68
2011,262,43454.64,0.00,437.37,0.00,27.34,8.72,1126.29
2011,263,43285.25,0.00,379.14,0.00,23.08,9.65,1198.78
2011,264,43115.86,0.00,358.27,0.00,20.88,8.75,1128.58
2011,265,42946.48,0.00,408.25,0.00,19.66,4.47,840.31
2011,266,42777.13,0.00,429.57,0.00,20.32,2.67,739.88
2011,267,42607.86,0.00,430.97,0.00,21.58,3.05,759.96
2011,268,42438.68,0.00,400.95,0.00,19.92,4.14,820.74
2011,269,42269.62,0.00,420.90,0.00,22.68,4.00,813.16
2011,270,42100.71,0.00,423.75,0.00,26.16,5.45,900.01
2011,271,41931.98,0.00,413.90,0.00,29.70,8.43,1103.85
2011,272,41763.45,0.00,355.98,0.00,23.37,8.59,1115.78
2011,273,41595.16,0.00,368.77,0.00,21.56,5.90,928.36
2011,274,41427.12,0.00,400.83,0.00,22.78,3.58,789.36
2011,275,41259.38,0.00,402.63,0.00,26.26,5.28,889.34
2011,276,41091.96,0.00,392.01,0.00,28.13,7.08,1006.58
2011,277,40924.88,0.00,389.69,0.00,32.21,9.35,1174.63
2011,278,40758.19,0.00,326.16,0.00,28.69,12.67,1465.08
2011,279,40591.91,0.00,310.55,0.00,27.78,12.82,1479.64
2011,280,40426.06,0.00,269.63,0.00,27.70,15.15,1721.20
2011,281,40260.69,2.70,134.51,0.00,26.34,18.40,2115.64
2011,282,40095.83,5.64,199.43,0.00,26.69,14.47,1647.17
2011,283,39931.50,0.00,227.07,0.00,22.71,12.93,1490.15
2011,284,39767.75,6.86,233.43,0.00,24.63,9.73,1205.40
2011,285,39604.60,0.00,249.83,0.00,20.60,9.89,1218.36
2011,286,39442.10,0.00,291.73,0.00,22.50,8.94,1143.08
2011,287,39280.27,0.00,213.40,0.00,16.33,7.34,1025.18
2011,288,39119.16,0.00,355.34,0.00,22.97,2.79,746.53
2011,289,38958.80,0.00,301.24,0.00,17.28,2.60,736.09
2011,290,38799.22,6.52,113.95,0.00,9.97,3.56,788.03
2011,291,38640.48,0.00,191.91,0.00,11.93,3.57,788.81
2011,292,38482.61,0.00,234.53,0.00,9.31,-1.01,567.41
2011,293,38325.64,0.00,285.16,0.00,11.88,-1.77,536.58
2011,294,38169.63,0.00,354.25,0.00,21.37,-1.81,535.03
2011,295,38014.60,1.39,291.88,0.00,15.64,0.48,632.35
2011,296,37860.62,0.00,334.28,0.00,24.98,3.09,762.19
2011,297,37707.72,0.00,332.51,0.00,25.51,3.12,764.02
2011,298,37555.94,0.00,285.39,0.00,21.57,5.29,889.77
2011,299,37405.33,0.00,99.59,0.00,10.71,6.26,951.82
2011,300,37255.95,0.00,261.96,0.00,13.67,0.25,621.86
2011,301,37107.83,0.00,276.44,0.00,14.02,-0.60,584.75
2011,302,36961.03,0.00,319.02,0.00,18.08,-2.41,511.44
2011,303,36815.60,0.00,301.14,0.00,16.27,-1.91,531.03
2011,304,36671.58,0.00,318.23,0.00,19.10,-2.74,499.35
2011,305,36529.03,0.00,303.73,0.00,18.53,-1.23,558.02
2011,306,36388.00,14.65,45.25,0.00,8.09,5.66,912.72
2011,307,36248.55,0.00,234.47,0.00,10.12,-1.69,539.79
2011,308,36110.73,0.00,282.03,0.00,12.66,-3.67,465.66
2011,309,35974.58,0.00,272.41,0.00,15.39,-0.49,589.30
2011,310,35840.18,0.00,204.39,0.00,13.42,2.98,756.24
2011,311,35707.57,15.93,196.52,0.00,13.28,-2.03,526.36
2011,312,35576.81,0.00,169.43,0.00,7.42,-0.98,568.58
2011,313,35447.96,0.00,195.10,0.00,9.66,-0.45,591.07
2011,314,35321.07,0.00,208.43,0.00,8.76,-2.22,518.99
2011,315,35196.21,0.00,283.07,0.00,18.45,-2.00,527.45
2011,316,35073.44,0.00,237.38,0.00,12.91,-1.24,557.93
2011,317,34952.81,0.00,192.14,0.00,12.49,1.76,693.51
2011,318,34834.38,0.00,192.60,0.00,15.10,4.23,826.42
2011,319,34718.21,0.00,172.91,0.00,12.68,3.28,772.68
2011,320,34604.36,0.00,206.18,0.00,6.63,-4.98,421.93
2011,321,34492.90,0.00,248.64,0.00,9.52,-6.79,367.42
2011,322,34383.88,0.00,257.79,0.00,13.52,-5.11,417.71
2011,323,34277.35,0.00,135.44,0.00,7.15,-0.32,596.47
2011,324,34173.39,0.00,166.08,0.00,1.06,-7.96,335.67
2011,325,34072.05,0.00,205.71,0.00,3.28,-8.69,316.89
2011,326,33973.39,0.00,229.03,0.00,7.09,-7.24,354.90
2011,327,33877.47,0.00,230.38,0.00,12.42,-2.44,510.35
2011,328,33784.34,0.00,262.01,0.00,21.96,-1.32,554.35
2011,329,33694.07,0.00,166.00,0.00,14.11,4.20,824.30
2011,330,33606.70,0.00,90.60,0.00,7.68,2.80,747.10
2011,331,33522.30,0.00,169.33,0.00,4.34,-5.21,414.73
2011,332,33440.91,0.00,246.93,0.00,9.22,-9.03,308.64
2011,333,33362.60,0.00,223.23,0.00,6.92,-7.63,344.34
2011,334,33287.41,0.00,238.88,0.00,11.43,-5.86,394.41
2011,335,33215.40,0.00,122.92,0.00,2.19,-4.20,447.43
2011,336,33146.60,2.17,197.17,2.17,3.26,-13.39,217.75
2011,337,33081.08,17.86,176.76,20.04,1.47,-11.71,249.47
2011,338,33018.88,0.00,115.83,20.04,-2.40,-7.76,340.92
2011,339,32960.03,0.00,181.71,20.04,-5.50,-14.24,202.99
2011,340,32904.58,0.00,182.14,20.04,-8.74,-17.49,154.89
2011,341,32852.58,0.00,264.80,20.04,-0.75,-17.38,156.26
2011,342,32804.06,3.05,144.50,23.08,-2.29,-11.94,244.91
2011,343,32759.05,0.37,122.20,23.45,-4.78,-10.40,277.06
2011,344,32717.59,0.00,271.68,23.45,0.38,-18.35,143.86
2011,345,32679.72,0.00,260.00,23.45,4.36,-12.36,236.74
2011,346,32645.45,0.00,119.58,21.12,5.23,-0.46,590.59
2011,347,32614.81,9.72,83.59,18.82,4.70,-0.51,588.38
2011,348,32587.83,2.49,133.97,16.49,8.58,-0.46,590.41
2011,349,32564.53,0.00,88.08,15.06,1.37,-2.58,505.30
2011,350,32544.93,0.00,217.16,15.06,2.96,-8.54,320.81
2011,351,32529.04,0.00,260.65,15.06,10.18,-7.59,345.29
2011,352,32516.87,0.00,250.26,14.26,11.92,-4.11,450.47
2011,353,32508.43,0.00,102.14,12.93,1.80,-2.83,495.88
2011,354,32503.74,0.00,92.47,11.77,0.87,-3.23,481.38
2011,355,32502.79,0.57,226.41,11.22,7.81,-4.70,430.95
2011,356,32505.58,0.00,103.75,10.80,-0.49,-5.00,421.32
2011,357,32512.11,0.00,251.07,10.80,4.15,-10.67,271.07
2011,358,32522.38,0.00,266.88,10.80,9.02,-9.34,301.08
2011,359,32536.38,0.00,251.69,10.80,8.82,-6.46,376.86
2011,360,32554.10,0.00,243.01,10.03,10.34,-4.16,448.95
2011,361,32575.52,0.00,186.48,8.47,6.93,-2.29,516.08
2011,362,32600.63,0.00,249.72,7.54,11.59,-3.79,461.45
2011,363,32629.41,0.00,254.83,6.64,12.46,-3.84,459.75
2011,364,32661.83,0.00,202.24,4.51,9.20,-0.93,570.55
2011,365,32697.87,1.73,216.74,2.60,9.98,-1.45,549.08
2012,1,32737.70,0.00,134.79,5.66,5.17,-1.94,529.76
2012,2,32780.92,0.00,162.97,5.66,0.38,-8.25,328.13
2012,3,32827.67,0.00,266.22,5.66,9.52,-10.13,282.94
2012,4,32877.92,0.00,266.67,5.66,13.59,-6.57,373.74
2012,5,32931.64,0.00,269.17,4.08,19.65,-2.24,518.00
2012,6,32988.77,0.00,206.09,2.24,10.23,-1.61,542.87
2012,7,33049.29,0.00,196.50,1.88,5.62,-5.15,416.62
2012,8,33113.14,0.00,221.33,1.58,7.42,-5.30,411.64
2012,9,33180.29,0.00,246.52,0.80,11.32,-4.13,449.82
2012,10,33250.69,0.00,274.93,0.14,16.21,-4.42,440.24
2012,11,33324.28,0.00,139.96,0.00,3.65,-4.18,448.03
2012,12,33401.03,0.00,70.04,0.00,-8.48,-11.98,244.09
2012,13,33480.87,0.00,220.38,0.00,-0.75,-14.58,197.41
2012,14,33563.76,0.00,258.56,0.00,7.01,-13.19,221.27
2012,15,33649.64,0.00,240.89,0.00,12.44,-4.54,436.27
2012,16,33738.45,0.32,110.45,0.00,3.67,-2.16,521.12
2012,17,33830.15,0.00,135.18,0.00,-3.85,-10.89,266.41
2012,18,33924.67,0.00,257.64,0.00,4.10,-13.91,208.61
2012,19,34021.95,0.00,115.47,0.00,-8.90,-14.66,196.10
2012,20,34121.95,0.00,199.05,0.00,-4.62,-15.46,183.63
2012,21,34224.60,0.00,227.06,0.00,-0.98,-14.07,205.97
2012,22,34329.83,1.90,291.87,1.90,7.01,-10.53,272.85
2012,23,34437.60,0.00,121.97,1.49,0.32,-5.04,420.09
2012,24,34547.84,0.00,273.96,1.49,2.00,-12.53,233.51
2012,25,34660.49,0.00,285.95,1.49,4.35,-11.23,247.21
2012,26,34775.50,0.00,279.39,1.49,8.70,-6.13,348.04
2012,27,34892.79,0.00,241.43,1.17,6.32,-5.23,403.24
2012,28,35012.32,0.00,271.41,1.17,7.48,-6.14,355.65
2012,29,35134.03,0.00,268.61,1.17,6.49,-6.63,347.60
2012,30,35257.84,0.00,342.82,0.78,20.83,-5.08,287.88
2012,31,35383.71,0.00,262.38,0.00,15.37,-0.09,512.94
2012,32,35511.58,0.00,294.87,0.00,16.19,-3.92,362.88
2012,33,35641.38,0.00,286.25,0.00,12.88,-4.94,354.37
2012,34,35773.06,12.71,156.24,0.00,7.22,-2.99,490.14
2012,35,35906.57,16.71,35.19,0.00,0.09,-1.32,554.43
2012,36,36041.84,0.00,144.38,0.00,-2.27,-8.26,327.79
2012,37,36178.83,0.00,295.00,0.00,2.49,-13.23,220.61
2012,38,36317.47,0.00,232.97,0.00,-0.73,-11.07,262.49
2012,39,36457.71,0.00,120.64,0.00,-2.08,-6.77,367.93
2012,40,36599.50,0.00,217.67,0.00,2.21,-6.62,372.30
2012,41,36742.78,0.00,134.79,0.00,-6.69,-11.62,251.15
2012,42,36887.51,0.00,252.06,0.00,-8.96,-19.22,133.57
2012,43,37033.62,2.46,280.00,2.46,-1.68,-19.52,130.20
2012,44,37181.08,0.91,369.66,3.37,-0.10,-16.84,163.57
2012,45,37329.83,0.00,353.12,3.37,3.93,-10.83,267.63
2012,46,37479.83,0.00,329.07,3.37,3.92,-8.97,310.20
2012,47,37631.02,0.00,303.25,3.37,5.18,-6.15,385.85
2012,48,37783.36,0.00,289.35,3.11,4.88,-5.38,409.19
2012,49,37936.81,0.00,311.47,3.11,3.35,-7.96,335.68
2012,50,38091.31,0.00,344.92,3.11,5.86,-7.43,343.14
2012,51,38246.83,6.56,212.15,2.55,5.03,-4.66,432.14
2012,52,38403.32,0.00,216.69,0.00,7.86,0.07,613.96
2012,53,38560.74,0.00,302.32,0.00,12.08,-0.27,588.55
2012,54,38719.05,0.78,205.07,0.00,8.36,1.19,665.71
2012,55,38878.21,1.24,279.70,0.00,5.62,-4.46,438.85
2012,56,39038.18,0.00,330.89,0.00,4.26,-8.47,322.51
2012,57,39198.92,0.00,383.37,0.00,11.63,-6.76,338.38
2012,58,39360.39,0.00,319.94,0.00,4.12,-7.69,342.69
2012,59,39522.56,8.67,287.39,0.00,12.29,-5.40,408.64
2012,60,39685.39,0.00,203.30,0.00,4.78,-1.51,547.00
2012,61,39848.84,0.00,381.04,0.00,10.25,-5.34,394.47
2012,62,40012.88,0.00,351.75,0.00,8.50,-4.09,450.35
2012,63,40177.47,0.00,321.82,0.00,5.68,-4.70,431.10
2012,64,40342.59,0.00,407.13,0.00,12.03,-5.32,376.70
2012,65,40508.20,0.00,426.05,0.00,15.38,-6.21,334.57
2012,66,40674.27,0.00,429.30,0.00,21.81,-1.90,429.17
2012,67,40840.76,0.00,262.57,0.00,14.80,6.05,937.84
2012,68,41007.64,0.00,397.86,0.00,11.05,-4.99,390.51
2012,69,41174.89,0.00,439.74,0.00,18.08,-5.28,340.54
2012,70,41342.48,0.00,435.65,0.00,20.49,-2.18,418.15
2012,71,41510.37,4.96,145.39,0.00,9.85,3.44,781.45
2012,72,41678.54,0.00,386.02,0.00,21.65,5.27,759.64
2012,73,41846.95,0.00,438.14,0.00,27.41,4.09,626.35
2012,74,42015.58,0.00,434.47,0.00,27.39,5.10,673.30
2012,75,42184.41,0.00,426.37,0.00,25.01,4.87,622.89
2012,76,42353.39,0.00,432.02,0.00,26.80,5.88,624.77
2012,77,42522.51,0.00,391.14,0.00,28.08,10.98,912.23
2012,78,42691.75,0.00,313.11,0.00,27.43,15.01,1358.56
2012,79,42861.06,2.51,124.72,0.00,21.70,15.69,1781.81
2012,80,43030.42,6.80,78.85,0.00,14.10,10.83,1297.07
2012,81,43199.81,4.97,110.23,0.00,16.20,11.40,1347.61
2012,82,43369.21,0.00,253.22,0.00,18.54,10.01,1114.61
2012,83,43538.57,0.00,378.54,0.00,20.76,6.81,715.86
2012,84,43707.88,0.00,456.60,0.00,26.26,5.60,538.75
2012,85,43877.12,0.00,459.83,0.00,27.13,5.95,541.33
2012,86,44046.24,0.00,419.13,0.00,28.35,10.79,797.30
2012,87,44215.22,0.00,337.46,0.00,25.85,13.38,1123.62
2012,88,44384.05,0.00,433.21,0.00,24.21,6.51,599.60
2012,89,44552.68,0.00,329.89,0.00,19.88,8.38,854.45
2012,90,44721.10,1.48,440.07,0.00,25.81,7.65,623.53
2012,91,44889.26,0.00,482.68,0.00,32.22,8.83,587.76
2012,92,45057.15,0.00,445.72,0.00,31.73,12.28,798.35
2012,93,45224.74,0.00,422.00,0.00,31.95,14.18,943.68
2012,94,45391.99,0.00,285.33,0.00,19.81,9.89,1021.94
2012,95,45558.88,0.00,181.02,0.00,16.05,10.18,1242.21
2012,96,45725.37,0.00,305.92,0.00,18.94,8.96,930.17
2012,97,45891.44,1.36,429.09,0.00,19.17,3.63,521.50
2012,98,46057.04,0.00,407.96,0.00,17.27,3.14,540.94
2012,99,46222.16,0.00,507.37,0.00,22.67,0.91,361.23
2012,100,46386.76,0.00,479.96,0.00,19.24,0.91,397.21
2012,101,46550.80,0.00,449.21,0.00,16.37,0.22,414.15
2012,102,46714.26,0.00,440.13,0.00,14.66,-0.72,402.08
2012,103,46877.09,7.98,242.27,0.00,10.85,1.00,639.70
2012,104,47039.26,0.00,457.71,0.00,23.70,7.38,653.63
2012,105,47200.73,42.78,275.48,0.00,18.35,6.88,893.70
2012,106,47361.47,0.00,400.54,0.00,20.53,7.73,949.04
2012,107,47521.44,0.00,326.68,0.00,15.27,5.82,923.41
2012,108,47680.60,3.13,376.29,0.00,22.80,3.65,726.78
2012,109,47838.91,0.00,460.00,0.00,22.49,6.48,813.26
2012,110,47996.34,3.88,190.15,0.00,16.88,9.43,1181.63
2012,111,48152.83,0.00,373.80,0.00,14.94,3.41,764.66
2012,112,48308.35,0.00,492.82,0.00,22.86,4.26,680.27
2012,113,48462.86,0.00,378.43,0.00,16.44,4.57,810.14
2012,114,48616.30,0.00,519.89,0.00,21.45,1.08,530.33
2012,115,48768.65,0.00,551.05,0.00,30.56,4.18,589.08
2012,116,48919.84,0.00,510.35,0.00,32.08,10.67,947.10
2012,117,49069.84,0.00,341.31,0.00,23.27,12.30,1345.01
2012,118,49218.59,11.35,175.18,0.00,17.05,10.24,1246.99
2012,119,49366.06,0.00,334.33,0.00,16.89,6.90,994.70
2012,120,49512.18,7.09,126.09,0.00,11.35,6.89,993.62
2012,121,49656.91,0.00,440.99,0.00,21.80,7.87,961.91
2012,122,49800.19,15.32,377.08,0.00,28.52,9.70,1117.60
2012,123,49941.98,13.65,297.22,0.00,28.21,15.43,1751.63
2012,124,50082.23,0.00,388.74,0.00,28.47,16.02,1766.56
2012,125,50220.87,0.00,410.47,0.00,30.54,16.78,1753.03
2012,126,50357.86,21.79,283.13,0.00,32.63,19.63,2275.48
2012,127,50493.13,5.24,178.02,0.00,22.85,16.06,1823.85
2012,128,50626.65,0.00,358.88,0.00,20.77,10.44,1263.91
2012,129,50758.33,0.00,419.14,0.00,19.69,7.50,1020.80
2012,130,50888.14,0.00,464.69,0.00,19.92,5.89,881.91
2012,131,51016.01,0.00,550.13,0.00,29.38,7.33,854.22
2012,132,51141.89,0.00,424.41,0.00,22.74,10.15,1190.38
2012,133,51265.71,0.00,402.10,0.00,20.90,9.34,1158.44
2012,134,51387.41,0.00,451.79,0.00,23.83,10.05,1140.16
2012,135,51506.95,0.00,526.20,0.00,28.09,9.00,969.19
2012,136,51624.25,0.00,527.31,0.00,29.67,9.96,1021.56
2012,137,51739.26,0.00,509.60,0.00,26.37,8.47,957.58
2012,138,51851.92,0.00,533.00,0.00,32.10,11.03,1074.21
2012,139,51962.16,0.00,447.63,0.00,32.32,16.87,1694.35
2012,140,52069.93,12.46,261.65,0.00,29.27,18.18,2086.51
2012,141,52175.18,0.00,304.04,0.00,21.47,12.79,1476.49
2012,142,52277.83,0.00,498.90,0.00,24.99,8.14,963.46
2012,143,52377.83,0.00,521.71,0.00,29.63,10.16,1051.19
2012,144,52475.12,11.59,354.67,0.00,33.24,15.82,1745.35
2012,145,52569.65,1.07,315.40,0.00,22.64,13.81,1577.69
2012,146,52661.35,0.86,361.98,0.00,22.63,12.54,1452.63
2012,147,52750.17,0.00,522.83,0.00,34.96,14.61,1404.17
2012,148,52836.06,11.17,322.24,0.00,33.32,18.47,2125.14
2012,149,52918.95,0.00,351.94,0.00,26.50,15.99,1815.91
2012,150,52998.80,0.00,389.26,0.00,24.39,12.66,1458.31
2012,151,53075.55,4.45,257.56,0.00,19.57,9.96,1224.42
2012,152,53149.15,1.22,273.32,0.00,16.43,9.30,1170.78
2012,153,53219.56,0.00,446.15,0.00,19.17,6.17,939.37
2012,154,53286.71,0.00,535.58,0.00,27.64,8.16,957.80
2012,155,53350.58,0.00,515.24,0.00,31.66,12.66,1283.61
2012,156,53411.10,0.00,453.96,0.00,31.66,16.20,1695.80
2012,157,53468.24,0.00,450.81,0.00,31.01,15.62,1642.21
2012,158,53521.96,0.00,436.40,0.00,30.86,16.07,1710.73
2012,159,53572.22,0.00,408.06,0.00,30.16,16.68,1824.37
2012,160,53618.98,0.00,422.45,0.00,31.42,17.12,1844.15
2012,161,53662.21,0.00,439.64,0.00,32.41,17.32,1833.25
2012,162,53701.88,4.45,300.08,0.00,31.48,18.12,2078.58
2012,163,53737.95,0.00,428.24,0.00,27.71,13.88,1514.08
2012,164,53770.39,0.00,438.33,0.00,25.59,11.63,1309.90
2012,165,53799.20,0.00,476.04,0.00,30.38,13.90,1439.57
2012,166,53824.33,50.37,344.71,0.00,33.11,16.63,1891.65
2012,167,53845.77,6.24,160.82,0.00,23.14,17.19,1960.42
2012,168,53863.52,4.86,287.41,0.00,27.19,15.78,1791.72
2012,169,53877.54,0.00,469.89,0.00,32.62,16.26,1837.59
2012,170,53887.83,0.00,410.13,0.00,34.30,20.39,2394.42
2012,171,53894.39,0.00,282.49,0.00,32.91,23.98,2979.27
2012,172,53897.21,21.95,174.35,0.00,27.87,21.23,2521.87
2012,173,53896.28,0.00,430.05,0.00,26.77,13.91,1588.62
2012,174,53891.61,7.22,348.23,0.00,28.86,14.12,1610.11
2012,175,53883.20,5.02,326.32,0.00,29.34,15.75,1788.99
2012,176,53871.05,0.00,442.26,0.00,32.45,17.74,2029.57
2012,177,53855.19,0.00,283.08,0.00,30.16,21.98,2639.06
2012,178,53835.61,0.00,400.67,0.00,30.70,18.53,2133.34
2012,179,53812.33,0.00,461.41,0.00,37.95,20.69,2439.16
2012,180,53785.38,3.89,236.69,0.00,33.44,23.70,2929.51
2012,181,53754.77,1.83,291.69,0.00,32.24,23.48,2890.31
2012,182,53720.52,0.00,391.33,0.00,32.76,20.33,2384.92
2012,183,53682.67,0.00,412.51,0.00,33.90,20.31,2382.41
2012,184,53641.23,0.00,404.62,0.00,34.63,21.34,2538.04
2012,185,53596.25,0.00,396.79,0.00,36.18,22.94,2798.76
2012,186,53547.75,0.00,368.69,0.00,36.33,24.27,3031.64
2012,187,53495.77,0.00,389.06,0.00,37.73,24.50,3072.97
2012,188,53440.35,0.00,416.82,0.00,38.44,23.71,2930.74
2012,189,53381.52,0.00,307.77,0.00,30.27,21.56,2573.47
2012,190,53319.34,0.00,311.65,0.00,29.36,20.76,2449.69
2012,191,53253.84,0.00,416.20,0.00,31.77,19.20,2223.33
2012,192,53185.07,0.00,435.28,0.00,30.05,17.03,1939.91
2012,193,53113.07,0.00,474.89,0.00,31.28,15.96,1812.22
2012,194,53037.90,0.00,496.91,0.00,34.53,16.66,1882.87
2012,195,52959.61,0.00,464.71,0.00,35.17,19.11,2212.05
2012,196,52878.25,0.00,466.71,0.00,36.39,20.04,2230.20
2012,197,52793.86,0.00,466.79,0.00,36.61,19.87,2207.77
2012,198,52706.52,0.00,428.91,0.00,35.00,20.57,2381.94
2012,199,52616.26,0.00,439.03,0.00,37.19,21.66,2501.44
2012,200,52523.15,0.00,414.06,0.00,37.03,22.69,2714.31
2012,201,52427.24,0.00,430.27,0.00,37.15,21.88,2539.85
2012,202,52328.60,0.00,400.46,0.00,35.64,21.93,2617.26
2012,203,52227.28,0.00,421.62,0.00,36.31,21.42,2495.00
2012,204,52123.34,0.00,459.76,0.00,39.47,21.41,2403.56
2012,205,52016.83,0.00,454.96,0.00,39.42,21.52,2431.33
2012,206,51907.83,0.00,420.90,0.00,39.01,23.02,2736.76
2012,207,51796.38,6.74,280.16,0.00,38.82,24.89,3146.90
2012,208,51682.55,0.00,403.21,0.00,36.20,21.61,2580.74
2012,209,51566.39,0.00,398.00,0.00,30.39,17.46,1993.83
2012,210,51447.98,0.00,424.15,0.00,32.24,17.65,1993.94
2012,211,51327.36,0.00,459.66,0.00,36.92,19.00,2060.24
2012,212,51204.60,0.00,425.49,0.00,36.91,20.73,2355.58
2012,213,51079.75,0.00,454.64,0.00,37.24,19.36,2056.27
2012,214,50952.88,1.33,438.36,0.00,37.44,20.40,2162.00
2012,215,50824.04,0.00,391.80,0.00,34.52,20.37,2279.50
2012,216,50693.30,0.00,417.11,0.00,36.83,20.84,2278.97
2012,217,50560.70,1.39,280.64,0.00,27.86,18.92,2184.70
2012,218,50426.31,0.00,446.71,0.00,29.79,14.06,1402.81
2012,219,50290.17,0.00,496.26,0.00,36.07,15.32,1405.83
2012,220,50152.36,0.00,485.93,0.00,38.41,17.30,1597.17
2012,221,50012.92,3.99,321.20,0.00,36.46,18.91,2119.68
2012,222,49871.90,0.00,350.13,0.00,30.20,17.79,1975.05
2012,223,49729.36,0.00,404.50,0.00,26.95,12.73,1380.44
2012,224,49585.35,0.64,450.55,0.00,28.56,11.75,1233.64
2012,225,49439.93,0.00,395.01,0.00,28.07,14.09,1518.11
2012,226,49293.13,0.00,328.31,0.00,26.89,15.80,1793.93
2012,227,49145.03,0.00,453.92,0.00,30.21,12.86,1318.21
2012,228,48995.65,0.00,480.58,0.00,33.74,13.52,1322.46
2012,229,48845.05,0.00,313.50,0.00,24.28,13.91,1588.93
2012,230,48693.28,0.00,468.09,0.00,26.78,8.77,1016.42
2012,231,48540.39,3.28,290.26,0.00,22.52,9.29,1169.85
2012,232,48386.41,0.00,474.36,0.00,27.20,8.47,965.50
2012,233,48231.40,0.00,498.39,0.00,31.60,9.59,994.44
2012,234,48075.39,0.00,491.39,0.00,34.21,11.86,1149.84
2012,235,47918.43,0.00,452.70,0.00,33.74,14.61,1380.44
2012,236,47760.56,0.00,397.27,0.00,32.96,17.16,1725.58
2012,237,47601.82,7.47,142.49,0.00,25.68,19.10,2210.08
2012,238,47442.25,15.10,101.48,0.00,23.00,18.60,2141.78
2012,239,47281.90,0.00,279.14,0.00,28.31,18.41,2116.56
2012,240,47120.79,0.00,422.42,0.00,33.31,15.98,1617.74
2012,241,46958.96,0.00,431.52,0.00,35.52,16.92,1689.12
2012,242,46796.46,0.00,418.46,0.00,36.33,18.23,1831.34
2012,243,46633.32,0.00,421.81,0.00,37.45,18.67,1864.14
2012,244,46469.57,0.00,439.09,0.00,36.06,16.28,1585.68
2012,245,46305.25,0.00,406.42,0.00,33.98,16.70,1701.08
2012,246,46140.39,0.00,416.86,0.00,35.24,16.79,1687.46
2012,247,45975.02,0.00,311.88,0.00,29.98,17.77,2032.49
2012,248,45809.18,0.00,411.50,0.00,37.78,18.50,1877.21
2012,249,45642.90,0.00,350.00,0.00,31.16,16.96,1859.22
2012,250,45476.21,0.00,462.23,0.00,32.85,10.56,1096.91
2012,251,45309.14,0.00,363.92,0.00,24.80,10.74,1265.49
2012,252,45141.72,0.00,455.86,0.00,29.59,8.12,956.59
2012,253,44973.98,0.00,410.60,0.00,25.26,7.96,998.05
2012,254,44805.95,0.00,444.79,0.00,30.90,9.51,1043.41
2012,255,44637.65,0.00,445.22,0.00,35.49,12.24,1225.18
2012,256,44469.13,26.62,194.02,0.00,24.22,14.10,1608.18
2012,257,44300.40,0.00,275.74,0.00,20.43,9.99,1226.49
2012,258,44131.49,0.00,411.51,0.00,27.04,8.67,938.84
2012,259,43962.43,0.00,409.63,0.00,25.89,7.47,857.33
2012,260,43793.25,0.00,378.06,0.00,25.75,9.36,1013.87
2012,261,43623.98,1.70,231.48,0.00,19.76,10.92,1305.21
2012,262,43454.64,0.00,406.38,0.00,22.38,4.21,716.03
2012,263,43285.25,0.00,466.01,0.00,33.36,5.85,590.73
2012,264,43115.86,0.00,363.96,0.00,23.69,8.12,873.38
2012,265,42946.48,0.00,369.11,0.00,24.43,8.45,839.76
2012,266,42777.13,0.00,312.70,0.00,18.20,5.80,781.96
2012,267,42607.86,0.00,414.87,0.00,21.23,1.42,478.46
2012,268,42438.68,0.00,405.10,0.00,23.46,3.59,554.52
2012,269,42269.62,0.00,409.37,0.00,29.02,7.36,677.99
2012,270,42100.71,0.00,353.91,0.00,25.46,8.65,842.48
2012,271,41931.98,0.00,393.15,0.00,24.96,4.89,592.32
2012,272,41763.45,0.00,399.44,0.00,24.70,3.69,531.56
2012,273,41595.16,0.00,401.32,0.00,26.30,4.44,550.80
2012,274,41427.12,0.00,390.19,0.00,27.19,6.00,622.39
2012,275,41259.38,0.00,322.16,0.00,22.70,7.26,800.03
2012,276,41091.96,0.00,372.37,0.00,23.75,4.14,588.38
2012,277,40924.88,2.12,289.30,0.00,27.22,4.73,696.63
2012,278,40758.19,0.00,250.71,0.00,16.11,4.65,807.56
2012,279,40591.91,0.00,233.58,0.00,11.27,0.86,650.08
2012,280,40426.06,0.00,248.52,0.00,9.00,-1.99,527.73
2012,281,40260.69,0.00,364.97,0.00,14.23,-5.22,348.41
2012,282,40095.83,0.00,396.85,0.00,22.68,-2.40,373.76
2012,283,39931.50,0.00,228.97,0.00,13.29,2.75,744.05
2012,284,39767.75,0.00,362.47,0.00,18.43,-2.02,425.35
2012,285,39604.60,0.00,343.02,0.00,18.49,-0.16,500.92
2012,286,39442.10,10.47,195.31,0.00,13.46,0.86,649.96
2012,287,39280.27,8.25,246.98,0.00,23.51,4.35,814.09
2012,288,39119.16,0.00,239.97,0.00,19.51,7.35,1025.80
2012,289,38958.80,0.00,330.41,0.00,24.20,4.49,762.43
2012,290,38799.22,0.00,333.01,0.00,26.84,5.91,825.94
2012,291,38640.48,0.55,147.59,0.00,17.53,10.14,1238.68
2012,292,38482.61,4.34,46.85,0.00,10.56,8.11,1080.18
2012,293,38325.64,0.00,114.22,0.00,10.31,5.15,881.32
2012,294,38169.63,0.00,317.08,0.00,19.45,0.90,638.66
2012,295,38014.60,0.00,344.72,0.00,26.91,2.53,666.02
2012,296,37860.62,1.20,170.59,0.00,17.24,8.62,1118.66
2012,297,37707.72,0.00,224.55,0.00,23.61,11.32,1339.93
2012,298,37555.94,12.45,71.75,0.00,13.81,9.34,1174.14
2012,299,37405.33,0.00,100.77,0.00,6.68,2.25,718.38
2012,300,37255.95,0.00,172.92,0.00,5.79,-2.06,524.89
2012,301,37107.83,0.00,254.90,0.00,7.96,-4.62,433.62
2012,302,36961.03,0.00,278.58,0.00,11.73,-2.95,491.43
2012,303,36815.60,0.00,260.75,0.00,15.29,1.78,694.53
2012,304,36671.58,0.00,229.90,0.00,12.80,1.70,690.33
2012,305,36529.03,0.00,298.29,0.00,16.84,-0.83,574.71
2012,306,36388.00,0.00,268.82,0.00,13.81,-0.52,587.89
2012,307,36248.55,0.00,225.17,0.00,12.50,1.62,686.50
2012,308,36110.73,0.00,272.04,0.00,12.64,-2.14,522.13
2012,309,35974.58,2.46,210.87,0.00,16.12,-0.50,588.73
2012,310,35840.18,0.00,85.39,0.00,6.31,2.60,736.48
2012,311,35707.57,0.00,219.04,0.00,14.10,3.08,761.75
2012,312,35576.81,0.00,257.74,0.00,12.85,-0.96,569.40
2012,313,35447.96,0.00,284.10,0.00,19.15,0.67,641.08
2012,314,35321.07,0.00,271.62,0.00,18.64,1.86,698.19
2012,315,35196.21,4.74,215.42,0.00,25.28,3.30,773.72
2012,316,35073.44,0.00,107.89,0.00,1.15,-3.64,466.74
2012,317,34952.81,0.00,223.57,0.00,5.24,-5.97,391.18
2012,318,34834.38,0.00,285.21,0.00,13.30,-6.65,371.39
2012,319,34718.21,0.00,277.82,0.00,14.70,-4.42,440.19
2012,320,34604.36,0.00,255.60,0.00,15.14,-0.60,584.43
2012,321,34492.90,0.00,268.01,0.00,13.66,-4.57,435.27
2012,322,34383.88,0.00,265.48,0.00,17.01,-2.38,512.73
2012,323,34277.35,0.00,211.86,0.00,16.34,3.34,775.92
2012,324,34173.39,0.00,212.33,0.00,16.70,3.58,789.35
2012,325,34072.05,0.00,250.36,0.00,17.56,-0.25,599.53
2012,326,33973.39,0.00,255.94,0.00,22.41,1.60,685.49
2012,327,33877.47,0.00,186.07,0.00,16.39,4.99,871.65
2012,328,33784.34,0.00,146.44,0.00,2.54,-5.57,403.32
2012,329,33694.07,0.00,236.15,0.00,8.33,-8.31,326.56
2012,330,33606.70,0.00,155.37,0.00,5.07,-4.09,451.25
2012,331,33522.30,0.00,77.39,0.00,0.51,-3.64,466.64
2012,332,33440.91,0.00,242.27,0.00,6.88,-11.31,257.65
2012,333,33362.60,0.00,246.35,0.00,9.46,-10.39,277.28
2012,334,33287.41,0.00,241.71,0.00,13.39,-6.58,373.32
2012,335,33215.40,0.00,174.61,0.00,8.39,-2.84,495.61
2012,336,33146.60,0.00,211.59,0.00,13.96,-1.53,546.20
2012,337,33081.08,0.00,223.70,0.00,17.73,-0.41,592.71
2012,338,33018.88,0.00,214.60,0.00,16.45,-0.35,595.46
2012,339,32960.03,0.00,222.77,0.00,15.65,-2.56,506.11
2012,340,32904.58,0.00,217.35,0.00,15.16,-2.76,498.57
2012,341,32852.58,0.00,142.06,0.00,10.04,0.38,627.82
2012,342,32804.06,0.00,123.45,0.00,6.74,-1.35,553.44
2012,343,32759.05,0.00,105.33,0.00,3.35,-3.24,480.91
2012,344,32717.59,0.00,88.44,0.00,1.11,-4.20,447.56
2012,345,32679.72,0.00,201.12,0.00,-1.21,-15.13,188.68
2012,346,32645.45,0.00,232.20,0.00,7.11,-12.92,226.24
2012,347,32614.81,0.00,212.36,0.00,11.55,-5.44,407.53
2012,348,32587.83,0.00,200.71,0.00,11.81,-3.53,470.70
2012,349,32564.53,12.56,190.01,12.56,12.93,-6.83,366.36
2012,350,32544.93,4.31,140.47,11.74,7.41,-4.05,452.55
2012,351,32529.04,2.02,35.25,10.05,0.11,-1.97,528.62
2012,352,32516.87,0.00,82.67,9.06,0.55,-3.65,466.45
2012,353,32508.43,0.00,190.73,8.15,7.18,-3.85,459.63
2012,354,32503.74,18.21,60.64,6.65,1.59,-2.43,510.94
2012,355,32502.79,0.00,136.94,6.65,-3.60,-10.45,275.92
2012,356,32505.58,0.00,208.07,6.65,-2.66,-13.93,208.28
2012,357,32512.11,0.00,230.11,6.65,1.11,-12.40,235.94
2012,358,32522.38,0.00,124.59,6.65,-7.09,-13.06,223.59
2012,359,32536.38,0.00,127.11,6.65,-7.85,-13.77,211.07
2012,360,32554.10,0.00,124.82,6.65,-11.02,-16.73,165.10
2012,361,32575.52,0.00,181.29,6.65,-9.36,-18.28,144.83
2012,362,32600.63,0.71,226.25,7.36,-5.00,-17.14,159.53
2012,363,32629.41,0.00,93.42,7.36,-5.65,-9.63,294.33
2012,364,32661.83,0.00,222.73,7.36,-3.84,-14.84,193.23
2012,365,32697.87,0.00,274.67,7.36,5.09,-14.30,202.11
2013,1,32737.70,0.00,202.33,2.22,-6.50,-15.80,178.48
2013,2,32780.92,0.00,268.46,2.22,1.59,-14.96,191.34
2013,3,32827.67,0.00,191.42,2.22,-2.29,-10.91,265.96
2013,4,32877.92,0.00,215.63,2.22,-0.10,-10.31,279.07
2013,5,32931.64,0.00,224.96,2.22,0.31,-10.52,274.27
2013,6,32988.77,0.00,245.49,2.22,1.07,-11.49,253.90
2013,7,33049.29,0.00,259.42,2.22,3.68,-10.44,276.00
2013,8,33113.14,0.00,249.61,2.22,3.61,-9.19,304.84
2013,9,33180.29,0.00,262.48,2.22,6.28,-8.02,333.89
2013,10,33250.69,3.66,143.36,1.70,3.60,-4.75,429.35
2013,11,33324.28,0.00,211.80,0.00,9.77,-1.74,537.80
2013,12,33401.03,0.00,87.27,0.00,-5.49,-9.22,303.95
2013,13,33480.87,0.00,168.70,0.00,-6.15,-13.87,209.30
2013,14,33563.76,0.00,234.43,0.00,-1.97,-14.62,196.85
2013,15,33649.64,0.00,253.96,0.00,1.61,-13.64,213.37
2013,16,33738.45,0.00,272.40,0.00,10.80,-10.04,264.77
2013,17,33830.15,0.00,165.53,0.00,2.88,-4.59,434.62
2013,18,33924.67,0.00,243.14,0.00,9.80,-3.70,445.77
2013,19,34021.95,0.00,247.58,0.00,11.37,-2.55,473.92
2013,20,34121.95,0.00,106.39,0.00,-6.03,-10.35,277.98
2013,21,34224.60,0.00,91.54,0.00,-9.90,-13.51,215.65
2013,22,34329.83,0.00,193.43,0.00,-5.38,-13.77,210.98
2013,23,34437.60,0.00,236.10,0.00,-1.38,-12.58,232.53
2013,24,34547.84,0.00,218.04,0.00,-7.18,-16.81,163.93
2013,25,34660.49,0.00,300.82,0.00,9.22,-15.13,171.75
2013,26,34775.50,3.14,245.21,3.14,10.74,-8.79,300.06
2013,27,34892.79,1.55,260.86,2.84,5.38,-5.29,397.41
2013,28,35012.32,0.34,112.95,0.00,5.78,1.34,672.91
2013,29,35134.03,3.40,50.71,0.00,2.18,-0.21,601.26
2013,30,35257.84,0.00,108.69,0.00,-3.58,-7.61,344.79
2013,31,35383.71,0.00,102.79,0.00,-11.38,-15.01,190.52
2013,32,35511.58,0.00,307.34,0.00,-2.09,-18.93,136.99
2013,33,35641.38,0.00,310.69,0.00,5.01,-12.85,209.93
2013,34,35773.06,0.00,266.01,0.00,6.12,-5.85,373.41
2013,35,35906.57,0.00,174.79,0.00,0.68,-5.79,317.59
2013,36,36041.84,0.00,307.04,0.00,10.18,-4.95,159.57
2013,37,36178.83,0.00,303.20,0.00,12.56,-1.78,186.48
2013,38,36317.47,0.00,83.99,0.00,2.13,-0.63,583.44
2013,39,36457.71,0.00,148.19,0.00,1.24,-3.70,395.65
2013,40,36599.50,0.98,311.27,0.00,10.49,-3.13,171.55
2013,41,36742.78,0.00,234.02,0.00,6.93,-1.34,300.49
2013,42,36887.51,0.00,174.67,0.00,2.74,-3.05,366.18
2013,43,37033.62,0.00,340.39,0.00,9.39,-7.01,121.46
2013,44,37181.08,0.00,350.67,0.00,12.29,-5.93,132.81
2013,45,37329.83,1.24,307.46,0.00,7.18,-4.99,166.61
2013,46,37479.83,1.30,329.11,1.30,-0.05,-10.83,130.03
2013,47,37631.02,0.00,373.02,1.30,1.89,-11.97,102.13
2013,48,37783.36,0.00,415.69,1.30,12.58,-8.57,106.69
2013,49,37936.81,0.00,322.50,1.30,3.92,-6.35,166.92
2013,50,38091.31,0.00,304.36,1.30,-3.13,-12.51,142.88
2013,51,38246.83,0.00,334.16,1.30,-4.32,-15.13,106.56
2013,52,38403.32,9.84,211.78,11.14,-4.36,-12.73,180.51
2013,53,38560.74,0.00,227.92,11.14,-4.99,-11.33,238.17
2013,54,38719.05,0.00,429.74,11.14,2.05,-15.95,92.55
2013,55,38878.21,0.00,428.27,11.14,4.02,-12.82,109.30
2013,56,39038.18,0.00,295.10,11.14,1.27,-6.88,252.83
2013,57,39198.92,0.00,161.06,10.57,-0.64,-4.66,419.34
2013,58,39360.39,0.00,286.60,9.95,3.11,-4.52,291.71
2013,59,39522.56,0.00,168.46,9.23,-0.09,-4.29,419.35
2013,60,39685.39,0.00,194.52,9.16,-0.98,-5.83,356.57
2013,61,39848.84,0.00,419.60,9.16,3.29,-10.34,133.11
2013,62,40012.88,0.00,420.01,9.16,5.12,-8.18,145.13
2013,63,40177.47,0.00,307.49,7.89,4.91,-2.97,289.64
2013,64,40342.59,0.00,226.53,7.42,0.49,-4.88,342.96
2013,65,40508.20,0.00,396.31,7.42,4.11,-6.86,173.42
2013,66,40674.27,0.00,480.25,7.42,11.35,-6.28,128.98
2013,67,40840.76,8.55,360.53,6.63,13.43,-4.11,162.80
2013,68,41007.64,8.43,333.71,4.43,13.48,-0.77,294.00
2013,69,41174.89,12.59,81.10,2.98,-0.18,-2.53,506.94
2013,70,41342.48,0.00,303.76,2.98,-0.31,-7.72,327.92
2013,71,41510.37,0.00,356.60,2.98,1.05,-7.97,294.61
2013,72,41678.54,0.00,436.51,2.98,2.67,-9.85,223.70
2013,73,41846.95,0.00,510.74,2.98,13.74,-6.47,203.14
2013,74,42015.58,0.00,481.26,0.63,15.38,-0.40,319.17
2013,75,42184.41,0.00,132.78,0.00,1.71,-1.50,547.22
2013,76,42353.39,1.62,401.58,0.00,7.72,-4.61,313.40
2013,77,42522.51,0.00,300.84,0.00,3.36,-4.42,400.81
2013,78,42691.75,0.00,464.25,0.00,10.80,-6.18,241.84
2013,79,42861.06,0.00,395.42,0.00,2.51,-8.60,260.69
2013,80,43030.42,0.00,330.85,0.00,0.16,-8.22,301.94
2013,81,43199.81,0.00,274.76,0.00,1.28,-5.29,397.10
2013,82,43369.21,1.22,246.75,0.00,2.90,-2.86,483.24
2013,83,43538.57,0.00,113.09,0.00,-1.78,-4.10,450.88
2013,84,43707.88,0.00,196.65,0.00,-0.82,-4.99,421.60
2013,85,43877.12,0.00,475.40,0.00,5.79,-8.49,219.90
2013,86,44046.24,0.00,505.30,0.00,11.53,-7.58,198.09
2013,87,44215.22,0.00,503.48,0.00,15.35,-3.78,240.70
2013,88,44384.05,10.96,383.59,0.00,20.65,-2.37,314.10
2013,89,44552.68,0.00,480.47,0.00,19.04,2.20,421.03
2013,90,44721.10,0.00,408.04,0.00,14.29,2.48,518.80
2013,91,44889.26,0.00,379.73,0.00,4.68,-5.44,351.25
2013,92,45057.15,0.00,496.32,0.00,11.55,-5.79,260.57
2013,93,45224.74,0.00,495.84,0.00,13.67,-3.87,287.94
2013,94,45391.99,0.00,508.26,0.00,17.47,-2.20,296.58
2013,95,45558.88,0.00,517.25,0.00,20.71,-0.77,304.87
2013,96,45725.37,0.00,500.43,0.00,21.48,2.58,391.58
2013,97,45891.44,7.45,373.94,0.00,22.84,3.67,532.82
2013,98,46057.04,6.41,320.34,0.00,19.61,6.06,759.61
2013,99,46222.16,20.45,191.73,0.00,12.54,5.57,907.56
2013,100,46386.76,3.78,75.58,0.00,2.30,0.10,615.22
2013,101,46550.80,0.00,169.75,0.00,2.15,-1.99,527.84
2013,102,46714.26,0.00,284.59,0.00,5.73,-1.49,547.59
2013,103,46877.09,4.06,371.88,0.00,13.13,-3.21,449.17
2013,104,47039.26,0.00,520.74,0.00,19.11,0.03,457.65
2013,105,47200.73,0.00,287.67,0.00,7.93,0.60,637.72
2013,106,47361.47,8.16,284.13,0.00,10.85,0.61,638.50
2013,107,47521.44,18.78,142.54,0.00,6.21,1.65,688.18
2013,108,47680.60,2.50,100.52,0.00,2.94,0.04,612.62
2013,109,47838.91,0.00,407.64,0.00,8.06,-2.48,508.95
2013,110,47996.34,0.00,457.91,0.00,8.37,-4.34,438.71
2013,111,48152.83,7.95,405.02,0.00,20.11,-0.71,546.42
2013,112,48308.35,19.62,209.32,0.00,10.76,3.77,799.81
2013,113,48462.86,0.00,230.16,0.00,3.30,-2.23,518.67
2013,114,48616.30,1.60,538.56,0.00,15.50,-4.35,415.62
2013,115,48768.65,0.00,558.01,0.00,20.97,-2.89,437.93
2013,116,48919.84,0.00,530.23,0.00,22.38,2.30,640.36
2013,117,49069.84,0.00,491.75,0.00,21.62,5.07,796.21
2013,118,49218.59,0.00,533.05,0.00,27.92,6.82,826.78
2013,119,49366.06,0.00,518.58,0.00,28.89,9.10,968.02
2013,120,49512.18,0.00,369.60,0.00,23.04,12.16,1385.38
2013,121,49656.91,27.25,124.05,0.00,9.06,5.03,873.96
2013,122,49800.19,0.00,385.58,0.00,10.39,0.20,619.77
2013,123,49941.98,0.00,406.58,0.00,9.85,-0.85,573.95
2013,124,50082.23,1.18,260.81,0.00,6.11,0.06,613.26
2013,125,50220.87,0.00,387.68,0.00,12.60,3.06,760.96
2013,126,50357.86,0.00,489.65,0.00,19.85,5.80,882.95
2013,127,50493.13,6.41,396.60,0.00,23.04,5.79,921.14
2013,128,50626.65,10.32,325.86,0.00,20.22,8.76,1129.31
2013,129,50758.33,0.50,318.70,0.00,19.35,11.66,1370.73
2013,130,50888.14,0.00,416.96,0.00,20.04,9.07,1153.08
2013,131,51016.01,0.00,377.78,0.00,15.98,6.55,970.78
2013,132,51141.89,0.00,542.07,0.00,19.15,1.23,639.74
2013,133,51265.71,0.00,569.90,0.00,28.82,4.72,754.90
2013,134,51387.41,0.00,563.05,0.00,37.67,10.13,1048.80
2013,135,51506.95,0.00,445.60,0.00,28.77,14.57,1592.69
2013,136,51624.25,0.00,456.33,0.00,29.13,14.26,1541.87
2013,137,51739.26,0.00,446.43,0.00,29.91,15.14,1633.58
2013,138,51851.92,14.03,305.56,0.00,28.55,15.44,1753.56
2013,139,51962.16,4.00,260.74,0.00,24.79,14.47,1647.65
2013,140,52069.93,0.00,377.17,0.00,24.42,13.15,1511.64
2013,141,52175.18,0.00,200.01,0.00,17.15,12.01,1403.15
2013,142,52277.83,0.00,235.69,0.00,15.86,9.83,1213.34
2013,143,52377.83,0.00,414.57,0.00,22.42,10.24,1247.47
2013,144,52475.12,8.43,352.61,0.00,23.50,8.87,1137.76
2013,145,52569.65,4.53,356.34,0.00,26.31,11.22,1331.71
2013,146,52661.35,30.25,305.36,0.00,27.47,15.48,1757.32
2013,147,52750.17,13.38,278.97,0.00,25.21,14.95,1698.58
2013,148,52836.06,0.00,387.60,0.00,26.26,15.58,1768.84
2013,149,52918.95,39.92,243.06,0.00,24.62,16.35,1858.89
2013,150,52998.80,4.14,260.60,0.00,24.42,15.54,1764.79
2013,151,53075.55,0.00,466.25,0.00,26.20,12.50,1448.48
2013,152,53149.15,0.00,219.11,0.00,17.30,12.20,1420.46
2013,153,53219.56,0.00,433.19,0.00,20.98,9.54,1189.78
2013,154,53286.71,0.00,501.56,0.00,23.92,8.68,1122.76
2013,155,53350.58,2.64,327.75,0.00,23.25,11.10,1320.72
2013,156,53411.10,0.00,359.96,0.00,22.79,13.47,1543.91
2013,157,53468.24,0.00,412.91,0.00,22.60,11.72,1376.05
2013,158,53521.96,0.00,489.91,0.00,23.72,9.36,1175.71
2013,159,53572.22,42.74,281.24,0.00,20.96,11.38,1345.91
2013,160,53618.98,6.31,215.40,0.00,21.52,14.46,1646.55
2013,161,53662.21,0.00,488.69,0.00,26.98,11.99,1400.61
2013,162,53701.88,0.00,513.61,0.00,31.43,13.67,1564.22
2013,163,53737.95,0.00,424.17,0.00,30.38,18.06,2070.80
2013,164,53770.39,2.29,336.10,0.00,25.46,13.44,1540.42
2013,165,53799.20,21.72,382.46,0.00,31.58,14.78,1680.62
2013,166,53824.33,0.00,380.43,0.00,28.02,18.12,2078.61
2013,167,53845.77,0.00,416.72,0.00,29.64,18.30,2101.91
2013,168,53863.52,0.00,460.22,0.00,30.53,17.16,1956.35
2013,169,53877.54,0.00,425.08,0.00,28.09,16.67,1896.73
2013,170,53887.83,0.00,459.80,0.00,30.07,16.74,1904.61
2013,171,53894.39,0.00,464.31,0.00,32.17,17.84,2041.92
2013,172,53897.21,0.97,425.72,0.00,34.69,21.33,2537.03
2013,173,53896.28,19.06,296.18,0.00,31.97,20.53,2414.35
2013,174,53891.61,4.72,244.85,0.00,26.46,18.19,2087.28
2013,175,53883.20,11.41,276.91,0.00,28.29,18.62,2144.63
2013,176,53871.05,0.00,398.82,0.00,30.32,19.35,2244.50
2013,177,53855.19,0.00,408.22,0.00,32.65,20.81,2457.69
2013,178,53835.61,4.68,273.73,0.00,29.10,19.46,2259.51
2013,179,53812.33,0.00,371.02,0.00,29.29,19.39,2250.37
2013,180,53785.38,0.00,375.02,0.00,26.91,17.19,1960.58
2013,181,53754.77,0.00,436.10,0.00,25.36,13.78,1574.63
2013,182,53720.52,0.00,503.58,0.00,27.87,12.26,1425.77
2013,183,53682.67,1.56,488.82,0.00,28.08,13.17,1513.90
2013,184,53641.23,0.00,488.28,0.00,29.22,14.06,1604.25
2013,185,53596.25,0.00,476.82,0.00,29.84,15.08,1713.70
2013,186,53547.75,0.00,466.86,0.00,30.82,16.20,1840.09
2013,187,53495.77,0.00,401.16,0.00,31.17,19.35,2244.42
2013,188,53440.35,0.00,404.26,0.00,33.67,21.22,2519.92
2013,189,53381.52,0.00,319.11,0.00,31.77,22.69,2756.28
2013,190,53319.34,0.00,375.84,0.00,34.75,23.06,2818.19
2013,191,53253.84,0.00,324.02,0.00,28.72,19.95,2329.46
2013,192,53185.07,0.00,435.28,0.00,30.16,17.33,1978.21
2013,193,53113.07,0.00,454.69,0.00,32.71,18.30,2101.84
2013,194,53037.90,0.00,394.99,0.00,32.67,20.89,2468.57
2013,195,52959.61,0.00,350.62,0.00,30.31,20.67,2436.35
2013,196,52878.25,0.00,463.94,0.00,31.38,16.87,1920.46
2013,197,52793.86,0.00,452.96,0.00,32.42,18.11,2076.68
2013,198,52706.52,0.00,426.03,0.00,33.34,20.06,2345.18
2013,199,52616.26,0.00,409.44,0.00,33.97,21.20,2516.96
2013,200,52523.15,0.00,404.38,0.00,34.04,21.47,2558.41
2013,201,52427.24,0.00,430.17,0.00,31.04,18.09,2074.05
2013,202,52328.60,0.00,436.51,0.00,32.75,19.07,2205.88
2013,203,52227.28,2.11,338.80,0.00,35.24,19.93,2326.57
2013,204,52123.34,3.93,265.76,0.00,28.23,18.42,2117.64
2013,205,52016.83,0.00,455.56,0.00,28.84,14.82,1684.83
2013,206,51907.83,0.00,387.54,0.00,27.62,16.63,1891.96
2013,207,51796.38,0.00,325.95,0.00,25.35,16.71,1900.86
2013,208,51682.55,0.00,411.24,0.00,23.46,12.16,1416.93
2013,209,51566.39,0.00,505.95,0.00,25.25,8.83,1134.50
2013,210,51447.98,6.34,233.19,0.00,19.05,11.20,1329.78
2013,211,51327.36,0.00,341.09,0.00,24.65,15.49,1759.06
2013,212,51204.60,0.00,434.48,0.00,29.45,16.16,1835.52
2013,213,51079.75,27.75,337.51,0.00,30.59,16.27,1849.12
2013,214,50952.88,0.00,393.81,0.00,28.73,17.32,1976.25
2013,215,50824.04,0.00,334.42,0.00,25.55,16.68,1898.24
2013,216,50693.30,0.00,394.54,0.00,25.88,15.06,1710.78
2013,217,50560.70,0.00,427.17,0.00,29.91,17.02,1939.55
2013,218,50426.31,6.05,287.01,0.00,31.10,19.81,2309.54
2013,219,50290.17,0.00,353.96,0.00,28.70,18.80,2168.56
2013,220,50152.36,0.00,300.92,0.00,25.34,17.53,2002.32
2013,221,50012.92,0.00,367.23,0.00,26.67,16.61,1889.10
2013,222,49871.90,0.00,462.27,0.00,28.39,13.89,1586.18
2013,223,49729.36,0.00,464.02,0.00,30.35,15.18,1724.26
2013,224,49585.35,0.00,397.36,0.00,29.07,17.36,1981.86
2013,225,49439.93,0.00,356.89,0.00,26.12,16.30,1852.57
2013,226,49293.13,14.12,290.78,0.00,24.03,13.45,1541.57
2013,227,49145.03,2.68,187.39,0.00,19.95,13.92,1589.50
2013,228,48995.65,0.00,309.37,0.00,23.65,15.84,1799.02
2013,229,48845.05,0.00,403.54,0.00,26.10,14.91,1694.84
2013,230,48693.28,0.00,468.18,0.00,26.82,12.26,1425.84
2013,231,48540.39,0.00,472.81,0.00,30.08,14.17,1615.25
2013,232,48386.41,0.00,429.63,0.00,31.92,18.03,2066.70
2013,233,48231.40,0.00,387.14,0.00,33.16,21.02,2488.37
2013,234,48075.39,0.00,320.40,0.00,29.25,20.31,2381.95
2013,235,47918.43,0.00,384.83,0.00,32.09,20.26,2374.80
2013,236,47760.56,0.00,382.20,0.00,33.55,21.40,2547.48
2013,237,47601.82,0.00,368.58,0.00,35.15,23.03,2814.17
2013,238,47442.25,0.00,367.32,0.00,35.37,23.16,2836.24
2013,239,47281.90,0.00,379.66,0.00,36.08,23.11,2827.34
2013,240,47120.79,0.00,416.75,0.00,35.37,20.58,2321.41
2013,241,46958.96,0.00,435.14,0.00,36.07,19.67,2142.15
2013,242,46796.46,0.00,413.35,0.00,35.49,20.44,2294.95
2013,243,46633.32,6.21,283.91,0.00,34.40,21.31,2533.17
2013,244,46469.57,0.00,323.92,0.00,28.92,19.19,2223.16
2013,245,46305.25,0.00,402.40,0.00,26.72,13.96,1593.34
2013,246,46140.39,0.00,470.60,0.00,30.13,11.78,1308.02
2013,247,45975.02,0.87,448.49,0.00,30.54,13.61,1497.06
2013,248,45809.18,0.00,381.64,0.00,30.81,17.62,2013.82
2013,249,45642.90,0.00,410.05,0.00,34.48,18.47,2078.39
2013,250,45476.21,1.82,356.58,0.00,31.64,19.21,2105.62
2013,251,45309.14,0.00,379.71,0.00,34.24,19.98,2114.46
2013,252,45141.72,0.00,388.73,0.00,36.90,21.26,2246.97
2013,253,44973.98,36.62,278.77,0.00,35.35,20.56,2419.00
2013,254,44805.95,0.91,268.10,0.00,28.48,19.66,2288.23
2013,255,44637.65,0.00,299.42,0.00,26.68,16.88,1921.85
2013,256,44469.13,0.00,396.66,0.00,24.56,10.49,1235.21
2013,257,44300.40,7.18,288.37,0.00,24.92,11.07,1317.91
2013,258,44131.49,2.61,162.65,0.00,19.98,13.30,1526.13
2013,259,43962.43,5.25,168.23,0.00,19.86,12.96,1493.30
2013,260,43793.25,2.30,227.89,0.00,23.21,13.26,1522.24
2013,261,43623.98,0.00,394.39,0.00,32.41,15.91,1777.33
2013,262,43454.64,8.40,199.72,0.00,26.58,17.63,2015.94
2013,263,43285.25,0.00,366.85,0.00,22.25,9.35,1175.19
2013,264,43115.86,0.00,437.36,0.00,25.56,6.23,917.02
2013,265,42946.48,0.00,418.89,0.00,27.37,9.01,1102.71
2013,266,42777.13,0.00,352.84,0.00,25.47,11.98,1393.77
2013,267,42607.86,0.00,279.94,0.00,22.09,12.39,1438.38
2013,268,42438.68,0.00,386.99,0.00,26.70,10.42,1218.43
2013,269,42269.62,0.00,395.86,0.00,30.96,12.56,1351.30
2013,270,42100.71,9.25,241.45,0.00,31.36,17.75,2031.22
2013,271,41931.98,0.00,284.60,0.00,22.58,12.23,1423.15
2013,272,41763.45,0.00,398.84,0.00,25.36,7.20,996.69
2013,273,41595.16,0.00,393.83,0.00,27.72,9.00,1118.91
2013,274,41427.12,0.00,351.62,0.00,26.85,11.41,1348.48
2013,275,41259.38,31.47,274.76,0.00,29.66,12.05,1406.62
2013,276,41091.96,20.28,229.64,0.00,26.69,13.82,1579.42
2013,277,40924.88,0.00,327.06,0.00,28.33,13.80,1576.69
2013,278,40758.19,1.68,182.08,0.00,11.65,5.41,897.15
2013,279,40591.91,0.00,206.63,0.00,12.32,5.23,885.83
2013,280,40426.06,0.00,384.16,0.00,23.86,4.80,860.16
2013,281,40260.69,0.00,377.84,0.00,25.31,6.08,939.99
2013,282,40095.83,0.00,348.29,0.00,25.96,9.29,1170.28
2013,283,39931.50,0.00,327.78,0.00,26.93,11.47,1353.55
2013,284,39767.75,0.00,309.11,0.00,25.71,11.50,1356.21
2013,285,39604.60,0.00,304.28,0.00,19.66,6.34,957.07
2013,286,39442.10,0.00,354.31,0.00,20.80,2.92,753.44
2013,287,39280.27,33.42,195.07,0.00,15.23,4.51,842.39
2013,288,39119.16,0.00,105.89,0.00,11.09,7.19,1014.26
2013,289,38958.80,0.00,212.14,0.00,13.99,5.46,900.29
2013,290,38799.22,0.00,304.30,0.00,15.53,1.58,684.72
2013,291,38640.48,0.00,254.86,0.00,11.56,0.90,651.99
2013,292,38482.61,0.00,330.28,0.00,16.90,0.03,612.12
2013,293,38325.64,0.00,321.89,0.00,18.12,1.50,680.50
2013,294,38169.63,0.00,296.97,0.00,13.28,-0.78,576.74
2013,295,38014.60,0.00,244.22,0.00,9.99,-0.49,589.30
2013,296,37860.62,0.00,262.60,0.00,10.30,-1.36,552.77
2013,297,37707.72,0.00,256.94,0.00,9.72,-1.76,536.93
2013,298,37555.94,0.00,325.64,0.00,15.36,-2.69,501.21
2013,299,37405.33,0.00,271.77,0.00,10.84,-1.90,531.39
2013,300,37255.95,0.00,341.21,0.00,21.67,-1.87,532.30
2013,301,37107.83,3.43,184.19,0.00,12.17,0.45,631.12
2013,302,36961.03,2.60,124.72,0.00,10.85,3.57,788.57
2013,303,36815.60,0.72,166.59,0.00,12.12,4.88,864.87
2013,304,36671.58,0.00,259.55,0.00,14.32,1.61,685.77
2013,305,36529.03,1.69,259.24,0.00,15.68,2.79,746.48
2013,306,36388.00,0.00,261.54,0.00,14.83,1.64,687.43
2013,307,36248.55,0.00,257.82,0.00,15.22,2.13,711.82
2013,308,36110.73,0.00,204.64,0.00,13.59,3.93,808.75
2013,309,35974.58,31.56,101.79,0.00,6.56,0.63,639.36
2013,310,35840.18,0.00,140.63,0.00,6.23,0.20,619.64
2013,311,35707.57,0.00,241.04,0.00,9.67,-1.96,528.79
2013,312,35576.81,0.00,288.60,0.00,16.78,-0.86,573.58
2013,313,35447.96,0.00,253.26,0.00,15.82,2.30,720.82
2013,314,35321.07,0.00,253.51,0.00,12.16,-1.21,559.09
2013,315,35196.21,0.00,184.42,0.00,4.94,-3.35,477.17
2013,316,35073.44,0.00,260.08,0.00,1.33,-12.14,241.02
2013,317,34952.81,0.00,298.83,0.00,12.76,-9.99,286.15
2013,318,34834.38,0.00,265.87,0.00,12.99,-3.47,472.70
2013,319,34718.21,0.00,260.54,0.00,13.75,-2.69,501.24
2013,320,34604.36,0.00,270.03,0.00,17.80,-1.37,552.55
2013,321,34492.90,0.00,197.34,0.00,13.48,2.55,733.46
2013,322,34383.88,0.00,252.27,0.00,14.13,-2.36,513.38
2013,323,34277.35,0.00,259.70,0.00,16.86,-1.61,542.88
2013,324,34173.39,0.00,223.09,0.00,14.67,0.98,655.51
2013,325,34072.05,1.47,64.07,0.00,0.43,-2.50,508.09
2013,326,33973.39,0.00,184.54,0.00,-0.73,-10.52,274.33
2013,327,33877.47,0.00,127.34,0.00,-5.02,-11.30,257.78
2013,328,33784.34,0.00,226.92,0.00,0.76,-12.56,232.83
2013,329,33694.07,0.00,248.03,0.00,7.29,-9.52,296.93
2013,330,33606.70,0.00,125.73,0.00,-0.17,-6.32,381.02
2013,331,33522.30,0.00,232.37,0.00,1.19,-12.94,225.81
2013,332,33440.91,0.00,223.19,0.00,1.60,-11.89,245.78
2013,333,33362.60,0.00,245.79,0.00,8.19,-9.67,293.43
2013,334,33287.41,0.00,254.70,0.00,14.65,-7.31,352.96
2013,335,33215.40,0.00,217.14,0.00,9.05,-5.35,410.07
2013,336,33146.60,0.00,244.84,0.00,17.32,-3.51,471.24
2013,337,33081.08,0.00,126.36,0.00,6.59,-0.60,584.45
2013,338,33018.88,0.00,61.55,0.00,-3.46,-6.54,374.45
2013,339,32960.03,0.00,109.82,0.00,-8.24,-14.13,204.98
2013,340,32904.58,0.00,134.69,0.00,-10.93,-18.35,143.88
2013,341,32852.58,1.82,179.01,1.82,-11.36,-20.52,119.38
2013,342,32804.06,1.91,200.45,3.73,-8.14,-18.65,140.22
2013,343,32759.05,0.00,223.50,3.73,-7.84,-20.25,122.18
2013,344,32717.59,0.00,251.08,3.73,-1.75,-17.67,152.51
2013,345,32679.72,0.00,165.81,3.73,-7.87,-16.27,171.57
2013,346,32645.45,0.00,254.27,3.73,0.26,-16.61,166.72
2013,347,32614.81,0.00,207.71,3.73,-0.03,-11.37,256.30
2013,348,32587.83,0.00,127.35,3.73,-5.27,-11.31,257.48
2013,349,32564.53,0.00,187.92,3.73,-1.56,-11.04,263.21
2013,350,32544.93,0.00,268.60,3.73,9.09,-11.49,253.84
2013,351,32529.04,0.00,242.56,3.73,5.58,-9.46,298.29
2013,352,32516.87,0.00,249.77,2.91,13.01,-4.04,452.81
2013,353,32508.43,0.00,111.67,2.22,0.82,-4.38,441.64
2013,354,32503.74,0.00,82.76,2.22,-7.66,-11.22,259.48
2013,355,32502.79,0.00,136.75,2.22,-4.36,-10.64,271.79
2013,356,32505.58,0.00,114.86,2.22,-5.71,-10.81,268.01
2013,357,32512.11,0.00,132.53,2.22,-10.75,-16.65,166.17
2013,358,32522.38,0.00,246.17,2.22,-3.40,-17.61,153.20
2013,359,32536.38,0.00,265.11,2.22,6.37,-12.09,241.87
2013,360,32554.10,0.00,256.89,2.22,9.90,-7.46,348.93
2013,361,32575.52,0.00,272.29,2.22,17.14,-7.23,355.04
2013,362,32600.63,0.00,269.05,2.22,15.82,-6.55,374.14
2013,363,32629.41,0.00,122.46,2.22,-9.68,-15.32,185.76
2013,364,32661.83,0.00,270.98,2.22,2.97,-16.43,169.31
2013,365,32697.87,0.00,258.22,2.22,1.84,-14.55,197.88
2014,1,32737.70,2.21,43.89,2.90,-12.22,-15.13,188.71
2014,2,32780.92,0.00,124.58,2.90,-12.47,-19.46,130.85
2014,3,32827.67,0.00,267.78,2.90,3.28,-18.35,143.93
2014,4,32877.92,0.00,232.36,2.90,0.93,-14.63,196.68
2014,5,32931.64,0.00,111.23,2.90,-12.42,-18.51,141.90
2014,6,32988.77,0.00,173.62,2.90,-14.30,-24.25,85.81
2014,7,33049.29,0.00,273.19,2.90,-1.53,-22.78,97.84
2014,8,33113.14,0.00,142.55,2.90,-5.91,-13.82,210.25
2014,9,33180.29,0.00,209.67,2.90,-1.78,-14.39,200.55
2014,10,33250.69,0.00,217.41,2.90,1.48,-11.80,247.54
2014,11,33324.28,0.00,213.29,2.19,8.84,-4.30,444.01
2014,12,33401.03,0.00,213.53,0.26,11.88,-1.40,551.34
2014,13,33480.87,0.00,139.45,0.00,8.73,-0.04,609.08
2014,14,33563.76,0.00,143.91,0.00,4.92,-3.94,456.43
2014,15,33649.64,0.00,247.90,0.00,6.54,-12.94,225.85
2014,16,33738.45,0.00,240.71,0.00,6.03,-11.85,246.54
2014,17,33830.15,0.00,226.72,0.00,3.84,-11.79,247.88
2014,18,33924.67,0.00,236.23,0.00,5.86,-10.82,267.82
2014,19,34021.95,0.00,276.81,0.00,19.06,-8.50,314.00
2014,20,34121.95,0.00,224.26,0.00,8.08,-6.87,365.09
2014,21,34224.60,0.00,251.04,0.00,-2.45,-19.92,125.74
2014,22,34329.83,0.00,257.02,0.00,-1.29,-19.36,132.02
2014,23,34437.60,0.00,212.24,0.00,-8.33,-21.02,114.28
2014,24,34547.84,0.00,296.47,0.00,11.12,-18.51,131.01
2014,25,34660.49,0.00,246.06,0.00,9.11,-7.14,348.66
2014,26,34775.50,0.00,257.24,0.00,12.14,-5.39,379.04
2014,27,34892.79,0.00,152.06,0.00,-11.13,-19.17,134.15
2014,28,35012.32,0.00,253.50,0.00,-6.31,-21.97,105.10
2014,29,35134.03,0.00,309.50,0.00,7.65,-20.37,114.04
2014,30,35257.84,0.00,282.92,0.00,4.78,-14.55,194.76
2014,31,35383.71,1.39,153.54,1.39,-3.42,-10.50,274.74
2014,32,35511.58,0.00,153.74,1.39,-4.32,-11.32,257.34
2014,33,35641.38,0.00,312.32,1.39,-1.34,-18.89,137.37
2014,34,35773.06,0.00,326.19,1.39,-0.04,-19.13,134.37
2014,35,35906.57,5.55,156.41,6.94,-5.17,-14.69,195.65
2014,36,36041.84,0.00,130.57,6.94,-12.28,-17.78,151.01
2014,37,36178.83,0.00,242.55,6.94,-12.20,-22.94,96.50
2014,38,36317.47,0.00,290.60,6.94,-8.88,-22.70,98.55
2014,39,36457.71,0.00,277.68,6.94,-2.72,-15.58,181.69
2014,40,36599.50,0.00,63.95,6.94,-10.44,-12.45,234.92
2014,41,36742.78,0.00,255.13,6.94,-10.62,-21.37,110.80
2014,42,36887.51,0.00,313.64,6.94,-6.09,-20.43,120.32
2014,43,37033.62,0.56,292.48,7.50,-0.67,-13.58,214.32
2014,44,37181.08,0.00,359.87,7.50,11.88,-7.41,280.82
2014,45,37329.83,0.00,165.35,7.50,-0.86,-7.24,354.80
2014,46,37479.83,0.00,388.76,7.50,14.04,-8.32,231.46
2014,47,37631.02,1.22,208.72,7.24,2.71,-5.38,409.23
2014,48,37783.36,0.00,366.75,6.96,12.61,-5.32,309.28
2014,49,37936.81,0.00,389.51,4.97,19.41,-1.25,360.87
2014,50,38091.31,0.00,365.70,4.63,11.74,-5.19,314.72
2014,51,38246.83,6.19,195.97,4.16,5.00,-4.89,424.65
2014,52,38403.32,0.00,373.59,4.16,9.88,-6.78,301.35
2014,53,38560.74,0.00,275.45,4.09,4.35,-5.84,391.57
2014,54,38719.05,0.00,183.00,4.09,-0.45,-6.40,378.59
2014,55,38878.21,0.59,111.71,4.68,-3.86,-7.11,358.31
2014,56,39038.18,0.00,219.23,4.68,-7.12,-13.73,211.74
2014,57,39198.92,0.00,442.03,4.68,2.00,-19.00,120.10
2014,58,39360.39,0.00,350.51,4.68,-6.16,-18.06,147.54
2014,59,39522.56,0.59,448.56,5.27,5.80,-14.54,158.77
2014,60,39685.39,0.87,85.23,6.14,-11.31,-13.26,220.10
2014,61,39848.84,0.00,198.76,6.14,-15.38,-20.72,117.28
2014,62,40012.88,0.00,423.70,6.14,-7.02,-22.03,104.61
2014,63,40177.47,0.00,479.57,6.14,3.40,-20.17,102.22
2014,64,40342.59,0.00,397.65,6.14,1.57,-11.41,229.28
2014,65,40508.20,0.00,390.75,6.14,4.92,-7.68,291.06
2014,66,40674.27,0.00,345.36,5.79,5.32,-5.15,368.87
2014,67,40840.76,0.00,399.95,5.79,4.89,-8.06,278.51
2014,68,41007.64,0.00,504.38,5.79,22.81,-7.44,184.41
2014,69,41174.89,0.00,499.24,4.20,24.64,-2.22,263.98
2014,70,41342.48,0.71,226.52,0.60,9.43,2.57,719.89
2014,71,41510.37,0.00,384.90,0.00,12.53,-2.98,369.48
2014,72,41678.54,0.00,449.74,0.00,20.49,-3.73,278.32
2014,73,41846.95,0.00,414.44,0.00,16.04,-2.19,352.42
2014,74,42015.58,0.32,441.80,0.00,19.92,-1.24,258.47
2014,75,42184.41,0.00,295.54,0.00,5.00,-5.27,311.53
2014,76,42353.39,0.00,453.30,0.00,16.06,-5.46,162.56
2014,77,42522.51,1.43,413.34,0.00,13.39,-3.60,220.64
2014,78,42691.75,0.00,358.31,0.00,11.67,-1.42,312.84
2014,79,42861.06,0.00,465.42,0.00,18.08,-4.12,164.71
2014,80,43030.42,0.00,435.26,0.00,14.42,-3.65,202.86
2014,81,43199.81,0.00,226.06,0.00,0.83,-6.38,330.97
2014,82,43369.21,0.00,415.07,0.00,4.60,-10.91,106.30
2014,83,43538.57,0.00,444.87,0.00,8.07,-9.86,95.77
2014,84,43707.88,0.00,332.46,0.00,4.96,-6.24,149.41
2014,85,43877.12,0.00,489.95,0.00,18.50,-6.02,131.76
2014,86,44046.24,2.94,263.59,0.00,11.02,-1.57,217.62
2014,87,44215.22,0.00,309.19,0.00,6.20,-4.17,199.60
2014,88,44384.05,0.00,472.35,0.00,14.73,-5.87,133.41
2014,89,44552.68,0.00,507.16,0.00,23.94,-2.80,170.86
2014,90,44721.10,0.00,412.30,0.00,22.20,5.97,334.88
2014,91,44889.26,0.00,339.16,0.00,6.53,-5.47,151.28
2014,92,45057.15,1.85,323.41,0.00,6.68,-4.47,149.47
2014,93,45224.74,4.24,106.33,0.00,4.43,0.05,572.79
2014,94,45391.99,0.00,249.02,0.00,7.55,-0.39,345.49
2014,95,45558.88,0.00,485.07,0.00,16.98,-3.41,162.81
2014,96,45725.37,0.00,455.42,0.00,17.69,-0.19,209.93
2014,97,45891.44,0.00,392.13,0.00,18.87,4.88,308.86
2014,98,46057.04,0.00,379.66,0.00,15.09,2.31,254.45
2014,99,46222.16,0.00,531.39,0.00,27.66,1.21,233.88
2014,100,46386.76,0.00,442.03,0.00,19.82,3.54,279.31
2014,101,46550.80,0.00,492.65,0.00,25.19,4.67,304.01
2014,102,46714.26,0.00,492.87,0.00,28.29,7.78,382.49
2014,103,46877.09,26.89,123.03,0.00,12.23,7.27,856.40
2014,104,47039.26,0.00,276.78,0.00,5.66,-2.62,434.87
2014,105,47200.73,0.00,488.89,0.00,12.87,-5.43,207.09
2014,106,47361.47,0.00,533.85,0.00,19.83,-3.30,184.05
2014,107,47521.44,0.00,420.47,0.00,13.42,-0.53,333.37
2014,108,47680.60,0.00,521.50,0.00,20.95,-0.39,225.35
2014,109,47838.91,0.00,530.98,0.00,26.23,3.61,280.68
2014,110,47996.34,3.00,336.79,0.00,28.64,12.11,768.31
2014,111,48152.83,0.00,355.57,0.00,23.79,12.11,805.53
2014,112,48308.35,0.00,480.76,0.00,21.31,3.71,347.07
2014,113,48462.86,8.00,252.99,0.00,16.14,5.53,721.66
2014,114,48616.30,2.37,247.28,0.00,19.01,8.51,929.52
2014,115,48768.65,0.00,536.29,0.00,26.53,4.27,349.36
2014,116,48919.84,0.00,530.18,0.00,27.36,5.55,380.24
2014,117,49069.84,14.81,228.68,0.00,20.90,11.13,1144.58
2014,118,49218.59,5.69,161.86,0.00,17.48,10.96,1308.24
2014,119,49366.06,3.85,67.76,0.00,8.01,6.06,938.78
2014,120,49512.18,0.79,185.06,0.00,8.60,3.74,798.16
2014,121,49656.91,0.00,222.93,0.00,10.83,4.92,866.97
2014,122,49800.19,0.00,545.59,0.00,23.32,2.35,422.69
2014,123,49941.98,0.00,528.13,0.00,23.23,3.56,472.08
2014,124,50082.23,0.00,424.06,0.00,20.88,7.43,741.77
2014,125,50220.87,0.00,475.97,0.00,23.66,7.65,671.74
2014,126,50357.86,0.00,519.74,0.00,27.78,8.59,597.41
2014,127,50493.13,14.13,401.28,0.00,35.09,12.15,890.64
2014,128,50626.65,0.00,434.95,0.00,27.12,12.53,1017.66
2014,129,50758.33,0.00,473.77,0.00,21.71,6.06,655.34
2014,130,50888.14,7.46,398.16,0.00,28.65,7.71,774.66
2014,131,51016.01,91.70,295.80,0.00,23.95,11.52,1237.84
2014,132,51141.89,13.28,69.05,0.00,11.96,10.00,1227.47
2014,133,51265.71,0.00,378.85,0.00,16.45,5.47,901.16
2014,134,51387.41,0.00,494.10,0.00,20.53,3.70,791.56
2014,135,51506.95,0.00,389.76,0.00,13.40,2.23,717.00
2014,136,51624.25,0.00,465.77,0.00,13.87,-0.20,601.72
2014,137,51739.26,0.00,523.76,0.00,18.95,0.86,640.94
2014,138,51851.92,0.00,528.56,0.00,22.62,3.75,763.78
2014,139,51962.16,0.00,516.68,0.00,28.20,9.33,1091.49
2014,140,52069.93,0.00,410.19,0.00,29.16,15.96,1805.04
2014,141,52175.18,5.88,304.75,0.00,28.05,15.17,1723.56
2014,142,52277.83,5.73,262.98,0.00,23.00,12.99,1495.62
2014,143,52377.83,0.00,443.43,0.00,26.05,12.03,1394.67
2014,144,52475.12,1.88,402.98,0.00,26.16,13.80,1577.14
2014,145,52569.65,12.84,287.50,0.00,28.00,16.39,1862.84
2014,146,52661.35,0.00,391.17,0.00,29.59,17.66,2019.50
2014,147,52750.17,0.00,387.78,0.00,29.97,18.07,2071.82
2014,148,52836.06,0.00,418.66,0.00,30.24,16.89,1923.05
2014,149,52918.95,0.00,405.86,0.00,29.31,16.42,1867.16
2014,150,52998.80,0.00,391.91,0.00,30.56,17.85,2043.03
2014,151,53075.55,0.00,348.12,0.00,30.25,19.15,2217.48
2014,152,53149.15,35.31,292.62,0.00,30.83,18.23,2092.60
2014,153,53219.56,0.00,407.86,0.00,28.10,15.42,1751.06
2014,154,53286.71,52.89,341.75,0.00,30.28,14.98,1702.61
2014,155,53350.58,0.00,349.49,0.00,25.49,15.40,1748.71
2014,156,53411.10,4.64,278.82,0.00,26.90,16.05,1822.71
2014,157,53468.24,0.00,428.93,0.00,29.66,16.39,1863.62
2014,158,53521.96,3.80,213.82,0.00,23.50,16.01,1818.92
2014,159,53572.22,0.00,377.13,0.00,21.41,11.49,1355.39
2014,160,53618.98,0.00,326.37,0.00,21.91,13.73,1569.97
2014,161,53662.21,0.00,469.34,0.00,26.68,12.80,1477.94
2014,162,53701.88,0.00,475.60,0.00,27.61,12.88,1485.18
2014,163,53737.95,0.00,394.85,0.00,23.49,12.76,1473.15
2014,164,53770.39,0.00,523.50,0.00,25.24,8.14,1082.66
2014,165,53799.20,7.37,385.77,0.00,28.77,11.26,1334.71
2014,166,53824.33,0.00,372.76,0.00,26.73,16.29,1851.70
2014,167,53845.77,20.75,340.17,0.00,30.71,16.46,1871.48
2014,168,53863.52,0.00,447.23,0.00,32.63,18.34,2107.93
2014,169,53877.54,0.00,400.35,0.00,33.14,20.95,2477.99
2014,170,53887.83,0.00,294.94,0.00,29.63,21.63,2584.16
2014,171,53894.39,54.64,372.45,0.00,33.46,16.31,1853.96
2014,172,53897.21,0.00,445.36,0.00,30.49,16.91,1925.69
2014,173,53896.28,0.78,328.42,0.00,27.46,18.70,2155.50
2014,174,53891.61,0.00,309.16,0.00,26.41,18.40,2115.80
2014,175,53883.20,0.00,415.15,0.00,27.88,16.28,1850.08
2014,176,53871.05,3.17,340.88,0.00,29.43,15.86,1800.90
2014,177,53855.19,40.64,304.87,0.00,29.48,17.90,2049.96
2014,178,53835.61,25.83,233.56,0.00,27.30,19.20,2224.47
2014,179,53812.33,4.02,257.41,0.00,26.86,17.97,2059.36
2014,180,53785.38,2.09,316.01,0.00,30.21,18.16,2084.25
2014,181,53754.77,0.85,347.32,0.00,27.38,18.36,2109.47
2014,182,53720.52,0.00,373.14,0.00,26.20,16.60,1887.56
2014,183,53682.67,0.00,383.12,0.00,22.23,12.82,1479.11
2014,184,53641.23,0.00,518.21,0.00,26.02,10.19,1243.05
2014,185,53596.25,5.62,374.63,0.00,28.05,12.74,1472.15
2014,186,53547.75,4.55,344.61,0.00,30.53,16.69,1899.18
2014,187,53495.77,0.00,457.08,0.00,34.62,19.72,2296.84
2014,188,53440.35,4.40,317.32,0.00,31.53,18.91,2184.45
2014,189,53381.52,0.00,379.90,0.00,27.21,16.94,1929.06
2014,190,53319.34,0.70,453.02,0.00,27.93,14.58,1659.12
2014,191,53253.84,0.00,457.21,0.00,29.46,15.60,1771.00
2014,192,53185.07,0.00,413.04,0.00,30.02,18.02,2065.13
2014,193,53113.07,0.00,369.92,0.00,30.61,20.08,2349.40
2014,194,53037.90,1.87,438.83,0.00,31.01,17.80,2036.69
2014,195,52959.61,0.00,340.07,0.00,23.88,15.41,1750.21
2014,196,52878.25,0.00,459.22,0.00,22.93,10.42,1262.51
2014,197,52793.86,0.00,484.74,0.00,24.29,10.38,1258.81
2014,198,52706.52,0.00,487.42,0.00,25.74,11.40,1347.01
2014,199,52616.26,0.00,446.01,0.00,25.03,12.74,1472.12
2014,200,52523.15,0.00,466.16,0.00,27.69,13.84,1581.01
2014,201,52427.24,0.00,477.08,0.00,31.47,16.15,1835.26
2014,202,52328.60,0.00,460.12,0.00,35.36,19.72,2296.29
2014,203,52227.28,0.00,368.84,0.00,33.13,22.12,2661.72
2014,204,52123.34,0.00,417.37,0.00,29.06,16.86,1920.09
2014,205,52016.83,3.52,302.83,0.00,28.94,17.28,1971.69
2014,206,51907.83,0.00,457.77,0.00,34.61,19.01,2198.19
2014,207,51796.38,0.00,330.63,0.00,30.99,21.53,2567.43
2014,208,51682.55,0.00,348.69,0.00,27.72,18.09,2075.23
2014,209,51566.39,0.00,430.37,0.00,25.68,13.28,1524.39
2014,210,51447.98,0.00,450.24,0.00,26.09,12.69,1466.69
2014,211,51327.36,0.00,468.20,0.00,27.15,12.46,1445.06
2014,212,51204.60,10.90,367.37,0.00,29.70,12.87,1483.89
2014,213,51079.75,0.00,448.29,0.00,28.33,14.02,1600.14
2014,214,50952.88,2.18,330.35,0.00,29.94,15.69,1781.09
2014,215,50824.04,0.00,443.44,0.00,31.08,16.40,1863.95
2014,216,50693.30,0.00,358.47,0.00,28.64,18.05,2069.07
2014,217,50560.70,0.00,393.98,0.00,30.70,18.44,2120.43
2014,218,50426.31,10.03,164.70,0.00,25.90,19.96,2331.23
2014,219,50290.17,1.71,204.19,0.00,24.67,19.29,2236.65
2014,220,50152.36,4.49,196.17,0.00,26.70,19.67,2289.59
2014,221,50012.92,0.00,292.70,0.00,27.39,19.48,2263.48
2014,222,49871.90,3.40,204.99,0.00,26.84,19.61,2280.70
2014,223,49729.36,0.00,304.15,0.00,25.21,17.29,1972.53
2014,224,49585.35,0.00,455.66,0.00,25.69,12.11,1411.73
2014,225,49439.93,0.00,492.43,0.00,28.22,11.50,1355.91
2014,226,49293.13,0.00,467.82,0.00,28.87,13.46,1542.47
2014,227,49145.03,1.73,252.99,0.00,22.94,16.48,1873.44
2014,228,48995.65,0.00,355.41,0.00,29.37,19.16,2218.92
2014,229,48845.05,4.88,300.81,0.00,31.19,18.81,2170.55
2014,230,48693.28,0.00,432.84,0.00,31.46,17.42,1989.01
2014,231,48540.39,0.00,436.13,0.00,31.43,17.17,1958.25
2014,232,48386.41,0.00,418.20,0.00,33.13,19.35,2244.38
2014,233,48231.40,2.48,255.55,0.00,32.32,22.01,2644.04
2014,234,48075.39,47.07,270.56,0.00,32.97,21.74,2601.46
2014,235,47918.43,0.00,397.13,0.00,32.77,19.93,2327.53
2014,236,47760.56,0.00,353.22,0.00,31.17,20.59,2423.37
2014,237,47601.82,32.94,196.93,0.00,25.66,18.73,2159.59
2014,238,47442.25,0.00,349.54,0.00,26.24,16.53,1879.30
2014,239,47281.90,59.81,195.63,0.00,24.17,17.46,1993.40
2014,240,47120.79,10.92,216.79,0.00,27.35,19.59,2278.10
2014,241,46958.96,2.05,154.49,0.00,24.66,19.54,2270.79
2014,242,46796.46,0.00,391.15,0.00,28.29,17.08,1946.42
2014,243,46633.32,15.44,303.39,0.00,29.11,17.12,1951.07
2014,244,46469.57,0.00,364.43,0.00,26.17,16.40,1864.48
2014,245,46305.25,0.00,450.15,0.00,26.69,12.67,1464.63
2014,246,46140.39,0.00,449.16,0.00,29.52,14.49,1648.89
2014,247,45975.02,4.11,315.30,0.00,32.27,18.13,2080.01
2014,248,45809.18,1.30,209.21,0.00,18.28,13.36,1533.03
2014,249,45642.90,0.00,445.51,0.00,22.65,8.81,1133.19
2014,250,45476.21,0.00,456.66,0.00,24.77,9.26,1167.66
2014,251,45309.14,0.00,471.99,0.00,30.29,10.81,1295.73
2014,252,45141.72,37.92,238.19,0.00,25.02,15.78,1792.23
2014,253,44973.98,0.40,144.67,0.00,18.00,14.35,1634.10
2014,254,44805.95,10.30,71.51,0.00,12.69,10.65,1281.52
2014,255,44637.65,2.77,192.54,0.00,12.87,6.69,980.47
2014,256,44469.13,0.00,453.80,0.00,16.80,2.33,722.50
2014,257,44300.40,2.28,352.08,0.00,21.95,4.24,826.75
2014,258,44131.49,0.00,363.24,0.00,18.05,7.74,1053.63
2014,259,43962.43,0.00,448.96,0.00,21.05,5.04,874.11
2014,260,43793.25,0.00,462.22,0.00,26.21,6.58,973.20
2014,261,43623.98,0.00,365.46,0.00,24.99,13.25,1521.86
2014,262,43454.64,6.62,303.50,0.00,30.85,15.14,1720.31
2014,263,43285.25,0.00,367.51,0.00,29.28,16.24,1845.67
2014,264,43115.86,0.00,363.65,0.00,22.31,10.56,1274.35
2014,265,42946.48,0.00,418.28,0.00,23.40,7.70,1050.77
2014,266,42777.13,5.54,246.59,0.00,20.48,10.25,1248.22
2014,267,42607.86,0.00,278.62,0.00,22.82,14.19,1617.37
2014,268,42438.68,0.00,388.10,0.00,28.11,12.81,1478.12
2014,269,42269.62,0.00,385.37,0.00,29.12,13.27,1523.73
2014,270,42100.71,0.00,349.90,0.00,27.58,14.19,1617.55
2014,271,41931.98,0.00,366.14,0.00,28.26,13.20,1516.98
2014,272,41763.45,0.00,363.32,0.00,28.56,13.32,1528.52
2014,273,41595.16,51.66,135.31,0.00,20.22,14.33,1632.67
2014,274,41427.12,1.04,267.37,0.00,24.33,14.82,1684.32
2014,275,41259.38,1.21,154.59,0.00,17.15,12.31,1430.97
2014,276,41091.96,0.00,217.28,0.00,12.83,6.18,946.46
2014,277,40924.88,0.00,355.38,0.00,13.78,1.10,661.23
2014,278,40758.19,0.59,398.29,0.00,20.99,2.90,752.17
2014,279,40591.91,0.42,365.29,0.00,21.39,6.17,946.00
2014,280,40426.06,0.00,342.20,0.00,23.01,9.08,1154.02
2014,281,40260.69,0.00,335.62,0.00,20.58,7.46,1033.18
2014,282,40095.83,0.00,307.94,0.00,19.11,7.58,1041.93
2014,283,39931.50,0.00,243.92,0.00,13.66,5.27,888.62
2014,284,39767.75,0.00,363.70,0.00,16.45,0.29,623.56
2014,285,39604.60,8.58,265.53,0.00,17.85,1.76,693.25
2014,286,39442.10,4.90,141.52,0.00,14.09,7.32,1023.92
2014,287,39280.27,0.00,283.85,0.00,18.93,7.61,1044.13
2014,288,39119.16,0.00,362.97,0.00,21.75,3.04,759.50
2014,289,38958.80,0.00,365.51,0.00,25.14,4.40,836.41
2014,290,38799.22,0.00,260.93,0.00,17.32,6.86,991.77
2014,291,38640.48,0.00,278.16,0.00,15.07,3.73,797.80
2014,292,38482.61,0.00,348.32,0.00,22.91,4.09,818.34
2014,293,38325.64,0.00,332.94,0.00,22.52,5.22,885.15
2014,294,38169.63,0.00,346.86,0.00,24.10,3.71,796.48
2014,295,38014.60,17.45,249.49,0.00,25.38,6.19,947.40
2014,296,37860.62,0.00,245.15,0.00,22.01,10.66,1282.27
2014,297,37707.72,0.00,270.34,0.00,24.17,10.59,1276.47
2014,298,37555.94,0.00,290.39,0.00,23.08,7.85,1061.04
2014,299,37405.33,0.00,311.82,0.00,27.56,8.55,1113.07
2014,300,37255.95,0.00,242.02,0.00,21.37,9.53,1189.49
2014,301,37107.83,0.00,229.50,0.00,14.56,4.06,816.60
2014,302,36961.03,0.00,283.96,0.00,14.00,-0.40,593.18
2014,303,36815.60,0.00,295.56,0.00,16.62,0.19,619.26
2014,304,36671.58,0.00,204.84,0.00,6.58,-2.71,500.47
2014,305,36529.03,0.00,277.04,0.00,11.11,-3.79,461.67
2014,306,36388.00,0.00,295.77,0.00,17.63,-0.76,577.60
2014,307,36248.55,1.66,231.26,0.00,18.98,6.36,958.13
2014,308,36110.73,0.00,255.89,0.00,17.35,2.83,748.20
2014,309,35974.58,0.00,273.35,0.00,19.64,2.75,744.30
2014,310,35840.18,0.00,183.48,0.00,10.91,1.69,690.05
2014,311,35707.57,0.00,263.22,0.00,17.03,1.09,660.61
2014,312,35576.81,0.00,159.02,0.00,9.93,1.95,702.97
2014,313,35447.96,0.00,235.28,0.00,16.17,2.46,729.03
2014,314,35321.07,1.10,213.97,0.00,13.18,1.34,672.85
2014,315,35196.21,0.00,102.89,0.00,-3.51,-8.30,326.89
2014,316,35073.44,0.00,137.31,0.00,-4.38,-10.98,264.49
2014,317,34952.81,0.00,174.61,0.00,-3.22,-11.93,245.12
2014,318,34834.38,0.00,220.22,0.00,-3.28,-14.94,191.67
2014,319,34718.21,3.52,174.19,3.52,-2.59,-13.32,218.86
2014,320,34604.36,0.00,237.82,3.52,-4.45,-15.65,180.76
2014,321,34492.90,0.00,179.24,3.52,-7.79,-15.64,180.92
2014,322,34383.88,0.00,293.69,3.52,2.35,-14.58,197.40
2014,323,34277.35,0.00,243.54,3.52,-0.18,-12.06,242.56
2014,324,34173.39,0.00,228.30,3.52,-0.63,-11.33,257.17
2014,325,34072.05,0.00,274.59,3.52,4.40,-10.46,275.69
2014,326,33973.39,0.00,292.09,3.31,13.66,-5.50,405.59
2014,327,33877.47,0.00,202.94,0.00,11.85,1.87,698.68
2014,328,33784.34,0.00,109.63,0.00,2.58,-2.70,500.79
2014,329,33694.07,0.00,249.09,0.00,7.37,-8.89,311.98
2014,330,33606.70,0.00,214.76,0.00,3.41,-8.69,316.89
2014,331,33522.30,0.00,166.54,0.00,-2.18,-10.58,272.95
2014,332,33440.91,0.00,261.63,0.00,13.71,-8.33,325.93
2014,333,33362.60,0.00,261.47,0.00,22.65,-4.17,448.51
2014,334,33287.41,0.00,120.35,0.00,-4.79,-10.92,265.73
2014,335,33215.40,0.00,128.18,0.00,-4.83,-11.31,257.63
2014,336,33146.60,0.00,242.62,0.00,6.87,-10.40,276.98
2014,337,33081.08,0.00,203.45,0.00,2.95,-9.05,308.24
2014,338,33018.88,0.00,203.92,0.00,5.79,-6.43,377.75
2014,339,32960.03,0.00,214.22,0.00,8.64,-4.89,424.82
2014,340,32904.58,0.00,106.06,0.00,2.48,-2.92,492.43
2014,341,32852.58,0.00,122.10,0.00,3.86,-2.35,514.07
2014,342,32804.06,0.00,199.43,0.00,11.11,-1.05,565.68
2014,343,32759.05,0.00,143.57,0.00,-0.10,-7.46,348.86
2014,344,32717.59,0.00,173.88,0.00,2.67,-6.76,368.36
2014,345,32679.72,0.00,145.95,0.00,4.35,-3.35,477.12
2014,346,32645.45,0.00,209.91,0.00,13.96,-0.03,609.20
2014,347,32614.81,0.00,139.86,0.00,12.40,4.57,846.44
2014,348,32587.83,14.46,62.57,0.00,13.83,9.35,1175.19
2014,349,32564.53,7.59,77.01,0.00,6.56,1.31,671.41
2014,350,32544.93,0.00,63.08,0.00,-3.19,-6.06,388.45
2014,351,32529.04,0.00,108.80,0.00,-2.86,-8.12,331.43
2014,352,32516.87,0.75,140.92,0.75,-0.59,-6.68,370.54
2014,353,32508.43,0.00,88.60,0.00,1.07,-2.99,490.11
2014,354,32503.74,0.00,96.31,0.00,3.24,-1.16,561.05
2014,355,32502.79,4.70,96.65,0.00,5.86,-0.11,605.71
2014,356,32505.58,8.02,60.03,0.00,6.13,2.73,742.99
2014,357,32512.11,4.90,36.45,0.00,2.36,0.57,636.41
2014,358,32522.38,0.00,54.62,0.00,0.83,-1.22,558.73
2014,359,32536.38,0.00,217.60,0.00,9.35,-2.46,509.71
2014,360,32554.10,0.87,54.21,0.00,0.32,-1.60,543.09
2014,361,32575.52,0.00,118.21,0.00,-2.99,-7.52,347.17
2014,362,32600.63,0.00,216.52,0.00,-0.12,-10.15,282.62
2014,363,32629.41,0.69,207.49,0.69,-5.21,-12.32,237.40
2014,364,32661.83,0.00,155.93,0.69,-14.31,-19.10,134.93
2014,365,32697.87,0.00,274.78,0.69,-6.47,-20.06,124.22
2015,1,32737.70,0.00,267.66,4.65,1.85,-17.75,151.43
2015,2,32780.92,0.00,208.95,4.65,0.70,-11.13,261.29
2015,3,32827.67,1.56,214.97,6.21,1.17,-11.09,262.13
2015,4,32877.92,0.00,121.53,6.21,-12.49,-18.46,142.53
2015,5,32931.64,0.00,227.48,6.21,-4.73,-17.75,151.43
2015,6,32988.77,0.00,165.61,6.21,-7.77,-16.16,173.20
2015,7,33049.29,0.00,120.97,6.21,-11.95,-17.78,151.07
2015,8,33113.14,0.00,273.33,6.21,-0.21,-18.79,138.60
2015,9,33180.29,0.00,156.71,6.21,-8.28,-15.98,175.77
2015,10,33250.69,0.00,284.70,6.21,3.93,-16.91,162.67
2015,11,33324.28,0.00,239.75,6.21,0.28,-13.25,220.24
2015,12,33401.03,0.00,132.06,6.21,-8.15,-14.40,200.47
2015,13,33480.87,0.00,266.73,6.21,-4.90,-20.84,116.05
2015,14,33563.76,0.00,292.68,6.21,3.49,-17.31,157.15
2015,15,33649.64,0.00,272.66,6.21,8.08,-8.92,311.28
2015,16,33738.45,0.00,287.22,6.21,13.82,-6.08,388.05
2015,17,33830.15,0.00,219.86,4.04,10.81,-0.83,574.94
2015,18,33924.67,0.00,264.86,2.46,13.58,-2.23,518.32
2015,19,34021.95,0.00,279.74,1.73,13.18,-4.27,445.32
2015,20,34121.95,0.00,233.70,0.19,9.89,-2.34,514.20
2015,21,34224.60,0.00,178.59,0.00,6.98,-2.61,504.15
2015,22,34329.83,0.00,131.80,0.00,3.09,-3.53,470.53
2015,23,34437.60,0.00,231.17,0.00,7.48,-5.91,393.07
2015,24,34547.84,0.70,263.61,0.00,12.41,-5.04,419.83
2015,25,34660.49,0.00,133.88,0.00,5.56,-1.04,565.99
2015,26,34775.50,0.00,264.47,0.00,15.03,-2.10,523.48
2015,27,34892.79,0.00,257.63,0.00,12.75,-2.92,492.67
2015,28,35012.32,0.00,273.48,0.00,15.36,-2.46,509.80
2015,29,35134.03,0.00,164.44,0.00,4.91,-3.00,489.65
2015,30,35257.84,0.00,259.74,0.00,4.95,-9.52,296.87
2015,31,35383.71,20.98,174.78,20.98,2.74,-7.12,358.10
2015,32,35511.58,4.28,132.01,25.26,-1.86,-8.67,317.45
2015,33,35641.38,0.00,294.21,25.26,-8.45,-21.35,111.05
2015,34,35773.06,2.67,265.21,27.94,1.19,-19.04,135.69
2015,35,35906.57,5.05,145.99,32.99,-6.58,-14.00,207.16
2015,36,36041.84,0.00,360.41,32.99,-2.84,-22.72,98.36
2015,37,36178.83,0.00,372.11,32.99,6.28,-16.94,162.24
2015,38,36317.47,0.00,303.61,31.68,11.31,-2.87,494.32
2015,39,36457.71,0.00,270.82,29.65,10.73,-1.18,560.38
2015,40,36599.50,0.00,76.34,27.37,1.93,-0.58,585.59
2015,41,36742.78,0.00,131.15,25.13,4.06,-0.65,582.54
2015,42,36887.51,0.00,197.78,24.81,1.97,-5.24,413.51
2015,43,37033.62,0.00,222.58,24.81,-6.48,-14.33,201.57
2015,44,37181.08,0.00,396.36,24.81,9.76,-12.47,234.53
2015,45,37329.83,0.00,240.92,24.81,-0.44,-8.81,314.09
2015,46,37479.83,0.00,153.46,24.81,-7.34,-12.10,241.75
2015,47,37631.02,0.00,346.81,24.81,2.09,-11.16,260.68
2015,48,37783.36,0.34,197.16,25.15,-4.03,-10.07,284.36
2015,49,37936.81,0.00,243.67,25.15,-8.03,-15.37,185.01
2015,50,38091.31,0.00,334.89,25.15,-6.68,-17.70,152.05
2015,51,38246.83,0.00,428.53,25.15,6.00,-15.18,187.81
2015,52,38403.32,0.00,359.54,25.15,2.44,-10.41,276.70
2015,53,38560.74,0.00,185.11,25.15,-7.62,-12.91,226.42
2015,54,38719.05,0.00,412.74,25.15,-3.21,-19.10,135.01
2015,55,38878.21,0.00,448.76,25.15,7.01,-15.92,176.60
2015,56,39038.18,1.52,404.35,26.66,6.71,-8.71,316.52
2015,57,39198.92,0.00,252.96,26.66,-10.43,-17.64,152.83
2015,58,39360.39,0.00,397.71,26.66,-6.73,-20.08,124.04
2015,59,39522.56,0.00,401.95,26.66,-4.79,-18.40,143.28
2015,60,39685.39,0.00,440.36,26.66,4.28,-12.81,228.29
2015,61,39848.84,0.00,401.16,26.66,5.50,-8.22,328.83
2015,62,40012.88,0.46,312.89,27.13,2.08,-7.20,355.87
2015,63,40177.47,0.00,357.18,27.13,-1.05,-11.88,246.12
2015,64,40342.59,0.00,465.12,27.13,0.65,-17.32,157.08
2015,65,40508.20,0.00,500.16,27.13,17.09,-14.28,202.42
2015,66,40674.27,0.00,472.57,26.66,15.80,-4.90,424.61
2015,67,40840.76,0.00,423.29,24.54,14.02,-0.94,570.17
2015,68,41007.64,0.00,472.29,23.38,16.52,-3.24,480.94
2015,69,41174.89,0.00,493.27,22.01,22.04,-2.75,490.62
2015,70,41342.48,0.00,478.76,19.80,21.27,-0.74,574.15
2015,71,41510.37,0.00,479.25,16.69,24.55,1.42,656.57
2015,72,41678.54,0.00,462.73,13.14,23.16,2.46,685.30
2015,73,41846.95,0.00,456.29,10.18,20.23,1.05,479.52
2015,74,42015.58,0.00,493.43,6.77,25.98,2.11,426.07
2015,75,42184.41,0.00,502.71,2.43,31.16,4.33,460.18
2015,76,42353.39,0.00,263.12,0.00,10.14,0.09,609.65
2015,77,42522.51,0.00,335.41,0.00,11.89,-1.55,485.98
2015,78,42691.75,0.00,297.23,0.00,10.61,-0.89,540.90
2015,79,42861.06,0.00,464.35,0.00,23.24,-3.08,314.95
2015,80,43030.42,0.00,416.97,0.00,17.99,-1.60,401.04
2015,81,43199.81,0.00,440.95,0.00,23.67,1.39,445.49
2015,82,43369.21,0.00,298.39,0.00,10.76,-0.90,522.41
2015,83,43538.57,14.65,107.69,0.00,5.25,0.14,616.90
2015,84,43707.88,0.00,209.52,0.00,7.11,-0.48,584.67
2015,85,43877.12,2.47,266.76,0.00,9.83,-3.92,398.86
2015,86,44046.24,0.00,268.51,0.00,3.79,-5.67,380.28
2015,87,44215.22,0.00,413.21,0.00,12.64,-4.32,291.08
2015,88,44384.05,0.00,418.40,0.00,17.06,-0.36,342.78
2015,89,44552.68,0.00,484.00,0.00,25.14,0.79,268.72
2015,90,44721.10,0.00,475.26,0.00,25.27,2.25,302.17
2015,91,44889.26,32.37,349.31,0.00,28.99,6.13,524.48
2015,92,45057.15,2.67,185.89,0.00,18.13,8.65,1120.55
2015,93,45224.74,0.00,224.01,0.00,10.02,1.95,703.08
2015,94,45391.99,0.00,431.16,0.00,19.21,0.83,492.08
2015,95,45558.88,0.00,434.93,0.00,21.73,3.37,567.89
2015,96,45725.37,0.00,197.53,0.00,13.38,6.58,973.03
2015,97,45891.44,0.59,108.62,0.00,11.76,8.43,1104.34
2015,98,46057.04,1.69,123.26,0.00,8.74,5.04,874.57
2015,99,46222.16,8.27,96.29,0.00,7.55,3.87,805.34
2015,100,46386.76,0.00,429.36,0.00,17.03,1.83,569.49
2015,101,46550.80,0.00,492.46,0.00,23.43,3.34,545.21
2015,102,46714.26,14.52,356.16,0.00,25.09,6.17,790.60
2015,103,46877.09,0.00,435.51,0.00,19.53,4.28,699.33
2015,104,47039.26,0.00,460.77,0.00,21.52,4.89,695.35
2015,105,47200.73,0.00,341.10,0.00,16.27,6.06,894.22
2015,106,47361.47,0.00,412.69,0.00,21.96,8.46,929.44
2015,107,47521.44,1.71,421.51,0.00,23.95,9.90,995.76
2015,108,47680.60,9.99,119.33,0.00,17.72,13.25,1521.30
2015,109,47838.91,11.70,93.04,0.00,13.42,10.36,1257.05
2015,110,47996.34,0.00,395.61,0.00,14.99,3.87,783.73
2015,111,48152.83,0.00,469.23,0.00,17.06,2.80,670.61
2015,112,48308.35,0.00,502.92,0.00,14.52,-1.66,485.28
2015,113,48462.86,0.00,539.07,0.00,19.27,-1.24,463.14
2015,114,48616.30,12.90,353.38,0.00,19.46,4.06,801.38
2015,115,48768.65,3.25,76.29,0.00,12.02,9.76,1207.79
2015,116,48919.84,0.00,417.49,0.00,17.21,5.08,849.62
2015,117,49069.84,0.00,508.13,0.00,20.44,3.21,675.72
2015,118,49218.59,0.00,526.83,0.00,22.47,3.43,663.78
2015,119,49366.06,0.00,507.54,0.00,21.76,4.79,744.33
2015,120,49512.18,0.00,532.48,0.00,24.02,4.82,716.26
2015,121,49656.91,2.66,359.56,0.00,22.28,7.30,1006.99
2015,122,49800.19,13.65,336.24,0.00,25.45,11.65,1291.54
2015,123,49941.98,18.31,329.33,0.00,28.02,14.07,1540.24
2015,124,50082.23,6.52,137.64,0.00,17.55,13.03,1500.33
2015,125,50220.87,2.22,298.69,0.00,24.20,13.09,1505.91
2015,126,50357.86,79.67,201.44,0.00,21.51,14.68,1669.38
2015,127,50493.13,0.00,363.14,0.00,24.38,14.39,1638.48
2015,128,50626.65,0.00,197.21,0.00,15.35,10.60,1277.86
2015,129,50758.33,2.41,305.56,0.00,20.39,9.10,1155.36
2015,130,50888.14,10.66,327.39,0.00,21.29,8.85,1136.15
2015,131,51016.01,0.00,226.24,0.00,10.83,5.65,912.13
2015,132,51141.89,0.00,530.98,0.00,20.62,3.64,792.68
2015,133,51265.71,17.76,388.81,0.00,22.06,5.77,919.72
2015,134,51387.41,3.39,299.86,0.00,20.20,9.92,1220.60
2015,135,51506.95,11.04,274.75,0.00,21.54,12.24,1424.58
2015,136,51624.25,2.81,325.53,0.00,26.22,14.02,1599.47
2015,137,51739.26,1.45,422.27,0.00,25.52,13.98,1595.88
2015,138,51851.92,0.00,358.36,0.00,16.14,7.51,1037.14
2015,139,51962.16,3.65,250.53,0.00,10.93,3.15,765.49
2015,140,52069.93,0.00,294.82,0.00,10.78,4.11,819.02
2015,141,52175.18,0.00,547.94,0.00,21.87,3.75,798.67
2015,142,52277.83,0.00,487.07,0.00,19.13,5.59,908.72
2015,143,52377.83,2.95,226.03,0.00,17.21,10.32,1254.15
2015,144,52475.12,0.99,304.70,0.00,20.73,13.71,1567.60
2015,145,52569.65,6.58,325.14,0.00,26.25,14.47,1647.06
2015,146,52661.35,4.39,226.66,0.00,20.73,13.70,1566.79
2015,147,52750.17,0.00,523.57,0.00,28.04,11.25,1334.33
2015,148,52836.06,1.40,413.26,0.00,23.38,13.13,1509.71
2015,149,52918.95,0.00,430.15,0.00,25.83,14.83,1685.35
2015,150,52998.80,0.00,448.26,0.00,20.64,9.87,1216.68
2015,151,53075.55,0.00,502.31,0.00,20.49,7.52,1037.45
2015,152,53149.15,0.00,518.46,0.00,23.84,9.37,1176.18
2015,153,53219.56,11.66,336.93,0.00,24.16,13.04,1501.23
2015,154,53286.71,5.44,349.81,0.00,27.08,14.55,1655.77
2015,155,53350.58,4.68,214.32,0.00,23.49,17.12,1952.09
2015,156,53411.10,0.65,463.41,0.00,28.32,15.66,1778.66
2015,157,53468.24,5.02,334.02,0.00,28.96,16.91,1925.85
2015,158,53521.96,2.77,287.73,0.00,28.10,18.33,2105.68
2015,159,53572.22,0.00,479.07,0.00,30.86,16.56,1883.30
2015,160,53618.98,0.00,514.32,0.00,35.19,16.76,1907.21
2015,161,53662.21,35.75,359.52,0.00,33.99,18.27,2098.47
2015,162,53701.88,11.52,147.68,0.00,21.33,16.90,1924.98
2015,163,53737.95,0.00,172.39,0.00,19.44,15.80,1794.21
2015,164,53770.39,0.00,406.07,0.00,25.77,15.74,1787.70
2015,165,53799.20,16.12,329.73,0.00,28.38,16.67,1896.82
2015,166,53824.33,13.73,232.12,0.00,24.46,17.38,1984.45
2015,167,53845.77,0.00,487.15,0.00,26.65,13.25,1521.97
2015,168,53863.52,0.00,480.92,0.00,29.70,15.77,1790.91
2015,169,53877.54,12.58,207.32,0.00,23.77,17.47,1994.59
2015,170,53887.83,0.00,494.21,0.00,28.51,13.96,1593.83
2015,171,53894.39,0.00,479.75,0.00,31.45,17.04,1941.15
2015,172,53897.21,0.00,451.11,0.00,30.72,17.94,2055.48
2015,173,53896.28,0.00,462.15,0.00,32.18,18.32,2104.48
2015,174,53891.61,15.99,333.77,0.00,26.82,14.75,1676.90
2015,175,53883.20,8.59,361.44,0.00,31.40,16.46,1871.54
2015,176,53871.05,0.00,336.40,0.00,27.31,18.73,2159.36
2015,177,53855.19,0.00,362.03,0.00,27.81,18.56,2136.39
2015,178,53835.61,0.00,473.49,0.00,29.58,15.63,1774.99
2015,179,53812.33,0.00,443.23,0.00,29.92,17.26,1969.13
2015,180,53785.38,0.00,448.80,0.00,29.84,16.89,1923.16
2015,181,53754.77,6.41,272.59,0.00,26.34,17.13,1953.25
2015,182,53720.52,0.00,405.67,0.00,28.65,17.82,2039.37
2015,183,53682.67,26.63,151.86,0.00,21.89,17.35,1980.06
2015,184,53641.23,0.00,405.24,0.00,25.58,15.43,1751.85
2015,185,53596.25,0.00,481.55,0.00,27.90,14.02,1600.24
2015,186,53547.75,4.37,366.51,0.00,32.03,16.56,1883.78
2015,187,53495.77,5.95,219.60,0.00,25.39,18.37,2111.41
2015,188,53440.35,0.00,401.30,0.00,22.40,12.60,1457.94
2015,189,53381.52,0.00,471.64,0.00,24.27,11.63,1368.06
2015,190,53319.34,0.00,499.92,0.00,27.66,13.00,1496.56
2015,191,53253.84,0.00,416.45,0.00,26.15,15.63,1774.40
2015,192,53185.07,0.00,473.54,0.00,32.62,17.93,2054.00
2015,193,53113.07,0.00,411.09,0.00,34.19,21.82,2613.32
2015,194,53037.90,0.00,381.07,0.00,34.15,22.92,2795.27
2015,195,52959.61,0.00,422.33,0.00,33.30,20.59,2424.18
2015,196,52878.25,12.84,178.66,0.00,27.33,21.35,2540.43
2015,197,52793.86,0.00,386.52,0.00,31.80,20.90,2470.91
2015,198,52706.52,0.00,450.28,0.00,35.03,20.53,2415.32
2015,199,52616.26,0.00,389.12,0.00,31.11,20.11,2353.09
2015,200,52523.15,0.00,348.88,0.00,29.68,20.37,2391.67
2015,201,52427.24,0.00,372.89,0.00,29.73,19.73,2298.27
2015,202,52328.60,0.00,433.07,0.00,27.21,15.46,1755.09
2015,203,52227.28,0.00,432.96,0.00,27.55,15.77,1791.09
2015,204,52123.34,0.00,469.92,0.00,31.30,16.88,1922.28
2015,205,52016.83,2.49,347.43,0.00,35.10,19.82,2310.62
2015,206,51907.83,15.21,217.92,0.00,28.23,20.86,2464.07
2015,207,51796.38,0.00,402.01,0.00,32.21,20.58,2422.75
2015,208,51682.55,0.00,347.42,0.00,31.41,21.95,2634.45
2015,209,51566.39,11.45,252.36,0.00,31.12,22.11,2661.13
2015,210,51447.98,0.00,452.41,0.00,29.00,16.05,1823.52
2015,211,51327.36,0.00,488.17,0.00,31.40,15.60,1771.09
2015,212,51204.60,0.00,480.75,0.00,32.87,16.87,1921.03
2015,213,51079.75,0.00,405.50,0.00,29.20,17.64,2016.08
2015,214,50952.88,0.00,448.24,0.00,34.10,19.25,2230.11
2015,215,50824.04,22.45,251.80,0.00,27.80,18.81,2170.68
2015,216,50693.30,10.58,239.63,0.00,27.10,18.81,2170.70
2015,217,50560.70,0.00,322.61,0.00,26.98,18.57,2138.31
2015,218,50426.31,0.87,329.74,0.00,27.19,18.55,2135.11
2015,219,50290.17,6.82,322.23,0.00,31.80,18.62,2144.53
2015,220,50152.36,24.63,272.23,0.00,29.52,19.54,2270.87
2015,221,50012.92,0.00,358.53,0.00,30.60,20.57,2421.34
2015,222,49871.90,0.00,360.22,0.00,27.84,18.27,2098.34
2015,223,49729.36,0.00,448.78,0.00,28.94,15.56,1766.74
2015,224,49585.35,0.00,448.40,0.00,29.78,16.10,1829.07
2015,225,49439.93,0.00,441.81,0.00,30.80,17.13,1952.73
2015,226,49293.13,0.00,407.24,0.00,30.94,18.66,2149.47
2015,227,49145.03,0.00,406.47,0.00,30.74,18.45,2121.64
2015,228,48995.65,19.90,300.20,0.00,31.19,19.08,2207.54
2015,229,48845.05,39.21,129.62,0.00,23.66,19.43,2255.84
2015,230,48693.28,22.52,164.74,0.00,22.34,17.05,1942.39
2015,231,48540.39,0.50,435.32,0.00,23.14,11.00,1311.93
2015,232,48386.41,0.00,488.44,0.00,27.71,11.31,1338.94
2015,233,48231.40,0.00,462.10,0.00,28.18,13.29,1525.56
2015,234,48075.39,3.64,333.30,0.00,30.60,16.05,1823.63
2015,235,47918.43,0.00,400.01,0.00,22.54,11.64,1368.51
2015,236,47760.56,0.00,491.85,0.00,25.51,8.64,1119.70
2015,237,47601.82,0.00,473.93,0.00,24.93,9.31,1171.94
2015,238,47442.25,0.00,446.57,0.00,26.05,11.67,1371.54
2015,239,47281.90,34.61,301.89,0.00,27.23,14.71,1672.38
2015,240,47120.79,3.88,204.92,0.00,25.26,17.71,2025.12
2015,241,46958.96,0.00,251.46,0.00,22.12,15.58,1769.09
2015,242,46796.46,0.00,318.24,0.00,24.19,15.61,1772.38
2015,243,46633.32,0.00,411.11,0.00,29.55,16.37,1860.66
2015,244,46469.57,0.00,408.78,0.00,31.74,18.07,2072.65
2015,245,46305.25,0.00,361.82,0.00,31.70,20.17,2361.22
2015,246,46140.39,0.00,362.33,0.00,33.15,21.09,2500.27
2015,247,45975.02,0.00,344.85,0.00,32.26,21.02,2489.36
2015,248,45809.18,0.00,326.03,0.00,33.00,22.26,2685.47
2015,249,45642.90,7.36,258.01,0.00,34.65,22.72,2761.46
2015,250,45476.21,6.65,166.11,0.00,26.76,20.42,2399.31
2015,251,45309.14,1.57,277.22,0.00,25.62,17.69,2023.17
2015,252,45141.72,5.59,293.20,0.00,27.25,14.51,1651.05
2015,253,44973.98,0.00,394.15,0.00,27.78,14.65,1666.63
2015,254,44805.95,0.00,320.13,0.00,20.18,11.23,1332.27
2015,255,44637.65,0.00,420.18,0.00,21.17,7.63,1045.60
2015,256,44469.13,0.00,448.78,0.00,25.75,8.82,1133.29
2015,257,44300.40,0.00,425.67,0.00,28.49,12.44,1443.25
2015,258,44131.49,0.00,381.65,0.00,30.99,17.04,1941.79
2015,259,43962.43,0.00,331.46,0.00,30.77,19.18,2220.51
2015,260,43793.25,0.00,334.16,0.00,30.24,18.36,2110.22
2015,261,43623.98,5.91,147.59,0.00,19.03,13.37,1533.36
2015,262,43454.64,0.00,378.07,0.00,20.89,8.38,1100.13
2015,263,43285.25,0.00,408.68,0.00,24.46,9.30,1170.62
2015,264,43115.86,0.00,383.67,0.00,25.86,11.94,1396.59
2015,265,42946.48,5.60,269.67,0.00,28.31,15.12,1717.38
2015,266,42777.13,46.10,134.66,0.00,22.52,17.17,1957.41
2015,267,42607.86,23.48,141.19,0.00,23.45,17.86,2044.94
2015,268,42438.68,0.76,286.02,0.00,26.10,17.01,1938.21
2015,269,42269.62,0.00,391.97,0.00,26.52,11.57,1362.51
2015,270,42100.71,0.00,389.49,0.00,28.11,12.45,1443.80
2015,271,41931.98,9.23,284.04,0.00,29.97,14.14,1612.01
2015,272,41763.45,0.00,319.15,0.00,22.82,11.82,1385.13
2015,273,41595.16,0.00,361.41,0.00,20.75,7.61,1043.85
2015,274,41427.12,0.00,339.72,0.00,19.05,7.24,1017.84
2015,275,41259.38,0.00,327.77,0.00,17.80,6.61,974.90
2015,276,41091.96,0.00,332.65,0.00,17.06,5.57,907.04
2015,277,40924.88,0.00,348.71,0.00,18.78,6.00,934.50
2015,278,40758.19,0.00,276.67,0.00,16.46,7.36,1026.15
2015,279,40591.91,0.00,350.37,0.00,24.24,10.10,1235.52
2015,280,40426.06,0.00,327.84,0.00,25.30,12.10,1411.11
2015,281,40260.69,0.00,315.56,0.00,26.06,13.19,1515.19
2015,282,40095.83,0.00,280.27,0.00,18.04,7.98,1070.62
2015,283,39931.50,0.00,378.87,0.00,25.52,6.45,964.34
2015,284,39767.75,0.00,383.21,0.00,33.24,8.97,1144.97
2015,285,39604.60,0.00,301.54,0.00,23.33,10.60,1277.41
2015,286,39442.10,0.00,377.02,0.00,27.24,5.62,910.64
2015,287,39280.27,0.00,347.98,0.00,22.58,5.71,916.19
2015,288,39119.16,0.00,327.77,0.00,20.94,5.91,928.80
2015,289,38958.80,0.00,309.48,0.00,15.04,1.81,695.88
2015,290,38799.22,0.00,305.60,0.00,16.01,2.70,741.63
2015,291,38640.48,0.00,344.38,0.00,23.67,4.91,866.71
2015,292,38482.61,0.00,324.03,0.00,26.89,9.18,1161.18
2015,293,38325.64,0.00,278.96,0.00,26.87,12.88,1485.22
2015,294,38169.63,0.00,172.00,0.00,19.74,12.45,1443.48
2015,295,38014.60,4.33,123.10,0.00,18.18,11.36,1344.15
2015,296,37860.62,2.87,170.20,0.00,21.49,11.20,1329.80
2015,297,37707.72,0.00,211.44,0.00,17.05,7.77,1055.77
2015,298,37555.94,0.00,308.59,0.00,18.76,2.25,718.24
2015,299,37405.33,0.00,277.19,0.00,16.62,2.93,753.78
2015,300,37255.95,0.00,185.92,0.00,12.45,4.43,837.81
2015,301,37107.83,0.00,168.62,0.00,12.02,4.89,865.18
2015,302,36961.03,0.00,257.60,0.00,11.99,-0.07,607.38
2015,303,36815.60,6.97,203.07,0.00,11.94,-1.26,557.15
2015,304,36671.58,0.00,286.70,0.00,16.30,0.93,653.34
2015,305,36529.03,0.00,305.41,0.00,23.87,4.06,816.35
2015,306,36388.00,0.00,293.34,0.00,26.22,6.93,996.72
2015,307,36248.55,0.00,272.92,0.00,24.10,7.43,1031.53
2015,308,36110.73,0.00,220.95,0.00,22.45,10.25,1248.00
2015,309,35974.58,0.00,170.23,0.00,19.86,11.10,1320.86
2015,310,35840.18,0.00,216.19,0.00,13.43,2.29,720.27
2015,311,35707.57,0.00,264.90,0.00,14.23,-1.22,558.58
2015,312,35576.81,0.00,271.20,0.00,16.81,-0.21,601.53
2015,313,35447.96,0.00,263.09,0.00,17.89,1.48,679.63
2015,314,35321.07,0.00,220.14,0.00,13.84,1.92,701.63
2015,315,35196.21,21.24,98.02,0.00,8.85,2.54,733.27
2015,316,35073.44,0.00,208.11,0.00,12.32,1.49,679.97
2015,317,34952.81,0.00,264.75,0.00,14.59,-1.86,532.81
2015,318,34834.38,0.00,278.90,0.00,19.14,-1.14,561.74
2015,319,34718.21,0.00,236.41,0.00,16.90,2.67,740.22
2015,320,34604.36,13.64,117.56,0.00,14.22,6.05,937.99
2015,321,34492.90,8.31,79.55,0.00,14.16,8.88,1138.44
2015,322,34383.88,0.66,132.54,0.00,9.81,3.43,781.16
2015,323,34277.35,0.00,177.48,0.00,8.57,-0.22,601.09
2015,324,34173.39,0.99,178.38,0.00,7.73,-1.21,559.10
2015,325,34072.05,0.00,133.96,0.00,0.77,-5.54,404.23
2015,326,33973.39,0.00,247.80,0.00,10.18,-5.51,405.20
2015,327,33877.47,0.00,252.00,0.00,13.44,-3.90,457.64
2015,328,33784.34,0.00,230.60,0.00,13.57,-0.96,569.40
2015,329,33694.07,2.09,164.61,0.00,15.19,1.56,683.35
2015,330,33606.70,6.65,41.90,0.00,1.46,-1.01,567.11
2015,331,33522.30,0.00,61.58,0.00,-4.29,-7.03,360.68
2015,332,33440.91,0.00,105.82,0.00,-1.25,-6.33,380.67
2015,333,33362.60,2.08,65.79,0.00,0.53,-3.58,468.98
2015,334,33287.41,8.96,50.41,0.00,1.06,-1.91,531.04
2015,335,33215.40,0.00,151.39,0.00,1.13,-5.97,391.25
2015,336,33146.60,0.00,190.86,0.00,4.24,-5.26,412.96
2015,337,33081.08,0.00,243.75,0.00,8.62,-7.36,351.61
2015,338,33018.88,0.00,244.98,0.00,11.47,-5.75,397.97
2015,339,32960.03,0.00,197.30,0.00,10.58,-0.23,600.59
2015,340,32904.58,0.00,189.82,0.00,10.95,0.67,641.12
2015,341,32852.58,0.00,224.81,0.00,13.32,-1.02,566.78
2015,342,32804.06,0.00,220.06,0.00,14.24,0.45,631.04
2015,343,32759.05,0.00,225.15,0.00,15.69,0.82,648.16
2015,344,32717.59,0.00,215.31,0.00,15.17,1.66,688.40
2015,345,32679.72,0.00,206.93,0.00,12.72,0.27,622.74
2015,346,32645.45,19.76,57.54,0.00,5.24,1.71,690.81
2015,347,32614.81,60.96,36.58,0.00,4.64,2.68,740.51
2015,348,32587.83,6.84,46.10,0.00,3.05,0.56,635.93
2015,349,32564.53,0.00,111.97,0.00,5.50,0.73,643.99
2015,350,32544.93,0.00,65.97,0.00,1.30,-1.27,556.39
2015,351,32529.04,0.00,107.57,0.00,1.00,-3.41,475.04
2015,352,32516.87,0.00,200.43,0.00,2.06,-7.77,340.61
2015,353,32508.43,0.00,237.26,0.00,6.29,-9.31,302.03
2015,354,32503.74,0.00,237.65,0.00,11.08,-5.90,393.25
2015,355,32502.79,0.00,49.37,0.00,-2.05,-3.89,457.97
2015,356,32505.58,4.43,167.16,0.00,7.88,-5.11,417.71
2015,357,32512.11,18.98,124.59,0.00,4.62,-2.84,495.45
2015,358,32522.38,8.92,76.19,0.00,0.19,-3.83,460.21
2015,359,32536.38,1.95,177.29,1.95,0.55,-6.03,389.60
2015,360,32554.10,0.00,151.97,1.38,0.85,-4.65,432.55
2015,361,32575.52,0.00,92.27,1.38,-6.29,-9.40,299.76
2015,362,32600.63,2.01,105.21,3.39,-6.61,-11.50,253.75
2015,363,32629.41,1.26,161.58,4.65,-3.75,-9.54,296.40
2015,364,32661.83,0.00,157.29,4.65,-2.88,-8.53,320.92
2015,365,32697.87,0.00,248.26,4.65,-3.10,-14.28,202.39
2016,1,32737.70,0.00,265.49,9.95,1.32,-12.48,234.41
2016,2,32780.92,0.00,256.49,9.95,2.65,-9.86,289.06
2016,3,32827.67,0.00,177.04,9.95,-2.82,-9.52,297.01
2016,4,32877.92,0.00,128.65,9.95,-4.43,-9.04,308.41
2016,5,32931.64,0.00,250.86,9.95,3.28,-8.29,327.12
2016,6,32988.77,2.69,126.54,9.54,1.27,-5.02,420.48
2016,7,33049.29,13.98,29.91,6.95,1.14,0.18,618.68
2016,8,33113.14,0.00,60.97,5.05,0.46,-1.48,547.88
2016,9,33180.29,0.00,154.98,5.05,-8.80,-14.26,202.69
2016,10,33250.69,0.00,280.01,5.05,-7.43,-21.22,112.31
2016,11,33324.28,0.00,298.43,5.05,1.73,-17.61,153.23
2016,12,33401.03,0.00,257.91,5.05,-3.67,-14.64,196.49
2016,13,33480.87,0.00,300.88,5.05,6.78,-12.89,226.73
2016,14,33563.76,0.00,264.44,4.09,8.21,-3.71,464.43
2016,15,33649.64,0.00,158.14,4.09,-1.66,-7.09,358.89
2016,16,33738.45,0.63,247.74,4.72,-1.88,-11.59,251.94
2016,17,33830.15,0.00,210.63,4.72,-13.41,-20.77,116.75
2016,18,33924.67,0.93,293.50,5.64,-7.47,-20.78,116.73
2016,19,34021.95,3.28,202.69,8.93,-5.58,-16.29,171.30
2016,20,34121.95,0.00,163.64,8.93,-2.75,-8.11,331.68
2016,21,34224.60,0.00,153.05,8.93,-2.46,-7.39,350.87
2016,22,34329.83,0.00,104.93,8.93,-4.05,-7.27,354.03
2016,23,34437.60,0.00,177.93,8.93,-1.61,-7.34,351.97
2016,24,34547.84,0.00,242.56,8.93,1.57,-6.93,363.47
2016,25,34660.49,3.63,98.87,8.63,-1.24,-5.28,412.27
2016,26,34775.50,0.00,224.54,8.56,1.59,-5.84,395.17
2016,27,34892.79,0.00,327.21,8.56,4.50,-11.02,263.58
2016,28,35012.32,0.00,288.99,8.56,4.70,-6.15,385.95
2016,29,35134.03,0.00,306.26,7.21,9.66,-2.79,497.51
2016,30,35257.84,0.00,308.94,5.68,10.17,-2.35,513.76
2016,31,35383.71,0.00,283.81,3.73,8.78,-1.36,552.80
2016,32,35511.58,5.99,196.87,2.80,4.72,-3.79,461.69
2016,33,35641.38,15.80,114.95,1.69,0.94,-3.37,476.44
2016,34,35773.06,0.00,182.67,1.69,-3.13,-8.24,328.37
2016,35,35906.57,0.00,314.69,1.69,-1.34,-12.04,242.94
2016,36,36041.84,1.28,335.32,2.98,0.60,-11.78,247.97
2016,37,36178.83,0.00,334.55,2.98,3.97,-8.65,317.98
2016,38,36317.47,0.00,323.99,2.79,6.39,-5.56,403.57
2016,39,36457.71,0.00,136.36,1.56,0.77,-3.06,487.42
2016,40,36599.50,0.00,236.11,1.56,-3.05,-9.84,289.51
2016,41,36742.78,0.00,347.22,1.56,3.13,-9.21,304.22
2016,42,36887.51,0.00,260.03,1.56,-2.22,-9.48,297.93
2016,43,37033.62,0.00,260.56,1.56,-2.84,-9.74,291.91
2016,44,37181.08,0.00,242.41,1.56,-5.34,-11.42,255.29
2016,45,37329.83,0.00,381.30,1.56,3.49,-10.34,278.27
2016,46,37479.83,0.00,373.13,1.13,8.12,-4.98,421.96
2016,47,37631.02,0.00,187.86,0.00,4.18,-1.05,565.54
2016,48,37783.36,0.00,317.36,0.00,9.18,-1.68,540.18
2016,49,37936.81,0.00,363.97,0.00,19.08,0.12,615.93
2016,50,38091.31,0.00,336.69,0.00,18.77,5.05,875.06
2016,51,38246.83,0.00,304.66,0.00,12.29,1.93,701.79
2016,52,38403.32,0.00,318.88,0.00,11.70,0.46,631.38
2016,53,38560.74,0.00,173.12,0.00,6.40,1.50,680.81
2016,54,38719.05,0.00,311.74,0.00,9.43,-0.88,572.69
2016,55,38878.21,0.81,300.26,0.00,6.21,-3.33,477.78
2016,56,39038.18,0.00,188.77,0.00,2.09,-3.11,485.53
2016,57,39198.92,0.00,386.74,0.00,11.71,-4.72,430.19
2016,58,39360.39,0.00,407.45,0.00,23.46,-3.23,430.65
2016,59,39522.56,0.00,358.36,0.00,13.08,-0.23,600.46
2016,60,39685.39,0.00,391.37,0.00,15.97,-1.04,537.89
2016,61,39848.84,0.00,206.01,0.00,-0.59,-6.27,382.36
2016,62,40012.88,0.00,414.15,0.00,11.98,-7.44,339.63
2016,63,40177.47,0.00,312.21,0.00,5.28,-4.58,434.92
2016,64,40342.59,0.00,417.21,0.00,15.05,-4.75,384.67
2016,65,40508.20,0.00,414.76,0.00,16.80,-2.49,446.57
2016,66,40674.27,0.00,422.40,0.00,24.04,1.90,567.96
2016,67,40840.76,0.00,386.13,0.00,25.84,8.92,945.76
2016,68,41007.64,0.00,277.46,0.00,18.26,8.88,1126.66
2016,69,41174.89,0.00,395.63,0.00,16.60,0.47,559.60
2016,70,41342.48,0.00,419.24,0.00,19.47,0.33,525.04
2016,71,41510.37,0.00,421.37,0.00,22.68,2.89,608.76
2016,72,41678.54,1.88,274.46,0.00,12.52,3.26,771.61
2016,73,41846.95,0.00,312.46,0.00,17.50,6.32,915.62
2016,74,42015.58,9.98,303.72,0.00,24.94,6.64,906.72
2016,75,42184.41,0.00,224.78,0.00,13.62,6.21,948.09
2016,76,42353.39,0.00,349.85,0.00,14.91,2.30,701.50
2016,77,42522.51,0.00,374.68,0.00,14.19,0.18,590.50
2016,78,42691.75,0.00,292.57,0.00,7.76,-1.87,532.61
2016,79,42861.06,0.00,289.26,0.00,5.69,-3.45,473.32
2016,80,43030.42,0.00,376.24,0.00,8.61,-4.39,441.14
2016,81,43199.81,0.00,474.02,0.00,20.13,-3.25,391.69
2016,82,43369.21,0.00,411.94,0.00,18.75,2.68,645.66
2016,83,43538.57,1.63,215.80,0.00,12.60,5.72,916.80
2016,84,43707.88,0.00,294.56,0.00,7.11,-2.28,516.39
2016,85,43877.12,0.00,463.35,0.00,14.72,-5.01,341.78
2016,86,44046.24,13.29,247.13,0.00,8.07,-2.90,473.69
2016,87,44215.22,0.00,346.99,0.00,9.83,-1.72,475.65
2016,88,44384.05,0.00,493.40,0.00,20.64,-2.34,319.85
2016,89,44552.68,0.00,430.00,0.00,18.26,2.18,501.15
2016,90,44721.10,3.13,307.27,0.00,23.41,8.09,875.44
2016,91,44889.26,1.28,238.34,0.00,13.14,5.72,906.10
2016,92,45057.15,0.00,198.22,0.00,6.78,1.06,659.45
2016,93,45224.74,0.00,438.13,0.00,14.64,-0.88,429.31
2016,94,45391.99,0.00,513.18,0.00,28.30,3.28,429.60
2016,95,45558.88,0.00,362.34,0.00,15.12,3.63,648.74
2016,96,45725.37,0.00,487.45,0.00,23.22,3.88,493.93
2016,97,45891.44,0.00,357.72,0.00,15.78,4.81,687.28
2016,98,46057.04,0.00,397.18,0.00,14.27,1.84,468.27
2016,99,46222.16,0.00,424.09,0.00,12.99,-0.49,385.65
2016,100,46386.76,0.00,511.42,0.00,15.24,-4.42,237.69
2016,101,46550.80,0.00,519.04,0.00,19.67,-0.99,273.40
2016,102,46714.26,0.00,411.44,0.00,12.52,-0.21,401.89
2016,103,46877.09,0.00,532.66,0.00,19.70,-2.85,230.78
2016,104,47039.26,0.00,539.05,0.00,25.16,1.06,269.63
2016,105,47200.73,0.00,470.57,0.00,24.09,7.10,485.20
2016,106,47361.47,0.00,447.69,0.00,24.86,9.23,581.21
2016,107,47521.44,0.00,340.01,0.00,22.32,11.68,890.91
2016,108,47680.60,7.68,197.23,0.00,22.42,14.23,1439.17
2016,109,47838.91,18.37,99.30,0.00,14.69,11.01,1312.47
2016,110,47996.34,14.67,212.05,0.00,15.69,7.38,1027.88
2016,111,48152.83,35.05,173.39,0.00,14.66,8.25,1090.82
2016,112,48308.35,0.96,336.44,0.00,19.83,9.99,1205.12
2016,113,48462.86,0.00,423.85,0.00,19.75,6.49,878.15
2016,114,48616.30,2.76,371.45,0.00,26.14,7.45,952.96
2016,115,48768.65,12.02,332.11,0.00,26.46,11.26,1284.85
2016,116,48919.84,0.00,411.82,0.00,23.31,10.18,1143.84
2016,117,49069.84,22.10,308.97,0.00,23.12,9.87,1216.36
2016,118,49218.59,12.42,223.13,0.00,17.45,9.19,1162.48
2016,119,49366.06,0.00,142.14,0.00,10.23,6.81,988.20
2016,120,49512.18,17.01,83.67,0.00,8.71,6.30,954.47
2016,121,49656.91,14.66,113.69,0.00,10.02,6.49,966.87
2016,122,49800.19,0.78,153.14,0.00,9.90,6.36,958.49
2016,123,49941.98,0.00,430.03,0.00,18.13,6.21,948.24
2016,124,50082.23,0.00,520.73,0.00,21.62,4.73,805.84
2016,125,50220.87,0.00,490.03,0.00,21.12,6.27,916.08
2016,126,50357.86,0.00,539.40,0.00,25.50,6.23,858.98
2016,127,50493.13,0.00,539.73,0.00,30.09,9.24,1021.91
2016,128,50626.65,0.00,373.25,0.00,22.67,12.46,1445.32
2016,129,50758.33,22.13,308.94,0.00,23.81,12.15,1415.81
2016,130,50888.14,13.23,281.95,0.00,22.23,12.29,1428.41
2016,131,51016.01,43.80,369.32,0.00,25.03,9.87,1216.37
2016,132,51141.89,19.95,310.37,0.00,21.50,10.53,1272.00
2016,133,51265.71,0.00,443.91,0.00,20.73,9.02,1148.84
2016,134,51387.41,0.00,517.72,0.00,22.88,7.36,1026.30
2016,135,51506.95,0.00,486.17,0.00,15.26,2.74,743.91
2016,136,51624.25,0.00,527.84,0.00,18.64,3.45,782.19
2016,137,51739.26,8.30,215.42,0.00,12.33,6.21,948.64
2016,138,51851.92,0.00,511.69,0.00,20.68,6.21,948.53
2016,139,51962.16,0.00,519.86,0.00,21.72,6.20,947.75
2016,140,52069.93,0.00,461.68,0.00,20.97,8.53,1111.69
2016,141,52175.18,0.00,342.99,0.00,18.91,10.64,1281.02
2016,142,52277.83,0.00,474.61,0.00,23.21,9.76,1207.67
2016,143,52377.83,0.00,516.47,0.00,28.17,11.12,1322.76
2016,144,52475.12,33.37,287.99,0.00,25.01,15.00,1704.92
2016,145,52569.65,6.66,339.56,0.00,27.35,14.47,1646.73
2016,146,52661.35,5.24,299.46,0.00,26.06,15.55,1765.23
2016,147,52750.17,9.30,362.96,0.00,28.05,13.56,1552.67
2016,148,52836.06,10.89,306.89,0.00,25.47,14.62,1663.12
2016,149,52918.95,0.00,360.76,0.00,23.17,14.04,1601.70
2016,150,52998.80,0.00,511.07,0.00,29.62,12.41,1440.23
2016,151,53075.55,0.00,486.99,0.00,30.26,14.09,1607.54
2016,152,53149.15,0.00,353.97,0.00,25.73,15.85,1799.82
2016,153,53219.56,0.00,433.74,0.00,25.75,12.95,1491.85
2016,154,53286.71,0.00,503.83,0.00,29.72,12.45,1443.84
2016,155,53350.58,23.23,359.02,0.00,30.26,14.39,1638.46
2016,156,53411.10,0.00,406.53,0.00,26.25,14.62,1663.38
2016,157,53468.24,0.00,485.53,0.00,30.41,14.48,1648.27
2016,158,53521.96,0.00,451.43,0.00,28.36,14.57,1658.03
2016,159,53572.22,0.00,475.24,0.00,26.18,11.57,1362.19
2016,160,53618.98,0.00,505.51,0.00,31.84,13.81,1578.31
2016,161,53662.21,0.00,455.94,0.00,34.52,18.73,2159.16
2016,162,53701.88,0.00,385.97,0.00,34.77,22.11,2660.89
2016,163,53737.95,0.00,360.78,0.00,35.43,23.61,2913.47
2016,164,53770.39,0.00,372.03,0.00,34.50,22.54,2730.57
2016,165,53799.20,3.89,258.59,0.00,32.48,21.96,2635.57
2016,166,53824.33,0.00,365.74,0.00,32.49,21.31,2533.50
2016,167,53845.77,0.00,466.09,0.00,35.47,18.75,2161.76
2016,168,53863.52,0.00,445.61,0.00,34.85,19.42,2255.02
2016,169,53877.54,44.45,299.04,0.00,35.43,22.09,2657.44
2016,170,53887.83,0.00,396.22,0.00,31.37,19.05,2203.49
2016,171,53894.39,0.00,404.27,0.00,33.13,20.01,2338.09
2016,172,53897.21,20.50,210.55,0.00,28.33,20.34,2386.69
2016,173,53896.28,0.00,451.65,0.00,32.51,17.55,2004.97
2016,174,53891.61,0.00,415.68,0.00,32.47,19.10,2210.24
2016,175,53883.20,0.00,363.93,0.00,27.46,16.98,1934.44
2016,176,53871.05,0.00,451.53,0.00,32.25,17.21,1962.64
2016,177,53855.19,0.00,385.04,0.00,32.60,20.45,2403.42
2016,178,53835.61,0.00,382.16,0.00,31.65,19.78,2305.42
2016,179,53812.33,0.00,381.97,0.00,31.31,19.45,2258.16
2016,180,53785.38,11.27,262.17,0.00,28.78,18.62,2144.41
2016,181,53754.77,0.00,375.27,0.00,30.39,19.20,2223.20
2016,182,53720.52,0.00,377.78,0.00,30.06,18.80,2169.40
2016,183,53682.67,19.99,319.21,0.00,25.77,13.36,1533.08
2016,184,53641.23,30.81,143.88,0.00,18.88,14.23,1622.22
2016,185,53596.25,0.00,232.75,0.00,21.15,15.47,1757.18
2016,186,53547.75,0.00,393.37,0.00,26.88,16.08,1826.26
2016,187,53495.77,8.58,351.31,0.00,34.15,18.48,2125.55
2016,188,53440.35,16.79,304.40,0.00,32.02,19.90,2322.02
2016,189,53381.52,2.57,313.99,0.00,30.81,18.47,2124.44
2016,190,53319.34,0.00,432.91,0.00,30.34,17.64,2016.13
2016,191,53253.84,0.00,405.59,0.00,30.52,18.98,2193.29
2016,192,53185.07,0.00,358.06,0.00,32.24,22.12,2661.93
2016,193,53113.07,28.91,283.24,0.00,33.17,22.19,2673.08
2016,194,53037.90,0.00,407.15,0.00,29.73,18.34,2107.03
2016,195,52959.61,0.00,419.60,0.00,31.37,19.11,2211.76
2016,196,52878.25,0.00,422.68,0.00,29.80,17.70,2024.36
2016,197,52793.86,1.54,267.88,0.00,21.88,15.62,1774.15
2016,198,52706.52,0.00,494.43,0.00,29.82,14.44,1643.69
2016,199,52616.26,2.98,332.50,0.00,31.21,18.16,2083.77
2016,200,52523.15,0.00,364.07,0.00,29.78,20.06,2346.47
2016,201,52427.24,5.28,260.17,0.00,30.32,21.14,2507.59
2016,202,52328.60,0.00,395.22,0.00,34.45,22.67,2753.50
2016,203,52227.28,0.00,370.34,0.00,35.51,24.50,3073.49
2016,204,52123.34,0.00,348.25,0.00,34.75,24.75,3120.47
2016,205,52016.83,0.00,321.28,0.00,33.43,24.59,3089.80
2016,206,51907.83,0.00,311.98,0.00,30.09,22.17,2669.77
2016,207,51796.38,0.00,438.86,0.00,30.18,17.90,2049.75
2016,208,51682.55,0.00,448.49,0.00,29.97,17.24,1966.87
2016,209,51566.39,0.00,429.97,0.00,30.29,18.29,2100.73
2016,210,51447.98,0.00,378.73,0.00,28.84,19.01,2197.10
2016,211,51327.36,0.00,339.68,0.00,27.14,18.78,2166.50
2016,212,51204.60,0.00,437.68,0.00,27.13,15.42,1751.31
2016,213,51079.75,10.04,311.88,0.00,28.46,17.39,1985.01
2016,214,50952.88,21.12,277.16,0.00,29.12,19.43,2256.42
2016,215,50824.04,3.54,291.44,0.00,30.80,20.02,2339.57
2016,216,50693.30,0.00,386.60,0.00,31.16,20.36,2389.74
2016,217,50560.70,10.48,310.15,0.00,33.02,20.78,2452.57
2016,218,50426.31,0.00,352.60,0.00,27.08,18.17,2084.56
2016,219,50290.17,0.00,302.93,0.00,25.55,18.30,2101.64
2016,220,50152.36,0.00,288.89,0.00,25.62,18.82,2172.17
2016,221,50012.92,0.00,411.06,0.00,26.66,16.05,1822.95
2016,222,49871.90,0.00,458.45,0.00,32.23,18.04,2067.49
2016,223,49729.36,0.00,406.55,0.00,33.77,21.66,2588.35
2016,224,49585.35,41.94,299.22,0.00,34.88,22.73,2762.60
2016,225,49439.93,0.00,339.67,0.00,27.81,19.24,2228.86
2016,226,49293.13,0.00,461.05,0.00,29.61,15.76,1789.77
2016,227,49145.03,0.00,445.10,0.00,29.35,16.16,1836.49
2016,228,48995.65,0.00,432.98,0.00,28.05,15.77,1790.84
2016,229,48845.05,7.66,330.70,0.00,30.13,16.93,1927.68
2016,230,48693.28,0.00,439.27,0.00,31.34,17.73,2028.64
2016,231,48540.39,0.00,405.88,0.00,31.72,19.51,2266.65
2016,232,48386.41,18.00,224.11,0.00,28.00,20.24,2372.26
2016,233,48231.40,0.00,348.16,0.00,23.27,14.58,1658.79
2016,234,48075.39,0.00,482.55,0.00,26.79,11.27,1335.86
2016,235,47918.43,0.00,466.62,0.00,28.75,13.52,1548.50
2016,236,47760.56,58.51,317.21,0.00,30.01,16.77,1908.08
2016,237,47601.82,0.00,356.84,0.00,26.85,16.96,1931.51
2016,238,47442.25,0.00,399.78,0.00,24.67,13.44,1540.41
2016,239,47281.90,1.04,293.99,0.00,20.97,13.68,1564.66
2016,240,47120.79,0.00,409.79,0.00,28.17,15.82,1796.38
2016,241,46958.96,0.00,405.42,0.00,31.56,18.46,2123.51
2016,242,46796.46,13.64,277.69,0.00,30.28,19.01,2197.42
2016,243,46633.32,0.00,237.27,0.00,25.76,19.50,2265.44
2016,244,46469.57,0.00,317.16,0.00,27.07,18.27,2098.87
2016,245,46305.25,0.00,410.03,0.00,26.14,13.74,1570.79
2016,246,46140.39,0.00,397.90,0.00,25.04,13.28,1524.45
2016,247,45975.02,3.13,278.37,0.00,24.58,13.98,1595.62
2016,248,45809.18,0.00,383.01,0.00,27.59,15.87,1802.46
2016,249,45642.90,0.00,386.83,0.00,32.43,19.21,2225.35
2016,250,45476.21,0.00,327.63,0.00,32.30,21.64,2586.00
2016,251,45309.14,0.92,229.09,0.00,28.04,21.40,2547.73
2016,252,45141.72,0.00,312.25,0.00,28.33,19.00,2196.27
2016,253,44973.98,17.11,231.98,0.00,25.72,16.84,1917.47
2016,254,44805.95,0.00,400.67,0.00,23.65,11.19,1328.95
2016,255,44637.65,0.00,436.26,0.00,26.95,11.20,1329.19
2016,256,44469.13,21.03,305.74,0.00,27.65,13.55,1551.49
2016,257,44300.40,6.19,63.46,0.00,15.53,13.70,1567.00
2016,258,44131.49,0.00,255.73,0.00,18.93,12.24,1424.29
2016,259,43962.43,18.78,313.23,0.00,28.30,13.28,1524.89
2016,260,43793.25,0.00,348.95,0.00,25.83,15.13,1718.47
2016,261,43623.98,0.00,418.33,0.00,27.22,12.02,1403.54
2016,262,43454.64,0.00,419.11,0.00,29.27,12.91,1488.31
2016,263,43285.25,0.00,378.43,0.00,27.76,14.41,1640.64
2016,264,43115.86,0.00,427.74,0.00,33.52,13.57,1553.66
2016,265,42946.48,2.03,277.52,0.00,32.24,17.84,2042.88
2016,266,42777.13,0.00,321.63,0.00,32.44,20.65,2433.61
2016,267,42607.86,0.00,329.41,0.00,32.00,19.74,2300.44
2016,268,42438.68,11.43,182.44,0.00,27.19,19.36,2245.74
2016,269,42269.62,0.00,315.56,0.00,22.71,12.47,1446.19
2016,270,42100.71,0.00,417.15,0.00,24.54,6.99,1000.67
2016,271,41931.98,0.00,419.04,0.00,25.98,7.17,1013.30
2016,272,41763.45,0.00,345.38,0.00,19.19,7.28,1020.86
2016,273,41595.16,0.00,381.38,0.00,21.30,6.40,960.66
2016,274,41427.12,0.00,393.51,0.00,23.15,6.31,954.83
2016,275,41259.38,0.00,341.61,0.00,20.46,7.68,1049.32
2016,276,41091.96,0.00,357.40,0.00,23.60,9.07,1152.89
2016,277,40924.88,0.00,361.85,0.00,25.59,9.95,1223.62
2016,278,40758.19,13.27,168.70,0.00,19.63,11.83,1385.92
2016,279,40591.91,0.00,325.92,0.00,21.90,9.10,1155.27
2016,280,40426.06,19.14,151.73,0.00,14.02,7.31,1023.00
2016,281,40260.69,0.00,373.48,0.00,18.27,1.79,694.95
2016,282,40095.83,0.00,389.87,0.00,23.77,3.31,774.25
2016,283,39931.50,0.00,370.54,0.00,23.88,5.21,884.98
2016,284,39767.75,2.01,164.63,0.00,15.92,7.71,1051.54
2016,285,39604.60,0.00,307.79,0.00,23.16,9.71,1203.41
2016,286,39442.10,1.27,156.85,0.00,9.86,4.39,835.38
2016,287,39280.27,0.00,361.64,0.00,15.86,-1.84,533.58
2016,288,39119.16,0.00,350.92,0.00,19.06,1.35,673.10
2016,289,38958.80,0.00,308.30,0.00,24.17,9.21,1163.65
2016,290,38799.22,0.00,301.09,0.00,26.82,11.57,1362.29
2016,291,38640.48,0.00,287.84,0.00,27.86,13.22,1518.36
2016,292,38482.61,0.00,235.95,0.00,21.16,10.69,1285.07
2016,293,38325.64,2.74,190.05,0.00,21.00,9.49,1186.00
2016,294,38169.63,0.00,206.59,0.00,14.12,5.68,914.33
2016,295,38014.60,0.00,327.89,0.00,19.04,1.77,693.86
2016,296,37860.62,0.00,342.05,0.00,23.43,2.35,723.46
2016,297,37707.72,0.00,311.66,0.00,21.54,4.47,840.41
2016,298,37555.94,0.00,283.02,0.00,17.32,3.02,758.49
2016,299,37405.33,0.00,295.79,0.00,22.39,5.81,922.39
2016,300,37255.95,0.00,165.39,0.00,16.95,9.43,1180.87
2016,301,37107.83,0.00,320.92,0.00,25.56,4.37,834.32
2016,302,36961.03,0.00,303.77,0.00,27.33,7.57,1041.38
2016,303,36815.60,0.00,217.59,0.00,22.00,10.78,1293.33
2016,304,36671.58,0.00,134.15,0.00,12.86,6.80,988.01
2016,305,36529.03,0.00,258.86,0.00,21.22,7.02,1002.51
2016,306,36388.00,0.00,247.86,0.00,23.35,9.54,1190.37
2016,307,36248.55,0.00,205.43,0.00,18.74,8.39,1101.44
2016,308,36110.73,0.00,292.16,0.00,23.71,4.19,824.03
2016,309,35974.58,0.00,283.41,0.00,23.20,4.51,842.55
2016,310,35840.18,0.00,270.47,0.00,22.98,5.34,892.72
2016,311,35707.57,0.00,232.92,0.00,20.64,6.92,996.22
2016,312,35576.81,1.87,106.37,0.00,13.13,7.88,1063.83
2016,313,35447.96,0.00,218.88,0.00,15.87,3.95,809.88
2016,314,35321.07,0.00,269.25,0.00,16.10,-1.14,561.81
2016,315,35196.21,0.00,278.72,0.00,21.10,0.88,651.12
2016,316,35073.44,0.00,193.33,0.00,12.44,1.67,688.98
2016,317,34952.81,0.00,258.94,0.00,13.30,-3.60,468.18
2016,318,34834.38,0.00,271.49,0.00,18.78,-1.29,555.60
2016,319,34718.21,0.00,237.25,0.00,17.78,2.26,718.65
2016,320,34604.36,0.00,262.83,0.00,21.98,1.75,693.09
2016,321,34492.90,0.00,269.75,0.00,24.10,1.01,656.81
2016,322,34383.88,0.00,185.63,0.00,15.25,3.72,797.20
2016,323,34277.35,0.00,75.63,0.00,4.72,0.70,642.50
2016,324,34173.39,0.00,164.02,0.00,5.19,-4.34,442.67
2016,325,34072.05,0.00,224.86,0.00,9.38,-5.50,405.57
2016,326,33973.39,7.86,146.37,0.00,7.96,-3.98,455.06
2016,327,33877.47,6.85,99.35,0.00,6.91,-0.53,587.47
2016,328,33784.34,0.00,41.82,0.00,4.35,2.62,737.14
2016,329,33694.07,0.00,49.19,0.00,4.02,1.81,695.98
2016,330,33606.70,0.00,205.79,0.00,12.35,-0.56,586.34
2016,331,33522.30,0.00,218.76,0.00,13.50,-0.79,576.42
2016,332,33440.91,6.79,163.27,0.00,13.58,-0.62,583.67
2016,333,33362.60,0.00,164.72,0.00,11.01,1.53,682.26
2016,334,33287.41,0.00,127.79,0.00,6.22,-0.75,578.05
2016,335,33215.40,0.00,62.36,0.00,2.10,-0.93,570.47
2016,336,33146.60,0.00,114.56,0.00,3.98,-1.96,528.88
2016,337,33081.08,0.00,174.40,0.00,5.76,-4.03,453.18
2016,338,33018.88,9.89,101.44,0.00,0.94,-5.98,390.99
2016,339,32960.03,0.00,143.28,0.00,3.70,-3.60,468.16
2016,340,32904.58,0.00,205.70,0.00,10.31,-1.91,531.06
2016,341,32852.58,0.00,138.50,0.00,1.05,-5.75,397.75
2016,342,32804.06,0.00,110.83,0.00,-4.05,-9.31,301.89
2016,343,32759.05,0.00,169.36,0.00,-4.13,-12.69,230.38
2016,344,32717.59,0.00,188.70,0.00,-5.34,-15.13,188.68
2016,345,32679.72,0.00,210.01,0.00,-0.42,-12.03,243.02
2016,346,32645.45,0.00,161.00,0.00,-0.21,-8.01,334.26
2016,347,32614.81,0.00,243.91,0.00,3.91,-14.00,207.16
2016,348,32587.83,0.00,194.96,0.00,-4.78,-14.68,195.78
2016,349,32564.53,0.00,196.49,0.00,-4.27,-14.18,204.08
2016,350,32544.93,0.00,191.50,0.00,-6.13,-15.33,185.49
2016,351,32529.04,0.68,198.44,0.68,-4.02,-12.03,243.17
2016,352,32516.87,0.72,150.39,1.40,-10.89,-16.36,170.26
2016,353,32508.43,0.00,264.66,1.40,-10.73,-25.06,79.74
2016,354,32503.74,0.00,278.73,1.40,0.06,-21.86,106.20
2016,355,32502.79,0.00,270.86,1.40,7.42,-11.32,257.40
2016,356,32505.58,0.00,253.84,0.74,10.39,-4.43,439.88
2016,357,32512.11,0.00,255.65,0.74,7.27,-7.72,341.84
2016,358,32522.38,13.46,161.80,14.20,3.04,-7.21,355.64
2016,359,32536.38,0.00,224.26,14.20,2.46,-8.68,317.20
2016,360,32554.10,29.68,197.95,13.93,12.21,-5.36,409.90
2016,361,32575.52,0.00,145.39,12.93,2.59,-3.62,467.38
2016,362,32600.63,0.00,251.59,12.60,9.12,-5.21,414.65
2016,363,32629.41,0.00,240.19,11.70,9.07,-3.86,459.14
2016,364,32661.83,0.00,182.90,9.95,6.51,-1.84,533.79
2016,365,32697.87,0.00,255.13,9.95,9.09,-6.13,386.56
2017,1,32737.70,0.00,243.31,5.58,3.90,-6.76,368.36
2017,2,32780.92,0.00,193.44,5.04,2.55,-4.70,430.87
2017,3,32827.67,0.00,184.77,5.04,-3.92,-10.56,273.39
2017,4,32877.92,1.27,141.89,6.31,-10.02,-14.79,193.98
2017,5,32931.64,0.00,137.18,6.31,-12.14,-16.69,165.62
2017,6,32988.77,0.00,271.75,6.31,-8.49,-21.10,113.47
2017,7,33049.29,0.00,274.25,6.31,-6.82,-19.61,129.18
2017,8,33113.14,0.00,290.48,6.31,-0.88,-17.07,124.10
2017,9,33180.29,0.00,275.57,6.31,1.64,-10.98,164.32
2017,10,33250.69,0.86,234.92,7.18,1.49,-7.38,242.11
2017,11,33324.28,0.00,202.46,7.18,-0.32,-7.37,276.64
2017,12,33401.03,0.00,185.03,7.18,-6.31,-12.49,218.80
2017,13,33480.87,0.00,217.62,7.18,-4.43,-12.01,203.15
2017,14,33563.76,0.00,284.44,7.18,2.34,-10.21,164.23
2017,15,33649.64,6.16,158.44,13.34,0.83,-6.37,331.16
2017,16,33738.45,10.38,56.62,11.57,0.43,-1.78,535.84
2017,17,33830.15,0.00,196.82,10.88,2.14,-4.36,412.57
2017,18,33924.67,0.00,305.56,10.20,11.09,-4.38,278.09
2017,19,34021.95,0.00,215.81,8.31,5.73,-1.52,461.98
2017,20,34121.95,1.44,167.16,5.42,6.22,0.90,609.54
2017,21,34224.60,0.00,268.52,2.51,11.12,0.92,457.09
2017,22,34329.83,0.00,199.36,1.06,3.81,-2.54,464.35
2017,23,34437.60,0.00,176.02,0.00,3.39,-2.75,482.24
2017,24,34547.84,1.91,107.69,0.00,1.51,-1.99,527.84
2017,25,34660.49,2.04,53.09,0.00,-1.01,-3.13,484.77
2017,26,34775.50,0.00,126.82,0.00,-1.89,-5.93,392.36
2017,27,34892.79,0.00,287.84,0.00,2.66,-10.68,230.14
2017,28,35012.32,0.00,269.97,0.00,3.55,-7.42,298.23
2017,29,35134.03,0.00,224.19,0.00,6.09,-1.80,472.34
2017,30,35257.84,0.00,305.57,0.00,13.69,-2.71,331.61
2017,31,35383.71,0.00,216.10,0.00,6.38,-0.86,509.74
2017,32,35511.58,0.00,103.01,0.00,-0.07,-3.05,488.00
2017,33,35641.38,0.00,183.94,0.00,-3.43,-8.94,310.74
2017,34,35773.06,0.00,247.11,0.00,-0.75,-8.90,292.07
2017,35,35906.57,0.00,324.05,0.00,9.45,-7.43,238.93
2017,36,36041.84,0.00,281.26,0.00,3.24,-7.00,297.81
2017,37,36178.83,0.00,320.63,0.00,8.06,-6.29,266.34
2017,38,36317.47,1.46,244.39,0.00,2.25,-5.43,361.43
2017,39,36457.71,1.77,147.76,1.77,-7.08,-10.61,272.35
2017,40,36599.50,0.00,374.93,1.77,1.29,-13.41,168.64
2017,41,36742.78,0.00,393.35,1.77,18.36,-8.75,163.94
2017,42,36887.51,0.00,321.16,0.00,13.53,0.32,407.97
2017,43,37033.62,0.00,286.59,0.00,9.38,-0.70,436.30
2017,44,37181.08,0.00,346.90,0.00,11.62,-4.47,281.22
2017,45,37329.83,0.00,322.60,0.00,10.51,-2.07,357.65
2017,46,37479.83,0.00,344.78,0.00,12.23,-3.10,306.07
2017,47,37631.02,0.00,370.17,0.00,21.26,-1.82,233.86
2017,48,37783.36,0.00,368.39,0.00,22.31,1.40,287.19
2017,49,37936.81,0.00,365.88,0.00,18.87,-0.18,275.79
2017,50,38091.31,0.00,369.91,0.00,21.90,1.75,291.94
2017,51,38246.83,0.00,311.84,0.00,16.78,4.21,453.72
2017,52,38403.32,0.00,385.63,0.00,23.21,-0.70,224.90
2017,53,38560.74,0.00,380.87,0.00,22.96,1.22,261.27
2017,54,38719.05,10.21,94.02,0.00,5.90,1.53,681.99
2017,55,38878.21,1.77,71.33,0.00,-1.63,-3.69,465.07
2017,56,39038.18,0.00,284.38,0.00,1.00,-9.82,271.48
2017,57,39198.92,0.00,338.24,0.00,6.64,-7.50,272.88
2017,58,39360.39,0.00,383.09,0.00,12.97,-5.99,251.39
2017,59,39522.56,0.00,278.28,0.00,7.82,-2.74,419.48
2017,60,39685.39,0.00,231.53,0.00,6.42,-1.78,495.55
2017,61,39848.84,0.00,348.14,0.00,7.29,-6.96,273.08
2017,62,40012.88,0.00,391.70,0.00,11.98,-6.84,232.98
2017,63,40177.47,0.00,426.28,0.00,22.17,-5.19,200.97
2017,64,40342.59,0.00,368.43,0.00,20.08,2.84,423.22
2017,65,40508.20,2.72,264.95,0.00,25.35,8.82,778.95
2017,66,40674.27,0.00,310.29,0.00,13.38,0.79,478.19
2017,67,40840.76,0.00,353.67,0.00,13.84,-1.27,374.92
2017,68,41007.64,0.00,310.27,0.00,9.85,-2.47,396.68
2017,69,41174.89,0.00,157.01,0.00,-3.20,-8.70,316.81
2017,70,41342.48,0.00,214.02,0.00,-0.08,-7.65,343.73
2017,71,41510.37,0.60,291.75,0.00,4.96,-5.50,349.89
2017,72,41678.54,0.00,120.51,0.00,-2.36,-6.08,388.05
2017,73,41846.95,0.81,236.56,0.81,-0.59,-7.49,348.06
2017,74,42015.58,0.00,397.27,0.81,5.42,-7.47,254.32
2017,75,42184.41,0.00,510.96,0.00,19.44,-4.07,193.32
2017,76,42353.39,0.00,436.98,0.00,20.20,0.50,314.01
2017,77,42522.51,0.00,410.59,0.00,14.94,-1.41,319.10
2017,78,42691.75,0.00,477.50,0.00,28.76,1.57,259.96
2017,79,42861.06,0.00,349.83,0.00,19.47,6.92,601.19
2017,80,43030.42,0.38,140.55,0.00,8.40,4.20,824.58
2017,81,43199.81,0.00,334.22,0.00,10.90,0.05,429.57
2017,82,43369.21,3.95,351.74,0.00,23.51,2.41,404.17
2017,83,43538.57,17.92,223.59,0.00,14.87,5.69,755.31
2017,84,43707.88,6.46,53.56,0.00,5.30,3.86,804.77
2017,85,43877.12,0.43,181.65,0.00,8.97,3.80,801.62
2017,86,44046.24,0.00,274.15,0.00,11.34,3.31,725.65
2017,87,44215.22,5.87,188.44,0.00,9.72,2.62,737.46
2017,88,44384.05,21.62,97.47,0.00,7.41,4.14,821.23
2017,89,44552.68,0.95,114.37,0.00,6.81,4.09,818.39
2017,90,44721.10,0.00,316.27,0.00,12.72,4.02,801.34
2017,91,44889.26,1.43,200.00,0.00,8.56,3.58,789.53
2017,92,45057.15,0.00,290.70,0.00,12.24,4.87,864.17
2017,93,45224.74,3.05,267.54,0.00,15.68,6.50,967.75
2017,94,45391.99,0.00,312.47,0.00,14.66,7.21,994.41
2017,95,45558.88,0.00,390.48,0.00,15.29,5.61,810.73
2017,96,45725.37,0.00,461.55,0.00,14.22,1.56,572.59
2017,97,45891.44,0.00,525.26,0.00,18.74,-0.71,432.45
2017,98,46057.04,0.00,530.66,0.00,25.06,2.62,507.00
2017,99,46222.16,2.45,366.51,0.00,26.00,8.99,966.79
2017,100,46386.76,0.00,309.74,0.00,12.56,5.15,876.86
2017,101,46550.80,0.00,533.08,0.00,18.04,-2.21,388.41
2017,102,46714.26,2.65,390.72,0.00,21.31,1.52,583.17
2017,103,46877.09,0.00,499.65,0.00,25.59,7.70,754.73
2017,104,47039.26,23.31,290.49,0.00,22.13,10.91,1247.19
2017,105,47200.73,0.00,383.51,0.00,25.15,14.20,1468.01
2017,106,47361.47,0.00,448.00,0.00,21.34,8.37,937.90
2017,107,47521.44,0.00,504.75,0.00,23.00,6.48,727.88
2017,108,47680.60,14.02,345.52,0.00,22.71,9.36,1070.06
2017,109,47838.91,3.24,342.28,0.00,24.01,10.66,1213.73
2017,110,47996.34,0.00,377.11,0.00,17.07,7.63,1003.03
2017,111,48152.83,0.00,387.93,0.00,14.38,4.83,832.15
2017,112,48308.35,0.00,501.75,0.00,19.08,4.38,697.41
2017,113,48462.86,0.00,547.74,0.00,22.43,2.42,563.75
2017,114,48616.30,0.00,528.74,0.00,23.87,5.47,700.13
2017,115,48768.65,2.55,132.95,0.00,10.97,6.93,996.36
2017,116,48919.84,0.00,187.28,0.00,6.22,2.08,709.46
2017,117,49069.84,3.30,357.66,0.00,14.75,1.20,659.02
2017,118,49218.59,8.63,169.58,0.00,7.23,2.06,708.51
2017,119,49366.06,5.81,145.23,0.00,7.62,3.23,770.10
2017,120,49512.18,29.22,87.98,0.00,5.40,3.05,760.14
2017,121,49656.91,0.00,455.89,0.00,13.82,1.42,676.51
2017,122,49800.19,0.00,505.51,0.00,18.75,3.08,718.36
2017,123,49941.98,3.70,319.82,0.00,18.67,6.86,991.53
2017,124,50082.23,0.00,492.36,0.00,21.20,5.81,867.11
2017,125,50220.87,0.00,534.94,0.00,25.14,5.63,808.25
2017,126,50357.86,0.00,512.07,0.00,25.91,8.10,967.77
2017,127,50493.13,0.00,518.86,0.00,29.18,10.20,1086.08
2017,128,50626.65,0.00,511.49,0.00,33.07,13.80,1354.32
2017,129,50758.33,10.16,306.14,0.00,26.62,14.40,1639.42
2017,130,50888.14,14.49,142.72,0.00,17.52,12.77,1474.34
2017,131,51016.01,0.00,411.06,0.00,21.24,9.93,1221.19
2017,132,51141.89,0.00,515.95,0.00,24.00,7.31,961.43
2017,133,51265.71,0.00,519.07,0.00,26.34,9.05,1063.19
2017,134,51387.41,0.00,505.38,0.00,30.77,13.25,1385.08
2017,135,51506.95,0.00,487.17,0.00,32.45,15.56,1616.78
2017,136,51624.25,45.68,344.93,0.00,31.90,16.41,1865.09
2017,137,51739.26,7.09,243.83,0.00,23.38,14.72,1674.13
2017,138,51851.92,18.88,170.90,0.00,17.17,11.69,1373.05
2017,139,51962.16,49.46,94.31,0.00,12.16,9.53,1189.07
2017,140,52069.93,11.13,147.01,0.00,12.26,7.92,1066.78
2017,141,52175.18,0.00,497.82,0.00,19.57,5.34,892.80
2017,142,52277.83,5.27,379.16,0.00,22.92,7.74,1053.24
2017,143,52377.83,1.12,288.93,0.00,15.24,8.72,1125.60
2017,144,52475.12,0.00,461.22,0.00,19.83,7.91,1066.00
2017,145,52569.65,0.00,520.72,0.00,24.84,8.63,1119.34
2017,146,52661.35,0.00,480.96,0.00,26.87,12.33,1433.06
2017,147,52750.17,3.74,298.45,0.00,23.94,13.43,1539.41
2017,148,52836.06,0.00,500.57,0.00,27.46,11.47,1354.01
2017,149,52918.95,0.00,438.22,0.00,23.84,11.40,1347.01
2017,150,52998.80,0.00,515.15,0.00,26.54,9.14,1158.37
2017,151,53075.55,0.00,499.75,0.00,24.86,8.72,1126.23
2017,152,53149.15,0.00,502.06,0.00,28.62,11.49,1355.48
2017,153,53219.56,0.00,458.41,0.00,31.55,16.16,1835.61
2017,154,53286.71,0.00,438.70,0.00,31.55,17.17,1958.26
2017,155,53350.58,0.00,450.84,0.00,32.83,17.67,2020.93
2017,156,53411.10,0.00,474.37,0.00,33.63,16.98,1933.94
2017,157,53468.24,0.00,403.25,0.00,29.37,17.28,1971.22
2017,158,53521.96,0.00,442.39,0.00,29.01,15.50,1760.42
2017,159,53572.22,0.00,465.47,0.00,30.45,15.44,1753.69
2017,160,53618.98,0.00,460.39,0.00,31.83,16.48,1873.49
2017,161,53662.21,0.00,410.81,0.00,32.98,19.65,2287.13
2017,162,53701.88,0.00,386.89,0.00,34.60,21.99,2640.83
2017,163,53737.95,6.56,200.93,0.00,29.27,21.72,2597.81
2017,164,53770.39,10.53,303.37,0.00,33.15,20.50,2410.13
2017,165,53799.20,1.90,415.69,0.00,30.44,18.01,2064.67
2017,166,53824.33,0.46,496.14,0.00,33.85,16.31,1853.16
2017,167,53845.77,25.45,321.02,0.00,32.31,18.79,2167.63
2017,168,53863.52,0.00,373.10,0.00,28.27,17.51,2000.73
2017,169,53877.54,0.00,403.75,0.00,26.88,15.00,1704.61
2017,170,53887.83,0.00,434.70,0.00,29.55,15.72,1785.23
2017,171,53894.39,0.00,483.65,0.00,33.59,16.08,1826.51
2017,172,53897.21,0.00,453.54,0.00,35.09,18.86,2177.67
2017,173,53896.28,0.00,351.34,0.00,32.21,21.01,2487.39
2017,174,53891.61,0.00,318.03,0.00,23.94,14.98,1702.11
2017,175,53883.20,0.00,502.39,0.00,26.72,9.69,1202.34
2017,176,53871.05,0.00,463.20,0.00,24.85,10.33,1254.37
2017,177,53855.19,0.00,410.91,0.00,24.65,12.38,1436.86
2017,178,53835.61,29.91,363.53,0.00,27.34,11.18,1328.15
2017,179,53812.33,0.00,481.23,0.00,31.77,14.65,1666.11
2017,180,53785.38,8.26,264.60,0.00,29.13,18.40,2115.91
2017,181,53754.77,5.36,263.30,0.00,26.64,16.42,1866.77
2017,182,53720.52,0.00,468.95,0.00,29.36,13.89,1586.70
2017,183,53682.67,8.38,297.01,0.00,28.09,16.18,1838.15
2017,184,53641.23,15.59,304.06,0.00,31.45,18.60,2142.51
2017,185,53596.25,0.00,383.29,0.00,30.36,18.66,2150.79
2017,186,53547.75,0.00,422.95,0.00,30.90,17.58,2009.63
2017,187,53495.77,0.00,433.90,0.00,34.10,19.45,2259.13
2017,188,53440.35,0.00,291.18,0.00,27.57,19.40,2252.28
2017,189,53381.52,0.00,464.77,0.00,31.03,15.72,1785.08
2017,190,53319.34,0.00,472.07,0.00,34.11,17.48,1996.85
2017,191,53253.84,0.00,347.21,0.00,32.51,21.86,2619.54
2017,192,53185.07,6.67,302.64,0.00,34.52,21.24,2523.33
2017,193,53113.07,10.83,210.17,0.00,29.87,21.73,2600.08
2017,194,53037.90,0.00,279.18,0.00,28.36,20.51,2412.47
2017,195,52959.61,0.00,402.75,0.00,30.74,18.40,2114.86
2017,196,52878.25,0.00,416.43,0.00,33.19,19.84,2313.44
2017,197,52793.86,0.00,428.02,0.00,34.46,20.23,2370.10
2017,198,52706.52,1.39,385.74,0.00,33.71,21.44,2554.58
2017,199,52616.26,0.00,332.95,0.00,32.15,22.14,2664.85
2017,200,52523.15,0.00,362.98,0.00,34.58,23.06,2818.43
2017,201,52427.24,0.00,340.80,0.00,35.20,24.49,3071.56
2017,202,52328.60,0.00,374.15,0.00,37.29,24.86,3140.43
2017,203,52227.28,0.00,336.39,0.00,33.03,22.99,2806.02
2017,204,52123.34,0.00,425.12,0.00,31.27,18.08,2072.70
2017,205,52016.83,0.00,450.73,0.00,30.02,15.97,1813.45
2017,206,51907.83,11.78,346.85,0.00,35.17,18.96,2190.42
2017,207,51796.38,21.06,119.79,0.00,25.84,21.72,2597.86
2017,208,51682.55,0.00,357.74,0.00,28.65,18.78,2166.60
2017,209,51566.39,0.00,391.07,0.00,28.12,17.31,1974.89
2017,210,51447.98,0.00,399.85,0.00,28.86,17.58,2008.58
2017,211,51327.36,0.00,366.85,0.00,27.96,17.97,2059.07
2017,212,51204.60,0.00,400.44,0.00,27.87,16.80,1911.99
2017,213,51079.75,0.00,415.97,0.00,29.81,17.75,2031.30
2017,214,50952.88,0.00,423.13,0.00,29.44,17.15,1954.83
2017,215,50824.04,0.00,307.68,0.00,23.39,15.80,1794.05
2017,216,50693.30,0.00,496.08,0.00,25.47,10.25,1247.83
2017,217,50560.70,6.00,231.19,0.00,19.78,12.51,1449.72
2017,218,50426.31,0.00,352.72,0.00,24.01,15.11,1716.83
2017,219,50290.17,0.00,410.03,0.00,26.13,15.11,1716.61
2017,220,50152.36,0.00,473.84,0.00,27.62,13.43,1539.36
2017,221,50012.92,0.00,386.04,0.00,25.50,15.44,1753.86
2017,222,49871.90,0.00,393.40,0.00,26.78,16.33,1855.80
2017,223,49729.36,0.00,442.24,0.00,26.88,14.27,1625.48
2017,224,49585.35,0.00,455.83,0.00,27.45,13.84,1581.38
2017,225,49439.93,5.19,319.31,0.00,27.31,15.11,1716.63
2017,226,49293.13,0.00,404.24,0.00,29.56,17.86,2044.55
2017,227,49145.03,29.90,302.26,0.00,30.51,18.68,2153.11
2017,228,48995.65,13.51,245.41,0.00,26.96,18.42,2118.36
2017,229,48845.05,2.00,410.69,0.00,28.24,16.49,1874.87
2017,230,48693.28,0.00,426.33,0.00,29.29,16.54,1880.48
2017,231,48540.39,4.18,347.58,0.00,29.66,14.58,1658.86
2017,232,48386.41,5.72,316.04,0.00,28.98,16.28,1849.60
2017,233,48231.40,12.71,276.02,0.00,29.09,18.53,2132.41
2017,234,48075.39,0.00,365.12,0.00,25.47,15.58,1768.71
2017,235,47918.43,0.00,459.22,0.00,26.29,12.00,1401.99
2017,236,47760.56,11.11,334.67,0.00,27.25,13.48,1544.50
2017,237,47601.82,18.94,299.62,0.00,27.97,16.06,1824.54
2017,238,47442.25,0.78,387.03,0.00,29.32,17.59,2009.74
2017,239,47281.90,1.46,365.76,0.00,28.37,17.61,2012.63
2017,240,47120.79,0.00,397.43,0.00,25.29,13.66,1563.03
2017,241,46958.96,0.00,412.16,0.00,25.35,12.91,1488.41
2017,242,46796.46,0.00,440.02,0.00,27.17,12.72,1470.03
2017,243,46633.32,0.00,437.82,0.00,27.99,13.30,1526.57
2017,244,46469.57,0.00,351.13,0.00,25.44,15.22,1728.80
2017,245,46305.25,0.00,370.99,0.00,28.23,16.64,1892.94
2017,246,46140.39,0.00,433.92,0.00,30.88,15.23,1729.53
2017,247,45975.02,0.00,328.21,0.00,24.95,15.29,1736.95
2017,248,45809.18,0.00,382.13,0.00,21.20,9.76,1207.77
2017,249,45642.90,0.00,427.85,0.00,21.14,7.29,1021.61
2017,250,45476.21,0.00,478.10,0.00,26.83,7.37,1027.16
2017,251,45309.14,0.00,475.36,0.00,30.18,9.16,1159.58
2017,252,45141.72,0.00,412.08,0.00,28.05,12.89,1486.19
2017,253,44973.98,0.31,362.45,0.00,28.32,15.70,1782.72
2017,254,44805.95,0.00,381.52,0.00,29.20,15.32,1739.40
2017,255,44637.65,0.00,403.09,0.00,28.95,13.63,1559.87
2017,256,44469.13,0.00,413.77,0.00,30.46,13.70,1566.73
2017,257,44300.40,0.00,417.72,0.00,33.97,15.37,1745.49
2017,258,44131.49,3.55,279.59,0.00,33.27,17.81,2038.95
2017,259,43962.43,21.65,143.02,0.00,21.93,15.81,1795.33
2017,260,43793.25,0.00,355.53,0.00,20.89,8.53,1111.70
2017,261,43623.98,12.28,257.34,0.00,23.25,11.17,1326.75
2017,262,43454.64,0.00,346.63,0.00,31.23,17.48,1996.41
2017,263,43285.25,0.00,282.16,0.00,26.11,16.15,1834.29
2017,264,43115.86,0.00,399.00,0.00,33.12,14.65,1666.72
2017,265,42946.48,0.00,348.46,0.00,34.92,19.43,2255.70
2017,266,42777.13,0.00,296.02,0.00,32.88,20.75,2447.19
2017,267,42607.86,50.82,235.61,0.00,31.07,18.26,2097.38
2017,268,42438.68,23.75,76.43,0.00,16.97,13.84,1581.23
2017,269,42269.62,0.00,206.29,0.00,18.29,11.49,1355.08
2017,270,42100.71,0.00,358.58,0.00,22.50,8.52,1110.88
2017,271,41931.98,0.00,389.88,0.00,25.24,8.15,1083.09
2017,272,41763.45,0.00,386.75,0.00,26.10,8.74,1127.78
2017,273,41595.16,0.00,325.42,0.00,24.89,11.88,1391.11
2017,274,41427.12,22.47,230.72,0.00,26.37,13.91,1588.09
2017,275,41259.38,10.66,223.11,0.00,27.01,14.85,1688.05
2017,276,41091.96,3.43,144.11,0.00,22.22,15.24,1730.87
2017,277,40924.88,0.00,269.83,0.00,20.67,10.58,1275.90
2017,278,40758.19,28.33,133.53,0.00,18.23,11.99,1400.75
2017,279,40591.91,31.97,129.05,0.00,20.05,13.97,1594.83
2017,280,40426.06,3.69,210.92,0.00,22.65,11.98,1399.58
2017,281,40260.69,0.00,329.92,0.00,24.62,10.95,1307.98
2017,282,40095.83,12.38,126.58,0.00,13.81,8.34,1097.62
2017,283,39931.50,5.89,158.15,0.00,9.99,3.24,770.34
2017,284,39767.75,0.00,380.41,0.00,17.35,0.03,612.07
2017,285,39604.60,0.00,377.42,0.00,20.48,2.34,722.59
2017,286,39442.10,2.78,158.48,0.00,15.96,8.78,1130.20
2017,287,39280.27,2.89,98.63,0.00,14.47,10.30,1252.31
2017,288,39119.16,0.00,319.59,0.00,16.12,4.02,813.96
2017,289,38958.80,0.00,377.00,0.00,22.97,2.19,714.98
2017,290,38799.22,0.00,360.48,0.00,22.51,4.03,814.65
2017,291,38640.48,0.00,344.58,0.00,25.06,7.44,1032.06
2017,292,38482.61,0.00,354.73,0.00,25.95,5.77,919.93
2017,293,38325.64,0.00,325.57,0.00,24.92,8.38,1100.59
2017,294,38169.63,0.00,271.92,0.00,23.32,11.35,1342.95
2017,295,38014.60,0.00,326.50,0.00,20.88,4.62,848.87
2017,296,37860.62,0.00,282.27,0.00,17.99,5.63,911.14
2017,297,37707.72,0.00,202.38,0.00,12.92,5.17,882.20
2017,298,37555.94,0.00,330.29,0.00,22.48,3.71,796.78
2017,299,37405.33,0.00,268.44,0.00,16.23,4.00,812.97
2017,300,37255.95,0.00,95.63,0.00,2.58,-0.86,573.73
2017,301,37107.83,0.00,320.54,0.00,10.76,-5.78,397.00
2017,302,36961.03,0.00,342.59,0.00,20.06,-4.03,453.41
2017,303,36815.60,0.00,158.34,0.00,7.41,1.12,662.39
2017,304,36671.58,0.00,170.82,0.00,2.11,-4.56,435.63
2017,305,36529.03,0.00,278.11,0.00,9.47,-3.70,464.76
2017,306,36388.00,0.00,257.45,0.00,11.93,-0.18,602.82
2017,307,36248.55,0.00,233.36,0.00,8.37,-2.09,523.71
2017,308,36110.73,0.00,241.09,0.00,11.86,0.40,628.77
2017,309,35974.58,0.00,137.35,0.00,7.94,2.10,710.42
2017,310,35840.18,0.00,226.26,0.00,7.18,-3.33,477.85
2017,311,35707.57,0.00,226.09,0.00,6.71,-3.83,460.08
2017,312,35576.81,0.00,288.80,0.00,10.84,-6.48,376.33
2017,313,35447.96,0.00,191.98,0.00,2.69,-6.24,383.26
2017,314,35321.07,0.00,216.70,0.00,2.69,-7.68,342.95
2017,315,35196.21,0.00,217.22,0.00,6.67,-3.84,459.75
2017,316,35073.44,0.00,185.21,0.00,10.27,1.40,675.78
2017,317,34952.81,0.00,203.96,0.00,7.64,-2.49,508.71
2017,318,34834.38,0.00,204.24,0.00,12.05,1.57,683.83
2017,319,34718.21,0.00,196.19,0.00,10.95,1.20,665.94
2017,320,34604.36,0.00,264.38,0.00,10.13,-5.82,395.71
2017,321,34492.90,4.26,202.50,0.00,16.87,-1.53,545.95
2017,322,34383.88,0.00,189.39,0.00,10.36,1.02,657.63
2017,323,34277.35,0.00,269.66,0.00,12.78,-5.39,409.02
2017,324,34173.39,0.00,264.44,0.00,15.24,-3.04,488.29
2017,325,34072.05,0.00,146.83,0.00,4.94,-1.96,528.76
2017,326,33973.39,0.00,257.88,0.00,5.65,-10.74,269.49
2017,327,33877.47,0.00,275.86,0.00,18.73,-7.59,345.45
2017,328,33784.34,0.00,256.29,0.00,22.32,1.58,684.43
2017,329,33694.07,0.00,238.17,0.00,15.37,-0.82,575.43
2017,330,33606.70,0.00,238.65,0.00,16.73,-0.48,589.54
2017,331,33522.30,0.00,243.97,0.00,21.45,1.91,700.88
2017,332,33440.91,0.00,192.96,0.00,13.42,1.73,692.00
2017,333,33362.60,0.00,236.15,0.00,10.58,-6.27,382.39
2017,334,33287.41,0.00,237.63,0.00,13.45,-4.65,432.57
2017,335,33215.40,0.00,223.02,0.00,14.63,-1.60,543.26
2017,336,33146.60,0.00,225.34,0.00,13.89,-2.95,491.38
2017,337,33081.08,0.00,229.92,0.00,16.03,-2.39,512.35
2017,338,33018.88,0.00,217.33,0.00,15.18,-1.45,549.39
2017,339,32960.03,0.00,175.92,0.00,6.75,-4.94,423.07
2017,340,32904.58,0.00,182.62,0.00,6.51,-5.93,392.54
2017,341,32852.58,0.00,145.46,0.00,-2.32,-11.43,255.08
2017,342,32804.06,0.00,182.20,0.00,1.82,-10.35,278.12
2017,343,32759.05,0.00,135.92,0.00,3.73,-4.83,426.82
2017,344,32717.59,0.00,208.63,0.00,12.84,-3.34,477.53
2017,345,32679.72,0.00,169.92,0.00,9.69,-2.04,525.66
2017,346,32645.45,0.00,220.59,0.00,8.76,-9.44,298.92
2017,347,32614.81,0.00,209.15,0.00,11.03,-5.79,396.53
2017,348,32587.83,0.00,69.08,0.00,5.12,0.77,645.94
2017,349,32564.53,0.00,148.91,0.00,8.89,-1.38,552.17
2017,350,32544.93,0.00,192.57,0.00,12.14,-2.59,504.81
2017,351,32529.04,0.00,87.23,0.00,2.79,-2.64,502.85
2017,352,32516.87,0.00,216.21,0.00,13.26,-4.99,421.69
2017,353,32508.43,0.00,167.12,0.00,8.78,-2.87,494.36
2017,354,32503.74,0.00,177.49,0.00,6.69,-5.70,399.34
2017,355,32502.79,1.70,146.11,0.00,4.31,-5.32,411.18
2017,356,32505.58,0.00,101.86,0.00,-1.91,-8.10,332.03
2017,357,32512.11,4.98,54.37,4.98,-5.74,-9.27,302.84
2017,358,32522.38,0.00,104.69,4.98,-5.89,-11.03,263.39
2017,359,32536.38,0.00,104.08,4.98,-10.08,-15.00,190.77
2017,360,32554.10,0.00,115.41,4.98,-14.49,-19.79,127.16
2017,361,32575.52,0.61,229.26,5.58,-12.44,-24.78,81.79
2017,362,32600.63,0.00,260.07,5.58,-4.41,-21.03,114.14
2017,363,32629.41,0.00,107.56,5.58,-8.21,-12.93,225.94
2017,364,32661.83,0.00,67.15,5.58,-15.14,-17.75,151.51
2017,365,32697.87,0.00,119.31,5.58,-19.41,-24.23,85.97
2018,1,32737.70,0.00,218.97,2.26,-17.28,-28.25,59.46
2018,2,32780.92,0.00,283.88,2.26,-4.26,-26.69,68.69
2018,3,32827.67,0.00,243.29,2.26,-7.02,-20.22,122.56
2018,4,32877.92,0.00,223.42,2.26,-7.67,-18.94,136.85
2018,5,32931.64,0.00,162.38,2.26,-8.74,-16.05,174.76
2018,6,32988.77,0.00,192.95,2.26,-6.04,-15.05,189.92
2018,7,33049.29,0.00,262.98,2.26,3.63,-11.86,246.47
2018,8,33113.14,0.00,265.02,2.26,8.72,-7.30,353.31
2018,9,33180.29,0.00,232.88,1.11,8.91,-3.27,479.89
2018,10,33250.69,0.71,191.37,0.00,11.08,0.45,630.91
2018,11,33324.28,0.00,149.55,0.00,-5.40,-12.64,231.46
2018,12,33401.03,0.00,151.09,0.00,-11.16,-18.37,143.70
2018,13,33480.87,0.72,166.08,0.72,-9.36,-16.43,169.25
2018,14,33563.76,0.00,251.69,0.72,0.56,-12.13,241.08
2018,15,33649.64,0.00,139.47,0.72,-11.92,-17.63,152.97
2018,16,33738.45,0.00,206.18,0.72,-10.83,-19.79,127.15
2018,17,33830.15,0.00,297.38,0.72,-0.85,-18.92,137.05
2018,18,33924.67,0.00,297.36,0.72,5.00,-13.04,224.06
2018,19,34021.95,0.00,291.36,0.72,10.81,-6.31,381.07
2018,20,34121.95,0.00,271.47,0.11,9.47,-4.54,436.24
2018,21,34224.60,8.90,96.57,0.00,4.43,-1.36,552.74
2018,22,34329.83,15.31,51.73,0.00,1.50,-1.33,554.28
2018,23,34437.60,0.00,97.37,0.00,-2.62,-6.71,369.62
2018,24,34547.84,0.00,252.55,0.00,4.11,-9.42,299.34
2018,25,34660.49,0.00,279.97,0.00,9.17,-8.37,325.12
2018,26,34775.50,0.00,261.26,0.00,10.55,-3.88,458.55
2018,27,34892.79,0.00,246.47,0.00,7.83,-4.66,432.38
2018,28,35012.32,0.00,149.07,0.00,-2.55,-8.74,315.66
2018,29,35134.03,0.00,226.03,0.00,-3.41,-13.57,214.58
2018,30,35257.84,0.00,299.63,0.00,7.85,-10.83,267.75
2018,31,35383.71,0.00,240.37,0.00,5.69,-5.46,406.79
2018,32,35511.58,0.00,202.30,0.00,-4.72,-12.82,228.00
2018,33,35641.38,0.00,305.48,0.00,1.78,-15.18,187.95
2018,34,35773.06,0.00,314.49,0.00,10.58,-9.17,305.37
2018,35,35906.57,0.60,205.04,0.60,-8.69,-15.87,177.43
2018,36,36041.84,3.73,196.83,4.34,-7.95,-17.61,153.24
2018,37,36178.83,1.95,222.99,6.29,-11.98,-19.50,130.36
2018,38,36317.47,0.00,291.80,6.29,-7.94,-18.50,142.04
2018,39,36457.71,0.00,273.95,6.29,-3.26,-12.76,229.13
2018,40,36599.50,2.94,97.42,9.22,-8.52,-12.36,236.76
2018,41,36742.78,0.99,126.43,10.21,-12.19,-15.81,178.24
2018,42,36887.51,0.00,333.60,10.21,-5.20,-17.34,156.83
2018,43,37033.62,0.00,340.18,10.21,-6.30,-18.82,138.20
2018,44,37181.08,0.00,382.04,10.21,4.67,-12.53,233.43
2018,45,37329.83,0.00,362.91,10.21,7.84,-7.19,356.18
2018,46,37479.83,0.00,310.93,9.66,6.36,-4.69,431.22
2018,47,37631.02,0.00,332.62,9.66,-0.26,-11.91,245.36
2018,48,37783.36,0.00,391.99,9.66,8.40,-8.60,319.12
2018,49,37936.81,0.00,383.77,8.30,13.35,-2.77,498.03
2018,50,38091.31,1.61,116.66,8.12,-2.45,-5.56,403.61
2018,51,38246.83,0.00,178.32,8.12,-6.21,-11.08,262.32
2018,52,38403.32,2.24,258.74,10.35,-3.76,-14.90,192.23
2018,53,38560.74,2.94,234.76,13.30,-1.38,-11.02,263.55
2018,54,38719.05,1.23,222.40,14.52,-1.50,-7.65,343.71
2018,55,38878.21,2.08,160.36,16.60,-1.46,-7.09,358.97
2018,56,39038.18,0.00,404.33,16.60,6.86,-7.09,359.01
2018,57,39198.92,0.00,443.56,16.60,13.38,-6.20,384.46
2018,58,39360.39,0.00,435.07,15.20,15.80,-2.67,501.87
2018,59,39522.56,0.00,324.54,13.80,6.97,-2.65,502.64
2018,60,39685.39,0.00,394.46,13.04,8.66,-4.20,447.37
2018,61,39848.84,0.00,443.14,12.28,13.19,-4.17,407.88
2018,62,40012.88,0.00,450.27,9.51,20.10,0.58,527.66
2018,63,40177.47,0.00,378.82,4.86,17.62,5.08,794.06
2018,64,40342.59,2.50,182.35,1.59,8.23,1.79,694.69
2018,65,40508.20,2.60,119.57,0.75,-0.12,-3.99,454.68
2018,66,40674.27,0.00,286.52,0.75,0.95,-6.36,379.75
2018,67,40840.76,0.00,427.17,0.75,4.39,-8.96,310.35
2018,68,41007.64,0.00,465.31,0.75,10.85,-6.10,354.25
2018,69,41174.89,0.00,376.63,0.00,10.73,-2.38,503.82
2018,70,41342.48,0.00,91.93,0.00,1.20,-1.04,565.91
2018,71,41510.37,0.00,399.88,0.00,9.22,-5.30,402.88
2018,72,41678.54,0.00,397.82,0.00,8.45,-5.69,394.32
2018,73,41846.95,0.00,460.58,0.00,20.03,-5.04,349.98
2018,74,42015.58,4.92,332.43,0.00,17.34,-2.61,491.13
2018,75,42184.41,16.81,120.95,0.00,4.55,0.12,616.13
2018,76,42353.39,0.00,133.86,0.00,3.62,0.13,616.36
2018,77,42522.51,13.43,116.58,0.00,4.96,0.92,652.92
2018,78,42691.75,4.61,183.75,0.00,7.51,1.07,659.86
2018,79,42861.06,2.60,142.91,0.00,4.46,-0.20,601.80
2018,80,43030.42,0.00,447.16,0.00,12.66,-3.29,479.30
2018,81,43199.81,0.00,461.47,0.00,18.82,0.06,587.30
2018,82,43369.21,19.16,218.75,0.00,12.67,4.58,847.01
2018,83,43538.57,0.00,99.44,0.00,4.10,1.89,699.83
2018,84,43707.88,5.40,134.66,0.00,4.05,-0.32,596.44
2018,85,43877.12,8.98,112.20,0.00,4.49,0.95,654.23
2018,86,44046.24,0.00,383.40,0.00,11.71,0.95,654.28
2018,87,44215.22,0.00,460.46,0.00,14.84,-0.34,559.12
2018,88,44384.05,0.00,382.95,0.00,9.31,-0.75,578.08
2018,89,44552.68,0.00,485.70,0.00,15.16,-1.95,481.64
2018,90,44721.10,0.00,416.94,0.00,9.07,-2.42,511.21
2018,91,44889.26,0.00,279.33,0.00,1.58,-4.74,429.70
2018,92,45057.15,0.00,365.38,0.00,1.12,-7.33,352.27
2018,93,45224.74,0.00,406.79,0.00,2.54,-7.23,355.03
2018,94,45391.99,0.00,514.32,0.00,6.61,-10.76,263.50
2018,95,45558.88,0.00,531.81,0.00,15.40,-7.62,301.80
2018,96,45725.37,1.44,330.47,0.00,2.62,-5.22,414.24
2018,97,45891.44,0.00,509.63,0.00,5.26,-11.43,254.41
2018,98,46057.04,0.00,437.06,0.00,4.53,-6.96,362.64
2018,99,46222.16,0.00,247.94,0.00,3.57,-1.86,532.72
2018,100,46386.76,0.00,540.58,0.00,18.77,-4.44,365.34
2018,101,46550.80,0.00,539.02,0.00,23.87,-0.31,468.61
2018,102,46714.26,0.00,504.87,0.00,21.53,3.82,658.95
2018,103,46877.09,0.00,494.90,0.00,22.77,6.27,777.92
2018,104,47039.26,3.08,163.56,0.00,4.54,-0.22,600.84
2018,105,47200.73,0.00,248.57,0.00,-0.20,-5.60,402.43
2018,106,47361.47,0.00,486.84,0.00,8.88,-5.07,399.35
2018,107,47521.44,1.15,530.63,0.00,14.83,-3.64,403.25
2018,108,47680.60,0.00,283.78,0.00,5.69,-1.02,566.81
2018,109,47838.91,0.00,518.08,0.00,14.59,-2.69,438.06
2018,110,47996.34,0.00,519.96,0.00,16.86,-0.74,491.21
2018,111,48152.83,0.00,340.62,0.00,11.65,3.16,766.29
2018,112,48308.35,0.00,510.94,0.00,20.64,3.77,629.59
2018,113,48462.86,0.00,541.07,0.00,23.52,2.83,505.97
2018,114,48616.30,3.14,389.23,0.00,22.41,3.48,654.19
2018,115,48768.65,1.73,387.50,0.00,15.93,4.78,761.25
2018,116,48919.84,0.00,509.43,0.00,20.85,2.99,560.92
2018,117,49069.84,0.00,552.15,0.00,25.86,2.53,488.37
2018,118,49218.59,0.00,506.41,0.00,19.51,1.68,519.42
2018,119,49366.06,0.00,517.07,0.00,24.35,5.17,620.10
2018,120,49512.18,0.00,481.85,0.00,29.15,11.74,966.37
2018,121,49656.91,2.78,262.22,0.00,27.82,16.31,1767.33
2018,122,49800.19,7.21,109.64,0.00,15.77,11.75,1379.26
2018,123,49941.98,6.47,248.25,0.00,19.35,9.44,1181.97
2018,124,50082.23,0.00,467.51,0.00,25.97,9.96,969.85
2018,125,50220.87,3.11,380.25,0.00,29.09,9.78,1044.64
2018,126,50357.86,0.00,485.40,0.00,28.24,10.79,994.71
2018,127,50493.13,0.00,511.32,0.00,28.42,9.19,849.19
2018,128,50626.65,0.00,455.83,0.00,29.53,13.53,1187.75
2018,129,50758.33,0.00,416.59,0.00,28.34,14.19,1310.21
2018,130,50888.14,9.00,326.79,0.00,27.11,12.21,1299.08
2018,131,51016.01,2.72,303.24,0.00,21.10,8.53,1097.39
2018,132,51141.89,0.00,215.04,0.00,15.09,9.28,1169.45
2018,133,51265.71,1.95,426.03,0.00,23.50,10.42,1072.59
2018,134,51387.41,2.27,271.93,0.00,23.87,12.85,1482.36
2018,135,51506.95,0.00,392.91,0.00,25.31,13.06,1323.72
2018,136,51624.25,0.00,476.51,0.00,28.96,12.46,1130.18
2018,137,51739.26,0.00,479.71,0.00,29.60,12.90,1152.43
2018,138,51851.92,0.00,394.37,0.00,26.30,13.81,1374.69
2018,139,51962.16,3.21,122.19,0.00,17.79,13.39,1535.41
2018,140,52069.93,4.09,68.40,0.00,13.82,11.92,1394.12
2018,141,52175.18,0.00,421.33,0.00,24.58,11.83,1204.32
2018,142,52277.83,6.50,357.56,0.00,29.75,13.43,1397.40
2018,143,52377.83,0.00,466.12,0.00,32.54,16.77,1523.72
2018,144,52475.12,0.00,414.68,0.00,32.01,18.85,1824.29
2018,145,52569.65,0.00,479.33,0.00,34.85,17.97,1568.98
2018,146,52661.35,0.00,503.49,0.00,36.82,17.95,1490.54
2018,147,52750.17,0.00,484.74,0.00,36.94,19.43,1670.85
2018,148,52836.06,6.12,335.68,0.00,34.97,19.48,2034.81
2018,149,52918.95,19.38,281.32,0.00,29.45,18.13,2062.57
2018,150,52998.80,0.00,412.19,0.00,29.59,17.18,1769.93
2018,151,53075.55,0.00,478.99,0.00,33.59,17.30,1636.21
2018,152,53149.15,31.35,346.01,0.00,33.95,17.73,1926.54
2018,153,53219.56,0.00,327.86,0.00,25.77,16.31,1853.80
2018,154,53286.71,0.00,456.24,0.00,27.64,13.19,1422.98
2018,155,53350.58,0.00,421.98,0.00,26.10,13.53,1496.83
2018,156,53411.10,0.00,476.59,0.00,32.23,16.15,1637.99
2018,157,53468.24,0.00,462.09,0.00,34.21,18.52,1908.88
2018,158,53521.96,0.00,337.35,0.00,28.48,18.79,2167.84
2018,159,53572.22,5.04,329.76,0.00,32.19,17.91,2050.91
2018,160,53618.98,3.56,322.22,0.00,32.65,18.76,2164.00
2018,161,53662.21,0.00,355.16,0.00,31.47,20.80,2455.64
2018,162,53701.88,20.97,287.30,0.00,32.56,20.54,2416.58
2018,163,53737.95,0.00,366.05,0.00,28.38,17.75,2030.60
2018,164,53770.39,0.00,414.23,0.00,27.34,15.07,1712.05
2018,165,53799.20,0.00,450.37,0.00,33.02,18.12,1973.53
2018,166,53824.33,0.00,406.10,0.00,36.22,22.65,2597.80
2018,167,53845.77,0.00,347.98,0.00,35.81,24.58,3068.78
2018,168,53863.52,0.00,300.90,0.00,33.11,24.05,2991.06
2018,169,53877.54,29.84,262.62,0.00,33.29,22.43,2713.07
2018,170,53887.83,26.61,212.14,0.00,28.38,20.30,2380.33
2018,171,53894.39,26.93,180.04,0.00,24.05,17.68,2021.87
2018,172,53897.21,5.11,187.62,0.00,21.46,15.14,1719.42
2018,173,53896.28,0.00,292.92,0.00,22.68,15.27,1733.81
2018,174,53891.61,3.71,331.36,0.00,27.99,15.02,1706.17
2018,175,53883.20,0.00,441.63,0.00,30.42,17.07,1945.44
2018,176,53871.05,36.46,205.15,0.00,24.88,18.06,2070.64
2018,177,53855.19,0.00,393.20,0.00,27.79,17.27,1970.46
2018,178,53835.61,0.00,461.62,0.00,30.70,16.90,1924.57
2018,179,53812.33,0.00,419.81,0.00,31.79,19.57,2276.01
2018,180,53785.38,0.00,379.22,0.00,35.17,23.77,2942.52
2018,181,53754.77,41.29,233.59,0.00,30.04,21.94,2632.78
2018,182,53720.52,0.00,365.00,0.00,27.20,18.05,2068.89
2018,183,53682.67,0.00,464.39,0.00,30.18,16.66,1894.85
2018,184,53641.23,0.00,454.15,0.00,33.07,19.30,2238.30
2018,185,53596.25,19.61,314.66,0.00,33.38,21.10,2501.52
2018,186,53547.75,0.00,339.37,0.00,28.21,19.76,2302.60
2018,187,53495.77,0.00,420.57,0.00,29.30,18.14,2081.67
2018,188,53440.35,0.00,441.05,0.00,30.94,18.55,2135.35
2018,189,53381.52,0.00,461.54,0.00,30.87,17.58,2009.00
2018,190,53319.34,0.00,475.01,0.00,33.26,18.54,2134.13
2018,191,53253.84,0.00,466.13,0.00,33.91,19.36,2246.28
2018,192,53185.07,0.00,425.45,0.00,34.35,21.63,2583.80
2018,193,53113.07,0.00,398.63,0.00,34.97,23.17,2836.81
2018,194,53037.90,5.95,223.83,0.00,29.17,21.71,2597.16
2018,195,52959.61,0.00,436.48,0.00,30.56,18.43,2119.15
2018,196,52878.25,0.00,470.92,0.00,32.17,17.95,2056.35
2018,197,52793.86,0.00,395.40,0.00,30.44,19.89,2321.82
2018,198,52706.52,16.83,188.01,0.00,25.66,19.84,2314.08
2018,199,52616.26,9.71,310.70,0.00,28.68,17.83,2040.64
2018,200,52523.15,0.00,415.31,0.00,30.53,19.20,2223.27
2018,201,52427.24,0.00,419.48,0.00,28.79,17.49,1997.45
2018,202,52328.60,0.00,424.35,0.00,29.25,17.52,2001.24
2018,203,52227.28,0.00,424.62,0.00,29.07,17.23,1965.59
2018,204,52123.34,0.00,417.67,0.00,29.49,17.86,2045.20
2018,205,52016.83,0.00,471.88,0.00,29.31,15.22,1728.47
2018,206,51907.83,0.00,442.48,0.00,28.55,15.85,1800.45
2018,207,51796.38,0.00,422.86,0.00,28.12,16.28,1849.95
2018,208,51682.55,22.85,341.41,0.00,26.22,13.33,1529.15
2018,209,51566.39,5.02,266.79,0.00,24.34,15.39,1747.16
2018,210,51447.98,0.00,372.03,0.00,26.09,16.46,1870.91
2018,211,51327.36,0.00,412.25,0.00,26.44,15.27,1734.32
2018,212,51204.60,0.00,466.71,0.00,27.97,13.97,1594.50
2018,213,51079.75,0.00,487.24,0.00,30.52,14.55,1655.95
2018,214,50952.88,0.00,477.46,0.00,31.43,15.72,1784.58
2018,215,50824.04,9.37,342.50,0.00,33.33,18.14,2081.54
2018,216,50693.30,3.12,263.20,0.00,29.58,19.67,2289.86
2018,217,50560.70,0.00,381.58,0.00,31.86,20.42,2398.33
2018,218,50426.31,7.02,262.47,0.00,29.47,19.61,2281.73
2018,219,50290.17,0.00,361.03,0.00,29.29,19.13,2214.48
2018,220,50152.36,0.00,439.47,0.00,31.71,17.81,2039.00
2018,221,50012.92,0.00,451.45,0.00,33.40,18.31,2103.15
2018,222,49871.90,0.00,415.67,0.00,30.58,17.98,2059.98
2018,223,49729.36,0.00,434.26,0.00,30.77,17.15,1955.56
2018,224,49585.35,0.00,451.47,0.00,32.09,16.94,1929.92
2018,225,49439.93,0.00,428.09,0.00,32.09,18.10,2075.63
2018,226,49293.13,3.68,161.31,0.00,24.83,19.25,2230.75
2018,227,49145.03,4.93,219.05,0.00,27.13,19.23,2228.64
2018,228,48995.65,3.36,267.90,0.00,27.97,17.77,2033.79
2018,229,48845.05,0.00,404.93,0.00,29.33,16.98,1933.65
2018,230,48693.28,0.00,417.07,0.00,30.37,17.13,1953.21
2018,231,48540.39,36.34,122.33,0.00,22.36,18.25,2095.96
2018,232,48386.41,19.69,135.92,0.00,22.51,17.99,2061.31
2018,233,48231.40,0.00,308.19,0.00,23.13,15.20,1726.01
2018,234,48075.39,0.00,415.79,0.00,24.42,12.57,1455.48
2018,235,47918.43,1.44,325.86,0.00,22.69,14.32,1631.66
2018,236,47760.56,3.40,304.35,0.00,30.43,17.96,2057.39
2018,237,47601.82,0.00,456.29,0.00,32.40,16.28,1850.40
2018,238,47442.25,3.38,278.81,0.00,30.25,19.10,2209.66
2018,239,47281.90,0.00,340.61,0.00,33.10,22.51,2726.05
2018,240,47120.79,0.81,238.10,0.00,24.80,18.58,2139.59
2018,241,46958.96,0.00,449.31,0.00,24.44,10.41,1261.14
2018,242,46796.46,0.00,452.85,0.00,28.02,12.81,1478.44
2018,243,46633.32,3.60,283.98,0.00,28.20,16.88,1922.24
2018,244,46469.57,21.42,275.57,0.00,30.99,19.65,2287.09
2018,245,46305.25,9.56,216.74,0.00,27.09,19.25,2230.20
2018,246,46140.39,43.37,202.65,0.00,26.85,19.60,2279.63
2018,247,45975.02,44.10,134.59,0.00,24.81,20.27,2376.54
2018,248,45809.18,0.00,233.50,0.00,24.60,18.69,2154.42
2018,249,45642.90,0.00,373.05,0.00,25.03,14.64,1665.00
2018,250,45476.21,0.00,190.68,0.00,19.80,15.34,1742.53
2018,251,45309.14,0.00,360.80,0.00,23.97,14.42,1641.54
2018,252,45141.72,0.00,444.07,0.00,24.20,10.37,1258.32
2018,253,44973.98,0.00,441.85,0.00,26.52,12.08,1408.79
2018,254,44805.95,0.00,424.58,0.00,27.83,14.14,1612.20
2018,255,44637.65,0.00,402.49,0.00,27.84,15.40,1748.81
2018,256,44469.13,0.00,365.65,0.00,28.06,17.16,1956.10
2018,257,44300.40,0.00,386.34,0.00,32.58,19.25,2230.55
2018,258,44131.49,0.00,375.62,0.00,32.63,19.70,2294.61
2018,259,43962.43,0.00,380.91,0.00,31.65,18.55,2135.14
2018,260,43793.25,0.00,392.82,0.00,33.62,18.89,2181.35
2018,261,43623.98,12.93,255.61,0.00,30.19,19.05,2202.91
2018,262,43454.64,0.00,383.59,0.00,32.74,18.16,2083.53
2018,263,43285.25,25.45,290.50,0.00,33.79,18.17,2084.92
2018,264,43115.86,0.00,252.84,0.00,18.17,11.16,1325.95
2018,265,42946.48,0.00,428.81,0.00,22.11,5.79,921.24
2018,266,42777.13,0.00,434.75,0.00,26.71,7.89,1064.31
2018,267,42607.86,0.00,378.91,0.00,24.82,11.23,1332.43
2018,268,42438.68,12.93,193.19,0.00,19.09,11.48,1354.56
2018,269,42269.62,0.00,401.73,0.00,21.05,6.12,942.52
2018,270,42100.71,0.00,402.19,0.00,24.26,8.06,1076.36
2018,271,41931.98,1.39,132.94,0.00,11.79,8.13,1082.10
2018,272,41763.45,1.86,110.82,0.00,9.53,6.68,979.34
2018,273,41595.16,4.16,66.91,0.00,10.20,8.05,1075.87
2018,274,41427.12,4.41,116.07,0.00,12.98,8.85,1136.19
2018,275,41259.38,1.75,359.68,0.00,22.51,9.80,1211.06
2018,276,41091.96,0.00,413.30,0.00,33.22,9.39,1177.91
2018,277,40924.88,0.00,283.95,0.00,12.09,3.25,770.86
2018,278,40758.19,2.27,182.97,0.00,12.68,5.17,882.53
2018,279,40591.91,0.00,153.78,0.00,10.87,6.40,960.64
2018,280,40426.06,7.62,132.67,0.00,11.44,6.17,946.03
2018,281,40260.69,11.15,153.40,0.00,14.65,8.36,1098.51
2018,282,40095.83,18.06,60.46,0.00,11.37,9.28,1169.17
2018,283,39931.50,0.00,126.13,0.00,8.13,4.69,853.01
2018,284,39767.75,2.28,202.50,0.00,10.58,2.49,730.33
2018,285,39604.60,4.15,156.28,0.00,8.27,2.43,727.35
2018,286,39442.10,0.49,378.48,0.00,18.18,1.90,700.60
2018,287,39280.27,7.59,132.40,0.00,5.94,1.06,659.50
2018,288,39119.16,0.00,331.72,0.00,8.93,-2.22,518.76
2018,289,38958.80,0.00,388.86,0.00,20.54,-1.11,563.06
2018,290,38799.22,0.00,370.00,0.00,18.63,1.33,672.23
2018,291,38640.48,0.89,364.08,0.00,21.38,3.47,782.95
2018,292,38482.61,0.00,356.38,0.00,22.89,5.09,877.69
2018,293,38325.64,0.00,308.46,0.00,14.25,2.66,739.38
2018,294,38169.63,0.00,369.24,0.00,22.12,-0.59,584.79
2018,295,38014.60,0.00,353.27,0.00,20.63,1.78,694.29
2018,296,37860.62,0.00,323.54,0.00,15.94,1.78,694.23
2018,297,37707.72,1.06,313.88,0.00,15.21,1.76,693.44
2018,298,37555.94,4.99,127.06,0.00,10.06,4.30,830.36
2018,299,37405.33,0.00,267.14,0.00,16.61,6.10,941.34
2018,300,37255.95,0.00,335.24,0.00,22.72,3.59,789.74
2018,301,37107.83,0.00,306.72,0.00,18.43,3.76,799.46
2018,302,36961.03,0.00,324.24,0.00,20.36,1.90,700.41
2018,303,36815.60,0.00,248.41,0.00,15.09,4.22,825.48
2018,304,36671.58,0.00,265.89,0.00,15.54,3.04,759.66
2018,305,36529.03,0.00,306.68,0.00,16.47,-0.67,581.52
2018,306,36388.00,4.43,149.39,0.00,10.01,1.82,696.18
2018,307,36248.55,3.72,64.23,0.00,7.58,4.40,835.85
2018,308,36110.73,0.00,99.16,0.00,7.13,3.37,777.78
2018,309,35974.58,4.35,130.95,0.00,9.55,2.41,726.15
2018,310,35840.18,0.00,210.44,0.00,8.20,-0.85,573.95
2018,311,35707.57,0.00,173.45,0.00,2.53,-4.59,434.65
2018,312,35576.81,0.00,142.99,0.00,0.21,-5.61,402.10
2018,313,35447.96,1.31,142.99,1.31,-2.44,-7.68,343.05
2018,314,35321.07,0.00,283.99,1.31,-0.71,-13.35,218.46
2018,315,35196.21,0.00,290.72,1.31,4.74,-9.19,304.71
2018,316,35073.44,0.00,126.33,1.31,-3.44,-8.16,330.40
2018,317,34952.81,0.00,308.95,1.31,3.99,-12.55,233.07
2018,318,34834.38,0.00,314.38,1.31,9.14,-9.53,296.67
2018,319,34718.21,0.00,312.15,0.84,14.77,-4.88,424.98
2018,320,34604.36,0.00,266.16,0.00,13.03,-3.94,456.52
2018,321,34492.90,0.65,127.90,0.00,1.28,-4.51,437.31
2018,322,34383.88,0.00,242.69,0.00,-0.48,-13.53,215.24
2018,323,34277.35,0.00,254.25,0.00,4.81,-10.17,282.11
2018,324,34173.39,0.00,275.07,0.00,10.83,-9.14,305.93
2018,325,34072.05,0.00,273.41,0.00,14.33,-6.66,371.07
2018,326,33973.39,0.00,259.12,0.00,16.25,-2.16,521.27
2018,327,33877.47,1.43,226.98,0.00,14.09,0.43,630.07
2018,328,33784.34,4.40,152.67,0.00,10.84,-0.70,580.42
2018,329,33694.07,0.00,115.53,0.00,0.75,-4.85,425.93
2018,330,33606.70,0.00,126.35,0.00,-2.72,-8.69,316.90
2018,331,33522.30,0.00,192.50,0.00,-3.66,-13.47,216.25
2018,332,33440.91,0.00,199.09,0.00,-0.03,-10.31,278.89
2018,333,33362.60,0.93,185.58,0.93,1.68,-6.52,375.11
2018,334,33287.41,16.17,133.20,0.16,3.63,-4.17,448.69
2018,335,33215.40,18.26,73.52,0.00,2.73,-1.66,540.95
2018,336,33146.60,2.35,38.36,0.00,-0.56,-2.54,506.76
2018,337,33081.08,0.00,46.01,0.00,-3.59,-5.27,412.86
2018,338,33018.88,0.00,104.99,0.00,-1.75,-6.40,378.52
2018,339,32960.03,0.00,196.39,0.00,1.83,-8.33,326.13
2018,340,32904.58,0.00,124.28,0.00,-2.74,-8.38,324.64
2018,341,32852.58,0.00,174.95,0.00,-0.53,-9.14,305.95
2018,342,32804.06,0.00,197.82,0.00,-1.50,-11.96,244.55
2018,343,32759.05,0.00,198.85,0.00,-0.64,-11.43,255.03
2018,344,32717.59,0.00,229.72,0.00,1.55,-13.13,222.44
2018,345,32679.72,0.00,215.62,0.00,3.07,-9.77,291.06
2018,346,32645.45,0.00,190.53,0.00,5.78,-4.92,423.70
2018,347,32614.81,0.00,146.90,0.00,2.94,-4.39,441.25
2018,348,32587.83,0.00,223.48,0.00,7.25,-6.98,361.96
2018,349,32564.53,0.00,230.98,0.00,9.33,-6.41,378.39
2018,350,32544.93,0.00,223.65,0.00,9.42,-4.97,422.35
2018,351,32529.04,0.00,225.57,0.00,10.34,-4.92,423.66
2018,352,32516.87,0.00,205.93,0.00,9.98,-2.44,510.47
2018,353,32508.43,0.00,170.18,0.00,9.39,0.35,626.44
2018,354,32503.74,0.00,122.57,0.00,5.76,0.01,611.07
2018,355,32502.79,0.00,183.76,0.00,4.53,-4.62,433.55
2018,356,32505.58,0.00,203.92,0.00,6.40,-4.33,443.14
2018,357,32512.11,0.00,209.45,0.00,6.97,-4.28,444.82
2018,358,32522.38,0.00,201.07,0.00,5.60,-4.67,431.78
2018,359,32536.38,0.00,185.94,0.00,5.28,-3.82,460.61
2018,360,32554.10,37.51,143.15,0.00,7.35,-2.31,515.51
2018,361,32575.52,10.16,134.15,0.00,6.70,-1.97,528.58
2018,362,32600.63,2.26,67.09,2.26,-7.73,-10.93,265.58
2018,363,32629.41,0.00,244.16,2.26,-4.27,-15.77,178.84
2018,364,32661.83,0.00,271.27,2.26,4.91,-11.83,247.12
2018,365,32697.87,0.00,187.76,2.26,-0.41,-8.25,328.04
2019,1,32737.70,0.00,197.34,22.77,-8.87,-16.45,168.94
2019,2,32780.92,0.00,278.74,22.77,1.95,-13.92,208.51
2019,3,32827.67,0.00,284.48,22.77,11.30,-8.20,329.22
2019,4,32877.92,0.00,276.55,22.26,11.61,-4.77,428.55
2019,5,32931.64,0.00,275.49,21.06,12.96,-3.16,483.68
2019,6,32988.77,0.00,244.21,18.78,10.63,-0.56,586.14
2019,7,33049.29,0.00,228.04,15.21,12.47,2.49,730.80
2019,8,33113.14,0.00,184.54,12.41,7.78,0.67,641.28
2019,9,33180.29,0.00,159.22,12.32,-0.06,-5.78,396.93
2019,10,33250.69,0.00,251.45,12.32,3.77,-7.14,357.59
2019,11,33324.28,4.24,158.29,12.15,2.48,-5.60,402.49
2019,12,33401.03,2.53,53.87,10.85,-0.60,-2.90,493.18
2019,13,33480.87,0.00,130.62,10.06,0.35,-4.12,450.07
2019,14,33563.76,0.00,136.27,9.36,0.34,-4.32,443.58
2019,15,33649.64,0.00,96.71,7.93,0.59,-2.60,504.55
2019,16,33738.45,0.54,71.08,7.30,-2.33,-4.52,436.94
2019,17,33830.15,0.00,156.13,7.25,-0.60,-5.87,394.24
2019,18,33924.67,0.00,130.49,7.25,-2.67,-6.93,363.45
2019,19,34021.95,0.00,164.89,7.25,-9.27,-14.65,196.23
2019,20,34121.95,0.00,137.56,7.25,-10.15,-14.52,198.50
2019,21,34224.60,0.00,238.36,7.25,-3.86,-12.34,236.99
2019,22,34329.83,2.67,155.34,9.92,-3.74,-10.65,271.47
2019,23,34437.60,0.00,258.62,9.92,-1.69,-11.08,262.29
2019,24,34547.84,0.00,283.32,9.92,-3.76,-14.60,197.13
2019,25,34660.49,1.22,338.07,11.14,0.68,-20.14,123.36
2019,26,34775.50,0.00,329.10,11.14,4.14,-12.22,239.33
2019,27,34892.79,0.00,323.38,11.14,5.62,-9.22,304.04
2019,28,35012.32,0.00,269.96,11.14,-1.88,-11.21,259.60
2019,29,35134.03,0.00,223.13,11.14,-10.06,-16.96,161.90
2019,30,35257.84,0.00,263.14,11.14,-16.76,-25.23,78.52
2019,31,35383.71,0.00,344.63,11.14,-6.75,-22.44,100.81
2019,32,35511.58,0.00,357.23,11.14,5.53,-14.67,196.00
2019,33,35641.38,0.00,335.20,11.14,8.08,-6.25,383.09
2019,34,35773.06,0.00,303.94,8.37,11.85,0.58,637.06
2019,35,35906.57,0.00,229.91,8.37,-5.56,-12.14,240.95
2019,36,36041.84,0.00,162.23,8.37,-10.26,-14.50,198.83
2019,37,36178.83,0.91,161.82,9.28,-9.80,-13.90,208.75
2019,38,36317.47,0.00,172.11,9.28,-12.30,-16.58,167.12
2019,39,36457.71,0.00,338.87,9.28,-9.04,-19.94,125.48
2019,40,36599.50,2.39,286.88,11.67,-1.33,-17.78,151.04
2019,41,36742.78,0.00,291.33,11.67,-0.91,-9.23,303.78
2019,42,36887.51,3.78,65.68,11.31,-3.14,-5.14,416.88
2019,43,37033.62,0.00,256.68,11.31,-2.20,-9.02,308.87
2019,44,37181.08,0.00,389.42,11.31,2.02,-13.56,214.76
2019,45,37329.83,0.00,375.75,11.31,0.21,-13.35,218.43
2019,46,37479.83,0.00,169.30,11.31,-10.72,-15.03,190.25
2019,47,37631.02,6.94,256.11,18.25,-6.71,-17.15,159.30
2019,48,37783.36,0.00,295.08,18.25,-5.02,-13.36,218.19
2019,49,37936.81,0.00,274.68,18.25,-7.32,-14.82,193.63
2019,50,38091.31,7.56,286.98,25.81,-5.51,-18.24,145.25
2019,51,38246.83,0.00,371.48,25.81,-2.13,-14.08,205.78
2019,52,38403.32,0.00,420.52,25.81,-1.27,-17.71,151.93
2019,53,38560.74,1.49,396.56,27.29,0.40,-13.34,218.58
2019,54,38719.05,17.75,197.99,45.04,-0.23,-7.32,352.57
2019,55,38878.21,0.00,275.13,45.04,-7.74,-14.72,195.19
2019,56,39038.18,0.00,358.73,45.04,-11.71,-21.32,111.31
2019,57,39198.92,0.00,353.21,45.04,-9.62,-18.75,139.10
2019,58,39360.39,0.00,266.50,45.04,-10.87,-17.06,160.62
2019,59,39522.56,0.00,381.64,45.04,-6.03,-16.11,173.86
2019,60,39685.39,0.00,433.89,45.04,-0.53,-13.69,212.34
2019,61,39848.84,1.05,190.89,46.09,-9.25,-13.35,218.48
2019,62,40012.88,0.00,259.59,46.09,-14.96,-20.38,120.83
2019,63,40177.47,0.00,454.68,46.09,-9.75,-22.20,103.04
2019,64,40342.59,0.00,456.98,46.09,-6.33,-18.82,138.30
2019,65,40508.20,8.09,374.89,54.18,0.41,-17.07,160.36
2019,66,40674.27,0.00,414.04,54.18,-1.98,-12.24,239.03
2019,67,40840.76,5.83,340.62,60.01,2.07,-10.39,277.21
2019,68,41007.64,4.10,266.06,59.93,2.46,-5.82,395.68
2019,69,41174.89,0.00,380.04,59.93,2.23,-6.72,369.27
2019,70,41342.48,0.00,459.18,59.93,4.73,-7.44,349.48
2019,71,41510.37,11.90,308.88,58.89,6.45,-3.52,470.87
2019,72,41678.54,14.46,330.08,55.20,14.80,2.80,746.61
2019,73,41846.95,3.00,182.71,52.09,6.66,1.41,676.01
2019,74,42015.58,0.00,392.54,50.38,7.19,-1.93,530.11
2019,75,42184.41,0.00,507.49,49.36,11.90,-3.57,469.30
2019,76,42353.39,0.00,476.71,48.73,8.37,-4.51,437.24
2019,77,42522.51,0.00,472.08,47.98,8.29,-4.22,446.88
2019,78,42691.75,4.05,263.81,46.14,6.23,-1.61,542.98
2019,79,42861.06,0.00,482.21,43.35,14.15,0.65,639.42
2019,80,43030.42,0.00,517.20,41.55,14.30,-1.72,527.04
2019,81,43199.81,0.00,532.15,39.68,16.28,-1.55,519.75
2019,82,43369.21,8.59,304.57,36.35,11.65,1.94,702.55
2019,83,43538.57,4.20,142.62,31.69,8.98,5.09,877.58
2019,84,43707.88,0.00,300.04,27.75,9.72,3.36,777.27
2019,85,43877.12,0.00,508.70,23.93,18.04,3.10,741.49
2019,86,44046.24,0.00,523.90,18.92,23.42,5.94,861.99
2019,87,44215.22,0.00,245.69,13.96,11.07,5.81,922.18
2019,88,44384.05,7.57,129.45,10.52,5.66,2.20,715.40
2019,89,44552.68,0.00,333.46,8.45,5.97,-1.08,564.29
2019,90,44721.10,0.00,550.94,8.45,10.60,-6.09,348.76
2019,91,44889.26,1.96,563.77,7.16,16.54,-2.92,408.27
2019,92,45057.15,0.00,507.05,4.70,14.06,-0.15,538.65
2019,93,45224.74,3.11,285.01,1.72,9.89,1.10,661.21
2019,94,45391.99,0.00,337.50,0.00,13.77,5.07,876.54
2019,95,45558.88,0.00,480.47,0.00,22.01,5.65,779.57
2019,96,45725.37,1.64,482.24,0.00,25.71,8.44,913.57
2019,97,45891.44,0.00,413.53,0.00,22.43,10.25,1131.60
2019,98,46057.04,0.00,490.06,0.00,26.14,8.13,887.30
2019,99,46222.16,0.00,469.22,0.00,22.32,6.75,846.57
2019,100,46386.76,5.67,285.75,0.00,16.72,6.19,946.90
2019,101,46550.80,0.00,224.41,0.00,7.54,2.22,716.76
2019,102,46714.26,0.00,324.55,0.00,6.07,-1.78,535.89
2019,103,46877.09,0.00,462.32,0.00,11.04,-2.40,487.37
2019,104,47039.26,0.00,509.31,0.00,13.51,-3.50,422.80
2019,105,47200.73,0.00,545.07,0.00,26.23,1.17,509.36
2019,106,47361.47,0.00,513.44,0.00,25.94,6.41,756.87
2019,107,47521.44,0.39,396.64,0.00,19.93,8.48,1019.42
2019,108,47680.60,0.00,394.60,0.00,17.22,6.02,881.54
2019,109,47838.91,0.00,496.13,0.00,18.93,2.40,614.66
2019,110,47996.34,0.00,548.20,0.00,29.71,4.36,609.97
2019,111,48152.83,1.89,514.97,0.00,29.95,9.73,908.00
2019,112,48308.35,1.41,193.18,0.00,16.31,11.26,1334.91
2019,113,48462.86,0.00,475.91,0.00,20.54,4.97,736.05
2019,114,48616.30,0.00,523.89,0.00,24.69,4.51,654.76
2019,115,48768.65,1.54,458.69,0.00,22.03,7.02,848.74
2019,116,48919.84,15.36,326.30,0.00,18.29,4.81,858.37
2019,117,49069.84,0.00,317.76,0.00,13.26,4.48,840.68
2019,118,49218.59,1.29,368.16,0.00,12.91,2.36,723.73
2019,119,49366.06,0.00,376.71,0.00,16.22,5.10,875.35
2019,120,49512.18,2.78,134.33,0.00,11.37,6.73,983.20
2019,121,49656.91,0.00,183.90,0.00,10.62,6.03,936.61
2019,122,49800.19,0.00,447.63,0.00,16.84,3.66,746.26
2019,123,49941.98,0.00,463.87,0.00,19.27,5.02,793.16
2019,124,50082.23,2.05,369.37,0.00,23.62,6.83,954.70
2019,125,50220.87,0.00,488.14,0.00,25.23,8.80,965.08
2019,126,50357.86,7.50,225.47,0.00,16.69,8.67,1121.84
2019,127,50493.13,15.62,194.83,0.00,13.89,7.26,1019.08
2019,128,50626.65,12.04,199.32,0.00,12.29,5.74,917.96
2019,129,50758.33,0.00,370.96,0.00,12.89,3.46,782.54
2019,130,50888.14,0.00,482.76,0.00,17.09,2.93,739.82
2019,131,51016.01,10.02,317.89,0.00,17.67,5.88,927.08
2019,132,51141.89,0.00,367.54,0.00,17.10,7.32,1023.80
2019,133,51265.71,2.19,380.87,0.00,22.33,5.71,916.40
2019,134,51387.41,0.00,529.35,0.00,28.43,9.15,1031.23
2019,135,51506.95,0.00,491.14,0.00,29.15,12.79,1344.34
2019,136,51624.25,0.00,502.03,0.00,33.81,15.61,1562.46
2019,137,51739.26,2.56,302.03,0.00,30.79,18.26,2097.52
2019,138,51851.92,18.93,212.30,0.00,23.36,15.86,1800.70
2019,139,51962.16,0.00,185.29,0.00,14.68,10.36,1257.66
2019,140,52069.93,3.54,212.43,0.00,11.29,4.95,869.01
2019,141,52175.18,12.56,194.89,0.00,12.03,6.45,964.11
2019,142,52277.83,0.00,448.46,0.00,19.59,8.08,1077.98
2019,143,52377.83,22.61,353.10,0.00,19.32,7.03,1003.79
2019,144,52475.12,0.00,508.80,0.00,25.15,10.23,1224.57
2019,145,52569.65,0.00,433.95,0.00,25.61,14.27,1625.53
2019,146,52661.35,35.28,363.34,0.00,27.40,13.47,1543.41
2019,147,52750.17,35.89,324.13,0.00,26.13,14.71,1673.31
2019,148,52836.06,7.46,162.42,0.00,16.68,12.06,1407.59
2019,149,52918.95,1.82,331.76,0.00,20.44,12.97,1493.87
2019,150,52998.80,0.00,463.20,0.00,25.48,12.99,1495.54
2019,151,53075.55,0.00,505.18,0.00,28.67,12.96,1492.91
2019,152,53149.15,0.00,452.18,0.00,26.72,14.22,1621.09
2019,153,53219.56,0.00,498.25,0.00,25.42,10.93,1306.10
2019,154,53286.71,49.17,310.33,0.00,23.69,13.27,1523.38
2019,155,53350.58,6.38,349.84,0.00,29.91,16.39,1862.55
2019,156,53411.10,0.00,435.73,0.00,32.01,19.29,2235.89
2019,157,53468.24,0.00,393.40,0.00,30.53,19.68,2290.90
2019,158,53521.96,0.00,437.82,0.00,30.85,18.04,2068.47
2019,159,53572.22,0.00,418.01,0.00,30.45,18.49,2127.03
2019,160,53618.98,0.00,300.02,0.00,21.58,14.51,1651.76
2019,161,53662.21,0.00,517.44,0.00,25.96,10.10,1235.32
2019,162,53701.88,11.01,316.41,0.00,24.24,13.18,1514.76
2019,163,53737.95,0.00,421.62,0.00,22.53,11.84,1387.15
2019,164,53770.39,0.00,535.14,0.00,26.72,9.60,1195.21
2019,165,53799.20,2.38,375.05,0.00,28.44,13.33,1529.91
2019,166,53824.33,0.00,452.15,0.00,29.19,16.52,1877.98
2019,167,53845.77,0.00,471.69,0.00,29.67,15.94,1810.49
2019,168,53863.52,3.99,315.00,0.00,28.06,16.77,1908.13
2019,169,53877.54,11.59,167.11,0.00,22.41,17.25,1967.37
2019,170,53887.83,0.00,378.33,0.00,24.98,15.43,1752.51
2019,171,53894.39,8.00,358.20,0.00,29.09,14.72,1674.28
2019,172,53897.21,5.29,284.05,0.00,27.05,17.08,1946.11
2019,173,53896.28,3.87,248.15,0.00,26.70,18.30,2102.17
2019,174,53891.61,5.63,224.30,0.00,24.46,17.29,1972.47
2019,175,53883.20,0.00,457.77,0.00,27.05,14.38,1637.93
2019,176,53871.05,4.40,342.30,0.00,29.14,16.14,1834.01
2019,177,53855.19,7.45,339.42,0.00,30.39,17.25,1967.29
2019,178,53835.61,0.00,433.25,0.00,32.48,19.49,2264.77
2019,179,53812.33,0.00,375.23,0.00,34.16,23.00,2809.03
2019,180,53785.38,0.00,409.50,0.00,36.38,23.27,2854.96
2019,181,53754.77,0.00,357.00,0.00,34.67,24.14,3008.25
2019,182,53720.52,0.00,344.71,0.00,32.44,22.82,2777.37
2019,183,53682.67,0.00,398.95,0.00,33.31,21.68,2591.06
2019,184,53641.23,4.60,296.71,0.00,32.34,21.02,2488.23
2019,185,53596.25,0.00,367.11,0.00,30.73,20.78,2452.72
2019,186,53547.75,1.20,325.36,0.00,29.15,20.80,2455.99
2019,187,53495.77,0.00,361.18,0.00,28.91,19.56,2273.63
2019,188,53440.35,0.00,426.50,0.00,29.27,17.62,2014.21
2019,189,53381.52,2.39,317.09,0.00,31.36,19.42,2254.88
2019,190,53319.34,1.08,427.18,0.00,31.83,19.46,2260.79
2019,191,53253.84,0.00,370.82,0.00,28.89,19.26,2232.14
2019,192,53185.07,0.00,460.52,0.00,29.69,16.41,1865.74
2019,193,53113.07,0.00,489.92,0.00,32.79,16.86,1919.89
2019,194,53037.90,0.00,439.84,0.00,32.11,19.16,2217.77
2019,195,52959.61,0.00,437.80,0.00,33.45,20.28,2377.69
2019,196,52878.25,7.95,289.21,0.00,32.79,21.94,2632.53
2019,197,52793.86,0.65,391.76,0.00,32.44,21.49,2562.33
2019,198,52706.52,0.00,419.91,0.00,35.72,22.74,2765.00
2019,199,52616.26,0.00,356.82,0.00,35.36,24.84,3136.23
2019,200,52523.15,0.00,366.48,0.00,36.39,25.22,3207.51
2019,201,52427.24,18.91,256.47,0.00,33.82,24.18,3014.56
2019,202,52328.60,23.39,150.55,0.00,24.21,19.56,2274.23
2019,203,52227.28,0.00,390.15,0.00,26.03,16.13,1832.75
2019,204,52123.34,0.00,471.20,0.00,26.37,13.03,1500.13
2019,205,52016.83,0.00,472.83,0.00,27.39,13.71,1568.23
2019,206,51907.83,1.12,392.52,0.00,26.74,16.52,1878.83
2019,207,51796.38,0.00,413.17,0.00,30.93,19.25,2230.48
2019,208,51682.55,0.00,418.87,0.00,32.07,19.90,2322.96
2019,209,51566.39,4.19,197.57,0.00,26.61,20.21,2367.96
2019,210,51447.98,0.00,456.11,0.00,29.69,16.46,1871.27
2019,211,51327.36,0.90,399.62,0.00,25.93,15.66,1778.46
2019,212,51204.60,0.00,346.58,0.00,25.97,17.38,1983.90
2019,213,51079.75,0.00,397.02,0.00,28.91,18.28,2099.71
2019,214,50952.88,0.00,296.34,0.00,26.31,19.14,2216.21
2019,215,50824.04,0.00,350.11,0.00,28.52,19.58,2277.19
2019,216,50693.30,0.00,415.40,0.00,30.85,19.11,2211.47
2019,217,50560.70,0.00,396.45,0.00,31.03,19.93,2326.50
2019,218,50426.31,3.29,315.50,0.00,30.59,18.56,2136.34
2019,219,50290.17,0.00,413.95,0.00,30.92,19.06,2204.98
2019,220,50152.36,0.00,386.06,0.00,30.05,19.47,2261.61
2019,221,50012.92,0.00,388.03,0.00,29.66,19.03,2199.88
2019,222,49871.90,0.00,379.04,0.00,31.33,20.74,2446.36
2019,223,49729.36,35.44,225.72,0.00,29.27,21.64,2585.05
2019,224,49585.35,0.00,361.58,0.00,30.08,20.53,2415.21
2019,225,49439.93,0.00,385.33,0.00,30.59,20.15,2359.32
2019,226,49293.13,0.00,394.11,0.00,25.11,15.22,1729.08
2019,227,49145.03,7.27,257.03,0.00,22.94,14.93,1697.12
2019,228,48995.65,0.00,441.58,0.00,28.12,15.81,1795.92
2019,229,48845.05,0.00,419.93,0.00,29.73,17.99,2061.34
2019,230,48693.28,0.00,260.03,0.00,24.68,18.69,2154.71
2019,231,48540.39,0.00,452.87,0.00,31.05,17.18,1958.83
2019,232,48386.41,5.76,315.55,0.00,33.71,20.51,2411.32
2019,233,48231.40,4.62,168.43,0.00,24.58,19.29,2236.25
2019,234,48075.39,0.00,414.09,0.00,26.76,15.54,1764.50
2019,235,47918.43,0.00,402.69,0.00,27.15,16.34,1857.69
2019,236,47760.56,0.00,266.08,0.00,23.88,17.69,2023.01
2019,237,47601.82,0.00,192.87,0.00,22.08,17.83,2041.41
2019,238,47442.25,22.41,276.81,0.00,26.78,17.47,1994.96
2019,239,47281.90,0.00,405.58,0.00,23.96,13.57,1553.72
2019,240,47120.79,0.00,487.81,0.00,27.45,11.30,1338.79
2019,241,46958.96,1.17,472.95,0.00,30.47,14.21,1620.05
2019,242,46796.46,1.38,303.87,0.00,23.63,16.26,1847.53
2019,243,46633.32,0.00,313.57,0.00,23.12,15.54,1764.77
2019,244,46469.57,0.00,441.13,0.00,27.32,13.86,1583.55
2019,245,46305.25,0.00,437.75,0.00,30.98,16.43,1868.37
2019,246,46140.39,0.00,399.35,0.00,29.91,17.73,2027.68
2019,247,45975.02,0.00,442.35,0.00,25.57,11.80,1383.76
2019,248,45809.18,0.00,460.34,0.00,32.46,14.77,1664.60
2019,249,45642.90,0.00,362.28,0.00,27.11,16.67,1896.88
2019,250,45476.21,2.64,263.97,0.00,24.85,15.08,1712.99
2019,251,45309.14,0.00,327.94,0.00,24.94,15.99,1815.84
2019,252,45141.72,16.95,241.11,0.00,27.69,18.58,2139.51
2019,253,44973.98,0.00,362.03,0.00,30.84,19.39,2250.14
2019,254,44805.95,5.80,272.92,0.00,31.28,19.49,2264.24
2019,255,44637.65,0.00,276.36,0.00,26.13,18.47,2125.20
2019,256,44469.13,0.00,422.77,0.00,27.19,12.72,1469.32
2019,257,44300.40,0.00,419.19,0.00,29.71,14.40,1639.82
2019,258,44131.49,0.00,408.95,0.00,32.50,16.77,1908.29
2019,259,43962.43,0.00,361.37,0.00,32.42,19.58,2277.53
2019,260,43793.25,0.00,330.05,0.00,32.73,21.13,2505.78
2019,261,43623.98,15.50,224.02,0.00,31.76,21.73,2599.26
2019,262,43454.64,15.54,274.34,0.00,31.24,18.02,2064.99
2019,263,43285.25,2.45,239.01,0.00,30.18,19.29,2236.84
2019,264,43115.86,38.11,201.21,0.00,28.49,19.87,2317.81
2019,265,42946.48,10.01,215.92,0.00,23.58,14.79,1681.98
2019,266,42777.13,0.00,405.62,0.00,27.89,11.72,1376.43
2019,267,42607.86,4.34,287.32,0.00,29.61,14.21,1619.56
2019,268,42438.68,0.00,299.42,0.00,23.23,13.31,1527.87
2019,269,42269.62,0.00,353.64,0.00,23.68,10.96,1308.90
2019,270,42100.71,0.00,316.81,0.00,23.89,13.01,1497.58
2019,271,41931.98,9.83,244.03,0.00,19.86,9.07,1152.80
2019,272,41763.45,12.90,255.52,0.00,24.87,12.39,1438.54
2019,273,41595.16,0.00,319.83,0.00,32.17,19.11,2211.00
2019,274,41427.12,49.51,122.94,0.00,20.93,15.74,1787.19
2019,275,41259.38,4.16,91.92,0.00,13.37,9.89,1218.61
2019,276,41091.96,0.00,294.69,0.00,15.23,5.92,929.32
2019,277,40924.88,24.25,219.32,0.00,14.12,4.98,870.62
2019,278,40758.19,0.00,362.03,0.00,19.54,6.25,950.74
2019,279,40591.91,0.00,361.31,0.00,20.02,6.38,959.53
2019,280,40426.06,0.00,396.63,0.00,22.80,4.33,832.28
2019,281,40260.69,0.00,373.30,0.00,22.67,6.42,962.47
2019,282,40095.83,19.00,203.93,0.00,19.90,10.32,1253.96
2019,283,39931.50,20.23,154.72,0.00,14.36,7.72,1052.25
2019,284,39767.75,0.00,175.72,0.00,5.56,0.28,623.33
2019,285,39604.60,0.00,380.60,0.00,14.99,-2.09,523.97
2019,286,39442.10,0.00,373.79,0.00,15.81,-1.04,565.83
2019,287,39280.27,0.00,392.34,0.00,21.85,-1.00,567.53
2019,288,39119.16,0.00,313.57,0.00,15.04,2.77,745.03
2019,289,38958.80,0.00,257.97,0.00,13.36,4.11,819.42
2019,290,38799.22,0.00,354.26,0.00,20.02,2.88,751.14
2019,291,38640.48,2.80,265.04,0.00,25.20,6.05,937.82
2019,292,38482.61,0.00,293.36,0.00,21.08,8.38,1100.36
2019,293,38325.64,1.12,266.79,0.00,16.97,6.17,945.74
2019,294,38169.63,1.26,181.81,0.00,11.55,4.90,866.21
2019,295,38014.60,0.00,271.70,0.00,14.75,3.55,787.60
2019,296,37860.62,0.00,275.36,0.00,15.11,3.61,790.77
2019,297,37707.72,0.00,257.62,0.00,9.70,-0.43,592.00
2019,298,37555.94,0.00,332.73,0.00,13.98,-2.97,490.80
2019,299,37405.33,0.00,330.23,0.00,16.07,-1.51,546.88
2019,300,37255.95,0.00,177.15,0.00,6.50,-0.22,601.00
2019,301,37107.83,1.29,181.43,0.00,3.38,-3.45,473.36
2019,302,36961.03,0.00,207.48,0.00,3.10,-4.86,425.65
2019,303,36815.60,0.00,145.28,0.00,0.90,-4.36,442.26
2019,304,36671.58,0.00,299.73,0.00,6.60,-7.74,341.27
2019,305,36529.03,1.03,299.84,0.00,9.81,-5.55,403.90
2019,306,36388.00,0.00,274.93,0.00,11.22,-2.24,518.12
2019,307,36248.55,0.00,279.52,0.00,12.36,-2.03,526.15
2019,308,36110.73,0.00,209.95,0.00,9.58,0.24,621.28
2019,309,35974.58,0.00,186.35,0.00,7.38,-0.61,583.98
2019,310,35840.18,0.00,183.22,0.00,5.37,-2.28,516.38
2019,311,35707.57,0.00,261.19,0.00,1.53,-10.73,269.71
2019,312,35576.81,0.00,296.32,0.00,8.64,-8.72,316.34
2019,313,35447.96,0.00,308.20,0.00,21.26,-3.84,459.81
2019,314,35321.07,0.96,212.87,0.00,8.18,-2.28,516.66
2019,315,35196.21,0.00,120.89,0.00,-6.15,-11.29,258.03
2019,316,35073.44,0.00,270.49,0.00,-2.34,-17.18,158.94
2019,317,34952.81,0.00,283.83,0.00,5.51,-11.89,245.84
2019,318,34834.38,0.00,234.27,0.00,6.85,-5.17,415.80
2019,319,34718.21,0.00,282.14,0.00,15.45,-4.58,434.92
2019,320,34604.36,0.00,256.19,0.00,15.12,-0.63,583.47
2019,321,34492.90,0.00,197.90,0.00,11.51,1.43,677.30
2019,322,34383.88,0.00,269.54,0.00,18.20,-1.12,562.55
2019,323,34277.35,0.00,246.62,0.00,16.82,1.11,661.59
2019,324,34173.39,13.60,171.84,0.00,18.15,3.82,802.64
2019,325,34072.05,0.00,90.67,0.00,5.03,0.67,641.23
2019,326,33973.39,0.00,181.97,0.00,2.20,-7.20,355.92
2019,327,33877.47,0.00,244.42,0.00,10.06,-5.81,396.02
2019,328,33784.34,0.00,250.20,0.00,15.78,-2.18,520.30
2019,329,33694.07,0.00,210.98,0.00,11.91,-0.62,583.77
2019,330,33606.70,8.57,55.77,0.00,1.65,-1.91,530.96
2019,331,33522.30,0.00,74.04,0.00,0.64,-2.88,493.95
2019,332,33440.91,0.76,78.72,0.00,-0.46,-4.22,446.82
2019,333,33362.60,1.52,105.28,0.00,3.17,-2.10,523.31
2019,334,33287.41,2.16,134.17,0.00,10.10,0.16,617.83
2019,335,33215.40,0.00,63.98,0.00,-0.36,-3.25,480.61
2019,336,33146.60,0.00,228.17,0.00,5.39,-8.82,313.82
2019,337,33081.08,0.00,246.01,0.00,12.10,-6.56,373.91
2019,338,33018.88,0.00,205.94,0.00,11.72,-0.96,569.57
2019,339,32960.03,0.00,232.63,0.00,14.00,-3.08,486.84
2019,340,32904.58,0.00,136.14,0.00,2.64,-4.65,432.46
2019,341,32852.58,0.00,220.90,0.00,11.18,-4.06,452.28
2019,342,32804.06,0.00,181.50,0.00,9.38,-1.36,552.86
2019,343,32759.05,1.02,152.97,1.02,-1.91,-8.90,311.70
2019,344,32717.59,0.00,170.44,1.02,-3.02,-10.92,265.72
2019,345,32679.72,0.00,207.79,1.02,1.66,-8.94,310.92
2019,346,32645.45,0.00,200.03,1.02,3.22,-6.79,367.24
2019,347,32614.81,0.00,204.20,1.02,3.47,-6.70,370.07
2019,348,32587.83,0.00,136.41,1.02,-2.94,-8.93,310.96
2019,349,32564.53,1.68,81.00,2.70,-6.63,-9.83,289.75
2019,350,32544.93,0.00,129.18,2.70,-4.41,-9.64,294.25
2019,351,32529.04,0.00,262.69,2.70,3.42,-12.76,229.21
2019,352,32516.87,0.00,265.30,2.70,4.91,-12.02,243.22
2019,353,32508.43,0.00,264.09,2.70,9.04,-8.31,326.46
2019,354,32503.74,0.00,248.72,2.70,8.23,-6.01,389.98
2019,355,32502.79,0.00,265.39,2.70,11.86,-7.12,358.04
2019,356,32505.58,0.00,254.65,1.76,12.98,-3.78,462.05
2019,357,32512.11,0.00,237.81,0.29,11.32,-2.49,508.55
2019,358,32522.38,0.00,200.37,0.00,9.80,-2.00,527.33
2019,359,32536.38,0.00,187.27,0.00,9.55,-0.91,571.53
2019,360,32554.10,0.00,114.27,0.00,2.35,-3.17,483.64
2019,361,32575.52,26.93,174.00,26.93,4.78,-7.27,353.98
2019,362,32600.63,23.00,144.05,25.93,5.55,-3.63,467.03
2019,363,32629.41,0.50,70.11,24.24,0.88,-1.97,528.52
2019,364,32661.83,0.00,81.34,23.58,-1.15,-4.44,439.39
2019,365,32697.87,0.00,165.09,22.77,3.32,-4.06,452.18
2020,1,32737.70,0.00,218.99,0.00,7.41,-4.42,440.23
2020,2,32780.92,0.00,184.60,0.00,5.30,-3.35,476.84
2020,3,32827.67,0.00,193.55,0.00,4.69,-4.51,437.07
2020,4,32877.92,0.00,237.84,0.00,6.91,-7.24,354.92
2020,5,32931.64,0.00,235.21,0.00,8.16,-5.46,406.78
2020,6,32988.77,0.00,222.61,0.00,6.72,-4.90,424.32
2020,7,33049.29,0.00,237.29,0.00,8.92,-4.65,432.62
2020,8,33113.14,0.00,232.65,0.00,5.35,-7.01,361.23
2020,9,33180.29,0.00,235.69,0.00,7.35,-5.40,408.67
2020,10,33250.69,0.00,113.38,0.00,-3.22,-7.66,343.43
2020,11,33324.28,0.00,231.83,0.00,-4.32,-15.60,181.44
2020,12,33401.03,0.00,222.30,0.00,-3.80,-14.09,205.53
2020,13,33480.87,0.00,210.35,0.00,0.70,-8.69,316.96
2020,14,33563.76,0.00,174.89,0.00,-0.37,-7.51,347.37
2020,15,33649.64,0.00,214.33,0.00,-2.06,-11.43,255.03
2020,16,33738.45,2.30,197.00,2.30,-7.71,-18.54,141.58
2020,17,33830.15,5.45,225.18,7.75,0.37,-15.10,189.13
2020,18,33924.67,0.00,240.55,7.75,-2.83,-11.91,245.42
2020,19,34021.95,0.00,166.82,7.75,-12.26,-17.77,151.23
2020,20,34121.95,0.00,170.70,7.75,-13.16,-18.76,139.02
2020,21,34224.60,8.02,244.50,15.78,0.52,-19.55,129.84
2020,22,34329.83,5.64,219.55,21.42,1.09,-11.13,261.25
2020,23,34437.60,4.58,42.76,19.25,0.67,-0.83,574.82
2020,24,34547.84,0.00,74.23,18.16,-1.28,-3.41,474.89
2020,25,34660.49,0.00,239.78,18.16,-0.31,-8.53,320.95
2020,26,34775.50,0.00,306.15,18.16,6.39,-6.53,374.91
2020,27,34892.79,0.00,178.35,17.02,2.33,-3.30,478.84
2020,28,35012.32,2.29,57.16,15.98,-1.41,-3.51,471.30
2020,29,35134.03,0.00,168.09,15.13,1.15,-3.99,454.79
2020,30,35257.84,0.00,176.51,13.65,2.95,-2.46,509.76
2020,31,35383.71,0.00,117.07,11.62,2.15,-1.18,560.14
2020,32,35511.58,0.00,318.00,10.63,8.93,-3.65,466.52
2020,33,35641.38,0.00,344.09,8.93,15.33,-1.93,511.51
2020,34,35773.06,0.00,113.51,7.29,1.02,-2.11,523.26
2020,35,35906.57,0.00,144.96,7.29,-2.30,-6.18,385.15
2020,36,36041.84,0.00,268.56,7.29,0.08,-7.82,339.13
2020,37,36178.83,0.56,352.92,7.85,3.79,-9.81,290.17
2020,38,36317.47,0.00,269.01,7.85,-1.69,-9.23,303.90
2020,39,36457.71,0.00,370.31,7.85,3.72,-11.41,255.59
2020,40,36599.50,0.00,320.43,7.85,2.43,-7.62,344.61
2020,41,36742.78,0.00,375.83,7.85,6.48,-8.91,279.56
2020,42,36887.51,0.00,357.54,7.85,5.97,-6.62,339.88
2020,43,37033.62,0.00,377.18,7.85,4.19,-10.25,258.38
2020,44,37181.08,0.00,330.67,7.85,-10.35,-20.29,121.74
2020,45,37329.83,0.00,399.39,7.85,-1.42,-18.39,142.82
2020,46,37479.83,0.00,408.04,7.85,9.42,-10.78,222.13
2020,47,37631.02,0.00,394.09,6.86,12.74,-3.64,366.54
2020,48,37783.36,0.00,341.92,4.97,9.61,-1.50,475.78
2020,49,37936.81,0.00,369.64,4.97,6.34,-6.43,333.41
2020,50,38091.31,0.50,176.59,5.47,-4.55,-9.13,306.26
2020,51,38246.83,0.00,410.28,5.47,-1.67,-17.11,156.25
2020,52,38403.32,0.00,435.85,5.47,10.12,-12.70,181.29
2020,53,38560.74,0.00,425.90,5.10,14.32,-5.11,304.63
2020,54,38719.05,0.00,426.17,4.11,15.96,-3.65,317.47
2020,55,38878.21,0.00,342.87,2.57,8.97,-2.35,419.91
2020,56,39038.18,0.00,256.11,1.07,5.03,-2.42,495.90
2020,57,39198.92,0.00,339.46,1.07,3.79,-6.88,323.90
2020,58,39360.39,0.00,359.50,1.07,5.12,-6.71,312.80
2020,59,39522.56,0.00,393.00,0.14,10.36,-3.78,339.78
2020,60,39685.39,0.00,410.15,0.00,18.37,-4.66,274.34
2020,61,39848.84,0.00,363.69,0.00,13.93,-1.74,391.21
2020,62,40012.88,0.00,277.74,0.00,8.92,-1.11,502.03
2020,63,40177.47,0.00,374.47,0.00,15.23,-0.77,401.37
2020,64,40342.59,0.00,394.58,0.00,17.39,-1.07,365.64
2020,65,40508.20,0.00,303.31,0.00,11.32,-0.15,498.18
2020,66,40674.27,0.00,404.88,0.00,12.81,-6.39,260.65
2020,67,40840.76,0.00,424.12,0.00,21.89,-0.99,320.78
2020,68,41007.64,3.03,266.44,0.00,22.53,6.83,770.31
2020,69,41174.89,7.24,133.50,0.00,6.23,0.06,613.33
2020,70,41342.48,0.00,293.87,0.00,6.49,-4.28,424.52
2020,71,41510.37,0.00,412.67,0.00,16.71,-2.33,363.09
2020,72,41678.54,0.00,363.83,0.00,14.24,-0.35,428.39
2020,73,41846.95,10.92,244.75,0.00,7.96,-4.16,429.18
2020,74,42015.58,2.73,89.44,0.00,1.59,-2.12,522.55
2020,75,42184.41,0.00,83.02,0.00,0.89,-1.29,555.67
2020,76,42353.39,0.00,213.31,0.00,5.91,-0.71,579.81
2020,77,42522.51,5.56,267.40,0.00,9.33,-2.90,483.67
2020,78,42691.75,2.88,236.32,0.00,11.60,1.27,669.32
2020,79,42861.06,7.43,248.77,0.00,12.31,1.37,674.20
2020,80,43030.42,0.00,309.97,0.00,0.98,-8.66,317.71
2020,81,43199.81,0.00,432.06,0.00,7.95,-8.28,293.77
2020,82,43369.21,0.00,310.22,0.00,6.35,-3.02,488.89
2020,83,43538.57,0.00,278.31,0.00,9.45,1.39,675.13
2020,84,43707.88,0.00,329.19,0.00,14.24,4.51,752.84
2020,85,43877.12,0.00,425.64,0.00,19.55,4.90,641.91
2020,86,44046.24,0.00,305.56,0.00,12.99,4.19,765.32
2020,87,44215.22,2.65,115.21,0.00,9.32,5.32,891.77
2020,88,44384.05,3.05,229.50,0.00,13.77,5.19,883.58
2020,89,44552.68,0.00,447.12,0.00,17.04,2.15,525.79
2020,90,44721.10,0.00,506.19,0.00,21.49,0.05,359.64
2020,91,44889.26,0.00,479.20,0.00,20.64,3.37,478.20
2020,92,45057.15,0.00,484.98,0.00,24.09,5.76,531.48
2020,93,45224.74,2.79,312.73,0.00,15.24,2.51,627.04
2020,94,45391.99,0.00,265.98,0.00,1.07,-5.49,405.76
2020,95,45558.88,0.00,475.07,0.00,10.59,-4.61,321.37
2020,96,45725.37,0.00,520.00,0.00,16.70,-3.53,295.83
2020,97,45891.44,0.00,510.19,0.00,22.60,3.56,452.74
2020,98,46057.04,0.00,513.56,0.00,29.72,8.99,593.67
2020,99,46222.16,0.00,474.87,0.00,22.03,6.27,580.00
2020,100,46386.76,0.00,427.40,0.00,11.06,-1.28,427.30
2020,101,46550.80,0.00,537.67,0.00,14.79,-6.87,229.61
2020,102,46714.26,0.00,537.24,0.00,21.62,-0.75,318.85
2020,103,46877.09,0.00,224.85,0.00,5.51,-0.07,607.62
2020,104,47039.26,0.00,402.48,0.00,4.56,-6.55,327.05
2020,105,47200.73,0.00,486.92,0.00,8.79,-7.01,266.97
2020,106,47361.47,0.00,519.09,0.00,11.11,-7.72,232.81
2020,107,47521.44,9.25,199.97,0.00,3.71,-3.29,479.20
2020,108,47680.60,0.00,426.29,0.00,8.78,-3.78,367.79
2020,109,47838.91,0.00,552.47,0.00,22.78,-1.43,289.02
2020,110,47996.34,0.00,443.34,0.00,17.20,3.14,518.17
2020,111,48152.83,0.00,492.96,0.00,21.33,4.17,482.21
2020,112,48308.35,0.00,536.03,0.00,23.58,2.20,334.95
2020,113,48462.86,0.00,502.36,0.00,25.76,7.31,446.64
2020,114,48616.30,0.00,530.31,0.00,27.25,6.05,337.08
2020,115,48768.65,2.67,213.77,0.00,15.95,7.49,913.01
2020,116,48919.84,3.03,346.01,0.00,20.15,4.37,547.46
2020,117,49069.84,0.00,496.38,0.00,21.78,3.64,378.50
2020,118,49218.59,0.00,516.75,0.00,28.32,7.82,430.08
2020,119,49366.06,0.00,366.89,0.00,22.65,10.77,776.42
2020,120,49512.18,0.00,366.72,0.00,21.06,9.51,726.84
2020,121,49656.91,0.00,501.54,0.00,24.15,5.91,396.58
2020,122,49800.19,0.00,531.60,0.00,31.50,10.18,454.84
2020,123,49941.98,0.00,308.90,0.00,22.16,12.61,996.49
2020,124,50082.23,2.02,312.78,0.00,25.04,10.96,862.83
2020,125,50220.87,4.69,119.55,0.00,15.66,11.03,1314.22
2020,126,50357.86,0.00,362.10,0.00,17.83,6.94,686.37
2020,127,50493.13,0.00,390.55,0.00,16.47,4.80,570.85
2020,128,50626.65,10.23,298.07,0.00,14.56,2.81,603.61
2020,129,50758.33,0.00,420.28,0.00,14.46,2.01,502.47
2020,130,50888.14,0.85,520.32,0.00,19.31,1.32,375.91
2020,131,51016.01,0.00,417.12,0.00,13.55,1.41,491.94
2020,132,51141.89,0.00,363.96,0.00,11.72,1.81,560.37
2020,133,51265.71,0.00,396.50,0.00,16.18,4.91,623.27
2020,134,51387.41,3.25,159.42,0.00,12.86,7.28,1020.51
2020,135,51506.95,0.00,409.39,0.00,21.94,10.15,830.01
2020,136,51624.25,0.00,492.60,0.00,25.30,9.74,665.81
2020,137,51739.26,2.87,304.36,0.00,22.04,10.17,1000.23
2020,138,51851.92,0.00,226.52,0.00,17.53,11.54,1300.11
2020,139,51962.16,0.00,225.12,0.00,16.93,11.23,1280.97
2020,140,52069.93,0.00,289.86,0.00,18.83,11.50,1158.86
2020,141,52175.18,1.08,354.96,0.00,21.00,11.95,1046.19
2020,142,52277.83,1.01,324.21,0.00,22.34,14.33,1278.80
2020,143,52377.83,4.85,141.56,0.00,19.28,14.91,1694.35
2020,144,52475.12,17.35,336.38,0.00,26.27,14.43,1270.64
2020,145,52569.65,9.20,299.72,0.00,25.26,15.05,1529.85
2020,146,52661.35,5.98,107.42,0.00,18.56,15.52,1761.99
2020,147,52750.17,6.72,149.39,0.00,19.31,15.08,1713.60
2020,148,52836.06,0.00,363.18,0.00,22.78,14.78,1512.14
2020,149,52918.95,0.00,490.77,0.00,27.60,14.90,1268.77
2020,150,52998.80,0.00,535.82,0.00,25.28,10.39,912.20
2020,151,53075.55,14.79,183.91,0.00,16.34,11.53,1358.71
2020,152,53149.15,0.00,522.86,0.00,26.58,12.83,1145.12
2020,153,53219.56,0.00,532.31,0.00,33.11,16.90,1408.37
2020,154,53286.71,0.00,497.49,0.00,34.49,20.19,1786.21
2020,155,53350.58,2.53,358.78,0.00,33.27,19.47,2024.06
2020,156,53411.10,2.02,375.87,0.00,32.25,17.34,1757.57
2020,157,53468.24,0.00,493.66,0.00,33.74,19.36,1738.81
2020,158,53521.96,0.00,452.11,0.00,34.41,21.82,2112.55
2020,159,53572.22,0.00,406.79,0.00,34.28,23.47,2434.62
2020,160,53618.98,0.00,408.89,0.00,33.84,23.30,2349.28
2020,161,53662.21,17.81,366.78,0.00,31.36,17.64,1768.80
2020,162,53701.88,0.00,457.24,0.00,24.63,13.61,1352.59
2020,163,53737.95,0.00,552.47,0.00,31.23,13.26,1152.08
2020,164,53770.39,0.00,546.93,0.00,31.70,13.94,1154.97
2020,165,53799.20,0.00,515.97,0.00,32.85,17.05,1432.82
2020,166,53824.33,0.00,469.49,0.00,33.48,20.07,1821.72
2020,167,53845.77,0.00,421.36,0.00,33.17,21.75,2140.23
2020,168,53863.52,0.00,433.32,0.00,32.84,20.95,1972.06
2020,169,53877.54,0.00,425.83,0.00,32.99,21.23,1999.92
2020,170,53887.83,23.54,262.78,0.00,28.66,19.65,2220.10
2020,171,53894.39,0.00,360.17,0.00,25.28,16.44,1749.17
2020,172,53897.21,1.20,430.91,0.00,28.58,17.07,1661.40
2020,173,53896.28,0.00,415.43,0.00,28.97,17.77,1767.95
2020,174,53891.61,6.74,287.13,0.00,27.82,17.65,2018.11
2020,175,53883.20,0.00,463.35,0.00,26.15,13.46,1325.55
2020,176,53871.05,0.00,507.42,0.00,28.31,12.75,1196.81
2020,177,53855.19,0.00,496.81,0.00,32.22,16.10,1467.87
2020,178,53835.61,0.00,360.96,0.00,31.36,20.93,2280.18
2020,179,53812.33,5.44,251.51,0.00,29.89,20.40,2395.49
2020,180,53785.38,2.21,293.50,0.00,31.06,19.54,2264.74
2020,181,53754.77,0.00,279.91,0.00,29.85,22.04,2649.50
2020,182,53720.52,22.75,247.21,0.00,31.08,21.68,2591.08
2020,183,53682.67,0.00,414.57,0.00,30.61,18.58,1998.40
2020,184,53641.23,0.00,399.15,0.00,30.61,19.21,2095.65
2020,185,53596.25,0.00,354.53,0.00,30.90,21.00,2432.15
2020,186,53547.75,0.00,406.55,0.00,30.95,19.40,2104.32
2020,187,53495.77,0.00,403.04,0.00,31.41,19.97,2183.22
2020,188,53440.35,0.00,411.50,0.00,32.11,20.25,2199.60
2020,189,53381.52,0.00,439.22,0.00,33.06,19.86,2086.71
2020,190,53319.34,4.38,291.60,0.00,33.27,21.70,2595.57
2020,191,53253.84,0.00,413.60,0.00,29.79,18.19,1969.20
2020,192,53185.07,1.85,460.98,0.00,31.94,17.90,1840.49
2020,193,53113.07,0.00,450.98,0.00,31.00,17.70,1849.73
2020,194,53037.90,0.00,457.38,0.00,28.99,15.91,1658.75
2020,195,52959.61,0.00,475.11,0.00,32.00,17.48,1781.20
2020,196,52878.25,0.00,401.46,0.00,31.15,19.91,2216.08
2020,197,52793.86,0.91,324.57,0.00,25.70,17.64,2016.47
2020,198,52706.52,0.00,500.13,0.00,30.78,15.23,1492.79
2020,199,52616.26,0.00,470.70,0.00,33.80,19.01,1920.50
2020,200,52523.15,0.00,399.96,0.00,35.48,23.25,2641.90
2020,201,52427.24,10.20,251.65,0.00,31.04,21.74,2600.97
2020,202,52328.60,13.32,245.94,0.00,27.57,19.02,2198.87
2020,203,52227.28,0.00,387.27,0.00,29.72,18.96,2187.28
2020,204,52123.34,0.00,410.13,0.00,28.80,17.34,1951.03
2020,205,52016.83,0.00,417.39,0.00,32.28,19.89,2247.17
2020,206,51907.83,0.00,365.80,0.00,32.91,22.36,2701.34
2020,207,51796.38,0.00,335.12,0.00,33.29,23.83,2952.62
2020,208,51682.55,15.54,198.18,0.00,29.77,22.95,2799.58
2020,209,51566.39,0.00,373.33,0.00,29.88,19.79,2306.73
2020,210,51447.98,0.00,471.49,0.00,30.76,16.38,1777.19
2020,211,51327.36,4.69,259.50,0.00,28.16,19.09,2208.91
2020,212,51204.60,0.00,351.27,0.00,27.99,18.77,2164.44
2020,213,51079.75,0.00,430.22,0.00,27.86,15.80,1794.54
2020,214,50952.88,7.09,347.01,0.00,28.15,14.44,1643.53
2020,215,50824.04,0.00,432.86,0.00,26.30,14.23,1621.32
2020,216,50693.30,0.00,432.52,0.00,24.25,12.47,1445.43
2020,217,50560.70,5.18,366.92,0.00,25.23,10.35,1256.25
2020,218,50426.31,0.00,442.26,0.00,26.33,13.61,1557.85
2020,219,50290.17,0.00,446.98,0.00,30.14,16.43,1833.36
2020,220,50152.36,0.00,358.33,0.00,29.18,19.21,2225.88
2020,221,50012.92,3.44,247.43,0.00,31.06,21.76,2603.64
2020,222,49871.90,2.79,261.17,0.00,31.96,21.95,2634.94
2020,223,49729.36,0.00,347.81,0.00,28.82,19.39,2250.82
2020,224,49585.35,0.00,457.82,0.00,30.44,16.08,1800.69
2020,225,49439.93,0.00,373.50,0.00,29.40,19.01,2197.29
2020,226,49293.13,0.00,383.42,0.00,32.48,21.08,2497.84
2020,227,49145.03,0.00,375.25,0.00,31.96,20.88,2467.61
2020,228,48995.65,0.00,463.74,0.00,30.38,15.48,1718.25
2020,229,48845.05,18.96,343.69,0.00,30.72,15.88,1803.62
2020,230,48693.28,0.00,439.09,0.00,28.74,15.36,1744.39
2020,231,48540.39,0.00,450.00,0.00,27.88,13.91,1588.27
2020,232,48386.41,0.00,455.04,0.00,28.73,14.02,1599.42
2020,233,48231.40,0.00,436.93,0.00,29.83,15.70,1782.79
2020,234,48075.39,0.00,442.31,0.00,32.76,17.32,1976.01
2020,235,47918.43,0.00,422.48,0.00,32.71,18.32,2096.47
2020,236,47760.56,0.00,430.37,0.00,34.98,19.33,2175.82
2020,237,47601.82,0.00,417.20,0.00,34.96,19.86,2250.38
2020,238,47442.25,0.00,404.45,0.00,34.41,19.89,2257.94
2020,239,47281.90,0.00,413.38,0.00,34.16,19.02,2128.38
2020,240,47120.79,0.00,398.13,0.00,34.60,20.04,2293.32
2020,241,46958.96,0.00,370.22,0.00,33.48,20.35,2388.25
2020,242,46796.46,0.00,378.48,0.00,26.84,14.49,1649.26
2020,243,46633.32,2.51,339.21,0.00,28.33,11.33,1341.46
2020,244,46469.57,0.00,386.75,0.00,25.24,12.52,1450.15
2020,245,46305.25,0.00,366.70,0.00,24.94,13.07,1504.11
2020,246,46140.39,0.00,460.48,0.00,32.33,13.16,1393.74
2020,247,45975.02,0.00,374.25,0.00,25.95,13.33,1529.29
2020,248,45809.18,0.00,466.66,0.00,29.67,10.18,1152.07
2020,249,45642.90,0.00,480.82,0.00,34.84,11.31,1202.72
2020,250,45476.21,0.00,416.77,0.00,34.45,16.69,1800.11
2020,251,45309.14,1.77,346.05,0.00,24.46,12.34,1433.48
2020,252,45141.72,36.24,115.92,0.00,11.83,7.32,1023.74
2020,253,44973.98,9.92,100.74,0.00,9.41,5.64,911.67
2020,254,44805.95,2.96,156.79,0.00,12.69,6.54,970.29
2020,255,44637.65,1.75,196.59,0.00,14.62,8.82,1133.25
2020,256,44469.13,0.00,356.56,0.00,22.93,10.63,1279.94
2020,257,44300.40,0.00,441.68,0.00,27.63,8.52,1111.14
2020,258,44131.49,0.00,399.91,0.00,26.24,10.54,1272.19
2020,259,43962.43,0.00,392.67,0.00,27.43,11.79,1382.60
2020,260,43793.25,0.00,348.31,0.00,24.95,12.13,1414.19
2020,261,43623.98,0.00,369.66,0.00,22.02,8.37,1099.45
2020,262,43454.64,0.00,372.58,0.00,22.18,8.24,1089.82
2020,263,43285.25,0.00,364.95,0.00,24.00,10.10,1235.55
2020,264,43115.86,0.00,362.62,0.00,25.98,11.78,1381.71
2020,265,42946.48,0.00,388.43,0.00,27.88,11.37,1344.73
2020,266,42777.13,0.00,384.00,0.00,28.29,11.80,1383.19
2020,267,42607.86,0.00,348.57,0.00,27.16,13.09,1505.60
2020,268,42438.68,0.00,360.40,0.00,29.91,14.33,1631.85
2020,269,42269.62,0.00,371.46,0.00,32.17,14.92,1696.08
2020,270,42100.71,0.00,371.93,0.00,32.55,14.83,1686.39
2020,271,41931.98,0.00,193.58,0.00,19.26,12.49,1447.49
2020,272,41763.45,0.00,271.58,0.00,18.43,8.68,1122.68
2020,273,41595.16,0.00,417.66,0.00,26.90,5.29,852.10
2020,274,41427.12,0.00,343.65,0.00,21.12,7.06,1005.59
2020,275,41259.38,0.00,304.87,0.00,16.29,4.74,856.57
2020,276,41091.96,1.23,376.96,0.00,17.34,1.06,659.62
2020,277,40924.88,0.00,314.02,0.00,14.97,2.88,751.20
2020,278,40758.19,0.00,382.67,0.00,19.39,1.80,695.58
2020,279,40591.91,0.00,388.34,0.00,25.32,5.59,907.75
2020,280,40426.06,0.00,390.70,0.00,29.30,7.41,1009.77
2020,281,40260.69,0.00,376.62,0.00,28.78,8.33,1080.01
2020,282,40095.83,0.00,356.54,0.00,28.26,9.45,1182.65
2020,283,39931.50,0.00,326.12,0.00,30.47,13.26,1522.22
2020,284,39767.75,0.00,305.30,0.00,26.56,11.36,1343.54
2020,285,39604.60,9.23,247.37,0.00,30.10,11.55,1361.20
2020,286,39442.10,0.00,276.54,0.00,20.87,7.70,1050.67
2020,287,39280.27,0.00,273.46,0.00,20.82,7.82,1059.35
2020,288,39119.16,0.00,300.63,0.00,24.05,8.61,1117.62
2020,289,38958.80,0.00,226.72,0.00,13.08,3.14,765.00
2020,290,38799.22,0.00,288.14,0.00,14.84,1.06,659.51
2020,291,38640.48,2.02,239.92,0.00,20.45,3.20,768.45
2020,292,38482.61,0.00,157.18,0.00,7.17,0.52,634.15
2020,293,38325.64,0.00,160.50,0.00,7.72,0.93,653.11
2020,294,38169.63,0.00,151.19,0.00,6.96,0.64,639.85
2020,295,38014.60,2.00,151.50,0.00,9.52,0.82,647.87
2020,296,37860.62,1.59,147.52,0.00,7.89,1.81,695.78
2020,297,37707.72,0.00,120.15,0.00,3.59,-1.15,561.39
2020,298,37555.94,0.00,227.02,0.00,2.70,-6.83,366.22
2020,299,37405.33,2.26,106.95,0.00,-0.41,-5.93,392.39
2020,300,37255.95,0.00,169.25,0.00,-0.70,-7.24,354.78
2020,301,37107.83,0.00,281.92,0.00,5.09,-7.93,336.28
2020,302,36961.03,0.00,333.80,0.00,14.32,-6.62,372.12
2020,303,36815.60,0.00,258.25,0.00,8.03,-3.88,458.47
2020,304,36671.58,0.00,311.18,0.00,15.27,-2.73,499.67
2020,305,36529.03,0.00,304.74,0.00,19.56,1.05,658.89
2020,306,36388.00,0.00,229.39,0.00,10.25,-0.53,587.77
2020,307,36248.55,0.00,311.68,0.00,19.81,-1.17,560.55
2020,308,36110.73,0.00,316.08,0.00,27.39,1.52,665.58
2020,309,35974.58,0.00,295.38,0.00,25.05,4.37,834.10
2020,310,35840.18,0.00,296.08,0.00,24.38,3.22,769.20
2020,311,35707.57,0.00,290.10,0.00,25.00,4.21,825.03
2020,312,35576.81,0.00,245.95,0.00,24.43,9.38,1177.38
2020,313,35447.96,0.00,198.14,0.00,23.49,12.43,1441.91
2020,314,35321.07,17.27,166.07,0.00,19.04,6.75,984.56
2020,315,35196.21,5.24,45.71,0.00,0.26,-2.15,521.74
2020,316,35073.44,0.00,260.64,0.00,10.38,-4.65,432.54
2020,317,34952.81,0.00,190.46,0.00,3.63,-5.57,403.49
2020,318,34834.38,0.00,268.60,0.00,7.54,-8.75,315.54
2020,319,34718.21,0.14,268.75,0.00,13.14,-4.44,439.51
2020,320,34604.36,0.00,209.13,0.00,10.23,-1.01,567.40
2020,321,34492.90,0.00,270.49,0.00,15.12,-3.96,455.67
2020,322,34383.88,0.00,258.68,0.00,13.92,-3.68,465.48
2020,323,34277.35,0.00,258.83,0.00,20.54,0.94,653.72
2020,324,34173.39,0.00,247.70,0.00,23.28,4.20,824.25
2020,325,34072.05,0.00,180.34,0.00,13.69,2.77,745.46
2020,326,33973.39,0.00,129.30,0.00,7.93,0.59,637.58
2020,327,33877.47,0.00,194.83,0.00,10.38,-1.92,530.38
2020,328,33784.34,3.27,122.53,0.00,3.71,-5.99,390.57
2020,329,33694.07,3.63,95.59,0.00,6.43,-1.08,564.57
2020,330,33606.70,0.00,66.79,0.00,2.63,-1.01,567.23
2020,331,33522.30,0.00,171.76,0.00,7.82,-2.85,495.15
2020,332,33440.91,0.00,214.26,0.00,10.70,-4.03,453.15
2020,333,33362.60,0.00,227.44,0.00,14.78,-2.45,510.01
2020,334,33287.41,0.00,125.29,0.00,4.43,-2.90,493.28
2020,335,33215.40,0.00,215.95,0.00,5.74,-9.06,307.97
2020,336,33146.60,0.00,225.87,0.00,8.74,-7.97,335.30
2020,337,33081.08,0.00,207.96,0.00,7.08,-7.16,356.97
2020,338,33018.88,0.00,213.18,0.00,8.09,-6.63,371.90
2020,339,32960.03,0.00,231.11,0.00,12.28,-5.64,401.18
2020,340,32904.58,0.00,196.37,0.00,8.85,-4.00,454.34
2020,341,32852.58,0.00,106.28,0.00,2.05,-3.73,463.51
2020,342,32804.06,0.00,230.63,0.00,12.04,-5.62,401.71
2020,343,32759.05,0.00,238.33,0.00,14.92,-5.63,401.66
2020,344,32717.59,0.00,231.09,0.00,16.68,-2.77,480.70
2020,345,32679.72,0.00,182.16,0.00,10.16,-2.10,523.61
2020,346,32645.45,7.94,46.71,0.00,2.37,-1.04,566.15
2020,347,32614.81,0.00,89.85,0.00,0.02,-5.03,420.25
2020,348,32587.83,0.00,110.98,0.00,-2.74,-8.91,311.49
2020,349,32564.53,0.00,134.36,0.00,-5.65,-13.06,223.56
2020,350,32544.93,0.00,115.77,0.00,-5.04,-11.26,258.56
2020,351,32529.04,0.00,142.18,0.00,-1.67,-9.37,300.38
2020,352,32516.87,0.00,211.63,0.00,2.81,-10.88,266.54
2020,353,32508.43,0.00,207.71,0.00,7.68,-5.65,400.93
2020,354,32503.74,0.00,171.72,0.00,0.89,-8.49,322.00
2020,355,32502.79,0.00,212.42,0.00,7.27,-6.43,377.79
2020,356,32505.58,0.00,205.50,0.00,11.80,-1.60,543.37
2020,357,32512.11,0.00,226.15,0.00,14.56,-2.64,502.81
2020,358,32522.38,4.21,144.45,0.00,6.99,-4.81,427.40
2020,359,32536.38,0.00,151.59,0.00,-6.94,-15.08,189.51
2020,360,32554.10,0.00,238.52,0.00,3.47,-15.78,178.73
2020,361,32575.52,0.00,226.05,0.00,4.72,-11.89,245.87
2020,362,32600.63,0.00,164.92,0.00,3.02,-6.57,373.59
2020,363,32629.41,5.27,89.04,0.00,0.28,-5.99,390.62
2020,364,32661.83,8.34,71.77,0.00,-1.04,-5.94,392.16
2020,365,32697.87,0.00,171.64,0.00,-2.03,-11.41,255.42