Category,ID,Latitude,Longitude,Date,MODIS_Tile,MOD13Q1_006_Line_Y_250m,MOD13Q1_006_Sample_X_250m,MOD13Q1_006__250m_16_days_EVI,MOD13Q1_006__250m_16_days_NDVI,MOD13Q1_006__250m_16_days_blue_reflectance,MOD13Q1_006__250m_16_days_composite_day_of_the_year,MOD13Q1_006__250m_16_days_VI_Quality,MOD13Q1_006__250m_16_days_pixel_reliability,MOD13Q1_006__250m_16_days_VI_Quality_bitmask,MOD13Q1_006__250m_16_days_VI_Quality_MODLAND,MOD13Q1_006__250m_16_days_VI_Quality_MODLAND_Description,MOD13Q1_006__250m_16_days_VI_Quality_VI_Usefulness,MOD13Q1_006__250m_16_days_VI_Quality_VI_Usefulness_Description,MOD13Q1_006__250m_16_days_VI_Quality_Aerosol_Quantity,MOD13Q1_006__250m_16_days_VI_Quality_Aerosol_Quantity_Description,MOD13Q1_006__250m_16_days_VI_Quality_Adjacent_cloud_detected,MOD13Q1_006__250m_16_days_VI_Quality_Adjacent_cloud_detected_Description,MOD13Q1_006__250m_16_days_VI_Quality_Atmosphere_BRDF_Correction,MOD13Q1_006__250m_16_days_VI_Quality_Atmosphere_BRDF_Correction_Description,MOD13Q1_006__250m_16_days_VI_Quality_Mixed_Clouds,MOD13Q1_006__250m_16_days_VI_Quality_Mixed_Clouds_Description,MOD13Q1_006__250m_16_days_VI_Quality_Land/Water_Mask,MOD13Q1_006__250m_16_days_VI_Quality_Land/Water_Mask_Description,MOD13Q1_006__250m_16_days_VI_Quality_Possible_snow/ice,MOD13Q1_006__250m_16_days_VI_Quality_Possible_snow/ice_Description,MOD13Q1_006__250m_16_days_VI_Quality_Possible_shadow,MOD13Q1_006__250m_16_days_VI_Quality_Possible_shadow_Description,MOD13Q1_006__250m_16_days_pixel_reliability_bitmask,MOD13Q1_006__250m_16_days_pixel_reliability_MODLAND,MOD13Q1_006__250m_16_days_pixel_reliability_MODLAND_Description
Irrigated,US-NE2,41.1649,-96.4071,2000-12-18,h10v04,4240.0,3563.0,0.003,0.0031,0.5616,3.0,18453.0,2.0,0b0100100000010101,0b01,"VI produced, but check other QA",0b0101,Decreasing quality,0b00,Climatology,0b0,No,0b0,No,0b0,No,0b001,Land (Nothing else but land),0b1,Yes,0b0,No,0b00000000000000000000000000000010,0b00000000000000000000000000000010,Snow/Ice Target covered with snow/ice
Irrigated,US-NE2,41.1649,-96.4071,2001-01-01,h10v04,4240.0,3563.0,0.0042,0.0031,0.5616,3.0,18449.0,2.0,0b0100100000010001,0b01,"VI produced, but check other QA",0b0100,Decreasing quality,0b00,Climatology,0b0,No,0b0,No,0b0,No,0b001,Land (Nothing else but land),0b1,Yes,0b0,No,0b00000000000000000000000000000010,0b00000000000000000000000000000010,Snow/Ice Target covered with snow/ice
Irrigated,US-NE2,41.1649,-96.4071,2001-01-17,h10v04,4240.0,3563.0,0.1157,0.2288,0.0563,24.0,2185.0,1.0,0b0000100010001001,0b01,"VI produced, but check other QA",0b0010,Decreasing quality,0b10,Average,0b0,No,0b0,No,0b0,No,0b001,Land (Nothing else but land),0b0,No,0b0,No,0b00000000000000000000000000000001,0b00000000000000000000000000000001,"Marginal data, Useful, but look at other QA information"
Irrigated,US-NE2,41.1649,-96.4071,2001-02-02,h10v04,4240.0,3563.0,-0.0016,-0.0011,0.6751,43.0,18449.0,2.0,0b0100100000010001,0b01,"VI produced, but check other QA",0b0100,Decreasing quality,0b00,Climatology,0b0,No,0b0,No,0b0,No,0b001,Land (Nothing else but land),0b1,Yes,0b0,No,0b00000000000000000000000000000010,0b00000000000000000000000000000010,Snow/Ice Target covered with snow/ice
Irrigated,US-NE2,41.1649,-96.4071,2001-02-18,h10v04,4240.0,3563.0,0.0117,0.0099,0.395,56.0,18445.0,2.0,0b0100100000001101,0b01,"VI produced, but check other QA",0b0011,Decreasing quality,0b00,Climatology,0b0,No,0b0,No,0b0,No,0b001,Land (Nothing else but land),0b1,Yes,0b0,No,0b00000000000000000000000000000010,0b00000000000000000000000000000010,Snow/Ice Target covered with snow/ice
Irrigated,US-NE2,41.1649,-96.4071,2001-03-06,h10v04,4240.0,3563.0,0.1154,0.2569,0.0469,79.0,2181.0,1.0,0b0000100010000101,0b01,"VI produced, but check other QA",0b0001,Lower quality,0b10,Average,0b0,No,0b0,No,0b0,No,0b001,Land (Nothing else but land),0b0,No,0b0,No,0b00000000000000000000000000000001,0b00000000000000000000000000000001,"Marginal data, Useful, but look at other QA information"
Irrigated,US-NE2,41.1649,-96.4071,2001-03-22,h10v04,4240.0,3563.0,0.144,0.2756,0.0574,90.0,2112.0,0.0,0b0000100001000000,0b00,VI produced with good quality,0b0000,Highest quality,0b01,Low,0b0,No,0b0,No,0b0,No,0b001,Land (Nothing else but land),0b0,No,0b0,No,0b00000000000000000000000000000000,0b00000000000000000000000000000000,"Good data, use with confidence"
Irrigated,US-NE2,41.1649,-96.4071,2001-04-07,h10v04,4240.0,3563.0,0.1614,0.2815,0.0631,99.0,2181.0,1.0,0b0000100010000101,0b01,"VI produced, but check other QA",0b0001,Lower quality,0b10,Average,0b0,No,0b0,No,0b0,No,0b001,Land (Nothing else but land),0b0,No,0b0,No,0b00000000000000000000000000000001,0b00000000000000000000000000000001,"Marginal data, Useful, but look at other QA information"
Irrigated,US-NE2,41.1649,-96.4071,2001-04-23,h10v04,4240.0,3563.0,0.1799,0.3636,0.0445,127.0,4160.0,0.0,0b0001000001000000,0b00,VI produced with good quality,0b0000,Highest quality,0b01,Low,0b0,No,0b0,No,0b0,No,0b010,Ocean coastlines and lake shorelines,0b0,No,0b0,No,0b00000000000000000000000000000000,0b00000000000000000000000000000000,"Good data, use with confidence"
Irrigated,US-NE2,41.1649,-96.4071,2001-05-09,h10v04,4240.0,3563.0,0.2264,0.3595,0.068,129.0,2112.0,0.0,0b0000100001000000,0b00,VI produced with good quality,0b0000,Highest quality,0b01,Low,0b0,No,0b0,No,0b0,No,0b001,Land (Nothing else but land),0b0,No,0b0,No,0b00000000000000000000000000000000,0b00000000000000000000000000000000,"Good data, use with confidence"
Irrigated,US-NE2,41.1649,-96.4071,2001-05-25,h10v04,4240.0,3563.0,0.3284,0.5336,0.0492,159.0,4160.0,0.0,0b0001000001000000,0b00,VI produced with good quality,0b0000,Highest quality,0b01,Low,0b0,No,0b0,No,0b0,No,0b010,Ocean coastlines and lake shorelines,0b0,No,0b0,No,0b00000000000000000000000000000000,0b00000000000000000000000000000000,"Good data, use with confidence"
Irrigated,US-NE2,41.1649,-96.4071,2001-06-10,h10v04,4240.0,3563.0,0.2819,0.4402,0.0549,161.0,2112.0,0.0,0b0000100001000000,0b00,VI produced with good quality,0b0000,Highest quality,0b01,Low,0b0,No,0b0,No,0b0,No,0b001,Land (Nothing else but land),0b0,No,0b0,No,0b00000000000000000000000000000000,0b00000000000000000000000000000000,"Good data, use with confidence"
Irrigated,US-NE2,41.1649,-96.4071,2001-06-26,h10v04,4240.0,3563.0,0.4449,0.6333,0.0368,186.0,4160.0,0.0,0b0001000001000000,0b00,VI produced with good quality,0b0000,Highest quality,0b01,Low,0b0,No,0b0,No,0b0,No,0b010,Ocean coastlines and lake shorelines,0b0,No,0b0,No,0b00000000000000000000000000000000,0b00000000000000000000000000000000,"Good data, use with confidence"
Irrigated,US-NE2,41.1649,-96.4071,2001-07-12,h10v04,4240.0,3563.0,0.5393,0.7224,0.0378,202.0,4160.0,0.0,0b0001000001000000,0b00,VI produced with good quality,0b0000,Highest quality,0b01,Low,0b0,No,0b0,No,0b0,No,0b010,Ocean coastlines and lake shorelines,0b0,No,0b0,No,0b00000000000000000000000000000000,0b00000000000000000000000000000000,"Good data, use with confidence"
Irrigated,US-NE2,41.1649,-96.4071,2001-07-28,h10v04,4240.0,3563.0,0.3772,0.5907,0.0304,218.0,2181.0,1.0,0b0000100010000101,0b01,"VI produced, but check other QA",0b0001,Lower quality,0b10,Average,0b0,No,0b0,No,0b0,No,0b001,Land (Nothing else but land),0b0,No,0b0,No,0b00000000000000000000000000000001,0b00000000000000000000000000000001,"Marginal data, Useful, but look at other QA information"
Irrigated,US-NE2,41.1649,-96.4071,2001-08-13,h10v04,4240.0,3563.0,0.4949,0.7201,0.0351,225.0,2112.0,0.0,0b0000100001000000,0b00,VI produced with good quality,0b0000,Highest quality,0b01,Low,0b0,No,0b0,No,0b0,No,0b001,Land (Nothing else but land),0b0,No,0b0,No,0b00000000000000000000000000000000,0b00000000000000000000000000000000,"Good data, use with confidence"
Irrigated,US-NE2,41.1649,-96.4071,2001-08-29,h10v04,4240.0,3563.0,0.5479,0.7595,0.0376,241.0,2112.0,0.0,0b0000100001000000,0b00,VI produced with good quality,0b0000,Highest quality,0b01,Low,0b0,No,0b0,No,0b0,No,0b001,Land (Nothing else but land),0b0,No,0b0,No,0b00000000000000000000000000000000,0b00000000000000000000000000000000,"Good data, use with confidence"
Irrigated,US-NE2,41.1649,-96.4071,2001-09-14,h10v04,4240.0,3563.0,0.3959,0.676,0.0295,264.0,4160.0,0.0,0b0001000001000000,0b00,VI produced with good quality,0b0000,Highest quality,0b01,Low,0b0,No,0b0,No,0b0,No,0b010,Ocean coastlines and lake shorelines,0b0,No,0b0,No,0b00000000000000000000000000000000,0b00000000000000000000000000000000,"Good data, use with confidence"
Irrigated,US-NE2,41.1649,-96.4071,2001-09-30,h10v04,4240.0,3563.0,0.3319,0.5585,0.0426,273.0,2112.0,0.0,0b0000100001000000,0b00,VI produced with good quality,0b0000,Highest quality,0b01,Low,0b0,No,0b0,No,0b0,No,0b001,Land (Nothing else but land),0b0,No,0b0,No,0b00000000000000000000000000000000,0b00000000000000000000000000000000,"Good data, use with confidence"
Irrigated,US-NE2,41.1649,-96.4071,2001-10-16,h10v04,4240.0,3563.0,0.2105,0.4059,0.0396,289.0,2112.0,0.0,0b0000100001000000,0b00,VI produced with good quality,0b0000,Highest quality,0b01,Low,0b0,No,0b0,No,0b0,No,0b001,Land (Nothing else but land),0b0,No,0b0,No,0b00000000000000000000000000000000,0b00000000000000000000000000000000,"Good data, use with confidence"
Irrigated,US-NE2,41.1649,-96.4071,2001-11-01,h10v04,4240.0,3563.0,0.207,0.3457,0.0582,305.0,4160.0,0.0,0b0001000001000000,0b00,VI produced with good quality,0b0000,Highest quality,0b01,Low,0b0,No,0b0,No,0b0,No,0b010,Ocean coastlines and lake shorelines,0b0,No,0b0,No,0b00000000000000000000000000000000,0b00000000000000000000000000000000,"Good data, use with confidence"
Irrigated,US-NE2,41.1649,-96.4071,2001-11-17,h10v04,4240.0,3563.0,0.1554,0.3296,0.0445,330.0,4164.0,0.0,0b0001000001000100,0b00,VI produced with good quality,0b0001,Lower quality,0b01,Low,0b0,No,0b0,No,0b0,No,0b010,Ocean coastlines and lake shorelines,0b0,No,0b0,No,0b00000000000000000000000000000000,0b00000000000000000000000000000000,"Good data, use with confidence"
Irrigated,US-NE2,41.1649,-96.4071,2001-12-03,h10v04,4240.0,3563.0,0.288,0.4967,0.0487,351.0,4164.0,0.0,0b0001000001000100,0b00,VI produced with good quality,0b0001,Lower quality,0b01,Low,0b0,No,0b0,No,0b0,No,0b010,Ocean coastlines and lake shorelines,0b0,No,0b0,No,0b00000000000000000000000000000000,0b00000000000000000000000000000000,"Good data, use with confidence"
Irrigated,US-NE2,41.1649,-96.4071,2001-12-19,h10v04,4240.0,3563.0,0.136,0.283,0.0456,353.0,2120.0,0.0,0b0000100001001000,0b00,VI produced with good quality,0b0010,Decreasing quality,0b01,Low,0b0,No,0b0,No,0b0,No,0b001,Land (Nothing else but land),0b0,No,0b0,No,0b00000000000000000000000000000000,0b00000000000000000000000000000000,"Good data, use with confidence"
Irrigated,US-NE2,41.1649,-96.4071,2002-01-01,h10v04,4240.0,3563.0,0.126,0.2597,0.0488,11.0,4164.0,0.0,0b0001000001000100,0b00,VI produced with good quality,0b0001,Lower quality,0b01,Low,0b0,No,0b0,No,0b0,No,0b010,Ocean coastlines and lake shorelines,0b0,No,0b0,No,0b00000000000000000000000000000000,0b00000000000000000000000000000000,"Good data, use with confidence"
Irrigated,US-NE2,41.1649,-96.4071,2002-01-17,h10v04,4240.0,3563.0,0.1287,0.2525,0.0524,18.0,2185.0,1.0,0b0000100010001001,0b01,"VI produced, but check other QA",0b0010,Decreasing quality,0b10,Average,0b0,No,0b0,No,0b0,No,0b001,Land (Nothing else but land),0b0,No,0b0,No,0b00000000000000000000000000000001,0b00000000000000000000000000000001,"Marginal data, Useful, but look at other QA information"
Irrigated,US-NE2,41.1649,-96.4071,2002-02-02,h10v04,4240.0,3563.0,0.1204,0.257,0.0474,46.0,2185.0,1.0,0b0000100010001001,0b01,"VI produced, but check other QA",0b0010,Decreasing quality,0b10,Average,0b0,No,0b0,No,0b0,No,0b001,Land (Nothing else but land),0b0,No,0b0,No,0b00000000000000000000000000000001,0b00000000000000000000000000000001,"Marginal data, Useful, but look at other QA information"
Irrigated,US-NE2,41.1649,-96.4071,2002-02-18,h10v04,4240.0,3563.0,0.1468,0.2841,0.0549,52.0,2112.0,0.0,0b0000100001000000,0b00,VI produced with good quality,0b0000,Highest quality,0b01,Low,0b0,No,0b0,No,0b0,No,0b001,Land (Nothing else but land),0b0,No,0b0,No,0b00000000000000000000000000000000,0b00000000000000000000000000000000,"Good data, use with confidence"
Irrigated,US-NE2,41.1649,-96.4071,2002-03-06,h10v04,4240.0,3563.0,0.0316,0.023,0.5007,68.0,18445.0,2.0,0b0100100000001101,0b01,"VI produced, but check other QA",0b0011,Decreasing quality,0b00,Climatology,0b0,No,0b0,No,0b0,No,0b001,Land (Nothing else but land),0b1,Yes,0b0,No,0b00000000000000000000000000000010,0b00000000000000000000000000000010,Snow/Ice Target covered with snow/ice
Irrigated,US-NE2,41.1649,-96.4071,2002-03-22,h10v04,4240.0,3563.0,0.1502,0.2618,0.0629,88.0,2116.0,0.0,0b0000100001000100,0b00,VI produced with good quality,0b0001,Lower quality,0b01,Low,0b0,No,0b0,No,0b0,No,0b001,Land (Nothing else but land),0b0,No,0b0,No,0b00000000000000000000000000000000,0b00000000000000000000000000000000,"Good data, use with confidence"
Irrigated,US-NE2,41.1649,-96.4071,2002-04-07,h10v04,4240.0,3563.0,0.1474,0.3104,0.0435,107.0,2112.0,0.0,0b0000100001000000,0b00,VI produced with good quality,0b0000,Highest quality,0b01,Low,0b0,No,0b0,No,0b0,No,0b001,Land (Nothing else but land),0b0,No,0b0,No,0b00000000000000000000000000000000,0b00000000000000000000000000000000,"Good data, use with confidence"
Irrigated,US-NE2,41.1649,-96.4071,2002-04-23,h10v04,4240.0,3563.0,0.1958,0.3363,0.0572,123.0,2112.0,0.0,0b0000100001000000,0b00,VI produced with good quality,0b0000,Highest quality,0b01,Low,0b0,No,0b0,No,0b0,No,0b001,Land (Nothing else but land),0b0,No,0b0,No,0b00000000000000000000000000000000,0b00000000000000000000000000000000,"Good data, use with confidence"
Irrigated,US-NE2,41.1649,-96.4071,2002-05-09,h10v04,4240.0,3563.0,0.2338,0.366,0.0622,139.0,2181.0,1.0,0b0000100010000101,0b01,"VI produced, but check other QA",0b0001,Lower quality,0b10,Average,0b0,No,0b0,No,0b0,No,0b001,Land (Nothing else but land),0b0,No,0b0,No,0b00000000000000000000000000000001,0b00000000000000000000000000000001,"Marginal data, Useful, but look at other QA information"
Irrigated,US-NE2,41.1649,-96.4071,2002-05-25,h10v04,4240.0,3563.0,0.2425,0.4383,0.0492,146.0,4160.0,0.0,0b0001000001000000,0b00,VI produced with good quality,0b0000,Highest quality,0b01,Low,0b0,No,0b0,No,0b0,No,0b010,Ocean coastlines and lake shorelines,0b0,No,0b0,No,0b00000000000000000000000000000000,0b00000000000000000000000000000000,"Good data, use with confidence"
Irrigated,US-NE2,41.1649,-96.4071,2002-06-10,h10v04,4240.0,3563.0,0.3531,0.5107,0.0502,173.0,4229.0,1.0,0b0001000010000101,0b01,"VI produced, but check other QA",0b0001,Lower quality,0b10,Average,0b0,No,0b0,No,0b0,No,0b010,Ocean coastlines and lake shorelines,0b0,No,0b0,No,0b00000000000000000000000000000001,0b00000000000000000000000000000001,"Marginal data, Useful, but look at other QA information"
Irrigated,US-NE2,41.1649,-96.4071,2002-06-26,h10v04,4240.0,3563.0,0.339,0.5337,0.0446,180.0,2112.0,0.0,0b0000100001000000,0b00,VI produced with good quality,0b0000,Highest quality,0b01,Low,0b0,No,0b0,No,0b0,No,0b001,Land (Nothing else but land),0b0,No,0b0,No,0b00000000000000000000000000000000,0b00000000000000000000000000000000,"Good data, use with confidence"
Irrigated,US-NE2,41.1649,-96.4071,2002-07-12,h10v04,4240.0,3563.0,0.4058,0.6037,0.0397,196.0,2112.0,0.0,0b0000100001000000,0b00,VI produced with good quality,0b0000,Highest quality,0b01,Low,0b0,No,0b0,No,0b0,No,0b001,Land (Nothing else but land),0b0,No,0b0,No,0b00000000000000000000000000000000,0b00000000000000000000000000000000,"Good data, use with confidence"
Irrigated,US-NE2,41.1649,-96.4071,2002-07-28,h10v04,4240.0,3563.0,0.4492,0.6695,0.0303,212.0,2112.0,0.0,0b0000100001000000,0b00,VI produced with good quality,0b0000,Highest quality,0b01,Low,0b0,No,0b0,No,0b0,No,0b001,Land (Nothing else but land),0b0,No,0b0,No,0b00000000000000000000000000000000,0b00000000000000000000000000000000,"Good data, use with confidence"
Irrigated,US-NE2,41.1649,-96.4071,2002-08-13,h10v04,4240.0,3563.0,0.4638,0.7661,0.0175,226.0,2112.0,0.0,0b0000100001000000,0b00,VI produced with good quality,0b0000,Highest quality,0b01,Low,0b0,No,0b0,No,0b0,No,0b001,Land (Nothing else but land),0b0,No,0b0,No,0b00000000000000000000000000000000,0b00000000000000000000000000000000,"Good data, use with confidence"
Irrigated,US-NE2,41.1649,-96.4071,2002-08-29,h10v04,4240.0,3563.0,0.4279,0.6648,0.0295,251.0,4160.0,0.0,0b0001000001000000,0b00,VI produced with good quality,0b0000,Highest quality,0b01,Low,0b0,No,0b0,No,0b0,No,0b010,Ocean coastlines and lake shorelines,0b0,No,0b0,No,0b00000000000000000000000000000000,0b00000000000000000000000000000000,"Good data, use with confidence"
Irrigated,US-NE2,41.1649,-96.4071,2002-09-14,h10v04,4240.0,3563.0,0.3161,0.5308,0.0455,267.0,2112.0,0.0,0b0000100001000000,0b00,VI produced with good quality,0b0000,Highest quality,0b01,Low,0b0,No,0b0,No,0b0,No,0b001,Land (Nothing else but land),0b0,No,0b0,No,0b00000000000000000000000000000000,0b00000000000000000000000000000000,"Good data, use with confidence"
Irrigated,US-NE2,41.1649,-96.4071,2002-09-30,h10v04,4240.0,3563.0,0.2003,0.3841,0.0403,283.0,2112.0,0.0,0b0000100001000000,0b00,VI produced with good quality,0b0000,Highest quality,0b01,Low,0b0,No,0b0,No,0b0,No,0b001,Land (Nothing else but land),0b0,No,0b0,No,0b00000000000000000000000000000000,0b00000000000000000000000000000000,"Good data, use with confidence"
Irrigated,US-NE2,41.1649,-96.4071,2002-10-16,h10v04,4240.0,3563.0,0.2356,0.3917,0.0537,292.0,2112.0,0.0,0b0000100001000000,0b00,VI produced with good quality,0b0000,Highest quality,0b01,Low,0b0,No,0b0,No,0b0,No,0b001,Land (Nothing else but land),0b0,No,0b0,No,0b00000000000000000000000000000000,0b00000000000000000000000000000000,"Good data, use with confidence"
Irrigated,US-NE2,41.1649,-96.4071,2002-11-01,h10v04,4240.0,3563.0,0.1698,0.3151,0.0512,308.0,2112.0,0.0,0b0000100001000000,0b00,VI produced with good quality,0b0000,Highest quality,0b01,Low,0b0,No,0b0,No,0b0,No,0b001,Land (Nothing else but land),0b0,No,0b0,No,0b00000000000000000000000000000000,0b00000000000000000000000000000000,"Good data, use with confidence"
Irrigated,US-NE2,41.1649,-96.4071,2002-11-17,h10v04,4240.0,3563.0,0.1637,0.2913,0.054,324.0,2116.0,0.0,0b0000100001000100,0b00,VI produced with good quality,0b0001,Lower quality,0b01,Low,0b0,No,0b0,No,0b0,No,0b001,Land (Nothing else but land),0b0,No,0b0,No,0b00000000000000000000000000000000,0b00000000000000000000000000000000,"Good data, use with confidence"
Irrigated,US-NE2,41.1649,-96.4071,2002-12-03,h10v04,4240.0,3563.0,0.1567,0.2869,0.0546,347.0,2116.0,0.0,0b0000100001000100,0b00,VI produced with good quality,0b0001,Lower quality,0b01,Low,0b0,No,0b0,No,0b0,No,0b001,Land (Nothing else but land),0b0,No,0b0,No,0b00000000000000000000000000000000,0b00000000000000000000000000000000,"Good data, use with confidence"
Irrigated,US-NE2,41.1649,-96.4071,2002-12-19,h10v04,4240.0,3563.0,0.1395,0.2624,0.054,7.0,2120.0,0.0,0b0000100001001000,0b00,VI produced with good quality,0b0010,Decreasing quality,0b01,Low,0b0,No,0b0,No,0b0,No,0b001,Land (Nothing else but land),0b0,No,0b0,No,0b00000000000000000000000000000000,0b00000000000000000000000000000000,"Good data, use with confidence"
Irrigated,US-NE2,41.1649,-96.4071,2003-01-01,h10v04,4240.0,3563.0,0.1395,0.2624,0.054,7.0,2116.0,0.0,0b0000100001000100,0b00,VI produced with good quality,0b0001,Lower quality,0b01,Low,0b0,No,0b0,No,0b0,No,0b001,Land (Nothing else but land),0b0,No,0b0,No,0b00000000000000000000000000000000,0b00000000000000000000000000000000,"Good data, use with confidence"
Irrigated,US-NE2,41.1649,-96.4071,2003-01-17,h10v04,4240.0,3563.0,0.001,0.0007,0.6965,23.0,20497.0,2.0,0b0101000000010001,0b01,"VI produced, but check other QA",0b0100,Decreasing quality,0b00,Climatology,0b0,No,0b0,No,0b0,No,0b010,Ocean coastlines and lake shorelines,0b1,Yes,0b0,No,0b00000000000000000000000000000010,0b00000000000000000000000000000010,Snow/Ice Target covered with snow/ice
Irrigated,US-NE2,41.1649,-96.4071,2003-02-02,h10v04,4240.0,3563.0,0.1651,0.2172,0.0794,43.0,3222.0,3.0,0b0000110010010110,0b10,"Pixel produced, but most probably cloudy",0b0101,Decreasing quality,0b10,Average,0b0,No,0b0,No,0b1,Yes,0b001,Land (Nothing else but land),0b0,No,0b0,No,0b00000000000000000000000000000011,0b00000000000000000000000000000011,"Cloudy data, Target not visible, covered with cloud"
Irrigated,US-NE2,41.1649,-96.4071,2003-02-18,h10v04,4240.0,3563.0,0.1634,0.2326,0.0805,61.0,2186.0,3.0,0b0000100010001010,0b10,"Pixel produced, but most probably cloudy",0b0010,Decreasing quality,0b10,Average,0b0,No,0b0,No,0b0,No,0b001,Land (Nothing else but land),0b0,No,0b0,No,0b00000000000000000000000000000011,0b00000000000000000000000000000011,"Cloudy data, Target not visible, covered with cloud"
Irrigated,US-NE2,41.1649,-96.4071,2003-03-06,h10v04,4240.0,3563.0,0.1269,0.2517,0.0535,80.0,2112.0,0.0,0b0000100001000000,0b00,VI produced with good quality,0b0000,Highest quality,0b01,Low,0b0,No,0b0,No,0b0,No,0b001,Land (Nothing else but land),0b0,No,0b0,No,0b00000000000000000000000000000000,0b00000000000000000000000000000000,"Good data, use with confidence"
Irrigated,US-NE2,41.1649,-96.4071,2003-03-22,h10v04,4240.0,3563.0,0.1598,0.2672,0.0695,84.0,4164.0,1.0,0b0001000001000100,0b00,VI produced with good quality,0b0001,Lower quality,0b01,Low,0b0,No,0b0,No,0b0,No,0b010,Ocean coastlines and lake shorelines,0b0,No,0b0,No,0b00000000000000000000000000000001,0b00000000000000000000000000000001,"Marginal data, Useful, but look at other QA information"
Irrigated,US-NE2,41.1649,-96.4071,2003-04-07,h10v04,4240.0,3563.0,0.1917,0.3287,0.0561,112.0,2181.0,1.0,0b0000100010000101,0b01,"VI produced, but check other QA",0b0001,Lower quality,0b10,Average,0b0,No,0b0,No,0b0,No,0b001,Land (Nothing else but land),0b0,No,0b0,No,0b00000000000000000000000000000001,0b00000000000000000000000000000001,"Marginal data, Useful, but look at other QA information"
Irrigated,US-NE2,41.1649,-96.4071,2003-04-23,h10v04,4240.0,3563.0,0.1703,0.3422,0.0429,115.0,2181.0,1.0,0b0000100010000101,0b01,"VI produced, but check other QA",0b0001,Lower quality,0b10,Average,0b0,No,0b0,No,0b0,No,0b001,Land (Nothing else but land),0b0,No,0b0,No,0b00000000000000000000000000000001,0b00000000000000000000000000000001,"Marginal data, Useful, but look at other QA information"
Irrigated,US-NE2,41.1649,-96.4071,2003-05-09,h10v04,4240.0,3563.0,0.2614,0.392,0.0658,137.0,4229.0,1.0,0b0001000010000101,0b01,"VI produced, but check other QA",0b0001,Lower quality,0b10,Average,0b0,No,0b0,No,0b0,No,0b010,Ocean coastlines and lake shorelines,0b0,No,0b0,No,0b00000000000000000000000000000001,0b00000000000000000000000000000001,"Marginal data, Useful, but look at other QA information"
Irrigated,US-NE2,41.1649,-96.4071,2003-05-25,h10v04,4240.0,3563.0,0.2612,0.383,0.0727,151.0,2181.0,1.0,0b0000100010000101,0b01,"VI produced, but check other QA",0b0001,Lower quality,0b10,Average,0b0,No,0b0,No,0b0,No,0b001,Land (Nothing else but land),0b0,No,0b0,No,0b00000000000000000000000000000001,0b00000000000000000000000000000001,"Marginal data, Useful, but look at other QA information"
Irrigated,US-NE2,41.1649,-96.4071,2003-06-10,h10v04,4240.0,3563.0,0.4167,0.6189,0.0398,174.0,2112.0,0.0,0b0000100001000000,0b00,VI produced with good quality,0b0000,Highest quality,0b01,Low,0b0,No,0b0,No,0b0,No,0b001,Land (Nothing else but land),0b0,No,0b0,No,0b00000000000000000000000000000000,0b00000000000000000000000000000000,"Good data, use with confidence"
Irrigated,US-NE2,41.1649,-96.4071,2003-06-26,h10v04,4240.0,3563.0,0.3367,0.519,0.0453,183.0,4160.0,0.0,0b0001000001000000,0b00,VI produced with good quality,0b0000,Highest quality,0b01,Low,0b0,No,0b0,No,0b0,No,0b010,Ocean coastlines and lake shorelines,0b0,No,0b0,No,0b00000000000000000000000000000000,0b00000000000000000000000000000000,"Good data, use with confidence"
Irrigated,US-NE2,41.1649,-96.4071,2003-07-12,h10v04,4240.0,3563.0,0.4607,0.6179,0.0472,194.0,4160.0,0.0,0b0001000001000000,0b00,VI produced with good quality,0b0000,Highest quality,0b01,Low,0b0,No,0b0,No,0b0,No,0b010,Ocean coastlines and lake shorelines,0b0,No,0b0,No,0b00000000000000000000000000000000,0b00000000000000000000000000000000,"Good data, use with confidence"
Irrigated,US-NE2,41.1649,-96.4071,2003-07-28,h10v04,4240.0,3563.0,0.6189,0.7907,0.0358,215.0,2112.0,0.0,0b0000100001000000,0b00,VI produced with good quality,0b0000,Highest quality,0b01,Low,0b0,No,0b0,No,0b0,No,0b001,Land (Nothing else but land),0b0,No,0b0,No,0b00000000000000000000000000000000,0b00000000000000000000000000000000,"Good data, use with confidence"
Irrigated,US-NE2,41.1649,-96.4071,2003-08-13,h10v04,4240.0,3563.0,0.507,0.7385,0.0259,229.0,2112.0,0.0,0b0000100001000000,0b00,VI produced with good quality,0b0000,Highest quality,0b01,Low,0b0,No,0b0,No,0b0,No,0b001,Land (Nothing else but land),0b0,No,0b0,No,0b00000000000000000000000000000000,0b00000000000000000000000000000000,"Good data, use with confidence"
Irrigated,US-NE2,41.1649,-96.4071,2003-08-29,h10v04,4240.0,3563.0,0.568,0.7577,0.034,247.0,4160.0,0.0,0b0001000001000000,0b00,VI produced with good quality,0b0000,Highest quality,0b01,Low,0b0,No,0b0,No,0b0,No,0b010,Ocean coastlines and lake shorelines,0b0,No,0b0,No,0b00000000000000000000000000000000,0b00000000000000000000000000000000,"Good data, use with confidence"
Irrigated,US-NE2,41.1649,-96.4071,2003-09-14,h10v04,4240.0,3563.0,0.2502,0.49,0.0337,268.0,2112.0,0.0,0b0000100001000000,0b00,VI produced with good quality,0b0000,Highest quality,0b01,Low,0b0,No,0b0,No,0b0,No,0b001,Land (Nothing else but land),0b0,No,0b0,No,0b00000000000000000000000000000000,0b00000000000000000000000000000000,"Good data, use with confidence"
Irrigated,US-NE2,41.1649,-96.4071,2003-09-30,h10v04,4240.0,3563.0,0.1906,0.3302,0.0557,279.0,2112.0,0.0,0b0000100001000000,0b00,VI produced with good quality,0b0000,Highest quality,0b01,Low,0b0,No,0b0,No,0b0,No,0b001,Land (Nothing else but land),0b0,No,0b0,No,0b00000000000000000000000000000000,0b00000000000000000000000000000000,"Good data, use with confidence"
Irrigated,US-NE2,41.1649,-96.4071,2003-10-16,h10v04,4240.0,3563.0,0.1555,0.2972,0.0476,295.0,4160.0,0.0,0b0001000001000000,0b00,VI produced with good quality,0b0000,Highest quality,0b01,Low,0b0,No,0b0,No,0b0,No,0b010,Ocean coastlines and lake shorelines,0b0,No,0b0,No,0b00000000000000000000000000000000,0b00000000000000000000000000000000,"Good data, use with confidence"
Irrigated,US-NE2,41.1649,-96.4071,2003-11-01,h10v04,4240.0,3563.0,0.1457,0.254,0.0654,320.0,2116.0,0.0,0b0000100001000100,0b00,VI produced with good quality,0b0001,Lower quality,0b01,Low,0b0,No,0b0,No,0b0,No,0b001,Land (Nothing else but land),0b0,No,0b0,No,0b00000000000000000000000000000000,0b00000000000000000000000000000000,"Good data, use with confidence"
Irrigated,US-NE2,41.1649,-96.4071,2003-11-17,h10v04,4240.0,3563.0,0.1479,0.2553,0.0676,334.0,2116.0,0.0,0b0000100001000100,0b00,VI produced with good quality,0b0001,Lower quality,0b01,Low,0b0,No,0b0,No,0b0,No,0b001,Land (Nothing else but land),0b0,No,0b0,No,0b00000000000000000000000000000000,0b00000000000000000000000000000000,"Good data, use with confidence"
Irrigated,US-NE2,41.1649,-96.4071,2003-12-03,h10v04,4240.0,3563.0,-0.0687,-0.0736,0.4127,345.0,18449.0,2.0,0b0100100000010001,0b01,"VI produced, but check other QA",0b0100,Decreasing quality,0b00,Climatology,0b0,No,0b0,No,0b0,No,0b001,Land (Nothing else but land),0b1,Yes,0b0,No,0b00000000000000000000000000000010,0b00000000000000000000000000000010,Snow/Ice Target covered with snow/ice
Irrigated,US-NE2,41.1649,-96.4071,2003-12-19,h10v04,4240.0,3563.0,0.1313,0.2596,0.0581,1.0,2120.0,0.0,0b0000100001001000,0b00,VI produced with good quality,0b0010,Decreasing quality,0b01,Low,0b0,No,0b0,No,0b0,No,0b001,Land (Nothing else but land),0b0,No,0b0,No,0b00000000000000000000000000000000,0b00000000000000000000000000000000,"Good data, use with confidence"
Irrigated,US-NE2,41.1649,-96.4071,2004-01-01,h10v04,4240.0,3563.0,0.1313,0.2596,0.0581,1.0,2116.0,0.0,0b0000100001000100,0b00,VI produced with good quality,0b0001,Lower quality,0b01,Low,0b0,No,0b0,No,0b0,No,0b001,Land (Nothing else but land),0b0,No,0b0,No,0b00000000000000000000000000000000,0b00000000000000000000000000000000,"Good data, use with confidence"
Irrigated,US-NE2,41.1649,-96.4071,2004-01-17,h10v04,4240.0,3563.0,0.1304,0.2246,0.0669,21.0,2116.0,0.0,0b0000100001000100,0b00,VI produced with good quality,0b0001,Lower quality,0b01,Low,0b0,No,0b0,No,0b0,No,0b001,Land (Nothing else but land),0b0,No,0b0,No,0b00000000000000000000000000000000,0b00000000000000000000000000000000,"Good data, use with confidence"
Irrigated,US-NE2,41.1649,-96.4071,2004-02-02,h10v04,4240.0,3563.0,-0.0486,-0.0304,0.8732,33.0,20497.0,2.0,0b0101000000010001,0b01,"VI produced, but check other QA",0b0100,Decreasing quality,0b00,Climatology,0b0,No,0b0,No,0b0,No,0b010,Ocean coastlines and lake shorelines,0b1,Yes,0b0,No,0b00000000000000000000000000000010,0b00000000000000000000000000000010,Snow/Ice Target covered with snow/ice
Irrigated,US-NE2,41.1649,-96.4071,2004-02-18,h10v04,4240.0,3563.0,-0.0991,-0.0689,0.6907,51.0,18445.0,2.0,0b0100100000001101,0b01,"VI produced, but check other QA",0b0011,Decreasing quality,0b00,Climatology,0b0,No,0b0,No,0b0,No,0b001,Land (Nothing else but land),0b1,Yes,0b0,No,0b00000000000000000000000000000010,0b00000000000000000000000000000010,Snow/Ice Target covered with snow/ice
Irrigated,US-NE2,41.1649,-96.4071,2004-03-05,h10v04,4240.0,3563.0,0.1442,0.251,0.0632,74.0,4160.0,0.0,0b0001000001000000,0b00,VI produced with good quality,0b0000,Highest quality,0b01,Low,0b0,No,0b0,No,0b0,No,0b010,Ocean coastlines and lake shorelines,0b0,No,0b0,No,0b00000000000000000000000000000000,0b00000000000000000000000000000000,"Good data, use with confidence"
Irrigated,US-NE2,41.1649,-96.4071,2004-03-21,h10v04,4240.0,3563.0,0.2411,0.3566,0.076,92.0,2112.0,0.0,0b0000100001000000,0b00,VI produced with good quality,0b0000,Highest quality,0b01,Low,0b0,No,0b0,No,0b0,No,0b001,Land (Nothing else but land),0b0,No,0b0,No,0b00000000000000000000000000000000,0b00000000000000000000000000000000,"Good data, use with confidence"
Irrigated,US-NE2,41.1649,-96.4071,2004-04-06,h10v04,4240.0,3563.0,0.2349,0.3588,0.0685,99.0,2112.0,0.0,0b0000100001000000,0b00,VI produced with good quality,0b0000,Highest quality,0b01,Low,0b0,No,0b0,No,0b0,No,0b001,Land (Nothing else but land),0b0,No,0b0,No,0b00000000000000000000000000000000,0b00000000000000000000000000000000,"Good data, use with confidence"
Irrigated,US-NE2,41.1649,-96.4071,2004-04-22,h10v04,4240.0,3563.0,0.2726,0.405,0.0675,124.0,2112.0,0.0,0b0000100001000000,0b00,VI produced with good quality,0b0000,Highest quality,0b01,Low,0b0,No,0b0,No,0b0,No,0b001,Land (Nothing else but land),0b0,No,0b0,No,0b00000000000000000000000000000000,0b00000000000000000000000000000000,"Good data, use with confidence"
Irrigated,US-NE2,41.1649,-96.4071,2004-05-08,h10v04,4240.0,3563.0,0.2348,0.3531,0.0689,135.0,2116.0,1.0,0b0000100001000100,0b00,VI produced with good quality,0b0001,Lower quality,0b01,Low,0b0,No,0b0,No,0b0,No,0b001,Land (Nothing else but land),0b0,No,0b0,No,0b00000000000000000000000000000001,0b00000000000000000000000000000001,"Marginal data, Useful, but look at other QA information"
Irrigated,US-NE2,41.1649,-96.4071,2004-05-24,h10v04,4240.0,3563.0,0.1996,0.3601,0.0504,147.0,2112.0,0.0,0b0000100001000000,0b00,VI produced with good quality,0b0000,Highest quality,0b01,Low,0b0,No,0b0,No,0b0,No,0b001,Land (Nothing else but land),0b0,No,0b0,No,0b00000000000000000000000000000000,0b00000000000000000000000000000000,"Good data, use with confidence"
Irrigated,US-NE2,41.1649,-96.4071,2004-06-09,h10v04,4240.0,3563.0,0.2298,0.442,0.0376,166.0,2112.0,0.0,0b0000100001000000,0b00,VI produced with good quality,0b0000,Highest quality,0b01,Low,0b0,No,0b0,No,0b0,No,0b001,Land (Nothing else but land),0b0,No,0b0,No,0b00000000000000000000000000000000,0b00000000000000000000000000000000,"Good data, use with confidence"
Irrigated,US-NE2,41.1649,-96.4071,2004-06-25,h10v04,4240.0,3563.0,0.3185,0.5583,0.0292,186.0,2112.0,0.0,0b0000100001000000,0b00,VI produced with good quality,0b0000,Highest quality,0b01,Low,0b0,No,0b0,No,0b0,No,0b001,Land (Nothing else but land),0b0,No,0b0,No,0b00000000000000000000000000000000,0b00000000000000000000000000000000,"Good data, use with confidence"
Irrigated,US-NE2,41.1649,-96.4071,2004-07-11,h10v04,4240.0,3563.0,0.5392,0.7409,0.0242,202.0,2112.0,0.0,0b0000100001000000,0b00,VI produced with good quality,0b0000,Highest quality,0b01,Low,0b0,No,0b0,No,0b0,No,0b001,Land (Nothing else but land),0b0,No,0b0,No,0b00000000000000000000000000000000,0b00000000000000000000000000000000,"Good data, use with confidence"
Irrigated,US-NE2,41.1649,-96.4071,2004-07-27,h10v04,4240.0,3563.0,0.4742,0.71,0.0238,209.0,4160.0,0.0,0b0001000001000000,0b00,VI produced with good quality,0b0000,Highest quality,0b01,Low,0b0,No,0b0,No,0b0,No,0b010,Ocean coastlines and lake shorelines,0b0,No,0b0,No,0b00000000000000000000000000000000,0b00000000000000000000000000000000,"Good data, use with confidence"
Irrigated,US-NE2,41.1649,-96.4071,2004-08-12,h10v04,4240.0,3563.0,0.6451,0.821,0.0235,234.0,2112.0,0.0,0b0000100001000000,0b00,VI produced with good quality,0b0000,Highest quality,0b01,Low,0b0,No,0b0,No,0b0,No,0b001,Land (Nothing else but land),0b0,No,0b0,No,0b00000000000000000000000000000000,0b00000000000000000000000000000000,"Good data, use with confidence"
Irrigated,US-NE2,41.1649,-96.4071,2004-08-28,h10v04,4240.0,3563.0,0.4501,0.6937,0.0236,250.0,2112.0,0.0,0b0000100001000000,0b00,VI produced with good quality,0b0000,Highest quality,0b01,Low,0b0,No,0b0,No,0b0,No,0b001,Land (Nothing else but land),0b0,No,0b0,No,0b00000000000000000000000000000000,0b00000000000000000000000000000000,"Good data, use with confidence"
Irrigated,US-NE2,41.1649,-96.4071,2004-09-13,h10v04,4240.0,3563.0,0.4115,0.591,0.0469,257.0,2112.0,0.0,0b0000100001000000,0b00,VI produced with good quality,0b0000,Highest quality,0b01,Low,0b0,No,0b0,No,0b0,No,0b001,Land (Nothing else but land),0b0,No,0b0,No,0b00000000000000000000000000000000,0b00000000000000000000000000000000,"Good data, use with confidence"
Irrigated,US-NE2,41.1649,-96.4071,2004-09-29,h10v04,4240.0,3563.0,0.1692,0.3258,0.0579,282.0,2112.0,0.0,0b0000100001000000,0b00,VI produced with good quality,0b0000,Highest quality,0b01,Low,0b0,No,0b0,No,0b0,No,0b001,Land (Nothing else but land),0b0,No,0b0,No,0b00000000000000000000000000000000,0b00000000000000000000000000000000,"Good data, use with confidence"
Irrigated,US-NE2,41.1649,-96.4071,2004-10-15,h10v04,4240.0,3563.0,0.1848,0.347,0.0492,298.0,2112.0,0.0,0b0000100001000000,0b00,VI produced with good quality,0b0000,Highest quality,0b01,Low,0b0,No,0b0,No,0b0,No,0b001,Land (Nothing else but land),0b0,No,0b0,No,0b00000000000000000000000000000000,0b00000000000000000000000000000000,"Good data, use with confidence"
Irrigated,US-NE2,41.1649,-96.4071,2004-10-31,h10v04,4240.0,3563.0,0.2255,0.4208,0.0529,312.0,2112.0,0.0,0b0000100001000000,0b00,VI produced with good quality,0b0000,Highest quality,0b01,Low,0b0,No,0b0,No,0b0,No,0b001,Land (Nothing else but land),0b0,No,0b0,No,0b00000000000000000000000000000000,0b00000000000000000000000000000000,"Good data, use with confidence"
Irrigated,US-NE2,41.1649,-96.4071,2004-11-16,h10v04,4240.0,3563.0,0.1847,0.3443,0.052,325.0,2116.0,0.0,0b0000100001000100,0b00,VI produced with good quality,0b0001,Lower quality,0b01,Low,0b0,No,0b0,No,0b0,No,0b001,Land (Nothing else but land),0b0,No,0b0,No,0b00000000000000000000000000000000,0b00000000000000000000000000000000,"Good data, use with confidence"
Irrigated,US-NE2,41.1649,-96.4071,2004-12-02,h10v04,4240.0,3563.0,0.2296,0.4057,0.0496,348.0,2116.0,0.0,0b0000100001000100,0b00,VI produced with good quality,0b0001,Lower quality,0b01,Low,0b0,No,0b0,No,0b0,No,0b001,Land (Nothing else but land),0b0,No,0b0,No,0b00000000000000000000000000000000,0b00000000000000000000000000000000,"Good data, use with confidence"
Irrigated,US-NE2,41.1649,-96.4071,2004-12-18,h10v04,4240.0,3563.0,0.187,0.3359,0.0523,355.0,2120.0,0.0,0b0000100001001000,0b00,VI produced with good quality,0b0010,Decreasing quality,0b01,Low,0b0,No,0b0,No,0b0,No,0b001,Land (Nothing else but land),0b0,No,0b0,No,0b00000000000000000000000000000000,0b00000000000000000000000000000000,"Good data, use with confidence"
Irrigated,US-NE2,41.1649,-96.4071,2005-01-01,h10v04,4240.0,3563.0,-0.0179,-0.0109,0.8935,6.0,2066.0,3.0,0b0000100000010010,0b10,"Pixel produced, but most probably cloudy",0b0100,Decreasing quality,0b00,Climatology,0b0,No,0b0,No,0b0,No,0b001,Land (Nothing else but land),0b0,No,0b0,No,0b00000000000000000000000000000011,0b00000000000000000000000000000011,"Cloudy data, Target not visible, covered with cloud"
Irrigated,US-NE2,41.1649,-96.4071,2005-01-17,h10v04,4240.0,3563.0,-0.0512,-0.032,0.8741,17.0,18449.0,2.0,0b0100100000010001,0b01,"VI produced, but check other QA",0b0100,Decreasing quality,0b00,Climatology,0b0,No,0b0,No,0b0,No,0b001,Land (Nothing else but land),0b1,Yes,0b0,No,0b00000000000000000000000000000010,0b00000000000000000000000000000010,Snow/Ice Target covered with snow/ice
Irrigated,US-NE2,41.1649,-96.4071,2005-02-02,h10v04,4240.0,3563.0,0.1497,0.296,0.0497,35.0,2112.0,0.0,0b0000100001000000,0b00,VI produced with good quality,0b0000,Highest quality,0b01,Low,0b0,No,0b0,No,0b0,No,0b001,Land (Nothing else but land),0b0,No,0b0,No,0b00000000000000000000000000000000,0b00000000000000000000000000000000,"Good data, use with confidence"
Irrigated,US-NE2,41.1649,-96.4071,2005-02-18,h10v04,4240.0,3563.0,0.1587,0.3012,0.0532,60.0,2112.0,0.0,0b0000100001000000,0b00,VI produced with good quality,0b0000,Highest quality,0b01,Low,0b0,No,0b0,No,0b0,No,0b001,Land (Nothing else but land),0b0,No,0b0,No,0b00000000000000000000000000000000,0b00000000000000000000000000000000,"Good data, use with confidence"
Irrigated,US-NE2,41.1649,-96.4071,2005-03-06,h10v04,4240.0,3563.0,0.1609,0.282,0.0607,69.0,2112.0,0.0,0b0000100001000000,0b00,VI produced with good quality,0b0000,Highest quality,0b01,Low,0b0,No,0b0,No,0b0,No,0b001,Land (Nothing else but land),0b0,No,0b0,No,0b00000000000000000000000000000000,0b00000000000000000000000000000000,"Good data, use with confidence"
Irrigated,US-NE2,41.1649,-96.4071,2005-03-22,h10v04,4240.0,3563.0,0.2333,0.3788,0.0601,92.0,2181.0,1.0,0b0000100010000101,0b01,"VI produced, but check other QA",0b0001,Lower quality,0b10,Average,0b0,No,0b0,No,0b0,No,0b001,Land (Nothing else but land),0b0,No,0b0,No,0b00000000000000000000000000000001,0b00000000000000000000000000000001,"Marginal data, Useful, but look at other QA information"
Irrigated,US-NE2,41.1649,-96.4071,2005-04-07,h10v04,4240.0,3563.0,0.2548,0.4345,0.0533,97.0,2112.0,0.0,0b0000100001000000,0b00,VI produced with good quality,0b0000,Highest quality,0b01,Low,0b0,No,0b0,No,0b0,No,0b001,Land (Nothing else but land),0b0,No,0b0,No,0b00000000000000000000000000000000,0b00000000000000000000000000000000,"Good data, use with confidence"
Irrigated,US-NE2,41.1649,-96.4071,2005-04-23,h10v04,4240.0,3563.0,0.2453,0.4396,0.0471,113.0,4160.0,0.0,0b0001000001000000,0b00,VI produced with good quality,0b0000,Highest quality,0b01,Low,0b0,No,0b0,No,0b0,No,0b010,Ocean coastlines and lake shorelines,0b0,No,0b0,No,0b00000000000000000000000000000000,0b00000000000000000000000000000000,"Good data, use with confidence"
Irrigated,US-NE2,41.1649,-96.4071,2005-05-09,h10v04,4240.0,3563.0,0.2918,0.4469,0.0574,140.0,4160.0,0.0,0b0001000001000000,0b00,VI produced with good quality,0b0000,Highest quality,0b01,Low,0b0,No,0b0,No,0b0,No,0b010,Ocean coastlines and lake shorelines,0b0,No,0b0,No,0b00000000000000000000000000000000,0b00000000000000000000000000000000,"Good data, use with confidence"
Irrigated,US-NE2,41.1649,-96.4071,2005-05-25,h10v04,4240.0,3563.0,0.3018,0.4888,0.0452,147.0,4160.0,0.0,0b0001000001000000,0b00,VI produced with good quality,0b0000,Highest quality,0b01,Low,0b0,No,0b0,No,0b0,No,0b010,Ocean coastlines and lake shorelines,0b0,No,0b0,No,0b00000000000000000000000000000000,0b00000000000000000000000000000000,"Good data, use with confidence"
Irrigated,US-NE2,41.1649,-96.4071,2005-06-10,h10v04,4240.0,3563.0,0.3125,0.4846,0.0486,172.0,2181.0,1.0,0b0000100010000101,0b01,"VI produced, but check other QA",0b0001,Lower quality,0b10,Average,0b0,No,0b0,No,0b0,No,0b001,Land (Nothing else but land),0b0,No,0b0,No,0b00000000000000000000000000000001,0b00000000000000000000000000000001,"Marginal data, Useful, but look at other QA information"
Irrigated,US-NE2,41.1649,-96.4071,2005-06-26,h10v04,4240.0,3563.0,0.4365,0.6431,0.0395,186.0,2112.0,0.0,0b0000100001000000,0b00,VI produced with good quality,0b0000,Highest quality,0b01,Low,0b0,No,0b0,No,0b0,No,0b001,Land (Nothing else but land),0b0,No,0b0,No,0b00000000000000000000000000000000,0b00000000000000000000000000000000,"Good data, use with confidence"
Irrigated,US-NE2,41.1649,-96.4071,2005-07-12,h10v04,4240.0,3563.0,0.5832,0.7717,0.0367,204.0,4160.0,0.0,0b0001000001000000,0b00,VI produced with good quality,0b0000,Highest quality,0b01,Low,0b0,No,0b0,No,0b0,No,0b010,Ocean coastlines and lake shorelines,0b0,No,0b0,No,0b00000000000000000000000000000000,0b00000000000000000000000000000000,"Good data, use with confidence"
Irrigated,US-NE2,41.1649,-96.4071,2005-07-28,h10v04,4240.0,3563.0,0.4361,0.6523,0.0268,220.0,2181.0,1.0,0b0000100010000101,0b01,"VI produced, but check other QA",0b0001,Lower quality,0b10,Average,0b0,No,0b0,No,0b0,No,0b001,Land (Nothing else but land),0b0,No,0b0,No,0b00000000000000000000000000000001,0b00000000000000000000000000000001,"Marginal data, Useful, but look at other QA information"
Irrigated,US-NE2,41.1649,-96.4071,2005-08-13,h10v04,4240.0,3563.0,0.5184,0.6812,0.0413,240.0,4233.0,1.0,0b0001000010001001,0b01,"VI produced, but check other QA",0b0010,Decreasing quality,0b10,Average,0b0,No,0b0,No,0b0,No,0b010,Ocean coastlines and lake shorelines,0b0,No,0b0,No,0b00000000000000000000000000000001,0b00000000000000000000000000000001,"Marginal data, Useful, but look at other QA information"
Irrigated,US-NE2,41.1649,-96.4071,2005-08-29,h10v04,4240.0,3563.0,0.3184,0.5356,0.0378,252.0,2112.0,0.0,0b0000100001000000,0b00,VI produced with good quality,0b0000,Highest quality,0b01,Low,0b0,No,0b0,No,0b0,No,0b001,Land (Nothing else but land),0b0,No,0b0,No,0b00000000000000000000000000000000,0b00000000000000000000000000000000,"Good data, use with confidence"
Irrigated,US-NE2,41.1649,-96.4071,2005-09-14,h10v04,4240.0,3563.0,0.2952,0.4895,0.0404,259.0,4160.0,0.0,0b0001000001000000,0b00,VI produced with good quality,0b0000,Highest quality,0b01,Low,0b0,No,0b0,No,0b0,No,0b010,Ocean coastlines and lake shorelines,0b0,No,0b0,No,0b00000000000000000000000000000000,0b00000000000000000000000000000000,"Good data, use with confidence"
Irrigated,US-NE2,41.1649,-96.4071,2005-09-30,h10v04,4240.0,3563.0,0.1472,0.2741,0.0554,286.0,2112.0,0.0,0b0000100001000000,0b00,VI produced with good quality,0b0000,Highest quality,0b01,Low,0b0,No,0b0,No,0b0,No,0b001,Land (Nothing else but land),0b0,No,0b0,No,0b00000000000000000000000000000000,0b00000000000000000000000000000000,"Good data, use with confidence"
Irrigated,US-NE2,41.1649,-96.4071,2005-10-16,h10v04,4240.0,3563.0,0.1348,0.2708,0.0501,300.0,2112.0,0.0,0b0000100001000000,0b00,VI produced with good quality,0b0000,Highest quality,0b01,Low,0b0,No,0b0,No,0b0,No,0b001,Land (Nothing else but land),0b0,No,0b0,No,0b00000000000000000000000000000000,0b00000000000000000000000000000000,"Good data, use with confidence"
Irrigated,US-NE2,41.1649,-96.4071,2005-11-01,h10v04,4240.0,3563.0,0.1551,0.282,0.0607,314.0,2112.0,0.0,0b0000100001000000,0b00,VI produced with good quality,0b0000,Highest quality,0b01,Low,0b0,No,0b0,No,0b0,No,0b001,Land (Nothing else but land),0b0,No,0b0,No,0b00000000000000000000000000000000,0b00000000000000000000000000000000,"Good data, use with confidence"
Irrigated,US-NE2,41.1649,-96.4071,2005-11-17,h10v04,4240.0,3563.0,0.1413,0.2536,0.0609,330.0,2116.0,0.0,0b0000100001000100,0b00,VI produced with good quality,0b0001,Lower quality,0b01,Low,0b0,No,0b0,No,0b0,No,0b001,Land (Nothing else but land),0b0,No,0b0,No,0b00000000000000000000000000000000,0b00000000000000000000000000000000,"Good data, use with confidence"
Irrigated,US-NE2,41.1649,-96.4071,2005-12-03,h10v04,4240.0,3563.0,0.1458,0.2435,0.0735,350.0,2185.0,1.0,0b0000100010001001,0b01,"VI produced, but check other QA",0b0010,Decreasing quality,0b10,Average,0b0,No,0b0,No,0b0,No,0b001,Land (Nothing else but land),0b0,No,0b0,No,0b00000000000000000000000000000001,0b00000000000000000000000000000001,"Marginal data, Useful, but look at other QA information"
Irrigated,US-NE2,41.1649,-96.4071,2005-12-19,h10v04,4240.0,3563.0,0.1422,0.2709,0.0624,6.0,2120.0,0.0,0b0000100001001000,0b00,VI produced with good quality,0b0010,Decreasing quality,0b01,Low,0b0,No,0b0,No,0b0,No,0b001,Land (Nothing else but land),0b0,No,0b0,No,0b00000000000000000000000000000000,0b00000000000000000000000000000000,"Good data, use with confidence"
Irrigated,US-NE2,41.1649,-96.4071,2006-01-01,h10v04,4240.0,3563.0,0.132,0.2396,0.0609,15.0,2116.0,0.0,0b0000100001000100,0b00,VI produced with good quality,0b0001,Lower quality,0b01,Low,0b0,No,0b0,No,0b0,No,0b001,Land (Nothing else but land),0b0,No,0b0,No,0b00000000000000000000000000000000,0b00000000000000000000000000000000,"Good data, use with confidence"
Irrigated,US-NE2,41.1649,-96.4071,2006-01-17,h10v04,4240.0,3563.0,0.1356,0.2434,0.0618,24.0,2116.0,0.0,0b0000100001000100,0b00,VI produced with good quality,0b0001,Lower quality,0b01,Low,0b0,No,0b0,No,0b0,No,0b001,Land (Nothing else but land),0b0,No,0b0,No,0b00000000000000000000000000000000,0b00000000000000000000000000000000,"Good data, use with confidence"
Irrigated,US-NE2,41.1649,-96.4071,2006-02-02,h10v04,4240.0,3563.0,0.1311,0.2383,0.0652,45.0,2112.0,0.0,0b0000100001000000,0b00,VI produced with good quality,0b0000,Highest quality,0b01,Low,0b0,No,0b0,No,0b0,No,0b001,Land (Nothing else but land),0b0,No,0b0,No,0b00000000000000000000000000000000,0b00000000000000000000000000000000,"Good data, use with confidence"
Irrigated,US-NE2,41.1649,-96.4071,2006-02-18,h10v04,4240.0,3563.0,0.1389,0.2492,0.0665,54.0,2112.0,0.0,0b0000100001000000,0b00,VI produced with good quality,0b0000,Highest quality,0b01,Low,0b0,No,0b0,No,0b0,No,0b001,Land (Nothing else but land),0b0,No,0b0,No,0b00000000000000000000000000000000,0b00000000000000000000000000000000,"Good data, use with confidence"
Irrigated,US-NE2,41.1649,-96.4071,2006-03-06,h10v04,4240.0,3563.0,0.157,0.2892,0.0579,70.0,2181.0,1.0,0b0000100010000101,0b01,"VI produced, but check other QA",0b0001,Lower quality,0b10,Average,0b0,No,0b0,No,0b0,No,0b001,Land (Nothing else but land),0b0,No,0b0,No,0b00000000000000000000000000000001,0b00000000000000000000000000000001,"Marginal data, Useful, but look at other QA information"
Irrigated,US-NE2,41.1649,-96.4071,2006-03-22,h10v04,4240.0,3563.0,0.1452,0.2734,0.0557,93.0,4160.0,0.0,0b0001000001000000,0b00,VI produced with good quality,0b0000,Highest quality,0b01,Low,0b0,No,0b0,No,0b0,No,0b010,Ocean coastlines and lake shorelines,0b0,No,0b0,No,0b00000000000000000000000000000000,0b00000000000000000000000000000000,"Good data, use with confidence"
Irrigated,US-NE2,41.1649,-96.4071,2006-04-07,h10v04,4240.0,3563.0,0.2322,0.3553,0.0717,102.0,2112.0,0.0,0b0000100001000000,0b00,VI produced with good quality,0b0000,Highest quality,0b01,Low,0b0,No,0b0,No,0b0,No,0b001,Land (Nothing else but land),0b0,No,0b0,No,0b00000000000000000000000000000000,0b00000000000000000000000000000000,"Good data, use with confidence"
Irrigated,US-NE2,41.1649,-96.4071,2006-04-23,h10v04,4240.0,3563.0,0.2277,0.3383,0.0682,113.0,2181.0,1.0,0b0000100010000101,0b01,"VI produced, but check other QA",0b0001,Lower quality,0b10,Average,0b0,No,0b0,No,0b0,No,0b001,Land (Nothing else but land),0b0,No,0b0,No,0b00000000000000000000000000000001,0b00000000000000000000000000000001,"Marginal data, Useful, but look at other QA information"
Irrigated,US-NE2,41.1649,-96.4071,2006-05-09,h10v04,4240.0,3563.0,0.2759,0.4071,0.0703,129.0,2112.0,0.0,0b0000100001000000,0b00,VI produced with good quality,0b0000,Highest quality,0b01,Low,0b0,No,0b0,No,0b0,No,0b001,Land (Nothing else but land),0b0,No,0b0,No,0b00000000000000000000000000000000,0b00000000000000000000000000000000,"Good data, use with confidence"
Irrigated,US-NE2,41.1649,-96.4071,2006-05-25,h10v04,4240.0,3563.0,0.2451,0.3978,0.0547,157.0,2112.0,0.0,0b0000100001000000,0b00,VI produced with good quality,0b0000,Highest quality,0b01,Low,0b0,No,0b0,No,0b0,No,0b001,Land (Nothing else but land),0b0,No,0b0,No,0b00000000000000000000000000000000,0b00000000000000000000000000000000,"Good data, use with confidence"
Irrigated,US-NE2,41.1649,-96.4071,2006-06-10,h10v04,4240.0,3563.0,0.3591,0.5458,0.0494,173.0,2112.0,0.0,0b0000100001000000,0b00,VI produced with good quality,0b0000,Highest quality,0b01,Low,0b0,No,0b0,No,0b0,No,0b001,Land (Nothing else but land),0b0,No,0b0,No,0b00000000000000000000000000000000,0b00000000000000000000000000000000,"Good data, use with confidence"
Irrigated,US-NE2,41.1649,-96.4071,2006-06-26,h10v04,4240.0,3563.0,0.3751,0.5531,0.0453,182.0,2181.0,1.0,0b0000100010000101,0b01,"VI produced, but check other QA",0b0001,Lower quality,0b10,Average,0b0,No,0b0,No,0b0,No,0b001,Land (Nothing else but land),0b0,No,0b0,No,0b00000000000000000000000000000001,0b00000000000000000000000000000001,"Marginal data, Useful, but look at other QA information"
Irrigated,US-NE2,41.1649,-96.4071,2006-07-12,h10v04,4240.0,3563.0,0.4108,0.6377,0.0301,207.0,2112.0,0.0,0b0000100001000000,0b00,VI produced with good quality,0b0000,Highest quality,0b01,Low,0b0,No,0b0,No,0b0,No,0b001,Land (Nothing else but land),0b0,No,0b0,No,0b00000000000000000000000000000000,0b00000000000000000000000000000000,"Good data, use with confidence"
Irrigated,US-NE2,41.1649,-96.4071,2006-07-28,h10v04,4240.0,3563.0,0.3997,0.6232,0.0291,216.0,2112.0,0.0,0b0000100001000000,0b00,VI produced with good quality,0b0000,Highest quality,0b01,Low,0b0,No,0b0,No,0b0,No,0b001,Land (Nothing else but land),0b0,No,0b0,No,0b00000000000000000000000000000000,0b00000000000000000000000000000000,"Good data, use with confidence"
Irrigated,US-NE2,41.1649,-96.4071,2006-08-13,h10v04,4240.0,3563.0,0.5985,0.8446,0.018,226.0,4164.0,0.0,0b0001000001000100,0b00,VI produced with good quality,0b0001,Lower quality,0b01,Low,0b0,No,0b0,No,0b0,No,0b010,Ocean coastlines and lake shorelines,0b0,No,0b0,No,0b00000000000000000000000000000000,0b00000000000000000000000000000000,"Good data, use with confidence"
Irrigated,US-NE2,41.1649,-96.4071,2006-08-29,h10v04,4240.0,3563.0,0.3585,0.5966,0.0326,248.0,2112.0,0.0,0b0000100001000000,0b00,VI produced with good quality,0b0000,Highest quality,0b01,Low,0b0,No,0b0,No,0b0,No,0b001,Land (Nothing else but land),0b0,No,0b0,No,0b00000000000000000000000000000000,0b00000000000000000000000000000000,"Good data, use with confidence"
Irrigated,US-NE2,41.1649,-96.4071,2006-09-14,h10v04,4240.0,3563.0,0.222,0.413,0.0403,262.0,4160.0,0.0,0b0001000001000000,0b00,VI produced with good quality,0b0000,Highest quality,0b01,Low,0b0,No,0b0,No,0b0,No,0b010,Ocean coastlines and lake shorelines,0b0,No,0b0,No,0b00000000000000000000000000000000,0b00000000000000000000000000000000,"Good data, use with confidence"
Irrigated,US-NE2,41.1649,-96.4071,2006-09-30,h10v04,4240.0,3563.0,0.1998,0.337,0.0582,287.0,4160.0,0.0,0b0001000001000000,0b00,VI produced with good quality,0b0000,Highest quality,0b01,Low,0b0,No,0b0,No,0b0,No,0b010,Ocean coastlines and lake shorelines,0b0,No,0b0,No,0b00000000000000000000000000000000,0b00000000000000000000000000000000,"Good data, use with confidence"
Irrigated,US-NE2,41.1649,-96.4071,2006-10-16,h10v04,4240.0,3563.0,0.174,0.3053,0.0573,296.0,2372.0,1.0,0b0000100101000100,0b00,VI produced with good quality,0b0001,Lower quality,0b01,Low,0b1,Yes,0b0,No,0b0,No,0b001,Land (Nothing else but land),0b0,No,0b0,No,0b00000000000000000000000000000001,0b00000000000000000000000000000001,"Marginal data, Useful, but look at other QA information"
Irrigated,US-NE2,41.1649,-96.4071,2006-11-01,h10v04,4240.0,3563.0,0.1751,0.3191,0.0627,310.0,2112.0,0.0,0b0000100001000000,0b00,VI produced with good quality,0b0000,Highest quality,0b01,Low,0b0,No,0b0,No,0b0,No,0b001,Land (Nothing else but land),0b0,No,0b0,No,0b00000000000000000000000000000000,0b00000000000000000000000000000000,"Good data, use with confidence"
Irrigated,US-NE2,41.1649,-96.4071,2006-11-17,h10v04,4240.0,3563.0,0.1537,0.2714,0.0588,321.0,2116.0,0.0,0b0000100001000100,0b00,VI produced with good quality,0b0001,Lower quality,0b01,Low,0b0,No,0b0,No,0b0,No,0b001,Land (Nothing else but land),0b0,No,0b0,No,0b00000000000000000000000000000000,0b00000000000000000000000000000000,"Good data, use with confidence"
Irrigated,US-NE2,41.1649,-96.4071,2006-12-03,h10v04,4240.0,3563.0,0.1279,0.238,0.0629,342.0,4164.0,0.0,0b0001000001000100,0b00,VI produced with good quality,0b0001,Lower quality,0b01,Low,0b0,No,0b0,No,0b0,No,0b010,Ocean coastlines and lake shorelines,0b0,No,0b0,No,0b00000000000000000000000000000000,0b00000000000000000000000000000000,"Good data, use with confidence"
Irrigated,US-NE2,41.1649,-96.4071,2006-12-19,h10v04,4240.0,3563.0,0.1253,0.2674,0.0502,360.0,2120.0,0.0,0b0000100001001000,0b00,VI produced with good quality,0b0010,Decreasing quality,0b01,Low,0b0,No,0b0,No,0b0,No,0b001,Land (Nothing else but land),0b0,No,0b0,No,0b00000000000000000000000000000000,0b00000000000000000000000000000000,"Good data, use with confidence"
Irrigated,US-NE2,41.1649,-96.4071,2007-01-01,h10v04,4240.0,3563.0,0.1172,0.2579,0.0503,9.0,2185.0,1.0,0b0000100010001001,0b01,"VI produced, but check other QA",0b0010,Decreasing quality,0b10,Average,0b0,No,0b0,No,0b0,No,0b001,Land (Nothing else but land),0b0,No,0b0,No,0b00000000000000000000000000000001,0b00000000000000000000000000000001,"Marginal data, Useful, but look at other QA information"
Irrigated,US-NE2,41.1649,-96.4071,2007-01-17,h10v04,4240.0,3563.0,-0.0358,-0.0234,0.7784,24.0,18453.0,2.0,0b0100100000010101,0b01,"VI produced, but check other QA",0b0101,Decreasing quality,0b00,Climatology,0b0,No,0b0,No,0b0,No,0b001,Land (Nothing else but land),0b1,Yes,0b0,No,0b00000000000000000000000000000010,0b00000000000000000000000000000010,Snow/Ice Target covered with snow/ice
Irrigated,US-NE2,41.1649,-96.4071,2007-02-02,h10v04,4240.0,3563.0,0.0358,0.0272,0.4666,37.0,2062.0,3.0,0b0000100000001110,0b10,"Pixel produced, but most probably cloudy",0b0011,Decreasing quality,0b00,Climatology,0b0,No,0b0,No,0b0,No,0b001,Land (Nothing else but land),0b0,No,0b0,No,0b00000000000000000000000000000011,0b00000000000000000000000000000011,"Cloudy data, Target not visible, covered with cloud"
Irrigated,US-NE2,41.1649,-96.4071,2007-02-18,h10v04,4240.0,3563.0,0.1035,0.2423,0.0499,53.0,2185.0,1.0,0b0000100010001001,0b01,"VI produced, but check other QA",0b0010,Decreasing quality,0b10,Average,0b0,No,0b0,No,0b0,No,0b001,Land (Nothing else but land),0b0,No,0b0,No,0b00000000000000000000000000000001,0b00000000000000000000000000000001,"Marginal data, Useful, but look at other QA information"
Irrigated,US-NE2,41.1649,-96.4071,2007-03-06,h10v04,4240.0,3563.0,0.1361,0.2704,0.0523,75.0,2112.0,0.0,0b0000100001000000,0b00,VI produced with good quality,0b0000,Highest quality,0b01,Low,0b0,No,0b0,No,0b0,No,0b001,Land (Nothing else but land),0b0,No,0b0,No,0b00000000000000000000000000000000,0b00000000000000000000000000000000,"Good data, use with confidence"
Irrigated,US-NE2,41.1649,-96.4071,2007-03-22,h10v04,4240.0,3563.0,0.2141,0.4179,0.0457,91.0,2112.0,0.0,0b0000100001000000,0b00,VI produced with good quality,0b0000,Highest quality,0b01,Low,0b0,No,0b0,No,0b0,No,0b001,Land (Nothing else but land),0b0,No,0b0,No,0b00000000000000000000000000000000,0b00000000000000000000000000000000,"Good data, use with confidence"
Irrigated,US-NE2,41.1649,-96.4071,2007-04-07,h10v04,4240.0,3563.0,0.214,0.3449,0.0611,98.0,2112.0,0.0,0b0000100001000000,0b00,VI produced with good quality,0b0000,Highest quality,0b01,Low,0b0,No,0b0,No,0b0,No,0b001,Land (Nothing else but land),0b0,No,0b0,No,0b00000000000000000000000000000000,0b00000000000000000000000000000000,"Good data, use with confidence"
Irrigated,US-NE2,41.1649,-96.4071,2007-04-23,h10v04,4240.0,3563.0,0.21,0.3311,0.0653,119.0,2112.0,0.0,0b0000100001000000,0b00,VI produced with good quality,0b0000,Highest quality,0b01,Low,0b0,No,0b0,No,0b0,No,0b001,Land (Nothing else but land),0b0,No,0b0,No,0b00000000000000000000000000000000,0b00000000000000000000000000000000,"Good data, use with confidence"
Irrigated,US-NE2,41.1649,-96.4071,2007-05-09,h10v04,4240.0,3563.0,0.285,0.4101,0.0715,130.0,2181.0,1.0,0b0000100010000101,0b01,"VI produced, but check other QA",0b0001,Lower quality,0b10,Average,0b0,No,0b0,No,0b0,No,0b001,Land (Nothing else but land),0b0,No,0b0,No,0b00000000000000000000000000000001,0b00000000000000000000000000000001,"Marginal data, Useful, but look at other QA information"
Irrigated,US-NE2,41.1649,-96.4071,2007-05-25,h10v04,4240.0,3563.0,0.398,0.6113,0.0453,155.0,2181.0,1.0,0b0000100010000101,0b01,"VI produced, but check other QA",0b0001,Lower quality,0b10,Average,0b0,No,0b0,No,0b0,No,0b001,Land (Nothing else but land),0b0,No,0b0,No,0b00000000000000000000000000000001,0b00000000000000000000000000000001,"Marginal data, Useful, but look at other QA information"
Irrigated,US-NE2,41.1649,-96.4071,2007-06-10,h10v04,4240.0,3563.0,0.3312,0.4958,0.0455,171.0,2112.0,0.0,0b0000100001000000,0b00,VI produced with good quality,0b0000,Highest quality,0b01,Low,0b0,No,0b0,No,0b0,No,0b001,Land (Nothing else but land),0b0,No,0b0,No,0b00000000000000000000000000000000,0b00000000000000000000000000000000,"Good data, use with confidence"
Irrigated,US-NE2,41.1649,-96.4071,2007-06-26,h10v04,4240.0,3563.0,0.3657,0.5732,0.0284,185.0,2112.0,0.0,0b0000100001000000,0b00,VI produced with good quality,0b0000,Highest quality,0b01,Low,0b0,No,0b0,No,0b0,No,0b001,Land (Nothing else but land),0b0,No,0b0,No,0b00000000000000000000000000000000,0b00000000000000000000000000000000,"Good data, use with confidence"
Irrigated,US-NE2,41.1649,-96.4071,2007-07-12,h10v04,4240.0,3563.0,0.4557,0.6899,0.0231,194.0,2112.0,0.0,0b0000100001000000,0b00,VI produced with good quality,0b0000,Highest quality,0b01,Low,0b0,No,0b0,No,0b0,No,0b001,Land (Nothing else but land),0b0,No,0b0,No,0b00000000000000000000000000000000,0b00000000000000000000000000000000,"Good data, use with confidence"
Irrigated,US-NE2,41.1649,-96.4071,2007-07-28,h10v04,4240.0,3563.0,0.3841,0.6375,0.0216,224.0,2181.0,1.0,0b0000100010000101,0b01,"VI produced, but check other QA",0b0001,Lower quality,0b10,Average,0b0,No,0b0,No,0b0,No,0b001,Land (Nothing else but land),0b0,No,0b0,No,0b00000000000000000000000000000001,0b00000000000000000000000000000001,"Marginal data, Useful, but look at other QA information"
Irrigated,US-NE2,41.1649,-96.4071,2007-08-13,h10v04,4240.0,3563.0,0.5403,0.7773,0.0251,226.0,4160.0,0.0,0b0001000001000000,0b00,VI produced with good quality,0b0000,Highest quality,0b01,Low,0b0,No,0b0,No,0b0,No,0b010,Ocean coastlines and lake shorelines,0b0,No,0b0,No,0b00000000000000000000000000000000,0b00000000000000000000000000000000,"Good data, use with confidence"
Irrigated,US-NE2,41.1649,-96.4071,2007-08-29,h10v04,4240.0,3563.0,0.4672,0.729,0.0241,242.0,2112.0,0.0,0b0000100001000000,0b00,VI produced with good quality,0b0000,Highest quality,0b01,Low,0b0,No,0b0,No,0b0,No,0b001,Land (Nothing else but land),0b0,No,0b0,No,0b00000000000000000000000000000000,0b00000000000000000000000000000000,"Good data, use with confidence"
Irrigated,US-NE2,41.1649,-96.4071,2007-09-14,h10v04,4240.0,3563.0,0.2032,0.3993,0.0356,265.0,4160.0,0.0,0b0001000001000000,0b00,VI produced with good quality,0b0000,Highest quality,0b01,Low,0b0,No,0b0,No,0b0,No,0b010,Ocean coastlines and lake shorelines,0b0,No,0b0,No,0b00000000000000000000000000000000,0b00000000000000000000000000000000,"Good data, use with confidence"
Irrigated,US-NE2,41.1649,-96.4071,2007-09-30,h10v04,4240.0,3563.0,0.1864,0.3594,0.0444,274.0,4160.0,0.0,0b0001000001000000,0b00,VI produced with good quality,0b0000,Highest quality,0b01,Low,0b0,No,0b0,No,0b0,No,0b010,Ocean coastlines and lake shorelines,0b0,No,0b0,No,0b00000000000000000000000000000000,0b00000000000000000000000000000000,"Good data, use with confidence"
Irrigated,US-NE2,41.1649,-96.4071,2007-10-16,h10v04,4240.0,3563.0,0.1819,0.3386,0.049,297.0,2112.0,0.0,0b0000100001000000,0b00,VI produced with good quality,0b0000,Highest quality,0b01,Low,0b0,No,0b0,No,0b0,No,0b001,Land (Nothing else but land),0b0,No,0b0,No,0b00000000000000000000000000000000,0b00000000000000000000000000000000,"Good data, use with confidence"
Irrigated,US-NE2,41.1649,-96.4071,2007-11-01,h10v04,4240.0,3563.0,0.1869,0.3139,0.0605,306.0,4160.0,0.0,0b0001000001000000,0b00,VI produced with good quality,0b0000,Highest quality,0b01,Low,0b0,No,0b0,No,0b0,No,0b010,Ocean coastlines and lake shorelines,0b0,No,0b0,No,0b00000000000000000000000000000000,0b00000000000000000000000000000000,"Good data, use with confidence"
Irrigated,US-NE2,41.1649,-96.4071,2007-11-17,h10v04,4240.0,3563.0,0.1696,0.2763,0.0682,329.0,2116.0,0.0,0b0000100001000100,0b00,VI produced with good quality,0b0001,Lower quality,0b01,Low,0b0,No,0b0,No,0b0,No,0b001,Land (Nothing else but land),0b0,No,0b0,No,0b00000000000000000000000000000000,0b00000000000000000000000000000000,"Good data, use with confidence"
Irrigated,US-NE2,41.1649,-96.4071,2007-12-03,h10v04,4240.0,3563.0,-0.0118,-0.0074,0.8561,344.0,18453.0,2.0,0b0100100000010101,0b01,"VI produced, but check other QA",0b0101,Decreasing quality,0b00,Climatology,0b0,No,0b0,No,0b0,No,0b001,Land (Nothing else but land),0b1,Yes,0b0,No,0b00000000000000000000000000000010,0b00000000000000000000000000000010,Snow/Ice Target covered with snow/ice
Irrigated,US-NE2,41.1649,-96.4071,2007-12-19,h10v04,4240.0,3563.0,-0.0347,-0.0325,0.7938,3.0,18453.0,2.0,0b0100100000010101,0b01,"VI produced, but check other QA",0b0101,Decreasing quality,0b00,Climatology,0b0,No,0b0,No,0b0,No,0b001,Land (Nothing else but land),0b1,Yes,0b0,No,0b00000000000000000000000000000010,0b00000000000000000000000000000010,Snow/Ice Target covered with snow/ice
Irrigated,US-NE2,41.1649,-96.4071,2008-01-01,h10v04,4240.0,3563.0,-0.019,-0.0126,0.6993,11.0,20501.0,2.0,0b0101000000010101,0b01,"VI produced, but check other QA",0b0101,Decreasing quality,0b00,Climatology,0b0,No,0b0,No,0b0,No,0b010,Ocean coastlines and lake shorelines,0b1,Yes,0b0,No,0b00000000000000000000000000000010,0b00000000000000000000000000000010,Snow/Ice Target covered with snow/ice
Irrigated,US-NE2,41.1649,-96.4071,2008-01-17,h10v04,4240.0,3563.0,-0.0294,-0.0188,0.8217,18.0,18453.0,2.0,0b0100100000010101,0b01,"VI produced, but check other QA",0b0101,Decreasing quality,0b00,Climatology,0b0,No,0b0,No,0b0,No,0b001,Land (Nothing else but land),0b1,Yes,0b0,No,0b00000000000000000000000000000010,0b00000000000000000000000000000010,Snow/Ice Target covered with snow/ice
Irrigated,US-NE2,41.1649,-96.4071,2008-02-02,h10v04,4240.0,3563.0,0.0112,0.0079,0.5787,42.0,4106.0,3.0,0b0001000000001010,0b10,"Pixel produced, but most probably cloudy",0b0010,Decreasing quality,0b00,Climatology,0b0,No,0b0,No,0b0,No,0b010,Ocean coastlines and lake shorelines,0b0,No,0b0,No,0b00000000000000000000000000000011,0b00000000000000000000000000000011,"Cloudy data, Target not visible, covered with cloud"
Irrigated,US-NE2,41.1649,-96.4071,2008-02-18,h10v04,4240.0,3563.0,0.1422,0.2781,0.0601,60.0,2372.0,1.0,0b0000100101000100,0b00,VI produced with good quality,0b0001,Lower quality,0b01,Low,0b1,Yes,0b0,No,0b0,No,0b001,Land (Nothing else but land),0b0,No,0b0,No,0b00000000000000000000000000000001,0b00000000000000000000000000000001,"Marginal data, Useful, but look at other QA information"
Irrigated,US-NE2,41.1649,-96.4071,2008-03-05,h10v04,4240.0,3563.0,0.1459,0.2467,0.0676,78.0,2112.0,0.0,0b0000100001000000,0b00,VI produced with good quality,0b0000,Highest quality,0b01,Low,0b0,No,0b0,No,0b0,No,0b001,Land (Nothing else but land),0b0,No,0b0,No,0b00000000000000000000000000000000,0b00000000000000000000000000000000,"Good data, use with confidence"
Irrigated,US-NE2,41.1649,-96.4071,2008-03-21,h10v04,4240.0,3563.0,0.1702,0.2814,0.0688,85.0,2112.0,0.0,0b0000100001000000,0b00,VI produced with good quality,0b0000,Highest quality,0b01,Low,0b0,No,0b0,No,0b0,No,0b001,Land (Nothing else but land),0b0,No,0b0,No,0b00000000000000000000000000000000,0b00000000000000000000000000000000,"Good data, use with confidence"
Irrigated,US-NE2,41.1649,-96.4071,2008-04-06,h10v04,4240.0,3563.0,0.1651,0.2627,0.0728,110.0,2112.0,0.0,0b0000100001000000,0b00,VI produced with good quality,0b0000,Highest quality,0b01,Low,0b0,No,0b0,No,0b0,No,0b001,Land (Nothing else but land),0b0,No,0b0,No,0b00000000000000000000000000000000,0b00000000000000000000000000000000,"Good data, use with confidence"
Irrigated,US-NE2,41.1649,-96.4071,2008-04-22,h10v04,4240.0,3563.0,0.259,0.3976,0.0763,124.0,2112.0,0.0,0b0000100001000000,0b00,VI produced with good quality,0b0000,Highest quality,0b01,Low,0b0,No,0b0,No,0b0,No,0b001,Land (Nothing else but land),0b0,No,0b0,No,0b00000000000000000000000000000000,0b00000000000000000000000000000000,"Good data, use with confidence"
Irrigated,US-NE2,41.1649,-96.4071,2008-05-08,h10v04,4240.0,3563.0,0.2887,0.4172,0.0688,133.0,2181.0,1.0,0b0000100010000101,0b01,"VI produced, but check other QA",0b0001,Lower quality,0b10,Average,0b0,No,0b0,No,0b0,No,0b001,Land (Nothing else but land),0b0,No,0b0,No,0b00000000000000000000000000000001,0b00000000000000000000000000000001,"Marginal data, Useful, but look at other QA information"
Irrigated,US-NE2,41.1649,-96.4071,2008-05-24,h10v04,4240.0,3563.0,0.2783,0.4554,0.0514,158.0,2112.0,0.0,0b0000100001000000,0b00,VI produced with good quality,0b0000,Highest quality,0b01,Low,0b0,No,0b0,No,0b0,No,0b001,Land (Nothing else but land),0b0,No,0b0,No,0b00000000000000000000000000000000,0b00000000000000000000000000000000,"Good data, use with confidence"
Irrigated,US-NE2,41.1649,-96.4071,2008-06-09,h10v04,4240.0,3563.0,0.3308,0.5019,0.0546,165.0,2112.0,0.0,0b0000100001000000,0b00,VI produced with good quality,0b0000,Highest quality,0b01,Low,0b0,No,0b0,No,0b0,No,0b001,Land (Nothing else but land),0b0,No,0b0,No,0b00000000000000000000000000000000,0b00000000000000000000000000000000,"Good data, use with confidence"
Irrigated,US-NE2,41.1649,-96.4071,2008-06-25,h10v04,4240.0,3563.0,0.3831,0.626,0.0418,179.0,2112.0,0.0,0b0000100001000000,0b00,VI produced with good quality,0b0000,Highest quality,0b01,Low,0b0,No,0b0,No,0b0,No,0b001,Land (Nothing else but land),0b0,No,0b0,No,0b00000000000000000000000000000000,0b00000000000000000000000000000000,"Good data, use with confidence"
Irrigated,US-NE2,41.1649,-96.4071,2008-07-11,h10v04,4240.0,3563.0,0.4028,0.5921,0.0391,197.0,2112.0,0.0,0b0000100001000000,0b00,VI produced with good quality,0b0000,Highest quality,0b01,Low,0b0,No,0b0,No,0b0,No,0b001,Land (Nothing else but land),0b0,No,0b0,No,0b00000000000000000000000000000000,0b00000000000000000000000000000000,"Good data, use with confidence"
Irrigated,US-NE2,41.1649,-96.4071,2008-07-27,h10v04,4240.0,3563.0,0.6142,0.7894,0.031,220.0,2112.0,0.0,0b0000100001000000,0b00,VI produced with good quality,0b0000,Highest quality,0b01,Low,0b0,No,0b0,No,0b0,No,0b001,Land (Nothing else but land),0b0,No,0b0,No,0b00000000000000000000000000000000,0b00000000000000000000000000000000,"Good data, use with confidence"
Irrigated,US-NE2,41.1649,-96.4071,2008-08-12,h10v04,4240.0,3563.0,0.5039,0.7274,0.0213,229.0,2112.0,0.0,0b0000100001000000,0b00,VI produced with good quality,0b0000,Highest quality,0b01,Low,0b0,No,0b0,No,0b0,No,0b001,Land (Nothing else but land),0b0,No,0b0,No,0b00000000000000000000000000000000,0b00000000000000000000000000000000,"Good data, use with confidence"
Irrigated,US-NE2,41.1649,-96.4071,2008-08-28,h10v04,4240.0,3563.0,0.5856,0.7857,0.029,245.0,4229.0,1.0,0b0001000010000101,0b01,"VI produced, but check other QA",0b0001,Lower quality,0b10,Average,0b0,No,0b0,No,0b0,No,0b010,Ocean coastlines and lake shorelines,0b0,No,0b0,No,0b00000000000000000000000000000001,0b00000000000000000000000000000001,"Marginal data, Useful, but look at other QA information"
Irrigated,US-NE2,41.1649,-96.4071,2008-09-13,h10v04,4240.0,3563.0,0.4053,0.6657,0.0274,261.0,2112.0,0.0,0b0000100001000000,0b00,VI produced with good quality,0b0000,Highest quality,0b01,Low,0b0,No,0b0,No,0b0,No,0b001,Land (Nothing else but land),0b0,No,0b0,No,0b00000000000000000000000000000000,0b00000000000000000000000000000000,"Good data, use with confidence"
Irrigated,US-NE2,41.1649,-96.4071,2008-09-29,h10v04,4240.0,3563.0,0.1924,0.348,0.0524,284.0,4160.0,0.0,0b0001000001000000,0b00,VI produced with good quality,0b0000,Highest quality,0b01,Low,0b0,No,0b0,No,0b0,No,0b010,Ocean coastlines and lake shorelines,0b0,No,0b0,No,0b00000000000000000000000000000000,0b00000000000000000000000000000000,"Good data, use with confidence"
Irrigated,US-NE2,41.1649,-96.4071,2008-10-15,h10v04,4240.0,3563.0,0.1935,0.3701,0.047,293.0,4160.0,0.0,0b0001000001000000,0b00,VI produced with good quality,0b0000,Highest quality,0b01,Low,0b0,No,0b0,No,0b0,No,0b010,Ocean coastlines and lake shorelines,0b0,No,0b0,No,0b00000000000000000000000000000000,0b00000000000000000000000000000000,"Good data, use with confidence"
Irrigated,US-NE2,41.1649,-96.4071,2008-10-31,h10v04,4240.0,3563.0,0.1589,0.2923,0.0589,307.0,4160.0,0.0,0b0001000001000000,0b00,VI produced with good quality,0b0000,Highest quality,0b01,Low,0b0,No,0b0,No,0b0,No,0b010,Ocean coastlines and lake shorelines,0b0,No,0b0,No,0b00000000000000000000000000000000,0b00000000000000000000000000000000,"Good data, use with confidence"
Irrigated,US-NE2,41.1649,-96.4071,2008-11-16,h10v04,4240.0,3563.0,0.1655,0.3052,0.058,323.0,4164.0,0.0,0b0001000001000100,0b00,VI produced with good quality,0b0001,Lower quality,0b01,Low,0b0,No,0b0,No,0b0,No,0b010,Ocean coastlines and lake shorelines,0b0,No,0b0,No,0b00000000000000000000000000000000,0b00000000000000000000000000000000,"Good data, use with confidence"
Irrigated,US-NE2,41.1649,-96.4071,2008-12-02,h10v04,4240.0,3563.0,0.1885,0.3172,0.0647,341.0,2116.0,0.0,0b0000100001000100,0b00,VI produced with good quality,0b0001,Lower quality,0b01,Low,0b0,No,0b0,No,0b0,No,0b001,Land (Nothing else but land),0b0,No,0b0,No,0b00000000000000000000000000000000,0b00000000000000000000000000000000,"Good data, use with confidence"
Irrigated,US-NE2,41.1649,-96.4071,2008-12-18,h10v04,4240.0,3563.0,0.1571,0.2309,0.0878,4.0,2124.0,1.0,0b0000100001001100,0b00,VI produced with good quality,0b0011,Decreasing quality,0b01,Low,0b0,No,0b0,No,0b0,No,0b001,Land (Nothing else but land),0b0,No,0b0,No,0b00000000000000000000000000000001,0b00000000000000000000000000000001,"Marginal data, Useful, but look at other QA information"
Irrigated,US-NE2,41.1649,-96.4071,2009-01-01,h10v04,4240.0,3563.0,0.1571,0.2309,0.0878,4.0,2120.0,1.0,0b0000100001001000,0b00,VI produced with good quality,0b0010,Decreasing quality,0b01,Low,0b0,No,0b0,No,0b0,No,0b001,Land (Nothing else but land),0b0,No,0b0,No,0b00000000000000000000000000000001,0b00000000000000000000000000000001,"Marginal data, Useful, but look at other QA information"
Irrigated,US-NE2,41.1649,-96.4071,2009-01-17,h10v04,4240.0,3563.0,0.1465,0.2594,0.0706,21.0,2116.0,0.0,0b0000100001000100,0b00,VI produced with good quality,0b0001,Lower quality,0b01,Low,0b0,No,0b0,No,0b0,No,0b001,Land (Nothing else but land),0b0,No,0b0,No,0b00000000000000000000000000000000,0b00000000000000000000000000000000,"Good data, use with confidence"
Irrigated,US-NE2,41.1649,-96.4071,2009-02-02,h10v04,4240.0,3563.0,0.15,0.268,0.0661,41.0,4160.0,0.0,0b0001000001000000,0b00,VI produced with good quality,0b0000,Highest quality,0b01,Low,0b0,No,0b0,No,0b0,No,0b010,Ocean coastlines and lake shorelines,0b0,No,0b0,No,0b00000000000000000000000000000000,0b00000000000000000000000000000000,"Good data, use with confidence"
Irrigated,US-NE2,41.1649,-96.4071,2009-02-18,h10v04,4240.0,3563.0,0.1459,0.2496,0.0719,55.0,2181.0,1.0,0b0000100010000101,0b01,"VI produced, but check other QA",0b0001,Lower quality,0b10,Average,0b0,No,0b0,No,0b0,No,0b001,Land (Nothing else but land),0b0,No,0b0,No,0b00000000000000000000000000000001,0b00000000000000000000000000000001,"Marginal data, Useful, but look at other QA information"
Irrigated,US-NE2,41.1649,-96.4071,2009-03-06,h10v04,4240.0,3563.0,0.1264,0.2464,0.0552,65.0,2116.0,1.0,0b0000100001000100,0b00,VI produced with good quality,0b0001,Lower quality,0b01,Low,0b0,No,0b0,No,0b0,No,0b001,Land (Nothing else but land),0b0,No,0b0,No,0b00000000000000000000000000000001,0b00000000000000000000000000000001,"Marginal data, Useful, but look at other QA information"
Irrigated,US-NE2,41.1649,-96.4071,2009-03-22,h10v04,4240.0,3563.0,0.1699,0.2587,0.0779,84.0,2116.0,1.0,0b0000100001000100,0b00,VI produced with good quality,0b0001,Lower quality,0b01,Low,0b0,No,0b0,No,0b0,No,0b001,Land (Nothing else but land),0b0,No,0b0,No,0b00000000000000000000000000000001,0b00000000000000000000000000000001,"Marginal data, Useful, but look at other QA information"
Irrigated,US-NE2,41.1649,-96.4071,2009-04-07,h10v04,4240.0,3563.0,0.2077,0.3194,0.0726,112.0,4160.0,0.0,0b0001000001000000,0b00,VI produced with good quality,0b0000,Highest quality,0b01,Low,0b0,No,0b0,No,0b0,No,0b010,Ocean coastlines and lake shorelines,0b0,No,0b0,No,0b00000000000000000000000000000000,0b00000000000000000000000000000000,"Good data, use with confidence"
Irrigated,US-NE2,41.1649,-96.4071,2009-04-23,h10v04,4240.0,3563.0,0.2134,0.3236,0.074,114.0,2181.0,1.0,0b0000100010000101,0b01,"VI produced, but check other QA",0b0001,Lower quality,0b10,Average,0b0,No,0b0,No,0b0,No,0b001,Land (Nothing else but land),0b0,No,0b0,No,0b00000000000000000000000000000001,0b00000000000000000000000000000001,"Marginal data, Useful, but look at other QA information"
Irrigated,US-NE2,41.1649,-96.4071,2009-05-09,h10v04,4240.0,3563.0,0.2352,0.4261,0.0489,129.0,4164.0,1.0,0b0001000001000100,0b00,VI produced with good quality,0b0001,Lower quality,0b01,Low,0b0,No,0b0,No,0b0,No,0b010,Ocean coastlines and lake shorelines,0b0,No,0b0,No,0b00000000000000000000000000000001,0b00000000000000000000000000000001,"Marginal data, Useful, but look at other QA information"
Irrigated,US-NE2,41.1649,-96.4071,2009-05-25,h10v04,4240.0,3563.0,0.2898,0.4561,0.0557,149.0,2112.0,0.0,0b0000100001000000,0b00,VI produced with good quality,0b0000,Highest quality,0b01,Low,0b0,No,0b0,No,0b0,No,0b001,Land (Nothing else but land),0b0,No,0b0,No,0b00000000000000000000000000000000,0b00000000000000000000000000000000,"Good data, use with confidence"
Irrigated,US-NE2,41.1649,-96.4071,2009-06-10,h10v04,4240.0,3563.0,0.5329,0.7562,0.0229,174.0,2181.0,1.0,0b0000100010000101,0b01,"VI produced, but check other QA",0b0001,Lower quality,0b10,Average,0b0,No,0b0,No,0b0,No,0b001,Land (Nothing else but land),0b0,No,0b0,No,0b00000000000000000000000000000001,0b00000000000000000000000000000001,"Marginal data, Useful, but look at other QA information"
Irrigated,US-NE2,41.1649,-96.4071,2009-06-26,h10v04,4240.0,3563.0,0.4973,0.7416,0.0207,181.0,2112.0,0.0,0b0000100001000000,0b00,VI produced with good quality,0b0000,Highest quality,0b01,Low,0b0,No,0b0,No,0b0,No,0b001,Land (Nothing else but land),0b0,No,0b0,No,0b00000000000000000000000000000000,0b00000000000000000000000000000000,"Good data, use with confidence"
Irrigated,US-NE2,41.1649,-96.4071,2009-07-12,h10v04,4240.0,3563.0,0.6073,0.8339,0.0196,204.0,2112.0,0.0,0b0000100001000000,0b00,VI produced with good quality,0b0000,Highest quality,0b01,Low,0b0,No,0b0,No,0b0,No,0b001,Land (Nothing else but land),0b0,No,0b0,No,0b00000000000000000000000000000000,0b00000000000000000000000000000000,"Good data, use with confidence"
Irrigated,US-NE2,41.1649,-96.4071,2009-07-28,h10v04,4240.0,3563.0,0.5781,0.8208,0.0157,220.0,2112.0,0.0,0b0000100001000000,0b00,VI produced with good quality,0b0000,Highest quality,0b01,Low,0b0,No,0b0,No,0b0,No,0b001,Land (Nothing else but land),0b0,No,0b0,No,0b00000000000000000000000000000000,0b00000000000000000000000000000000,"Good data, use with confidence"
Irrigated,US-NE2,41.1649,-96.4071,2009-08-13,h10v04,4240.0,3563.0,0.5854,0.8142,0.025,236.0,2112.0,0.0,0b0000100001000000,0b00,VI produced with good quality,0b0000,Highest quality,0b01,Low,0b0,No,0b0,No,0b0,No,0b001,Land (Nothing else but land),0b0,No,0b0,No,0b00000000000000000000000000000000,0b00000000000000000000000000000000,"Good data, use with confidence"
Irrigated,US-NE2,41.1649,-96.4071,2009-08-29,h10v04,4240.0,3563.0,0.6179,0.8336,0.0229,247.0,2181.0,1.0,0b0000100010000101,0b01,"VI produced, but check other QA",0b0001,Lower quality,0b10,Average,0b0,No,0b0,No,0b0,No,0b001,Land (Nothing else but land),0b0,No,0b0,No,0b00000000000000000000000000000001,0b00000000000000000000000000000001,"Marginal data, Useful, but look at other QA information"
Irrigated,US-NE2,41.1649,-96.4071,2009-09-14,h10v04,4240.0,3563.0,0.323,0.5621,0.0346,263.0,2112.0,0.0,0b0000100001000000,0b00,VI produced with good quality,0b0000,Highest quality,0b01,Low,0b0,No,0b0,No,0b0,No,0b001,Land (Nothing else but land),0b0,No,0b0,No,0b00000000000000000000000000000000,0b00000000000000000000000000000000,"Good data, use with confidence"
Irrigated,US-NE2,41.1649,-96.4071,2009-09-30,h10v04,4240.0,3563.0,0.2141,0.407,0.0411,282.0,2116.0,0.0,0b0000100001000100,0b00,VI produced with good quality,0b0001,Lower quality,0b01,Low,0b0,No,0b0,No,0b0,No,0b001,Land (Nothing else but land),0b0,No,0b0,No,0b00000000000000000000000000000000,0b00000000000000000000000000000000,"Good data, use with confidence"
Irrigated,US-NE2,41.1649,-96.4071,2009-10-16,h10v04,4240.0,3563.0,0.1262,0.2623,0.0439,300.0,2112.0,0.0,0b0000100001000000,0b00,VI produced with good quality,0b0000,Highest quality,0b01,Low,0b0,No,0b0,No,0b0,No,0b001,Land (Nothing else but land),0b0,No,0b0,No,0b00000000000000000000000000000000,0b00000000000000000000000000000000,"Good data, use with confidence"
Irrigated,US-NE2,41.1649,-96.4071,2009-11-01,h10v04,4240.0,3563.0,0.1428,0.2855,0.0478,311.0,2112.0,0.0,0b0000100001000000,0b00,VI produced with good quality,0b0000,Highest quality,0b01,Low,0b0,No,0b0,No,0b0,No,0b001,Land (Nothing else but land),0b0,No,0b0,No,0b00000000000000000000000000000000,0b00000000000000000000000000000000,"Good data, use with confidence"
Irrigated,US-NE2,41.1649,-96.4071,2009-11-17,h10v04,4240.0,3563.0,0.132,0.2508,0.057,334.0,2116.0,0.0,0b0000100001000100,0b00,VI produced with good quality,0b0001,Lower quality,0b01,Low,0b0,No,0b0,No,0b0,No,0b001,Land (Nothing else but land),0b0,No,0b0,No,0b00000000000000000000000000000000,0b00000000000000000000000000000000,"Good data, use with confidence"
Irrigated,US-NE2,41.1649,-96.4071,2009-12-03,h10v04,4240.0,3563.0,0.1411,0.241,0.0642,339.0,2116.0,0.0,0b0000100001000100,0b00,VI produced with good quality,0b0001,Lower quality,0b01,Low,0b0,No,0b0,No,0b0,No,0b001,Land (Nothing else but land),0b0,No,0b0,No,0b00000000000000000000000000000000,0b00000000000000000000000000000000,"Good data, use with confidence"
Irrigated,US-NE2,41.1649,-96.4071,2009-12-19,h10v04,4240.0,3563.0,-0.006,-0.0059,0.6834,354.0,18453.0,2.0,0b0100100000010101,0b01,"VI produced, but check other QA",0b0101,Decreasing quality,0b00,Climatology,0b0,No,0b0,No,0b0,No,0b001,Land (Nothing else but land),0b1,Yes,0b0,No,0b00000000000000000000000000000010,0b00000000000000000000000000000010,Snow/Ice Target covered with snow/ice
Irrigated,US-NE2,41.1649,-96.4071,2010-01-01,h10v04,4240.0,3563.0,-0.0356,-0.0229,0.8472,1.0,18449.0,2.0,0b0100100000010001,0b01,"VI produced, but check other QA",0b0100,Decreasing quality,0b00,Climatology,0b0,No,0b0,No,0b0,No,0b001,Land (Nothing else but land),0b1,Yes,0b0,No,0b00000000000000000000000000000010,0b00000000000000000000000000000010,Snow/Ice Target covered with snow/ice
Irrigated,US-NE2,41.1649,-96.4071,2010-01-17,h10v04,4240.0,3563.0,0.015,0.0116,0.4883,26.0,18449.0,2.0,0b0100100000010001,0b01,"VI produced, but check other QA",0b0100,Decreasing quality,0b00,Climatology,0b0,No,0b0,No,0b0,No,0b001,Land (Nothing else but land),0b1,Yes,0b0,No,0b00000000000000000000000000000010,0b00000000000000000000000000000010,Snow/Ice Target covered with snow/ice
Irrigated,US-NE2,41.1649,-96.4071,2010-02-02,h10v04,4240.0,3563.0,0.0272,0.0207,0.5229,33.0,20497.0,2.0,0b0101000000010001,0b01,"VI produced, but check other QA",0b0100,Decreasing quality,0b00,Climatology,0b0,No,0b0,No,0b0,No,0b010,Ocean coastlines and lake shorelines,0b1,Yes,0b0,No,0b00000000000000000000000000000010,0b00000000000000000000000000000010,Snow/Ice Target covered with snow/ice
Irrigated,US-NE2,41.1649,-96.4071,2010-02-18,h10v04,4240.0,3563.0,-0.0295,-0.02,0.6889,58.0,18445.0,2.0,0b0100100000001101,0b01,"VI produced, but check other QA",0b0011,Decreasing quality,0b00,Climatology,0b0,No,0b0,No,0b0,No,0b001,Land (Nothing else but land),0b1,Yes,0b0,No,0b00000000000000000000000000000010,0b00000000000000000000000000000010,Snow/Ice Target covered with snow/ice
Irrigated,US-NE2,41.1649,-96.4071,2010-03-06,h10v04,4240.0,3563.0,0.1264,0.2183,0.0642,77.0,2116.0,0.0,0b0000100001000100,0b00,VI produced with good quality,0b0001,Lower quality,0b01,Low,0b0,No,0b0,No,0b0,No,0b001,Land (Nothing else but land),0b0,No,0b0,No,0b00000000000000000000000000000000,0b00000000000000000000000000000000,"Good data, use with confidence"
Irrigated,US-NE2,41.1649,-96.4071,2010-03-22,h10v04,4240.0,3563.0,0.161,0.2464,0.0818,87.0,2116.0,1.0,0b0000100001000100,0b00,VI produced with good quality,0b0001,Lower quality,0b01,Low,0b0,No,0b0,No,0b0,No,0b001,Land (Nothing else but land),0b0,No,0b0,No,0b00000000000000000000000000000001,0b00000000000000000000000000000001,"Marginal data, Useful, but look at other QA information"
Irrigated,US-NE2,41.1649,-96.4071,2010-04-07,h10v04,4240.0,3563.0,0.1804,0.2667,0.085,99.0,2112.0,0.0,0b0000100001000000,0b00,VI produced with good quality,0b0000,Highest quality,0b01,Low,0b0,No,0b0,No,0b0,No,0b001,Land (Nothing else but land),0b0,No,0b0,No,0b00000000000000000000000000000000,0b00000000000000000000000000000000,"Good data, use with confidence"
Irrigated,US-NE2,41.1649,-96.4071,2010-04-23,h10v04,4240.0,3563.0,0.239,0.3279,0.0875,122.0,2112.0,0.0,0b0000100001000000,0b00,VI produced with good quality,0b0000,Highest quality,0b01,Low,0b0,No,0b0,No,0b0,No,0b001,Land (Nothing else but land),0b0,No,0b0,No,0b00000000000000000000000000000000,0b00000000000000000000000000000000,"Good data, use with confidence"
Irrigated,US-NE2,41.1649,-96.4071,2010-05-09,h10v04,4240.0,3563.0,0.2604,0.3498,0.0867,138.0,2112.0,0.0,0b0000100001000000,0b00,VI produced with good quality,0b0000,Highest quality,0b01,Low,0b0,No,0b0,No,0b0,No,0b001,Land (Nothing else but land),0b0,No,0b0,No,0b00000000000000000000000000000000,0b00000000000000000000000000000000,"Good data, use with confidence"
Irrigated,US-NE2,41.1649,-96.4071,2010-05-25,h10v04,4240.0,3563.0,0.2113,0.331,0.065,154.0,2112.0,0.0,0b0000100001000000,0b00,VI produced with good quality,0b0000,Highest quality,0b01,Low,0b0,No,0b0,No,0b0,No,0b001,Land (Nothing else but land),0b0,No,0b0,No,0b00000000000000000000000000000000,0b00000000000000000000000000000000,"Good data, use with confidence"
Irrigated,US-NE2,41.1649,-96.4071,2010-06-10,h10v04,4240.0,3563.0,0.279,0.4345,0.045,168.0,2112.0,0.0,0b0000100001000000,0b00,VI produced with good quality,0b0000,Highest quality,0b01,Low,0b0,No,0b0,No,0b0,No,0b001,Land (Nothing else but land),0b0,No,0b0,No,0b00000000000000000000000000000000,0b00000000000000000000000000000000,"Good data, use with confidence"
Irrigated,US-NE2,41.1649,-96.4071,2010-06-26,h10v04,4240.0,3563.0,0.4393,0.6187,0.0395,177.0,2112.0,0.0,0b0000100001000000,0b00,VI produced with good quality,0b0000,Highest quality,0b01,Low,0b0,No,0b0,No,0b0,No,0b001,Land (Nothing else but land),0b0,No,0b0,No,0b00000000000000000000000000000000,0b00000000000000000000000000000000,"Good data, use with confidence"
Irrigated,US-NE2,41.1649,-96.4071,2010-07-12,h10v04,4240.0,3563.0,0.5725,0.7473,0.0257,195.0,2112.0,0.0,0b0000100001000000,0b00,VI produced with good quality,0b0000,Highest quality,0b01,Low,0b0,No,0b0,No,0b0,No,0b001,Land (Nothing else but land),0b0,No,0b0,No,0b00000000000000000000000000000000,0b00000000000000000000000000000000,"Good data, use with confidence"
Irrigated,US-NE2,41.1649,-96.4071,2010-07-28,h10v04,4240.0,3563.0,0.469,0.6467,0.0291,220.0,2112.0,0.0,0b0000100001000000,0b00,VI produced with good quality,0b0000,Highest quality,0b01,Low,0b0,No,0b0,No,0b0,No,0b001,Land (Nothing else but land),0b0,No,0b0,No,0b00000000000000000000000000000000,0b00000000000000000000000000000000,"Good data, use with confidence"
Irrigated,US-NE2,41.1649,-96.4071,2010-08-13,h10v04,4240.0,3563.0,0.5892,0.7895,0.0252,234.0,2112.0,0.0,0b0000100001000000,0b00,VI produced with good quality,0b0000,Highest quality,0b01,Low,0b0,No,0b0,No,0b0,No,0b001,Land (Nothing else but land),0b0,No,0b0,No,0b00000000000000000000000000000000,0b00000000000000000000000000000000,"Good data, use with confidence"
Irrigated,US-NE2,41.1649,-96.4071,2010-08-29,h10v04,4240.0,3563.0,0.323,0.5469,0.0284,250.0,2112.0,0.0,0b0000100001000000,0b00,VI produced with good quality,0b0000,Highest quality,0b01,Low,0b0,No,0b0,No,0b0,No,0b001,Land (Nothing else but land),0b0,No,0b0,No,0b00000000000000000000000000000000,0b00000000000000000000000000000000,"Good data, use with confidence"
Irrigated,US-NE2,41.1649,-96.4071,2010-09-14,h10v04,4240.0,3563.0,0.3338,0.5902,0.0312,257.0,2112.0,0.0,0b0000100001000000,0b00,VI produced with good quality,0b0000,Highest quality,0b01,Low,0b0,No,0b0,No,0b0,No,0b001,Land (Nothing else but land),0b0,No,0b0,No,0b00000000000000000000000000000000,0b00000000000000000000000000000000,"Good data, use with confidence"
Irrigated,US-NE2,41.1649,-96.4071,2010-09-30,h10v04,4240.0,3563.0,0.2186,0.434,0.038,273.0,2112.0,0.0,0b0000100001000000,0b00,VI produced with good quality,0b0000,Highest quality,0b01,Low,0b0,No,0b0,No,0b0,No,0b001,Land (Nothing else but land),0b0,No,0b0,No,0b00000000000000000000000000000000,0b00000000000000000000000000000000,"Good data, use with confidence"
Irrigated,US-NE2,41.1649,-96.4071,2010-10-16,h10v04,4240.0,3563.0,0.2042,0.3136,0.0753,289.0,2112.0,0.0,0b0000100001000000,0b00,VI produced with good quality,0b0000,Highest quality,0b01,Low,0b0,No,0b0,No,0b0,No,0b001,Land (Nothing else but land),0b0,No,0b0,No,0b00000000000000000000000000000000,0b00000000000000000000000000000000,"Good data, use with confidence"
Irrigated,US-NE2,41.1649,-96.4071,2010-11-01,h10v04,4240.0,3563.0,0.1898,0.3133,0.0595,319.0,4164.0,0.0,0b0001000001000100,0b00,VI produced with good quality,0b0001,Lower quality,0b01,Low,0b0,No,0b0,No,0b0,No,0b010,Ocean coastlines and lake shorelines,0b0,No,0b0,No,0b00000000000000000000000000000000,0b00000000000000000000000000000000,"Good data, use with confidence"
Irrigated,US-NE2,41.1649,-96.4071,2010-11-17,h10v04,4240.0,3563.0,0.1812,0.2875,0.0707,330.0,2116.0,0.0,0b0000100001000100,0b00,VI produced with good quality,0b0001,Lower quality,0b01,Low,0b0,No,0b0,No,0b0,No,0b001,Land (Nothing else but land),0b0,No,0b0,No,0b00000000000000000000000000000000,0b00000000000000000000000000000000,"Good data, use with confidence"
Irrigated,US-NE2,41.1649,-96.4071,2010-12-03,h10v04,4240.0,3563.0,0.2306,0.3258,0.088,339.0,2116.0,0.0,0b0000100001000100,0b00,VI produced with good quality,0b0001,Lower quality,0b01,Low,0b0,No,0b0,No,0b0,No,0b001,Land (Nothing else but land),0b0,No,0b0,No,0b00000000000000000000000000000000,0b00000000000000000000000000000000,"Good data, use with confidence"
Irrigated,US-NE2,41.1649,-96.4071,2010-12-19,h10v04,4240.0,3563.0,0.161,0.2788,0.0632,364.0,2120.0,0.0,0b0000100001001000,0b00,VI produced with good quality,0b0010,Decreasing quality,0b01,Low,0b0,No,0b0,No,0b0,No,0b001,Land (Nothing else but land),0b0,No,0b0,No,0b00000000000000000000000000000000,0b00000000000000000000000000000000,"Good data, use with confidence"
Irrigated,US-NE2,41.1649,-96.4071,2011-01-01,h10v04,4240.0,3563.0,-0.0139,-0.0089,0.8299,12.0,18453.0,2.0,0b0100100000010101,0b01,"VI produced, but check other QA",0b0101,Decreasing quality,0b00,Climatology,0b0,No,0b0,No,0b0,No,0b001,Land (Nothing else but land),0b1,Yes,0b0,No,0b00000000000000000000000000000010,0b00000000000000000000000000000010,Snow/Ice Target covered with snow/ice
Irrigated,US-NE2,41.1649,-96.4071,2011-01-17,h10v04,4240.0,3563.0,-0.0496,-0.0315,0.8589,27.0,18449.0,2.0,0b0100100000010001,0b01,"VI produced, but check other QA",0b0100,Decreasing quality,0b00,Climatology,0b0,No,0b0,No,0b0,No,0b001,Land (Nothing else but land),0b1,Yes,0b0,No,0b00000000000000000000000000000010,0b00000000000000000000000000000010,Snow/Ice Target covered with snow/ice
Irrigated,US-NE2,41.1649,-96.4071,2011-02-02,h10v04,4240.0,3563.0,0.1158,0.2173,0.0623,48.0,2116.0,0.0,0b0000100001000100,0b00,VI produced with good quality,0b0001,Lower quality,0b01,Low,0b0,No,0b0,No,0b0,No,0b001,Land (Nothing else but land),0b0,No,0b0,No,0b00000000000000000000000000000000,0b00000000000000000000000000000000,"Good data, use with confidence"
Irrigated,US-NE2,41.1649,-96.4071,2011-02-18,h10v04,4240.0,3563.0,0.148,0.2695,0.0617,61.0,2112.0,0.0,0b0000100001000000,0b00,VI produced with good quality,0b0000,Highest quality,0b01,Low,0b0,No,0b0,No,0b0,No,0b001,Land (Nothing else but land),0b0,No,0b0,No,0b00000000000000000000000000000000,0b00000000000000000000000000000000,"Good data, use with confidence"
Irrigated,US-NE2,41.1649,-96.4071,2011-03-06,h10v04,4240.0,3563.0,0.1402,0.2569,0.0606,70.0,2112.0,0.0,0b0000100001000000,0b00,VI produced with good quality,0b0000,Highest quality,0b01,Low,0b0,No,0b0,No,0b0,No,0b001,Land (Nothing else but land),0b0,No,0b0,No,0b00000000000000000000000000000000,0b00000000000000000000000000000000,"Good data, use with confidence"
Irrigated,US-NE2,41.1649,-96.4071,2011-03-22,h10v04,4240.0,3563.0,0.1484,0.2808,0.0584,91.0,2112.0,0.0,0b0000100001000000,0b00,VI produced with good quality,0b0000,Highest quality,0b01,Low,0b0,No,0b0,No,0b0,No,0b001,Land (Nothing else but land),0b0,No,0b0,No,0b00000000000000000000000000000000,0b00000000000000000000000000000000,"Good data, use with confidence"
Irrigated,US-NE2,41.1649,-96.4071,2011-04-07,h10v04,4240.0,3563.0,0.2074,0.3322,0.0668,106.0,2116.0,1.0,0b0000100001000100,0b00,VI produced with good quality,0b0001,Lower quality,0b01,Low,0b0,No,0b0,No,0b0,No,0b001,Land (Nothing else but land),0b0,No,0b0,No,0b00000000000000000000000000000001,0b00000000000000000000000000000001,"Marginal data, Useful, but look at other QA information"
Irrigated,US-NE2,41.1649,-96.4071,2011-04-23,h10v04,4240.0,3563.0,0.2598,0.4307,0.0611,123.0,2112.0,0.0,0b0000100001000000,0b00,VI produced with good quality,0b0000,Highest quality,0b01,Low,0b0,No,0b0,No,0b0,No,0b001,Land (Nothing else but land),0b0,No,0b0,No,0b00000000000000000000000000000000,0b00000000000000000000000000000000,"Good data, use with confidence"
Irrigated,US-NE2,41.1649,-96.4071,2011-05-09,h10v04,4240.0,3563.0,0.315,0.4227,0.0769,143.0,4160.0,0.0,0b0001000001000000,0b00,VI produced with good quality,0b0000,Highest quality,0b01,Low,0b0,No,0b0,No,0b0,No,0b010,Ocean coastlines and lake shorelines,0b0,No,0b0,No,0b00000000000000000000000000000000,0b00000000000000000000000000000000,"Good data, use with confidence"
Irrigated,US-NE2,41.1649,-96.4071,2011-05-25,h10v04,4240.0,3563.0,0.2104,0.3932,0.0454,146.0,2112.0,0.0,0b0000100001000000,0b00,VI produced with good quality,0b0000,Highest quality,0b01,Low,0b0,No,0b0,No,0b0,No,0b001,Land (Nothing else but land),0b0,No,0b0,No,0b00000000000000000000000000000000,0b00000000000000000000000000000000,"Good data, use with confidence"
Irrigated,US-NE2,41.1649,-96.4071,2011-06-10,h10v04,4240.0,3563.0,0.3509,0.4398,0.1286,174.0,3098.0,3.0,0b0000110000011010,0b10,"Pixel produced, but most probably cloudy",0b0110,Decreasing quality,0b00,Climatology,0b0,No,0b0,No,0b1,Yes,0b001,Land (Nothing else but land),0b0,No,0b0,No,0b00000000000000000000000000000011,0b00000000000000000000000000000011,"Cloudy data, Target not visible, covered with cloud"
Irrigated,US-NE2,41.1649,-96.4071,2011-06-26,h10v04,4240.0,3563.0,0.6072,0.7741,0.0364,189.0,2112.0,0.0,0b0000100001000000,0b00,VI produced with good quality,0b0000,Highest quality,0b01,Low,0b0,No,0b0,No,0b0,No,0b001,Land (Nothing else but land),0b0,No,0b0,No,0b00000000000000000000000000000000,0b00000000000000000000000000000000,"Good data, use with confidence"
Irrigated,US-NE2,41.1649,-96.4071,2011-07-12,h10v04,4240.0,3563.0,0.5912,0.77,0.029,207.0,2112.0,0.0,0b0000100001000000,0b00,VI produced with good quality,0b0000,Highest quality,0b01,Low,0b0,No,0b0,No,0b0,No,0b001,Land (Nothing else but land),0b0,No,0b0,No,0b00000000000000000000000000000000,0b00000000000000000000000000000000,"Good data, use with confidence"
Irrigated,US-NE2,41.1649,-96.4071,2011-07-28,h10v04,4240.0,3563.0,0.4891,0.7224,0.0233,221.0,4160.0,0.0,0b0001000001000000,0b00,VI produced with good quality,0b0000,Highest quality,0b01,Low,0b0,No,0b0,No,0b0,No,0b010,Ocean coastlines and lake shorelines,0b0,No,0b0,No,0b00000000000000000000000000000000,0b00000000000000000000000000000000,"Good data, use with confidence"
Irrigated,US-NE2,41.1649,-96.4071,2011-08-13,h10v04,4240.0,3563.0,0.5111,0.7283,0.0226,237.0,2112.0,0.0,0b0000100001000000,0b00,VI produced with good quality,0b0000,Highest quality,0b01,Low,0b0,No,0b0,No,0b0,No,0b001,Land (Nothing else but land),0b0,No,0b0,No,0b00000000000000000000000000000000,0b00000000000000000000000000000000,"Good data, use with confidence"
Irrigated,US-NE2,41.1649,-96.4071,2011-08-29,h10v04,4240.0,3563.0,0.4648,0.6707,0.0274,253.0,4160.0,0.0,0b0001000001000000,0b00,VI produced with good quality,0b0000,Highest quality,0b01,Low,0b0,No,0b0,No,0b0,No,0b010,Ocean coastlines and lake shorelines,0b0,No,0b0,No,0b00000000000000000000000000000000,0b00000000000000000000000000000000,"Good data, use with confidence"
Irrigated,US-NE2,41.1649,-96.4071,2011-09-14,h10v04,4240.0,3563.0,0.2242,0.4267,0.0396,269.0,2112.0,0.0,0b0000100001000000,0b00,VI produced with good quality,0b0000,Highest quality,0b01,Low,0b0,No,0b0,No,0b0,No,0b001,Land (Nothing else but land),0b0,No,0b0,No,0b00000000000000000000000000000000,0b00000000000000000000000000000000,"Good data, use with confidence"
Irrigated,US-NE2,41.1649,-96.4071,2011-09-30,h10v04,4240.0,3563.0,0.2156,0.4153,0.0415,276.0,2112.0,0.0,0b0000100001000000,0b00,VI produced with good quality,0b0000,Highest quality,0b01,Low,0b0,No,0b0,No,0b0,No,0b001,Land (Nothing else but land),0b0,No,0b0,No,0b00000000000000000000000000000000,0b00000000000000000000000000000000,"Good data, use with confidence"
Irrigated,US-NE2,41.1649,-96.4071,2011-10-16,h10v04,4240.0,3563.0,0.1677,0.3,0.0521,292.0,2112.0,0.0,0b0000100001000000,0b00,VI produced with good quality,0b0000,Highest quality,0b01,Low,0b0,No,0b0,No,0b0,No,0b001,Land (Nothing else but land),0b0,No,0b0,No,0b00000000000000000000000000000000,0b00000000000000000000000000000000,"Good data, use with confidence"
Irrigated,US-NE2,41.1649,-96.4071,2011-11-01,h10v04,4240.0,3563.0,0.1963,0.2832,0.0763,308.0,5198.0,3.0,0b0001010001001110,0b10,"Pixel produced, but most probably cloudy",0b0011,Decreasing quality,0b01,Low,0b0,No,0b0,No,0b1,Yes,0b010,Ocean coastlines and lake shorelines,0b0,No,0b0,No,0b00000000000000000000000000000011,0b00000000000000000000000000000011,"Cloudy data, Target not visible, covered with cloud"
Irrigated,US-NE2,41.1649,-96.4071,2011-11-17,h10v04,4240.0,3563.0,0.1977,0.308,0.08,333.0,2116.0,0.0,0b0000100001000100,0b00,VI produced with good quality,0b0001,Lower quality,0b01,Low,0b0,No,0b0,No,0b0,No,0b001,Land (Nothing else but land),0b0,No,0b0,No,0b00000000000000000000000000000000,0b00000000000000000000000000000000,"Good data, use with confidence"
Irrigated,US-NE2,41.1649,-96.4071,2011-12-03,h10v04,4240.0,3563.0,0.1625,0.2681,0.0761,351.0,2116.0,0.0,0b0000100001000100,0b00,VI produced with good quality,0b0001,Lower quality,0b01,Low,0b0,No,0b0,No,0b0,No,0b001,Land (Nothing else but land),0b0,No,0b0,No,0b00000000000000000000000000000000,0b00000000000000000000000000000000,"Good data, use with confidence"
Irrigated,US-NE2,41.1649,-96.4071,2011-12-19,h10v04,4240.0,3563.0,0.1625,0.2668,0.0704,2.0,2120.0,0.0,0b0000100001001000,0b00,VI produced with good quality,0b0010,Decreasing quality,0b01,Low,0b0,No,0b0,No,0b0,No,0b001,Land (Nothing else but land),0b0,No,0b0,No,0b00000000000000000000000000000000,0b00000000000000000000000000000000,"Good data, use with confidence"
Irrigated,US-NE2,41.1649,-96.4071,2012-01-01,h10v04,4240.0,3563.0,0.1686,0.2855,0.0727,16.0,2116.0,0.0,0b0000100001000100,0b00,VI produced with good quality,0b0001,Lower quality,0b01,Low,0b0,No,0b0,No,0b0,No,0b001,Land (Nothing else but land),0b0,No,0b0,No,0b00000000000000000000000000000000,0b00000000000000000000000000000000,"Good data, use with confidence"
Irrigated,US-NE2,41.1649,-96.4071,2012-01-17,h10v04,4240.0,3563.0,0.154,0.2675,0.0724,30.0,2116.0,0.0,0b0000100001000100,0b00,VI produced with good quality,0b0001,Lower quality,0b01,Low,0b0,No,0b0,No,0b0,No,0b001,Land (Nothing else but land),0b0,No,0b0,No,0b00000000000000000000000000000000,0b00000000000000000000000000000000,"Good data, use with confidence"
Irrigated,US-NE2,41.1649,-96.4071,2012-02-02,h10v04,4240.0,3563.0,-0.0368,-0.023,0.8471,37.0,20493.0,2.0,0b0101000000001101,0b01,"VI produced, but check other QA",0b0011,Decreasing quality,0b00,Climatology,0b0,No,0b0,No,0b0,No,0b010,Ocean coastlines and lake shorelines,0b1,Yes,0b0,No,0b00000000000000000000000000000010,0b00000000000000000000000000000010,Snow/Ice Target covered with snow/ice
Irrigated,US-NE2,41.1649,-96.4071,2012-02-18,h10v04,4240.0,3563.0,0.1534,0.274,0.0626,64.0,2112.0,0.0,0b0000100001000000,0b00,VI produced with good quality,0b0000,Highest quality,0b01,Low,0b0,No,0b0,No,0b0,No,0b001,Land (Nothing else but land),0b0,No,0b0,No,0b00000000000000000000000000000000,0b00000000000000000000000000000000,"Good data, use with confidence"
Irrigated,US-NE2,41.1649,-96.4071,2012-03-05,h10v04,4240.0,3563.0,0.1715,0.2832,0.0685,73.0,2112.0,0.0,0b0000100001000000,0b00,VI produced with good quality,0b0000,Highest quality,0b01,Low,0b0,No,0b0,No,0b0,No,0b001,Land (Nothing else but land),0b0,No,0b0,No,0b00000000000000000000000000000000,0b00000000000000000000000000000000,"Good data, use with confidence"
Irrigated,US-NE2,41.1649,-96.4071,2012-03-21,h10v04,4240.0,3563.0,0.1963,0.3355,0.0557,87.0,2112.0,0.0,0b0000100001000000,0b00,VI produced with good quality,0b0000,Highest quality,0b01,Low,0b0,No,0b0,No,0b0,No,0b001,Land (Nothing else but land),0b0,No,0b0,No,0b00000000000000000000000000000000,0b00000000000000000000000000000000,"Good data, use with confidence"
Irrigated,US-NE2,41.1649,-96.4071,2012-04-06,h10v04,4240.0,3563.0,0.2746,0.4341,0.0604,112.0,2112.0,0.0,0b0000100001000000,0b00,VI produced with good quality,0b0000,Highest quality,0b01,Low,0b0,No,0b0,No,0b0,No,0b001,Land (Nothing else but land),0b0,No,0b0,No,0b00000000000000000000000000000000,0b00000000000000000000000000000000,"Good data, use with confidence"
Irrigated,US-NE2,41.1649,-96.4071,2012-04-22,h10v04,4240.0,3563.0,0.2536,0.4396,0.0509,128.0,4229.0,1.0,0b0001000010000101,0b01,"VI produced, but check other QA",0b0001,Lower quality,0b10,Average,0b0,No,0b0,No,0b0,No,0b010,Ocean coastlines and lake shorelines,0b0,No,0b0,No,0b00000000000000000000000000000001,0b00000000000000000000000000000001,"Marginal data, Useful, but look at other QA information"
Irrigated,US-NE2,41.1649,-96.4071,2012-05-08,h10v04,4240.0,3563.0,0.3814,0.5239,0.0602,137.0,2112.0,0.0,0b0000100001000000,0b00,VI produced with good quality,0b0000,Highest quality,0b01,Low,0b0,No,0b0,No,0b0,No,0b001,Land (Nothing else but land),0b0,No,0b0,No,0b00000000000000000000000000000000,0b00000000000000000000000000000000,"Good data, use with confidence"
Irrigated,US-NE2,41.1649,-96.4071,2012-05-24,h10v04,4240.0,3563.0,0.2713,0.5086,0.0365,149.0,2112.0,0.0,0b0000100001000000,0b00,VI produced with good quality,0b0000,Highest quality,0b01,Low,0b0,No,0b0,No,0b0,No,0b001,Land (Nothing else but land),0b0,No,0b0,No,0b00000000000000000000000000000000,0b00000000000000000000000000000000,"Good data, use with confidence"
Irrigated,US-NE2,41.1649,-96.4071,2012-06-09,h10v04,4240.0,3563.0,0.2877,0.4156,0.0602,164.0,2116.0,0.0,0b0000100001000100,0b00,VI produced with good quality,0b0001,Lower quality,0b01,Low,0b0,No,0b0,No,0b0,No,0b001,Land (Nothing else but land),0b0,No,0b0,No,0b00000000000000000000000000000000,0b00000000000000000000000000000000,"Good data, use with confidence"
Irrigated,US-NE2,41.1649,-96.4071,2012-06-25,h10v04,4240.0,3563.0,0.5504,0.6939,0.0466,192.0,2112.0,0.0,0b0000100001000000,0b00,VI produced with good quality,0b0000,Highest quality,0b01,Low,0b0,No,0b0,No,0b0,No,0b001,Land (Nothing else but land),0b0,No,0b0,No,0b00000000000000000000000000000000,0b00000000000000000000000000000000,"Good data, use with confidence"
Irrigated,US-NE2,41.1649,-96.4071,2012-07-11,h10v04,4240.0,3563.0,0.6283,0.7895,0.0363,208.0,2112.0,0.0,0b0000100001000000,0b00,VI produced with good quality,0b0000,Highest quality,0b01,Low,0b0,No,0b0,No,0b0,No,0b001,Land (Nothing else but land),0b0,No,0b0,No,0b00000000000000000000000000000000,0b00000000000000000000000000000000,"Good data, use with confidence"
Irrigated,US-NE2,41.1649,-96.4071,2012-07-27,h10v04,4240.0,3563.0,0.4404,0.6321,0.0454,215.0,2112.0,0.0,0b0000100001000000,0b00,VI produced with good quality,0b0000,Highest quality,0b01,Low,0b0,No,0b0,No,0b0,No,0b001,Land (Nothing else but land),0b0,No,0b0,No,0b00000000000000000000000000000000,0b00000000000000000000000000000000,"Good data, use with confidence"
Irrigated,US-NE2,41.1649,-96.4071,2012-08-12,h10v04,4240.0,3563.0,0.3429,0.5846,0.0265,240.0,2181.0,1.0,0b0000100010000101,0b01,"VI produced, but check other QA",0b0001,Lower quality,0b10,Average,0b0,No,0b0,No,0b0,No,0b001,Land (Nothing else but land),0b0,No,0b0,No,0b00000000000000000000000000000001,0b00000000000000000000000000000001,"Marginal data, Useful, but look at other QA information"
Irrigated,US-NE2,41.1649,-96.4071,2012-08-28,h10v04,4240.0,3563.0,0.3294,0.5377,0.0389,249.0,4229.0,1.0,0b0001000010000101,0b01,"VI produced, but check other QA",0b0001,Lower quality,0b10,Average,0b0,No,0b0,No,0b0,No,0b010,Ocean coastlines and lake shorelines,0b0,No,0b0,No,0b00000000000000000000000000000001,0b00000000000000000000000000000001,"Marginal data, Useful, but look at other QA information"
Irrigated,US-NE2,41.1649,-96.4071,2012-09-13,h10v04,4240.0,3563.0,0.2792,0.4578,0.0518,263.0,4160.0,0.0,0b0001000001000000,0b00,VI produced with good quality,0b0000,Highest quality,0b01,Low,0b0,No,0b0,No,0b0,No,0b010,Ocean coastlines and lake shorelines,0b0,No,0b0,No,0b00000000000000000000000000000000,0b00000000000000000000000000000000,"Good data, use with confidence"
Irrigated,US-NE2,41.1649,-96.4071,2012-09-29,h10v04,4240.0,3563.0,0.2079,0.3104,0.0673,281.0,2112.0,0.0,0b0000100001000000,0b00,VI produced with good quality,0b0000,Highest quality,0b01,Low,0b0,No,0b0,No,0b0,No,0b001,Land (Nothing else but land),0b0,No,0b0,No,0b00000000000000000000000000000000,0b00000000000000000000000000000000,"Good data, use with confidence"
Irrigated,US-NE2,41.1649,-96.4071,2012-10-15,h10v04,4240.0,3563.0,0.1693,0.2613,0.0751,295.0,2112.0,0.0,0b0000100001000000,0b00,VI produced with good quality,0b0000,Highest quality,0b01,Low,0b0,No,0b0,No,0b0,No,0b001,Land (Nothing else but land),0b0,No,0b0,No,0b00000000000000000000000000000000,0b00000000000000000000000000000000,"Good data, use with confidence"
Irrigated,US-NE2,41.1649,-96.4071,2012-10-31,h10v04,4240.0,3563.0,0.1666,0.3061,0.0585,320.0,2116.0,0.0,0b0000100001000100,0b00,VI produced with good quality,0b0001,Lower quality,0b01,Low,0b0,No,0b0,No,0b0,No,0b001,Land (Nothing else but land),0b0,No,0b0,No,0b00000000000000000000000000000000,0b00000000000000000000000000000000,"Good data, use with confidence"
Irrigated,US-NE2,41.1649,-96.4071,2012-11-16,h10v04,4240.0,3563.0,0.1462,0.2819,0.0562,327.0,4233.0,1.0,0b0001000010001001,0b01,"VI produced, but check other QA",0b0010,Decreasing quality,0b10,Average,0b0,No,0b0,No,0b0,No,0b010,Ocean coastlines and lake shorelines,0b0,No,0b0,No,0b00000000000000000000000000000001,0b00000000000000000000000000000001,"Marginal data, Useful, but look at other QA information"
Irrigated,US-NE2,41.1649,-96.4071,2012-12-02,h10v04,4240.0,3563.0,0.1414,0.2742,0.0533,345.0,2116.0,0.0,0b0000100001000100,0b00,VI produced with good quality,0b0001,Lower quality,0b01,Low,0b0,No,0b0,No,0b0,No,0b001,Land (Nothing else but land),0b0,No,0b0,No,0b00000000000000000000000000000000,0b00000000000000000000000000000000,"Good data, use with confidence"
Irrigated,US-NE2,41.1649,-96.4071,2012-12-18,h10v04,4240.0,3563.0,-0.0264,-0.0241,0.8934,356.0,18457.0,2.0,0b0100100000011001,0b01,"VI produced, but check other QA",0b0110,Decreasing quality,0b00,Climatology,0b0,No,0b0,No,0b0,No,0b001,Land (Nothing else but land),0b1,Yes,0b0,No,0b00000000000000000000000000000010,0b00000000000000000000000000000010,Snow/Ice Target covered with snow/ice
Irrigated,US-NE2,41.1649,-96.4071,2013-01-01,h10v04,4240.0,3563.0,-0.0473,-0.0308,0.8144,4.0,18449.0,2.0,0b0100100000010001,0b01,"VI produced, but check other QA",0b0100,Decreasing quality,0b00,Climatology,0b0,No,0b0,No,0b0,No,0b001,Land (Nothing else but land),0b1,Yes,0b0,No,0b00000000000000000000000000000010,0b00000000000000000000000000000010,Snow/Ice Target covered with snow/ice
Irrigated,US-NE2,41.1649,-96.4071,2013-01-17,h10v04,4240.0,3563.0,0.1125,0.2599,0.0441,19.0,4237.0,1.0,0b0001000010001101,0b01,"VI produced, but check other QA",0b0011,Decreasing quality,0b10,Average,0b0,No,0b0,No,0b0,No,0b010,Ocean coastlines and lake shorelines,0b0,No,0b0,No,0b00000000000000000000000000000001,0b00000000000000000000000000000001,"Marginal data, Useful, but look at other QA information"
Irrigated,US-NE2,41.1649,-96.4071,2013-02-02,h10v04,4240.0,3563.0,0.1126,0.2526,0.0428,43.0,4160.0,0.0,0b0001000001000000,0b00,VI produced with good quality,0b0000,Highest quality,0b01,Low,0b0,No,0b0,No,0b0,No,0b010,Ocean coastlines and lake shorelines,0b0,No,0b0,No,0b00000000000000000000000000000000,0b00000000000000000000000000000000,"Good data, use with confidence"
Irrigated,US-NE2,41.1649,-96.4071,2013-02-18,h10v04,4240.0,3563.0,0.1219,0.2563,0.0476,50.0,2112.0,0.0,0b0000100001000000,0b00,VI produced with good quality,0b0000,Highest quality,0b01,Low,0b0,No,0b0,No,0b0,No,0b001,Land (Nothing else but land),0b0,No,0b0,No,0b00000000000000000000000000000000,0b00000000000000000000000000000000,"Good data, use with confidence"
Irrigated,US-NE2,41.1649,-96.4071,2013-03-06,h10v04,4240.0,3563.0,0.1469,0.2751,0.0489,77.0,2181.0,1.0,0b0000100010000101,0b01,"VI produced, but check other QA",0b0001,Lower quality,0b10,Average,0b0,No,0b0,No,0b0,No,0b001,Land (Nothing else but land),0b0,No,0b0,No,0b00000000000000000000000000000001,0b00000000000000000000000000000001,"Marginal data, Useful, but look at other QA information"
Irrigated,US-NE2,41.1649,-96.4071,2013-03-22,h10v04,4240.0,3563.0,0.1804,0.336,0.0476,91.0,4160.0,0.0,0b0001000001000000,0b00,VI produced with good quality,0b0000,Highest quality,0b01,Low,0b0,No,0b0,No,0b0,No,0b010,Ocean coastlines and lake shorelines,0b0,No,0b0,No,0b00000000000000000000000000000000,0b00000000000000000000000000000000,"Good data, use with confidence"
Irrigated,US-NE2,41.1649,-96.4071,2013-04-07,h10v04,4240.0,3563.0,0.1524,0.3195,0.0467,109.0,2112.0,0.0,0b0000100001000000,0b00,VI produced with good quality,0b0000,Highest quality,0b01,Low,0b0,No,0b0,No,0b0,No,0b001,Land (Nothing else but land),0b0,No,0b0,No,0b00000000000000000000000000000000,0b00000000000000000000000000000000,"Good data, use with confidence"
Irrigated,US-NE2,41.1649,-96.4071,2013-04-23,h10v04,4240.0,3563.0,0.1746,0.3567,0.0396,114.0,4229.0,1.0,0b0001000010000101,0b01,"VI produced, but check other QA",0b0001,Lower quality,0b10,Average,0b0,No,0b0,No,0b0,No,0b010,Ocean coastlines and lake shorelines,0b0,No,0b0,No,0b00000000000000000000000000000001,0b00000000000000000000000000000001,"Marginal data, Useful, but look at other QA information"
Irrigated,US-NE2,41.1649,-96.4071,2013-05-09,h10v04,4240.0,3563.0,0.1954,0.3468,0.0541,135.0,2181.0,1.0,0b0000100010000101,0b01,"VI produced, but check other QA",0b0001,Lower quality,0b10,Average,0b0,No,0b0,No,0b0,No,0b001,Land (Nothing else but land),0b0,No,0b0,No,0b00000000000000000000000000000001,0b00000000000000000000000000000001,"Marginal data, Useful, but look at other QA information"
Irrigated,US-NE2,41.1649,-96.4071,2013-05-25,h10v04,4240.0,3563.0,0.2843,0.4899,0.0431,151.0,4160.0,0.0,0b0001000001000000,0b00,VI produced with good quality,0b0000,Highest quality,0b01,Low,0b0,No,0b0,No,0b0,No,0b010,Ocean coastlines and lake shorelines,0b0,No,0b0,No,0b00000000000000000000000000000000,0b00000000000000000000000000000000,"Good data, use with confidence"
Irrigated,US-NE2,41.1649,-96.4071,2013-06-10,h10v04,4240.0,3563.0,0.3438,0.4791,0.0564,164.0,2181.0,1.0,0b0000100010000101,0b01,"VI produced, but check other QA",0b0001,Lower quality,0b10,Average,0b0,No,0b0,No,0b0,No,0b001,Land (Nothing else but land),0b0,No,0b0,No,0b00000000000000000000000000000001,0b00000000000000000000000000000001,"Marginal data, Useful, but look at other QA information"
Irrigated,US-NE2,41.1649,-96.4071,2013-06-26,h10v04,4240.0,3563.0,0.5414,0.7161,0.0367,185.0,2181.0,1.0,0b0000100010000101,0b01,"VI produced, but check other QA",0b0001,Lower quality,0b10,Average,0b0,No,0b0,No,0b0,No,0b001,Land (Nothing else but land),0b0,No,0b0,No,0b00000000000000000000000000000001,0b00000000000000000000000000000001,"Marginal data, Useful, but look at other QA information"
Irrigated,US-NE2,41.1649,-96.4071,2013-07-12,h10v04,4240.0,3563.0,0.5196,0.7301,0.0247,199.0,2112.0,0.0,0b0000100001000000,0b00,VI produced with good quality,0b0000,Highest quality,0b01,Low,0b0,No,0b0,No,0b0,No,0b001,Land (Nothing else but land),0b0,No,0b0,No,0b00000000000000000000000000000000,0b00000000000000000000000000000000,"Good data, use with confidence"
Irrigated,US-NE2,41.1649,-96.4071,2013-07-28,h10v04,4240.0,3563.0,0.5441,0.7153,0.0386,219.0,4365.0,1.0,0b0001000100001101,0b01,"VI produced, but check other QA",0b0011,Decreasing quality,0b00,Climatology,0b1,Yes,0b0,No,0b0,No,0b010,Ocean coastlines and lake shorelines,0b0,No,0b0,No,0b00000000000000000000000000000001,0b00000000000000000000000000000001,"Marginal data, Useful, but look at other QA information"
Irrigated,US-NE2,41.1649,-96.4071,2013-08-13,h10v04,4240.0,3563.0,0.6569,0.7816,0.0332,230.0,2116.0,0.0,0b0000100001000100,0b00,VI produced with good quality,0b0001,Lower quality,0b01,Low,0b0,No,0b0,No,0b0,No,0b001,Land (Nothing else but land),0b0,No,0b0,No,0b00000000000000000000000000000000,0b00000000000000000000000000000000,"Good data, use with confidence"
Irrigated,US-NE2,41.1649,-96.4071,2013-08-29,h10v04,4240.0,3563.0,0.4102,0.6156,0.0307,242.0,2112.0,0.0,0b0000100001000000,0b00,VI produced with good quality,0b0000,Highest quality,0b01,Low,0b0,No,0b0,No,0b0,No,0b001,Land (Nothing else but land),0b0,No,0b0,No,0b00000000000000000000000000000000,0b00000000000000000000000000000000,"Good data, use with confidence"
Irrigated,US-NE2,41.1649,-96.4071,2013-09-14,h10v04,4240.0,3563.0,0.3251,0.5611,0.0359,265.0,2112.0,0.0,0b0000100001000000,0b00,VI produced with good quality,0b0000,Highest quality,0b01,Low,0b0,No,0b0,No,0b0,No,0b001,Land (Nothing else but land),0b0,No,0b0,No,0b00000000000000000000000000000000,0b00000000000000000000000000000000,"Good data, use with confidence"
Irrigated,US-NE2,41.1649,-96.4071,2013-09-30,h10v04,4240.0,3563.0,0.2241,0.4078,0.0415,274.0,2112.0,0.0,0b0000100001000000,0b00,VI produced with good quality,0b0000,Highest quality,0b01,Low,0b0,No,0b0,No,0b0,No,0b001,Land (Nothing else but land),0b0,No,0b0,No,0b00000000000000000000000000000000,0b00000000000000000000000000000000,"Good data, use with confidence"
Irrigated,US-NE2,41.1649,-96.4071,2013-10-16,h10v04,4240.0,3563.0,0.195,0.3139,0.062,292.0,2112.0,0.0,0b0000100001000000,0b00,VI produced with good quality,0b0000,Highest quality,0b01,Low,0b0,No,0b0,No,0b0,No,0b001,Land (Nothing else but land),0b0,No,0b0,No,0b00000000000000000000000000000000,0b00000000000000000000000000000000,"Good data, use with confidence"
Irrigated,US-NE2,41.1649,-96.4071,2013-11-01,h10v04,4240.0,3563.0,0.1781,0.306,0.0537,306.0,2112.0,0.0,0b0000100001000000,0b00,VI produced with good quality,0b0000,Highest quality,0b01,Low,0b0,No,0b0,No,0b0,No,0b001,Land (Nothing else but land),0b0,No,0b0,No,0b00000000000000000000000000000000,0b00000000000000000000000000000000,"Good data, use with confidence"
Irrigated,US-NE2,41.1649,-96.4071,2013-11-17,h10v04,4240.0,3563.0,0.2309,0.353,0.0731,322.0,2116.0,0.0,0b0000100001000100,0b00,VI produced with good quality,0b0001,Lower quality,0b01,Low,0b0,No,0b0,No,0b0,No,0b001,Land (Nothing else but land),0b0,No,0b0,No,0b00000000000000000000000000000000,0b00000000000000000000000000000000,"Good data, use with confidence"
Irrigated,US-NE2,41.1649,-96.4071,2013-12-03,h10v04,4240.0,3563.0,0.1589,0.2474,0.075,340.0,2116.0,0.0,0b0000100001000100,0b00,VI produced with good quality,0b0001,Lower quality,0b01,Low,0b0,No,0b0,No,0b0,No,0b001,Land (Nothing else but land),0b0,No,0b0,No,0b00000000000000000000000000000000,0b00000000000000000000000000000000,"Good data, use with confidence"
Irrigated,US-NE2,41.1649,-96.4071,2013-12-19,h10v04,4240.0,3563.0,0.1561,0.269,0.0694,361.0,2120.0,0.0,0b0000100001001000,0b00,VI produced with good quality,0b0010,Decreasing quality,0b01,Low,0b0,No,0b0,No,0b0,No,0b001,Land (Nothing else but land),0b0,No,0b0,No,0b00000000000000000000000000000000,0b00000000000000000000000000000000,"Good data, use with confidence"
Irrigated,US-NE2,41.1649,-96.4071,2014-01-01,h10v04,4240.0,3563.0,0.1881,0.2992,0.0696,14.0,2116.0,0.0,0b0000100001000100,0b00,VI produced with good quality,0b0001,Lower quality,0b01,Low,0b0,No,0b0,No,0b0,No,0b001,Land (Nothing else but land),0b0,No,0b0,No,0b00000000000000000000000000000000,0b00000000000000000000000000000000,"Good data, use with confidence"
Irrigated,US-NE2,41.1649,-96.4071,2014-01-17,h10v04,4240.0,3563.0,0.1447,0.2556,0.0651,28.0,2116.0,0.0,0b0000100001000100,0b00,VI produced with good quality,0b0001,Lower quality,0b01,Low,0b0,No,0b0,No,0b0,No,0b001,Land (Nothing else but land),0b0,No,0b0,No,0b00000000000000000000000000000000,0b00000000000000000000000000000000,"Good data, use with confidence"
Irrigated,US-NE2,41.1649,-96.4071,2014-02-02,h10v04,4240.0,3563.0,0.1704,0.268,0.0744,48.0,2112.0,0.0,0b0000100001000000,0b00,VI produced with good quality,0b0000,Highest quality,0b01,Low,0b0,No,0b0,No,0b0,No,0b001,Land (Nothing else but land),0b0,No,0b0,No,0b00000000000000000000000000000000,0b00000000000000000000000000000000,"Good data, use with confidence"
Irrigated,US-NE2,41.1649,-96.4071,2014-02-18,h10v04,4240.0,3563.0,0.1503,0.2517,0.0662,53.0,2112.0,0.0,0b0000100001000000,0b00,VI produced with good quality,0b0000,Highest quality,0b01,Low,0b0,No,0b0,No,0b0,No,0b001,Land (Nothing else but land),0b0,No,0b0,No,0b00000000000000000000000000000000,0b00000000000000000000000000000000,"Good data, use with confidence"
Irrigated,US-NE2,41.1649,-96.4071,2014-03-06,h10v04,4240.0,3563.0,0.13,0.2399,0.0588,67.0,2112.0,0.0,0b0000100001000000,0b00,VI produced with good quality,0b0000,Highest quality,0b01,Low,0b0,No,0b0,No,0b0,No,0b001,Land (Nothing else but land),0b0,No,0b0,No,0b00000000000000000000000000000000,0b00000000000000000000000000000000,"Good data, use with confidence"
Irrigated,US-NE2,41.1649,-96.4071,2014-03-22,h10v04,4240.0,3563.0,0.145,0.236,0.0737,90.0,4160.0,0.0,0b0001000001000000,0b00,VI produced with good quality,0b0000,Highest quality,0b01,Low,0b0,No,0b0,No,0b0,No,0b010,Ocean coastlines and lake shorelines,0b0,No,0b0,No,0b00000000000000000000000000000000,0b00000000000000000000000000000000,"Good data, use with confidence"
Irrigated,US-NE2,41.1649,-96.4071,2014-04-07,h10v04,4240.0,3563.0,0.16,0.2515,0.0781,101.0,2112.0,0.0,0b0000100001000000,0b00,VI produced with good quality,0b0000,Highest quality,0b01,Low,0b0,No,0b0,No,0b0,No,0b001,Land (Nothing else but land),0b0,No,0b0,No,0b00000000000000000000000000000000,0b00000000000000000000000000000000,"Good data, use with confidence"
Irrigated,US-NE2,41.1649,-96.4071,2014-04-23,h10v04,4240.0,3563.0,0.1865,0.3068,0.0624,122.0,2112.0,0.0,0b0000100001000000,0b00,VI produced with good quality,0b0000,Highest quality,0b01,Low,0b0,No,0b0,No,0b0,No,0b001,Land (Nothing else but land),0b0,No,0b0,No,0b00000000000000000000000000000000,0b00000000000000000000000000000000,"Good data, use with confidence"
Irrigated,US-NE2,41.1649,-96.4071,2014-05-09,h10v04,4240.0,3563.0,0.2593,0.3936,0.0627,138.0,4229.0,1.0,0b0001000010000101,0b01,"VI produced, but check other QA",0b0001,Lower quality,0b10,Average,0b0,No,0b0,No,0b0,No,0b010,Ocean coastlines and lake shorelines,0b0,No,0b0,No,0b00000000000000000000000000000001,0b00000000000000000000000000000001,"Marginal data, Useful, but look at other QA information"
Irrigated,US-NE2,41.1649,-96.4071,2014-05-25,h10v04,4240.0,3563.0,0.2376,0.4312,0.0437,153.0,2116.0,0.0,0b0000100001000100,0b00,VI produced with good quality,0b0001,Lower quality,0b01,Low,0b0,No,0b0,No,0b0,No,0b001,Land (Nothing else but land),0b0,No,0b0,No,0b00000000000000000000000000000000,0b00000000000000000000000000000000,"Good data, use with confidence"
Irrigated,US-NE2,41.1649,-96.4071,2014-06-10,h10v04,4240.0,3563.0,0.5526,0.68,0.0464,171.0,2116.0,1.0,0b0000100001000100,0b00,VI produced with good quality,0b0001,Lower quality,0b01,Low,0b0,No,0b0,No,0b0,No,0b001,Land (Nothing else but land),0b0,No,0b0,No,0b00000000000000000000000000000001,0b00000000000000000000000000000001,"Marginal data, Useful, but look at other QA information"
Irrigated,US-NE2,41.1649,-96.4071,2014-06-26,h10v04,4240.0,3563.0,0.5341,0.692,0.0468,188.0,2112.0,0.0,0b0000100001000000,0b00,VI produced with good quality,0b0000,Highest quality,0b01,Low,0b0,No,0b0,No,0b0,No,0b001,Land (Nothing else but land),0b0,No,0b0,No,0b00000000000000000000000000000000,0b00000000000000000000000000000000,"Good data, use with confidence"
Irrigated,US-NE2,41.1649,-96.4071,2014-07-12,h10v04,4240.0,3563.0,0.6532,0.7948,0.0302,206.0,2112.0,0.0,0b0000100001000000,0b00,VI produced with good quality,0b0000,Highest quality,0b01,Low,0b0,No,0b0,No,0b0,No,0b001,Land (Nothing else but land),0b0,No,0b0,No,0b00000000000000000000000000000000,0b00000000000000000000000000000000,"Good data, use with confidence"
Irrigated,US-NE2,41.1649,-96.4071,2014-07-28,h10v04,4240.0,3563.0,0.4791,0.6399,0.0375,215.0,2112.0,0.0,0b0000100001000000,0b00,VI produced with good quality,0b0000,Highest quality,0b01,Low,0b0,No,0b0,No,0b0,No,0b001,Land (Nothing else but land),0b0,No,0b0,No,0b00000000000000000000000000000000,0b00000000000000000000000000000000,"Good data, use with confidence"
Irrigated,US-NE2,41.1649,-96.4071,2014-08-13,h10v04,4240.0,3563.0,0.4885,0.7288,0.0209,236.0,2112.0,0.0,0b0000100001000000,0b00,VI produced with good quality,0b0000,Highest quality,0b01,Low,0b0,No,0b0,No,0b0,No,0b001,Land (Nothing else but land),0b0,No,0b0,No,0b00000000000000000000000000000000,0b00000000000000000000000000000000,"Good data, use with confidence"
Irrigated,US-NE2,41.1649,-96.4071,2014-08-29,h10v04,4240.0,3563.0,0.5905,0.8072,0.0249,245.0,2112.0,0.0,0b0000100001000000,0b00,VI produced with good quality,0b0000,Highest quality,0b01,Low,0b0,No,0b0,No,0b0,No,0b001,Land (Nothing else but land),0b0,No,0b0,No,0b00000000000000000000000000000000,0b00000000000000000000000000000000,"Good data, use with confidence"
Irrigated,US-NE2,41.1649,-96.4071,2014-09-14,h10v04,4240.0,3563.0,0.2441,0.4578,0.0366,268.0,2112.0,0.0,0b0000100001000000,0b00,VI produced with good quality,0b0000,Highest quality,0b01,Low,0b0,No,0b0,No,0b0,No,0b001,Land (Nothing else but land),0b0,No,0b0,No,0b00000000000000000000000000000000,0b00000000000000000000000000000000,"Good data, use with confidence"
Irrigated,US-NE2,41.1649,-96.4071,2014-09-30,h10v04,4240.0,3563.0,0.2223,0.3926,0.0535,284.0,2112.0,0.0,0b0000100001000000,0b00,VI produced with good quality,0b0000,Highest quality,0b01,Low,0b0,No,0b0,No,0b0,No,0b001,Land (Nothing else but land),0b0,No,0b0,No,0b00000000000000000000000000000000,0b00000000000000000000000000000000,"Good data, use with confidence"
Irrigated,US-NE2,41.1649,-96.4071,2014-10-16,h10v04,4240.0,3563.0,0.1996,0.3561,0.0605,293.0,2112.0,0.0,0b0000100001000000,0b00,VI produced with good quality,0b0000,Highest quality,0b01,Low,0b0,No,0b0,No,0b0,No,0b001,Land (Nothing else but land),0b0,No,0b0,No,0b00000000000000000000000000000000,0b00000000000000000000000000000000,"Good data, use with confidence"
Irrigated,US-NE2,41.1649,-96.4071,2014-11-01,h10v04,4240.0,3563.0,0.2001,0.3496,0.0574,305.0,2112.0,0.0,0b0000100001000000,0b00,VI produced with good quality,0b0000,Highest quality,0b01,Low,0b0,No,0b0,No,0b0,No,0b001,Land (Nothing else but land),0b0,No,0b0,No,0b00000000000000000000000000000000,0b00000000000000000000000000000000,"Good data, use with confidence"
Irrigated,US-NE2,41.1649,-96.4071,2014-11-17,h10v04,4240.0,3563.0,0.1924,0.3103,0.0706,332.0,4164.0,0.0,0b0001000001000100,0b00,VI produced with good quality,0b0001,Lower quality,0b01,Low,0b0,No,0b0,No,0b0,No,0b010,Ocean coastlines and lake shorelines,0b0,No,0b0,No,0b00000000000000000000000000000000,0b00000000000000000000000000000000,"Good data, use with confidence"
Irrigated,US-NE2,41.1649,-96.4071,2014-12-03,h10v04,4240.0,3563.0,0.174,0.2847,0.0655,342.0,2189.0,1.0,0b0000100010001101,0b01,"VI produced, but check other QA",0b0011,Decreasing quality,0b10,Average,0b0,No,0b0,No,0b0,No,0b001,Land (Nothing else but land),0b0,No,0b0,No,0b00000000000000000000000000000001,0b00000000000000000000000000000001,"Marginal data, Useful, but look at other QA information"
Irrigated,US-NE2,41.1649,-96.4071,2014-12-19,h10v04,4240.0,3563.0,0.1195,0.2806,0.0395,359.0,2120.0,0.0,0b0000100001001000,0b00,VI produced with good quality,0b0010,Decreasing quality,0b01,Low,0b0,No,0b0,No,0b0,No,0b001,Land (Nothing else but land),0b0,No,0b0,No,0b00000000000000000000000000000000,0b00000000000000000000000000000000,"Good data, use with confidence"
Irrigated,US-NE2,41.1649,-96.4071,2015-01-01,h10v04,4240.0,3563.0,0.1286,0.2542,0.0501,15.0,2116.0,0.0,0b0000100001000100,0b00,VI produced with good quality,0b0001,Lower quality,0b01,Low,0b0,No,0b0,No,0b0,No,0b001,Land (Nothing else but land),0b0,No,0b0,No,0b00000000000000000000000000000000,0b00000000000000000000000000000000,"Good data, use with confidence"
Irrigated,US-NE2,41.1649,-96.4071,2015-01-17,h10v04,4240.0,3563.0,0.1486,0.276,0.0581,26.0,2116.0,0.0,0b0000100001000100,0b00,VI produced with good quality,0b0001,Lower quality,0b01,Low,0b0,No,0b0,No,0b0,No,0b001,Land (Nothing else but land),0b0,No,0b0,No,0b00000000000000000000000000000000,0b00000000000000000000000000000000,"Good data, use with confidence"
Irrigated,US-NE2,41.1649,-96.4071,2015-02-02,h10v04,4240.0,3563.0,-0.0297,-0.0185,0.895,33.0,18449.0,2.0,0b0100100000010001,0b01,"VI produced, but check other QA",0b0100,Decreasing quality,0b00,Climatology,0b0,No,0b0,No,0b0,No,0b001,Land (Nothing else but land),0b1,Yes,0b0,No,0b00000000000000000000000000000010,0b00000000000000000000000000000010,Snow/Ice Target covered with snow/ice
Irrigated,US-NE2,41.1649,-96.4071,2015-02-18,h10v04,4240.0,3563.0,0.1341,0.2178,0.0783,54.0,2513.0,1.0,0b0000100111010001,0b01,"VI produced, but check other QA",0b0100,Decreasing quality,0b11,High,0b1,Yes,0b0,No,0b0,No,0b001,Land (Nothing else but land),0b0,No,0b0,No,0b00000000000000000000000000000001,0b00000000000000000000000000000001,"Marginal data, Useful, but look at other QA information"
Irrigated,US-NE2,41.1649,-96.4071,2015-03-06,h10v04,4240.0,3563.0,0.1332,0.2526,0.0535,72.0,2112.0,0.0,0b0000100001000000,0b00,VI produced with good quality,0b0000,Highest quality,0b01,Low,0b0,No,0b0,No,0b0,No,0b001,Land (Nothing else but land),0b0,No,0b0,No,0b00000000000000000000000000000000,0b00000000000000000000000000000000,"Good data, use with confidence"
Irrigated,US-NE2,41.1649,-96.4071,2015-03-22,h10v04,4240.0,3563.0,0.1616,0.2659,0.0684,95.0,4160.0,0.0,0b0001000001000000,0b00,VI produced with good quality,0b0000,Highest quality,0b01,Low,0b0,No,0b0,No,0b0,No,0b010,Ocean coastlines and lake shorelines,0b0,No,0b0,No,0b00000000000000000000000000000000,0b00000000000000000000000000000000,"Good data, use with confidence"
Irrigated,US-NE2,41.1649,-96.4071,2015-04-07,h10v04,4240.0,3563.0,0.1769,0.2931,0.065,102.0,2112.0,0.0,0b0000100001000000,0b00,VI produced with good quality,0b0000,Highest quality,0b01,Low,0b0,No,0b0,No,0b0,No,0b001,Land (Nothing else but land),0b0,No,0b0,No,0b00000000000000000000000000000000,0b00000000000000000000000000000000,"Good data, use with confidence"
Irrigated,US-NE2,41.1649,-96.4071,2015-04-23,h10v04,4240.0,3563.0,0.2205,0.3533,0.0588,120.0,2181.0,1.0,0b0000100010000101,0b01,"VI produced, but check other QA",0b0001,Lower quality,0b10,Average,0b0,No,0b0,No,0b0,No,0b001,Land (Nothing else but land),0b0,No,0b0,No,0b00000000000000000000000000000001,0b00000000000000000000000000000001,"Marginal data, Useful, but look at other QA information"
Irrigated,US-NE2,41.1649,-96.4071,2015-05-09,h10v04,4240.0,3563.0,0.3475,0.4797,0.0645,138.0,2112.0,0.0,0b0000100001000000,0b00,VI produced with good quality,0b0000,Highest quality,0b01,Low,0b0,No,0b0,No,0b0,No,0b001,Land (Nothing else but land),0b0,No,0b0,No,0b00000000000000000000000000000000,0b00000000000000000000000000000000,"Good data, use with confidence"
Irrigated,US-NE2,41.1649,-96.4071,2015-05-25,h10v04,4240.0,3563.0,0.316,0.4957,0.0507,159.0,4160.0,0.0,0b0001000001000000,0b00,VI produced with good quality,0b0000,Highest quality,0b01,Low,0b0,No,0b0,No,0b0,No,0b010,Ocean coastlines and lake shorelines,0b0,No,0b0,No,0b00000000000000000000000000000000,0b00000000000000000000000000000000,"Good data, use with confidence"
Irrigated,US-NE2,41.1649,-96.4071,2015-06-10,h10v04,4240.0,3563.0,0.3373,0.528,0.0459,168.0,2112.0,0.0,0b0000100001000000,0b00,VI produced with good quality,0b0000,Highest quality,0b01,Low,0b0,No,0b0,No,0b0,No,0b001,Land (Nothing else but land),0b0,No,0b0,No,0b00000000000000000000000000000000,0b00000000000000000000000000000000,"Good data, use with confidence"
Irrigated,US-NE2,41.1649,-96.4071,2015-06-26,h10v04,4240.0,3563.0,0.6662,0.7951,0.032,188.0,2112.0,0.0,0b0000100001000000,0b00,VI produced with good quality,0b0000,Highest quality,0b01,Low,0b0,No,0b0,No,0b0,No,0b001,Land (Nothing else but land),0b0,No,0b0,No,0b00000000000000000000000000000000,0b00000000000000000000000000000000,"Good data, use with confidence"
Irrigated,US-NE2,41.1649,-96.4071,2015-07-12,h10v04,4240.0,3563.0,0.4833,0.6313,0.0454,193.0,2112.0,0.0,0b0000100001000000,0b00,VI produced with good quality,0b0000,Highest quality,0b01,Low,0b0,No,0b0,No,0b0,No,0b001,Land (Nothing else but land),0b0,No,0b0,No,0b00000000000000000000000000000000,0b00000000000000000000000000000000,"Good data, use with confidence"
Irrigated,US-NE2,41.1649,-96.4071,2015-07-28,h10v04,4240.0,3563.0,0.5384,0.7513,0.0228,214.0,2181.0,1.0,0b0000100010000101,0b01,"VI produced, but check other QA",0b0001,Lower quality,0b10,Average,0b0,No,0b0,No,0b0,No,0b001,Land (Nothing else but land),0b0,No,0b0,No,0b00000000000000000000000000000001,0b00000000000000000000000000000001,"Marginal data, Useful, but look at other QA information"
Irrigated,US-NE2,41.1649,-96.4071,2015-08-13,h10v04,4240.0,3563.0,0.5269,0.7526,0.0237,232.0,2112.0,0.0,0b0000100001000000,0b00,VI produced with good quality,0b0000,Highest quality,0b01,Low,0b0,No,0b0,No,0b0,No,0b001,Land (Nothing else but land),0b0,No,0b0,No,0b00000000000000000000000000000000,0b00000000000000000000000000000000,"Good data, use with confidence"
Irrigated,US-NE2,41.1649,-96.4071,2015-08-29,h10v04,4240.0,3563.0,0.5621,0.7719,0.0314,255.0,2112.0,0.0,0b0000100001000000,0b00,VI produced with good quality,0b0000,Highest quality,0b01,Low,0b0,No,0b0,No,0b0,No,0b001,Land (Nothing else but land),0b0,No,0b0,No,0b00000000000000000000000000000000,0b00000000000000000000000000000000,"Good data, use with confidence"
Irrigated,US-NE2,41.1649,-96.4071,2015-09-14,h10v04,4240.0,3563.0,0.2962,0.5675,0.0333,271.0,2112.0,0.0,0b0000100001000000,0b00,VI produced with good quality,0b0000,Highest quality,0b01,Low,0b0,No,0b0,No,0b0,No,0b001,Land (Nothing else but land),0b0,No,0b0,No,0b00000000000000000000000000000000,0b00000000000000000000000000000000,"Good data, use with confidence"
Irrigated,US-NE2,41.1649,-96.4071,2015-09-30,h10v04,4240.0,3563.0,0.2345,0.4572,0.0369,273.0,2112.0,0.0,0b0000100001000000,0b00,VI produced with good quality,0b0000,Highest quality,0b01,Low,0b0,No,0b0,No,0b0,No,0b001,Land (Nothing else but land),0b0,No,0b0,No,0b00000000000000000000000000000000,0b00000000000000000000000000000000,"Good data, use with confidence"
Irrigated,US-NE2,41.1649,-96.4071,2015-10-16,h10v04,4240.0,3563.0,0.2405,0.388,0.0525,289.0,2112.0,0.0,0b0000100001000000,0b00,VI produced with good quality,0b0000,Highest quality,0b01,Low,0b0,No,0b0,No,0b0,No,0b001,Land (Nothing else but land),0b0,No,0b0,No,0b00000000000000000000000000000000,0b00000000000000000000000000000000,"Good data, use with confidence"
Irrigated,US-NE2,41.1649,-96.4071,2015-11-01,h10v04,4240.0,3563.0,0.2162,0.3344,0.0686,319.0,2116.0,0.0,0b0000100001000100,0b00,VI produced with good quality,0b0001,Lower quality,0b01,Low,0b0,No,0b0,No,0b0,No,0b001,Land (Nothing else but land),0b0,No,0b0,No,0b00000000000000000000000000000000,0b00000000000000000000000000000000,"Good data, use with confidence"
Irrigated,US-NE2,41.1649,-96.4071,2015-11-17,h10v04,4240.0,3563.0,0.1542,0.2557,0.0653,328.0,2116.0,0.0,0b0000100001000100,0b00,VI produced with good quality,0b0001,Lower quality,0b01,Low,0b0,No,0b0,No,0b0,No,0b001,Land (Nothing else but land),0b0,No,0b0,No,0b00000000000000000000000000000000,0b00000000000000000000000000000000,"Good data, use with confidence"
Irrigated,US-NE2,41.1649,-96.4071,2015-12-03,h10v04,4240.0,3563.0,0.1494,0.2536,0.0674,344.0,2116.0,0.0,0b0000100001000100,0b00,VI produced with good quality,0b0001,Lower quality,0b01,Low,0b0,No,0b0,No,0b0,No,0b001,Land (Nothing else but land),0b0,No,0b0,No,0b00000000000000000000000000000000,0b00000000000000000000000000000000,"Good data, use with confidence"
Irrigated,US-NE2,41.1649,-96.4071,2015-12-19,h10v04,4240.0,3563.0,0.144,0.2459,0.0636,353.0,4168.0,0.0,0b0001000001001000,0b00,VI produced with good quality,0b0010,Decreasing quality,0b01,Low,0b0,No,0b0,No,0b0,No,0b010,Ocean coastlines and lake shorelines,0b0,No,0b0,No,0b00000000000000000000000000000000,0b00000000000000000000000000000000,"Good data, use with confidence"
Irrigated,US-NE2,41.1649,-96.4071,2016-01-01,h10v04,4240.0,3563.0,-0.0023,-0.0017,0.542,11.0,18449.0,2.0,0b0100100000010001,0b01,"VI produced, but check other QA",0b0100,Decreasing quality,0b00,Climatology,0b0,No,0b0,No,0b0,No,0b001,Land (Nothing else but land),0b1,Yes,0b0,No,0b00000000000000000000000000000010,0b00000000000000000000000000000010,Snow/Ice Target covered with snow/ice
Irrigated,US-NE2,41.1649,-96.4071,2016-01-17,h10v04,4240.0,3563.0,0.0344,0.0255,0.5093,28.0,18449.0,2.0,0b0100100000010001,0b01,"VI produced, but check other QA",0b0100,Decreasing quality,0b00,Climatology,0b0,No,0b0,No,0b0,No,0b001,Land (Nothing else but land),0b1,Yes,0b0,No,0b00000000000000000000000000000010,0b00000000000000000000000000000010,Snow/Ice Target covered with snow/ice
Irrigated,US-NE2,41.1649,-96.4071,2016-02-02,h10v04,4240.0,3563.0,-0.0419,-0.0264,0.8478,38.0,18449.0,2.0,0b0100100000010001,0b01,"VI produced, but check other QA",0b0100,Decreasing quality,0b00,Climatology,0b0,No,0b0,No,0b0,No,0b001,Land (Nothing else but land),0b1,Yes,0b0,No,0b00000000000000000000000000000010,0b00000000000000000000000000000010,Snow/Ice Target covered with snow/ice
Irrigated,US-NE2,41.1649,-96.4071,2016-02-18,h10v04,4240.0,3563.0,0.1549,0.2638,0.0666,59.0,2181.0,1.0,0b0000100010000101,0b01,"VI produced, but check other QA",0b0001,Lower quality,0b10,Average,0b0,No,0b0,No,0b0,No,0b001,Land (Nothing else but land),0b0,No,0b0,No,0b00000000000000000000000000000001,0b00000000000000000000000000000001,"Marginal data, Useful, but look at other QA information"
Irrigated,US-NE2,41.1649,-96.4071,2016-03-05,h10v04,4240.0,3563.0,0.1516,0.2491,0.0684,68.0,2112.0,0.0,0b0000100001000000,0b00,VI produced with good quality,0b0000,Highest quality,0b01,Low,0b0,No,0b0,No,0b0,No,0b001,Land (Nothing else but land),0b0,No,0b0,No,0b00000000000000000000000000000000,0b00000000000000000000000000000000,"Good data, use with confidence"
Irrigated,US-NE2,41.1649,-96.4071,2016-03-21,h10v04,4240.0,3563.0,0.2007,0.3138,0.0766,84.0,2112.0,0.0,0b0000100001000000,0b00,VI produced with good quality,0b0000,Highest quality,0b01,Low,0b0,No,0b0,No,0b0,No,0b001,Land (Nothing else but land),0b0,No,0b0,No,0b00000000000000000000000000000000,0b00000000000000000000000000000000,"Good data, use with confidence"
Irrigated,US-NE2,41.1649,-96.4071,2016-04-06,h10v04,4240.0,3563.0,0.1549,0.2589,0.065,103.0,2112.0,0.0,0b0000100001000000,0b00,VI produced with good quality,0b0000,Highest quality,0b01,Low,0b0,No,0b0,No,0b0,No,0b001,Land (Nothing else but land),0b0,No,0b0,No,0b00000000000000000000000000000000,0b00000000000000000000000000000000,"Good data, use with confidence"
Irrigated,US-NE2,41.1649,-96.4071,2016-04-22,h10v04,4240.0,3563.0,0.2305,0.3893,0.0615,123.0,2112.0,0.0,0b0000100001000000,0b00,VI produced with good quality,0b0000,Highest quality,0b01,Low,0b0,No,0b0,No,0b0,No,0b001,Land (Nothing else but land),0b0,No,0b0,No,0b00000000000000000000000000000000,0b00000000000000000000000000000000,"Good data, use with confidence"
Irrigated,US-NE2,41.1649,-96.4071,2016-05-08,h10v04,4240.0,3563.0,0.1974,0.3172,0.0625,135.0,2112.0,0.0,0b0000100001000000,0b00,VI produced with good quality,0b0000,Highest quality,0b01,Low,0b0,No,0b0,No,0b0,No,0b001,Land (Nothing else but land),0b0,No,0b0,No,0b00000000000000000000000000000000,0b00000000000000000000000000000000,"Good data, use with confidence"
Irrigated,US-NE2,41.1649,-96.4071,2016-05-24,h10v04,4240.0,3563.0,0.1728,0.3341,0.0409,146.0,2112.0,0.0,0b0000100001000000,0b00,VI produced with good quality,0b0000,Highest quality,0b01,Low,0b0,No,0b0,No,0b0,No,0b001,Land (Nothing else but land),0b0,No,0b0,No,0b00000000000000000000000000000000,0b00000000000000000000000000000000,"Good data, use with confidence"
Irrigated,US-NE2,41.1649,-96.4071,2016-06-09,h10v04,4240.0,3563.0,0.2453,0.4168,0.0472,169.0,4160.0,0.0,0b0001000001000000,0b00,VI produced with good quality,0b0000,Highest quality,0b01,Low,0b0,No,0b0,No,0b0,No,0b010,Ocean coastlines and lake shorelines,0b0,No,0b0,No,0b00000000000000000000000000000000,0b00000000000000000000000000000000,"Good data, use with confidence"
Irrigated,US-NE2,41.1649,-96.4071,2016-06-25,h10v04,4240.0,3563.0,0.3951,0.5735,0.0493,178.0,2112.0,0.0,0b0000100001000000,0b00,VI produced with good quality,0b0000,Highest quality,0b01,Low,0b0,No,0b0,No,0b0,No,0b001,Land (Nothing else but land),0b0,No,0b0,No,0b00000000000000000000000000000000,0b00000000000000000000000000000000,"Good data, use with confidence"
Irrigated,US-NE2,41.1649,-96.4071,2016-07-11,h10v04,4240.0,3563.0,0.5194,0.7636,0.0207,208.0,2112.0,0.0,0b0000100001000000,0b00,VI produced with good quality,0b0000,Highest quality,0b01,Low,0b0,No,0b0,No,0b0,No,0b001,Land (Nothing else but land),0b0,No,0b0,No,0b00000000000000000000000000000000,0b00000000000000000000000000000000,"Good data, use with confidence"
Irrigated,US-NE2,41.1649,-96.4071,2016-07-27,h10v04,4240.0,3563.0,0.4438,0.6777,0.0251,210.0,4160.0,0.0,0b0001000001000000,0b00,VI produced with good quality,0b0000,Highest quality,0b01,Low,0b0,No,0b0,No,0b0,No,0b010,Ocean coastlines and lake shorelines,0b0,No,0b0,No,0b00000000000000000000000000000000,0b00000000000000000000000000000000,"Good data, use with confidence"
Irrigated,US-NE2,41.1649,-96.4071,2016-08-12,h10v04,4240.0,3563.0,0.5053,0.7428,0.0208,235.0,2112.0,0.0,0b0000100001000000,0b00,VI produced with good quality,0b0000,Highest quality,0b01,Low,0b0,No,0b0,No,0b0,No,0b001,Land (Nothing else but land),0b0,No,0b0,No,0b00000000000000000000000000000000,0b00000000000000000000000000000000,"Good data, use with confidence"
Irrigated,US-NE2,41.1649,-96.4071,2016-08-28,h10v04,4240.0,3563.0,0.7012,0.8323,0.0282,244.0,4160.0,0.0,0b0001000001000000,0b00,VI produced with good quality,0b0000,Highest quality,0b01,Low,0b0,No,0b0,No,0b0,No,0b010,Ocean coastlines and lake shorelines,0b0,No,0b0,No,0b00000000000000000000000000000000,0b00000000000000000000000000000000,"Good data, use with confidence"
Irrigated,US-NE2,41.1649,-96.4071,2016-09-13,h10v04,4240.0,3563.0,0.2283,0.4516,0.0336,267.0,4160.0,0.0,0b0001000001000000,0b00,VI produced with good quality,0b0000,Highest quality,0b01,Low,0b0,No,0b0,No,0b0,No,0b010,Ocean coastlines and lake shorelines,0b0,No,0b0,No,0b00000000000000000000000000000000,0b00000000000000000000000000000000,"Good data, use with confidence"
Irrigated,US-NE2,41.1649,-96.4071,2016-09-29,h10v04,4240.0,3563.0,0.2832,0.5027,0.0484,283.0,2112.0,0.0,0b0000100001000000,0b00,VI produced with good quality,0b0000,Highest quality,0b01,Low,0b0,No,0b0,No,0b0,No,0b001,Land (Nothing else but land),0b0,No,0b0,No,0b00000000000000000000000000000000,0b00000000000000000000000000000000,"Good data, use with confidence"
Irrigated,US-NE2,41.1649,-96.4071,2016-10-15,h10v04,4240.0,3563.0,0.2217,0.3751,0.0498,292.0,2112.0,0.0,0b0000100001000000,0b00,VI produced with good quality,0b0000,Highest quality,0b01,Low,0b0,No,0b0,No,0b0,No,0b001,Land (Nothing else but land),0b0,No,0b0,No,0b00000000000000000000000000000000,0b00000000000000000000000000000000,"Good data, use with confidence"
Irrigated,US-NE2,41.1649,-96.4071,2016-10-31,h10v04,4240.0,3563.0,0.1647,0.278,0.0638,315.0,2112.0,0.0,0b0000100001000000,0b00,VI produced with good quality,0b0000,Highest quality,0b01,Low,0b0,No,0b0,No,0b0,No,0b001,Land (Nothing else but land),0b0,No,0b0,No,0b00000000000000000000000000000000,0b00000000000000000000000000000000,"Good data, use with confidence"
Irrigated,US-NE2,41.1649,-96.4071,2016-11-16,h10v04,4240.0,3563.0,0.1967,0.3094,0.0724,324.0,2116.0,0.0,0b0000100001000100,0b00,VI produced with good quality,0b0001,Lower quality,0b01,Low,0b0,No,0b0,No,0b0,No,0b001,Land (Nothing else but land),0b0,No,0b0,No,0b00000000000000000000000000000000,0b00000000000000000000000000000000,"Good data, use with confidence"
Irrigated,US-NE2,41.1649,-96.4071,2016-12-02,h10v04,4240.0,3563.0,0.2531,0.3977,0.0688,347.0,4164.0,0.0,0b0001000001000100,0b00,VI produced with good quality,0b0001,Lower quality,0b01,Low,0b0,No,0b0,No,0b0,No,0b010,Ocean coastlines and lake shorelines,0b0,No,0b0,No,0b00000000000000000000000000000000,0b00000000000000000000000000000000,"Good data, use with confidence"
Irrigated,US-NE2,41.1649,-96.4071,2016-12-18,h10v04,4240.0,3563.0,0.115,0.2365,0.0516,363.0,2116.0,0.0,0b0000100001000100,0b00,VI produced with good quality,0b0001,Lower quality,0b01,Low,0b0,No,0b0,No,0b0,No,0b001,Land (Nothing else but land),0b0,No,0b0,No,0b00000000000000000000000000000000,0b00000000000000000000000000000000,"Good data, use with confidence"
Irrigated,US-NE2,41.1649,-96.4071,2017-01-01,h10v04,4240.0,3563.0,0.0574,0.0451,0.5418,6.0,18709.0,2.0,0b0100100100010101,0b01,"VI produced, but check other QA",0b0101,Decreasing quality,0b00,Climatology,0b1,Yes,0b0,No,0b0,No,0b001,Land (Nothing else but land),0b1,Yes,0b0,No,0b00000000000000000000000000000010,0b00000000000000000000000000000010,Snow/Ice Target covered with snow/ice
Irrigated,US-NE2,41.1649,-96.4071,2017-01-17,h10v04,4240.0,3563.0,0.1349,0.2821,0.0473,18.0,2116.0,0.0,0b0000100001000100,0b00,VI produced with good quality,0b0001,Lower quality,0b01,Low,0b0,No,0b0,No,0b0,No,0b001,Land (Nothing else but land),0b0,No,0b0,No,0b00000000000000000000000000000000,0b00000000000000000000000000000000,"Good data, use with confidence"
Irrigated,US-NE2,41.1649,-96.4071,2017-02-02,h10v04,4240.0,3563.0,0.1244,0.2472,0.0557,43.0,4160.0,0.0,0b0001000001000000,0b00,VI produced with good quality,0b0000,Highest quality,0b01,Low,0b0,No,0b0,No,0b0,No,0b010,Ocean coastlines and lake shorelines,0b0,No,0b0,No,0b00000000000000000000000000000000,0b00000000000000000000000000000000,"Good data, use with confidence"
Irrigated,US-NE2,41.1649,-96.4071,2017-02-18,h10v04,4240.0,3563.0,0.1824,0.3151,0.0698,52.0,4160.0,0.0,0b0001000001000000,0b00,VI produced with good quality,0b0000,Highest quality,0b01,Low,0b0,No,0b0,No,0b0,No,0b010,Ocean coastlines and lake shorelines,0b0,No,0b0,No,0b00000000000000000000000000000000,0b00000000000000000000000000000000,"Good data, use with confidence"
Irrigated,US-NE2,41.1649,-96.4071,2017-03-06,h10v04,4240.0,3563.0,0.1553,0.2727,0.0672,66.0,2112.0,0.0,0b0000100001000000,0b00,VI produced with good quality,0b0000,Highest quality,0b01,Low,0b0,No,0b0,No,0b0,No,0b001,Land (Nothing else but land),0b0,No,0b0,No,0b00000000000000000000000000000000,0b00000000000000000000000000000000,"Good data, use with confidence"
Irrigated,US-NE2,41.1649,-96.4071,2017-03-22,h10v04,4240.0,3563.0,0.1499,0.2615,0.0616,96.0,4164.0,0.0,0b0001000001000100,0b00,VI produced with good quality,0b0001,Lower quality,0b01,Low,0b0,No,0b0,No,0b0,No,0b010,Ocean coastlines and lake shorelines,0b0,No,0b0,No,0b00000000000000000000000000000000,0b00000000000000000000000000000000,"Good data, use with confidence"
Irrigated,US-NE2,41.1649,-96.4071,2017-04-07,h10v04,4240.0,3563.0,0.185,0.2679,0.0841,97.0,2185.0,1.0,0b0000100010001001,0b01,"VI produced, but check other QA",0b0010,Decreasing quality,0b10,Average,0b0,No,0b0,No,0b0,No,0b001,Land (Nothing else but land),0b0,No,0b0,No,0b00000000000000000000000000000001,0b00000000000000000000000000000001,"Marginal data, Useful, but look at other QA information"
Irrigated,US-NE2,41.1649,-96.4071,2017-04-23,h10v04,4240.0,3563.0,0.2657,0.4117,0.0626,125.0,2181.0,1.0,0b0000100010000101,0b01,"VI produced, but check other QA",0b0001,Lower quality,0b10,Average,0b0,No,0b0,No,0b0,No,0b001,Land (Nothing else but land),0b0,No,0b0,No,0b00000000000000000000000000000001,0b00000000000000000000000000000001,"Marginal data, Useful, but look at other QA information"
Irrigated,US-NE2,41.1649,-96.4071,2017-05-09,h10v04,4240.0,3563.0,0.2615,0.44,0.0536,132.0,2112.0,0.0,0b0000100001000000,0b00,VI produced with good quality,0b0000,Highest quality,0b01,Low,0b0,No,0b0,No,0b0,No,0b001,Land (Nothing else but land),0b0,No,0b0,No,0b00000000000000000000000000000000,0b00000000000000000000000000000000,"Good data, use with confidence"
Irrigated,US-NE2,41.1649,-96.4071,2017-05-25,h10v04,4240.0,3563.0,0.3821,0.5618,0.0521,157.0,2181.0,1.0,0b0000100010000101,0b01,"VI produced, but check other QA",0b0001,Lower quality,0b10,Average,0b0,No,0b0,No,0b0,No,0b001,Land (Nothing else but land),0b0,No,0b0,No,0b00000000000000000000000000000001,0b00000000000000000000000000000001,"Marginal data, Useful, but look at other QA information"
Irrigated,US-NE2,41.1649,-96.4071,2017-06-10,h10v04,4240.0,3563.0,0.3384,0.4912,0.0533,166.0,4160.0,0.0,0b0001000001000000,0b00,VI produced with good quality,0b0000,Highest quality,0b01,Low,0b0,No,0b0,No,0b0,No,0b010,Ocean coastlines and lake shorelines,0b0,No,0b0,No,0b00000000000000000000000000000000,0b00000000000000000000000000000000,"Good data, use with confidence"
Irrigated,US-NE2,41.1649,-96.4071,2017-06-26,h10v04,4240.0,3563.0,0.4096,0.6542,0.0294,180.0,2112.0,0.0,0b0000100001000000,0b00,VI produced with good quality,0b0000,Highest quality,0b01,Low,0b0,No,0b0,No,0b0,No,0b001,Land (Nothing else but land),0b0,No,0b0,No,0b00000000000000000000000000000000,0b00000000000000000000000000000000,"Good data, use with confidence"
Irrigated,US-NE2,41.1649,-96.4071,2017-07-12,h10v04,4240.0,3563.0,0.5539,0.7455,0.0295,198.0,2112.0,0.0,0b0000100001000000,0b00,VI produced with good quality,0b0000,Highest quality,0b01,Low,0b0,No,0b0,No,0b0,No,0b001,Land (Nothing else but land),0b0,No,0b0,No,0b00000000000000000000000000000000,0b00000000000000000000000000000000,"Good data, use with confidence"
Irrigated,US-NE2,41.1649,-96.4071,2017-07-28,h10v04,4240.0,3563.0,0.5566,0.749,0.0263,216.0,2112.0,0.0,0b0000100001000000,0b00,VI produced with good quality,0b0000,Highest quality,0b01,Low,0b0,No,0b0,No,0b0,No,0b001,Land (Nothing else but land),0b0,No,0b0,No,0b00000000000000000000000000000000,0b00000000000000000000000000000000,"Good data, use with confidence"
Irrigated,US-NE2,41.1649,-96.4071,2017-08-13,h10v04,4240.0,3563.0,0.4694,0.7462,0.0185,237.0,2181.0,1.0,0b0000100010000101,0b01,"VI produced, but check other QA",0b0001,Lower quality,0b10,Average,0b0,No,0b0,No,0b0,No,0b001,Land (Nothing else but land),0b0,No,0b0,No,0b00000000000000000000000000000001,0b00000000000000000000000000000001,"Marginal data, Useful, but look at other QA information"
Irrigated,US-NE2,41.1649,-96.4071,2017-08-29,h10v04,4240.0,3563.0,0.357,0.6436,0.0247,251.0,4160.0,0.0,0b0001000001000000,0b00,VI produced with good quality,0b0000,Highest quality,0b01,Low,0b0,No,0b0,No,0b0,No,0b010,Ocean coastlines and lake shorelines,0b0,No,0b0,No,0b00000000000000000000000000000000,0b00000000000000000000000000000000,"Good data, use with confidence"
Irrigated,US-NE2,41.1649,-96.4071,2017-09-14,h10v04,4240.0,3563.0,0.2809,0.5492,0.0316,262.0,4164.0,0.0,0b0001000001000100,0b00,VI produced with good quality,0b0001,Lower quality,0b01,Low,0b0,No,0b0,No,0b0,No,0b010,Ocean coastlines and lake shorelines,0b0,No,0b0,No,0b00000000000000000000000000000000,0b00000000000000000000000000000000,"Good data, use with confidence"
Irrigated,US-NE2,41.1649,-96.4071,2017-09-30,h10v04,4240.0,3563.0,0.1626,0.3692,0.0375,285.0,2116.0,0.0,0b0000100001000100,0b00,VI produced with good quality,0b0001,Lower quality,0b01,Low,0b0,No,0b0,No,0b0,No,0b001,Land (Nothing else but land),0b0,No,0b0,No,0b00000000000000000000000000000000,0b00000000000000000000000000000000,"Good data, use with confidence"
Irrigated,US-NE2,41.1649,-96.4071,2017-10-16,h10v04,4240.0,3563.0,0.2126,0.3914,0.0503,292.0,2116.0,0.0,0b0000100001000100,0b00,VI produced with good quality,0b0001,Lower quality,0b01,Low,0b0,No,0b0,No,0b0,No,0b001,Land (Nothing else but land),0b0,No,0b0,No,0b00000000000000000000000000000000,0b00000000000000000000000000000000,"Good data, use with confidence"
Irrigated,US-NE2,41.1649,-96.4071,2017-11-01,h10v04,4240.0,3563.0,0.1867,0.3134,0.0652,319.0,2120.0,0.0,0b0000100001001000,0b00,VI produced with good quality,0b0010,Decreasing quality,0b01,Low,0b0,No,0b0,No,0b0,No,0b001,Land (Nothing else but land),0b0,No,0b0,No,0b00000000000000000000000000000000,0b00000000000000000000000000000000,"Good data, use with confidence"
Irrigated,US-NE2,41.1649,-96.4071,2017-11-17,h10v04,4240.0,3563.0,0.1846,0.2902,0.0769,335.0,2120.0,0.0,0b0000100001001000,0b00,VI produced with good quality,0b0010,Decreasing quality,0b01,Low,0b0,No,0b0,No,0b0,No,0b001,Land (Nothing else but land),0b0,No,0b0,No,0b00000000000000000000000000000000,0b00000000000000000000000000000000,"Good data, use with confidence"
Irrigated,US-NE2,41.1649,-96.4071,2017-12-03,h10v04,4240.0,3563.0,0.1589,0.26,0.0706,347.0,4168.0,0.0,0b0001000001001000,0b00,VI produced with good quality,0b0010,Decreasing quality,0b01,Low,0b0,No,0b0,No,0b0,No,0b010,Ocean coastlines and lake shorelines,0b0,No,0b0,No,0b00000000000000000000000000000000,0b00000000000000000000000000000000,"Good data, use with confidence"
Irrigated,US-NE2,41.1649,-96.4071,2017-12-19,h10v04,4240.0,3563.0,0.162,0.2629,0.0704,354.0,2120.0,0.0,0b0000100001001000,0b00,VI produced with good quality,0b0010,Decreasing quality,0b01,Low,0b0,No,0b0,No,0b0,No,0b001,Land (Nothing else but land),0b0,No,0b0,No,0b00000000000000000000000000000000,0b00000000000000000000000000000000,"Good data, use with confidence"
Irrigated,US-NE2,41.1649,-96.4071,2018-01-01,h10v04,4240.0,3563.0,0.0106,0.0113,0.4521,7.0,18453.0,2.0,0b0100100000010101,0b01,"VI produced, but check other QA",0b0101,Decreasing quality,0b00,Climatology,0b0,No,0b0,No,0b0,No,0b001,Land (Nothing else but land),0b1,Yes,0b0,No,0b00000000000000000000000000000010,0b00000000000000000000000000000010,Snow/Ice Target covered with snow/ice
Irrigated,US-NE2,41.1649,-96.4071,2018-01-17,h10v04,4240.0,3563.0,0.172,0.2489,0.0882,20.0,2124.0,0.0,0b0000100001001100,0b00,VI produced with good quality,0b0011,Decreasing quality,0b01,Low,0b0,No,0b0,No,0b0,No,0b001,Land (Nothing else but land),0b0,No,0b0,No,0b00000000000000000000000000000000,0b00000000000000000000000000000000,"Good data, use with confidence"
Irrigated,US-NE2,41.1649,-96.4071,2018-02-02,h10v04,4240.0,3563.0,-0.0022,-0.002,0.8013,44.0,18449.0,2.0,0b0100100000010001,0b01,"VI produced, but check other QA",0b0100,Decreasing quality,0b00,Climatology,0b0,No,0b0,No,0b0,No,0b001,Land (Nothing else but land),0b1,Yes,0b0,No,0b00000000000000000000000000000010,0b00000000000000000000000000000010,Snow/Ice Target covered with snow/ice
Irrigated,US-NE2,41.1649,-96.4071,2018-02-18,h10v04,4240.0,3563.0,0.1241,0.2321,0.0638,57.0,2116.0,0.0,0b0000100001000100,0b00,VI produced with good quality,0b0001,Lower quality,0b01,Low,0b0,No,0b0,No,0b0,No,0b001,Land (Nothing else but land),0b0,No,0b0,No,0b00000000000000000000000000000000,0b00000000000000000000000000000000,"Good data, use with confidence"
Irrigated,US-NE2,41.1649,-96.4071,2018-03-06,h10v04,4240.0,3563.0,0.1353,0.2385,0.0584,80.0,2116.0,0.0,0b0000100001000100,0b00,VI produced with good quality,0b0001,Lower quality,0b01,Low,0b0,No,0b0,No,0b0,No,0b001,Land (Nothing else but land),0b0,No,0b0,No,0b00000000000000000000000000000000,0b00000000000000000000000000000000,"Good data, use with confidence"
Irrigated,US-NE2,41.1649,-96.4071,2018-03-22,h10v04,4240.0,3563.0,0.1427,0.2314,0.0719,94.0,2116.0,0.0,0b0000100001000100,0b00,VI produced with good quality,0b0001,Lower quality,0b01,Low,0b0,No,0b0,No,0b0,No,0b001,Land (Nothing else but land),0b0,No,0b0,No,0b00000000000000000000000000000000,0b00000000000000000000000000000000,"Good data, use with confidence"
Irrigated,US-NE2,41.1649,-96.4071,2018-04-07,h10v04,4240.0,3563.0,0.1823,0.2674,0.0812,109.0,2120.0,1.0,0b0000100001001000,0b00,VI produced with good quality,0b0010,Decreasing quality,0b01,Low,0b0,No,0b0,No,0b0,No,0b001,Land (Nothing else but land),0b0,No,0b0,No,0b00000000000000000000000000000001,0b00000000000000000000000000000001,"Marginal data, Useful, but look at other QA information"
Irrigated,US-NE2,41.1649,-96.4071,2018-04-23,h10v04,4240.0,3563.0,0.1604,0.2637,0.0649,126.0,2116.0,0.0,0b0000100001000100,0b00,VI produced with good quality,0b0001,Lower quality,0b01,Low,0b0,No,0b0,No,0b0,No,0b001,Land (Nothing else but land),0b0,No,0b0,No,0b00000000000000000000000000000000,0b00000000000000000000000000000000,"Good data, use with confidence"
Irrigated,US-NE2,41.1649,-96.4071,2018-05-09,h10v04,4240.0,3563.0,0.319,0.435,0.0788,144.0,2185.0,1.0,0b0000100010001001,0b01,"VI produced, but check other QA",0b0010,Decreasing quality,0b10,Average,0b0,No,0b0,No,0b0,No,0b001,Land (Nothing else but land),0b0,No,0b0,No,0b00000000000000000000000000000001,0b00000000000000000000000000000001,"Marginal data, Useful, but look at other QA information"
Irrigated,US-NE2,41.1649,-96.4071,2018-05-25,h10v04,4240.0,3563.0,0.3363,0.4412,0.0814,146.0,2116.0,0.0,0b0000100001000100,0b00,VI produced with good quality,0b0001,Lower quality,0b01,Low,0b0,No,0b0,No,0b0,No,0b001,Land (Nothing else but land),0b0,No,0b0,No,0b00000000000000000000000000000000,0b00000000000000000000000000000000,"Good data, use with confidence"
Irrigated,US-NE2,41.1649,-96.4071,2018-06-10,h10v04,4240.0,3563.0,0.473,0.5935,0.0576,169.0,2116.0,0.0,0b0000100001000100,0b00,VI produced with good quality,0b0001,Lower quality,0b01,Low,0b0,No,0b0,No,0b0,No,0b001,Land (Nothing else but land),0b0,No,0b0,No,0b00000000000000000000000000000000,0b00000000000000000000000000000000,"Good data, use with confidence"
Irrigated,US-NE2,41.1649,-96.4071,2018-06-26,h10v04,4240.0,3563.0,0.5416,0.7597,0.0312,183.0,2116.0,0.0,0b0000100001000100,0b00,VI produced with good quality,0b0001,Lower quality,0b01,Low,0b0,No,0b0,No,0b0,No,0b001,Land (Nothing else but land),0b0,No,0b0,No,0b00000000000000000000000000000000,0b00000000000000000000000000000000,"Good data, use with confidence"
Irrigated,US-NE2,41.1649,-96.4071,2018-07-12,h10v04,4240.0,3563.0,0.6938,0.8563,0.0231,193.0,4168.0,1.0,0b0001000001001000,0b00,VI produced with good quality,0b0010,Decreasing quality,0b01,Low,0b0,No,0b0,No,0b0,No,0b010,Ocean coastlines and lake shorelines,0b0,No,0b0,No,0b00000000000000000000000000000001,0b00000000000000000000000000000001,"Marginal data, Useful, but look at other QA information"
Irrigated,US-NE2,41.1649,-96.4071,2018-07-28,h10v04,4240.0,3563.0,0.5779,0.791,0.023,215.0,2116.0,0.0,0b0000100001000100,0b00,VI produced with good quality,0b0001,Lower quality,0b01,Low,0b0,No,0b0,No,0b0,No,0b001,Land (Nothing else but land),0b0,No,0b0,No,0b00000000000000000000000000000000,0b00000000000000000000000000000000,"Good data, use with confidence"
Irrigated,US-NE2,41.1649,-96.4071,2018-08-13,h10v04,4240.0,3563.0,0.7256,0.8778,0.0219,229.0,2185.0,1.0,0b0000100010001001,0b01,"VI produced, but check other QA",0b0010,Decreasing quality,0b10,Average,0b0,No,0b0,No,0b0,No,0b001,Land (Nothing else but land),0b0,No,0b0,No,0b00000000000000000000000000000001,0b00000000000000000000000000000001,"Marginal data, Useful, but look at other QA information"
Irrigated,US-NE2,41.1649,-96.4071,2018-08-29,h10v04,4240.0,3563.0,0.3523,0.5885,0.0352,254.0,4164.0,0.0,0b0001000001000100,0b00,VI produced with good quality,0b0001,Lower quality,0b01,Low,0b0,No,0b0,No,0b0,No,0b010,Ocean coastlines and lake shorelines,0b0,No,0b0,No,0b00000000000000000000000000000000,0b00000000000000000000000000000000,"Good data, use with confidence"
Irrigated,US-NE2,41.1649,-96.4071,2018-09-14,h10v04,4240.0,3563.0,0.2654,0.4718,0.04,265.0,2116.0,0.0,0b0000100001000100,0b00,VI produced with good quality,0b0001,Lower quality,0b01,Low,0b0,No,0b0,No,0b0,No,0b001,Land (Nothing else but land),0b0,No,0b0,No,0b00000000000000000000000000000000,0b00000000000000000000000000000000,"Good data, use with confidence"
Irrigated,US-NE2,41.1649,-96.4071,2018-09-30,h10v04,4240.0,3563.0,0.2374,0.4021,0.0567,276.0,4164.0,0.0,0b0001000001000100,0b00,VI produced with good quality,0b0001,Lower quality,0b01,Low,0b0,No,0b0,No,0b0,No,0b010,Ocean coastlines and lake shorelines,0b0,No,0b0,No,0b00000000000000000000000000000000,0b00000000000000000000000000000000,"Good data, use with confidence"
Irrigated,US-NE2,41.1649,-96.4071,2018-10-16,h10v04,4240.0,3563.0,0.1906,0.3235,0.0653,295.0,2116.0,0.0,0b0000100001000100,0b00,VI produced with good quality,0b0001,Lower quality,0b01,Low,0b0,No,0b0,No,0b0,No,0b001,Land (Nothing else but land),0b0,No,0b0,No,0b00000000000000000000000000000000,0b00000000000000000000000000000000,"Good data, use with confidence"
Irrigated,US-NE2,41.1649,-96.4071,2018-11-01,h10v04,4240.0,3563.0,0.1443,0.2785,0.0556,311.0,2116.0,0.0,0b0000100001000100,0b00,VI produced with good quality,0b0001,Lower quality,0b01,Low,0b0,No,0b0,No,0b0,No,0b001,Land (Nothing else but land),0b0,No,0b0,No,0b00000000000000000000000000000000,0b00000000000000000000000000000000,"Good data, use with confidence"
Irrigated,US-NE2,41.1649,-96.4071,2018-11-17,h10v04,4240.0,3563.0,0.1623,0.312,0.0593,325.0,4168.0,0.0,0b0001000001001000,0b00,VI produced with good quality,0b0010,Decreasing quality,0b01,Low,0b0,No,0b0,No,0b0,No,0b010,Ocean coastlines and lake shorelines,0b0,No,0b0,No,0b00000000000000000000000000000000,0b00000000000000000000000000000000,"Good data, use with confidence"
Irrigated,US-NE2,41.1649,-96.4071,2018-12-03,h10v04,4240.0,3563.0,0.0177,0.0168,0.678,344.0,20505.0,2.0,0b0101000000011001,0b01,"VI produced, but check other QA",0b0110,Decreasing quality,0b00,Climatology,0b0,No,0b0,No,0b0,No,0b010,Ocean coastlines and lake shorelines,0b1,Yes,0b0,No,0b00000000000000000000000000000010,0b00000000000000000000000000000010,Snow/Ice Target covered with snow/ice
Irrigated,US-NE2,41.1649,-96.4071,2018-12-19,h10v04,4240.0,3563.0,0.1288,0.2758,0.0554,357.0,2120.0,0.0,0b0000100001001000,0b00,VI produced with good quality,0b0010,Decreasing quality,0b01,Low,0b0,No,0b0,No,0b0,No,0b001,Land (Nothing else but land),0b0,No,0b0,No,0b00000000000000000000000000000000,0b00000000000000000000000000000000,"Good data, use with confidence"
Irrigated,US-NE2,41.1649,-96.4071,2019-01-01,h10v04,4240.0,3563.0,0.1797,0.2638,0.0856,9.0,4172.0,1.0,0b0001000001001100,0b00,VI produced with good quality,0b0011,Decreasing quality,0b01,Low,0b0,No,0b0,No,0b0,No,0b010,Ocean coastlines and lake shorelines,0b0,No,0b0,No,0b00000000000000000000000000000001,0b00000000000000000000000000000001,"Marginal data, Useful, but look at other QA information"
Irrigated,US-NE2,41.1649,-96.4071,2019-01-17,h10v04,4240.0,3563.0,0.0257,0.0274,0.4596,32.0,2070.0,3.0,0b0000100000010110,0b10,"Pixel produced, but most probably cloudy",0b0101,Decreasing quality,0b00,Climatology,0b0,No,0b0,No,0b0,No,0b001,Land (Nothing else but land),0b0,No,0b0,No,0b00000000000000000000000000000011,0b00000000000000000000000000000011,"Cloudy data, Target not visible, covered with cloud"
Irrigated,US-NE2,41.1649,-96.4071,2019-02-02,h10v04,4240.0,3563.0,0.1446,0.2564,0.0734,35.0,2116.0,0.0,0b0000100001000100,0b00,VI produced with good quality,0b0001,Lower quality,0b01,Low,0b0,No,0b0,No,0b0,No,0b001,Land (Nothing else but land),0b0,No,0b0,No,0b00000000000000000000000000000000,0b00000000000000000000000000000000,"Good data, use with confidence"
Irrigated,US-NE2,41.1649,-96.4071,2019-02-18,h10v04,4240.0,3563.0,-0.0156,-0.0142,0.882,49.0,18449.0,2.0,0b0100100000010001,0b01,"VI produced, but check other QA",0b0100,Decreasing quality,0b00,Climatology,0b0,No,0b0,No,0b0,No,0b001,Land (Nothing else but land),0b1,Yes,0b0,No,0b00000000000000000000000000000010,0b00000000000000000000000000000010,Snow/Ice Target covered with snow/ice
Irrigated,US-NE2,41.1649,-96.4071,2019-03-06,h10v04,4240.0,3563.0,0.0935,0.2119,0.0465,74.0,2116.0,0.0,0b0000100001000100,0b00,VI produced with good quality,0b0001,Lower quality,0b01,Low,0b0,No,0b0,No,0b0,No,0b001,Land (Nothing else but land),0b0,No,0b0,No,0b00000000000000000000000000000000,0b00000000000000000000000000000000,"Good data, use with confidence"
Irrigated,US-NE2,41.1649,-96.4071,2019-03-22,h10v04,4240.0,3563.0,0.1381,0.2775,0.0507,90.0,2116.0,0.0,0b0000100001000100,0b00,VI produced with good quality,0b0001,Lower quality,0b01,Low,0b0,No,0b0,No,0b0,No,0b001,Land (Nothing else but land),0b0,No,0b0,No,0b00000000000000000000000000000000,0b00000000000000000000000000000000,"Good data, use with confidence"
Irrigated,US-NE2,41.1649,-96.4071,2019-04-07,h10v04,4240.0,3563.0,0.1765,0.271,0.074,110.0,4164.0,0.0,0b0001000001000100,0b00,VI produced with good quality,0b0001,Lower quality,0b01,Low,0b0,No,0b0,No,0b0,No,0b010,Ocean coastlines and lake shorelines,0b0,No,0b0,No,0b00000000000000000000000000000000,0b00000000000000000000000000000000,"Good data, use with confidence"
Irrigated,US-NE2,41.1649,-96.4071,2019-04-23,h10v04,4240.0,3563.0,0.1829,0.3179,0.0557,122.0,2185.0,1.0,0b0000100010001001,0b01,"VI produced, but check other QA",0b0010,Decreasing quality,0b10,Average,0b0,No,0b0,No,0b0,No,0b001,Land (Nothing else but land),0b0,No,0b0,No,0b00000000000000000000000000000001,0b00000000000000000000000000000001,"Marginal data, Useful, but look at other QA information"
Irrigated,US-NE2,41.1649,-96.4071,2019-05-09,h10v04,4240.0,3563.0,0.2316,0.4018,0.0466,133.0,2185.0,1.0,0b0000100010001001,0b01,"VI produced, but check other QA",0b0010,Decreasing quality,0b10,Average,0b0,No,0b0,No,0b0,No,0b001,Land (Nothing else but land),0b0,No,0b0,No,0b00000000000000000000000000000001,0b00000000000000000000000000000001,"Marginal data, Useful, but look at other QA information"
Irrigated,US-NE2,41.1649,-96.4071,2019-05-25,h10v04,4240.0,3563.0,0.2994,0.486,0.0511,156.0,2116.0,0.0,0b0000100001000100,0b00,VI produced with good quality,0b0001,Lower quality,0b01,Low,0b0,No,0b0,No,0b0,No,0b001,Land (Nothing else but land),0b0,No,0b0,No,0b00000000000000000000000000000000,0b00000000000000000000000000000000,"Good data, use with confidence"
Irrigated,US-NE2,41.1649,-96.4071,2019-06-10,h10v04,4240.0,3563.0,0.431,0.6568,0.0323,175.0,2116.0,0.0,0b0000100001000100,0b00,VI produced with good quality,0b0001,Lower quality,0b01,Low,0b0,No,0b0,No,0b0,No,0b001,Land (Nothing else but land),0b0,No,0b0,No,0b00000000000000000000000000000000,0b00000000000000000000000000000000,"Good data, use with confidence"
Irrigated,US-NE2,41.1649,-96.4071,2019-06-26,h10v04,4240.0,3563.0,0.5467,0.765,0.0251,191.0,4164.0,0.0,0b0001000001000100,0b00,VI produced with good quality,0b0001,Lower quality,0b01,Low,0b0,No,0b0,No,0b0,No,0b010,Ocean coastlines and lake shorelines,0b0,No,0b0,No,0b00000000000000000000000000000000,0b00000000000000000000000000000000,"Good data, use with confidence"
Irrigated,US-NE2,41.1649,-96.4071,2019-07-12,h10v04,4240.0,3563.0,0.5894,0.8024999,0.0263,193.0,2116.0,0.0,0b0000100001000100,0b00,VI produced with good quality,0b0001,Lower quality,0b01,Low,0b0,No,0b0,No,0b0,No,0b001,Land (Nothing else but land),0b0,No,0b0,No,0b00000000000000000000000000000000,0b00000000000000000000000000000000,"Good data, use with confidence"
Irrigated,US-NE2,41.1649,-96.4071,2019-07-28,h10v04,4240.0,3563.0,0.5439,0.7717,0.0169,218.0,4164.0,0.0,0b0001000001000100,0b00,VI produced with good quality,0b0001,Lower quality,0b01,Low,0b0,No,0b0,No,0b0,No,0b010,Ocean coastlines and lake shorelines,0b0,No,0b0,No,0b00000000000000000000000000000000,0b00000000000000000000000000000000,"Good data, use with confidence"
Irrigated,US-NE2,41.1649,-96.4071,2019-08-13,h10v04,4240.0,3563.0,0.6032,0.8362,0.0192,225.0,4164.0,0.0,0b0001000001000100,0b00,VI produced with good quality,0b0001,Lower quality,0b01,Low,0b0,No,0b0,No,0b0,No,0b010,Ocean coastlines and lake shorelines,0b0,No,0b0,No,0b00000000000000000000000000000000,0b00000000000000000000000000000000,"Good data, use with confidence"
Irrigated,US-NE2,41.1649,-96.4071,2019-08-29,h10v04,4240.0,3563.0,0.5163,0.7642,0.0225,241.0,4164.0,0.0,0b0001000001000100,0b00,VI produced with good quality,0b0001,Lower quality,0b01,Low,0b0,No,0b0,No,0b0,No,0b010,Ocean coastlines and lake shorelines,0b0,No,0b0,No,0b00000000000000000000000000000000,0b00000000000000000000000000000000,"Good data, use with confidence"
Irrigated,US-NE2,41.1649,-96.4071,2019-09-14,h10v04,4240.0,3563.0,0.4273,0.6891,0.0293,257.0,2116.0,0.0,0b0000100001000100,0b00,VI produced with good quality,0b0001,Lower quality,0b01,Low,0b0,No,0b0,No,0b0,No,0b001,Land (Nothing else but land),0b0,No,0b0,No,0b00000000000000000000000000000000,0b00000000000000000000000000000000,"Good data, use with confidence"
Irrigated,US-NE2,41.1649,-96.4071,2019-09-30,h10v04,4240.0,3563.0,0.2415,0.4785,0.0346,273.0,4164.0,0.0,0b0001000001000100,0b00,VI produced with good quality,0b0001,Lower quality,0b01,Low,0b0,No,0b0,No,0b0,No,0b010,Ocean coastlines and lake shorelines,0b0,No,0b0,No,0b00000000000000000000000000000000,0b00000000000000000000000000000000,"Good data, use with confidence"
Irrigated,US-NE2,41.1649,-96.4071,2019-10-16,h10v04,4240.0,3563.0,0.1954,0.3396,0.0566,291.0,2116.0,0.0,0b0000100001000100,0b00,VI produced with good quality,0b0001,Lower quality,0b01,Low,0b0,No,0b0,No,0b0,No,0b001,Land (Nothing else but land),0b0,No,0b0,No,0b00000000000000000000000000000000,0b00000000000000000000000000000000,"Good data, use with confidence"
Irrigated,US-NE2,41.1649,-96.4071,2019-11-01,h10v04,4240.0,3563.0,0.1498,0.2562,0.0591,314.0,2185.0,1.0,0b0000100010001001,0b01,"VI produced, but check other QA",0b0010,Decreasing quality,0b10,Average,0b0,No,0b0,No,0b0,No,0b001,Land (Nothing else but land),0b0,No,0b0,No,0b00000000000000000000000000000001,0b00000000000000000000000000000001,"Marginal data, Useful, but look at other QA information"
Irrigated,US-NE2,41.1649,-96.4071,2019-11-17,h10v04,4240.0,3563.0,0.1594,0.2471,0.0724,323.0,2120.0,0.0,0b0000100001001000,0b00,VI produced with good quality,0b0010,Decreasing quality,0b01,Low,0b0,No,0b0,No,0b0,No,0b001,Land (Nothing else but land),0b0,No,0b0,No,0b00000000000000000000000000000000,0b00000000000000000000000000000000,"Good data, use with confidence"
Irrigated,US-NE2,41.1649,-96.4071,2019-12-03,h10v04,4240.0,3563.0,0.1484,0.2481,0.0736,339.0,2120.0,0.0,0b0000100001001000,0b00,VI produced with good quality,0b0010,Decreasing quality,0b01,Low,0b0,No,0b0,No,0b0,No,0b001,Land (Nothing else but land),0b0,No,0b0,No,0b00000000000000000000000000000000,0b00000000000000000000000000000000,"Good data, use with confidence"
Irrigated,US-NE2,41.1649,-96.4071,2019-12-19,h10v04,4240.0,3563.0,0.1781,0.255,0.0872,359.0,2193.0,1.0,0b0000100010010001,0b01,"VI produced, but check other QA",0b0100,Decreasing quality,0b10,Average,0b0,No,0b0,No,0b0,No,0b001,Land (Nothing else but land),0b0,No,0b0,No,0b00000000000000000000000000000001,0b00000000000000000000000000000001,"Marginal data, Useful, but look at other QA information"
Irrigated,US-NE2,41.1649,-96.4071,2020-01-01,h10v04,4240.0,3563.0,0.1295,0.245,0.0586,4.0,2120.0,0.0,0b0000100001001000,0b00,VI produced with good quality,0b0010,Decreasing quality,0b01,Low,0b0,No,0b0,No,0b0,No,0b001,Land (Nothing else but land),0b0,No,0b0,No,0b00000000000000000000000000000000,0b00000000000000000000000000000000,"Good data, use with confidence"
Irrigated,US-NE2,41.1649,-96.4071,2020-01-17,h10v04,4240.0,3563.0,0.0051,0.005,0.6039,20.0,20501.0,2.0,0b0101000000010101,0b01,"VI produced, but check other QA",0b0101,Decreasing quality,0b00,Climatology,0b0,No,0b0,No,0b0,No,0b010,Ocean coastlines and lake shorelines,0b1,Yes,0b0,No,0b00000000000000000000000000000010,0b00000000000000000000000000000010,Snow/Ice Target covered with snow/ice
Irrigated,US-NE2,41.1649,-96.4071,2020-02-02,h10v04,4240.0,3563.0,0.1417,0.2352,0.0736,42.0,2116.0,0.0,0b0000100001000100,0b00,VI produced with good quality,0b0001,Lower quality,0b01,Low,0b0,No,0b0,No,0b0,No,0b001,Land (Nothing else but land),0b0,No,0b0,No,0b00000000000000000000000000000000,0b00000000000000000000000000000000,"Good data, use with confidence"
Irrigated,US-NE2,41.1649,-96.4071,2020-02-18,h10v04,4240.0,3563.0,0.1338,0.2331,0.0666,63.0,2116.0,0.0,0b0000100001000100,0b00,VI produced with good quality,0b0001,Lower quality,0b01,Low,0b0,No,0b0,No,0b0,No,0b001,Land (Nothing else but land),0b0,No,0b0,No,0b00000000000000000000000000000000,0b00000000000000000000000000000000,"Good data, use with confidence"
Irrigated,US-NE2,41.1649,-96.4071,2020-03-05,h10v04,4240.0,3563.0,0.1287,0.2314,0.0669,68.0,2116.0,0.0,0b0000100001000100,0b00,VI produced with good quality,0b0001,Lower quality,0b01,Low,0b0,No,0b0,No,0b0,No,0b001,Land (Nothing else but land),0b0,No,0b0,No,0b00000000000000000000000000000000,0b00000000000000000000000000000000,"Good data, use with confidence"
Irrigated,US-NE2,41.1649,-96.4071,2020-03-21,h10v04,4240.0,3563.0,0.1768,0.2717,0.0769,90.0,2189.0,1.0,0b0000100010001101,0b01,"VI produced, but check other QA",0b0011,Decreasing quality,0b10,Average,0b0,No,0b0,No,0b0,No,0b001,Land (Nothing else but land),0b0,No,0b0,No,0b00000000000000000000000000000001,0b00000000000000000000000000000001,"Marginal data, Useful, but look at other QA information"
Irrigated,US-NE2,41.1649,-96.4071,2020-04-06,h10v04,4240.0,3563.0,0.1705,0.3126,0.0564,109.0,4164.0,0.0,0b0001000001000100,0b00,VI produced with good quality,0b0001,Lower quality,0b01,Low,0b0,No,0b0,No,0b0,No,0b010,Ocean coastlines and lake shorelines,0b0,No,0b0,No,0b00000000000000000000000000000000,0b00000000000000000000000000000000,"Good data, use with confidence"
Irrigated,US-NE2,41.1649,-96.4071,2020-04-22,h10v04,4240.0,3563.0,0.1824,0.3224,0.0569,121.0,2120.0,0.0,0b0000100001001000,0b00,VI produced with good quality,0b0010,Decreasing quality,0b01,Low,0b0,No,0b0,No,0b0,No,0b001,Land (Nothing else but land),0b0,No,0b0,No,0b00000000000000000000000000000000,0b00000000000000000000000000000000,"Good data, use with confidence"
Irrigated,US-NE2,41.1649,-96.4071,2020-05-08,h10v04,4240.0,3563.0,0.2081,0.3556,0.062,129.0,2116.0,0.0,0b0000100001000100,0b00,VI produced with good quality,0b0001,Lower quality,0b01,Low,0b0,No,0b0,No,0b0,No,0b001,Land (Nothing else but land),0b0,No,0b0,No,0b00000000000000000000000000000000,0b00000000000000000000000000000000,"Good data, use with confidence"
Irrigated,US-NE2,41.1649,-96.4071,2020-05-24,h10v04,4240.0,3563.0,0.2196,0.4094,0.0382,157.0,2185.0,1.0,0b0000100010001001,0b01,"VI produced, but check other QA",0b0010,Decreasing quality,0b10,Average,0b0,No,0b0,No,0b0,No,0b001,Land (Nothing else but land),0b0,No,0b0,No,0b00000000000000000000000000000001,0b00000000000000000000000000000001,"Marginal data, Useful, but look at other QA information"
Irrigated,US-NE2,41.1649,-96.4071,2020-06-09,h10v04,4240.0,3563.0,0.3433,0.5302,0.0489,164.0,4164.0,0.0,0b0001000001000100,0b00,VI produced with good quality,0b0001,Lower quality,0b01,Low,0b0,No,0b0,No,0b0,No,0b010,Ocean coastlines and lake shorelines,0b0,No,0b0,No,0b00000000000000000000000000000000,0b00000000000000000000000000000000,"Good data, use with confidence"
Irrigated,US-NE2,41.1649,-96.4071,2020-06-25,h10v04,4240.0,3563.0,0.5674,0.761,0.032,189.0,2185.0,1.0,0b0000100010001001,0b01,"VI produced, but check other QA",0b0010,Decreasing quality,0b10,Average,0b0,No,0b0,No,0b0,No,0b001,Land (Nothing else but land),0b0,No,0b0,No,0b00000000000000000000000000000001,0b00000000000000000000000000000001,"Marginal data, Useful, but look at other QA information"
Irrigated,US-NE2,41.1649,-96.4071,2020-07-11,h10v04,4240.0,3563.0,0.602,0.7715,0.0232,200.0,2116.0,0.0,0b0000100001000100,0b00,VI produced with good quality,0b0001,Lower quality,0b01,Low,0b0,No,0b0,No,0b0,No,0b001,Land (Nothing else but land),0b0,No,0b0,No,0b00000000000000000000000000000000,0b00000000000000000000000000000000,"Good data, use with confidence"
Irrigated,US-NE2,41.1649,-96.4071,2020-07-27,h10v04,4240.0,3563.0,0.6944,0.8314,0.0231,209.0,2116.0,0.0,0b0000100001000100,0b00,VI produced with good quality,0b0001,Lower quality,0b01,Low,0b0,No,0b0,No,0b0,No,0b001,Land (Nothing else but land),0b0,No,0b0,No,0b00000000000000000000000000000000,0b00000000000000000000000000000000,"Good data, use with confidence"
Irrigated,US-NE2,41.1649,-96.4071,2020-08-12,h10v04,4240.0,3563.0,0.6044,0.8036,0.027,230.0,2116.0,0.0,0b0000100001000100,0b00,VI produced with good quality,0b0001,Lower quality,0b01,Low,0b0,No,0b0,No,0b0,No,0b001,Land (Nothing else but land),0b0,No,0b0,No,0b00000000000000000000000000000000,0b00000000000000000000000000000000,"Good data, use with confidence"
Irrigated,US-NE2,41.1649,-96.4071,2020-08-28,h10v04,4240.0,3563.0,0.3386,0.5656,0.0349,246.0,2116.0,0.0,0b0000100001000100,0b00,VI produced with good quality,0b0001,Lower quality,0b01,Low,0b0,No,0b0,No,0b0,No,0b001,Land (Nothing else but land),0b0,No,0b0,No,0b00000000000000000000000000000000,0b00000000000000000000000000000000,"Good data, use with confidence"
Irrigated,US-NE2,41.1649,-96.4071,2020-09-13,h10v04,4240.0,3563.0,0.3146,0.5325,0.0375,257.0,2116.0,0.0,0b0000100001000100,0b00,VI produced with good quality,0b0001,Lower quality,0b01,Low,0b0,No,0b0,No,0b0,No,0b001,Land (Nothing else but land),0b0,No,0b0,No,0b00000000000000000000000000000000,0b00000000000000000000000000000000,"Good data, use with confidence"
Irrigated,US-NE2,41.1649,-96.4071,2020-09-29,h10v04,4240.0,3563.0,0.2097,0.3685,0.0532,278.0,2116.0,0.0,0b0000100001000100,0b00,VI produced with good quality,0b0001,Lower quality,0b01,Low,0b0,No,0b0,No,0b0,No,0b001,Land (Nothing else but land),0b0,No,0b0,No,0b00000000000000000000000000000000,0b00000000000000000000000000000000,"Good data, use with confidence"
Irrigated,US-NE2,41.1649,-96.4071,2020-10-15,h10v04,4240.0,3563.0,0.1928,0.2952,0.0798,289.0,3154.0,3.0,0b0000110001010010,0b10,"Pixel produced, but most probably cloudy",0b0100,Decreasing quality,0b01,Low,0b0,No,0b0,No,0b1,Yes,0b001,Land (Nothing else but land),0b0,No,0b0,No,0b00000000000000000000000000000011,0b00000000000000000000000000000011,"Cloudy data, Target not visible, covered with cloud"
Irrigated,US-NE2,41.1649,-96.4071,2020-10-31,h10v04,4240.0,3563.0,0.1629,0.2652,0.069,310.0,2116.0,0.0,0b0000100001000100,0b00,VI produced with good quality,0b0001,Lower quality,0b01,Low,0b0,No,0b0,No,0b0,No,0b001,Land (Nothing else but land),0b0,No,0b0,No,0b00000000000000000000000000000000,0b00000000000000000000000000000000,"Good data, use with confidence"
Irrigated,US-NE2,41.1649,-96.4071,2020-11-16,h10v04,4240.0,3563.0,0.1498,0.2898,0.0559,333.0,4168.0,0.0,0b0001000001001000,0b00,VI produced with good quality,0b0010,Decreasing quality,0b01,Low,0b0,No,0b0,No,0b0,No,0b010,Ocean coastlines and lake shorelines,0b0,No,0b0,No,0b00000000000000000000000000000000,0b00000000000000000000000000000000,"Good data, use with confidence"
Irrigated,US-NE2,41.1649,-96.4071,2020-12-02,h10v04,4240.0,3563.0,0.163,0.2758,0.0704,342.0,2120.0,0.0,0b0000100001001000,0b00,VI produced with good quality,0b0010,Decreasing quality,0b01,Low,0b0,No,0b0,No,0b0,No,0b001,Land (Nothing else but land),0b0,No,0b0,No,0b00000000000000000000000000000000,0b00000000000000000000000000000000,"Good data, use with confidence"
Irrigated,US-NE2,41.1649,-96.4071,2020-12-18,h10v04,4240.0,3563.0,-0.035,-0.0324,0.8946,365.0,18453.0,2.0,0b0100100000010101,0b01,"VI produced, but check other QA",0b0101,Decreasing quality,0b00,Climatology,0b0,No,0b0,No,0b0,No,0b001,Land (Nothing else but land),0b1,Yes,0b0,No,0b00000000000000000000000000000010,0b00000000000000000000000000000010,Snow/Ice Target covered with snow/ice
Irrigated,US-NE2,41.1649,-96.4071,2021-01-01,h10v04,4240.0,3563.0,0.0222,0.0253,0.3466,12.0,18457.0,2.0,0b0100100000011001,0b01,"VI produced, but check other QA",0b0110,Decreasing quality,0b00,Climatology,0b0,No,0b0,No,0b0,No,0b001,Land (Nothing else but land),0b1,Yes,0b0,No,0b00000000000000000000000000000010,0b00000000000000000000000000000010,Snow/Ice Target covered with snow/ice
Irrigated,US-NE2,41.1649,-96.4071,2021-01-17,h10v04,4240.0,3563.0,0.146,0.2412,0.0749,21.0,3230.0,3.0,0b0000110010011110,0b10,"Pixel produced, but most probably cloudy",0b0111,Decreasing quality,0b10,Average,0b0,No,0b0,No,0b1,Yes,0b001,Land (Nothing else but land),0b0,No,0b0,No,0b00000000000000000000000000000011,0b00000000000000000000000000000011,"Cloudy data, Target not visible, covered with cloud"
Irrigated,US-NE2,41.1649,-96.4071,2021-02-02,h10v04,4240.0,3563.0,-0.0242,-0.0221,0.8707,40.0,20497.0,2.0,0b0101000000010001,0b01,"VI produced, but check other QA",0b0100,Decreasing quality,0b00,Climatology,0b0,No,0b0,No,0b0,No,0b010,Ocean coastlines and lake shorelines,0b1,Yes,0b0,No,0b00000000000000000000000000000010,0b00000000000000000000000000000010,Snow/Ice Target covered with snow/ice
Irrigated,US-NE2,41.1649,-96.4071,2021-02-18,h10v04,4240.0,3563.0,0.1181,0.2533,0.048,63.0,2116.0,0.0,0b0000100001000100,0b00,VI produced with good quality,0b0001,Lower quality,0b01,Low,0b0,No,0b0,No,0b0,No,0b001,Land (Nothing else but land),0b0,No,0b0,No,0b00000000000000000000000000000000,0b00000000000000000000000000000000,"Good data, use with confidence"
Irrigated,US-NE2,41.1649,-96.4071,2021-03-06,h10v04,4240.0,3563.0,0.1745,0.2855,0.0748,79.0,4164.0,0.0,0b0001000001000100,0b00,VI produced with good quality,0b0001,Lower quality,0b01,Low,0b0,No,0b0,No,0b0,No,0b010,Ocean coastlines and lake shorelines,0b0,No,0b0,No,0b00000000000000000000000000000000,0b00000000000000000000000000000000,"Good data, use with confidence"
Irrigated,US-NE2,41.1649,-96.4071,2021-03-22,h10v04,4240.0,3563.0,0.1919,0.2902,0.0792,88.0,2116.0,0.0,0b0000100001000100,0b00,VI produced with good quality,0b0001,Lower quality,0b01,Low,0b0,No,0b0,No,0b0,No,0b001,Land (Nothing else but land),0b0,No,0b0,No,0b00000000000000000000000000000000,0b00000000000000000000000000000000,"Good data, use with confidence"
Irrigated,US-NE2,41.1649,-96.4071,2021-04-07,h10v04,4240.0,3563.0,0.2209,0.3386,0.0708,104.0,2185.0,1.0,0b0000100010001001,0b01,"VI produced, but check other QA",0b0010,Decreasing quality,0b10,Average,0b0,No,0b0,No,0b0,No,0b001,Land (Nothing else but land),0b0,No,0b0,No,0b00000000000000000000000000000001,0b00000000000000000000000000000001,"Marginal data, Useful, but look at other QA information"
Irrigated,US-NE2,41.1649,-96.4071,2021-04-23,h10v04,4240.0,3563.0,0.2131,0.4016,0.0428,121.0,2120.0,1.0,0b0000100001001000,0b00,VI produced with good quality,0b0010,Decreasing quality,0b01,Low,0b0,No,0b0,No,0b0,No,0b001,Land (Nothing else but land),0b0,No,0b0,No,0b00000000000000000000000000000001,0b00000000000000000000000000000001,"Marginal data, Useful, but look at other QA information"
Irrigated,US-NE2,41.1649,-96.4071,2021-05-09,h10v04,4240.0,3563.0,0.2106,0.3526,0.0576,134.0,4233.0,1.0,0b0001000010001001,0b01,"VI produced, but check other QA",0b0010,Decreasing quality,0b10,Average,0b0,No,0b0,No,0b0,No,0b010,Ocean coastlines and lake shorelines,0b0,No,0b0,No,0b00000000000000000000000000000001,0b00000000000000000000000000000001,"Marginal data, Useful, but look at other QA information"
Irrigated,US-NE2,41.1649,-96.4071,2021-05-25,h10v04,4240.0,3563.0,0.3729,0.4997,0.0651,156.0,2189.0,1.0,0b0000100010001101,0b01,"VI produced, but check other QA",0b0011,Decreasing quality,0b10,Average,0b0,No,0b0,No,0b0,No,0b001,Land (Nothing else but land),0b0,No,0b0,No,0b00000000000000000000000000000001,0b00000000000000000000000000000001,"Marginal data, Useful, but look at other QA information"
Irrigated,US-NE2,41.1649,-96.4071,2021-06-10,h10v04,4240.0,3563.0,0.4884,0.6539,0.043,168.0,2185.0,1.0,0b0000100010001001,0b01,"VI produced, but check other QA",0b0010,Decreasing quality,0b10,Average,0b0,No,0b0,No,0b0,No,0b001,Land (Nothing else but land),0b0,No,0b0,No,0b00000000000000000000000000000001,0b00000000000000000000000000000001,"Marginal data, Useful, but look at other QA information"
Irrigated,US-NE2,41.1649,-96.4071,2021-06-26,h10v04,4240.0,3563.0,0.6474,0.8087,0.0226,186.0,2185.0,1.0,0b0000100010001001,0b01,"VI produced, but check other QA",0b0010,Decreasing quality,0b10,Average,0b0,No,0b0,No,0b0,No,0b001,Land (Nothing else but land),0b0,No,0b0,No,0b00000000000000000000000000000001,0b00000000000000000000000000000001,"Marginal data, Useful, but look at other QA information"
Irrigated,US-NE2,41.1649,-96.4071,2021-07-12,h10v04,4240.0,3563.0,0.6854,0.862,0.0213,207.0,4233.0,1.0,0b0001000010001001,0b01,"VI produced, but check other QA",0b0010,Decreasing quality,0b10,Average,0b0,No,0b0,No,0b0,No,0b010,Ocean coastlines and lake shorelines,0b0,No,0b0,No,0b00000000000000000000000000000001,0b00000000000000000000000000000001,"Marginal data, Useful, but look at other QA information"
Irrigated,US-NE2,41.1649,-96.4071,2021-07-28,h10v04,4240.0,3563.0,0.6748,0.8358,0.0175,209.0,2185.0,1.0,0b0000100010001001,0b01,"VI produced, but check other QA",0b0010,Decreasing quality,0b10,Average,0b0,No,0b0,No,0b0,No,0b001,Land (Nothing else but land),0b0,No,0b0,No,0b00000000000000000000000000000001,0b00000000000000000000000000000001,"Marginal data, Useful, but look at other QA information"
Irrigated,US-NE2,41.1649,-96.4071,2021-08-13,h10v04,4240.0,3563.0,0.5822,0.778,0.028,225.0,2116.0,0.0,0b0000100001000100,0b00,VI produced with good quality,0b0001,Lower quality,0b01,Low,0b0,No,0b0,No,0b0,No,0b001,Land (Nothing else but land),0b0,No,0b0,No,0b00000000000000000000000000000000,0b00000000000000000000000000000000,"Good data, use with confidence"
Irrigated,US-NE2,41.1649,-96.4071,2021-08-29,h10v04,4240.0,3563.0,0.5117,0.7689,0.0232,248.0,2185.0,1.0,0b0000100010001001,0b01,"VI produced, but check other QA",0b0010,Decreasing quality,0b10,Average,0b0,No,0b0,No,0b0,No,0b001,Land (Nothing else but land),0b0,No,0b0,No,0b00000000000000000000000000000001,0b00000000000000000000000000000001,"Marginal data, Useful, but look at other QA information"
Irrigated,US-NE2,41.1649,-96.4071,2021-09-14,h10v04,4240.0,3563.0,0.3988,0.6233,0.0359,257.0,2116.0,0.0,0b0000100001000100,0b00,VI produced with good quality,0b0001,Lower quality,0b01,Low,0b0,No,0b0,No,0b0,No,0b001,Land (Nothing else but land),0b0,No,0b0,No,0b00000000000000000000000000000000,0b00000000000000000000000000000000,"Good data, use with confidence"
Irrigated,US-NE2,41.1649,-96.4071,2021-09-30,h10v04,4240.0,3563.0,0.2108,0.384,0.0483,287.0,2116.0,0.0,0b0000100001000100,0b00,VI produced with good quality,0b0001,Lower quality,0b01,Low,0b0,No,0b0,No,0b0,No,0b001,Land (Nothing else but land),0b0,No,0b0,No,0b00000000000000000000000000000000,0b00000000000000000000000000000000,"Good data, use with confidence"
Irrigated,US-NE2,41.1649,-96.4071,2021-10-16,h10v04,4240.0,3563.0,0.1915,0.3248,0.0518,289.0,2116.0,0.0,0b0000100001000100,0b00,VI produced with good quality,0b0001,Lower quality,0b01,Low,0b0,No,0b0,No,0b0,No,0b001,Land (Nothing else but land),0b0,No,0b0,No,0b00000000000000000000000000000000,0b00000000000000000000000000000000,"Good data, use with confidence"
Irrigated,US-NE2,41.1649,-96.4071,2021-11-01,h10v04,4240.0,3563.0,0.1576,0.2877,0.0547,315.0,4237.0,1.0,0b0001000010001101,0b01,"VI produced, but check other QA",0b0011,Decreasing quality,0b10,Average,0b0,No,0b0,No,0b0,No,0b010,Ocean coastlines and lake shorelines,0b0,No,0b0,No,0b00000000000000000000000000000001,0b00000000000000000000000000000001,"Marginal data, Useful, but look at other QA information"
Irrigated,US-NE2,41.1649,-96.4071,2021-11-17,h10v04,4240.0,3563.0,0.1658,0.2511,0.0782,325.0,2124.0,1.0,0b0000100001001100,0b00,VI produced with good quality,0b0011,Decreasing quality,0b01,Low,0b0,No,0b0,No,0b0,No,0b001,Land (Nothing else but land),0b0,No,0b0,No,0b00000000000000000000000000000001,0b00000000000000000000000000000001,"Marginal data, Useful, but look at other QA information"
Irrigated,US-NE2,41.1649,-96.4071,2021-12-03,h10v04,4240.0,3563.0,0.1824,0.2889,0.0713,337.0,2120.0,0.0,0b0000100001001000,0b00,VI produced with good quality,0b0010,Decreasing quality,0b01,Low,0b0,No,0b0,No,0b0,No,0b001,Land (Nothing else but land),0b0,No,0b0,No,0b00000000000000000000000000000000,0b00000000000000000000000000000000,"Good data, use with confidence"
Irrigated,US-NE2,41.1649,-96.4071,2021-12-19,h10v04,4240.0,3563.0,0.1711,0.241,0.0881,364.0,2124.0,0.0,0b0000100001001100,0b00,VI produced with good quality,0b0011,Decreasing quality,0b01,Low,0b0,No,0b0,No,0b0,No,0b001,Land (Nothing else but land),0b0,No,0b0,No,0b00000000000000000000000000000000,0b00000000000000000000000000000000,"Good data, use with confidence"
Rainfed,US-NE3,41.1797,-96.4397,2000-12-18,h10v04,4233.0,3559.0,0.0131,0.0128,0.6451,365.0,18453.0,2.0,0b0100100000010101,0b01,"VI produced, but check other QA",0b0101,Decreasing quality,0b00,Climatology,0b0,No,0b0,No,0b0,No,0b001,Land (Nothing else but land),0b1,Yes,0b0,No,0b00000000000000000000000000000010,0b00000000000000000000000000000010,Snow/Ice Target covered with snow/ice
Rainfed,US-NE3,41.1797,-96.4397,2001-01-01,h10v04,4233.0,3559.0,0.0148,0.011,0.606,3.0,18449.0,2.0,0b0100100000010001,0b01,"VI produced, but check other QA",0b0100,Decreasing quality,0b00,Climatology,0b0,No,0b0,No,0b0,No,0b001,Land (Nothing else but land),0b1,Yes,0b0,No,0b00000000000000000000000000000010,0b00000000000000000000000000000010,Snow/Ice Target covered with snow/ice
Rainfed,US-NE3,41.1797,-96.4397,2001-01-17,h10v04,4233.0,3559.0,0.0771,0.2407,0.0312,24.0,2185.0,1.0,0b0000100010001001,0b01,"VI produced, but check other QA",0b0010,Decreasing quality,0b10,Average,0b0,No,0b0,No,0b0,No,0b001,Land (Nothing else but land),0b0,No,0b0,No,0b00000000000000000000000000000001,0b00000000000000000000000000000001,"Marginal data, Useful, but look at other QA information"
Rainfed,US-NE3,41.1797,-96.4397,2001-02-02,h10v04,4233.0,3559.0,0.0092,0.0065,0.6228,43.0,18449.0,2.0,0b0100100000010001,0b01,"VI produced, but check other QA",0b0100,Decreasing quality,0b00,Climatology,0b0,No,0b0,No,0b0,No,0b001,Land (Nothing else but land),0b1,Yes,0b0,No,0b00000000000000000000000000000010,0b00000000000000000000000000000010,Snow/Ice Target covered with snow/ice
Rainfed,US-NE3,41.1797,-96.4397,2001-02-18,h10v04,4233.0,3559.0,0.0141,0.0131,0.3799,56.0,18445.0,2.0,0b0100100000001101,0b01,"VI produced, but check other QA",0b0011,Decreasing quality,0b00,Climatology,0b0,No,0b0,No,0b0,No,0b001,Land (Nothing else but land),0b1,Yes,0b0,No,0b00000000000000000000000000000010,0b00000000000000000000000000000010,Snow/Ice Target covered with snow/ice
Rainfed,US-NE3,41.1797,-96.4397,2001-03-06,h10v04,4233.0,3559.0,0.0878,0.2688,0.0343,72.0,2112.0,0.0,0b0000100001000000,0b00,VI produced with good quality,0b0000,Highest quality,0b01,Low,0b0,No,0b0,No,0b0,No,0b001,Land (Nothing else but land),0b0,No,0b0,No,0b00000000000000000000000000000000,0b00000000000000000000000000000000,"Good data, use with confidence"
Rainfed,US-NE3,41.1797,-96.4397,2001-03-22,h10v04,4233.0,3559.0,0.1239,0.2735,0.0462,90.0,2112.0,0.0,0b0000100001000000,0b00,VI produced with good quality,0b0000,Highest quality,0b01,Low,0b0,No,0b0,No,0b0,No,0b001,Land (Nothing else but land),0b0,No,0b0,No,0b00000000000000000000000000000000,0b00000000000000000000000000000000,"Good data, use with confidence"
Rainfed,US-NE3,41.1797,-96.4397,2001-04-07,h10v04,4233.0,3559.0,0.1482,0.2481,0.0644,106.0,2181.0,1.0,0b0000100010000101,0b01,"VI produced, but check other QA",0b0001,Lower quality,0b10,Average,0b0,No,0b0,No,0b0,No,0b001,Land (Nothing else but land),0b0,No,0b0,No,0b00000000000000000000000000000001,0b00000000000000000000000000000001,"Marginal data, Useful, but look at other QA information"
Rainfed,US-NE3,41.1797,-96.4397,2001-04-23,h10v04,4233.0,3559.0,0.151,0.29,0.0484,127.0,2112.0,0.0,0b0000100001000000,0b00,VI produced with good quality,0b0000,Highest quality,0b01,Low,0b0,No,0b0,No,0b0,No,0b001,Land (Nothing else but land),0b0,No,0b0,No,0b00000000000000000000000000000000,0b00000000000000000000000000000000,"Good data, use with confidence"
Rainfed,US-NE3,41.1797,-96.4397,2001-05-09,h10v04,4233.0,3559.0,0.1634,0.2682,0.0639,129.0,2112.0,0.0,0b0000100001000000,0b00,VI produced with good quality,0b0000,Highest quality,0b01,Low,0b0,No,0b0,No,0b0,No,0b001,Land (Nothing else but land),0b0,No,0b0,No,0b00000000000000000000000000000000,0b00000000000000000000000000000000,"Good data, use with confidence"
Rainfed,US-NE3,41.1797,-96.4397,2001-05-25,h10v04,4233.0,3559.0,0.1216,0.3166,0.034,152.0,2112.0,0.0,0b0000100001000000,0b00,VI produced with good quality,0b0000,Highest quality,0b01,Low,0b0,No,0b0,No,0b0,No,0b001,Land (Nothing else but land),0b0,No,0b0,No,0b00000000000000000000000000000000,0b00000000000000000000000000000000,"Good data, use with confidence"
Rainfed,US-NE3,41.1797,-96.4397,2001-06-10,h10v04,4233.0,3559.0,0.1789,0.3108,0.0522,161.0,2112.0,0.0,0b0000100001000000,0b00,VI produced with good quality,0b0000,Highest quality,0b01,Low,0b0,No,0b0,No,0b0,No,0b001,Land (Nothing else but land),0b0,No,0b0,No,0b00000000000000000000000000000000,0b00000000000000000000000000000000,"Good data, use with confidence"
Rainfed,US-NE3,41.1797,-96.4397,2001-06-26,h10v04,4233.0,3559.0,0.6173,0.7933,0.032,186.0,2112.0,0.0,0b0000100001000000,0b00,VI produced with good quality,0b0000,Highest quality,0b01,Low,0b0,No,0b0,No,0b0,No,0b001,Land (Nothing else but land),0b0,No,0b0,No,0b00000000000000000000000000000000,0b00000000000000000000000000000000,"Good data, use with confidence"
Rainfed,US-NE3,41.1797,-96.4397,2001-07-12,h10v04,4233.0,3559.0,0.6999,0.8455999,0.0286,202.0,2112.0,0.0,0b0000100001000000,0b00,VI produced with good quality,0b0000,Highest quality,0b01,Low,0b0,No,0b0,No,0b0,No,0b001,Land (Nothing else but land),0b0,No,0b0,No,0b00000000000000000000000000000000,0b00000000000000000000000000000000,"Good data, use with confidence"
Rainfed,US-NE3,41.1797,-96.4397,2001-07-28,h10v04,4233.0,3559.0,0.554,0.7716,0.0416,216.0,2112.0,0.0,0b0000100001000000,0b00,VI produced with good quality,0b0000,Highest quality,0b01,Low,0b0,No,0b0,No,0b0,No,0b001,Land (Nothing else but land),0b0,No,0b0,No,0b00000000000000000000000000000000,0b00000000000000000000000000000000,"Good data, use with confidence"
Rainfed,US-NE3,41.1797,-96.4397,2001-08-13,h10v04,4233.0,3559.0,0.5408,0.7424,0.0469,225.0,2112.0,0.0,0b0000100001000000,0b00,VI produced with good quality,0b0000,Highest quality,0b01,Low,0b0,No,0b0,No,0b0,No,0b001,Land (Nothing else but land),0b0,No,0b0,No,0b00000000000000000000000000000000,0b00000000000000000000000000000000,"Good data, use with confidence"
Rainfed,US-NE3,41.1797,-96.4397,2001-08-29,h10v04,4233.0,3559.0,0.4889,0.777,0.0241,241.0,2112.0,0.0,0b0000100001000000,0b00,VI produced with good quality,0b0000,Highest quality,0b01,Low,0b0,No,0b0,No,0b0,No,0b001,Land (Nothing else but land),0b0,No,0b0,No,0b00000000000000000000000000000000,0b00000000000000000000000000000000,"Good data, use with confidence"
Rainfed,US-NE3,41.1797,-96.4397,2001-09-14,h10v04,4233.0,3559.0,0.3722,0.7095,0.0206,264.0,2112.0,0.0,0b0000100001000000,0b00,VI produced with good quality,0b0000,Highest quality,0b01,Low,0b0,No,0b0,No,0b0,No,0b001,Land (Nothing else but land),0b0,No,0b0,No,0b00000000000000000000000000000000,0b00000000000000000000000000000000,"Good data, use with confidence"
Rainfed,US-NE3,41.1797,-96.4397,2001-09-30,h10v04,4233.0,3559.0,0.3171,0.6154,0.0265,273.0,2112.0,0.0,0b0000100001000000,0b00,VI produced with good quality,0b0000,Highest quality,0b01,Low,0b0,No,0b0,No,0b0,No,0b001,Land (Nothing else but land),0b0,No,0b0,No,0b00000000000000000000000000000000,0b00000000000000000000000000000000,"Good data, use with confidence"
Rainfed,US-NE3,41.1797,-96.4397,2001-10-16,h10v04,4233.0,3559.0,0.1531,0.3395,0.0385,289.0,2112.0,0.0,0b0000100001000000,0b00,VI produced with good quality,0b0000,Highest quality,0b01,Low,0b0,No,0b0,No,0b0,No,0b001,Land (Nothing else but land),0b0,No,0b0,No,0b00000000000000000000000000000000,0b00000000000000000000000000000000,"Good data, use with confidence"
Rainfed,US-NE3,41.1797,-96.4397,2001-11-01,h10v04,4233.0,3559.0,0.1861,0.2831,0.0688,305.0,2112.0,0.0,0b0000100001000000,0b00,VI produced with good quality,0b0000,Highest quality,0b01,Low,0b0,No,0b0,No,0b0,No,0b001,Land (Nothing else but land),0b0,No,0b0,No,0b00000000000000000000000000000000,0b00000000000000000000000000000000,"Good data, use with confidence"
Rainfed,US-NE3,41.1797,-96.4397,2001-11-17,h10v04,4233.0,3559.0,0.1045,0.2093,0.0535,335.0,2116.0,0.0,0b0000100001000100,0b00,VI produced with good quality,0b0001,Lower quality,0b01,Low,0b0,No,0b0,No,0b0,No,0b001,Land (Nothing else but land),0b0,No,0b0,No,0b00000000000000000000000000000000,0b00000000000000000000000000000000,"Good data, use with confidence"
Rainfed,US-NE3,41.1797,-96.4397,2001-12-03,h10v04,4233.0,3559.0,0.0917,0.1981,0.0515,351.0,2116.0,0.0,0b0000100001000100,0b00,VI produced with good quality,0b0001,Lower quality,0b01,Low,0b0,No,0b0,No,0b0,No,0b001,Land (Nothing else but land),0b0,No,0b0,No,0b00000000000000000000000000000000,0b00000000000000000000000000000000,"Good data, use with confidence"
Rainfed,US-NE3,41.1797,-96.4397,2001-12-19,h10v04,4233.0,3559.0,0.1166,0.232,0.0527,7.0,2124.0,0.0,0b0000100001001100,0b00,VI produced with good quality,0b0011,Decreasing quality,0b01,Low,0b0,No,0b0,No,0b0,No,0b001,Land (Nothing else but land),0b0,No,0b0,No,0b00000000000000000000000000000000,0b00000000000000000000000000000000,"Good data, use with confidence"
Rainfed,US-NE3,41.1797,-96.4397,2002-01-01,h10v04,4233.0,3559.0,0.1016,0.2097,0.0536,11.0,2116.0,0.0,0b0000100001000100,0b00,VI produced with good quality,0b0001,Lower quality,0b01,Low,0b0,No,0b0,No,0b0,No,0b001,Land (Nothing else but land),0b0,No,0b0,No,0b00000000000000000000000000000000,0b00000000000000000000000000000000,"Good data, use with confidence"
Rainfed,US-NE3,41.1797,-96.4397,2002-01-17,h10v04,4233.0,3559.0,0.1054,0.2092,0.0553,20.0,2185.0,1.0,0b0000100010001001,0b01,"VI produced, but check other QA",0b0010,Decreasing quality,0b10,Average,0b0,No,0b0,No,0b0,No,0b001,Land (Nothing else but land),0b0,No,0b0,No,0b00000000000000000000000000000001,0b00000000000000000000000000000001,"Marginal data, Useful, but look at other QA information"
Rainfed,US-NE3,41.1797,-96.4397,2002-02-02,h10v04,4233.0,3559.0,0.0977,0.2163,0.0496,46.0,4233.0,1.0,0b0001000010001001,0b01,"VI produced, but check other QA",0b0010,Decreasing quality,0b10,Average,0b0,No,0b0,No,0b0,No,0b010,Ocean coastlines and lake shorelines,0b0,No,0b0,No,0b00000000000000000000000000000001,0b00000000000000000000000000000001,"Marginal data, Useful, but look at other QA information"
Rainfed,US-NE3,41.1797,-96.4397,2002-02-18,h10v04,4233.0,3559.0,0.1097,0.2151,0.0581,52.0,2112.0,0.0,0b0000100001000000,0b00,VI produced with good quality,0b0000,Highest quality,0b01,Low,0b0,No,0b0,No,0b0,No,0b001,Land (Nothing else but land),0b0,No,0b0,No,0b00000000000000000000000000000000,0b00000000000000000000000000000000,"Good data, use with confidence"
Rainfed,US-NE3,41.1797,-96.4397,2002-03-06,h10v04,4233.0,3559.0,0.0395,0.0308,0.4314,68.0,18445.0,2.0,0b0100100000001101,0b01,"VI produced, but check other QA",0b0011,Decreasing quality,0b00,Climatology,0b0,No,0b0,No,0b0,No,0b001,Land (Nothing else but land),0b1,Yes,0b0,No,0b00000000000000000000000000000010,0b00000000000000000000000000000010,Snow/Ice Target covered with snow/ice
Rainfed,US-NE3,41.1797,-96.4397,2002-03-22,h10v04,4233.0,3559.0,0.1243,0.2105,0.0704,88.0,2116.0,0.0,0b0000100001000100,0b00,VI produced with good quality,0b0001,Lower quality,0b01,Low,0b0,No,0b0,No,0b0,No,0b001,Land (Nothing else but land),0b0,No,0b0,No,0b00000000000000000000000000000000,0b00000000000000000000000000000000,"Good data, use with confidence"
Rainfed,US-NE3,41.1797,-96.4397,2002-04-07,h10v04,4233.0,3559.0,0.1216,0.2392,0.0492,107.0,2112.0,0.0,0b0000100001000000,0b00,VI produced with good quality,0b0000,Highest quality,0b01,Low,0b0,No,0b0,No,0b0,No,0b001,Land (Nothing else but land),0b0,No,0b0,No,0b00000000000000000000000000000000,0b00000000000000000000000000000000,"Good data, use with confidence"
Rainfed,US-NE3,41.1797,-96.4397,2002-04-23,h10v04,4233.0,3559.0,0.1305,0.2475,0.0539,114.0,2112.0,0.0,0b0000100001000000,0b00,VI produced with good quality,0b0000,Highest quality,0b01,Low,0b0,No,0b0,No,0b0,No,0b001,Land (Nothing else but land),0b0,No,0b0,No,0b00000000000000000000000000000000,0b00000000000000000000000000000000,"Good data, use with confidence"
Rainfed,US-NE3,41.1797,-96.4397,2002-05-09,h10v04,4233.0,3559.0,0.1559,0.2613,0.0667,139.0,2181.0,1.0,0b0000100010000101,0b01,"VI produced, but check other QA",0b0001,Lower quality,0b10,Average,0b0,No,0b0,No,0b0,No,0b001,Land (Nothing else but land),0b0,No,0b0,No,0b00000000000000000000000000000001,0b00000000000000000000000000000001,"Marginal data, Useful, but look at other QA information"
Rainfed,US-NE3,41.1797,-96.4397,2002-05-25,h10v04,4233.0,3559.0,0.1714,0.2751,0.0649,157.0,2112.0,0.0,0b0000100001000000,0b00,VI produced with good quality,0b0000,Highest quality,0b01,Low,0b0,No,0b0,No,0b0,No,0b001,Land (Nothing else but land),0b0,No,0b0,No,0b00000000000000000000000000000000,0b00000000000000000000000000000000,"Good data, use with confidence"
Rainfed,US-NE3,41.1797,-96.4397,2002-06-10,h10v04,4233.0,3559.0,0.2892,0.418,0.0648,173.0,2181.0,1.0,0b0000100010000101,0b01,"VI produced, but check other QA",0b0001,Lower quality,0b10,Average,0b0,No,0b0,No,0b0,No,0b001,Land (Nothing else but land),0b0,No,0b0,No,0b00000000000000000000000000000001,0b00000000000000000000000000000001,"Marginal data, Useful, but look at other QA information"
Rainfed,US-NE3,41.1797,-96.4397,2002-06-26,h10v04,4233.0,3559.0,0.2924,0.4488,0.0526,180.0,2112.0,0.0,0b0000100001000000,0b00,VI produced with good quality,0b0000,Highest quality,0b01,Low,0b0,No,0b0,No,0b0,No,0b001,Land (Nothing else but land),0b0,No,0b0,No,0b00000000000000000000000000000000,0b00000000000000000000000000000000,"Good data, use with confidence"
Rainfed,US-NE3,41.1797,-96.4397,2002-07-12,h10v04,4233.0,3559.0,0.4501,0.6442,0.0399,196.0,2112.0,0.0,0b0000100001000000,0b00,VI produced with good quality,0b0000,Highest quality,0b01,Low,0b0,No,0b0,No,0b0,No,0b001,Land (Nothing else but land),0b0,No,0b0,No,0b00000000000000000000000000000000,0b00000000000000000000000000000000,"Good data, use with confidence"
Rainfed,US-NE3,41.1797,-96.4397,2002-07-28,h10v04,4233.0,3559.0,0.6325,0.7967,0.0414,212.0,2112.0,0.0,0b0000100001000000,0b00,VI produced with good quality,0b0000,Highest quality,0b01,Low,0b0,No,0b0,No,0b0,No,0b001,Land (Nothing else but land),0b0,No,0b0,No,0b00000000000000000000000000000000,0b00000000000000000000000000000000,"Good data, use with confidence"
Rainfed,US-NE3,41.1797,-96.4397,2002-08-13,h10v04,4233.0,3559.0,0.5475,0.838,0.0209,226.0,2112.0,0.0,0b0000100001000000,0b00,VI produced with good quality,0b0000,Highest quality,0b01,Low,0b0,No,0b0,No,0b0,No,0b001,Land (Nothing else but land),0b0,No,0b0,No,0b00000000000000000000000000000000,0b00000000000000000000000000000000,"Good data, use with confidence"
Rainfed,US-NE3,41.1797,-96.4397,2002-08-29,h10v04,4233.0,3559.0,0.6138,0.7998,0.0355,251.0,2112.0,0.0,0b0000100001000000,0b00,VI produced with good quality,0b0000,Highest quality,0b01,Low,0b0,No,0b0,No,0b0,No,0b001,Land (Nothing else but land),0b0,No,0b0,No,0b00000000000000000000000000000000,0b00000000000000000000000000000000,"Good data, use with confidence"
Rainfed,US-NE3,41.1797,-96.4397,2002-09-14,h10v04,4233.0,3559.0,0.245,0.4359,0.0476,267.0,2112.0,0.0,0b0000100001000000,0b00,VI produced with good quality,0b0000,Highest quality,0b01,Low,0b0,No,0b0,No,0b0,No,0b001,Land (Nothing else but land),0b0,No,0b0,No,0b00000000000000000000000000000000,0b00000000000000000000000000000000,"Good data, use with confidence"
Rainfed,US-NE3,41.1797,-96.4397,2002-09-30,h10v04,4233.0,3559.0,0.1493,0.3077,0.0398,283.0,2112.0,0.0,0b0000100001000000,0b00,VI produced with good quality,0b0000,Highest quality,0b01,Low,0b0,No,0b0,No,0b0,No,0b001,Land (Nothing else but land),0b0,No,0b0,No,0b00000000000000000000000000000000,0b00000000000000000000000000000000,"Good data, use with confidence"
Rainfed,US-NE3,41.1797,-96.4397,2002-10-16,h10v04,4233.0,3559.0,0.1401,0.2688,0.0463,292.0,2112.0,0.0,0b0000100001000000,0b00,VI produced with good quality,0b0000,Highest quality,0b01,Low,0b0,No,0b0,No,0b0,No,0b001,Land (Nothing else but land),0b0,No,0b0,No,0b00000000000000000000000000000000,0b00000000000000000000000000000000,"Good data, use with confidence"
Rainfed,US-NE3,41.1797,-96.4397,2002-11-01,h10v04,4233.0,3559.0,0.116,0.2325,0.0532,315.0,2112.0,0.0,0b0000100001000000,0b00,VI produced with good quality,0b0000,Highest quality,0b01,Low,0b0,No,0b0,No,0b0,No,0b001,Land (Nothing else but land),0b0,No,0b0,No,0b00000000000000000000000000000000,0b00000000000000000000000000000000,"Good data, use with confidence"
Rainfed,US-NE3,41.1797,-96.4397,2002-11-17,h10v04,4233.0,3559.0,0.1345,0.2609,0.0484,324.0,2116.0,0.0,0b0000100001000100,0b00,VI produced with good quality,0b0001,Lower quality,0b01,Low,0b0,No,0b0,No,0b0,No,0b001,Land (Nothing else but land),0b0,No,0b0,No,0b00000000000000000000000000000000,0b00000000000000000000000000000000,"Good data, use with confidence"
Rainfed,US-NE3,41.1797,-96.4397,2002-12-03,h10v04,4233.0,3559.0,0.1147,0.2229,0.0564,347.0,2116.0,0.0,0b0000100001000100,0b00,VI produced with good quality,0b0001,Lower quality,0b01,Low,0b0,No,0b0,No,0b0,No,0b001,Land (Nothing else but land),0b0,No,0b0,No,0b00000000000000000000000000000000,0b00000000000000000000000000000000,"Good data, use with confidence"
Rainfed,US-NE3,41.1797,-96.4397,2002-12-19,h10v04,4233.0,3559.0,0.1182,0.2254,0.0582,7.0,2120.0,0.0,0b0000100001001000,0b00,VI produced with good quality,0b0010,Decreasing quality,0b01,Low,0b0,No,0b0,No,0b0,No,0b001,Land (Nothing else but land),0b0,No,0b0,No,0b00000000000000000000000000000000,0b00000000000000000000000000000000,"Good data, use with confidence"
Rainfed,US-NE3,41.1797,-96.4397,2003-01-01,h10v04,4233.0,3559.0,0.1182,0.2254,0.0582,7.0,2116.0,0.0,0b0000100001000100,0b00,VI produced with good quality,0b0001,Lower quality,0b01,Low,0b0,No,0b0,No,0b0,No,0b001,Land (Nothing else but land),0b0,No,0b0,No,0b00000000000000000000000000000000,0b00000000000000000000000000000000,"Good data, use with confidence"
Rainfed,US-NE3,41.1797,-96.4397,2003-01-17,h10v04,4233.0,3559.0,-0.0162,-0.0106,0.758,23.0,18449.0,2.0,0b0100100000010001,0b01,"VI produced, but check other QA",0b0100,Decreasing quality,0b00,Climatology,0b0,No,0b0,No,0b0,No,0b001,Land (Nothing else but land),0b1,Yes,0b0,No,0b00000000000000000000000000000010,0b00000000000000000000000000000010,Snow/Ice Target covered with snow/ice
Rainfed,US-NE3,41.1797,-96.4397,2003-02-02,h10v04,4233.0,3559.0,0.1374,0.2219,0.0803,43.0,2185.0,1.0,0b0000100010001001,0b01,"VI produced, but check other QA",0b0010,Decreasing quality,0b10,Average,0b0,No,0b0,No,0b0,No,0b001,Land (Nothing else but land),0b0,No,0b0,No,0b00000000000000000000000000000001,0b00000000000000000000000000000001,"Marginal data, Useful, but look at other QA information"
Rainfed,US-NE3,41.1797,-96.4397,2003-02-18,h10v04,4233.0,3559.0,0.1792,0.2729,0.0963,52.0,2257.0,1.0,0b0000100011010001,0b01,"VI produced, but check other QA",0b0100,Decreasing quality,0b11,High,0b0,No,0b0,No,0b0,No,0b001,Land (Nothing else but land),0b0,No,0b0,No,0b00000000000000000000000000000001,0b00000000000000000000000000000001,"Marginal data, Useful, but look at other QA information"
Rainfed,US-NE3,41.1797,-96.4397,2003-03-06,h10v04,4233.0,3559.0,0.1369,0.2579,0.0577,80.0,2112.0,0.0,0b0000100001000000,0b00,VI produced with good quality,0b0000,Highest quality,0b01,Low,0b0,No,0b0,No,0b0,No,0b001,Land (Nothing else but land),0b0,No,0b0,No,0b00000000000000000000000000000000,0b00000000000000000000000000000000,"Good data, use with confidence"
Rainfed,US-NE3,41.1797,-96.4397,2003-03-22,h10v04,4233.0,3559.0,0.1472,0.2386,0.0789,84.0,4164.0,1.0,0b0001000001000100,0b00,VI produced with good quality,0b0001,Lower quality,0b01,Low,0b0,No,0b0,No,0b0,No,0b010,Ocean coastlines and lake shorelines,0b0,No,0b0,No,0b00000000000000000000000000000001,0b00000000000000000000000000000001,"Marginal data, Useful, but look at other QA information"
Rainfed,US-NE3,41.1797,-96.4397,2003-04-07,h10v04,4233.0,3559.0,0.135,0.2455,0.0581,103.0,2181.0,1.0,0b0000100010000101,0b01,"VI produced, but check other QA",0b0001,Lower quality,0b10,Average,0b0,No,0b0,No,0b0,No,0b001,Land (Nothing else but land),0b0,No,0b0,No,0b00000000000000000000000000000001,0b00000000000000000000000000000001,"Marginal data, Useful, but look at other QA information"
Rainfed,US-NE3,41.1797,-96.4397,2003-04-23,h10v04,4233.0,3559.0,0.2819,0.4971,0.0411,127.0,4164.0,1.0,0b0001000001000100,0b00,VI produced with good quality,0b0001,Lower quality,0b01,Low,0b0,No,0b0,No,0b0,No,0b010,Ocean coastlines and lake shorelines,0b0,No,0b0,No,0b00000000000000000000000000000001,0b00000000000000000000000000000001,"Marginal data, Useful, but look at other QA information"
Rainfed,US-NE3,41.1797,-96.4397,2003-05-09,h10v04,4233.0,3559.0,0.1907,0.2944,0.0726,137.0,2181.0,1.0,0b0000100010000101,0b01,"VI produced, but check other QA",0b0001,Lower quality,0b10,Average,0b0,No,0b0,No,0b0,No,0b001,Land (Nothing else but land),0b0,No,0b0,No,0b00000000000000000000000000000001,0b00000000000000000000000000000001,"Marginal data, Useful, but look at other QA information"
Rainfed,US-NE3,41.1797,-96.4397,2003-05-25,h10v04,4233.0,3559.0,0.1778,0.3241,0.043,160.0,2112.0,0.0,0b0000100001000000,0b00,VI produced with good quality,0b0000,Highest quality,0b01,Low,0b0,No,0b0,No,0b0,No,0b001,Land (Nothing else but land),0b0,No,0b0,No,0b00000000000000000000000000000000,0b00000000000000000000000000000000,"Good data, use with confidence"
Rainfed,US-NE3,41.1797,-96.4397,2003-06-10,h10v04,4233.0,3559.0,0.4184,0.6358,0.0361,174.0,2112.0,0.0,0b0000100001000000,0b00,VI produced with good quality,0b0000,Highest quality,0b01,Low,0b0,No,0b0,No,0b0,No,0b001,Land (Nothing else but land),0b0,No,0b0,No,0b00000000000000000000000000000000,0b00000000000000000000000000000000,"Good data, use with confidence"
Rainfed,US-NE3,41.1797,-96.4397,2003-06-26,h10v04,4233.0,3559.0,0.5443,0.7512,0.0316,183.0,2112.0,0.0,0b0000100001000000,0b00,VI produced with good quality,0b0000,Highest quality,0b01,Low,0b0,No,0b0,No,0b0,No,0b001,Land (Nothing else but land),0b0,No,0b0,No,0b00000000000000000000000000000000,0b00000000000000000000000000000000,"Good data, use with confidence"
Rainfed,US-NE3,41.1797,-96.4397,2003-07-12,h10v04,4233.0,3559.0,0.6784,0.8152,0.0341,206.0,2112.0,0.0,0b0000100001000000,0b00,VI produced with good quality,0b0000,Highest quality,0b01,Low,0b0,No,0b0,No,0b0,No,0b001,Land (Nothing else but land),0b0,No,0b0,No,0b00000000000000000000000000000000,0b00000000000000000000000000000000,"Good data, use with confidence"
Rainfed,US-NE3,41.1797,-96.4397,2003-07-28,h10v04,4233.0,3559.0,0.6467,0.8264,0.0297,215.0,2112.0,0.0,0b0000100001000000,0b00,VI produced with good quality,0b0000,Highest quality,0b01,Low,0b0,No,0b0,No,0b0,No,0b001,Land (Nothing else but land),0b0,No,0b0,No,0b00000000000000000000000000000000,0b00000000000000000000000000000000,"Good data, use with confidence"
Rainfed,US-NE3,41.1797,-96.4397,2003-08-13,h10v04,4233.0,3559.0,0.5769,0.75,0.0449,229.0,2112.0,0.0,0b0000100001000000,0b00,VI produced with good quality,0b0000,Highest quality,0b01,Low,0b0,No,0b0,No,0b0,No,0b001,Land (Nothing else but land),0b0,No,0b0,No,0b00000000000000000000000000000000,0b00000000000000000000000000000000,"Good data, use with confidence"
Rainfed,US-NE3,41.1797,-96.4397,2003-08-29,h10v04,4233.0,3559.0,0.316,0.5538,0.0346,247.0,2112.0,0.0,0b0000100001000000,0b00,VI produced with good quality,0b0000,Highest quality,0b01,Low,0b0,No,0b0,No,0b0,No,0b001,Land (Nothing else but land),0b0,No,0b0,No,0b00000000000000000000000000000000,0b00000000000000000000000000000000,"Good data, use with confidence"
Rainfed,US-NE3,41.1797,-96.4397,2003-09-14,h10v04,4233.0,3559.0,0.1669,0.3832,0.0309,268.0,2112.0,0.0,0b0000100001000000,0b00,VI produced with good quality,0b0000,Highest quality,0b01,Low,0b0,No,0b0,No,0b0,No,0b001,Land (Nothing else but land),0b0,No,0b0,No,0b00000000000000000000000000000000,0b00000000000000000000000000000000,"Good data, use with confidence"
Rainfed,US-NE3,41.1797,-96.4397,2003-09-30,h10v04,4233.0,3559.0,0.1477,0.2995,0.0429,279.0,2112.0,0.0,0b0000100001000000,0b00,VI produced with good quality,0b0000,Highest quality,0b01,Low,0b0,No,0b0,No,0b0,No,0b001,Land (Nothing else but land),0b0,No,0b0,No,0b00000000000000000000000000000000,0b00000000000000000000000000000000,"Good data, use with confidence"
Rainfed,US-NE3,41.1797,-96.4397,2003-10-16,h10v04,4233.0,3559.0,0.1464,0.2545,0.0485,295.0,2112.0,0.0,0b0000100001000000,0b00,VI produced with good quality,0b0000,Highest quality,0b01,Low,0b0,No,0b0,No,0b0,No,0b001,Land (Nothing else but land),0b0,No,0b0,No,0b00000000000000000000000000000000,0b00000000000000000000000000000000,"Good data, use with confidence"
Rainfed,US-NE3,41.1797,-96.4397,2003-11-01,h10v04,4233.0,3559.0,0.1617,0.2208,0.0742,320.0,3154.0,3.0,0b0000110001010010,0b10,"Pixel produced, but most probably cloudy",0b0100,Decreasing quality,0b01,Low,0b0,No,0b0,No,0b1,Yes,0b001,Land (Nothing else but land),0b0,No,0b0,No,0b00000000000000000000000000000011,0b00000000000000000000000000000011,"Cloudy data, Target not visible, covered with cloud"
Rainfed,US-NE3,41.1797,-96.4397,2003-11-17,h10v04,4233.0,3559.0,0.1076,0.2073,0.0478,334.0,2116.0,0.0,0b0000100001000100,0b00,VI produced with good quality,0b0001,Lower quality,0b01,Low,0b0,No,0b0,No,0b0,No,0b001,Land (Nothing else but land),0b0,No,0b0,No,0b00000000000000000000000000000000,0b00000000000000000000000000000000,"Good data, use with confidence"
Rainfed,US-NE3,41.1797,-96.4397,2003-12-03,h10v04,4233.0,3559.0,0.184,0.2322,0.0787,342.0,2190.0,3.0,0b0000100010001110,0b10,"Pixel produced, but most probably cloudy",0b0011,Decreasing quality,0b10,Average,0b0,No,0b0,No,0b0,No,0b001,Land (Nothing else but land),0b0,No,0b0,No,0b00000000000000000000000000000011,0b00000000000000000000000000000011,"Cloudy data, Target not visible, covered with cloud"
Rainfed,US-NE3,41.1797,-96.4397,2003-12-19,h10v04,4233.0,3559.0,0.1092,0.2003,0.0629,1.0,2120.0,0.0,0b0000100001001000,0b00,VI produced with good quality,0b0010,Decreasing quality,0b01,Low,0b0,No,0b0,No,0b0,No,0b001,Land (Nothing else but land),0b0,No,0b0,No,0b00000000000000000000000000000000,0b00000000000000000000000000000000,"Good data, use with confidence"
Rainfed,US-NE3,41.1797,-96.4397,2004-01-01,h10v04,4233.0,3559.0,0.1092,0.2003,0.0629,1.0,2116.0,0.0,0b0000100001000100,0b00,VI produced with good quality,0b0001,Lower quality,0b01,Low,0b0,No,0b0,No,0b0,No,0b001,Land (Nothing else but land),0b0,No,0b0,No,0b00000000000000000000000000000000,0b00000000000000000000000000000000,"Good data, use with confidence"
Rainfed,US-NE3,41.1797,-96.4397,2004-01-17,h10v04,4233.0,3559.0,0.1515,0.1935,0.0849,19.0,3222.0,3.0,0b0000110010010110,0b10,"Pixel produced, but most probably cloudy",0b0101,Decreasing quality,0b10,Average,0b0,No,0b0,No,0b1,Yes,0b001,Land (Nothing else but land),0b0,No,0b0,No,0b00000000000000000000000000000011,0b00000000000000000000000000000011,"Cloudy data, Target not visible, covered with cloud"
Rainfed,US-NE3,41.1797,-96.4397,2004-02-02,h10v04,4233.0,3559.0,-0.0488,-0.0307,0.871,33.0,18449.0,2.0,0b0100100000010001,0b01,"VI produced, but check other QA",0b0100,Decreasing quality,0b00,Climatology,0b0,No,0b0,No,0b0,No,0b001,Land (Nothing else but land),0b1,Yes,0b0,No,0b00000000000000000000000000000010,0b00000000000000000000000000000010,Snow/Ice Target covered with snow/ice
Rainfed,US-NE3,41.1797,-96.4397,2004-02-18,h10v04,4233.0,3559.0,-0.0867,-0.0607,0.6665,51.0,18445.0,2.0,0b0100100000001101,0b01,"VI produced, but check other QA",0b0011,Decreasing quality,0b00,Climatology,0b0,No,0b0,No,0b0,No,0b001,Land (Nothing else but land),0b1,Yes,0b0,No,0b00000000000000000000000000000010,0b00000000000000000000000000000010,Snow/Ice Target covered with snow/ice
Rainfed,US-NE3,41.1797,-96.4397,2004-03-05,h10v04,4233.0,3559.0,0.1075,0.1879,0.0682,74.0,2112.0,0.0,0b0000100001000000,0b00,VI produced with good quality,0b0000,Highest quality,0b01,Low,0b0,No,0b0,No,0b0,No,0b001,Land (Nothing else but land),0b0,No,0b0,No,0b00000000000000000000000000000000,0b00000000000000000000000000000000,"Good data, use with confidence"
Rainfed,US-NE3,41.1797,-96.4397,2004-03-21,h10v04,4233.0,3559.0,0.1109,0.1955,0.0672,81.0,2112.0,0.0,0b0000100001000000,0b00,VI produced with good quality,0b0000,Highest quality,0b01,Low,0b0,No,0b0,No,0b0,No,0b001,Land (Nothing else but land),0b0,No,0b0,No,0b00000000000000000000000000000000,0b00000000000000000000000000000000,"Good data, use with confidence"
Rainfed,US-NE3,41.1797,-96.4397,2004-04-06,h10v04,4233.0,3559.0,0.1324,0.219,0.0681,99.0,2112.0,0.0,0b0000100001000000,0b00,VI produced with good quality,0b0000,Highest quality,0b01,Low,0b0,No,0b0,No,0b0,No,0b001,Land (Nothing else but land),0b0,No,0b0,No,0b00000000000000000000000000000000,0b00000000000000000000000000000000,"Good data, use with confidence"
Rainfed,US-NE3,41.1797,-96.4397,2004-04-22,h10v04,4233.0,3559.0,0.1501,0.2243,0.0853,124.0,2112.0,0.0,0b0000100001000000,0b00,VI produced with good quality,0b0000,Highest quality,0b01,Low,0b0,No,0b0,No,0b0,No,0b001,Land (Nothing else but land),0b0,No,0b0,No,0b00000000000000000000000000000000,0b00000000000000000000000000000000,"Good data, use with confidence"
Rainfed,US-NE3,41.1797,-96.4397,2004-05-08,h10v04,4233.0,3559.0,0.1532,0.2479,0.0681,135.0,2116.0,1.0,0b0000100001000100,0b00,VI produced with good quality,0b0001,Lower quality,0b01,Low,0b0,No,0b0,No,0b0,No,0b001,Land (Nothing else but land),0b0,No,0b0,No,0b00000000000000000000000000000001,0b00000000000000000000000000000001,"Marginal data, Useful, but look at other QA information"
Rainfed,US-NE3,41.1797,-96.4397,2004-05-24,h10v04,4233.0,3559.0,0.1563,0.2569,0.071,147.0,2112.0,0.0,0b0000100001000000,0b00,VI produced with good quality,0b0000,Highest quality,0b01,Low,0b0,No,0b0,No,0b0,No,0b001,Land (Nothing else but land),0b0,No,0b0,No,0b00000000000000000000000000000000,0b00000000000000000000000000000000,"Good data, use with confidence"
Rainfed,US-NE3,41.1797,-96.4397,2004-06-09,h10v04,4233.0,3559.0,0.1649,0.2901,0.0541,166.0,2112.0,0.0,0b0000100001000000,0b00,VI produced with good quality,0b0000,Highest quality,0b01,Low,0b0,No,0b0,No,0b0,No,0b001,Land (Nothing else but land),0b0,No,0b0,No,0b00000000000000000000000000000000,0b00000000000000000000000000000000,"Good data, use with confidence"
Rainfed,US-NE3,41.1797,-96.4397,2004-06-25,h10v04,4233.0,3559.0,0.2363,0.3905,0.0487,186.0,2112.0,0.0,0b0000100001000000,0b00,VI produced with good quality,0b0000,Highest quality,0b01,Low,0b0,No,0b0,No,0b0,No,0b001,Land (Nothing else but land),0b0,No,0b0,No,0b00000000000000000000000000000000,0b00000000000000000000000000000000,"Good data, use with confidence"
Rainfed,US-NE3,41.1797,-96.4397,2004-07-11,h10v04,4233.0,3559.0,0.5344,0.7361,0.0259,202.0,2112.0,0.0,0b0000100001000000,0b00,VI produced with good quality,0b0000,Highest quality,0b01,Low,0b0,No,0b0,No,0b0,No,0b001,Land (Nothing else but land),0b0,No,0b0,No,0b00000000000000000000000000000000,0b00000000000000000000000000000000,"Good data, use with confidence"
Rainfed,US-NE3,41.1797,-96.4397,2004-07-27,h10v04,4233.0,3559.0,0.662,0.8434,0.0221,209.0,2112.0,0.0,0b0000100001000000,0b00,VI produced with good quality,0b0000,Highest quality,0b01,Low,0b0,No,0b0,No,0b0,No,0b001,Land (Nothing else but land),0b0,No,0b0,No,0b00000000000000000000000000000000,0b00000000000000000000000000000000,"Good data, use with confidence"
Rainfed,US-NE3,41.1797,-96.4397,2004-08-12,h10v04,4233.0,3559.0,0.7689,0.8992,0.0223,234.0,2112.0,0.0,0b0000100001000000,0b00,VI produced with good quality,0b0000,Highest quality,0b01,Low,0b0,No,0b0,No,0b0,No,0b001,Land (Nothing else but land),0b0,No,0b0,No,0b00000000000000000000000000000000,0b00000000000000000000000000000000,"Good data, use with confidence"
Rainfed,US-NE3,41.1797,-96.4397,2004-08-28,h10v04,4233.0,3559.0,0.8246,0.908,0.026,250.0,2112.0,0.0,0b0000100001000000,0b00,VI produced with good quality,0b0000,Highest quality,0b01,Low,0b0,No,0b0,No,0b0,No,0b001,Land (Nothing else but land),0b0,No,0b0,No,0b00000000000000000000000000000000,0b00000000000000000000000000000000,"Good data, use with confidence"
Rainfed,US-NE3,41.1797,-96.4397,2004-09-13,h10v04,4233.0,3559.0,0.7312,0.8259,0.0346,257.0,2112.0,0.0,0b0000100001000000,0b00,VI produced with good quality,0b0000,Highest quality,0b01,Low,0b0,No,0b0,No,0b0,No,0b001,Land (Nothing else but land),0b0,No,0b0,No,0b00000000000000000000000000000000,0b00000000000000000000000000000000,"Good data, use with confidence"
Rainfed,US-NE3,41.1797,-96.4397,2004-09-29,h10v04,4233.0,3559.0,0.1629,0.3388,0.0391,282.0,2112.0,0.0,0b0000100001000000,0b00,VI produced with good quality,0b0000,Highest quality,0b01,Low,0b0,No,0b0,No,0b0,No,0b001,Land (Nothing else but land),0b0,No,0b0,No,0b00000000000000000000000000000000,0b00000000000000000000000000000000,"Good data, use with confidence"
Rainfed,US-NE3,41.1797,-96.4397,2004-10-15,h10v04,4233.0,3559.0,0.1347,0.2521,0.0523,298.0,2112.0,0.0,0b0000100001000000,0b00,VI produced with good quality,0b0000,Highest quality,0b01,Low,0b0,No,0b0,No,0b0,No,0b001,Land (Nothing else but land),0b0,No,0b0,No,0b00000000000000000000000000000000,0b00000000000000000000000000000000,"Good data, use with confidence"
Rainfed,US-NE3,41.1797,-96.4397,2004-10-31,h10v04,4233.0,3559.0,0.1111,0.2276,0.0472,312.0,2112.0,0.0,0b0000100001000000,0b00,VI produced with good quality,0b0000,Highest quality,0b01,Low,0b0,No,0b0,No,0b0,No,0b001,Land (Nothing else but land),0b0,No,0b0,No,0b00000000000000000000000000000000,0b00000000000000000000000000000000,"Good data, use with confidence"
Rainfed,US-NE3,41.1797,-96.4397,2004-11-16,h10v04,4233.0,3559.0,0.1321,0.2441,0.06,325.0,2116.0,0.0,0b0000100001000100,0b00,VI produced with good quality,0b0001,Lower quality,0b01,Low,0b0,No,0b0,No,0b0,No,0b001,Land (Nothing else but land),0b0,No,0b0,No,0b00000000000000000000000000000000,0b00000000000000000000000000000000,"Good data, use with confidence"
Rainfed,US-NE3,41.1797,-96.4397,2004-12-02,h10v04,4233.0,3559.0,0.1082,0.2099,0.0601,348.0,2116.0,0.0,0b0000100001000100,0b00,VI produced with good quality,0b0001,Lower quality,0b01,Low,0b0,No,0b0,No,0b0,No,0b001,Land (Nothing else but land),0b0,No,0b0,No,0b00000000000000000000000000000000,0b00000000000000000000000000000000,"Good data, use with confidence"
Rainfed,US-NE3,41.1797,-96.4397,2004-12-18,h10v04,4233.0,3559.0,0.0999,0.2,0.0555,355.0,2120.0,0.0,0b0000100001001000,0b00,VI produced with good quality,0b0010,Decreasing quality,0b01,Low,0b0,No,0b0,No,0b0,No,0b001,Land (Nothing else but land),0b0,No,0b0,No,0b00000000000000000000000000000000,0b00000000000000000000000000000000,"Good data, use with confidence"
Rainfed,US-NE3,41.1797,-96.4397,2005-01-01,h10v04,4233.0,3559.0,-0.0419,-0.0257,0.9001,8.0,20497.0,2.0,0b0101000000010001,0b01,"VI produced, but check other QA",0b0100,Decreasing quality,0b00,Climatology,0b0,No,0b0,No,0b0,No,0b010,Ocean coastlines and lake shorelines,0b1,Yes,0b0,No,0b00000000000000000000000000000010,0b00000000000000000000000000000010,Snow/Ice Target covered with snow/ice
Rainfed,US-NE3,41.1797,-96.4397,2005-01-17,h10v04,4233.0,3559.0,-0.103,-0.0785,0.5783,23.0,18449.0,2.0,0b0100100000010001,0b01,"VI produced, but check other QA",0b0100,Decreasing quality,0b00,Climatology,0b0,No,0b0,No,0b0,No,0b001,Land (Nothing else but land),0b1,Yes,0b0,No,0b00000000000000000000000000000010,0b00000000000000000000000000000010,Snow/Ice Target covered with snow/ice
Rainfed,US-NE3,41.1797,-96.4397,2005-02-02,h10v04,4233.0,3559.0,0.1048,0.2286,0.0515,35.0,2112.0,0.0,0b0000100001000000,0b00,VI produced with good quality,0b0000,Highest quality,0b01,Low,0b0,No,0b0,No,0b0,No,0b001,Land (Nothing else but land),0b0,No,0b0,No,0b00000000000000000000000000000000,0b00000000000000000000000000000000,"Good data, use with confidence"
Rainfed,US-NE3,41.1797,-96.4397,2005-02-18,h10v04,4233.0,3559.0,0.113,0.213,0.0621,60.0,2112.0,0.0,0b0000100001000000,0b00,VI produced with good quality,0b0000,Highest quality,0b01,Low,0b0,No,0b0,No,0b0,No,0b001,Land (Nothing else but land),0b0,No,0b0,No,0b00000000000000000000000000000000,0b00000000000000000000000000000000,"Good data, use with confidence"
Rainfed,US-NE3,41.1797,-96.4397,2005-03-06,h10v04,4233.0,3559.0,0.1207,0.2148,0.0656,69.0,2112.0,0.0,0b0000100001000000,0b00,VI produced with good quality,0b0000,Highest quality,0b01,Low,0b0,No,0b0,No,0b0,No,0b001,Land (Nothing else but land),0b0,No,0b0,No,0b00000000000000000000000000000000,0b00000000000000000000000000000000,"Good data, use with confidence"
Rainfed,US-NE3,41.1797,-96.4397,2005-03-22,h10v04,4233.0,3559.0,0.1276,0.2298,0.0615,92.0,2181.0,1.0,0b0000100010000101,0b01,"VI produced, but check other QA",0b0001,Lower quality,0b10,Average,0b0,No,0b0,No,0b0,No,0b001,Land (Nothing else but land),0b0,No,0b0,No,0b00000000000000000000000000000001,0b00000000000000000000000000000001,"Marginal data, Useful, but look at other QA information"
Rainfed,US-NE3,41.1797,-96.4397,2005-04-07,h10v04,4233.0,3559.0,0.1199,0.2283,0.0573,97.0,4160.0,0.0,0b0001000001000000,0b00,VI produced with good quality,0b0000,Highest quality,0b01,Low,0b0,No,0b0,No,0b0,No,0b010,Ocean coastlines and lake shorelines,0b0,No,0b0,No,0b00000000000000000000000000000000,0b00000000000000000000000000000000,"Good data, use with confidence"
Rainfed,US-NE3,41.1797,-96.4397,2005-04-23,h10v04,4233.0,3559.0,0.1255,0.2466,0.0457,113.0,2112.0,0.0,0b0000100001000000,0b00,VI produced with good quality,0b0000,Highest quality,0b01,Low,0b0,No,0b0,No,0b0,No,0b001,Land (Nothing else but land),0b0,No,0b0,No,0b00000000000000000000000000000000,0b00000000000000000000000000000000,"Good data, use with confidence"
Rainfed,US-NE3,41.1797,-96.4397,2005-05-09,h10v04,4233.0,3559.0,0.1635,0.2472,0.0804,140.0,2112.0,0.0,0b0000100001000000,0b00,VI produced with good quality,0b0000,Highest quality,0b01,Low,0b0,No,0b0,No,0b0,No,0b001,Land (Nothing else but land),0b0,No,0b0,No,0b00000000000000000000000000000000,0b00000000000000000000000000000000,"Good data, use with confidence"
Rainfed,US-NE3,41.1797,-96.4397,2005-05-25,h10v04,4233.0,3559.0,0.1778,0.2751,0.0741,147.0,2112.0,0.0,0b0000100001000000,0b00,VI produced with good quality,0b0000,Highest quality,0b01,Low,0b0,No,0b0,No,0b0,No,0b001,Land (Nothing else but land),0b0,No,0b0,No,0b00000000000000000000000000000000,0b00000000000000000000000000000000,"Good data, use with confidence"
Rainfed,US-NE3,41.1797,-96.4397,2005-06-10,h10v04,4233.0,3559.0,0.4152,0.6207,0.04,172.0,2181.0,1.0,0b0000100010000101,0b01,"VI produced, but check other QA",0b0001,Lower quality,0b10,Average,0b0,No,0b0,No,0b0,No,0b001,Land (Nothing else but land),0b0,No,0b0,No,0b00000000000000000000000000000001,0b00000000000000000000000000000001,"Marginal data, Useful, but look at other QA information"
Rainfed,US-NE3,41.1797,-96.4397,2005-06-26,h10v04,4233.0,3559.0,0.5228,0.7629,0.0281,179.0,2112.0,0.0,0b0000100001000000,0b00,VI produced with good quality,0b0000,Highest quality,0b01,Low,0b0,No,0b0,No,0b0,No,0b001,Land (Nothing else but land),0b0,No,0b0,No,0b00000000000000000000000000000000,0b00000000000000000000000000000000,"Good data, use with confidence"
Rainfed,US-NE3,41.1797,-96.4397,2005-07-12,h10v04,4233.0,3559.0,0.5347,0.7702,0.0275,204.0,2112.0,0.0,0b0000100001000000,0b00,VI produced with good quality,0b0000,Highest quality,0b01,Low,0b0,No,0b0,No,0b0,No,0b001,Land (Nothing else but land),0b0,No,0b0,No,0b00000000000000000000000000000000,0b00000000000000000000000000000000,"Good data, use with confidence"
Rainfed,US-NE3,41.1797,-96.4397,2005-07-28,h10v04,4233.0,3559.0,0.6188,0.852,0.0202,209.0,4160.0,0.0,0b0001000001000000,0b00,VI produced with good quality,0b0000,Highest quality,0b01,Low,0b0,No,0b0,No,0b0,No,0b010,Ocean coastlines and lake shorelines,0b0,No,0b0,No,0b00000000000000000000000000000000,0b00000000000000000000000000000000,"Good data, use with confidence"
Rainfed,US-NE3,41.1797,-96.4397,2005-08-13,h10v04,4233.0,3559.0,0.6031,0.8565,0.0188,232.0,4229.0,1.0,0b0001000010000101,0b01,"VI produced, but check other QA",0b0001,Lower quality,0b10,Average,0b0,No,0b0,No,0b0,No,0b010,Ocean coastlines and lake shorelines,0b0,No,0b0,No,0b00000000000000000000000000000001,0b00000000000000000000000000000001,"Marginal data, Useful, but look at other QA information"
Rainfed,US-NE3,41.1797,-96.4397,2005-08-29,h10v04,4233.0,3559.0,0.4758,0.7069,0.0329,252.0,2181.0,1.0,0b0000100010000101,0b01,"VI produced, but check other QA",0b0001,Lower quality,0b10,Average,0b0,No,0b0,No,0b0,No,0b001,Land (Nothing else but land),0b0,No,0b0,No,0b00000000000000000000000000000001,0b00000000000000000000000000000001,"Marginal data, Useful, but look at other QA information"
Rainfed,US-NE3,41.1797,-96.4397,2005-09-14,h10v04,4233.0,3559.0,0.3609,0.584,0.0419,259.0,2112.0,0.0,0b0000100001000000,0b00,VI produced with good quality,0b0000,Highest quality,0b01,Low,0b0,No,0b0,No,0b0,No,0b001,Land (Nothing else but land),0b0,No,0b0,No,0b00000000000000000000000000000000,0b00000000000000000000000000000000,"Good data, use with confidence"
Rainfed,US-NE3,41.1797,-96.4397,2005-09-30,h10v04,4233.0,3559.0,0.2326,0.3824,0.0566,275.0,2112.0,0.0,0b0000100001000000,0b00,VI produced with good quality,0b0000,Highest quality,0b01,Low,0b0,No,0b0,No,0b0,No,0b001,Land (Nothing else but land),0b0,No,0b0,No,0b00000000000000000000000000000000,0b00000000000000000000000000000000,"Good data, use with confidence"
Rainfed,US-NE3,41.1797,-96.4397,2005-10-16,h10v04,4233.0,3559.0,0.151,0.2177,0.0867,300.0,2112.0,0.0,0b0000100001000000,0b00,VI produced with good quality,0b0000,Highest quality,0b01,Low,0b0,No,0b0,No,0b0,No,0b001,Land (Nothing else but land),0b0,No,0b0,No,0b00000000000000000000000000000000,0b00000000000000000000000000000000,"Good data, use with confidence"
Rainfed,US-NE3,41.1797,-96.4397,2005-11-01,h10v04,4233.0,3559.0,0.1366,0.2252,0.0597,314.0,2112.0,0.0,0b0000100001000000,0b00,VI produced with good quality,0b0000,Highest quality,0b01,Low,0b0,No,0b0,No,0b0,No,0b001,Land (Nothing else but land),0b0,No,0b0,No,0b00000000000000000000000000000000,0b00000000000000000000000000000000,"Good data, use with confidence"
Rainfed,US-NE3,41.1797,-96.4397,2005-11-17,h10v04,4233.0,3559.0,0.1372,0.2317,0.0608,328.0,2116.0,0.0,0b0000100001000100,0b00,VI produced with good quality,0b0001,Lower quality,0b01,Low,0b0,No,0b0,No,0b0,No,0b001,Land (Nothing else but land),0b0,No,0b0,No,0b00000000000000000000000000000000,0b00000000000000000000000000000000,"Good data, use with confidence"
Rainfed,US-NE3,41.1797,-96.4397,2005-12-03,h10v04,4233.0,3559.0,-0.0306,-0.0195,0.8416,343.0,18449.0,2.0,0b0100100000010001,0b01,"VI produced, but check other QA",0b0100,Decreasing quality,0b00,Climatology,0b0,No,0b0,No,0b0,No,0b001,Land (Nothing else but land),0b1,Yes,0b0,No,0b00000000000000000000000000000010,0b00000000000000000000000000000010,Snow/Ice Target covered with snow/ice
Rainfed,US-NE3,41.1797,-96.4397,2005-12-19,h10v04,4233.0,3559.0,0.1025,0.1762,0.0686,6.0,2120.0,0.0,0b0000100001001000,0b00,VI produced with good quality,0b0010,Decreasing quality,0b01,Low,0b0,No,0b0,No,0b0,No,0b001,Land (Nothing else but land),0b0,No,0b0,No,0b00000000000000000000000000000000,0b00000000000000000000000000000000,"Good data, use with confidence"
Rainfed,US-NE3,41.1797,-96.4397,2006-01-01,h10v04,4233.0,3559.0,0.1025,0.1762,0.0686,6.0,2116.0,0.0,0b0000100001000100,0b00,VI produced with good quality,0b0001,Lower quality,0b01,Low,0b0,No,0b0,No,0b0,No,0b001,Land (Nothing else but land),0b0,No,0b0,No,0b00000000000000000000000000000000,0b00000000000000000000000000000000,"Good data, use with confidence"
Rainfed,US-NE3,41.1797,-96.4397,2006-01-17,h10v04,4233.0,3559.0,0.1094,0.1937,0.0644,27.0,2116.0,0.0,0b0000100001000100,0b00,VI produced with good quality,0b0001,Lower quality,0b01,Low,0b0,No,0b0,No,0b0,No,0b001,Land (Nothing else but land),0b0,No,0b0,No,0b00000000000000000000000000000000,0b00000000000000000000000000000000,"Good data, use with confidence"
Rainfed,US-NE3,41.1797,-96.4397,2006-02-02,h10v04,4233.0,3559.0,0.1103,0.182,0.0768,45.0,2112.0,0.0,0b0000100001000000,0b00,VI produced with good quality,0b0000,Highest quality,0b01,Low,0b0,No,0b0,No,0b0,No,0b001,Land (Nothing else but land),0b0,No,0b0,No,0b00000000000000000000000000000000,0b00000000000000000000000000000000,"Good data, use with confidence"
Rainfed,US-NE3,41.1797,-96.4397,2006-02-18,h10v04,4233.0,3559.0,0.1206,0.1979,0.0727,61.0,2112.0,0.0,0b0000100001000000,0b00,VI produced with good quality,0b0000,Highest quality,0b01,Low,0b0,No,0b0,No,0b0,No,0b001,Land (Nothing else but land),0b0,No,0b0,No,0b00000000000000000000000000000000,0b00000000000000000000000000000000,"Good data, use with confidence"
Rainfed,US-NE3,41.1797,-96.4397,2006-03-06,h10v04,4233.0,3559.0,0.1155,0.2019,0.0686,73.0,2185.0,1.0,0b0000100010001001,0b01,"VI produced, but check other QA",0b0010,Decreasing quality,0b10,Average,0b0,No,0b0,No,0b0,No,0b001,Land (Nothing else but land),0b0,No,0b0,No,0b00000000000000000000000000000001,0b00000000000000000000000000000001,"Marginal data, Useful, but look at other QA information"
Rainfed,US-NE3,41.1797,-96.4397,2006-03-22,h10v04,4233.0,3559.0,0.1268,0.2076,0.0705,95.0,2181.0,1.0,0b0000100010000101,0b01,"VI produced, but check other QA",0b0001,Lower quality,0b10,Average,0b0,No,0b0,No,0b0,No,0b001,Land (Nothing else but land),0b0,No,0b0,No,0b00000000000000000000000000000001,0b00000000000000000000000000000001,"Marginal data, Useful, but look at other QA information"
Rainfed,US-NE3,41.1797,-96.4397,2006-04-07,h10v04,4233.0,3559.0,0.1411,0.2201,0.0771,111.0,2112.0,0.0,0b0000100001000000,0b00,VI produced with good quality,0b0000,Highest quality,0b01,Low,0b0,No,0b0,No,0b0,No,0b001,Land (Nothing else but land),0b0,No,0b0,No,0b00000000000000000000000000000000,0b00000000000000000000000000000000,"Good data, use with confidence"
Rainfed,US-NE3,41.1797,-96.4397,2006-04-23,h10v04,4233.0,3559.0,0.1604,0.2349,0.0852,113.0,2181.0,1.0,0b0000100010000101,0b01,"VI produced, but check other QA",0b0001,Lower quality,0b10,Average,0b0,No,0b0,No,0b0,No,0b001,Land (Nothing else but land),0b0,No,0b0,No,0b00000000000000000000000000000001,0b00000000000000000000000000000001,"Marginal data, Useful, but look at other QA information"
Rainfed,US-NE3,41.1797,-96.4397,2006-05-09,h10v04,4233.0,3559.0,0.1509,0.2369,0.0759,129.0,2112.0,0.0,0b0000100001000000,0b00,VI produced with good quality,0b0000,Highest quality,0b01,Low,0b0,No,0b0,No,0b0,No,0b001,Land (Nothing else but land),0b0,No,0b0,No,0b00000000000000000000000000000000,0b00000000000000000000000000000000,"Good data, use with confidence"
Rainfed,US-NE3,41.1797,-96.4397,2006-05-25,h10v04,4233.0,3559.0,0.1526,0.2576,0.0594,157.0,2112.0,0.0,0b0000100001000000,0b00,VI produced with good quality,0b0000,Highest quality,0b01,Low,0b0,No,0b0,No,0b0,No,0b001,Land (Nothing else but land),0b0,No,0b0,No,0b00000000000000000000000000000000,0b00000000000000000000000000000000,"Good data, use with confidence"
Rainfed,US-NE3,41.1797,-96.4397,2006-06-10,h10v04,4233.0,3559.0,0.2298,0.3762,0.0517,173.0,2112.0,0.0,0b0000100001000000,0b00,VI produced with good quality,0b0000,Highest quality,0b01,Low,0b0,No,0b0,No,0b0,No,0b001,Land (Nothing else but land),0b0,No,0b0,No,0b00000000000000000000000000000000,0b00000000000000000000000000000000,"Good data, use with confidence"
Rainfed,US-NE3,41.1797,-96.4397,2006-06-26,h10v04,4233.0,3559.0,0.3064,0.455,0.0583,182.0,2181.0,1.0,0b0000100010000101,0b01,"VI produced, but check other QA",0b0001,Lower quality,0b10,Average,0b0,No,0b0,No,0b0,No,0b001,Land (Nothing else but land),0b0,No,0b0,No,0b00000000000000000000000000000001,0b00000000000000000000000000000001,"Marginal data, Useful, but look at other QA information"
Rainfed,US-NE3,41.1797,-96.4397,2006-07-12,h10v04,4233.0,3559.0,0.7262,0.8652,0.0252,207.0,2112.0,0.0,0b0000100001000000,0b00,VI produced with good quality,0b0000,Highest quality,0b01,Low,0b0,No,0b0,No,0b0,No,0b001,Land (Nothing else but land),0b0,No,0b0,No,0b00000000000000000000000000000000,0b00000000000000000000000000000000,"Good data, use with confidence"
Rainfed,US-NE3,41.1797,-96.4397,2006-07-28,h10v04,4233.0,3559.0,0.7565,0.8878,0.0279,216.0,2112.0,0.0,0b0000100001000000,0b00,VI produced with good quality,0b0000,Highest quality,0b01,Low,0b0,No,0b0,No,0b0,No,0b001,Land (Nothing else but land),0b0,No,0b0,No,0b00000000000000000000000000000000,0b00000000000000000000000000000000,"Good data, use with confidence"
Rainfed,US-NE3,41.1797,-96.4397,2006-08-13,h10v04,4233.0,3559.0,0.713,0.9098,0.0153,226.0,4164.0,0.0,0b0001000001000100,0b00,VI produced with good quality,0b0001,Lower quality,0b01,Low,0b0,No,0b0,No,0b0,No,0b010,Ocean coastlines and lake shorelines,0b0,No,0b0,No,0b00000000000000000000000000000000,0b00000000000000000000000000000000,"Good data, use with confidence"
Rainfed,US-NE3,41.1797,-96.4397,2006-08-29,h10v04,4233.0,3559.0,0.7608,0.846,0.034,255.0,2112.0,0.0,0b0000100001000000,0b00,VI produced with good quality,0b0000,Highest quality,0b01,Low,0b0,No,0b0,No,0b0,No,0b001,Land (Nothing else but land),0b0,No,0b0,No,0b00000000000000000000000000000000,0b00000000000000000000000000000000,"Good data, use with confidence"
Rainfed,US-NE3,41.1797,-96.4397,2006-09-14,h10v04,4233.0,3559.0,0.4537,0.6788,0.031,262.0,2112.0,0.0,0b0000100001000000,0b00,VI produced with good quality,0b0000,Highest quality,0b01,Low,0b0,No,0b0,No,0b0,No,0b001,Land (Nothing else but land),0b0,No,0b0,No,0b00000000000000000000000000000000,0b00000000000000000000000000000000,"Good data, use with confidence"
Rainfed,US-NE3,41.1797,-96.4397,2006-09-30,h10v04,4233.0,3559.0,0.1562,0.2751,0.0615,287.0,2112.0,0.0,0b0000100001000000,0b00,VI produced with good quality,0b0000,Highest quality,0b01,Low,0b0,No,0b0,No,0b0,No,0b001,Land (Nothing else but land),0b0,No,0b0,No,0b00000000000000000000000000000000,0b00000000000000000000000000000000,"Good data, use with confidence"
Rainfed,US-NE3,41.1797,-96.4397,2006-10-16,h10v04,4233.0,3559.0,0.1375,0.2364,0.0642,296.0,2112.0,0.0,0b0000100001000000,0b00,VI produced with good quality,0b0000,Highest quality,0b01,Low,0b0,No,0b0,No,0b0,No,0b001,Land (Nothing else but land),0b0,No,0b0,No,0b00000000000000000000000000000000,0b00000000000000000000000000000000,"Good data, use with confidence"
Rainfed,US-NE3,41.1797,-96.4397,2006-11-01,h10v04,4233.0,3559.0,0.1212,0.2221,0.0573,310.0,2112.0,0.0,0b0000100001000000,0b00,VI produced with good quality,0b0000,Highest quality,0b01,Low,0b0,No,0b0,No,0b0,No,0b001,Land (Nothing else but land),0b0,No,0b0,No,0b00000000000000000000000000000000,0b00000000000000000000000000000000,"Good data, use with confidence"
Rainfed,US-NE3,41.1797,-96.4397,2006-11-17,h10v04,4233.0,3559.0,0.1333,0.2173,0.0742,329.0,2189.0,1.0,0b0000100010001101,0b01,"VI produced, but check other QA",0b0011,Decreasing quality,0b10,Average,0b0,No,0b0,No,0b0,No,0b001,Land (Nothing else but land),0b0,No,0b0,No,0b00000000000000000000000000000001,0b00000000000000000000000000000001,"Marginal data, Useful, but look at other QA information"
Rainfed,US-NE3,41.1797,-96.4397,2006-12-03,h10v04,4233.0,3559.0,0.1127,0.2062,0.064,342.0,2116.0,0.0,0b0000100001000100,0b00,VI produced with good quality,0b0001,Lower quality,0b01,Low,0b0,No,0b0,No,0b0,No,0b001,Land (Nothing else but land),0b0,No,0b0,No,0b00000000000000000000000000000000,0b00000000000000000000000000000000,"Good data, use with confidence"
Rainfed,US-NE3,41.1797,-96.4397,2006-12-19,h10v04,4233.0,3559.0,-0.0304,-0.0281,0.8197,2.0,18453.0,2.0,0b0100100000010101,0b01,"VI produced, but check other QA",0b0101,Decreasing quality,0b00,Climatology,0b0,No,0b0,No,0b0,No,0b001,Land (Nothing else but land),0b1,Yes,0b0,No,0b00000000000000000000000000000010,0b00000000000000000000000000000010,Snow/Ice Target covered with snow/ice
Rainfed,US-NE3,41.1797,-96.4397,2007-01-01,h10v04,4233.0,3559.0,0.1318,0.2234,0.0629,9.0,3222.0,3.0,0b0000110010010110,0b10,"Pixel produced, but most probably cloudy",0b0101,Decreasing quality,0b10,Average,0b0,No,0b0,No,0b1,Yes,0b001,Land (Nothing else but land),0b0,No,0b0,No,0b00000000000000000000000000000011,0b00000000000000000000000000000011,"Cloudy data, Target not visible, covered with cloud"
Rainfed,US-NE3,41.1797,-96.4397,2007-01-17,h10v04,4233.0,3559.0,-0.0656,-0.043,0.8008,25.0,18449.0,2.0,0b0100100000010001,0b01,"VI produced, but check other QA",0b0100,Decreasing quality,0b00,Climatology,0b0,No,0b0,No,0b0,No,0b001,Land (Nothing else but land),0b1,Yes,0b0,No,0b00000000000000000000000000000010,0b00000000000000000000000000000010,Snow/Ice Target covered with snow/ice
Rainfed,US-NE3,41.1797,-96.4397,2007-02-02,h10v04,4233.0,3559.0,-0.0087,-0.0057,0.646,33.0,2066.0,3.0,0b0000100000010010,0b10,"Pixel produced, but most probably cloudy",0b0100,Decreasing quality,0b00,Climatology,0b0,No,0b0,No,0b0,No,0b001,Land (Nothing else but land),0b0,No,0b0,No,0b00000000000000000000000000000011,0b00000000000000000000000000000011,"Cloudy data, Target not visible, covered with cloud"
Rainfed,US-NE3,41.1797,-96.4397,2007-02-18,h10v04,4233.0,3559.0,0.1076,0.2486,0.0482,53.0,2185.0,1.0,0b0000100010001001,0b01,"VI produced, but check other QA",0b0010,Decreasing quality,0b10,Average,0b0,No,0b0,No,0b0,No,0b001,Land (Nothing else but land),0b0,No,0b0,No,0b00000000000000000000000000000001,0b00000000000000000000000000000001,"Marginal data, Useful, but look at other QA information"
Rainfed,US-NE3,41.1797,-96.4397,2007-03-06,h10v04,4233.0,3559.0,0.126,0.2299,0.0625,75.0,2181.0,1.0,0b0000100010000101,0b01,"VI produced, but check other QA",0b0001,Lower quality,0b10,Average,0b0,No,0b0,No,0b0,No,0b001,Land (Nothing else but land),0b0,No,0b0,No,0b00000000000000000000000000000001,0b00000000000000000000000000000001,"Marginal data, Useful, but look at other QA information"
Rainfed,US-NE3,41.1797,-96.4397,2007-03-22,h10v04,4233.0,3559.0,0.15,0.2668,0.0604,91.0,2112.0,0.0,0b0000100001000000,0b00,VI produced with good quality,0b0000,Highest quality,0b01,Low,0b0,No,0b0,No,0b0,No,0b001,Land (Nothing else but land),0b0,No,0b0,No,0b00000000000000000000000000000000,0b00000000000000000000000000000000,"Good data, use with confidence"
Rainfed,US-NE3,41.1797,-96.4397,2007-04-07,h10v04,4233.0,3559.0,0.1387,0.2385,0.0661,98.0,2112.0,0.0,0b0000100001000000,0b00,VI produced with good quality,0b0000,Highest quality,0b01,Low,0b0,No,0b0,No,0b0,No,0b001,Land (Nothing else but land),0b0,No,0b0,No,0b00000000000000000000000000000000,0b00000000000000000000000000000000,"Good data, use with confidence"
Rainfed,US-NE3,41.1797,-96.4397,2007-04-23,h10v04,4233.0,3559.0,0.1393,0.2549,0.0521,119.0,2112.0,0.0,0b0000100001000000,0b00,VI produced with good quality,0b0000,Highest quality,0b01,Low,0b0,No,0b0,No,0b0,No,0b001,Land (Nothing else but land),0b0,No,0b0,No,0b00000000000000000000000000000000,0b00000000000000000000000000000000,"Good data, use with confidence"
Rainfed,US-NE3,41.1797,-96.4397,2007-05-09,h10v04,4233.0,3559.0,0.155,0.2663,0.0472,130.0,2112.0,0.0,0b0000100001000000,0b00,VI produced with good quality,0b0000,Highest quality,0b01,Low,0b0,No,0b0,No,0b0,No,0b001,Land (Nothing else but land),0b0,No,0b0,No,0b00000000000000000000000000000000,0b00000000000000000000000000000000,"Good data, use with confidence"
Rainfed,US-NE3,41.1797,-96.4397,2007-05-25,h10v04,4233.0,3559.0,0.2048,0.3577,0.0417,155.0,2181.0,1.0,0b0000100010000101,0b01,"VI produced, but check other QA",0b0001,Lower quality,0b10,Average,0b0,No,0b0,No,0b0,No,0b001,Land (Nothing else but land),0b0,No,0b0,No,0b00000000000000000000000000000001,0b00000000000000000000000000000001,"Marginal data, Useful, but look at other QA information"
Rainfed,US-NE3,41.1797,-96.4397,2007-06-10,h10v04,4233.0,3559.0,0.5027,0.6704,0.0403,171.0,2112.0,0.0,0b0000100001000000,0b00,VI produced with good quality,0b0000,Highest quality,0b01,Low,0b0,No,0b0,No,0b0,No,0b001,Land (Nothing else but land),0b0,No,0b0,No,0b00000000000000000000000000000000,0b00000000000000000000000000000000,"Good data, use with confidence"
Rainfed,US-NE3,41.1797,-96.4397,2007-06-26,h10v04,4233.0,3559.0,0.6961,0.8508,0.0332,185.0,2112.0,0.0,0b0000100001000000,0b00,VI produced with good quality,0b0000,Highest quality,0b01,Low,0b0,No,0b0,No,0b0,No,0b001,Land (Nothing else but land),0b0,No,0b0,No,0b00000000000000000000000000000000,0b00000000000000000000000000000000,"Good data, use with confidence"
Rainfed,US-NE3,41.1797,-96.4397,2007-07-12,h10v04,4233.0,3559.0,0.6781,0.8641,0.0239,194.0,2112.0,0.0,0b0000100001000000,0b00,VI produced with good quality,0b0000,Highest quality,0b01,Low,0b0,No,0b0,No,0b0,No,0b001,Land (Nothing else but land),0b0,No,0b0,No,0b00000000000000000000000000000000,0b00000000000000000000000000000000,"Good data, use with confidence"
Rainfed,US-NE3,41.1797,-96.4397,2007-07-28,h10v04,4233.0,3559.0,0.6329,0.8694,0.0153,224.0,2112.0,0.0,0b0000100001000000,0b00,VI produced with good quality,0b0000,Highest quality,0b01,Low,0b0,No,0b0,No,0b0,No,0b001,Land (Nothing else but land),0b0,No,0b0,No,0b00000000000000000000000000000000,0b00000000000000000000000000000000,"Good data, use with confidence"
Rainfed,US-NE3,41.1797,-96.4397,2007-08-13,h10v04,4233.0,3559.0,0.5708,0.8468,0.0167,233.0,2112.0,0.0,0b0000100001000000,0b00,VI produced with good quality,0b0000,Highest quality,0b01,Low,0b0,No,0b0,No,0b0,No,0b001,Land (Nothing else but land),0b0,No,0b0,No,0b00000000000000000000000000000000,0b00000000000000000000000000000000,"Good data, use with confidence"
Rainfed,US-NE3,41.1797,-96.4397,2007-08-29,h10v04,4233.0,3559.0,0.462,0.7653,0.0198,242.0,2112.0,0.0,0b0000100001000000,0b00,VI produced with good quality,0b0000,Highest quality,0b01,Low,0b0,No,0b0,No,0b0,No,0b001,Land (Nothing else but land),0b0,No,0b0,No,0b00000000000000000000000000000000,0b00000000000000000000000000000000,"Good data, use with confidence"
Rainfed,US-NE3,41.1797,-96.4397,2007-09-14,h10v04,4233.0,3559.0,0.1494,0.3574,0.0314,265.0,2112.0,0.0,0b0000100001000000,0b00,VI produced with good quality,0b0000,Highest quality,0b01,Low,0b0,No,0b0,No,0b0,No,0b001,Land (Nothing else but land),0b0,No,0b0,No,0b00000000000000000000000000000000,0b00000000000000000000000000000000,"Good data, use with confidence"
Rainfed,US-NE3,41.1797,-96.4397,2007-09-30,h10v04,4233.0,3559.0,0.1541,0.3262,0.0389,274.0,2112.0,0.0,0b0000100001000000,0b00,VI produced with good quality,0b0000,Highest quality,0b01,Low,0b0,No,0b0,No,0b0,No,0b001,Land (Nothing else but land),0b0,No,0b0,No,0b00000000000000000000000000000000,0b00000000000000000000000000000000,"Good data, use with confidence"
Rainfed,US-NE3,41.1797,-96.4397,2007-10-16,h10v04,4233.0,3559.0,0.0863,0.2501,0.0335,297.0,2112.0,0.0,0b0000100001000000,0b00,VI produced with good quality,0b0000,Highest quality,0b01,Low,0b0,No,0b0,No,0b0,No,0b001,Land (Nothing else but land),0b0,No,0b0,No,0b00000000000000000000000000000000,0b00000000000000000000000000000000,"Good data, use with confidence"
Rainfed,US-NE3,41.1797,-96.4397,2007-11-01,h10v04,4233.0,3559.0,0.1567,0.2484,0.071,306.0,2112.0,0.0,0b0000100001000000,0b00,VI produced with good quality,0b0000,Highest quality,0b01,Low,0b0,No,0b0,No,0b0,No,0b001,Land (Nothing else but land),0b0,No,0b0,No,0b00000000000000000000000000000000,0b00000000000000000000000000000000,"Good data, use with confidence"
Rainfed,US-NE3,41.1797,-96.4397,2007-11-17,h10v04,4233.0,3559.0,0.1547,0.2436,0.0707,329.0,2116.0,0.0,0b0000100001000100,0b00,VI produced with good quality,0b0001,Lower quality,0b01,Low,0b0,No,0b0,No,0b0,No,0b001,Land (Nothing else but land),0b0,No,0b0,No,0b00000000000000000000000000000000,0b00000000000000000000000000000000,"Good data, use with confidence"
Rainfed,US-NE3,41.1797,-96.4397,2007-12-03,h10v04,4233.0,3559.0,-0.0459,-0.0293,0.855,352.0,18449.0,2.0,0b0100100000010001,0b01,"VI produced, but check other QA",0b0100,Decreasing quality,0b00,Climatology,0b0,No,0b0,No,0b0,No,0b001,Land (Nothing else but land),0b1,Yes,0b0,No,0b00000000000000000000000000000010,0b00000000000000000000000000000010,Snow/Ice Target covered with snow/ice
Rainfed,US-NE3,41.1797,-96.4397,2007-12-19,h10v04,4233.0,3559.0,-0.0362,-0.0341,0.7997,3.0,18453.0,2.0,0b0100100000010101,0b01,"VI produced, but check other QA",0b0101,Decreasing quality,0b00,Climatology,0b0,No,0b0,No,0b0,No,0b001,Land (Nothing else but land),0b1,Yes,0b0,No,0b00000000000000000000000000000010,0b00000000000000000000000000000010,Snow/Ice Target covered with snow/ice
Rainfed,US-NE3,41.1797,-96.4397,2008-01-01,h10v04,4233.0,3559.0,-0.0303,-0.0199,0.7196,15.0,18453.0,2.0,0b0100100000010101,0b01,"VI produced, but check other QA",0b0101,Decreasing quality,0b00,Climatology,0b0,No,0b0,No,0b0,No,0b001,Land (Nothing else but land),0b1,Yes,0b0,No,0b00000000000000000000000000000010,0b00000000000000000000000000000010,Snow/Ice Target covered with snow/ice
Rainfed,US-NE3,41.1797,-96.4397,2008-01-17,h10v04,4233.0,3559.0,-0.0144,-0.0092,0.8205,18.0,18453.0,2.0,0b0100100000010101,0b01,"VI produced, but check other QA",0b0101,Decreasing quality,0b00,Climatology,0b0,No,0b0,No,0b0,No,0b001,Land (Nothing else but land),0b1,Yes,0b0,No,0b00000000000000000000000000000010,0b00000000000000000000000000000010,Snow/Ice Target covered with snow/ice
Rainfed,US-NE3,41.1797,-96.4397,2008-02-02,h10v04,4233.0,3559.0,-0.0006,-0.0004,0.6191,42.0,4106.0,3.0,0b0001000000001010,0b10,"Pixel produced, but most probably cloudy",0b0010,Decreasing quality,0b00,Climatology,0b0,No,0b0,No,0b0,No,0b010,Ocean coastlines and lake shorelines,0b0,No,0b0,No,0b00000000000000000000000000000011,0b00000000000000000000000000000011,"Cloudy data, Target not visible, covered with cloud"
Rainfed,US-NE3,41.1797,-96.4397,2008-02-18,h10v04,4233.0,3559.0,0.1371,0.2373,0.0723,60.0,2112.0,0.0,0b0000100001000000,0b00,VI produced with good quality,0b0000,Highest quality,0b01,Low,0b0,No,0b0,No,0b0,No,0b001,Land (Nothing else but land),0b0,No,0b0,No,0b00000000000000000000000000000000,0b00000000000000000000000000000000,"Good data, use with confidence"
Rainfed,US-NE3,41.1797,-96.4397,2008-03-05,h10v04,4233.0,3559.0,0.1508,0.2279,0.0817,78.0,2112.0,0.0,0b0000100001000000,0b00,VI produced with good quality,0b0000,Highest quality,0b01,Low,0b0,No,0b0,No,0b0,No,0b001,Land (Nothing else but land),0b0,No,0b0,No,0b00000000000000000000000000000000,0b00000000000000000000000000000000,"Good data, use with confidence"
Rainfed,US-NE3,41.1797,-96.4397,2008-03-21,h10v04,4233.0,3559.0,0.1493,0.2294,0.0796,85.0,2112.0,0.0,0b0000100001000000,0b00,VI produced with good quality,0b0000,Highest quality,0b01,Low,0b0,No,0b0,No,0b0,No,0b001,Land (Nothing else but land),0b0,No,0b0,No,0b00000000000000000000000000000000,0b00000000000000000000000000000000,"Good data, use with confidence"
Rainfed,US-NE3,41.1797,-96.4397,2008-04-06,h10v04,4233.0,3559.0,0.1853,0.2288,0.0891,110.0,3150.0,3.0,0b0000110001001110,0b10,"Pixel produced, but most probably cloudy",0b0011,Decreasing quality,0b01,Low,0b0,No,0b0,No,0b1,Yes,0b001,Land (Nothing else but land),0b0,No,0b0,No,0b00000000000000000000000000000011,0b00000000000000000000000000000011,"Cloudy data, Target not visible, covered with cloud"
Rainfed,US-NE3,41.1797,-96.4397,2008-04-22,h10v04,4233.0,3559.0,0.1539,0.2318,0.0797,124.0,2112.0,0.0,0b0000100001000000,0b00,VI produced with good quality,0b0000,Highest quality,0b01,Low,0b0,No,0b0,No,0b0,No,0b001,Land (Nothing else but land),0b0,No,0b0,No,0b00000000000000000000000000000000,0b00000000000000000000000000000000,"Good data, use with confidence"
Rainfed,US-NE3,41.1797,-96.4397,2008-05-08,h10v04,4233.0,3559.0,0.1671,0.2576,0.0722,137.0,2116.0,0.0,0b0000100001000100,0b00,VI produced with good quality,0b0001,Lower quality,0b01,Low,0b0,No,0b0,No,0b0,No,0b001,Land (Nothing else but land),0b0,No,0b0,No,0b00000000000000000000000000000000,0b00000000000000000000000000000000,"Good data, use with confidence"
Rainfed,US-NE3,41.1797,-96.4397,2008-05-24,h10v04,4233.0,3559.0,0.1864,0.2891,0.0672,158.0,2112.0,0.0,0b0000100001000000,0b00,VI produced with good quality,0b0000,Highest quality,0b01,Low,0b0,No,0b0,No,0b0,No,0b001,Land (Nothing else but land),0b0,No,0b0,No,0b00000000000000000000000000000000,0b00000000000000000000000000000000,"Good data, use with confidence"
Rainfed,US-NE3,41.1797,-96.4397,2008-06-09,h10v04,4233.0,3559.0,0.1945,0.2878,0.0778,165.0,2112.0,0.0,0b0000100001000000,0b00,VI produced with good quality,0b0000,Highest quality,0b01,Low,0b0,No,0b0,No,0b0,No,0b001,Land (Nothing else but land),0b0,No,0b0,No,0b00000000000000000000000000000000,0b00000000000000000000000000000000,"Good data, use with confidence"
Rainfed,US-NE3,41.1797,-96.4397,2008-06-25,h10v04,4233.0,3559.0,0.2327,0.3965,0.0476,179.0,2112.0,0.0,0b0000100001000000,0b00,VI produced with good quality,0b0000,Highest quality,0b01,Low,0b0,No,0b0,No,0b0,No,0b001,Land (Nothing else but land),0b0,No,0b0,No,0b00000000000000000000000000000000,0b00000000000000000000000000000000,"Good data, use with confidence"
Rainfed,US-NE3,41.1797,-96.4397,2008-07-11,h10v04,4233.0,3559.0,0.3859,0.5656,0.0442,197.0,2112.0,0.0,0b0000100001000000,0b00,VI produced with good quality,0b0000,Highest quality,0b01,Low,0b0,No,0b0,No,0b0,No,0b001,Land (Nothing else but land),0b0,No,0b0,No,0b00000000000000000000000000000000,0b00000000000000000000000000000000,"Good data, use with confidence"
Rainfed,US-NE3,41.1797,-96.4397,2008-07-27,h10v04,4233.0,3559.0,0.7793,0.9146,0.0215,220.0,2112.0,0.0,0b0000100001000000,0b00,VI produced with good quality,0b0000,Highest quality,0b01,Low,0b0,No,0b0,No,0b0,No,0b001,Land (Nothing else but land),0b0,No,0b0,No,0b00000000000000000000000000000000,0b00000000000000000000000000000000,"Good data, use with confidence"
Rainfed,US-NE3,41.1797,-96.4397,2008-08-12,h10v04,4233.0,3559.0,0.783,0.9284,0.0236,229.0,2112.0,0.0,0b0000100001000000,0b00,VI produced with good quality,0b0000,Highest quality,0b01,Low,0b0,No,0b0,No,0b0,No,0b001,Land (Nothing else but land),0b0,No,0b0,No,0b00000000000000000000000000000000,0b00000000000000000000000000000000,"Good data, use with confidence"
Rainfed,US-NE3,41.1797,-96.4397,2008-08-28,h10v04,4233.0,3559.0,0.6787,0.8675,0.0215,245.0,2181.0,1.0,0b0000100010000101,0b01,"VI produced, but check other QA",0b0001,Lower quality,0b10,Average,0b0,No,0b0,No,0b0,No,0b001,Land (Nothing else but land),0b0,No,0b0,No,0b00000000000000000000000000000001,0b00000000000000000000000000000001,"Marginal data, Useful, but look at other QA information"
Rainfed,US-NE3,41.1797,-96.4397,2008-09-13,h10v04,4233.0,3559.0,0.4577,0.6572,0.0357,261.0,2112.0,0.0,0b0000100001000000,0b00,VI produced with good quality,0b0000,Highest quality,0b01,Low,0b0,No,0b0,No,0b0,No,0b001,Land (Nothing else but land),0b0,No,0b0,No,0b00000000000000000000000000000000,0b00000000000000000000000000000000,"Good data, use with confidence"
Rainfed,US-NE3,41.1797,-96.4397,2008-09-29,h10v04,4233.0,3559.0,0.1519,0.2512,0.0624,284.0,2112.0,0.0,0b0000100001000000,0b00,VI produced with good quality,0b0000,Highest quality,0b01,Low,0b0,No,0b0,No,0b0,No,0b001,Land (Nothing else but land),0b0,No,0b0,No,0b00000000000000000000000000000000,0b00000000000000000000000000000000,"Good data, use with confidence"
Rainfed,US-NE3,41.1797,-96.4397,2008-10-15,h10v04,4233.0,3559.0,0.1304,0.2207,0.0703,293.0,2112.0,0.0,0b0000100001000000,0b00,VI produced with good quality,0b0000,Highest quality,0b01,Low,0b0,No,0b0,No,0b0,No,0b001,Land (Nothing else but land),0b0,No,0b0,No,0b00000000000000000000000000000000,0b00000000000000000000000000000000,"Good data, use with confidence"
Rainfed,US-NE3,41.1797,-96.4397,2008-10-31,h10v04,4233.0,3559.0,0.1155,0.2117,0.0632,307.0,2112.0,0.0,0b0000100001000000,0b00,VI produced with good quality,0b0000,Highest quality,0b01,Low,0b0,No,0b0,No,0b0,No,0b001,Land (Nothing else but land),0b0,No,0b0,No,0b00000000000000000000000000000000,0b00000000000000000000000000000000,"Good data, use with confidence"
Rainfed,US-NE3,41.1797,-96.4397,2008-11-16,h10v04,4233.0,3559.0,0.0619,0.1783,0.0303,332.0,2116.0,0.0,0b0000100001000100,0b00,VI produced with good quality,0b0001,Lower quality,0b01,Low,0b0,No,0b0,No,0b0,No,0b001,Land (Nothing else but land),0b0,No,0b0,No,0b00000000000000000000000000000000,0b00000000000000000000000000000000,"Good data, use with confidence"
Rainfed,US-NE3,41.1797,-96.4397,2008-12-02,h10v04,4233.0,3559.0,0.1115,0.1995,0.0658,341.0,2116.0,0.0,0b0000100001000100,0b00,VI produced with good quality,0b0001,Lower quality,0b01,Low,0b0,No,0b0,No,0b0,No,0b001,Land (Nothing else but land),0b0,No,0b0,No,0b00000000000000000000000000000000,0b00000000000000000000000000000000,"Good data, use with confidence"
Rainfed,US-NE3,41.1797,-96.4397,2008-12-18,h10v04,4233.0,3559.0,0.1049,0.1886,0.0687,5.0,2120.0,0.0,0b0000100001001000,0b00,VI produced with good quality,0b0010,Decreasing quality,0b01,Low,0b0,No,0b0,No,0b0,No,0b001,Land (Nothing else but land),0b0,No,0b0,No,0b00000000000000000000000000000000,0b00000000000000000000000000000000,"Good data, use with confidence"
Rainfed,US-NE3,41.1797,-96.4397,2009-01-01,h10v04,4233.0,3559.0,0.1049,0.1886,0.0687,5.0,2116.0,0.0,0b0000100001000100,0b00,VI produced with good quality,0b0001,Lower quality,0b01,Low,0b0,No,0b0,No,0b0,No,0b001,Land (Nothing else but land),0b0,No,0b0,No,0b00000000000000000000000000000000,0b00000000000000000000000000000000,"Good data, use with confidence"
Rainfed,US-NE3,41.1797,-96.4397,2009-01-17,h10v04,4233.0,3559.0,0.1072,0.1991,0.0616,21.0,2116.0,0.0,0b0000100001000100,0b00,VI produced with good quality,0b0001,Lower quality,0b01,Low,0b0,No,0b0,No,0b0,No,0b001,Land (Nothing else but land),0b0,No,0b0,No,0b00000000000000000000000000000000,0b00000000000000000000000000000000,"Good data, use with confidence"
Rainfed,US-NE3,41.1797,-96.4397,2009-02-02,h10v04,4233.0,3559.0,0.1239,0.2143,0.0712,41.0,2112.0,0.0,0b0000100001000000,0b00,VI produced with good quality,0b0000,Highest quality,0b01,Low,0b0,No,0b0,No,0b0,No,0b001,Land (Nothing else but land),0b0,No,0b0,No,0b00000000000000000000000000000000,0b00000000000000000000000000000000,"Good data, use with confidence"
Rainfed,US-NE3,41.1797,-96.4397,2009-02-18,h10v04,4233.0,3559.0,0.1097,0.1958,0.0677,55.0,2181.0,1.0,0b0000100010000101,0b01,"VI produced, but check other QA",0b0001,Lower quality,0b10,Average,0b0,No,0b0,No,0b0,No,0b001,Land (Nothing else but land),0b0,No,0b0,No,0b00000000000000000000000000000001,0b00000000000000000000000000000001,"Marginal data, Useful, but look at other QA information"
Rainfed,US-NE3,41.1797,-96.4397,2009-03-06,h10v04,4233.0,3559.0,0.1145,0.2009,0.069,80.0,2181.0,1.0,0b0000100010000101,0b01,"VI produced, but check other QA",0b0001,Lower quality,0b10,Average,0b0,No,0b0,No,0b0,No,0b001,Land (Nothing else but land),0b0,No,0b0,No,0b00000000000000000000000000000001,0b00000000000000000000000000000001,"Marginal data, Useful, but look at other QA information"
Rainfed,US-NE3,41.1797,-96.4397,2009-03-22,h10v04,4233.0,3559.0,0.1317,0.2255,0.0646,96.0,2112.0,0.0,0b0000100001000000,0b00,VI produced with good quality,0b0000,Highest quality,0b01,Low,0b0,No,0b0,No,0b0,No,0b001,Land (Nothing else but land),0b0,No,0b0,No,0b00000000000000000000000000000000,0b00000000000000000000000000000000,"Good data, use with confidence"
Rainfed,US-NE3,41.1797,-96.4397,2009-04-07,h10v04,4233.0,3559.0,0.1341,0.2186,0.077,112.0,2181.0,1.0,0b0000100010000101,0b01,"VI produced, but check other QA",0b0001,Lower quality,0b10,Average,0b0,No,0b0,No,0b0,No,0b001,Land (Nothing else but land),0b0,No,0b0,No,0b00000000000000000000000000000001,0b00000000000000000000000000000001,"Marginal data, Useful, but look at other QA information"
Rainfed,US-NE3,41.1797,-96.4397,2009-04-23,h10v04,4233.0,3559.0,0.1577,0.2514,0.0751,114.0,4229.0,1.0,0b0001000010000101,0b01,"VI produced, but check other QA",0b0001,Lower quality,0b10,Average,0b0,No,0b0,No,0b0,No,0b010,Ocean coastlines and lake shorelines,0b0,No,0b0,No,0b00000000000000000000000000000001,0b00000000000000000000000000000001,"Marginal data, Useful, but look at other QA information"
Rainfed,US-NE3,41.1797,-96.4397,2009-05-09,h10v04,4233.0,3559.0,0.218,0.3873,0.051,129.0,2116.0,1.0,0b0000100001000100,0b00,VI produced with good quality,0b0001,Lower quality,0b01,Low,0b0,No,0b0,No,0b0,No,0b001,Land (Nothing else but land),0b0,No,0b0,No,0b00000000000000000000000000000001,0b00000000000000000000000000000001,"Marginal data, Useful, but look at other QA information"
Rainfed,US-NE3,41.1797,-96.4397,2009-05-25,h10v04,4233.0,3559.0,0.1808,0.3014,0.0648,149.0,2112.0,0.0,0b0000100001000000,0b00,VI produced with good quality,0b0000,Highest quality,0b01,Low,0b0,No,0b0,No,0b0,No,0b001,Land (Nothing else but land),0b0,No,0b0,No,0b00000000000000000000000000000000,0b00000000000000000000000000000000,"Good data, use with confidence"
Rainfed,US-NE3,41.1797,-96.4397,2009-06-10,h10v04,4233.0,3559.0,0.7034,0.856,0.0268,176.0,2112.0,0.0,0b0000100001000000,0b00,VI produced with good quality,0b0000,Highest quality,0b01,Low,0b0,No,0b0,No,0b0,No,0b001,Land (Nothing else but land),0b0,No,0b0,No,0b00000000000000000000000000000000,0b00000000000000000000000000000000,"Good data, use with confidence"
Rainfed,US-NE3,41.1797,-96.4397,2009-06-26,h10v04,4233.0,3559.0,0.7048,0.8933,0.0173,181.0,2112.0,0.0,0b0000100001000000,0b00,VI produced with good quality,0b0000,Highest quality,0b01,Low,0b0,No,0b0,No,0b0,No,0b001,Land (Nothing else but land),0b0,No,0b0,No,0b00000000000000000000000000000000,0b00000000000000000000000000000000,"Good data, use with confidence"
Rainfed,US-NE3,41.1797,-96.4397,2009-07-12,h10v04,4233.0,3559.0,0.7752,0.9062,0.0257,204.0,2112.0,0.0,0b0000100001000000,0b00,VI produced with good quality,0b0000,Highest quality,0b01,Low,0b0,No,0b0,No,0b0,No,0b001,Land (Nothing else but land),0b0,No,0b0,No,0b00000000000000000000000000000000,0b00000000000000000000000000000000,"Good data, use with confidence"
Rainfed,US-NE3,41.1797,-96.4397,2009-07-28,h10v04,4233.0,3559.0,0.7041,0.8946,0.0157,220.0,2112.0,0.0,0b0000100001000000,0b00,VI produced with good quality,0b0000,Highest quality,0b01,Low,0b0,No,0b0,No,0b0,No,0b001,Land (Nothing else but land),0b0,No,0b0,No,0b00000000000000000000000000000000,0b00000000000000000000000000000000,"Good data, use with confidence"
Rainfed,US-NE3,41.1797,-96.4397,2009-08-13,h10v04,4233.0,3559.0,0.6185,0.8387,0.0213,236.0,2112.0,0.0,0b0000100001000000,0b00,VI produced with good quality,0b0000,Highest quality,0b01,Low,0b0,No,0b0,No,0b0,No,0b001,Land (Nothing else but land),0b0,No,0b0,No,0b00000000000000000000000000000000,0b00000000000000000000000000000000,"Good data, use with confidence"
Rainfed,US-NE3,41.1797,-96.4397,2009-08-29,h10v04,4233.0,3559.0,0.5861,0.7565,0.0376,242.0,2112.0,0.0,0b0000100001000000,0b00,VI produced with good quality,0b0000,Highest quality,0b01,Low,0b0,No,0b0,No,0b0,No,0b001,Land (Nothing else but land),0b0,No,0b0,No,0b00000000000000000000000000000000,0b00000000000000000000000000000000,"Good data, use with confidence"
Rainfed,US-NE3,41.1797,-96.4397,2009-09-14,h10v04,4233.0,3559.0,0.2008,0.4037,0.0406,263.0,2112.0,0.0,0b0000100001000000,0b00,VI produced with good quality,0b0000,Highest quality,0b01,Low,0b0,No,0b0,No,0b0,No,0b001,Land (Nothing else but land),0b0,No,0b0,No,0b00000000000000000000000000000000,0b00000000000000000000000000000000,"Good data, use with confidence"
Rainfed,US-NE3,41.1797,-96.4397,2009-09-30,h10v04,4233.0,3559.0,0.1811,0.3514,0.0437,282.0,4164.0,0.0,0b0001000001000100,0b00,VI produced with good quality,0b0001,Lower quality,0b01,Low,0b0,No,0b0,No,0b0,No,0b010,Ocean coastlines and lake shorelines,0b0,No,0b0,No,0b00000000000000000000000000000000,0b00000000000000000000000000000000,"Good data, use with confidence"
Rainfed,US-NE3,41.1797,-96.4397,2009-10-16,h10v04,4233.0,3559.0,0.1048,0.2458,0.042,300.0,2112.0,0.0,0b0000100001000000,0b00,VI produced with good quality,0b0000,Highest quality,0b01,Low,0b0,No,0b0,No,0b0,No,0b001,Land (Nothing else but land),0b0,No,0b0,No,0b00000000000000000000000000000000,0b00000000000000000000000000000000,"Good data, use with confidence"
Rainfed,US-NE3,41.1797,-96.4397,2009-11-01,h10v04,4233.0,3559.0,0.0955,0.2191,0.0467,311.0,2112.0,0.0,0b0000100001000000,0b00,VI produced with good quality,0b0000,Highest quality,0b01,Low,0b0,No,0b0,No,0b0,No,0b001,Land (Nothing else but land),0b0,No,0b0,No,0b00000000000000000000000000000000,0b00000000000000000000000000000000,"Good data, use with confidence"
Rainfed,US-NE3,41.1797,-96.4397,2009-11-17,h10v04,4233.0,3559.0,0.1268,0.2101,0.0683,334.0,2116.0,0.0,0b0000100001000100,0b00,VI produced with good quality,0b0001,Lower quality,0b01,Low,0b0,No,0b0,No,0b0,No,0b001,Land (Nothing else but land),0b0,No,0b0,No,0b00000000000000000000000000000000,0b00000000000000000000000000000000,"Good data, use with confidence"
Rainfed,US-NE3,41.1797,-96.4397,2009-12-03,h10v04,4233.0,3559.0,0.1367,0.2266,0.0672,339.0,2116.0,0.0,0b0000100001000100,0b00,VI produced with good quality,0b0001,Lower quality,0b01,Low,0b0,No,0b0,No,0b0,No,0b001,Land (Nothing else but land),0b0,No,0b0,No,0b00000000000000000000000000000000,0b00000000000000000000000000000000,"Good data, use with confidence"
Rainfed,US-NE3,41.1797,-96.4397,2009-12-19,h10v04,4233.0,3559.0,-0.0196,-0.0187,0.7262,354.0,20501.0,2.0,0b0101000000010101,0b01,"VI produced, but check other QA",0b0101,Decreasing quality,0b00,Climatology,0b0,No,0b0,No,0b0,No,0b010,Ocean coastlines and lake shorelines,0b1,Yes,0b0,No,0b00000000000000000000000000000010,0b00000000000000000000000000000010,Snow/Ice Target covered with snow/ice
Rainfed,US-NE3,41.1797,-96.4397,2010-01-01,h10v04,4233.0,3559.0,-0.0477,-0.0303,0.8392,1.0,18449.0,2.0,0b0100100000010001,0b01,"VI produced, but check other QA",0b0100,Decreasing quality,0b00,Climatology,0b0,No,0b0,No,0b0,No,0b001,Land (Nothing else but land),0b1,Yes,0b0,No,0b00000000000000000000000000000010,0b00000000000000000000000000000010,Snow/Ice Target covered with snow/ice
Rainfed,US-NE3,41.1797,-96.4397,2010-01-17,h10v04,4233.0,3559.0,-0.0377,-0.0261,0.511,26.0,18449.0,2.0,0b0100100000010001,0b01,"VI produced, but check other QA",0b0100,Decreasing quality,0b00,Climatology,0b0,No,0b0,No,0b0,No,0b001,Land (Nothing else but land),0b1,Yes,0b0,No,0b00000000000000000000000000000010,0b00000000000000000000000000000010,Snow/Ice Target covered with snow/ice
Rainfed,US-NE3,41.1797,-96.4397,2010-02-02,h10v04,4233.0,3559.0,-0.0327,-0.0211,0.7951,48.0,18449.0,2.0,0b0100100000010001,0b01,"VI produced, but check other QA",0b0100,Decreasing quality,0b00,Climatology,0b0,No,0b0,No,0b0,No,0b001,Land (Nothing else but land),0b1,Yes,0b0,No,0b00000000000000000000000000000010,0b00000000000000000000000000000010,Snow/Ice Target covered with snow/ice
Rainfed,US-NE3,41.1797,-96.4397,2010-02-18,h10v04,4233.0,3559.0,-0.0229,-0.0145,0.7902,54.0,18445.0,2.0,0b0100100000001101,0b01,"VI produced, but check other QA",0b0011,Decreasing quality,0b00,Climatology,0b0,No,0b0,No,0b0,No,0b001,Land (Nothing else but land),0b1,Yes,0b0,No,0b00000000000000000000000000000010,0b00000000000000000000000000000010,Snow/Ice Target covered with snow/ice
Rainfed,US-NE3,41.1797,-96.4397,2010-03-06,h10v04,4233.0,3559.0,0.1274,0.2101,0.0702,77.0,2116.0,0.0,0b0000100001000100,0b00,VI produced with good quality,0b0001,Lower quality,0b01,Low,0b0,No,0b0,No,0b0,No,0b001,Land (Nothing else but land),0b0,No,0b0,No,0b00000000000000000000000000000000,0b00000000000000000000000000000000,"Good data, use with confidence"
Rainfed,US-NE3,41.1797,-96.4397,2010-03-22,h10v04,4233.0,3559.0,0.1528,0.2224,0.0852,87.0,2116.0,1.0,0b0000100001000100,0b00,VI produced with good quality,0b0001,Lower quality,0b01,Low,0b0,No,0b0,No,0b0,No,0b001,Land (Nothing else but land),0b0,No,0b0,No,0b00000000000000000000000000000001,0b00000000000000000000000000000001,"Marginal data, Useful, but look at other QA information"
Rainfed,US-NE3,41.1797,-96.4397,2010-04-07,h10v04,4233.0,3559.0,0.1386,0.2129,0.0765,99.0,2112.0,0.0,0b0000100001000000,0b00,VI produced with good quality,0b0000,Highest quality,0b01,Low,0b0,No,0b0,No,0b0,No,0b001,Land (Nothing else but land),0b0,No,0b0,No,0b00000000000000000000000000000000,0b00000000000000000000000000000000,"Good data, use with confidence"
Rainfed,US-NE3,41.1797,-96.4397,2010-04-23,h10v04,4233.0,3559.0,0.1379,0.2237,0.0595,122.0,2112.0,0.0,0b0000100001000000,0b00,VI produced with good quality,0b0000,Highest quality,0b01,Low,0b0,No,0b0,No,0b0,No,0b001,Land (Nothing else but land),0b0,No,0b0,No,0b00000000000000000000000000000000,0b00000000000000000000000000000000,"Good data, use with confidence"
Rainfed,US-NE3,41.1797,-96.4397,2010-05-09,h10v04,4233.0,3559.0,0.1334,0.2321,0.0674,138.0,2441.0,1.0,0b0000100110001001,0b01,"VI produced, but check other QA",0b0010,Decreasing quality,0b10,Average,0b1,Yes,0b0,No,0b0,No,0b001,Land (Nothing else but land),0b0,No,0b0,No,0b00000000000000000000000000000001,0b00000000000000000000000000000001,"Marginal data, Useful, but look at other QA information"
Rainfed,US-NE3,41.1797,-96.4397,2010-05-25,h10v04,4233.0,3559.0,0.169,0.2511,0.074,154.0,2112.0,0.0,0b0000100001000000,0b00,VI produced with good quality,0b0000,Highest quality,0b01,Low,0b0,No,0b0,No,0b0,No,0b001,Land (Nothing else but land),0b0,No,0b0,No,0b00000000000000000000000000000000,0b00000000000000000000000000000000,"Good data, use with confidence"
Rainfed,US-NE3,41.1797,-96.4397,2010-06-10,h10v04,4233.0,3559.0,0.1941,0.2956,0.0722,168.0,2112.0,0.0,0b0000100001000000,0b00,VI produced with good quality,0b0000,Highest quality,0b01,Low,0b0,No,0b0,No,0b0,No,0b001,Land (Nothing else but land),0b0,No,0b0,No,0b00000000000000000000000000000000,0b00000000000000000000000000000000,"Good data, use with confidence"
Rainfed,US-NE3,41.1797,-96.4397,2010-06-26,h10v04,4233.0,3559.0,0.2589,0.3945,0.0577,177.0,2112.0,0.0,0b0000100001000000,0b00,VI produced with good quality,0b0000,Highest quality,0b01,Low,0b0,No,0b0,No,0b0,No,0b001,Land (Nothing else but land),0b0,No,0b0,No,0b00000000000000000000000000000000,0b00000000000000000000000000000000,"Good data, use with confidence"
Rainfed,US-NE3,41.1797,-96.4397,2010-07-12,h10v04,4233.0,3559.0,0.4847,0.651,0.0397,195.0,2112.0,0.0,0b0000100001000000,0b00,VI produced with good quality,0b0000,Highest quality,0b01,Low,0b0,No,0b0,No,0b0,No,0b001,Land (Nothing else but land),0b0,No,0b0,No,0b00000000000000000000000000000000,0b00000000000000000000000000000000,"Good data, use with confidence"
Rainfed,US-NE3,41.1797,-96.4397,2010-07-28,h10v04,4233.0,3559.0,0.8354,0.9074,0.0196,220.0,2112.0,0.0,0b0000100001000000,0b00,VI produced with good quality,0b0000,Highest quality,0b01,Low,0b0,No,0b0,No,0b0,No,0b001,Land (Nothing else but land),0b0,No,0b0,No,0b00000000000000000000000000000000,0b00000000000000000000000000000000,"Good data, use with confidence"
Rainfed,US-NE3,41.1797,-96.4397,2010-08-13,h10v04,4233.0,3559.0,0.8346,0.9333,0.0147,234.0,2112.0,0.0,0b0000100001000000,0b00,VI produced with good quality,0b0000,Highest quality,0b01,Low,0b0,No,0b0,No,0b0,No,0b001,Land (Nothing else but land),0b0,No,0b0,No,0b00000000000000000000000000000000,0b00000000000000000000000000000000,"Good data, use with confidence"
Rainfed,US-NE3,41.1797,-96.4397,2010-08-29,h10v04,4233.0,3559.0,0.8153,0.8963,0.0272,250.0,2112.0,0.0,0b0000100001000000,0b00,VI produced with good quality,0b0000,Highest quality,0b01,Low,0b0,No,0b0,No,0b0,No,0b001,Land (Nothing else but land),0b0,No,0b0,No,0b00000000000000000000000000000000,0b00000000000000000000000000000000,"Good data, use with confidence"
Rainfed,US-NE3,41.1797,-96.4397,2010-09-14,h10v04,4233.0,3559.0,0.6549,0.8205,0.0288,257.0,2112.0,0.0,0b0000100001000000,0b00,VI produced with good quality,0b0000,Highest quality,0b01,Low,0b0,No,0b0,No,0b0,No,0b001,Land (Nothing else but land),0b0,No,0b0,No,0b00000000000000000000000000000000,0b00000000000000000000000000000000,"Good data, use with confidence"
Rainfed,US-NE3,41.1797,-96.4397,2010-09-30,h10v04,4233.0,3559.0,0.1853,0.3673,0.034,273.0,2112.0,0.0,0b0000100001000000,0b00,VI produced with good quality,0b0000,Highest quality,0b01,Low,0b0,No,0b0,No,0b0,No,0b001,Land (Nothing else but land),0b0,No,0b0,No,0b00000000000000000000000000000000,0b00000000000000000000000000000000,"Good data, use with confidence"
Rainfed,US-NE3,41.1797,-96.4397,2010-10-16,h10v04,4233.0,3559.0,0.2067,0.2545,0.0819,289.0,3150.0,3.0,0b0000110001001110,0b10,"Pixel produced, but most probably cloudy",0b0011,Decreasing quality,0b01,Low,0b0,No,0b0,No,0b1,Yes,0b001,Land (Nothing else but land),0b0,No,0b0,No,0b00000000000000000000000000000011,0b00000000000000000000000000000011,"Cloudy data, Target not visible, covered with cloud"
Rainfed,US-NE3,41.1797,-96.4397,2010-11-01,h10v04,4233.0,3559.0,0.1558,0.2408,0.0706,307.0,2112.0,0.0,0b0000100001000000,0b00,VI produced with good quality,0b0000,Highest quality,0b01,Low,0b0,No,0b0,No,0b0,No,0b001,Land (Nothing else but land),0b0,No,0b0,No,0b00000000000000000000000000000000,0b00000000000000000000000000000000,"Good data, use with confidence"
Rainfed,US-NE3,41.1797,-96.4397,2010-11-17,h10v04,4233.0,3559.0,0.1636,0.2083,0.0853,330.0,3154.0,3.0,0b0000110001010010,0b10,"Pixel produced, but most probably cloudy",0b0100,Decreasing quality,0b01,Low,0b0,No,0b0,No,0b1,Yes,0b001,Land (Nothing else but land),0b0,No,0b0,No,0b00000000000000000000000000000011,0b00000000000000000000000000000011,"Cloudy data, Target not visible, covered with cloud"
Rainfed,US-NE3,41.1797,-96.4397,2010-12-03,h10v04,4233.0,3559.0,0.1746,0.21,0.0848,339.0,3154.0,3.0,0b0000110001010010,0b10,"Pixel produced, but most probably cloudy",0b0100,Decreasing quality,0b01,Low,0b0,No,0b0,No,0b1,Yes,0b001,Land (Nothing else but land),0b0,No,0b0,No,0b00000000000000000000000000000011,0b00000000000000000000000000000011,"Cloudy data, Target not visible, covered with cloud"
Rainfed,US-NE3,41.1797,-96.4397,2010-12-19,h10v04,4233.0,3559.0,0.1643,0.2242,0.1013,355.0,2382.0,3.0,0b0000100101001110,0b10,"Pixel produced, but most probably cloudy",0b0011,Decreasing quality,0b01,Low,0b1,Yes,0b0,No,0b0,No,0b001,Land (Nothing else but land),0b0,No,0b0,No,0b00000000000000000000000000000011,0b00000000000000000000000000000011,"Cloudy data, Target not visible, covered with cloud"
Rainfed,US-NE3,41.1797,-96.4397,2011-01-01,h10v04,4233.0,3559.0,0.1579,0.1991,0.0864,6.0,2186.0,3.0,0b0000100010001010,0b10,"Pixel produced, but most probably cloudy",0b0010,Decreasing quality,0b10,Average,0b0,No,0b0,No,0b0,No,0b001,Land (Nothing else but land),0b0,No,0b0,No,0b00000000000000000000000000000011,0b00000000000000000000000000000011,"Cloudy data, Target not visible, covered with cloud"
Rainfed,US-NE3,41.1797,-96.4397,2011-01-17,h10v04,4233.0,3559.0,-0.0589,-0.0369,0.8888,27.0,18449.0,2.0,0b0100100000010001,0b01,"VI produced, but check other QA",0b0100,Decreasing quality,0b00,Climatology,0b0,No,0b0,No,0b0,No,0b001,Land (Nothing else but land),0b1,Yes,0b0,No,0b00000000000000000000000000000010,0b00000000000000000000000000000010,Snow/Ice Target covered with snow/ice
Rainfed,US-NE3,41.1797,-96.4397,2011-02-02,h10v04,4233.0,3559.0,0.1424,0.2496,0.0701,48.0,2116.0,0.0,0b0000100001000100,0b00,VI produced with good quality,0b0001,Lower quality,0b01,Low,0b0,No,0b0,No,0b0,No,0b001,Land (Nothing else but land),0b0,No,0b0,No,0b00000000000000000000000000000000,0b00000000000000000000000000000000,"Good data, use with confidence"
Rainfed,US-NE3,41.1797,-96.4397,2011-02-18,h10v04,4233.0,3559.0,0.1236,0.208,0.0706,52.0,2112.0,0.0,0b0000100001000000,0b00,VI produced with good quality,0b0000,Highest quality,0b01,Low,0b0,No,0b0,No,0b0,No,0b001,Land (Nothing else but land),0b0,No,0b0,No,0b00000000000000000000000000000000,0b00000000000000000000000000000000,"Good data, use with confidence"
Rainfed,US-NE3,41.1797,-96.4397,2011-03-06,h10v04,4233.0,3559.0,0.1457,0.2014,0.079,70.0,3150.0,3.0,0b0000110001001110,0b10,"Pixel produced, but most probably cloudy",0b0011,Decreasing quality,0b01,Low,0b0,No,0b0,No,0b1,Yes,0b001,Land (Nothing else but land),0b0,No,0b0,No,0b00000000000000000000000000000011,0b00000000000000000000000000000011,"Cloudy data, Target not visible, covered with cloud"
Rainfed,US-NE3,41.1797,-96.4397,2011-03-22,h10v04,4233.0,3559.0,0.1158,0.188,0.079,91.0,2112.0,0.0,0b0000100001000000,0b00,VI produced with good quality,0b0000,Highest quality,0b01,Low,0b0,No,0b0,No,0b0,No,0b001,Land (Nothing else but land),0b0,No,0b0,No,0b00000000000000000000000000000000,0b00000000000000000000000000000000,"Good data, use with confidence"
Rainfed,US-NE3,41.1797,-96.4397,2011-04-07,h10v04,4233.0,3559.0,0.1388,0.2099,0.0877,102.0,2181.0,1.0,0b0000100010000101,0b01,"VI produced, but check other QA",0b0001,Lower quality,0b10,Average,0b0,No,0b0,No,0b0,No,0b001,Land (Nothing else but land),0b0,No,0b0,No,0b00000000000000000000000000000001,0b00000000000000000000000000000001,"Marginal data, Useful, but look at other QA information"
Rainfed,US-NE3,41.1797,-96.4397,2011-04-23,h10v04,4233.0,3559.0,0.1412,0.2394,0.0677,123.0,2112.0,0.0,0b0000100001000000,0b00,VI produced with good quality,0b0000,Highest quality,0b01,Low,0b0,No,0b0,No,0b0,No,0b001,Land (Nothing else but land),0b0,No,0b0,No,0b00000000000000000000000000000000,0b00000000000000000000000000000000,"Good data, use with confidence"
Rainfed,US-NE3,41.1797,-96.4397,2011-05-09,h10v04,4233.0,3559.0,0.1708,0.2566,0.0779,143.0,2112.0,0.0,0b0000100001000000,0b00,VI produced with good quality,0b0000,Highest quality,0b01,Low,0b0,No,0b0,No,0b0,No,0b001,Land (Nothing else but land),0b0,No,0b0,No,0b00000000000000000000000000000000,0b00000000000000000000000000000000,"Good data, use with confidence"
Rainfed,US-NE3,41.1797,-96.4397,2011-05-25,h10v04,4233.0,3559.0,0.1882,0.2796,0.0785,150.0,2181.0,1.0,0b0000100010000101,0b01,"VI produced, but check other QA",0b0001,Lower quality,0b10,Average,0b0,No,0b0,No,0b0,No,0b001,Land (Nothing else but land),0b0,No,0b0,No,0b00000000000000000000000000000001,0b00000000000000000000000000000001,"Marginal data, Useful, but look at other QA information"
Rainfed,US-NE3,41.1797,-96.4397,2011-06-10,h10v04,4233.0,3559.0,0.361,0.5473,0.0572,176.0,4369.0,1.0,0b0001000100010001,0b01,"VI produced, but check other QA",0b0100,Decreasing quality,0b00,Climatology,0b1,Yes,0b0,No,0b0,No,0b010,Ocean coastlines and lake shorelines,0b0,No,0b0,No,0b00000000000000000000000000000001,0b00000000000000000000000000000001,"Marginal data, Useful, but look at other QA information"
Rainfed,US-NE3,41.1797,-96.4397,2011-06-26,h10v04,4233.0,3559.0,0.6146,0.8256,0.0257,189.0,2112.0,0.0,0b0000100001000000,0b00,VI produced with good quality,0b0000,Highest quality,0b01,Low,0b0,No,0b0,No,0b0,No,0b001,Land (Nothing else but land),0b0,No,0b0,No,0b00000000000000000000000000000000,0b00000000000000000000000000000000,"Good data, use with confidence"
Rainfed,US-NE3,41.1797,-96.4397,2011-07-12,h10v04,4233.0,3559.0,0.7613,0.8537,0.0324,200.0,2112.0,0.0,0b0000100001000000,0b00,VI produced with good quality,0b0000,Highest quality,0b01,Low,0b0,No,0b0,No,0b0,No,0b001,Land (Nothing else but land),0b0,No,0b0,No,0b00000000000000000000000000000000,0b00000000000000000000000000000000,"Good data, use with confidence"
Rainfed,US-NE3,41.1797,-96.4397,2011-07-28,h10v04,4233.0,3559.0,0.6186,0.8661,0.0173,221.0,2112.0,0.0,0b0000100001000000,0b00,VI produced with good quality,0b0000,Highest quality,0b01,Low,0b0,No,0b0,No,0b0,No,0b001,Land (Nothing else but land),0b0,No,0b0,No,0b00000000000000000000000000000000,0b00000000000000000000000000000000,"Good data, use with confidence"
Rainfed,US-NE3,41.1797,-96.4397,2011-08-13,h10v04,4233.0,3559.0,0.5595,0.8162,0.02,237.0,2112.0,0.0,0b0000100001000000,0b00,VI produced with good quality,0b0000,Highest quality,0b01,Low,0b0,No,0b0,No,0b0,No,0b001,Land (Nothing else but land),0b0,No,0b0,No,0b00000000000000000000000000000000,0b00000000000000000000000000000000,"Good data, use with confidence"
Rainfed,US-NE3,41.1797,-96.4397,2011-08-29,h10v04,4233.0,3559.0,0.3951,0.6493,0.0352,253.0,2112.0,0.0,0b0000100001000000,0b00,VI produced with good quality,0b0000,Highest quality,0b01,Low,0b0,No,0b0,No,0b0,No,0b001,Land (Nothing else but land),0b0,No,0b0,No,0b00000000000000000000000000000000,0b00000000000000000000000000000000,"Good data, use with confidence"
Rainfed,US-NE3,41.1797,-96.4397,2011-09-14,h10v04,4233.0,3559.0,0.1851,0.3762,0.0389,269.0,2112.0,0.0,0b0000100001000000,0b00,VI produced with good quality,0b0000,Highest quality,0b01,Low,0b0,No,0b0,No,0b0,No,0b001,Land (Nothing else but land),0b0,No,0b0,No,0b00000000000000000000000000000000,0b00000000000000000000000000000000,"Good data, use with confidence"
Rainfed,US-NE3,41.1797,-96.4397,2011-09-30,h10v04,4233.0,3559.0,0.1913,0.3341,0.0618,276.0,2112.0,0.0,0b0000100001000000,0b00,VI produced with good quality,0b0000,Highest quality,0b01,Low,0b0,No,0b0,No,0b0,No,0b001,Land (Nothing else but land),0b0,No,0b0,No,0b00000000000000000000000000000000,0b00000000000000000000000000000000,"Good data, use with confidence"
Rainfed,US-NE3,41.1797,-96.4397,2011-10-16,h10v04,4233.0,3559.0,0.1702,0.2682,0.0608,292.0,2112.0,0.0,0b0000100001000000,0b00,VI produced with good quality,0b0000,Highest quality,0b01,Low,0b0,No,0b0,No,0b0,No,0b001,Land (Nothing else but land),0b0,No,0b0,No,0b00000000000000000000000000000000,0b00000000000000000000000000000000,"Good data, use with confidence"
Rainfed,US-NE3,41.1797,-96.4397,2011-11-01,h10v04,4233.0,3559.0,0.2092,0.2464,0.0844,310.0,3150.0,3.0,0b0000110001001110,0b10,"Pixel produced, but most probably cloudy",0b0011,Decreasing quality,0b01,Low,0b0,No,0b0,No,0b1,Yes,0b001,Land (Nothing else but land),0b0,No,0b0,No,0b00000000000000000000000000000011,0b00000000000000000000000000000011,"Cloudy data, Target not visible, covered with cloud"
Rainfed,US-NE3,41.1797,-96.4397,2011-11-17,h10v04,4233.0,3559.0,0.1504,0.2289,0.0756,322.0,2116.0,0.0,0b0000100001000100,0b00,VI produced with good quality,0b0001,Lower quality,0b01,Low,0b0,No,0b0,No,0b0,No,0b001,Land (Nothing else but land),0b0,No,0b0,No,0b00000000000000000000000000000000,0b00000000000000000000000000000000,"Good data, use with confidence"
Rainfed,US-NE3,41.1797,-96.4397,2011-12-03,h10v04,4233.0,3559.0,-0.031,-0.0197,0.857,344.0,18449.0,2.0,0b0100100000010001,0b01,"VI produced, but check other QA",0b0100,Decreasing quality,0b00,Climatology,0b0,No,0b0,No,0b0,No,0b001,Land (Nothing else but land),0b1,Yes,0b0,No,0b00000000000000000000000000000010,0b00000000000000000000000000000010,Snow/Ice Target covered with snow/ice
Rainfed,US-NE3,41.1797,-96.4397,2011-12-19,h10v04,4233.0,3559.0,0.1399,0.205,0.0885,358.0,3158.0,3.0,0b0000110001010110,0b10,"Pixel produced, but most probably cloudy",0b0101,Decreasing quality,0b01,Low,0b0,No,0b0,No,0b1,Yes,0b001,Land (Nothing else but land),0b0,No,0b0,No,0b00000000000000000000000000000011,0b00000000000000000000000000000011,"Cloudy data, Target not visible, covered with cloud"
Rainfed,US-NE3,41.1797,-96.4397,2012-01-01,h10v04,4233.0,3559.0,0.1605,0.2071,0.0808,16.0,3154.0,3.0,0b0000110001010010,0b10,"Pixel produced, but most probably cloudy",0b0100,Decreasing quality,0b01,Low,0b0,No,0b0,No,0b1,Yes,0b001,Land (Nothing else but land),0b0,No,0b0,No,0b00000000000000000000000000000011,0b00000000000000000000000000000011,"Cloudy data, Target not visible, covered with cloud"
Rainfed,US-NE3,41.1797,-96.4397,2012-01-17,h10v04,4233.0,3559.0,0.127,0.1972,0.082,19.0,4168.0,0.0,0b0001000001001000,0b00,VI produced with good quality,0b0010,Decreasing quality,0b01,Low,0b0,No,0b0,No,0b0,No,0b010,Ocean coastlines and lake shorelines,0b0,No,0b0,No,0b00000000000000000000000000000000,0b00000000000000000000000000000000,"Good data, use with confidence"
Rainfed,US-NE3,41.1797,-96.4397,2012-02-02,h10v04,4233.0,3559.0,-0.0179,-0.0112,0.8586,45.0,18449.0,2.0,0b0100100000010001,0b01,"VI produced, but check other QA",0b0100,Decreasing quality,0b00,Climatology,0b0,No,0b0,No,0b0,No,0b001,Land (Nothing else but land),0b1,Yes,0b0,No,0b00000000000000000000000000000010,0b00000000000000000000000000000010,Snow/Ice Target covered with snow/ice
Rainfed,US-NE3,41.1797,-96.4397,2012-02-18,h10v04,4233.0,3559.0,0.1326,0.2001,0.0844,64.0,2181.0,1.0,0b0000100010000101,0b01,"VI produced, but check other QA",0b0001,Lower quality,0b10,Average,0b0,No,0b0,No,0b0,No,0b001,Land (Nothing else but land),0b0,No,0b0,No,0b00000000000000000000000000000001,0b00000000000000000000000000000001,"Marginal data, Useful, but look at other QA information"
Rainfed,US-NE3,41.1797,-96.4397,2012-03-05,h10v04,4233.0,3559.0,0.1325,0.2036,0.0821,73.0,2112.0,0.0,0b0000100001000000,0b00,VI produced with good quality,0b0000,Highest quality,0b01,Low,0b0,No,0b0,No,0b0,No,0b001,Land (Nothing else but land),0b0,No,0b0,No,0b00000000000000000000000000000000,0b00000000000000000000000000000000,"Good data, use with confidence"
Rainfed,US-NE3,41.1797,-96.4397,2012-03-21,h10v04,4233.0,3559.0,0.1543,0.2387,0.0751,91.0,4160.0,0.0,0b0001000001000000,0b00,VI produced with good quality,0b0000,Highest quality,0b01,Low,0b0,No,0b0,No,0b0,No,0b010,Ocean coastlines and lake shorelines,0b0,No,0b0,No,0b00000000000000000000000000000000,0b00000000000000000000000000000000,"Good data, use with confidence"
Rainfed,US-NE3,41.1797,-96.4397,2012-04-06,h10v04,4233.0,3559.0,0.1403,0.2353,0.0593,112.0,2112.0,0.0,0b0000100001000000,0b00,VI produced with good quality,0b0000,Highest quality,0b01,Low,0b0,No,0b0,No,0b0,No,0b001,Land (Nothing else but land),0b0,No,0b0,No,0b00000000000000000000000000000000,0b00000000000000000000000000000000,"Good data, use with confidence"
Rainfed,US-NE3,41.1797,-96.4397,2012-04-22,h10v04,4233.0,3559.0,0.153,0.2485,0.0613,121.0,2112.0,0.0,0b0000100001000000,0b00,VI produced with good quality,0b0000,Highest quality,0b01,Low,0b0,No,0b0,No,0b0,No,0b001,Land (Nothing else but land),0b0,No,0b0,No,0b00000000000000000000000000000000,0b00000000000000000000000000000000,"Good data, use with confidence"
Rainfed,US-NE3,41.1797,-96.4397,2012-05-08,h10v04,4233.0,3559.0,0.1639,0.2506,0.0733,137.0,2112.0,0.0,0b0000100001000000,0b00,VI produced with good quality,0b0000,Highest quality,0b01,Low,0b0,No,0b0,No,0b0,No,0b001,Land (Nothing else but land),0b0,No,0b0,No,0b00000000000000000000000000000000,0b00000000000000000000000000000000,"Good data, use with confidence"
Rainfed,US-NE3,41.1797,-96.4397,2012-05-24,h10v04,4233.0,3559.0,0.1717,0.2768,0.0623,149.0,2112.0,0.0,0b0000100001000000,0b00,VI produced with good quality,0b0000,Highest quality,0b01,Low,0b0,No,0b0,No,0b0,No,0b001,Land (Nothing else but land),0b0,No,0b0,No,0b00000000000000000000000000000000,0b00000000000000000000000000000000,"Good data, use with confidence"
Rainfed,US-NE3,41.1797,-96.4397,2012-06-09,h10v04,4233.0,3559.0,0.3318,0.4545,0.0669,176.0,2112.0,0.0,0b0000100001000000,0b00,VI produced with good quality,0b0000,Highest quality,0b01,Low,0b0,No,0b0,No,0b0,No,0b001,Land (Nothing else but land),0b0,No,0b0,No,0b00000000000000000000000000000000,0b00000000000000000000000000000000,"Good data, use with confidence"
Rainfed,US-NE3,41.1797,-96.4397,2012-06-25,h10v04,4233.0,3559.0,0.526,0.6816,0.0418,192.0,2112.0,0.0,0b0000100001000000,0b00,VI produced with good quality,0b0000,Highest quality,0b01,Low,0b0,No,0b0,No,0b0,No,0b001,Land (Nothing else but land),0b0,No,0b0,No,0b00000000000000000000000000000000,0b00000000000000000000000000000000,"Good data, use with confidence"
Rainfed,US-NE3,41.1797,-96.4397,2012-07-11,h10v04,4233.0,3559.0,0.6607,0.7741,0.0539,208.0,2112.0,0.0,0b0000100001000000,0b00,VI produced with good quality,0b0000,Highest quality,0b01,Low,0b0,No,0b0,No,0b0,No,0b001,Land (Nothing else but land),0b0,No,0b0,No,0b00000000000000000000000000000000,0b00000000000000000000000000000000,"Good data, use with confidence"
Rainfed,US-NE3,41.1797,-96.4397,2012-07-27,h10v04,4233.0,3559.0,0.6595,0.8289,0.0368,215.0,2112.0,0.0,0b0000100001000000,0b00,VI produced with good quality,0b0000,Highest quality,0b01,Low,0b0,No,0b0,No,0b0,No,0b001,Land (Nothing else but land),0b0,No,0b0,No,0b00000000000000000000000000000000,0b00000000000000000000000000000000,"Good data, use with confidence"
Rainfed,US-NE3,41.1797,-96.4397,2012-08-12,h10v04,4233.0,3559.0,0.609,0.796,0.0409,240.0,2181.0,1.0,0b0000100010000101,0b01,"VI produced, but check other QA",0b0001,Lower quality,0b10,Average,0b0,No,0b0,No,0b0,No,0b001,Land (Nothing else but land),0b0,No,0b0,No,0b00000000000000000000000000000001,0b00000000000000000000000000000001,"Marginal data, Useful, but look at other QA information"
Rainfed,US-NE3,41.1797,-96.4397,2012-08-28,h10v04,4233.0,3559.0,0.5874,0.7035,0.0615,249.0,2181.0,1.0,0b0000100010000101,0b01,"VI produced, but check other QA",0b0001,Lower quality,0b10,Average,0b0,No,0b0,No,0b0,No,0b001,Land (Nothing else but land),0b0,No,0b0,No,0b00000000000000000000000000000001,0b00000000000000000000000000000001,"Marginal data, Useful, but look at other QA information"
Rainfed,US-NE3,41.1797,-96.4397,2012-09-13,h10v04,4233.0,3559.0,0.2593,0.4278,0.0471,263.0,2112.0,0.0,0b0000100001000000,0b00,VI produced with good quality,0b0000,Highest quality,0b01,Low,0b0,No,0b0,No,0b0,No,0b001,Land (Nothing else but land),0b0,No,0b0,No,0b00000000000000000000000000000000,0b00000000000000000000000000000000,"Good data, use with confidence"
Rainfed,US-NE3,41.1797,-96.4397,2012-09-29,h10v04,4233.0,3559.0,0.1752,0.2617,0.0773,277.0,2112.0,0.0,0b0000100001000000,0b00,VI produced with good quality,0b0000,Highest quality,0b01,Low,0b0,No,0b0,No,0b0,No,0b001,Land (Nothing else but land),0b0,No,0b0,No,0b00000000000000000000000000000000,0b00000000000000000000000000000000,"Good data, use with confidence"
Rainfed,US-NE3,41.1797,-96.4397,2012-10-15,h10v04,4233.0,3559.0,0.1436,0.2291,0.0767,295.0,2112.0,0.0,0b0000100001000000,0b00,VI produced with good quality,0b0000,Highest quality,0b01,Low,0b0,No,0b0,No,0b0,No,0b001,Land (Nothing else but land),0b0,No,0b0,No,0b00000000000000000000000000000000,0b00000000000000000000000000000000,"Good data, use with confidence"
Rainfed,US-NE3,41.1797,-96.4397,2012-10-31,h10v04,4233.0,3559.0,0.1161,0.2095,0.0656,311.0,2112.0,0.0,0b0000100001000000,0b00,VI produced with good quality,0b0000,Highest quality,0b01,Low,0b0,No,0b0,No,0b0,No,0b001,Land (Nothing else but land),0b0,No,0b0,No,0b00000000000000000000000000000000,0b00000000000000000000000000000000,"Good data, use with confidence"
Rainfed,US-NE3,41.1797,-96.4397,2012-11-16,h10v04,4233.0,3559.0,0.173,0.2281,0.0846,333.0,2122.0,3.0,0b0000100001001010,0b10,"Pixel produced, but most probably cloudy",0b0010,Decreasing quality,0b01,Low,0b0,No,0b0,No,0b0,No,0b001,Land (Nothing else but land),0b0,No,0b0,No,0b00000000000000000000000000000011,0b00000000000000000000000000000011,"Cloudy data, Target not visible, covered with cloud"
Rainfed,US-NE3,41.1797,-96.4397,2012-12-02,h10v04,4233.0,3559.0,0.1249,0.219,0.069,339.0,4168.0,0.0,0b0001000001001000,0b00,VI produced with good quality,0b0010,Decreasing quality,0b01,Low,0b0,No,0b0,No,0b0,No,0b010,Ocean coastlines and lake shorelines,0b0,No,0b0,No,0b00000000000000000000000000000000,0b00000000000000000000000000000000,"Good data, use with confidence"
Rainfed,US-NE3,41.1797,-96.4397,2012-12-18,h10v04,4233.0,3559.0,0.1237,0.228,0.0617,353.0,2265.0,1.0,0b0000100011011001,0b01,"VI produced, but check other QA",0b0110,Decreasing quality,0b11,High,0b0,No,0b0,No,0b0,No,0b001,Land (Nothing else but land),0b0,No,0b0,No,0b00000000000000000000000000000001,0b00000000000000000000000000000001,"Marginal data, Useful, but look at other QA information"
Rainfed,US-NE3,41.1797,-96.4397,2013-01-01,h10v04,4233.0,3559.0,-0.0553,-0.0354,0.8433,6.0,20501.0,2.0,0b0101000000010101,0b01,"VI produced, but check other QA",0b0101,Decreasing quality,0b00,Climatology,0b0,No,0b0,No,0b0,No,0b010,Ocean coastlines and lake shorelines,0b1,Yes,0b0,No,0b00000000000000000000000000000010,0b00000000000000000000000000000010,Snow/Ice Target covered with snow/ice
Rainfed,US-NE3,41.1797,-96.4397,2013-01-17,h10v04,4233.0,3559.0,0.1267,0.225,0.0732,19.0,2189.0,1.0,0b0000100010001101,0b01,"VI produced, but check other QA",0b0011,Decreasing quality,0b10,Average,0b0,No,0b0,No,0b0,No,0b001,Land (Nothing else but land),0b0,No,0b0,No,0b00000000000000000000000000000001,0b00000000000000000000000000000001,"Marginal data, Useful, but look at other QA information"
Rainfed,US-NE3,41.1797,-96.4397,2013-02-02,h10v04,4233.0,3559.0,0.1029,0.2104,0.0547,43.0,2181.0,1.0,0b0000100010000101,0b01,"VI produced, but check other QA",0b0001,Lower quality,0b10,Average,0b0,No,0b0,No,0b0,No,0b001,Land (Nothing else but land),0b0,No,0b0,No,0b00000000000000000000000000000001,0b00000000000000000000000000000001,"Marginal data, Useful, but look at other QA information"
Rainfed,US-NE3,41.1797,-96.4397,2013-02-18,h10v04,4233.0,3559.0,0.1101,0.2155,0.0571,50.0,2181.0,1.0,0b0000100010000101,0b01,"VI produced, but check other QA",0b0001,Lower quality,0b10,Average,0b0,No,0b0,No,0b0,No,0b001,Land (Nothing else but land),0b0,No,0b0,No,0b00000000000000000000000000000001,0b00000000000000000000000000000001,"Marginal data, Useful, but look at other QA information"
Rainfed,US-NE3,41.1797,-96.4397,2013-03-06,h10v04,4233.0,3559.0,0.1433,0.2568,0.0708,77.0,2181.0,1.0,0b0000100010000101,0b01,"VI produced, but check other QA",0b0001,Lower quality,0b10,Average,0b0,No,0b0,No,0b0,No,0b001,Land (Nothing else but land),0b0,No,0b0,No,0b00000000000000000000000000000001,0b00000000000000000000000000000001,"Marginal data, Useful, but look at other QA information"
Rainfed,US-NE3,41.1797,-96.4397,2013-03-22,h10v04,4233.0,3559.0,0.1284,0.2269,0.0673,91.0,2112.0,0.0,0b0000100001000000,0b00,VI produced with good quality,0b0000,Highest quality,0b01,Low,0b0,No,0b0,No,0b0,No,0b001,Land (Nothing else but land),0b0,No,0b0,No,0b00000000000000000000000000000000,0b00000000000000000000000000000000,"Good data, use with confidence"
Rainfed,US-NE3,41.1797,-96.4397,2013-04-07,h10v04,4233.0,3559.0,0.1441,0.242,0.0709,109.0,2112.0,0.0,0b0000100001000000,0b00,VI produced with good quality,0b0000,Highest quality,0b01,Low,0b0,No,0b0,No,0b0,No,0b001,Land (Nothing else but land),0b0,No,0b0,No,0b00000000000000000000000000000000,0b00000000000000000000000000000000,"Good data, use with confidence"
Rainfed,US-NE3,41.1797,-96.4397,2013-04-23,h10v04,4233.0,3559.0,0.1308,0.2261,0.0681,114.0,2181.0,1.0,0b0000100010000101,0b01,"VI produced, but check other QA",0b0001,Lower quality,0b10,Average,0b0,No,0b0,No,0b0,No,0b001,Land (Nothing else but land),0b0,No,0b0,No,0b00000000000000000000000000000001,0b00000000000000000000000000000001,"Marginal data, Useful, but look at other QA information"
Rainfed,US-NE3,41.1797,-96.4397,2013-05-09,h10v04,4233.0,3559.0,0.1604,0.2497,0.0776,137.0,2181.0,1.0,0b0000100010000101,0b01,"VI produced, but check other QA",0b0001,Lower quality,0b10,Average,0b0,No,0b0,No,0b0,No,0b001,Land (Nothing else but land),0b0,No,0b0,No,0b00000000000000000000000000000001,0b00000000000000000000000000000001,"Marginal data, Useful, but look at other QA information"
Rainfed,US-NE3,41.1797,-96.4397,2013-05-25,h10v04,4233.0,3559.0,0.1712,0.2714,0.0659,153.0,2181.0,1.0,0b0000100010000101,0b01,"VI produced, but check other QA",0b0001,Lower quality,0b10,Average,0b0,No,0b0,No,0b0,No,0b001,Land (Nothing else but land),0b0,No,0b0,No,0b00000000000000000000000000000001,0b00000000000000000000000000000001,"Marginal data, Useful, but look at other QA information"
Rainfed,US-NE3,41.1797,-96.4397,2013-06-10,h10v04,4233.0,3559.0,0.3383,0.4899,0.0561,168.0,4164.0,1.0,0b0001000001000100,0b00,VI produced with good quality,0b0001,Lower quality,0b01,Low,0b0,No,0b0,No,0b0,No,0b010,Ocean coastlines and lake shorelines,0b0,No,0b0,No,0b00000000000000000000000000000001,0b00000000000000000000000000000001,"Marginal data, Useful, but look at other QA information"
Rainfed,US-NE3,41.1797,-96.4397,2013-06-26,h10v04,4233.0,3559.0,0.5809,0.7822,0.03,185.0,2181.0,1.0,0b0000100010000101,0b01,"VI produced, but check other QA",0b0001,Lower quality,0b10,Average,0b0,No,0b0,No,0b0,No,0b001,Land (Nothing else but land),0b0,No,0b0,No,0b00000000000000000000000000000001,0b00000000000000000000000000000001,"Marginal data, Useful, but look at other QA information"
Rainfed,US-NE3,41.1797,-96.4397,2013-07-12,h10v04,4233.0,3559.0,0.6487,0.8493,0.0252,199.0,4160.0,0.0,0b0001000001000000,0b00,VI produced with good quality,0b0000,Highest quality,0b01,Low,0b0,No,0b0,No,0b0,No,0b010,Ocean coastlines and lake shorelines,0b0,No,0b0,No,0b00000000000000000000000000000000,0b00000000000000000000000000000000,"Good data, use with confidence"
Rainfed,US-NE3,41.1797,-96.4397,2013-07-28,h10v04,4233.0,3559.0,0.7035,0.8586,0.0244,219.0,2181.0,1.0,0b0000100010000101,0b01,"VI produced, but check other QA",0b0001,Lower quality,0b10,Average,0b0,No,0b0,No,0b0,No,0b001,Land (Nothing else but land),0b0,No,0b0,No,0b00000000000000000000000000000001,0b00000000000000000000000000000001,"Marginal data, Useful, but look at other QA information"
Rainfed,US-NE3,41.1797,-96.4397,2013-08-13,h10v04,4233.0,3559.0,0.7167,0.8592,0.0227,230.0,2116.0,0.0,0b0000100001000100,0b00,VI produced with good quality,0b0001,Lower quality,0b01,Low,0b0,No,0b0,No,0b0,No,0b001,Land (Nothing else but land),0b0,No,0b0,No,0b00000000000000000000000000000000,0b00000000000000000000000000000000,"Good data, use with confidence"
Rainfed,US-NE3,41.1797,-96.4397,2013-08-29,h10v04,4233.0,3559.0,0.59,0.7843,0.0376,242.0,2112.0,0.0,0b0000100001000000,0b00,VI produced with good quality,0b0000,Highest quality,0b01,Low,0b0,No,0b0,No,0b0,No,0b001,Land (Nothing else but land),0b0,No,0b0,No,0b00000000000000000000000000000000,0b00000000000000000000000000000000,"Good data, use with confidence"
Rainfed,US-NE3,41.1797,-96.4397,2013-09-14,h10v04,4233.0,3559.0,0.2504,0.488,0.0361,265.0,2112.0,0.0,0b0000100001000000,0b00,VI produced with good quality,0b0000,Highest quality,0b01,Low,0b0,No,0b0,No,0b0,No,0b001,Land (Nothing else but land),0b0,No,0b0,No,0b00000000000000000000000000000000,0b00000000000000000000000000000000,"Good data, use with confidence"
Rainfed,US-NE3,41.1797,-96.4397,2013-09-30,h10v04,4233.0,3559.0,0.2143,0.3897,0.0617,274.0,2112.0,0.0,0b0000100001000000,0b00,VI produced with good quality,0b0000,Highest quality,0b01,Low,0b0,No,0b0,No,0b0,No,0b001,Land (Nothing else but land),0b0,No,0b0,No,0b00000000000000000000000000000000,0b00000000000000000000000000000000,"Good data, use with confidence"
Rainfed,US-NE3,41.1797,-96.4397,2013-10-16,h10v04,4233.0,3559.0,0.2259,0.242,0.0994,299.0,2114.0,3.0,0b0000100001000010,0b10,"Pixel produced, but most probably cloudy",0b0000,Highest quality,0b01,Low,0b0,No,0b0,No,0b0,No,0b001,Land (Nothing else but land),0b0,No,0b0,No,0b00000000000000000000000000000011,0b00000000000000000000000000000011,"Cloudy data, Target not visible, covered with cloud"
Rainfed,US-NE3,41.1797,-96.4397,2013-11-01,h10v04,4233.0,3559.0,0.1364,0.218,0.0729,306.0,2112.0,0.0,0b0000100001000000,0b00,VI produced with good quality,0b0000,Highest quality,0b01,Low,0b0,No,0b0,No,0b0,No,0b001,Land (Nothing else but land),0b0,No,0b0,No,0b00000000000000000000000000000000,0b00000000000000000000000000000000,"Good data, use with confidence"
Rainfed,US-NE3,41.1797,-96.4397,2013-11-17,h10v04,4233.0,3559.0,0.1424,0.2172,0.0824,322.0,2116.0,0.0,0b0000100001000100,0b00,VI produced with good quality,0b0001,Lower quality,0b01,Low,0b0,No,0b0,No,0b0,No,0b001,Land (Nothing else but land),0b0,No,0b0,No,0b00000000000000000000000000000000,0b00000000000000000000000000000000,"Good data, use with confidence"
Rainfed,US-NE3,41.1797,-96.4397,2013-12-03,h10v04,4233.0,3559.0,0.0062,0.0042,0.6874,345.0,18449.0,2.0,0b0100100000010001,0b01,"VI produced, but check other QA",0b0100,Decreasing quality,0b00,Climatology,0b0,No,0b0,No,0b0,No,0b001,Land (Nothing else but land),0b1,Yes,0b0,No,0b00000000000000000000000000000010,0b00000000000000000000000000000010,Snow/Ice Target covered with snow/ice
Rainfed,US-NE3,41.1797,-96.4397,2013-12-19,h10v04,4233.0,3559.0,0.1342,0.2195,0.069,359.0,2189.0,1.0,0b0000100010001101,0b01,"VI produced, but check other QA",0b0011,Decreasing quality,0b10,Average,0b0,No,0b0,No,0b0,No,0b001,Land (Nothing else but land),0b0,No,0b0,No,0b00000000000000000000000000000001,0b00000000000000000000000000000001,"Marginal data, Useful, but look at other QA information"
Rainfed,US-NE3,41.1797,-96.4397,2014-01-01,h10v04,4233.0,3559.0,0.1738,0.2231,0.0871,14.0,3154.0,3.0,0b0000110001010010,0b10,"Pixel produced, but most probably cloudy",0b0100,Decreasing quality,0b01,Low,0b0,No,0b0,No,0b1,Yes,0b001,Land (Nothing else but land),0b0,No,0b0,No,0b00000000000000000000000000000011,0b00000000000000000000000000000011,"Cloudy data, Target not visible, covered with cloud"
Rainfed,US-NE3,41.1797,-96.4397,2014-01-17,h10v04,4233.0,3559.0,0.1306,0.2165,0.0698,28.0,2116.0,0.0,0b0000100001000100,0b00,VI produced with good quality,0b0001,Lower quality,0b01,Low,0b0,No,0b0,No,0b0,No,0b001,Land (Nothing else but land),0b0,No,0b0,No,0b00000000000000000000000000000000,0b00000000000000000000000000000000,"Good data, use with confidence"
Rainfed,US-NE3,41.1797,-96.4397,2014-02-02,h10v04,4233.0,3559.0,0.1589,0.2294,0.0874,48.0,2112.0,0.0,0b0000100001000000,0b00,VI produced with good quality,0b0000,Highest quality,0b01,Low,0b0,No,0b0,No,0b0,No,0b001,Land (Nothing else but land),0b0,No,0b0,No,0b00000000000000000000000000000000,0b00000000000000000000000000000000,"Good data, use with confidence"
Rainfed,US-NE3,41.1797,-96.4397,2014-02-18,h10v04,4233.0,3559.0,0.1445,0.2197,0.0823,53.0,2112.0,0.0,0b0000100001000000,0b00,VI produced with good quality,0b0000,Highest quality,0b01,Low,0b0,No,0b0,No,0b0,No,0b001,Land (Nothing else but land),0b0,No,0b0,No,0b00000000000000000000000000000000,0b00000000000000000000000000000000,"Good data, use with confidence"
Rainfed,US-NE3,41.1797,-96.4397,2014-03-06,h10v04,4233.0,3559.0,0.1431,0.2239,0.0769,74.0,2112.0,0.0,0b0000100001000000,0b00,VI produced with good quality,0b0000,Highest quality,0b01,Low,0b0,No,0b0,No,0b0,No,0b001,Land (Nothing else but land),0b0,No,0b0,No,0b00000000000000000000000000000000,0b00000000000000000000000000000000,"Good data, use with confidence"
Rainfed,US-NE3,41.1797,-96.4397,2014-03-22,h10v04,4233.0,3559.0,0.1785,0.2152,0.0982,85.0,3150.0,3.0,0b0000110001001110,0b10,"Pixel produced, but most probably cloudy",0b0011,Decreasing quality,0b01,Low,0b0,No,0b0,No,0b1,Yes,0b001,Land (Nothing else but land),0b0,No,0b0,No,0b00000000000000000000000000000011,0b00000000000000000000000000000011,"Cloudy data, Target not visible, covered with cloud"
Rainfed,US-NE3,41.1797,-96.4397,2014-04-07,h10v04,4233.0,3559.0,0.1396,0.2073,0.0867,101.0,2112.0,0.0,0b0000100001000000,0b00,VI produced with good quality,0b0000,Highest quality,0b01,Low,0b0,No,0b0,No,0b0,No,0b001,Land (Nothing else but land),0b0,No,0b0,No,0b00000000000000000000000000000000,0b00000000000000000000000000000000,"Good data, use with confidence"
Rainfed,US-NE3,41.1797,-96.4397,2014-04-23,h10v04,4233.0,3559.0,0.147,0.2322,0.0801,122.0,4160.0,0.0,0b0001000001000000,0b00,VI produced with good quality,0b0000,Highest quality,0b01,Low,0b0,No,0b0,No,0b0,No,0b010,Ocean coastlines and lake shorelines,0b0,No,0b0,No,0b00000000000000000000000000000000,0b00000000000000000000000000000000,"Good data, use with confidence"
Rainfed,US-NE3,41.1797,-96.4397,2014-05-09,h10v04,4233.0,3559.0,0.1276,0.2231,0.0639,129.0,2112.0,0.0,0b0000100001000000,0b00,VI produced with good quality,0b0000,Highest quality,0b01,Low,0b0,No,0b0,No,0b0,No,0b001,Land (Nothing else but land),0b0,No,0b0,No,0b00000000000000000000000000000000,0b00000000000000000000000000000000,"Good data, use with confidence"
Rainfed,US-NE3,41.1797,-96.4397,2014-05-25,h10v04,4233.0,3559.0,0.2035,0.3141,0.0669,153.0,2116.0,0.0,0b0000100001000100,0b00,VI produced with good quality,0b0001,Lower quality,0b01,Low,0b0,No,0b0,No,0b0,No,0b001,Land (Nothing else but land),0b0,No,0b0,No,0b00000000000000000000000000000000,0b00000000000000000000000000000000,"Good data, use with confidence"
Rainfed,US-NE3,41.1797,-96.4397,2014-06-10,h10v04,4233.0,3559.0,0.3563,0.4957,0.0574,171.0,4164.0,1.0,0b0001000001000100,0b00,VI produced with good quality,0b0001,Lower quality,0b01,Low,0b0,No,0b0,No,0b0,No,0b010,Ocean coastlines and lake shorelines,0b0,No,0b0,No,0b00000000000000000000000000000001,0b00000000000000000000000000000001,"Marginal data, Useful, but look at other QA information"
Rainfed,US-NE3,41.1797,-96.4397,2014-06-26,h10v04,4233.0,3559.0,0.4134,0.5678,0.0553,188.0,2112.0,0.0,0b0000100001000000,0b00,VI produced with good quality,0b0000,Highest quality,0b01,Low,0b0,No,0b0,No,0b0,No,0b001,Land (Nothing else but land),0b0,No,0b0,No,0b00000000000000000000000000000000,0b00000000000000000000000000000000,"Good data, use with confidence"
Rainfed,US-NE3,41.1797,-96.4397,2014-07-12,h10v04,4233.0,3559.0,0.5987,0.761,0.0367,206.0,2112.0,0.0,0b0000100001000000,0b00,VI produced with good quality,0b0000,Highest quality,0b01,Low,0b0,No,0b0,No,0b0,No,0b001,Land (Nothing else but land),0b0,No,0b0,No,0b00000000000000000000000000000000,0b00000000000000000000000000000000,"Good data, use with confidence"
Rainfed,US-NE3,41.1797,-96.4397,2014-07-28,h10v04,4233.0,3559.0,0.7446,0.8336,0.0436,215.0,2112.0,0.0,0b0000100001000000,0b00,VI produced with good quality,0b0000,Highest quality,0b01,Low,0b0,No,0b0,No,0b0,No,0b001,Land (Nothing else but land),0b0,No,0b0,No,0b00000000000000000000000000000000,0b00000000000000000000000000000000,"Good data, use with confidence"
Rainfed,US-NE3,41.1797,-96.4397,2014-08-13,h10v04,4233.0,3559.0,0.831,0.899,0.0485,236.0,2112.0,0.0,0b0000100001000000,0b00,VI produced with good quality,0b0000,Highest quality,0b01,Low,0b0,No,0b0,No,0b0,No,0b001,Land (Nothing else but land),0b0,No,0b0,No,0b00000000000000000000000000000000,0b00000000000000000000000000000000,"Good data, use with confidence"
Rainfed,US-NE3,41.1797,-96.4397,2014-08-29,h10v04,4233.0,3559.0,0.7259,0.9075,0.0132,245.0,2112.0,0.0,0b0000100001000000,0b00,VI produced with good quality,0b0000,Highest quality,0b01,Low,0b0,No,0b0,No,0b0,No,0b001,Land (Nothing else but land),0b0,No,0b0,No,0b00000000000000000000000000000000,0b00000000000000000000000000000000,"Good data, use with confidence"
Rainfed,US-NE3,41.1797,-96.4397,2014-09-14,h10v04,4233.0,3559.0,0.3831,0.5659,0.0491,268.0,2112.0,0.0,0b0000100001000000,0b00,VI produced with good quality,0b0000,Highest quality,0b01,Low,0b0,No,0b0,No,0b0,No,0b001,Land (Nothing else but land),0b0,No,0b0,No,0b00000000000000000000000000000000,0b00000000000000000000000000000000,"Good data, use with confidence"
Rainfed,US-NE3,41.1797,-96.4397,2014-09-30,h10v04,4233.0,3559.0,0.174,0.2765,0.0695,284.0,2112.0,0.0,0b0000100001000000,0b00,VI produced with good quality,0b0000,Highest quality,0b01,Low,0b0,No,0b0,No,0b0,No,0b001,Land (Nothing else but land),0b0,No,0b0,No,0b00000000000000000000000000000000,0b00000000000000000000000000000000,"Good data, use with confidence"
Rainfed,US-NE3,41.1797,-96.4397,2014-10-16,h10v04,4233.0,3559.0,0.1584,0.2503,0.075,293.0,2112.0,0.0,0b0000100001000000,0b00,VI produced with good quality,0b0000,Highest quality,0b01,Low,0b0,No,0b0,No,0b0,No,0b001,Land (Nothing else but land),0b0,No,0b0,No,0b00000000000000000000000000000000,0b00000000000000000000000000000000,"Good data, use with confidence"
Rainfed,US-NE3,41.1797,-96.4397,2014-11-01,h10v04,4233.0,3559.0,0.1602,0.2675,0.0684,305.0,2181.0,1.0,0b0000100010000101,0b01,"VI produced, but check other QA",0b0001,Lower quality,0b10,Average,0b0,No,0b0,No,0b0,No,0b001,Land (Nothing else but land),0b0,No,0b0,No,0b00000000000000000000000000000001,0b00000000000000000000000000000001,"Marginal data, Useful, but look at other QA information"
Rainfed,US-NE3,41.1797,-96.4397,2014-11-17,h10v04,4233.0,3559.0,0.1312,0.2198,0.0725,332.0,2116.0,0.0,0b0000100001000100,0b00,VI produced with good quality,0b0001,Lower quality,0b01,Low,0b0,No,0b0,No,0b0,No,0b001,Land (Nothing else but land),0b0,No,0b0,No,0b00000000000000000000000000000000,0b00000000000000000000000000000000,"Good data, use with confidence"
Rainfed,US-NE3,41.1797,-96.4397,2014-12-03,h10v04,4233.0,3559.0,0.1528,0.2517,0.0749,342.0,2189.0,1.0,0b0000100010001101,0b01,"VI produced, but check other QA",0b0011,Decreasing quality,0b10,Average,0b0,No,0b0,No,0b0,No,0b001,Land (Nothing else but land),0b0,No,0b0,No,0b00000000000000000000000000000001,0b00000000000000000000000000000001,"Marginal data, Useful, but look at other QA information"
Rainfed,US-NE3,41.1797,-96.4397,2014-12-19,h10v04,4233.0,3559.0,0.1231,0.2303,0.0662,359.0,2120.0,0.0,0b0000100001001000,0b00,VI produced with good quality,0b0010,Decreasing quality,0b01,Low,0b0,No,0b0,No,0b0,No,0b001,Land (Nothing else but land),0b0,No,0b0,No,0b00000000000000000000000000000000,0b00000000000000000000000000000000,"Good data, use with confidence"
Rainfed,US-NE3,41.1797,-96.4397,2015-01-01,h10v04,4233.0,3559.0,0.1011,0.1867,0.0641,15.0,2116.0,0.0,0b0000100001000100,0b00,VI produced with good quality,0b0001,Lower quality,0b01,Low,0b0,No,0b0,No,0b0,No,0b001,Land (Nothing else but land),0b0,No,0b0,No,0b00000000000000000000000000000000,0b00000000000000000000000000000000,"Good data, use with confidence"
Rainfed,US-NE3,41.1797,-96.4397,2015-01-17,h10v04,4233.0,3559.0,0.1189,0.2111,0.0717,20.0,4164.0,0.0,0b0001000001000100,0b00,VI produced with good quality,0b0001,Lower quality,0b01,Low,0b0,No,0b0,No,0b0,No,0b010,Ocean coastlines and lake shorelines,0b0,No,0b0,No,0b00000000000000000000000000000000,0b00000000000000000000000000000000,"Good data, use with confidence"
Rainfed,US-NE3,41.1797,-96.4397,2015-02-02,h10v04,4233.0,3559.0,-0.0401,-0.0248,0.9198,33.0,18449.0,2.0,0b0100100000010001,0b01,"VI produced, but check other QA",0b0100,Decreasing quality,0b00,Climatology,0b0,No,0b0,No,0b0,No,0b001,Land (Nothing else but land),0b1,Yes,0b0,No,0b00000000000000000000000000000010,0b00000000000000000000000000000010,Snow/Ice Target covered with snow/ice
Rainfed,US-NE3,41.1797,-96.4397,2015-02-18,h10v04,4233.0,3559.0,0.1261,0.2003,0.0832,64.0,2185.0,1.0,0b0000100010001001,0b01,"VI produced, but check other QA",0b0010,Decreasing quality,0b10,Average,0b0,No,0b0,No,0b0,No,0b001,Land (Nothing else but land),0b0,No,0b0,No,0b00000000000000000000000000000001,0b00000000000000000000000000000001,"Marginal data, Useful, but look at other QA information"
Rainfed,US-NE3,41.1797,-96.4397,2015-03-06,h10v04,4233.0,3559.0,0.1301,0.2157,0.0757,79.0,2112.0,0.0,0b0000100001000000,0b00,VI produced with good quality,0b0000,Highest quality,0b01,Low,0b0,No,0b0,No,0b0,No,0b001,Land (Nothing else but land),0b0,No,0b0,No,0b00000000000000000000000000000000,0b00000000000000000000000000000000,"Good data, use with confidence"
Rainfed,US-NE3,41.1797,-96.4397,2015-03-22,h10v04,4233.0,3559.0,0.1308,0.214,0.0752,95.0,2181.0,1.0,0b0000100010000101,0b01,"VI produced, but check other QA",0b0001,Lower quality,0b10,Average,0b0,No,0b0,No,0b0,No,0b001,Land (Nothing else but land),0b0,No,0b0,No,0b00000000000000000000000000000001,0b00000000000000000000000000000001,"Marginal data, Useful, but look at other QA information"
Rainfed,US-NE3,41.1797,-96.4397,2015-04-07,h10v04,4233.0,3559.0,0.1275,0.2158,0.0735,102.0,2112.0,0.0,0b0000100001000000,0b00,VI produced with good quality,0b0000,Highest quality,0b01,Low,0b0,No,0b0,No,0b0,No,0b001,Land (Nothing else but land),0b0,No,0b0,No,0b00000000000000000000000000000000,0b00000000000000000000000000000000,"Good data, use with confidence"
Rainfed,US-NE3,41.1797,-96.4397,2015-04-23,h10v04,4233.0,3559.0,0.1439,0.2308,0.0688,120.0,2181.0,1.0,0b0000100010000101,0b01,"VI produced, but check other QA",0b0001,Lower quality,0b10,Average,0b0,No,0b0,No,0b0,No,0b001,Land (Nothing else but land),0b0,No,0b0,No,0b00000000000000000000000000000001,0b00000000000000000000000000000001,"Marginal data, Useful, but look at other QA information"
Rainfed,US-NE3,41.1797,-96.4397,2015-05-09,h10v04,4233.0,3559.0,0.1727,0.2588,0.0768,138.0,2181.0,1.0,0b0000100010000101,0b01,"VI produced, but check other QA",0b0001,Lower quality,0b10,Average,0b0,No,0b0,No,0b0,No,0b001,Land (Nothing else but land),0b0,No,0b0,No,0b00000000000000000000000000000001,0b00000000000000000000000000000001,"Marginal data, Useful, but look at other QA information"
Rainfed,US-NE3,41.1797,-96.4397,2015-05-25,h10v04,4233.0,3559.0,0.1824,0.3305,0.0434,159.0,2112.0,0.0,0b0000100001000000,0b00,VI produced with good quality,0b0000,Highest quality,0b01,Low,0b0,No,0b0,No,0b0,No,0b001,Land (Nothing else but land),0b0,No,0b0,No,0b00000000000000000000000000000000,0b00000000000000000000000000000000,"Good data, use with confidence"
Rainfed,US-NE3,41.1797,-96.4397,2015-06-10,h10v04,4233.0,3559.0,0.2876,0.4563,0.046,168.0,2112.0,0.0,0b0000100001000000,0b00,VI produced with good quality,0b0000,Highest quality,0b01,Low,0b0,No,0b0,No,0b0,No,0b001,Land (Nothing else but land),0b0,No,0b0,No,0b00000000000000000000000000000000,0b00000000000000000000000000000000,"Good data, use with confidence"
Rainfed,US-NE3,41.1797,-96.4397,2015-06-26,h10v04,4233.0,3559.0,0.8217,0.8424,0.0518,188.0,2112.0,0.0,0b0000100001000000,0b00,VI produced with good quality,0b0000,Highest quality,0b01,Low,0b0,No,0b0,No,0b0,No,0b001,Land (Nothing else but land),0b0,No,0b0,No,0b00000000000000000000000000000000,0b00000000000000000000000000000000,"Good data, use with confidence"
Rainfed,US-NE3,41.1797,-96.4397,2015-07-12,h10v04,4233.0,3559.0,0.7778,0.8784,0.028,193.0,2112.0,0.0,0b0000100001000000,0b00,VI produced with good quality,0b0000,Highest quality,0b01,Low,0b0,No,0b0,No,0b0,No,0b001,Land (Nothing else but land),0b0,No,0b0,No,0b00000000000000000000000000000000,0b00000000000000000000000000000000,"Good data, use with confidence"
Rainfed,US-NE3,41.1797,-96.4397,2015-07-28,h10v04,4233.0,3559.0,0.7723,0.8972,0.0358,214.0,2181.0,1.0,0b0000100010000101,0b01,"VI produced, but check other QA",0b0001,Lower quality,0b10,Average,0b0,No,0b0,No,0b0,No,0b001,Land (Nothing else but land),0b0,No,0b0,No,0b00000000000000000000000000000001,0b00000000000000000000000000000001,"Marginal data, Useful, but look at other QA information"
Rainfed,US-NE3,41.1797,-96.4397,2015-08-13,h10v04,4233.0,3559.0,0.7068,0.909,0.018,232.0,2112.0,0.0,0b0000100001000000,0b00,VI produced with good quality,0b0000,Highest quality,0b01,Low,0b0,No,0b0,No,0b0,No,0b001,Land (Nothing else but land),0b0,No,0b0,No,0b00000000000000000000000000000000,0b00000000000000000000000000000000,"Good data, use with confidence"
Rainfed,US-NE3,41.1797,-96.4397,2015-08-29,h10v04,4233.0,3559.0,0.4782,0.7815,0.0224,255.0,2112.0,0.0,0b0000100001000000,0b00,VI produced with good quality,0b0000,Highest quality,0b01,Low,0b0,No,0b0,No,0b0,No,0b001,Land (Nothing else but land),0b0,No,0b0,No,0b00000000000000000000000000000000,0b00000000000000000000000000000000,"Good data, use with confidence"
Rainfed,US-NE3,41.1797,-96.4397,2015-09-14,h10v04,4233.0,3559.0,0.5049,0.7387,0.0314,257.0,2112.0,0.0,0b0000100001000000,0b00,VI produced with good quality,0b0000,Highest quality,0b01,Low,0b0,No,0b0,No,0b0,No,0b001,Land (Nothing else but land),0b0,No,0b0,No,0b00000000000000000000000000000000,0b00000000000000000000000000000000,"Good data, use with confidence"
Rainfed,US-NE3,41.1797,-96.4397,2015-09-30,h10v04,4233.0,3559.0,0.1437,0.3172,0.0479,287.0,2112.0,0.0,0b0000100001000000,0b00,VI produced with good quality,0b0000,Highest quality,0b01,Low,0b0,No,0b0,No,0b0,No,0b001,Land (Nothing else but land),0b0,No,0b0,No,0b00000000000000000000000000000000,0b00000000000000000000000000000000,"Good data, use with confidence"
Rainfed,US-NE3,41.1797,-96.4397,2015-10-16,h10v04,4233.0,3559.0,0.1527,0.3165,0.043,289.0,2112.0,0.0,0b0000100001000000,0b00,VI produced with good quality,0b0000,Highest quality,0b01,Low,0b0,No,0b0,No,0b0,No,0b001,Land (Nothing else but land),0b0,No,0b0,No,0b00000000000000000000000000000000,0b00000000000000000000000000000000,"Good data, use with confidence"
Rainfed,US-NE3,41.1797,-96.4397,2015-11-01,h10v04,4233.0,3559.0,0.1884,0.2357,0.0811,312.0,3150.0,3.0,0b0000110001001110,0b10,"Pixel produced, but most probably cloudy",0b0011,Decreasing quality,0b01,Low,0b0,No,0b0,No,0b1,Yes,0b001,Land (Nothing else but land),0b0,No,0b0,No,0b00000000000000000000000000000011,0b00000000000000000000000000000011,"Cloudy data, Target not visible, covered with cloud"
Rainfed,US-NE3,41.1797,-96.4397,2015-11-17,h10v04,4233.0,3559.0,0.1551,0.2153,0.0696,328.0,3154.0,3.0,0b0000110001010010,0b10,"Pixel produced, but most probably cloudy",0b0100,Decreasing quality,0b01,Low,0b0,No,0b0,No,0b1,Yes,0b001,Land (Nothing else but land),0b0,No,0b0,No,0b00000000000000000000000000000011,0b00000000000000000000000000000011,"Cloudy data, Target not visible, covered with cloud"
Rainfed,US-NE3,41.1797,-96.4397,2015-12-03,h10v04,4233.0,3559.0,0.1363,0.2256,0.0684,344.0,2116.0,0.0,0b0000100001000100,0b00,VI produced with good quality,0b0001,Lower quality,0b01,Low,0b0,No,0b0,No,0b0,No,0b001,Land (Nothing else but land),0b0,No,0b0,No,0b00000000000000000000000000000000,0b00000000000000000000000000000000,"Good data, use with confidence"
Rainfed,US-NE3,41.1797,-96.4397,2015-12-19,h10v04,4233.0,3559.0,-0.0095,-0.009,0.7488,2.0,18453.0,2.0,0b0100100000010101,0b01,"VI produced, but check other QA",0b0101,Decreasing quality,0b00,Climatology,0b0,No,0b0,No,0b0,No,0b001,Land (Nothing else but land),0b1,Yes,0b0,No,0b00000000000000000000000000000010,0b00000000000000000000000000000010,Snow/Ice Target covered with snow/ice
Rainfed,US-NE3,41.1797,-96.4397,2016-01-01,h10v04,4233.0,3559.0,-0.0049,-0.0034,0.647,13.0,18449.0,2.0,0b0100100000010001,0b01,"VI produced, but check other QA",0b0100,Decreasing quality,0b00,Climatology,0b0,No,0b0,No,0b0,No,0b001,Land (Nothing else but land),0b1,Yes,0b0,No,0b00000000000000000000000000000010,0b00000000000000000000000000000010,Snow/Ice Target covered with snow/ice
Rainfed,US-NE3,41.1797,-96.4397,2016-01-17,h10v04,4233.0,3559.0,0.0214,0.0154,0.6122,18.0,18449.0,2.0,0b0100100000010001,0b01,"VI produced, but check other QA",0b0100,Decreasing quality,0b00,Climatology,0b0,No,0b0,No,0b0,No,0b001,Land (Nothing else but land),0b1,Yes,0b0,No,0b00000000000000000000000000000010,0b00000000000000000000000000000010,Snow/Ice Target covered with snow/ice
Rainfed,US-NE3,41.1797,-96.4397,2016-02-02,h10v04,4233.0,3559.0,-0.0451,-0.029,0.8173,38.0,18449.0,2.0,0b0100100000010001,0b01,"VI produced, but check other QA",0b0100,Decreasing quality,0b00,Climatology,0b0,No,0b0,No,0b0,No,0b001,Land (Nothing else but land),0b1,Yes,0b0,No,0b00000000000000000000000000000010,0b00000000000000000000000000000010,Snow/Ice Target covered with snow/ice
Rainfed,US-NE3,41.1797,-96.4397,2016-02-18,h10v04,4233.0,3559.0,0.1303,0.2024,0.0821,59.0,2181.0,1.0,0b0000100010000101,0b01,"VI produced, but check other QA",0b0001,Lower quality,0b10,Average,0b0,No,0b0,No,0b0,No,0b001,Land (Nothing else but land),0b0,No,0b0,No,0b00000000000000000000000000000001,0b00000000000000000000000000000001,"Marginal data, Useful, but look at other QA information"
Rainfed,US-NE3,41.1797,-96.4397,2016-03-05,h10v04,4233.0,3559.0,0.135,0.2042,0.0829,68.0,2112.0,0.0,0b0000100001000000,0b00,VI produced with good quality,0b0000,Highest quality,0b01,Low,0b0,No,0b0,No,0b0,No,0b001,Land (Nothing else but land),0b0,No,0b0,No,0b00000000000000000000000000000000,0b00000000000000000000000000000000,"Good data, use with confidence"
Rainfed,US-NE3,41.1797,-96.4397,2016-03-21,h10v04,4233.0,3559.0,0.1436,0.2132,0.0847,84.0,2112.0,0.0,0b0000100001000000,0b00,VI produced with good quality,0b0000,Highest quality,0b01,Low,0b0,No,0b0,No,0b0,No,0b001,Land (Nothing else but land),0b0,No,0b0,No,0b00000000000000000000000000000000,0b00000000000000000000000000000000,"Good data, use with confidence"
Rainfed,US-NE3,41.1797,-96.4397,2016-04-06,h10v04,4233.0,3559.0,0.1497,0.2208,0.087,105.0,2181.0,1.0,0b0000100010000101,0b01,"VI produced, but check other QA",0b0001,Lower quality,0b10,Average,0b0,No,0b0,No,0b0,No,0b001,Land (Nothing else but land),0b0,No,0b0,No,0b00000000000000000000000000000001,0b00000000000000000000000000000001,"Marginal data, Useful, but look at other QA information"
Rainfed,US-NE3,41.1797,-96.4397,2016-04-22,h10v04,4233.0,3559.0,0.1534,0.2157,0.096,125.0,2112.0,0.0,0b0000100001000000,0b00,VI produced with good quality,0b0000,Highest quality,0b01,Low,0b0,No,0b0,No,0b0,No,0b001,Land (Nothing else but land),0b0,No,0b0,No,0b00000000000000000000000000000000,0b00000000000000000000000000000000,"Good data, use with confidence"
Rainfed,US-NE3,41.1797,-96.4397,2016-05-08,h10v04,4233.0,3559.0,0.1709,0.2324,0.0728,135.0,3150.0,3.0,0b0000110001001110,0b10,"Pixel produced, but most probably cloudy",0b0011,Decreasing quality,0b01,Low,0b0,No,0b0,No,0b1,Yes,0b001,Land (Nothing else but land),0b0,No,0b0,No,0b00000000000000000000000000000011,0b00000000000000000000000000000011,"Cloudy data, Target not visible, covered with cloud"
Rainfed,US-NE3,41.1797,-96.4397,2016-05-24,h10v04,4233.0,3559.0,0.159,0.2454,0.0741,146.0,2112.0,0.0,0b0000100001000000,0b00,VI produced with good quality,0b0000,Highest quality,0b01,Low,0b0,No,0b0,No,0b0,No,0b001,Land (Nothing else but land),0b0,No,0b0,No,0b00000000000000000000000000000000,0b00000000000000000000000000000000,"Good data, use with confidence"
Rainfed,US-NE3,41.1797,-96.4397,2016-06-09,h10v04,4233.0,3559.0,0.1774,0.2635,0.0784,162.0,2112.0,0.0,0b0000100001000000,0b00,VI produced with good quality,0b0000,Highest quality,0b01,Low,0b0,No,0b0,No,0b0,No,0b001,Land (Nothing else but land),0b0,No,0b0,No,0b00000000000000000000000000000000,0b00000000000000000000000000000000,"Good data, use with confidence"
Rainfed,US-NE3,41.1797,-96.4397,2016-06-25,h10v04,4233.0,3559.0,0.3215,0.4431,0.0698,178.0,2112.0,0.0,0b0000100001000000,0b00,VI produced with good quality,0b0000,Highest quality,0b01,Low,0b0,No,0b0,No,0b0,No,0b001,Land (Nothing else but land),0b0,No,0b0,No,0b00000000000000000000000000000000,0b00000000000000000000000000000000,"Good data, use with confidence"
Rainfed,US-NE3,41.1797,-96.4397,2016-07-11,h10v04,4233.0,3559.0,0.6285,0.7396,0.0427,198.0,2112.0,0.0,0b0000100001000000,0b00,VI produced with good quality,0b0000,Highest quality,0b01,Low,0b0,No,0b0,No,0b0,No,0b001,Land (Nothing else but land),0b0,No,0b0,No,0b00000000000000000000000000000000,0b00000000000000000000000000000000,"Good data, use with confidence"
Rainfed,US-NE3,41.1797,-96.4397,2016-07-27,h10v04,4233.0,3559.0,0.8225,0.9386,0.0128,217.0,4160.0,0.0,0b0001000001000000,0b00,VI produced with good quality,0b0000,Highest quality,0b01,Low,0b0,No,0b0,No,0b0,No,0b010,Ocean coastlines and lake shorelines,0b0,No,0b0,No,0b00000000000000000000000000000000,0b00000000000000000000000000000000,"Good data, use with confidence"
Rainfed,US-NE3,41.1797,-96.4397,2016-08-12,h10v04,4233.0,3559.0,0.8597,0.9384,0.0444,235.0,2112.0,0.0,0b0000100001000000,0b00,VI produced with good quality,0b0000,Highest quality,0b01,Low,0b0,No,0b0,No,0b0,No,0b001,Land (Nothing else but land),0b0,No,0b0,No,0b00000000000000000000000000000000,0b00000000000000000000000000000000,"Good data, use with confidence"
Rainfed,US-NE3,41.1797,-96.4397,2016-08-28,h10v04,4233.0,3559.0,0.8584,0.9089,0.0332,249.0,2181.0,1.0,0b0000100010000101,0b01,"VI produced, but check other QA",0b0001,Lower quality,0b10,Average,0b0,No,0b0,No,0b0,No,0b001,Land (Nothing else but land),0b0,No,0b0,No,0b00000000000000000000000000000001,0b00000000000000000000000000000001,"Marginal data, Useful, but look at other QA information"
Rainfed,US-NE3,41.1797,-96.4397,2016-09-13,h10v04,4233.0,3559.0,0.5159,0.7276,0.0309,269.0,4160.0,0.0,0b0001000001000000,0b00,VI produced with good quality,0b0000,Highest quality,0b01,Low,0b0,No,0b0,No,0b0,No,0b010,Ocean coastlines and lake shorelines,0b0,No,0b0,No,0b00000000000000000000000000000000,0b00000000000000000000000000000000,"Good data, use with confidence"
Rainfed,US-NE3,41.1797,-96.4397,2016-09-29,h10v04,4233.0,3559.0,0.1859,0.3902,0.0385,283.0,2112.0,0.0,0b0000100001000000,0b00,VI produced with good quality,0b0000,Highest quality,0b01,Low,0b0,No,0b0,No,0b0,No,0b001,Land (Nothing else but land),0b0,No,0b0,No,0b00000000000000000000000000000000,0b00000000000000000000000000000000,"Good data, use with confidence"
Rainfed,US-NE3,41.1797,-96.4397,2016-10-15,h10v04,4233.0,3559.0,0.1572,0.3271,0.0499,292.0,2112.0,0.0,0b0000100001000000,0b00,VI produced with good quality,0b0000,Highest quality,0b01,Low,0b0,No,0b0,No,0b0,No,0b001,Land (Nothing else but land),0b0,No,0b0,No,0b00000000000000000000000000000000,0b00000000000000000000000000000000,"Good data, use with confidence"
Rainfed,US-NE3,41.1797,-96.4397,2016-10-31,h10v04,4233.0,3559.0,0.1861,0.2627,0.0756,315.0,3150.0,3.0,0b0000110001001110,0b10,"Pixel produced, but most probably cloudy",0b0011,Decreasing quality,0b01,Low,0b0,No,0b0,No,0b1,Yes,0b001,Land (Nothing else but land),0b0,No,0b0,No,0b00000000000000000000000000000011,0b00000000000000000000000000000011,"Cloudy data, Target not visible, covered with cloud"
Rainfed,US-NE3,41.1797,-96.4397,2016-11-16,h10v04,4233.0,3559.0,0.1499,0.2438,0.0729,324.0,2116.0,0.0,0b0000100001000100,0b00,VI produced with good quality,0b0001,Lower quality,0b01,Low,0b0,No,0b0,No,0b0,No,0b001,Land (Nothing else but land),0b0,No,0b0,No,0b00000000000000000000000000000000,0b00000000000000000000000000000000,"Good data, use with confidence"
Rainfed,US-NE3,41.1797,-96.4397,2016-12-02,h10v04,4233.0,3559.0,0.1363,0.2243,0.074,343.0,2185.0,1.0,0b0000100010001001,0b01,"VI produced, but check other QA",0b0010,Decreasing quality,0b10,Average,0b0,No,0b0,No,0b0,No,0b001,Land (Nothing else but land),0b0,No,0b0,No,0b00000000000000000000000000000001,0b00000000000000000000000000000001,"Marginal data, Useful, but look at other QA information"
Rainfed,US-NE3,41.1797,-96.4397,2016-12-18,h10v04,4233.0,3559.0,0.1605,0.2339,0.0677,363.0,3154.0,3.0,0b0000110001010010,0b10,"Pixel produced, but most probably cloudy",0b0100,Decreasing quality,0b01,Low,0b0,No,0b0,No,0b1,Yes,0b001,Land (Nothing else but land),0b0,No,0b0,No,0b00000000000000000000000000000011,0b00000000000000000000000000000011,"Cloudy data, Target not visible, covered with cloud"
Rainfed,US-NE3,41.1797,-96.4397,2017-01-01,h10v04,4233.0,3559.0,0.168,0.2175,0.0765,11.0,2518.0,3.0,0b0000100111010110,0b10,"Pixel produced, but most probably cloudy",0b0101,Decreasing quality,0b11,High,0b1,Yes,0b0,No,0b0,No,0b001,Land (Nothing else but land),0b0,No,0b0,No,0b00000000000000000000000000000011,0b00000000000000000000000000000011,"Cloudy data, Target not visible, covered with cloud"
Rainfed,US-NE3,41.1797,-96.4397,2017-01-17,h10v04,4233.0,3559.0,0.1496,0.2815,0.0614,18.0,2116.0,0.0,0b0000100001000100,0b00,VI produced with good quality,0b0001,Lower quality,0b01,Low,0b0,No,0b0,No,0b0,No,0b001,Land (Nothing else but land),0b0,No,0b0,No,0b00000000000000000000000000000000,0b00000000000000000000000000000000,"Good data, use with confidence"
Rainfed,US-NE3,41.1797,-96.4397,2017-02-02,h10v04,4233.0,3559.0,0.1292,0.2195,0.0708,43.0,2112.0,0.0,0b0000100001000000,0b00,VI produced with good quality,0b0000,Highest quality,0b01,Low,0b0,No,0b0,No,0b0,No,0b001,Land (Nothing else but land),0b0,No,0b0,No,0b00000000000000000000000000000000,0b00000000000000000000000000000000,"Good data, use with confidence"
Rainfed,US-NE3,41.1797,-96.4397,2017-02-18,h10v04,4233.0,3559.0,0.1244,0.2134,0.0688,52.0,2112.0,0.0,0b0000100001000000,0b00,VI produced with good quality,0b0000,Highest quality,0b01,Low,0b0,No,0b0,No,0b0,No,0b001,Land (Nothing else but land),0b0,No,0b0,No,0b00000000000000000000000000000000,0b00000000000000000000000000000000,"Good data, use with confidence"
Rainfed,US-NE3,41.1797,-96.4397,2017-03-06,h10v04,4233.0,3559.0,0.1227,0.2087,0.0698,66.0,2112.0,0.0,0b0000100001000000,0b00,VI produced with good quality,0b0000,Highest quality,0b01,Low,0b0,No,0b0,No,0b0,No,0b001,Land (Nothing else but land),0b0,No,0b0,No,0b00000000000000000000000000000000,0b00000000000000000000000000000000,"Good data, use with confidence"
Rainfed,US-NE3,41.1797,-96.4397,2017-03-22,h10v04,4233.0,3559.0,0.1231,0.2174,0.0641,96.0,2116.0,0.0,0b0000100001000100,0b00,VI produced with good quality,0b0001,Lower quality,0b01,Low,0b0,No,0b0,No,0b0,No,0b001,Land (Nothing else but land),0b0,No,0b0,No,0b00000000000000000000000000000000,0b00000000000000000000000000000000,"Good data, use with confidence"
Rainfed,US-NE3,41.1797,-96.4397,2017-04-07,h10v04,4233.0,3559.0,0.1518,0.2549,0.0638,107.0,2441.0,1.0,0b0000100110001001,0b01,"VI produced, but check other QA",0b0010,Decreasing quality,0b10,Average,0b1,Yes,0b0,No,0b0,No,0b001,Land (Nothing else but land),0b0,No,0b0,No,0b00000000000000000000000000000001,0b00000000000000000000000000000001,"Marginal data, Useful, but look at other QA information"
Rainfed,US-NE3,41.1797,-96.4397,2017-04-23,h10v04,4233.0,3559.0,0.1734,0.2704,0.0715,113.0,2116.0,0.0,0b0000100001000100,0b00,VI produced with good quality,0b0001,Lower quality,0b01,Low,0b0,No,0b0,No,0b0,No,0b001,Land (Nothing else but land),0b0,No,0b0,No,0b00000000000000000000000000000000,0b00000000000000000000000000000000,"Good data, use with confidence"
Rainfed,US-NE3,41.1797,-96.4397,2017-05-09,h10v04,4233.0,3559.0,0.1712,0.2636,0.0794,132.0,2112.0,0.0,0b0000100001000000,0b00,VI produced with good quality,0b0000,Highest quality,0b01,Low,0b0,No,0b0,No,0b0,No,0b001,Land (Nothing else but land),0b0,No,0b0,No,0b00000000000000000000000000000000,0b00000000000000000000000000000000,"Good data, use with confidence"
Rainfed,US-NE3,41.1797,-96.4397,2017-05-25,h10v04,4233.0,3559.0,0.1774,0.255,0.0858,150.0,2112.0,0.0,0b0000100001000000,0b00,VI produced with good quality,0b0000,Highest quality,0b01,Low,0b0,No,0b0,No,0b0,No,0b001,Land (Nothing else but land),0b0,No,0b0,No,0b00000000000000000000000000000000,0b00000000000000000000000000000000,"Good data, use with confidence"
Rainfed,US-NE3,41.1797,-96.4397,2017-06-10,h10v04,4233.0,3559.0,0.3183,0.4473,0.0634,166.0,2112.0,0.0,0b0000100001000000,0b00,VI produced with good quality,0b0000,Highest quality,0b01,Low,0b0,No,0b0,No,0b0,No,0b001,Land (Nothing else but land),0b0,No,0b0,No,0b00000000000000000000000000000000,0b00000000000000000000000000000000,"Good data, use with confidence"
Rainfed,US-NE3,41.1797,-96.4397,2017-06-26,h10v04,4233.0,3559.0,0.6562,0.8722,0.0363,189.0,2112.0,0.0,0b0000100001000000,0b00,VI produced with good quality,0b0000,Highest quality,0b01,Low,0b0,No,0b0,No,0b0,No,0b001,Land (Nothing else but land),0b0,No,0b0,No,0b00000000000000000000000000000000,0b00000000000000000000000000000000,"Good data, use with confidence"
Rainfed,US-NE3,41.1797,-96.4397,2017-07-12,h10v04,4233.0,3559.0,0.7412,0.8979,0.0253,198.0,2112.0,0.0,0b0000100001000000,0b00,VI produced with good quality,0b0000,Highest quality,0b01,Low,0b0,No,0b0,No,0b0,No,0b001,Land (Nothing else but land),0b0,No,0b0,No,0b00000000000000000000000000000000,0b00000000000000000000000000000000,"Good data, use with confidence"
Rainfed,US-NE3,41.1797,-96.4397,2017-07-28,h10v04,4233.0,3559.0,0.6771,0.8654,0.0213,216.0,2112.0,0.0,0b0000100001000000,0b00,VI produced with good quality,0b0000,Highest quality,0b01,Low,0b0,No,0b0,No,0b0,No,0b001,Land (Nothing else but land),0b0,No,0b0,No,0b00000000000000000000000000000000,0b00000000000000000000000000000000,"Good data, use with confidence"
Rainfed,US-NE3,41.1797,-96.4397,2017-08-13,h10v04,4233.0,3559.0,0.658,0.8710999,0.0255,237.0,2181.0,1.0,0b0000100010000101,0b01,"VI produced, but check other QA",0b0001,Lower quality,0b10,Average,0b0,No,0b0,No,0b0,No,0b001,Land (Nothing else but land),0b0,No,0b0,No,0b00000000000000000000000000000001,0b00000000000000000000000000000001,"Marginal data, Useful, but look at other QA information"
Rainfed,US-NE3,41.1797,-96.4397,2017-08-29,h10v04,4233.0,3559.0,0.5176,0.8075,0.0184,251.0,2112.0,0.0,0b0000100001000000,0b00,VI produced with good quality,0b0000,Highest quality,0b01,Low,0b0,No,0b0,No,0b0,No,0b001,Land (Nothing else but land),0b0,No,0b0,No,0b00000000000000000000000000000000,0b00000000000000000000000000000000,"Good data, use with confidence"
Rainfed,US-NE3,41.1797,-96.4397,2017-09-14,h10v04,4233.0,3559.0,0.3691,0.5858,0.0511,262.0,2116.0,0.0,0b0000100001000100,0b00,VI produced with good quality,0b0001,Lower quality,0b01,Low,0b0,No,0b0,No,0b0,No,0b001,Land (Nothing else but land),0b0,No,0b0,No,0b00000000000000000000000000000000,0b00000000000000000000000000000000,"Good data, use with confidence"
Rainfed,US-NE3,41.1797,-96.4397,2017-09-30,h10v04,4233.0,3559.0,0.1088,0.2868,0.0342,285.0,2116.0,0.0,0b0000100001000100,0b00,VI produced with good quality,0b0001,Lower quality,0b01,Low,0b0,No,0b0,No,0b0,No,0b001,Land (Nothing else but land),0b0,No,0b0,No,0b00000000000000000000000000000000,0b00000000000000000000000000000000,"Good data, use with confidence"
Rainfed,US-NE3,41.1797,-96.4397,2017-10-16,h10v04,4233.0,3559.0,0.0987,0.2859,0.0306,292.0,2116.0,0.0,0b0000100001000100,0b00,VI produced with good quality,0b0001,Lower quality,0b01,Low,0b0,No,0b0,No,0b0,No,0b001,Land (Nothing else but land),0b0,No,0b0,No,0b00000000000000000000000000000000,0b00000000000000000000000000000000,"Good data, use with confidence"
Rainfed,US-NE3,41.1797,-96.4397,2017-11-01,h10v04,4233.0,3559.0,0.182,0.2532,0.0827,312.0,3154.0,3.0,0b0000110001010010,0b10,"Pixel produced, but most probably cloudy",0b0100,Decreasing quality,0b01,Low,0b0,No,0b0,No,0b1,Yes,0b001,Land (Nothing else but land),0b0,No,0b0,No,0b00000000000000000000000000000011,0b00000000000000000000000000000011,"Cloudy data, Target not visible, covered with cloud"
Rainfed,US-NE3,41.1797,-96.4397,2017-11-17,h10v04,4233.0,3559.0,0.1682,0.2635,0.0705,322.0,2120.0,0.0,0b0000100001001000,0b00,VI produced with good quality,0b0010,Decreasing quality,0b01,Low,0b0,No,0b0,No,0b0,No,0b001,Land (Nothing else but land),0b0,No,0b0,No,0b00000000000000000000000000000000,0b00000000000000000000000000000000,"Good data, use with confidence"
Rainfed,US-NE3,41.1797,-96.4397,2017-12-03,h10v04,4233.0,3559.0,0.1646,0.2436,0.079,338.0,3226.0,3.0,0b0000110010011010,0b10,"Pixel produced, but most probably cloudy",0b0110,Decreasing quality,0b10,Average,0b0,No,0b0,No,0b1,Yes,0b001,Land (Nothing else but land),0b0,No,0b0,No,0b00000000000000000000000000000011,0b00000000000000000000000000000011,"Cloudy data, Target not visible, covered with cloud"
Rainfed,US-NE3,41.1797,-96.4397,2017-12-19,h10v04,4233.0,3559.0,0.1548,0.2371,0.0818,354.0,3226.0,3.0,0b0000110010011010,0b10,"Pixel produced, but most probably cloudy",0b0110,Decreasing quality,0b10,Average,0b0,No,0b0,No,0b1,Yes,0b001,Land (Nothing else but land),0b0,No,0b0,No,0b00000000000000000000000000000011,0b00000000000000000000000000000011,"Cloudy data, Target not visible, covered with cloud"
Rainfed,US-NE3,41.1797,-96.4397,2018-01-01,h10v04,4233.0,3559.0,0.0235,0.0237,0.576,7.0,18453.0,2.0,0b0100100000010101,0b01,"VI produced, but check other QA",0b0101,Decreasing quality,0b00,Climatology,0b0,No,0b0,No,0b0,No,0b001,Land (Nothing else but land),0b1,Yes,0b0,No,0b00000000000000000000000000000010,0b00000000000000000000000000000010,Snow/Ice Target covered with snow/ice
Rainfed,US-NE3,41.1797,-96.4397,2018-01-17,h10v04,4233.0,3559.0,0.1737,0.2251,0.1032,20.0,2126.0,3.0,0b0000100001001110,0b10,"Pixel produced, but most probably cloudy",0b0011,Decreasing quality,0b01,Low,0b0,No,0b0,No,0b0,No,0b001,Land (Nothing else but land),0b0,No,0b0,No,0b00000000000000000000000000000011,0b00000000000000000000000000000011,"Cloudy data, Target not visible, covered with cloud"
Rainfed,US-NE3,41.1797,-96.4397,2018-02-02,h10v04,4233.0,3559.0,0.1446,0.2163,0.0844,48.0,3222.0,3.0,0b0000110010010110,0b10,"Pixel produced, but most probably cloudy",0b0101,Decreasing quality,0b10,Average,0b0,No,0b0,No,0b1,Yes,0b001,Land (Nothing else but land),0b0,No,0b0,No,0b00000000000000000000000000000011,0b00000000000000000000000000000011,"Cloudy data, Target not visible, covered with cloud"
Rainfed,US-NE3,41.1797,-96.4397,2018-02-18,h10v04,4233.0,3559.0,0.1482,0.1931,0.1182,52.0,2262.0,3.0,0b0000100011010110,0b10,"Pixel produced, but most probably cloudy",0b0101,Decreasing quality,0b11,High,0b0,No,0b0,No,0b0,No,0b001,Land (Nothing else but land),0b0,No,0b0,No,0b00000000000000000000000000000011,0b00000000000000000000000000000011,"Cloudy data, Target not visible, covered with cloud"
Rainfed,US-NE3,41.1797,-96.4397,2018-03-06,h10v04,4233.0,3559.0,0.1496,0.2173,0.0947,80.0,3222.0,3.0,0b0000110010010110,0b10,"Pixel produced, but most probably cloudy",0b0101,Decreasing quality,0b10,Average,0b0,No,0b0,No,0b1,Yes,0b001,Land (Nothing else but land),0b0,No,0b0,No,0b00000000000000000000000000000011,0b00000000000000000000000000000011,"Cloudy data, Target not visible, covered with cloud"
Rainfed,US-NE3,41.1797,-96.4397,2018-03-22,h10v04,4233.0,3559.0,0.1343,0.1993,0.093,94.0,2116.0,0.0,0b0000100001000100,0b00,VI produced with good quality,0b0001,Lower quality,0b01,Low,0b0,No,0b0,No,0b0,No,0b001,Land (Nothing else but land),0b0,No,0b0,No,0b00000000000000000000000000000000,0b00000000000000000000000000000000,"Good data, use with confidence"
Rainfed,US-NE3,41.1797,-96.4397,2018-04-07,h10v04,4233.0,3559.0,0.1728,0.2381,0.0942,109.0,3158.0,3.0,0b0000110001010110,0b10,"Pixel produced, but most probably cloudy",0b0101,Decreasing quality,0b01,Low,0b0,No,0b0,No,0b1,Yes,0b001,Land (Nothing else but land),0b0,No,0b0,No,0b00000000000000000000000000000011,0b00000000000000000000000000000011,"Cloudy data, Target not visible, covered with cloud"
Rainfed,US-NE3,41.1797,-96.4397,2018-04-23,h10v04,4233.0,3559.0,0.1379,0.222,0.0761,126.0,2116.0,0.0,0b0000100001000100,0b00,VI produced with good quality,0b0001,Lower quality,0b01,Low,0b0,No,0b0,No,0b0,No,0b001,Land (Nothing else but land),0b0,No,0b0,No,0b00000000000000000000000000000000,0b00000000000000000000000000000000,"Good data, use with confidence"
Rainfed,US-NE3,41.1797,-96.4397,2018-05-09,h10v04,4233.0,3559.0,0.16,0.2436,0.0783,144.0,2185.0,1.0,0b0000100010001001,0b01,"VI produced, but check other QA",0b0010,Decreasing quality,0b10,Average,0b0,No,0b0,No,0b0,No,0b001,Land (Nothing else but land),0b0,No,0b0,No,0b00000000000000000000000000000001,0b00000000000000000000000000000001,"Marginal data, Useful, but look at other QA information"
Rainfed,US-NE3,41.1797,-96.4397,2018-05-25,h10v04,4233.0,3559.0,0.2152,0.3181,0.0708,160.0,2185.0,1.0,0b0000100010001001,0b01,"VI produced, but check other QA",0b0010,Decreasing quality,0b10,Average,0b0,No,0b0,No,0b0,No,0b001,Land (Nothing else but land),0b0,No,0b0,No,0b00000000000000000000000000000001,0b00000000000000000000000000000001,"Marginal data, Useful, but look at other QA information"
Rainfed,US-NE3,41.1797,-96.4397,2018-06-10,h10v04,4233.0,3559.0,0.3142,0.4377,0.0614,169.0,2116.0,0.0,0b0000100001000100,0b00,VI produced with good quality,0b0001,Lower quality,0b01,Low,0b0,No,0b0,No,0b0,No,0b001,Land (Nothing else but land),0b0,No,0b0,No,0b00000000000000000000000000000000,0b00000000000000000000000000000000,"Good data, use with confidence"
Rainfed,US-NE3,41.1797,-96.4397,2018-06-26,h10v04,4233.0,3559.0,0.5644,0.6997,0.0562,183.0,2116.0,0.0,0b0000100001000100,0b00,VI produced with good quality,0b0001,Lower quality,0b01,Low,0b0,No,0b0,No,0b0,No,0b001,Land (Nothing else but land),0b0,No,0b0,No,0b00000000000000000000000000000000,0b00000000000000000000000000000000,"Good data, use with confidence"
Rainfed,US-NE3,41.1797,-96.4397,2018-07-12,h10v04,4233.0,3559.0,0.6491,0.8481,0.024,193.0,4168.0,1.0,0b0001000001001000,0b00,VI produced with good quality,0b0010,Decreasing quality,0b01,Low,0b0,No,0b0,No,0b0,No,0b010,Ocean coastlines and lake shorelines,0b0,No,0b0,No,0b00000000000000000000000000000001,0b00000000000000000000000000000001,"Marginal data, Useful, but look at other QA information"
Rainfed,US-NE3,41.1797,-96.4397,2018-07-28,h10v04,4233.0,3559.0,0.7864,0.9146,0.0168,215.0,2116.0,0.0,0b0000100001000100,0b00,VI produced with good quality,0b0001,Lower quality,0b01,Low,0b0,No,0b0,No,0b0,No,0b001,Land (Nothing else but land),0b0,No,0b0,No,0b00000000000000000000000000000000,0b00000000000000000000000000000000,"Good data, use with confidence"
Rainfed,US-NE3,41.1797,-96.4397,2018-08-13,h10v04,4233.0,3559.0,0.7784,0.8421,0.032,239.0,2189.0,1.0,0b0000100010001101,0b01,"VI produced, but check other QA",0b0011,Decreasing quality,0b10,Average,0b0,No,0b0,No,0b0,No,0b001,Land (Nothing else but land),0b0,No,0b0,No,0b00000000000000000000000000000001,0b00000000000000000000000000000001,"Marginal data, Useful, but look at other QA information"
Rainfed,US-NE3,41.1797,-96.4397,2018-08-29,h10v04,4233.0,3559.0,0.7152,0.874,0.0209,254.0,2116.0,0.0,0b0000100001000100,0b00,VI produced with good quality,0b0001,Lower quality,0b01,Low,0b0,No,0b0,No,0b0,No,0b001,Land (Nothing else but land),0b0,No,0b0,No,0b00000000000000000000000000000000,0b00000000000000000000000000000000,"Good data, use with confidence"
Rainfed,US-NE3,41.1797,-96.4397,2018-09-14,h10v04,4233.0,3559.0,0.6464,0.7854,0.0469,263.0,2116.0,0.0,0b0000100001000100,0b00,VI produced with good quality,0b0001,Lower quality,0b01,Low,0b0,No,0b0,No,0b0,No,0b001,Land (Nothing else but land),0b0,No,0b0,No,0b00000000000000000000000000000000,0b00000000000000000000000000000000,"Good data, use with confidence"
Rainfed,US-NE3,41.1797,-96.4397,2018-09-30,h10v04,4233.0,3559.0,0.3794,0.5541,0.0518,276.0,4164.0,0.0,0b0001000001000100,0b00,VI produced with good quality,0b0001,Lower quality,0b01,Low,0b0,No,0b0,No,0b0,No,0b010,Ocean coastlines and lake shorelines,0b0,No,0b0,No,0b00000000000000000000000000000000,0b00000000000000000000000000000000,"Good data, use with confidence"
Rainfed,US-NE3,41.1797,-96.4397,2018-10-16,h10v04,4233.0,3559.0,0.1518,0.3305,0.0464,295.0,2116.0,0.0,0b0000100001000100,0b00,VI produced with good quality,0b0001,Lower quality,0b01,Low,0b0,No,0b0,No,0b0,No,0b001,Land (Nothing else but land),0b0,No,0b0,No,0b00000000000000000000000000000000,0b00000000000000000000000000000000,"Good data, use with confidence"
Rainfed,US-NE3,41.1797,-96.4397,2018-11-01,h10v04,4233.0,3559.0,0.1439,0.235,0.0749,311.0,3154.0,3.0,0b0000110001010010,0b10,"Pixel produced, but most probably cloudy",0b0100,Decreasing quality,0b01,Low,0b0,No,0b0,No,0b1,Yes,0b001,Land (Nothing else but land),0b0,No,0b0,No,0b00000000000000000000000000000011,0b00000000000000000000000000000011,"Cloudy data, Target not visible, covered with cloud"
Rainfed,US-NE3,41.1797,-96.4397,2018-11-17,h10v04,4233.0,3559.0,0.1357,0.2152,0.0799,325.0,2120.0,0.0,0b0000100001001000,0b00,VI produced with good quality,0b0010,Decreasing quality,0b01,Low,0b0,No,0b0,No,0b0,No,0b001,Land (Nothing else but land),0b0,No,0b0,No,0b00000000000000000000000000000000,0b00000000000000000000000000000000,"Good data, use with confidence"
Rainfed,US-NE3,41.1797,-96.4397,2018-12-03,h10v04,4233.0,3559.0,-0.0022,-0.002,0.6743,341.0,18453.0,2.0,0b0100100000010101,0b01,"VI produced, but check other QA",0b0101,Decreasing quality,0b00,Climatology,0b0,No,0b0,No,0b0,No,0b001,Land (Nothing else but land),0b1,Yes,0b0,No,0b00000000000000000000000000000010,0b00000000000000000000000000000010,Snow/Ice Target covered with snow/ice
Rainfed,US-NE3,41.1797,-96.4397,2018-12-19,h10v04,4233.0,3559.0,0.1145,0.1963,0.0732,357.0,4168.0,0.0,0b0001000001001000,0b00,VI produced with good quality,0b0010,Decreasing quality,0b01,Low,0b0,No,0b0,No,0b0,No,0b010,Ocean coastlines and lake shorelines,0b0,No,0b0,No,0b00000000000000000000000000000000,0b00000000000000000000000000000000,"Good data, use with confidence"
Rainfed,US-NE3,41.1797,-96.4397,2019-01-01,h10v04,4233.0,3559.0,0.1592,0.2122,0.1116,9.0,2126.0,3.0,0b0000100001001110,0b10,"Pixel produced, but most probably cloudy",0b0011,Decreasing quality,0b01,Low,0b0,No,0b0,No,0b0,No,0b001,Land (Nothing else but land),0b0,No,0b0,No,0b00000000000000000000000000000011,0b00000000000000000000000000000011,"Cloudy data, Target not visible, covered with cloud"
Rainfed,US-NE3,41.1797,-96.4397,2019-01-17,h10v04,4233.0,3559.0,-0.0017,-0.0017,0.6246,19.0,18453.0,2.0,0b0100100000010101,0b01,"VI produced, but check other QA",0b0101,Decreasing quality,0b00,Climatology,0b0,No,0b0,No,0b0,No,0b001,Land (Nothing else but land),0b1,Yes,0b0,No,0b00000000000000000000000000000010,0b00000000000000000000000000000010,Snow/Ice Target covered with snow/ice
Rainfed,US-NE3,41.1797,-96.4397,2019-02-02,h10v04,4233.0,3559.0,0.1294,0.2001,0.0843,35.0,2116.0,0.0,0b0000100001000100,0b00,VI produced with good quality,0b0001,Lower quality,0b01,Low,0b0,No,0b0,No,0b0,No,0b001,Land (Nothing else but land),0b0,No,0b0,No,0b00000000000000000000000000000000,0b00000000000000000000000000000000,"Good data, use with confidence"
Rainfed,US-NE3,41.1797,-96.4397,2019-02-18,h10v04,4233.0,3559.0,-0.0224,-0.0205,0.8896,51.0,18449.0,2.0,0b0100100000010001,0b01,"VI produced, but check other QA",0b0100,Decreasing quality,0b00,Climatology,0b0,No,0b0,No,0b0,No,0b001,Land (Nothing else but land),0b1,Yes,0b0,No,0b00000000000000000000000000000010,0b00000000000000000000000000000010,Snow/Ice Target covered with snow/ice
Rainfed,US-NE3,41.1797,-96.4397,2019-03-06,h10v04,4233.0,3559.0,0.1308,0.2458,0.0613,74.0,2116.0,0.0,0b0000100001000100,0b00,VI produced with good quality,0b0001,Lower quality,0b01,Low,0b0,No,0b0,No,0b0,No,0b001,Land (Nothing else but land),0b0,No,0b0,No,0b00000000000000000000000000000000,0b00000000000000000000000000000000,"Good data, use with confidence"
Rainfed,US-NE3,41.1797,-96.4397,2019-03-22,h10v04,4233.0,3559.0,0.1378,0.22,0.0837,81.0,2116.0,0.0,0b0000100001000100,0b00,VI produced with good quality,0b0001,Lower quality,0b01,Low,0b0,No,0b0,No,0b0,No,0b001,Land (Nothing else but land),0b0,No,0b0,No,0b00000000000000000000000000000000,0b00000000000000000000000000000000,"Good data, use with confidence"
Rainfed,US-NE3,41.1797,-96.4397,2019-04-07,h10v04,4233.0,3559.0,0.1527,0.2422,0.0755,110.0,4164.0,0.0,0b0001000001000100,0b00,VI produced with good quality,0b0001,Lower quality,0b01,Low,0b0,No,0b0,No,0b0,No,0b010,Ocean coastlines and lake shorelines,0b0,No,0b0,No,0b00000000000000000000000000000000,0b00000000000000000000000000000000,"Good data, use with confidence"
Rainfed,US-NE3,41.1797,-96.4397,2019-04-23,h10v04,4233.0,3559.0,0.1657,0.2646,0.0719,122.0,2116.0,0.0,0b0000100001000100,0b00,VI produced with good quality,0b0001,Lower quality,0b01,Low,0b0,No,0b0,No,0b0,No,0b001,Land (Nothing else but land),0b0,No,0b0,No,0b00000000000000000000000000000000,0b00000000000000000000000000000000,"Good data, use with confidence"
Rainfed,US-NE3,41.1797,-96.4397,2019-05-09,h10v04,4233.0,3559.0,0.2006,0.3024,0.0734,133.0,2185.0,1.0,0b0000100010001001,0b01,"VI produced, but check other QA",0b0010,Decreasing quality,0b10,Average,0b0,No,0b0,No,0b0,No,0b001,Land (Nothing else but land),0b0,No,0b0,No,0b00000000000000000000000000000001,0b00000000000000000000000000000001,"Marginal data, Useful, but look at other QA information"
Rainfed,US-NE3,41.1797,-96.4397,2019-05-25,h10v04,4233.0,3559.0,0.2121,0.3246,0.0685,156.0,2116.0,0.0,0b0000100001000100,0b00,VI produced with good quality,0b0001,Lower quality,0b01,Low,0b0,No,0b0,No,0b0,No,0b001,Land (Nothing else but land),0b0,No,0b0,No,0b00000000000000000000000000000000,0b00000000000000000000000000000000,"Good data, use with confidence"
Rainfed,US-NE3,41.1797,-96.4397,2019-06-10,h10v04,4233.0,3559.0,0.4607,0.7059,0.0294,175.0,2116.0,0.0,0b0000100001000100,0b00,VI produced with good quality,0b0001,Lower quality,0b01,Low,0b0,No,0b0,No,0b0,No,0b001,Land (Nothing else but land),0b0,No,0b0,No,0b00000000000000000000000000000000,0b00000000000000000000000000000000,"Good data, use with confidence"
Rainfed,US-NE3,41.1797,-96.4397,2019-06-26,h10v04,4233.0,3559.0,0.7029,0.8891,0.0182,191.0,2116.0,0.0,0b0000100001000100,0b00,VI produced with good quality,0b0001,Lower quality,0b01,Low,0b0,No,0b0,No,0b0,No,0b001,Land (Nothing else but land),0b0,No,0b0,No,0b00000000000000000000000000000000,0b00000000000000000000000000000000,"Good data, use with confidence"
Rainfed,US-NE3,41.1797,-96.4397,2019-07-12,h10v04,4233.0,3559.0,0.8249,0.9098,0.0327,195.0,2185.0,1.0,0b0000100010001001,0b01,"VI produced, but check other QA",0b0010,Decreasing quality,0b10,Average,0b0,No,0b0,No,0b0,No,0b001,Land (Nothing else but land),0b0,No,0b0,No,0b00000000000000000000000000000001,0b00000000000000000000000000000001,"Marginal data, Useful, but look at other QA information"
Rainfed,US-NE3,41.1797,-96.4397,2019-07-28,h10v04,4233.0,3559.0,0.8545,0.9023,0.046,218.0,2116.0,0.0,0b0000100001000100,0b00,VI produced with good quality,0b0001,Lower quality,0b01,Low,0b0,No,0b0,No,0b0,No,0b001,Land (Nothing else but land),0b0,No,0b0,No,0b00000000000000000000000000000000,0b00000000000000000000000000000000,"Good data, use with confidence"
Rainfed,US-NE3,41.1797,-96.4397,2019-08-13,h10v04,4233.0,3559.0,0.6877,0.8985,0.0116,225.0,2116.0,0.0,0b0000100001000100,0b00,VI produced with good quality,0b0001,Lower quality,0b01,Low,0b0,No,0b0,No,0b0,No,0b001,Land (Nothing else but land),0b0,No,0b0,No,0b00000000000000000000000000000000,0b00000000000000000000000000000000,"Good data, use with confidence"
Rainfed,US-NE3,41.1797,-96.4397,2019-08-29,h10v04,4233.0,3559.0,0.6348,0.8699,0.014,241.0,2116.0,0.0,0b0000100001000100,0b00,VI produced with good quality,0b0001,Lower quality,0b01,Low,0b0,No,0b0,No,0b0,No,0b001,Land (Nothing else but land),0b0,No,0b0,No,0b00000000000000000000000000000000,0b00000000000000000000000000000000,"Good data, use with confidence"
Rainfed,US-NE3,41.1797,-96.4397,2019-09-14,h10v04,4233.0,3559.0,0.4259,0.6849,0.0341,257.0,2116.0,0.0,0b0000100001000100,0b00,VI produced with good quality,0b0001,Lower quality,0b01,Low,0b0,No,0b0,No,0b0,No,0b001,Land (Nothing else but land),0b0,No,0b0,No,0b00000000000000000000000000000000,0b00000000000000000000000000000000,"Good data, use with confidence"
Rainfed,US-NE3,41.1797,-96.4397,2019-09-30,h10v04,4233.0,3559.0,0.1714,0.3736,0.0374,273.0,2116.0,0.0,0b0000100001000100,0b00,VI produced with good quality,0b0001,Lower quality,0b01,Low,0b0,No,0b0,No,0b0,No,0b001,Land (Nothing else but land),0b0,No,0b0,No,0b00000000000000000000000000000000,0b00000000000000000000000000000000,"Good data, use with confidence"
Rainfed,US-NE3,41.1797,-96.4397,2019-10-16,h10v04,4233.0,3559.0,0.1301,0.2858,0.0437,298.0,2116.0,0.0,0b0000100001000100,0b00,VI produced with good quality,0b0001,Lower quality,0b01,Low,0b0,No,0b0,No,0b0,No,0b001,Land (Nothing else but land),0b0,No,0b0,No,0b00000000000000000000000000000000,0b00000000000000000000000000000000,"Good data, use with confidence"
Rainfed,US-NE3,41.1797,-96.4397,2019-11-01,h10v04,4233.0,3559.0,0.1654,0.2584,0.07,312.0,3154.0,3.0,0b0000110001010010,0b10,"Pixel produced, but most probably cloudy",0b0100,Decreasing quality,0b01,Low,0b0,No,0b0,No,0b1,Yes,0b001,Land (Nothing else but land),0b0,No,0b0,No,0b00000000000000000000000000000011,0b00000000000000000000000000000011,"Cloudy data, Target not visible, covered with cloud"
Rainfed,US-NE3,41.1797,-96.4397,2019-11-17,h10v04,4233.0,3559.0,0.189,0.2477,0.0993,336.0,4174.0,3.0,0b0001000001001110,0b10,"Pixel produced, but most probably cloudy",0b0011,Decreasing quality,0b01,Low,0b0,No,0b0,No,0b0,No,0b010,Ocean coastlines and lake shorelines,0b0,No,0b0,No,0b00000000000000000000000000000011,0b00000000000000000000000000000011,"Cloudy data, Target not visible, covered with cloud"
Rainfed,US-NE3,41.1797,-96.4397,2019-12-03,h10v04,4233.0,3559.0,0.1764,0.2155,0.1498,352.0,4118.0,3.0,0b0001000000010110,0b10,"Pixel produced, but most probably cloudy",0b0101,Decreasing quality,0b00,Climatology,0b0,No,0b0,No,0b0,No,0b010,Ocean coastlines and lake shorelines,0b0,No,0b0,No,0b00000000000000000000000000000011,0b00000000000000000000000000000011,"Cloudy data, Target not visible, covered with cloud"
Rainfed,US-NE3,41.1797,-96.4397,2019-12-19,h10v04,4233.0,3559.0,0.1511,0.2169,0.091,355.0,3158.0,3.0,0b0000110001010110,0b10,"Pixel produced, but most probably cloudy",0b0101,Decreasing quality,0b01,Low,0b0,No,0b0,No,0b1,Yes,0b001,Land (Nothing else but land),0b0,No,0b0,No,0b00000000000000000000000000000011,0b00000000000000000000000000000011,"Cloudy data, Target not visible, covered with cloud"
Rainfed,US-NE3,41.1797,-96.4397,2020-01-01,h10v04,4233.0,3559.0,0.1809,0.2688,0.0917,14.0,3302.0,3.0,0b0000110011100110,0b10,"Pixel produced, but most probably cloudy",0b1001,Decreasing quality,0b11,High,0b0,No,0b0,No,0b1,Yes,0b001,Land (Nothing else but land),0b0,No,0b0,No,0b00000000000000000000000000000011,0b00000000000000000000000000000011,"Cloudy data, Target not visible, covered with cloud"
Rainfed,US-NE3,41.1797,-96.4397,2020-01-17,h10v04,4233.0,3559.0,0.0063,0.006,0.6727,26.0,18457.0,2.0,0b0100100000011001,0b01,"VI produced, but check other QA",0b0110,Decreasing quality,0b00,Climatology,0b0,No,0b0,No,0b0,No,0b001,Land (Nothing else but land),0b1,Yes,0b0,No,0b00000000000000000000000000000010,0b00000000000000000000000000000010,Snow/Ice Target covered with snow/ice
Rainfed,US-NE3,41.1797,-96.4397,2020-02-02,h10v04,4233.0,3559.0,0.1137,0.1832,0.0789,45.0,2185.0,1.0,0b0000100010001001,0b01,"VI produced, but check other QA",0b0010,Decreasing quality,0b10,Average,0b0,No,0b0,No,0b0,No,0b001,Land (Nothing else but land),0b0,No,0b0,No,0b00000000000000000000000000000001,0b00000000000000000000000000000001,"Marginal data, Useful, but look at other QA information"
Rainfed,US-NE3,41.1797,-96.4397,2020-02-18,h10v04,4233.0,3559.0,0.1373,0.1963,0.0999,54.0,2185.0,1.0,0b0000100010001001,0b01,"VI produced, but check other QA",0b0010,Decreasing quality,0b10,Average,0b0,No,0b0,No,0b0,No,0b001,Land (Nothing else but land),0b0,No,0b0,No,0b00000000000000000000000000000001,0b00000000000000000000000000000001,"Marginal data, Useful, but look at other QA information"
Rainfed,US-NE3,41.1797,-96.4397,2020-03-05,h10v04,4233.0,3559.0,0.1298,0.2071,0.086,80.0,3226.0,3.0,0b0000110010011010,0b10,"Pixel produced, but most probably cloudy",0b0110,Decreasing quality,0b10,Average,0b0,No,0b0,No,0b1,Yes,0b001,Land (Nothing else but land),0b0,No,0b0,No,0b00000000000000000000000000000011,0b00000000000000000000000000000011,"Cloudy data, Target not visible, covered with cloud"
Rainfed,US-NE3,41.1797,-96.4397,2020-03-21,h10v04,4233.0,3559.0,0.1363,0.1997,0.0934,90.0,3226.0,3.0,0b0000110010011010,0b10,"Pixel produced, but most probably cloudy",0b0110,Decreasing quality,0b10,Average,0b0,No,0b0,No,0b1,Yes,0b001,Land (Nothing else but land),0b0,No,0b0,No,0b00000000000000000000000000000011,0b00000000000000000000000000000011,"Cloudy data, Target not visible, covered with cloud"
Rainfed,US-NE3,41.1797,-96.4397,2020-04-06,h10v04,4233.0,3559.0,0.1449,0.2165,0.0897,102.0,2185.0,1.0,0b0000100010001001,0b01,"VI produced, but check other QA",0b0010,Decreasing quality,0b10,Average,0b0,No,0b0,No,0b0,No,0b001,Land (Nothing else but land),0b0,No,0b0,No,0b00000000000000000000000000000001,0b00000000000000000000000000000001,"Marginal data, Useful, but look at other QA information"
Rainfed,US-NE3,41.1797,-96.4397,2020-04-22,h10v04,4233.0,3559.0,0.1778,0.3011,0.06,121.0,2120.0,0.0,0b0000100001001000,0b00,VI produced with good quality,0b0010,Decreasing quality,0b01,Low,0b0,No,0b0,No,0b0,No,0b001,Land (Nothing else but land),0b0,No,0b0,No,0b00000000000000000000000000000000,0b00000000000000000000000000000000,"Good data, use with confidence"
Rainfed,US-NE3,41.1797,-96.4397,2020-05-08,h10v04,4233.0,3559.0,0.2074,0.2877,0.089,129.0,2116.0,0.0,0b0000100001000100,0b00,VI produced with good quality,0b0001,Lower quality,0b01,Low,0b0,No,0b0,No,0b0,No,0b001,Land (Nothing else but land),0b0,No,0b0,No,0b00000000000000000000000000000000,0b00000000000000000000000000000000,"Good data, use with confidence"
Rainfed,US-NE3,41.1797,-96.4397,2020-05-24,h10v04,4233.0,3559.0,0.1681,0.2656,0.0706,157.0,2185.0,1.0,0b0000100010001001,0b01,"VI produced, but check other QA",0b0010,Decreasing quality,0b10,Average,0b0,No,0b0,No,0b0,No,0b001,Land (Nothing else but land),0b0,No,0b0,No,0b00000000000000000000000000000001,0b00000000000000000000000000000001,"Marginal data, Useful, but look at other QA information"
Rainfed,US-NE3,41.1797,-96.4397,2020-06-09,h10v04,4233.0,3559.0,0.2001,0.3163,0.0684,164.0,2116.0,0.0,0b0000100001000100,0b00,VI produced with good quality,0b0001,Lower quality,0b01,Low,0b0,No,0b0,No,0b0,No,0b001,Land (Nothing else but land),0b0,No,0b0,No,0b00000000000000000000000000000000,0b00000000000000000000000000000000,"Good data, use with confidence"
Rainfed,US-NE3,41.1797,-96.4397,2020-06-25,h10v04,4233.0,3559.0,0.4463,0.6355,0.0402,189.0,2185.0,1.0,0b0000100010001001,0b01,"VI produced, but check other QA",0b0010,Decreasing quality,0b10,Average,0b0,No,0b0,No,0b0,No,0b001,Land (Nothing else but land),0b0,No,0b0,No,0b00000000000000000000000000000001,0b00000000000000000000000000000001,"Marginal data, Useful, but look at other QA information"
Rainfed,US-NE3,41.1797,-96.4397,2020-07-11,h10v04,4233.0,3559.0,0.6575,0.7409,0.0557,200.0,2116.0,0.0,0b0000100001000100,0b00,VI produced with good quality,0b0001,Lower quality,0b01,Low,0b0,No,0b0,No,0b0,No,0b001,Land (Nothing else but land),0b0,No,0b0,No,0b00000000000000000000000000000000,0b00000000000000000000000000000000,"Good data, use with confidence"
Rainfed,US-NE3,41.1797,-96.4397,2020-07-27,h10v04,4233.0,3559.0,0.6368,0.81,0.0287,222.0,2120.0,1.0,0b0000100001001000,0b00,VI produced with good quality,0b0010,Decreasing quality,0b01,Low,0b0,No,0b0,No,0b0,No,0b001,Land (Nothing else but land),0b0,No,0b0,No,0b00000000000000000000000000000001,0b00000000000000000000000000000001,"Marginal data, Useful, but look at other QA information"
Rainfed,US-NE3,41.1797,-96.4397,2020-08-12,h10v04,4233.0,3559.0,0.8424,0.9179,0.0454,230.0,2116.0,0.0,0b0000100001000100,0b00,VI produced with good quality,0b0001,Lower quality,0b01,Low,0b0,No,0b0,No,0b0,No,0b001,Land (Nothing else but land),0b0,No,0b0,No,0b00000000000000000000000000000000,0b00000000000000000000000000000000,"Good data, use with confidence"
Rainfed,US-NE3,41.1797,-96.4397,2020-08-28,h10v04,4233.0,3559.0,0.6771,0.8479,0.0296,242.0,2116.0,0.0,0b0000100001000100,0b00,VI produced with good quality,0b0001,Lower quality,0b01,Low,0b0,No,0b0,No,0b0,No,0b001,Land (Nothing else but land),0b0,No,0b0,No,0b00000000000000000000000000000000,0b00000000000000000000000000000000,"Good data, use with confidence"
Rainfed,US-NE3,41.1797,-96.4397,2020-09-13,h10v04,4233.0,3559.0,0.6589,0.792,0.0343,257.0,2116.0,0.0,0b0000100001000100,0b00,VI produced with good quality,0b0001,Lower quality,0b01,Low,0b0,No,0b0,No,0b0,No,0b001,Land (Nothing else but land),0b0,No,0b0,No,0b00000000000000000000000000000000,0b00000000000000000000000000000000,"Good data, use with confidence"
Rainfed,US-NE3,41.1797,-96.4397,2020-09-29,h10v04,4233.0,3559.0,0.2038,0.3429,0.0628,278.0,2116.0,0.0,0b0000100001000100,0b00,VI produced with good quality,0b0001,Lower quality,0b01,Low,0b0,No,0b0,No,0b0,No,0b001,Land (Nothing else but land),0b0,No,0b0,No,0b00000000000000000000000000000000,0b00000000000000000000000000000000,"Good data, use with confidence"
Rainfed,US-NE3,41.1797,-96.4397,2020-10-15,h10v04,4233.0,3559.0,0.1909,0.2795,0.077,289.0,2116.0,0.0,0b0000100001000100,0b00,VI produced with good quality,0b0001,Lower quality,0b01,Low,0b0,No,0b0,No,0b0,No,0b001,Land (Nothing else but land),0b0,No,0b0,No,0b00000000000000000000000000000000,0b00000000000000000000000000000000,"Good data, use with confidence"
Rainfed,US-NE3,41.1797,-96.4397,2020-10-31,h10v04,4233.0,3559.0,0.1502,0.2499,0.0689,317.0,3222.0,3.0,0b0000110010010110,0b10,"Pixel produced, but most probably cloudy",0b0101,Decreasing quality,0b10,Average,0b0,No,0b0,No,0b1,Yes,0b001,Land (Nothing else but land),0b0,No,0b0,No,0b00000000000000000000000000000011,0b00000000000000000000000000000011,"Cloudy data, Target not visible, covered with cloud"
Rainfed,US-NE3,41.1797,-96.4397,2020-11-16,h10v04,4233.0,3559.0,0.1374,0.2421,0.063,333.0,2120.0,0.0,0b0000100001001000,0b00,VI produced with good quality,0b0010,Decreasing quality,0b01,Low,0b0,No,0b0,No,0b0,No,0b001,Land (Nothing else but land),0b0,No,0b0,No,0b00000000000000000000000000000000,0b00000000000000000000000000000000,"Good data, use with confidence"
Rainfed,US-NE3,41.1797,-96.4397,2020-12-02,h10v04,4233.0,3559.0,-0.0043,-0.004,0.7786,352.0,18457.0,2.0,0b0100100000011001,0b01,"VI produced, but check other QA",0b0110,Decreasing quality,0b00,Climatology,0b0,No,0b0,No,0b0,No,0b001,Land (Nothing else but land),0b1,Yes,0b0,No,0b00000000000000000000000000000010,0b00000000000000000000000000000010,Snow/Ice Target covered with snow/ice
Rainfed,US-NE3,41.1797,-96.4397,2020-12-18,h10v04,4233.0,3559.0,-0.0404,-0.0373,0.8909,365.0,18453.0,2.0,0b0100100000010101,0b01,"VI produced, but check other QA",0b0101,Decreasing quality,0b00,Climatology,0b0,No,0b0,No,0b0,No,0b001,Land (Nothing else but land),0b1,Yes,0b0,No,0b00000000000000000000000000000010,0b00000000000000000000000000000010,Snow/Ice Target covered with snow/ice
Rainfed,US-NE3,41.1797,-96.4397,2021-01-01,h10v04,4233.0,3559.0,-0.0363,-0.0335,0.8794,3.0,18453.0,2.0,0b0100100000010101,0b01,"VI produced, but check other QA",0b0101,Decreasing quality,0b00,Climatology,0b0,No,0b0,No,0b0,No,0b001,Land (Nothing else but land),0b1,Yes,0b0,No,0b00000000000000000000000000000010,0b00000000000000000000000000000010,Snow/Ice Target covered with snow/ice
Rainfed,US-NE3,41.1797,-96.4397,2021-01-17,h10v04,4233.0,3559.0,-0.0241,-0.0221,0.9198,26.0,18453.0,2.0,0b0100100000010101,0b01,"VI produced, but check other QA",0b0101,Decreasing quality,0b00,Climatology,0b0,No,0b0,No,0b0,No,0b001,Land (Nothing else but land),0b1,Yes,0b0,No,0b00000000000000000000000000000010,0b00000000000000000000000000000010,Snow/Ice Target covered with snow/ice
Rainfed,US-NE3,41.1797,-96.4397,2021-02-02,h10v04,4233.0,3559.0,-0.0279,-0.0254,0.9042,40.0,18449.0,2.0,0b0100100000010001,0b01,"VI produced, but check other QA",0b0100,Decreasing quality,0b00,Climatology,0b0,No,0b0,No,0b0,No,0b001,Land (Nothing else but land),0b1,Yes,0b0,No,0b00000000000000000000000000000010,0b00000000000000000000000000000010,Snow/Ice Target covered with snow/ice
Rainfed,US-NE3,41.1797,-96.4397,2021-02-18,h10v04,4233.0,3559.0,0.1554,0.3021,0.0617,63.0,2116.0,0.0,0b0000100001000100,0b00,VI produced with good quality,0b0001,Lower quality,0b01,Low,0b0,No,0b0,No,0b0,No,0b001,Land (Nothing else but land),0b0,No,0b0,No,0b00000000000000000000000000000000,0b00000000000000000000000000000000,"Good data, use with confidence"
Rainfed,US-NE3,41.1797,-96.4397,2021-03-06,h10v04,4233.0,3559.0,0.1455,0.265,0.0635,65.0,2185.0,1.0,0b0000100010001001,0b01,"VI produced, but check other QA",0b0010,Decreasing quality,0b10,Average,0b0,No,0b0,No,0b0,No,0b001,Land (Nothing else but land),0b0,No,0b0,No,0b00000000000000000000000000000001,0b00000000000000000000000000000001,"Marginal data, Useful, but look at other QA information"
Rainfed,US-NE3,41.1797,-96.4397,2021-03-22,h10v04,4233.0,3559.0,0.1496,0.2443,0.0768,88.0,2185.0,1.0,0b0000100010001001,0b01,"VI produced, but check other QA",0b0010,Decreasing quality,0b10,Average,0b0,No,0b0,No,0b0,No,0b001,Land (Nothing else but land),0b0,No,0b0,No,0b00000000000000000000000000000001,0b00000000000000000000000000000001,"Marginal data, Useful, but look at other QA information"
Rainfed,US-NE3,41.1797,-96.4397,2021-04-07,h10v04,4233.0,3559.0,0.1577,0.245,0.0795,104.0,2185.0,1.0,0b0000100010001001,0b01,"VI produced, but check other QA",0b0010,Decreasing quality,0b10,Average,0b0,No,0b0,No,0b0,No,0b001,Land (Nothing else but land),0b0,No,0b0,No,0b00000000000000000000000000000001,0b00000000000000000000000000000001,"Marginal data, Useful, but look at other QA information"
Rainfed,US-NE3,41.1797,-96.4397,2021-04-23,h10v04,4233.0,3559.0,0.2004,0.3153,0.068,124.0,4168.0,0.0,0b0001000001001000,0b00,VI produced with good quality,0b0010,Decreasing quality,0b01,Low,0b0,No,0b0,No,0b0,No,0b010,Ocean coastlines and lake shorelines,0b0,No,0b0,No,0b00000000000000000000000000000000,0b00000000000000000000000000000000,"Good data, use with confidence"
Rainfed,US-NE3,41.1797,-96.4397,2021-05-09,h10v04,4233.0,3559.0,0.1971,0.2919,0.0758,131.0,3222.0,3.0,0b0000110010010110,0b10,"Pixel produced, but most probably cloudy",0b0101,Decreasing quality,0b10,Average,0b0,No,0b0,No,0b1,Yes,0b001,Land (Nothing else but land),0b0,No,0b0,No,0b00000000000000000000000000000011,0b00000000000000000000000000000011,"Cloudy data, Target not visible, covered with cloud"
Rainfed,US-NE3,41.1797,-96.4397,2021-05-25,h10v04,4233.0,3559.0,0.2584,0.3896,0.0605,156.0,2189.0,1.0,0b0000100010001101,0b01,"VI produced, but check other QA",0b0011,Decreasing quality,0b10,Average,0b0,No,0b0,No,0b0,No,0b001,Land (Nothing else but land),0b0,No,0b0,No,0b00000000000000000000000000000001,0b00000000000000000000000000000001,"Marginal data, Useful, but look at other QA information"
Rainfed,US-NE3,41.1797,-96.4397,2021-06-10,h10v04,4233.0,3559.0,0.4203,0.6681,0.0372,173.0,4164.0,0.0,0b0001000001000100,0b00,VI produced with good quality,0b0001,Lower quality,0b01,Low,0b0,No,0b0,No,0b0,No,0b010,Ocean coastlines and lake shorelines,0b0,No,0b0,No,0b00000000000000000000000000000000,0b00000000000000000000000000000000,"Good data, use with confidence"
Rainfed,US-NE3,41.1797,-96.4397,2021-06-26,h10v04,4233.0,3559.0,0.7837,0.8739,0.0383,186.0,2185.0,1.0,0b0000100010001001,0b01,"VI produced, but check other QA",0b0010,Decreasing quality,0b10,Average,0b0,No,0b0,No,0b0,No,0b001,Land (Nothing else but land),0b0,No,0b0,No,0b00000000000000000000000000000001,0b00000000000000000000000000000001,"Marginal data, Useful, but look at other QA information"
Rainfed,US-NE3,41.1797,-96.4397,2021-07-12,h10v04,4233.0,3559.0,0.6621,0.8813,0.0169,207.0,2185.0,1.0,0b0000100010001001,0b01,"VI produced, but check other QA",0b0010,Decreasing quality,0b10,Average,0b0,No,0b0,No,0b0,No,0b001,Land (Nothing else but land),0b0,No,0b0,No,0b00000000000000000000000000000001,0b00000000000000000000000000000001,"Marginal data, Useful, but look at other QA information"
Rainfed,US-NE3,41.1797,-96.4397,2021-07-28,h10v04,4233.0,3559.0,0.7195,0.8505,0.0391,209.0,2116.0,0.0,0b0000100001000100,0b00,VI produced with good quality,0b0001,Lower quality,0b01,Low,0b0,No,0b0,No,0b0,No,0b001,Land (Nothing else but land),0b0,No,0b0,No,0b00000000000000000000000000000000,0b00000000000000000000000000000000,"Good data, use with confidence"
Rainfed,US-NE3,41.1797,-96.4397,2021-08-13,h10v04,4233.0,3559.0,0.6393,0.8536,0.0244,225.0,2116.0,0.0,0b0000100001000100,0b00,VI produced with good quality,0b0001,Lower quality,0b01,Low,0b0,No,0b0,No,0b0,No,0b001,Land (Nothing else but land),0b0,No,0b0,No,0b00000000000000000000000000000000,0b00000000000000000000000000000000,"Good data, use with confidence"
Rainfed,US-NE3,41.1797,-96.4397,2021-08-29,h10v04,4233.0,3559.0,0.4819,0.7881,0.0235,248.0,2185.0,1.0,0b0000100010001001,0b01,"VI produced, but check other QA",0b0010,Decreasing quality,0b10,Average,0b0,No,0b0,No,0b0,No,0b001,Land (Nothing else but land),0b0,No,0b0,No,0b00000000000000000000000000000001,0b00000000000000000000000000000001,"Marginal data, Useful, but look at other QA information"
Rainfed,US-NE3,41.1797,-96.4397,2021-09-14,h10v04,4233.0,3559.0,0.2548,0.5117,0.0321,271.0,2116.0,0.0,0b0000100001000100,0b00,VI produced with good quality,0b0001,Lower quality,0b01,Low,0b0,No,0b0,No,0b0,No,0b001,Land (Nothing else but land),0b0,No,0b0,No,0b00000000000000000000000000000000,0b00000000000000000000000000000000,"Good data, use with confidence"
Rainfed,US-NE3,41.1797,-96.4397,2021-09-30,h10v04,4233.0,3559.0,0.2049,0.4434,0.042,278.0,2116.0,0.0,0b0000100001000100,0b00,VI produced with good quality,0b0001,Lower quality,0b01,Low,0b0,No,0b0,No,0b0,No,0b001,Land (Nothing else but land),0b0,No,0b0,No,0b00000000000000000000000000000000,0b00000000000000000000000000000000,"Good data, use with confidence"
Rainfed,US-NE3,41.1797,-96.4397,2021-10-16,h10v04,4233.0,3559.0,0.1699,0.3557,0.0502,289.0,2116.0,0.0,0b0000100001000100,0b00,VI produced with good quality,0b0001,Lower quality,0b01,Low,0b0,No,0b0,No,0b0,No,0b001,Land (Nothing else but land),0b0,No,0b0,No,0b00000000000000000000000000000000,0b00000000000000000000000000000000,"Good data, use with confidence"
Rainfed,US-NE3,41.1797,-96.4397,2021-11-01,h10v04,4233.0,3559.0,0.1598,0.2779,0.0578,315.0,4237.0,1.0,0b0001000010001101,0b01,"VI produced, but check other QA",0b0011,Decreasing quality,0b10,Average,0b0,No,0b0,No,0b0,No,0b010,Ocean coastlines and lake shorelines,0b0,No,0b0,No,0b00000000000000000000000000000001,0b00000000000000000000000000000001,"Marginal data, Useful, but look at other QA information"
Rainfed,US-NE3,41.1797,-96.4397,2021-11-17,h10v04,4233.0,3559.0,0.156,0.2401,0.0765,326.0,3226.0,3.0,0b0000110010011010,0b10,"Pixel produced, but most probably cloudy",0b0110,Decreasing quality,0b10,Average,0b0,No,0b0,No,0b1,Yes,0b001,Land (Nothing else but land),0b0,No,0b0,No,0b00000000000000000000000000000011,0b00000000000000000000000000000011,"Cloudy data, Target not visible, covered with cloud"
Rainfed,US-NE3,41.1797,-96.4397,2021-12-03,h10v04,4233.0,3559.0,0.1574,0.2322,0.0786,337.0,2122.0,3.0,0b0000100001001010,0b10,"Pixel produced, but most probably cloudy",0b0010,Decreasing quality,0b01,Low,0b0,No,0b0,No,0b0,No,0b001,Land (Nothing else but land),0b0,No,0b0,No,0b00000000000000000000000000000011,0b00000000000000000000000000000011,"Cloudy data, Target not visible, covered with cloud"
Rainfed,US-NE3,41.1797,-96.4397,2021-12-19,h10v04,4233.0,3559.0,0.1608,0.239,0.0781,353.0,2122.0,3.0,0b0000100001001010,0b10,"Pixel produced, but most probably cloudy",0b0010,Decreasing quality,0b01,Low,0b0,No,0b0,No,0b0,No,0b001,Land (Nothing else but land),0b0,No,0b0,No,0b00000000000000000000000000000011,0b00000000000000000000000000000011,"Cloudy data, Target not visible, covered with cloud"
