site,date,value
1,2012-12-31,-0.09978790533060942
1,2013-01-02,-0.10717998985108634
1,2013-01-03,-0.1113044320582998
1,2013-01-04,-0.11569036690081022
1,2013-01-05,-0.12031864250917118
1,2013-01-06,-0.12516907054894127
1,2013-01-07,-0.13022063865604674
1,2013-01-08,-0.13545166616457757
1,2013-01-09,-0.14083973707296046
1,2013-01-10,-0.14636173628589116
1,2013-01-11,-0.15199423248103416
1,2013-01-12,-0.1577137270019056
1,2013-01-13,-0.16349663522016558
1,2013-01-14,-0.1693193600898159
1,2013-01-15,-0.17515851655534365
1,2013-01-16,-0.1809910400775914
1,2013-01-17,-0.18679446500069335
1,2013-01-18,-0.1925469393247092
1,2013-01-19,-0.19822739167039144
1,2013-01-20,-0.20381565312878946
1,2013-01-21,-0.2092927037529553
1,2013-01-22,-0.2146407128887284
1,2013-01-23,-0.21984304299902815
1,2013-01-24,-0.22488441784074512
1,2013-01-25,-0.2297511028685904
1,2013-01-26,-0.23443091646314548
1,2013-01-27,-0.23891327566512363
1,2013-01-28,-0.243189241008172
1,2013-01-29,-0.24725146201570017
1,2013-01-30,-0.2510941889823281
1,2013-01-31,-0.2547135549142029
1,2013-02-01,-0.2581072954023715
1,2013-02-02,-0.2612745602283848
1,2013-02-03,-0.26421599577767857
1,2013-02-04,-0.2669337489315919
1,2013-02-05,-0.26943139231271473
1,2013-02-06,-0.2717137227480697
1,2013-02-07,-0.2737867620596477
1,2013-02-08,-0.27565758234882276
1,2013-02-09,-0.27733413916735056
1,2013-02-10,-0.27882527839495336
1,2013-02-11,-0.280140630927063
1,2013-02-12,-0.28129037969125953
1,2013-02-13,-0.2822850367476396
1,2013-02-14,-0.2831357266902223
1,2013-02-15,-0.2838538137528171
1,2013-02-16,-0.28445068872821655
1,2013-02-17,-0.2849376783106338
1,2013-02-18,-0.2853259177742387
1,2013-02-19,-0.2856262568667754
1,2013-02-20,-0.28584912974663695
1,2013-02-21,-0.2860046742555722
1,2013-02-22,-0.2861025146450371
1,2013-02-23,-0.2861515149596861
1,2013-02-24,-0.28616005694002367
1,2013-02-25,-0.28613592897450724
1,2013-02-26,-0.2860862063048562
1,2013-02-27,-0.28601719595929037
1,2013-02-28,-0.28593468334273303
1,2013-03-01,-0.2858438072412809
1,2013-03-02,-0.28574896196245186
1,2013-03-03,-0.28565379889602144
1,2013-03-04,-0.28556110382649214
1,2013-03-05,-0.2854727631713598
1,2013-03-06,-0.28539003437115207
1,2013-03-07,-0.28531364332437265
1,2013-03-08,-0.28524370236945956
1,2013-03-09,-0.2851797052598623
1,2013-03-10,-0.28512063786057024
1,2013-03-11,-0.2850651350276138
1,2013-03-12,-0.28501146787193815
1,2013-03-13,-0.28495760594283165
1,2013-03-14,-0.28490134449127236
1,2013-03-15,-0.28484028349680557
1,2013-03-16,-0.28477183270108264
1,2013-03-17,-0.284693258814648
1,2013-03-18,-0.2846016516600437
1,2013-03-19,-0.2844940236159574
1,2013-03-20,-0.28436738136682044
1,2013-03-21,-0.28421880141554196
1,2013-03-22,-0.2840453079102321
1,2013-03-23,-0.2838439959378132
1,2013-03-24,-0.28361229660506226
1,2013-03-25,-0.2833477755711597
1,2013-03-26,-0.28304806851179715
1,2013-03-27,-0.28271095805453056
1,2013-03-28,-0.2823347559402761
1,2013-03-29,-0.28191817785999307
1,2013-03-30,-0.2814602718594308
1,2013-03-31,-0.28096040264014227
1,2013-04-01,-0.28041817462817265
1,2013-04-02,-0.27983355275107147
1,2013-04-03,-0.2792066784477626
1,2013-04-04,-0.2785377686646002
1,2013-04-05,-0.27782721341549754
1,2013-04-06,-0.27707594521664475
1,2013-04-07,-0.2762850034849357
1,2013-04-08,-0.27545559155130084
1,2013-04-09,-0.2745891576423901
1,2013-04-10,-0.27368753479354235
1,2013-04-11,-0.27275312996218865
1,2013-04-12,-0.27178843997919666
1,2013-04-13,-0.27079590677519183
1,2013-04-14,-0.26977822982496347
1,2013-04-15,-0.2687383406538693
1,2013-04-16,-0.26767948896521426
1,2013-04-17,-0.2666051202190673
1,2013-04-18,-0.2655184307332028
1,2013-04-19,-0.2644222983694105
1,2013-04-20,-0.26331986769136106
1,2013-04-21,-0.26221430558993536
1,2013-04-22,-0.2611082623290751
1,2013-04-23,-0.2600041254424323
1,2013-04-24,-0.2589041916787698
1,2013-04-25,-0.2578111271014492
1,2013-04-26,-0.2567276919890912
1,2013-04-27,-0.25565640890237395
1,2013-04-28,-0.25459974891958903
1,2013-04-29,-0.25356018791771395
1,2013-04-30,-0.25254037819217734
1,2013-05-01,-0.2515429954286374
1,2013-05-02,-0.25056996040750845
1,2013-05-03,-0.24962250484679796
1,2013-05-04,-0.24870214649937164
1,2013-05-05,-0.24780997289199816
1,2013-05-06,-0.24694624528275094
1,2013-05-07,-0.24611101084142398
1,2013-05-08,-0.24530430809978762
1,2013-05-09,-0.24452610698203464
1,2013-05-10,-0.24377598394901587
1,2013-05-11,-0.2430529723080611
1,2013-05-12,-0.24235569379612684
1,2013-05-13,-0.24168255590975093
1,2013-05-14,-0.24103188262039124
1,2013-05-15,-0.24040178449783167
1,2013-05-16,-0.2397894359939391
1,2013-05-17,-0.23919107948471457
1,2013-05-18,-0.23860259098688025
1,2013-05-19,-0.23801902829430588
1,2013-05-20,-0.23743400159656453
1,2013-05-21,-0.2368401337487336
1,2013-05-22,-0.236229545153729
1,2013-05-23,-0.2355940289916499
1,2013-05-24,-0.2349247721362546
1,2013-05-25,-0.23421196094727895
1,2013-05-26,-0.23344492234073663
1,2013-05-27,-0.23261213127987945
1,2013-05-28,-0.2317014249482103
1,2013-05-29,-0.2307000315655234
1,2013-05-30,-0.22959424939873652
1,2013-05-31,-0.22836945803207306
1,2013-06-01,-0.2270106780150265
1,2013-06-02,-0.2255023742663635
1,2013-06-03,-0.2238282614459146
1,2013-06-04,-0.22197191275809766
1,2013-06-05,-0.21991739223660126
1,2013-06-06,-0.21764920163282414
1,2013-06-07,-0.21515219956894815
1,2013-06-08,-0.21241151487632054
1,2013-06-09,-0.2094131557451687
1,2013-06-10,-0.20614409943187434
1,2013-06-11,-0.20259262645467258
1,2013-06-12,-0.19874890559196273
1,2013-06-13,-0.19460525314477992
1,2013-06-14,-0.19015576766816578
1,2013-06-15,-0.18539624671142063
1,2013-06-16,-0.1803249649073735
1,2013-06-17,-0.17494268233353985
1,2013-06-18,-0.1692533861321176
1,2013-06-19,-0.16326466363242467
1,2013-06-20,-0.15698678924215834
1,2013-06-21,-0.15043287557928714
1,2013-06-22,-0.14361916416818937
1,2013-06-23,-0.13656462404585382
1,2013-06-24,-0.1292910907746837
1,2013-06-25,-0.12182338988799331
1,2013-06-26,-0.11418917154995782
1,2013-06-27,-0.10641798022984626
1,2013-06-28,-0.09854240020729683
1,2013-06-29,-0.09059723124236273
1,2013-06-30,-0.08261870244828023
1,2013-07-01,-0.07464375739149712
1,2013-07-02,-0.066710259096179
1,2013-07-03,-0.05885719918475723
1,2013-07-04,-0.05112418340304013
1,2013-07-05,-0.043550716809112176
1,2013-07-06,-0.036176350157444394
1,2013-07-07,-0.029038724786535786
1,2013-07-08,-0.022173392320694825
1,2013-07-09,-0.015614168897288042
1,2013-07-10,-0.00939234069132014
1,2013-07-11,-0.003536058402096595
1,2013-07-12,0.0019299568265917202
1,2013-07-13,0.006983554877550638
1,2013-07-14,0.011605816660727852
1,2013-07-15,0.01578212977450495
1,2013-07-16,0.019501956800448493
1,2013-07-17,0.022757385711977014
1,2013-07-18,0.025543600943637924
1,2013-07-19,0.02785977877839129
1,2013-07-20,0.02970939101988957
1,2013-07-21,0.031099977821655723
1,2013-07-22,0.0320425498807367
1,2013-07-23,0.03255173423532895
1,2013-07-24,0.03264416898701517
1,2013-07-25,0.03233950710126521
1,2013-07-26,0.03165900507480495
1,2013-07-27,0.030624928348184855
1,2013-07-28,0.029261177411246963
1,2013-07-29,0.027591393045905865
1,2013-07-30,0.025639514436512273
1,2013-07-31,0.023428795846663818
1,2013-08-01,0.020982889225858024
1,2013-08-02,0.01832396173688736
1,2013-08-03,0.015472047956082466
1,2013-08-04,0.01244432721400034
1,2013-08-05,0.009256563783595477
1,2013-08-06,0.005923739683518383
1,2013-08-07,0.0024591639614912533
1,2013-08-08,-0.0011263914203364133
1,2013-08-09,-0.004824383994081643
1,2013-08-10,-0.008628967723524285
1,2013-08-11,-0.01253555543902225
1,2013-08-12,-0.016541696795609736
1,2013-08-13,-0.020646970752294543
1,2013-08-14,-0.024852197340373375
1,2013-08-15,-0.02915861283939704
1,2013-08-16,-0.033568425475229424
1,2013-08-17,-0.03808407312408884
1,2013-08-18,-0.04270949880677629
1,2013-08-19,-0.04744964227736354
1,2013-08-20,-0.0523085114726544
1,2013-08-21,-0.05728981831184516
1,2013-08-22,-0.062395915096777256
1,2013-08-23,-0.06762769085162798
1,2013-08-24,-0.07298484561836237
1,2013-08-25,-0.07846529050629664
1,2013-08-26,-0.0840660513493057
1,2013-08-27,-0.08978276137753088
1,2013-08-28,-0.09560908586425096
1,2013-08-29,-0.10153622618364136
1,2013-08-30,-0.10755202779395306
1,2013-08-31,-0.11364181029966004
1,2013-09-01,-0.11979037920129638
1,2013-09-02,-0.12598132563809353
1,2013-09-03,-0.13219708710965655
1,2013-09-04,-0.1384181740986383
1,2013-09-05,-0.1446231728677207
1,2013-09-06,-0.15078940072823818
1,2013-09-07,-0.1568945828374143
1,2013-09-08,-0.16291548981678947
1,2013-09-09,-0.1688279456632275
1,2013-09-10,-0.1746073389385817
1,2013-09-11,-0.18022892936019702
1,2013-09-12,-0.18566909845861218
1,2013-09-13,-0.1909050057766544
1,2013-09-14,-0.1959146764290551
1,2013-09-15,-0.20067893389453645
1,2013-09-16,-0.20518121765253014
1,2013-09-17,-0.20940713984647094
1,2013-09-18,-0.2133454687783192
1,2013-09-19,-0.2169869568868392
1,2013-09-20,-0.2203238928865298
1,2013-09-21,-0.22335156771758632
1,2013-09-22,-0.22606824772000977
1,2013-09-23,-0.22847458289521524
1,2013-09-24,-0.23057369178504725
1,2013-09-25,-0.23237093960281008
1,2013-09-26,-0.2338741173135609
1,2013-09-27,-0.23509374806683925
1,2013-09-28,-0.23604241472630297
1,2013-09-29,-0.23673551815378388
1,2013-09-30,-0.23719026463506995
1,2013-10-01,-0.23742546715650356
1,2013-10-02,-0.237461759553488
1,2013-10-03,-0.23732090093639205
1,2013-10-04,-0.23702505947975913
1,2013-10-05,-0.23659728616908313
1,2013-10-06,-0.23606094194321658
1,2013-10-07,-0.23543865905972963
1,2013-10-08,-0.23475259787774438
1,2013-10-09,-0.23402390204696225
1,2013-10-10,-0.23327273647340707
1,2013-10-11,-0.23251833548808618
1,2013-10-12,-0.23177835552330012
1,2013-10-13,-0.2310687193427023
1,2013-10-14,-0.2304035360458073
1,2013-10-15,-0.2297949089704541
1,2013-10-16,-0.22925335177575637
1,2013-10-17,-0.22878710602070512
1,2013-10-18,-0.22840175132078228
1,2013-10-19,-0.2281004392315084
1,2013-10-20,-0.22788408754196754
1,2013-10-21,-0.22775092456630053
1,2013-10-22,-0.22769686338108056
1,2013-10-23,-0.2277159076934742
1,2013-10-24,-0.22780023288251178
1,2013-10-25,-0.22793978483570243
1,2013-10-26,-0.22812218438592452
1,2013-10-27,-0.2283329869550218
1,2013-10-28,-0.22855619951974862
1,2013-10-29,-0.22877464135088496
1,2013-10-30,-0.22897032368093584
1,2013-10-31,-0.22912454899505666
1,2013-11-01,-0.2292179734249104
1,2013-11-02,-0.22923109789482773
1,2013-11-03,-0.22914437816939248
1,2013-11-04,-0.22893834101692662
1,2013-11-05,-0.22859390206580107
1,2013-11-06,-0.2280931422718099
1,2013-11-07,-0.22741920763380252
1,2013-11-08,-0.22655620460347095
1,2013-11-09,-0.2254894821139324
1,2013-11-10,-0.22420599874390423
1,2013-11-11,-0.22269471276182767
1,2013-11-12,-0.22094666510087532
1,2013-11-13,-0.21895515160756127
1,2013-11-14,-0.21671572142658638
1,2013-11-15,-0.2142262445946714
1,2013-11-16,-0.21148699022433803
1,2013-11-17,-0.20850059786416436
1,2013-11-18,-0.205271927035916
1,2013-11-19,-0.20180796682322136
1,2013-11-20,-0.19811812348607144
1,2013-11-21,-0.1942139804028024
1,2013-11-22,-0.19010929891939313
1,2013-11-23,-0.1858198030227242
1,2013-11-24,-0.18136318163621315
1,2013-11-25,-0.1767588189335093
1,2013-11-26,-0.1720276220474096
1,2013-11-27,-0.1671919130133742
1,2013-11-28,-0.16227522934976324
1,2013-11-29,-0.15730218570998933
1,2013-11-30,-0.15229819415292017
1,2013-12-01,-0.14728924277865516
1,2013-12-02,-0.1423016008929859
1,2013-12-03,-0.13736169508653961
1,2013-12-04,-0.132495986737932
1,2013-12-05,-0.12773068178577518
1,2013-12-06,-0.12309158399057465
1,2013-12-07,-0.1186038268977439
1,2013-12-08,-0.11429175954882316
1,2013-12-09,-0.11017882191289373
1,2013-12-10,-0.10628741263021454
1,2013-12-11,-0.10263883025517993
1,2013-12-12,-0.09925310846910221
1,2013-12-13,-0.09614899539407397
1,2013-12-14,-0.09334378834698784
1,2013-12-15,-0.09085319715104366
1,2013-12-16,-0.08869123494086972
1,2013-12-17,-0.08687018304414502
1,2013-12-18,-0.08540061678753925
1,2013-12-19,-0.08429137494575399
1,2013-12-20,-0.08354946150286592
1,2013-12-21,-0.08317999123163682
1,2013-12-22,-0.08318619745074554
1,2013-12-23,-0.08356951619360885
1,2013-12-24,-0.08432952461838446
1,2013-12-25,-0.08546399948106868
1,2013-12-26,-0.08696890031697166
1,2013-12-27,-0.08883844549084376
1,2013-12-28,-0.09106516342676785
1,2013-12-29,-0.09363990645576434
1,2013-12-30,-0.09655194672262579
1,2013-12-31,-0.09978893807877198
1,2014-01-01,-0.10333706760202227
1,2014-01-02,-0.10718106721569487
1,2014-01-03,-0.111304270655628
1,2014-01-04,-0.11568870614658859
1,2014-01-05,-0.12031529528208869
1,2014-01-06,-0.12516405926749558
1,2014-01-07,-0.13021405550106477
1,2014-01-08,-0.1354435477604329
1,2014-01-09,-0.14083008218472756
1,2014-01-10,-0.14635065754724472
1,2014-01-11,-0.15198201748819543
1,2014-01-12,-0.1577006501050657
1,2014-01-13,-0.16348304763870114
1,2014-01-14,-0.1693056626151906
1,2014-01-15,-0.17514508325122313
1,2014-01-16,-0.18097809773755508
1,2014-01-17,-0.18678193142187083
1,2014-01-18,-0.19253445394073956
1,2014-01-19,-0.19821458499431305
1,2014-01-20,-0.2038023234945807
1,2014-01-21,-0.209278682055334
1,2014-01-22,-0.21462586833434083
1,2014-01-23,-0.219827331335209
1,2014-01-24,-0.22486788940320213
1,2014-01-25,-0.2297340061339651
1,2014-01-26,-0.23441361046224893
1,2014-01-27,-0.238896249406212
1,2014-01-28,-0.24317305415911367
1,2014-01-29,-0.24723662766497662
1,2014-01-30,-0.2510811283246193
1,2014-01-31,-0.25470236733097174
1,2014-02-01,-0.2580976923451294
1,2014-02-02,-0.2612662417579773
1,2014-02-03,-0.2642086905912423
1,2014-02-04,-0.2669271568278205
1,2014-02-05,-0.2694252846710485
1,2014-02-06,-0.2717079468930812
1,2014-02-07,-0.2737811330243255
1,2014-02-08,-0.2756520323865331
1,2014-02-09,-0.2773287493585585
1,2014-02-10,-0.2788202230166642
1,2014-02-11,-0.28013623049904607
1,2014-02-12,-0.2812870123059918
1,2014-02-13,-0.28228322662278094
1,2014-02-14,-0.283135867496737
1,2014-02-15,-0.28385594222851734
1,2014-02-16,-0.28445471462972227
1,2014-02-17,-0.2849433203000037
1,2014-02-18,-0.28533275053879514
1,2014-02-19,-0.2856339965514979
1,2014-02-20,-0.28585765057539075
1,2014-02-21,-0.28601366285960805
1,2014-02-22,-0.28611165561323537
1,2014-02-23,-0.28616066344585933
1,2014-02-24,-0.28616916963149686
1,2014-02-25,-0.28614508850620707
1,2014-02-26,-0.2860956686295069
1,2014-02-27,-0.286027366473915
1,2014-02-28,-0.2859459150831636
1,2014-03-01,-0.28585612147130035
1,2014-03-02,-0.2857622237731572
1,2014-03-03,-0.28566759689666493
1,2014-03-04,-0.2855749656426213
1,2014-03-05,-0.28548655350306573
1,2014-03-06,-0.28540371859862385
1,2014-03-07,-0.285327007386872
1,2014-03-08,-0.2852566488886602
1,2014-03-09,-0.2851923940210061
1,2014-03-10,-0.28513343812947706
1,2014-03-11,-0.2850785144813858
1,2014-03-12,-0.28502584464041697
1,2014-03-13,-0.28497333936809444
1,2014-03-14,-0.28491877312317737
1,2014-03-15,-0.2848595422310291
1,2014-03-16,-0.2847930348177285
1,2014-03-17,-0.2847162952877643
1,2014-03-18,-0.28462623168878226
1,2014-03-19,-0.28451992741648074
1,2014-03-20,-0.2843944361259123
1,2014-03-21,-0.28424664674916766
1,2014-03-22,-0.28407373546007153
1,2014-03-23,-0.283873053401802
1,2014-03-24,-0.2836420918685216
1,2014-03-25,-0.28337849645252317
1,2014-03-26,-0.2830799567543082
1,2014-03-27,-0.28274432078623835
1,2014-03-28,-0.28236985702269557
1,2014-03-29,-0.2819550529026961
1,2014-03-30,-0.2814988791325431
1,2014-03-31,-0.28100042518255847
1,2014-04-01,-0.2804590747996633
1,2014-04-02,-0.2798745941811858
1,2014-04-03,-0.27924702912922594
1,2014-04-04,-0.2785766684153448
1,2014-04-05,-0.27786430759464176
1,2014-04-06,-0.27711115893698274
1,2014-04-07,-0.2763185719800094
1,2014-04-08,-0.275488027283697
1,2014-04-09,-0.2746210188893424
1,2014-04-10,-0.27371932507248153
1,2014-04-11,-0.2727851202540454
1,2014-04-12,-0.27182075069842826
1,2014-04-13,-0.2708288827438852
1,2014-04-14,-0.269812157581527
1,2014-04-15,-0.2687731972681326
1,2014-04-16,-0.2677147767825987
1,2014-04-17,-0.2666400525056954
1,2014-04-18,-0.26555224137746714
1,2014-04-19,-0.26445459703709157
1,2014-04-20,-0.26335035126518574
1,2014-04-21,-0.26224260752960005
1,2014-04-22,-0.26113428339555683
1,2014-04-23,-0.2600280406888408
1,2014-04-24,-0.2589265557932809
1,2014-04-25,-0.2578325811919494
1,2014-04-26,-0.25674878461154754
1,2014-04-27,-0.255677816667335
1,2014-04-28,-0.25462202993547467
1,2014-04-29,-0.25358352490392266
1,2014-04-30,-0.2525641756350859
1,2014-05-01,-0.25156599465134094
1,2014-05-02,-0.25059105341143023
1,2014-05-03,-0.24964124208009203
1,2014-05-04,-0.2487181896887343
1,2014-05-05,-0.24782313196329728
1,2014-05-06,-0.24695673514064959
1,2014-05-07,-0.24611908292649085
1,2014-05-08,-0.24531030509491514
1,2014-05-09,-0.24453029214225838
1,2014-05-10,-0.24377862794439284
1,2014-05-11,-0.2430547185655118
1,2014-05-12,-0.24235740448196622
1,2014-05-13,-0.24168482869241636
1,2014-05-14,-0.24103453358649093
1,2014-05-15,-0.24040413892873283
1,2014-05-16,-0.2397908510548698
1,2014-05-17,-0.23919113382421994
1,2014-05-18,-0.23860076113246717
1,2014-05-19,-0.23801473360500464
1,2014-05-20,-0.23742721742400025
1,2014-05-21,-0.23683149654956467
1,2014-05-22,-0.23622034248181556
1,2014-05-23,-0.23558540535520547
1,2014-05-24,-0.23491760159526134
1,2014-05-25,-0.23420706520593884
1,2014-05-26,-0.23344274055334965
1,2014-05-27,-0.2326128314118271
1,2014-05-28,-0.23170473736394026
1,2014-05-29,-0.23070533494868015
1,2014-05-30,-0.22960129465429197
1,2014-05-31,-0.22837832842909397
1,2014-06-01,-0.2270213325343875
1,2014-06-02,-0.22551478385756069
1,2014-06-03,-0.22384243160406905
1,2014-06-04,-0.22198771519546098
1,2014-06-05,-0.2199346419517747
1,2014-06-06,-0.21766743902820418
1,2014-06-07,-0.21517081576217972
1,2014-06-08,-0.21243019204612656
1,2014-06-09,-0.20943169958209318
1,2014-06-10,-0.20616258988854172
1,2014-06-11,-0.20261132333952647
1,2014-06-12,-0.198768197545469
1,2014-06-13,-0.19462598437586331
1,2014-06-14,-0.19017905703928986
1,2014-06-15,-0.18542367350178943
1,2014-06-16,-0.18035860347145768
1,2014-06-17,-0.17498474287085808
1,2014-06-18,-0.16930547318225364
1,2014-06-19,-0.16332760364992227
1,2014-06-20,-0.1570608401277888
1,2014-06-21,-0.1505177809846354
1,2014-06-22,-0.14371414475738184
1,2014-06-23,-0.13666909312779507
1,2014-06-24,-0.12940491002145646
1,2014-06-25,-0.1219464744652965
1,2014-06-26,-0.1143213696572738
1,2014-06-27,-0.10655923785935524
1,2014-06-28,-0.09869223291589292
1,2014-06-29,-0.09075447600280383
1,2014-06-30,-0.08278181154477078
1,2014-07-01,-0.07481204208205125
1,2014-07-02,-0.06688460317482532
1,2014-07-03,-0.059038913936454746
1,2014-07-04,-0.05131445232705311
1,2014-07-05,-0.04375149372554497
1,2014-07-06,-0.036388434696688
1,2014-07-07,-0.02926276038016391
1,2014-07-08,-0.022410722557250358
1,2014-07-09,-0.01586597943627854
1,2014-07-10,-0.00965886871580845
1,2014-07-11,-0.003817755232659436
1,2014-07-12,0.0016316268430915687
1,2014-07-13,0.006665949118590423
1,2014-07-14,0.011266671783036092
1,2014-07-15,0.015420592279592662
1,2014-07-16,0.019118714300052103
1,2014-07-17,0.022353585191284678
1,2014-07-18,0.02512050129584247
1,2014-07-19,0.02741958204211647
1,2014-07-20,0.02925456488775442
1,2014-07-21,0.030633123868635294
1,2014-07-22,0.03156793083437032
1,2014-07-23,0.03207444619950184
1,2014-07-24,0.03216773445570876
1,2014-07-25,0.03186512841475722
1,2014-07-26,0.03118750910254551
1,2014-07-27,0.030157495230462444
1,2014-07-28,0.02879825278458653
1,2014-07-29,0.027133152954241846
1,2014-07-30,0.025185735832804854
1,2014-07-31,0.022979072465316268
1,2014-08-01,0.020534991429142203
1,2014-08-02,0.017873843328819822
1,2014-08-03,0.015014907273857455
1,2014-08-04,0.011976910565183095
1,2014-08-05,0.008777808840432269
1,2014-08-06,0.005434040085213208
1,2014-08-07,0.001959258179578562
1,2014-08-08,-0.0016358033523677193
1,2014-08-09,-0.005342252440337869
1,2014-08-10,-0.009153744930768438
1,2014-08-11,-0.013066488124009262
1,2014-08-12,-0.017077933354705293
1,2014-08-13,-0.02118688131685994
1,2014-08-14,-0.02539405186887856
1,2014-08-15,-0.029701436228205595
1,2014-08-16,-0.034110877099346376
1,2014-08-17,-0.03862634351795674
1,2014-08-18,-0.04325117290566081
1,2014-08-19,-0.04798854168779354
1,2014-08-20,-0.052842160057830344
1,2014-08-21,-0.05781599630197395
1,2014-08-22,-0.0629126419494124
1,2014-08-23,-0.06813364968809661
1,2014-08-24,-0.07347949120092297
1,2014-08-25,-0.07894912799431743
1,2014-08-26,-0.08453940980768575
1,2014-08-27,-0.09024562713876821
1,2014-08-28,-0.09606143099296022
1,2014-08-29,-0.10197843332775035
1,2014-08-30,-0.10798514206794003
1,2014-08-31,-0.11406868124621923
1,2014-09-01,-0.12021333265819231
1,2014-09-02,-0.12640106760278572
1,2014-09-03,-0.1326128710369517
1,2014-09-04,-0.13882877775901256
1,2014-09-05,-0.14502693448396609
1,2014-09-06,-0.15118493480970988
1,2014-09-07,-0.15728033061986949
1,2014-09-08,-0.16328962855297083
1,2014-09-09,-0.16918819117010453
1,2014-09-10,-0.17495155351262826
1,2014-09-11,-0.18055641741985348
1,2014-09-12,-0.18597941365816925
1,2014-09-13,-0.1911979401212063
1,2014-09-14,-0.19619178241352123
1,2014-09-15,-0.2009418503214132
1,2014-09-16,-0.20543087929753395
1,2014-09-17,-0.209644124579215
1,2014-09-18,-0.21357000221337186
1,2014-09-19,-0.2171993329955357
1,2014-09-20,-0.22052507427178386
1,2014-09-21,-0.22354254523538125
1,2014-09-22,-0.2262497000808232
1,2014-09-23,-0.22864676171294193
1,2014-09-24,-0.23073644321061754
1,2014-09-25,-0.2325243239232426
1,2014-09-26,-0.2340182293259198
1,2014-09-27,-0.23522866811951826
1,2014-09-28,-0.23616902399092793
1,2014-09-29,-0.23685479712777613
1,2014-09-30,-0.2373033519540647
1,2014-10-01,-0.23753355001907192
1,2014-10-02,-0.237565752399515
1,2014-10-03,-0.2374216025404968
1,2014-10-04,-0.23712342664293587
1,2014-10-05,-0.2366939177853487
1,2014-10-06,-0.23615588573317034
1,2014-10-07,-0.23553165989475908
1,2014-10-08,-0.23484295895750695
1,2014-10-09,-0.23411090738562054
1,2014-10-10,-0.23335546897780912
1,2014-10-11,-0.23259570276443983
1,2014-10-12,-0.23184962291841915
1,2014-10-13,-0.2311336386417224
1,2014-10-14,-0.23046260902116342
1,2014-10-15,-0.22984917842062974
1,2014-10-16,-0.22930352564268972
1,2014-10-17,-0.22883380586854027
1,2014-10-18,-0.22844576942067388
1,2014-10-19,-0.22814273837960403
1,2014-10-20,-0.22792543393822265
1,2014-10-21,-0.22779193702850756
1,2014-10-22,-0.22773791176446512
1,2014-10-23,-0.22775707996462102
1,2014-10-24,-0.22784093848730133
1,2014-10-25,-0.2279789251858333
1,2014-10-26,-0.22815879961503244
1,2014-10-27,-0.22836642977091282
1,2014-10-28,-0.22858617126048614
1,2014-10-29,-0.22880118292475463
1,2014-10-30,-0.22899366152077968
1,2014-10-31,-0.2291453001339221
1,2014-11-01,-0.22923691747210762
1,2014-11-02,-0.2292490641861665
1,2014-11-03,-0.22916212923576032
1,2014-11-04,-0.22895616221981918
1,2014-11-05,-0.2286116305228463
1,2014-11-06,-0.22811033447992504
1,2014-11-07,-0.2274349828381809
1,2014-11-08,-0.2265696625124739
1,2014-11-09,-0.22550010386468872
1,2014-11-10,-0.22421358215448262
1,2014-11-11,-0.2226992676953906
1,2014-11-12,-0.22094841690925843
1,2014-11-13,-0.21895445911404834
1,2014-11-14,-0.21671338612791707
1,2014-11-15,-0.21422315862558902
1,2014-11-16,-0.21148412602395994
1,2014-11-17,-0.2084988989292527
1,2014-11-18,-0.20527178950311417
1,2014-11-19,-0.20180927516012076
1,2014-11-20,-0.19812054467846535
1,2014-11-21,-0.19421694789831312
1,2014-11-22,-0.19011207111243777
1,2014-11-23,-0.18582167718855114
1,2014-11-24,-0.1813635520914268
1,2014-11-25,-0.17675739435375976
1,2014-11-26,-0.17202446267497828
1,2014-11-27,-0.16718731266593068
1,2014-11-28,-0.16226982827761757
1,2014-11-29,-0.1572967478947767
1,2014-11-30,-0.1522935481446955
1,2014-12-01,-0.1472861418596055
1,2014-12-02,-0.142300435858295
1,2014-12-03,-0.13736242512820282
1,2014-12-04,-0.1324983204528749
1,2014-12-05,-0.12773414540090108
1,2014-12-06,-0.12309552479135419
1,2014-12-07,-0.11860760110132072
1,2014-12-08,-0.11429490441536108
1,2014-12-09,-0.11018113886646079
1,2014-12-10,-0.10628895953741506
1,2014-12-11,-0.10263981931147385
1,2014-12-12,-0.09925392336193459
1,2014-12-13,-0.09615003418325219
1,2014-12-14,-0.09334541554099428
1,2014-12-15,-0.09085567403228376
1,2014-12-16,-0.08869467153954323
1,2014-12-17,-0.08687457498709464
1,2014-12-18,-0.08540592068376601
1,2014-12-19,-0.08429749431929821
1,2014-12-20,-0.08355625217714527
1,2014-12-21,-0.08318736898796224
1,2014-12-22,-0.08319414409846324
1,2014-12-23,-0.0835780012921536
1,2014-12-24,-0.08433855990933625
1,2014-12-25,-0.08547366069367562
1,2014-12-26,-0.08697939100753795
1,2014-12-27,-0.08885000956223509
1,2014-12-28,-0.09107804113741902
1,2014-12-29,-0.0936543044368
1,2014-12-30,-0.09656791719695984
1,2014-12-31,-0.09980635333471233
1,2015-01-01,-0.10335569753547268
1,2015-01-02,-0.10720065274914577
1,2015-01-03,-0.11132455913162854
1,2015-01-04,-0.11570965068450081
1,2015-01-05,-0.12033695588951217
1,2015-01-06,-0.12518635733307185
1,2015-01-07,-0.13023688304949232
1,2015-01-08,-0.13546692848367653
1,2015-01-09,-0.14085414681742242
1,2015-01-10,-0.14637560704296965
1,2015-01-11,-0.1520080284458873
1,2015-01-12,-0.15772788410029467
1,2015-01-13,-0.16351145035247794
1,2015-01-14,-0.16933498613269254
1,2015-01-15,-0.17517496924729917
1,2015-01-16,-0.1810082521337535
1,2015-01-17,-0.1868122420590334
1,2015-01-18,-0.1925651331068179
1,2015-01-19,-0.1982458341323741
1,2015-01-20,-0.20383416192294834
1,2015-01-21,-0.2093111031991071
1,2015-01-22,-0.21465891872428425
1,2015-01-23,-0.2198610439623872
1,2015-01-24,-0.22490229402524364
1,2015-01-25,-0.2297690197499684
1,2015-01-26,-0.2344490855555613
1,2015-01-27,-0.23893185910450623
1,2015-01-28,-0.2432083100866887
1,2015-01-29,-0.24727098888257493
1,2015-01-30,-0.25111416777665885
1,2015-01-31,-0.2547338294990786
1,2015-02-01,-0.25812764157316365
1,2015-02-02,-0.26129478646076226
1,2015-02-03,-0.26423598666597925
1,2015-02-04,-0.2669534745387644
1,2015-02-05,-0.269450860276475
1,2015-02-06,-0.2717329284536729
1,2015-02-07,-0.2738057149268352
1,2015-02-08,-0.2756763637817392
1,2015-02-09,-0.27735296692453115
1,2015-02-10,-0.2788443962392501
1,2015-02-11,-0.28016024087138613
1,2015-02-12,-0.2813105817749276
1,2015-02-13,-0.28230609115857563
1,2015-02-14,-0.28315778140270703
1,2015-02-15,-0.2838769559937209
1,2015-02-16,-0.2844748207192856
1,2015-02-17,-0.2849625674853725
1,2015-02-18,-0.2853512690362905
1,2015-02-19,-0.28565180667090695
1,2015-02-20,-0.28587459236094254
1,2015-02-21,-0.28602969642648557
1,2015-02-22,-0.28612679999264223
1,2015-02-23,-0.2861751195049254
1,2015-02-24,-0.28618305360804147
1,2015-02-25,-0.28615842462216873
1,2015-02-26,-0.2861082717358617
1,2015-02-27,-0.286039204297117
1,2015-02-28,-0.28595707059821085
1,2015-03-01,-0.28586696212000157
1,2015-03-02,-0.2857729000882261
1,2015-03-03,-0.28567818334249245
1,2015-03-04,-0.28558540511120617
1,2015-03-05,-0.2854965161136165
1,2015-03-06,-0.2854126616997228
1,2015-03-07,-0.28533453444543094
1,2015-03-08,-0.28526242701799637
1,2015-03-09,-0.28519620155136344
1,2015-03-10,-0.2851349020441183
1,2015-03-11,-0.28507727851098447
1,2015-03-12,-0.285021654311488
1,2015-03-13,-0.2849664728860629
1,2015-03-14,-0.28490978082644786
1,2015-03-15,-0.28484946769352726
1,2015-03-16,-0.2847826014425943
1,2015-03-17,-0.28470612545058116
1,2015-03-18,-0.2846168032203199
1,2015-03-19,-0.2845114426638685
1,2015-03-20,-0.28438669282507967
1,2015-03-21,-0.28423923109542076
1,2015-03-22,-0.28406614888796394
1,2015-03-23,-0.28386499376278757
1,2015-03-24,-0.28363305192748967
1,2015-03-25,-0.28336783022895595
1,2015-03-26,-0.283067202960592
1,2015-03-27,-0.28272959767850175
1,2015-03-28,-0.2823535897205409
1,2015-03-29,-0.28193804223052793
1,2015-03-30,-0.28148158530143336
1,2015-03-31,-0.2809832166008865
1,2015-04-01,-0.2804422402528943
1,2015-04-02,-0.2798583792359376
1,2015-04-03,-0.27923140063252067
1,2015-04-04,-0.2785613936640629
1,2015-04-05,-0.27784908326874264
1,2015-04-06,-0.2770955733798828
1,2015-04-07,-0.2763019080494545
1,2015-04-08,-0.27546971031531114
1,2015-04-09,-0.27460086351462487
1,2015-04-10,-0.27369779617989487
1,2015-04-11,-0.27276300252861657
1,2015-04-12,-0.2717991534665713
1,2015-04-13,-0.270808579179142
1,2015-04-14,-0.2697938112051753
1,2015-04-15,-0.2687572813628072
1,2015-04-16,-0.2677017358094628
1,2015-04-17,-0.2666298976923632
1,2015-04-18,-0.2655444821476006
1,2015-04-19,-0.26444851843052924
1,2015-04-20,-0.2633452521677803
1,2015-04-21,-0.2622376188824155
1,2015-04-22,-0.26112860383719383
1,2015-04-23,-0.2600212081029488
1,2015-04-24,-0.2589186164277517
1,2015-04-25,-0.25782394275832365
1,2015-04-26,-0.25674007529110887
1,2015-04-27,-0.2556694524375985
1,2015-04-28,-0.25461438447103957
1,2015-04-29,-0.2535770460059404
1,2015-04-30,-0.252559517755329
1,2015-05-01,-0.251563618413038
1,2015-05-02,-0.2505909149854617
1,2015-05-03,-0.2496429324736144
1,2015-05-04,-0.2487209735462388
1,2015-05-05,-0.24782597644315796
1,2015-05-06,-0.24695876828419674
1,2015-05-07,-0.2461199102618385
1,2015-05-08,-0.2453098579645843
1,2015-05-09,-0.2445287860134997
1,2015-05-10,-0.24377647287782567
1,2015-05-11,-0.24305224347652515
1,2015-05-12,-0.24235510677679473
1,2015-05-13,-0.24168351320991732
1,2015-05-14,-0.24103560475613875
1,2015-05-15,-0.24040888794540224
1,2015-05-16,-0.23979997281757587
1,2015-05-17,-0.23920463237034023
1,2015-05-18,-0.23861814662768832
1,2015-05-19,-0.2380351346215853
1,2015-05-20,-0.23744954387284992
1,2015-05-21,-0.23685472134570434
1,2015-05-22,-0.23624330926736548
1,2015-05-23,-0.2356071850556299
1,2015-05-24,-0.23493737452191288
1,2015-05-25,-0.2342240915978535
1,2015-05-26,-0.23345686168990207
1,2015-05-27,-0.232624316349344
1,2015-05-28,-0.23171430330840367
1,2015-05-29,-0.2307137880521153
1,2015-05-30,-0.22960877003972233
1,2015-05-31,-0.22838455688941034
1,2015-06-01,-0.22702599093218306
1,2015-06-02,-0.22551739542886856
1,2015-06-03,-0.2238429607768411
1,2015-06-04,-0.22198668355187698
1,2015-06-05,-0.21993269066226392
1,2015-06-06,-0.21766530112440427
1,2015-06-07,-0.21516926789614854
1,2015-06-08,-0.21243003276972752
1,2015-06-09,-0.20943416194658995
1,2015-06-10,-0.2061689508131041
1,2015-06-11,-0.20262282822320613
1,2015-06-12,-0.19878578081473788
1,2015-06-13,-0.19464931117397488
1,2015-06-14,-0.19020693637518377
1,2015-06-15,-0.18545456691603937
1,2015-06-16,-0.1803904984856605
1,2015-06-17,-0.17501566498843912
1,2015-06-18,-0.16933387082663443
1,2015-06-19,-0.16335202107490585
1,2015-06-20,-0.15708020009160206
1,2015-06-21,-0.15053151091569714
1,2015-06-22,-0.1437224555243116
1,2015-06-23,-0.13667242174904443
1,2015-06-24,-0.1294035785968154
1,2015-06-25,-0.12194083197721041
1,2015-06-26,-0.11431183766618823
1,2015-06-27,-0.10654670435761979
1,2015-06-28,-0.09867767770774498
1,2015-06-29,-0.09073909982972694
1,2015-06-30,-0.082767476632157
1,2015-07-01,-0.07480093737818679
1,2015-07-02,-0.06687815186752691
1,2015-07-03,-0.05903836368086738
1,2015-07-04,-0.05132128487422459
1,2015-07-05,-0.04376579228844887
1,2015-07-06,-0.03641024235849915
1,2015-07-07,-0.02929307613802234
1,2015-07-08,-0.022450146512227244
1,2015-07-09,-0.01591432929401181
1,2015-07-10,-0.00971621928462061
1,2015-07-11,-0.0038844411195988362
1,2015-07-12,0.001554867135335463
1,2015-07-13,0.00657882013906718
1,2015-07-14,0.011168731059481407
1,2015-07-15,0.015310678572782413
1,2015-07-16,0.018994968711815725
1,2015-07-17,0.02221464519996416
1,2015-07-18,0.02496689681222701
1,2015-07-19,0.027252574854078566
1,2015-07-20,0.029076797336639242
1,2015-07-21,0.030449095182382018
1,2015-07-22,0.03138056842334369
1,2015-07-23,0.031883382075072395
1,2015-07-24,0.031972852454406404
1,2015-07-25,0.03166718603612154
1,2015-07-26,0.030986768808301823
1,2015-07-27,0.029952704551099593
1,2015-07-28,0.028587149382456673
1,2015-07-29,0.02691353842831595
1,2015-07-30,0.0249565479628218
1,2015-07-31,0.022740120682928675
1,2015-08-01,0.020287097304913425
1,2015-08-02,0.0176192492756869
1,2015-08-03,0.014757576941805614
1,2015-08-04,0.011720458484773145
1,2015-08-05,0.00852401894640867
1,2015-08-06,0.005182242781385689
1,2015-08-07,0.0017078346689233964
1,2015-08-08,-0.001888057390585183
1,2015-08-09,-0.005596658774370431
1,2015-08-10,-0.00941170021146764
1,2015-08-11,-0.013328474394420755
1,2015-08-12,-0.017344099067205892
1,2015-08-13,-0.021457951981278124
1,2015-08-14,-0.02566974289864309
1,2015-08-15,-0.029980577763492604
1,2015-08-16,-0.034392756636686055
1,2015-08-17,-0.03890933565630084
1,2015-08-18,-0.04353277531782531
1,2015-08-19,-0.048266651547114736
1,2015-08-20,-0.05311552881220278
1,2015-08-21,-0.05808372668066044
1,2015-08-22,-0.06317476267277804
1,2015-08-23,-0.06839081477911822
1,2015-08-24,-0.07373229282342907
1,2015-08-25,-0.07919915135653074
1,2015-08-26,-0.08478866615685485
1,2015-08-27,-0.09049491791280613
1,2015-08-28,-0.09630968771084922
1,2015-08-29,-0.10222355763317365
1,2015-08-30,-0.10822532009189587
1,2015-08-31,-0.1143020531185211
1,2015-09-01,-0.12043847676799777
1,2015-09-02,-0.1266181247234243
1,2015-09-03,-0.13282282050428612
1,2015-09-04,-0.13903304700772331
1,2015-09-05,-0.1452276782097038
1,2015-09-06,-0.151383719260658
1,2015-09-07,-0.15747743947739865
1,2015-09-08,-0.16348455503717868
1,2015-09-09,-0.1693801851848409
1,2015-09-10,-0.1751401587665836
1,2015-09-11,-0.18074045578237238
1,2015-09-12,-0.18615785306357435
1,2015-09-13,-0.19137067046407574
1,2015-09-14,-0.19635883575277724
1,2015-09-15,-0.2011034451023662
1,2015-09-16,-0.2055877440700715
1,2015-09-17,-0.20979753302812745
1,2015-09-18,-0.21372077833004346
1,2015-09-19,-0.21734766936742242
1,2015-09-20,-0.22067013091358872
1,2015-09-21,-0.22368279895992918
1,2015-09-22,-0.22638363299997113
1,2015-09-23,-0.2287731335739856
1,2015-09-24,-0.2308545115771726
1,2015-09-25,-0.23263358495558598
1,2015-09-26,-0.23411877628014544
1,2015-09-27,-0.23532111755199686
1,2015-09-28,-0.23625415140582456
1,2015-09-29,-0.23693345014157757
1,2015-09-30,-0.23737644070326536
1,2015-10-01,-0.2376021973558693
1,2015-10-02,-0.2376311427063821
1,2015-10-03,-0.2374843948815121
1,2015-10-04,-0.2371834663440355
1,2015-10-05,-0.23675039467585002
1,2015-10-06,-0.23620767393832762
1,2015-10-07,-0.2355779115647252
1,2015-10-08,-0.23488343283493107
1,2015-10-09,-0.234145503741697
1,2015-10-10,-0.2333844818643695
1,2015-10-11,-0.2326197951732983
1,2015-10-12,-0.23186962296057112
1,2015-10-13,-0.2311507228182881
1,2015-10-14,-0.23047760399357872
1,2015-10-15,-0.22986272727082654
1,2015-10-16,-0.22931644465334308
1,2015-10-17,-0.22884662299606393
1,2015-10-18,-0.22845862627562055
1,2015-10-19,-0.2281553826703168
1,2015-10-20,-0.22793768707570425
1,2015-10-21,-0.22780386419811674
1,2015-10-22,-0.22774965733062344
1,2015-10-23,-0.22776841373808676
1,2015-10-24,-0.22785143310930878
1,2015-10-25,-0.2279882038843151
1,2015-10-26,-0.22816665051041793
1,2015-10-27,-0.22837322672620533
1,2015-10-28,-0.22859265778814447
1,2015-10-29,-0.22880813635714614
1,2015-10-30,-0.22900182595910865
1,2015-10-31,-0.22915476865015377
1,2015-11-01,-0.22924741551399666
1,2015-11-02,-0.22925993204917816
1,2015-11-03,-0.22917254786982444
1,2015-11-04,-0.22896580654253487
1,2015-11-05,-0.22862073852276077
1,2015-11-06,-0.2281189051040793
1,2015-11-07,-0.2274429131354669
1,2015-11-08,-0.22657684168365583
1,2015-11-09,-0.22550662348893413
1,2015-11-10,-0.2242201415981943
1,2015-11-11,-0.22270678689471088
1,2015-11-12,-0.220957642344006
1,2015-11-13,-0.21896589772423022
1,2015-11-14,-0.21672682583176306
1,2015-11-15,-0.21423799804837446
1,2015-11-16,-0.21149929123111916
1,2015-11-17,-0.2085130247601973
1,2015-11-18,-0.20528396783579914
1,2015-11-19,-0.2018193277014425
1,2015-11-20,-0.19812839826190318
1,2015-11-21,-0.19422269206288656
1,2015-11-22,-0.19011596927896138
1,2015-11-23,-0.18582427931955428
1,2015-11-24,-0.18136583795111716
1,2015-11-25,-0.1767602717239839
1,2015-11-26,-0.17202846994407514
1,2015-11-27,-0.16719271981487654
1,2015-11-28,-0.1622764509667745
1,2015-11-29,-0.15730409185776423
1,2015-11-30,-0.15230083244200904
1,2015-12-01,-0.14729250382264059
1,2015-12-02,-0.14230532561872986
1,2015-12-03,-0.13736566640762343
1,2015-12-04,-0.1324997819259005
1,2015-12-05,-0.12773376412827217
1,2015-12-06,-0.12309340998421657
1,2015-12-07,-0.11860407256715445
1,2015-12-08,-0.11429059834500192
1,2015-12-09,-0.11017672105142261
1,2015-12-10,-0.10628493739967666
1,2015-12-11,-0.10263658243812986
1,2015-12-12,-0.09925162847803487
1,2015-12-13,-0.09614870306319563
1,2015-12-14,-0.09334495709212624
1,2015-12-15,-0.0908560097833955
1,2015-12-16,-0.08869579644310402
1,2015-12-17,-0.0868764919642047
1,2015-12-18,-0.08540850467668074
1,2015-12-19,-0.08430051375690327
1,2015-12-20,-0.0835594564319243
1,2015-12-21,-0.08319053168114833
1,2015-12-22,-0.08319723641578738
1,2015-12-23,-0.08358116511350426
1,2015-12-24,-0.08434196644902427
1,2015-12-25,-0.08547746969526362
1,2015-12-26,-0.08698364134809022
1,2015-12-27,-0.0888546952507451
1,2015-12-28,-0.09108313452028141
1,2015-12-29,-0.09365979999781289
1,2015-12-30,-0.09657388563973275
1,2015-12-31,-0.09981295589859103
1,2016-01-01,-0.10336299168846014
1,2016-01-02,-0.10720856814631531
1,2016-01-03,-0.11133297087940958
1,2016-01-04,-0.11571833576623383
1,2016-01-05,-0.12034575694867242
1,2016-01-06,-0.12519531146526552
1,2016-01-07,-0.1302461334625949
1,2016-01-08,-0.13547654883795854
1,2016-01-09,-0.14086416514504796
1,2016-01-10,-0.14638601620261527
1,2016-01-11,-0.15201871965103425
1,2016-01-12,-0.1577386771888927
1,2016-01-13,-0.1635221798851434
1,2016-01-14,-0.16934555835396065
1,2016-01-15,-0.17518524438364974
1,2016-01-16,-0.18101806167925485
1,2016-01-17,-0.18682145856786536
1,2016-01-18,-0.19257363720107648
1,2016-01-19,-0.1982536132935048
1,2016-01-20,-0.20384132024980398
1,2016-01-21,-0.2093177508932312
1,2016-01-22,-0.21466514715662435
1,2016-01-23,-0.21986702828550833
1,2016-01-24,-0.22490825028117017
1,2016-01-25,-0.22977502303760164
1,2016-01-26,-0.23445505806166222
1,2016-01-27,-0.2389376217986045
1,2016-01-28,-0.24321368207210237
1,2016-01-29,-0.24727580451798584
1,2016-01-30,-0.25111828996509167
1,2016-01-31,-0.2547372595842214
1,2016-02-01,-0.25813047240733045
1,2016-02-02,-0.2612971573273605
1,2016-02-03,-0.26423802070260954
1,2016-02-04,-0.26695522271148675
1,2016-02-05,-0.26945245130590684
1,2016-02-06,-0.271734638689334
1,2016-02-07,-0.27380787290237507
1,2016-02-08,-0.2756790999977558
1,2016-02-09,-0.2773562433883782
1,2016-02-10,-0.27884802518026863
1,2016-02-11,-0.2801639805651217
1,2016-02-12,-0.28131432345756235
1,2016-02-13,-0.2823097240409434
1,2016-02-14,-0.28316126698939537
1,2016-02-15,-0.2838802120400949
1,2016-02-16,-0.2844778254949069
1,2016-02-17,-0.2849653234219585
1,2016-02-18,-0.2853538380488186
1,2016-02-19,-0.28565441285448695
1,2016-02-20,-0.28587769688143183
1,2016-02-21,-0.2860338247590584
1,2016-02-22,-0.28613217896440835
1,2016-02-23,-0.28618159533113285
1,2016-02-24,-0.2861903515416452
1,2016-02-25,-0.2861662628642556
1,2016-02-26,-0.2861164861228474
1,2016-02-27,-0.2860475709528451
1,2016-02-28,-0.28596538956502876
1,2016-02-29,-0.28587496757403186
1,2016-03-01,-0.28578046714452743
1,2016-03-02,-0.2856853354414341
1,2016-03-03,-0.2855923114642359
1,2016-03-04,-0.28550345449818026
1,2016-03-05,-0.28542023127119914
1,2016-03-06,-0.2853434391460244
1,2016-03-07,-0.28527305593130065
1,2016-03-08,-0.2852085153643771
1,2016-03-09,-0.28514875760129177
1,2016-03-10,-0.2850925486496948
1,2016-03-11,-0.2850384164244644
1,2016-03-12,-0.2849846290339334
1,2016-03-13,-0.2849290891304016
1,2016-03-14,-0.2848692323675519
1,2016-03-15,-0.28480224417573313
1,2016-03-16,-0.28472523852184894
1,2016-03-17,-0.28463527253492615
1,2016-03-18,-0.28452925528333745
1,2016-03-19,-0.28440414641643674
1,2016-03-20,-0.2842568533280189
1,2016-03-21,-0.2840841749195095
1,2016-03-22,-0.2838831013335834
1,2016-03-23,-0.2836508702359761
1,2016-03-24,-0.28338528459134577
1,2016-03-25,-0.2830845158513538
1,2016-03-26,-0.28274702343869956
1,2016-03-27,-0.2823712964954282
1,2016-03-28,-0.28195576195906563
1,2016-03-29,-0.2814991856135337
1,2016-03-30,-0.2810007608792392
1,2016-03-31,-0.2804599170483804
1,2016-04-01,-0.27987619482413645
1,2016-04-02,-0.279249503344764
1,2016-04-03,-0.27858006462165014
1,2016-04-04,-0.27786832217450236
1,2016-04-05,-0.2771151255628315
1,2016-04-06,-0.2763216681535339
1,2016-04-07,-0.27548963327058806
1,2016-04-08,-0.27462107343630865
1,2016-04-09,-0.2737183153053123
1,2016-04-10,-0.27278365206050414
1,2016-04-11,-0.2718192603719431
1,2016-04-12,-0.27082752971421936
1,2016-04-13,-0.26981122000729885
1,2016-04-14,-0.26877315536078367
1,2016-04-15,-0.2677160855466223
1,2016-04-16,-0.26664284195156085
1,2016-04-17,-0.26555623441218806
1,2016-04-18,-0.26445903637674983
1,2016-04-19,-0.26335421377555945
1,2016-04-20,-0.2622448521302031
1,2016-04-21,-0.26113420168974827
1,2016-04-22,-0.2600254885997835
1,2016-04-23,-0.2589219306006865
1,2016-04-24,-0.2578264438389435
1,2016-04-25,-0.25674155375420427
1,2016-04-26,-0.25566953121900177
1,2016-04-27,-0.2546127665182579
1,2016-04-28,-0.25357364861586507
1,2016-04-29,-0.2525544528981438
1,2016-04-30,-0.2515571111171187
1,2016-05-01,-0.2505833123889206
1,2016-05-02,-0.2496344734252417
1,2016-05-03,-0.24871196844753865
1,2016-05-04,-0.24781698030531135
1,2016-05-05,-0.24695048462624583
1,2016-05-06,-0.2461129697162349
1,2016-05-07,-0.24530465345395633
1,2016-05-08,-0.2445254193411381
1,2016-05-09,-0.24377473636158392
1,2016-05-10,-0.24305158599864127
1,2016-05-11,-0.2423548611240144
1,2016-05-12,-0.24168300700413348
1,2016-05-13,-0.2410340810674103
1,2016-05-14,-0.24040567612725572
1,2016-05-15,-0.2397946135181268
1,2016-05-16,-0.2391968465327701
1,2016-05-17,-0.23860797348659182
1,2016-05-18,-0.23802297398224792
1,2016-05-19,-0.23743606916416385
1,2016-05-20,-0.23684059761170217
1,2016-05-21,-0.23622920656047064
1,2016-05-22,-0.23559375033433905
1,2016-05-23,-0.23492511948075262
1,2016-05-24,-0.23421326537643244
1,2016-05-25,-0.2334473570554313
1,2016-05-26,-0.23261588403804964
1,2016-05-27,-0.23170673002841793
1,2016-05-28,-0.2307068800929731
1,2016-05-29,-0.22960250626972947
1,2016-05-30,-0.22837912732740456
1,2016-05-31,-0.22702173499776804
1,2016-06-01,-0.22551473428804883
1,2016-06-02,-0.22384231446725397
1,2016-06-03,-0.22198840481298554
1,2016-06-04,-0.21993704512243537
1,2016-06-05,-0.2176726298479662
1,2016-06-06,-0.2151798308983072
1,2016-06-07,-0.21244377562504357
1,2016-06-08,-0.20945043753846573
1,2016-06-09,-0.20618687391124466
1,2016-06-10,-0.20264176790653243
1,2016-06-11,-0.19880514538067642
1,2016-06-12,-0.19466886860604224
1,2016-06-13,-0.190226680020017
1,2016-06-14,-0.1854746663856317
1,2016-06-15,-0.18041135160132757
1,2016-06-16,-0.1750381545205948
1,2016-06-17,-0.1693594448620766
1,2016-06-18,-0.1633823804544426
1,2016-06-19,-0.1571167518419701
1,2016-06-20,-0.1505753003421637
1,2016-06-21,-0.14377405775882932
1,2016-06-22,-0.136732450380894
1,2016-06-23,-0.12947297856051224
1,2016-06-24,-0.12202051670242604
1,2016-06-25,-0.11440259247913982
1,2016-06-26,-0.10664902030030005
1,2016-06-27,-0.09879175285349258
1,2016-06-28,-0.0908652266861944
1,2016-06-29,-0.08290571522183728
1,2016-06-30,-0.07495080410840753
1,2016-07-01,-0.06703869360114796
1,2016-07-02,-0.05920883133234016
1,2016-07-03,-0.05150055835047334
1,2016-07-04,-0.043953102094123675
1,2016-07-05,-0.03660470145378247
1,2016-07-06,-0.02949310852562789
1,2016-07-07,-0.022654348479424408
1,2016-07-08,-0.01612164759355492
1,2016-07-09,-0.009926165199607087
1,2016-07-10,-0.0040957847009301844
1,2016-07-11,0.0013442362788598223
1,2016-07-12,0.006370687473438749
1,2016-07-13,0.010964176312663965
1,2016-07-14,0.015110133408252565
1,2016-07-15,0.018798670391607125
1,2016-07-16,0.022023744517821214
1,2016-07-17,0.024782686021047787
1,2016-07-18,0.027075519080517637
1,2016-07-19,0.028906247148666134
1,2016-07-20,0.030281749761225912
1,2016-07-21,0.031212548532968298
1,2016-07-22,0.03171232459644162
1,2016-07-23,0.03179763224934312
1,2016-07-24,0.03148822177050292
1,2016-07-25,0.030805520155799748
1,2016-07-26,0.02977209972806531
1,2016-07-27,0.028410309631359876
1,2016-07-28,0.026742501116096745
1,2016-07-29,0.024791687346842447
1,2016-07-30,0.022580205157381104
1,2016-07-31,0.02013033836128858
1,2016-08-01,0.0174641383293888
1,2016-08-02,0.014602719077808956
1,2016-08-03,0.01156506543357471
1,2016-08-04,0.008368395658191547
1,2016-08-05,0.005027917855174547
1,2016-08-06,0.0015565347573445701
1,2016-08-07,-0.002035218151193409
1,2016-08-08,-0.0057376620704159016
1,2016-08-09,-0.0095434032048878
1,2016-08-10,-0.013447643346451684
1,2016-08-11,-0.017448134637950606
1,2016-08-12,-0.02154490610334723
1,2016-08-13,-0.0257385296119053
1,2016-08-14,-0.03003144939219129
1,2016-08-15,-0.03442664746258263
1,2016-08-16,-0.0389279632457899
1,2016-08-17,-0.043539898516890045
1,2016-08-18,-0.04826683214814458
1,2016-08-19,-0.05311326050994509
1,2016-08-20,-0.058083035918924886
1,2016-08-21,-0.0631783652904681
1,2016-08-22,-0.06839978682550188
1,2016-08-23,-0.07374622444810015
1,2016-08-24,-0.07921533288227055
1,2016-08-25,-0.08480387294434731
1,2016-08-26,-0.09050705363581468
1,2016-08-27,-0.09631829908440248
1,2016-08-28,-0.10222982266218078
1,2016-08-29,-0.10823077058135483
1,2016-08-30,-0.11430748052475713
1,2016-08-31,-0.12044472113451579
1,2016-09-01,-0.12662574098811463
1,2016-09-02,-0.1328323425640094
1,2016-09-03,-0.13904471072452437
1,2016-09-04,-0.14524172375869138
1,2016-09-05,-0.1514000767365455
1,2016-09-06,-0.1574956509901383
1,2016-09-07,-0.16350359646375667
1,2016-09-08,-0.1693992449409475
1,2016-09-09,-0.17515841771763355
1,2016-09-10,-0.18075712649425857
1,2016-09-11,-0.18617311928545258
1,2016-09-12,-0.19138479136643197
1,2016-09-13,-0.19637174040401845
1,2016-09-14,-0.20111497250811425
1,2016-09-15,-0.20559765812333322
1,2016-09-16,-0.2098056617384838
1,2016-09-17,-0.21372709251238142
1,2016-09-18,-0.2173522093185068
1,2016-09-19,-0.22067333814070048
1,2016-09-20,-0.22368543120782325
1,2016-09-21,-0.2263858264821527
1,2016-09-22,-0.22877495536748194
1,2016-09-23,-0.2308561945386545
1,2016-09-24,-0.23263545974075822
1,2016-09-25,-0.23412163651361168
1,2016-09-26,-0.23532566690265525
1,2016-09-27,-0.2362608506797273
1,2016-09-28,-0.23694229745172413
1,2016-09-29,-0.23738724290235813
1,2016-09-30,-0.23761479229176571
1,2016-10-01,-0.23764499033450326
1,2016-10-02,-0.2374992001926432
1,2016-10-03,-0.2371992670468615
1,2016-10-04,-0.2367675733626105
1,2016-10-05,-0.23622653448184724
1,2016-10-06,-0.23559859016848259
1,2016-10-07,-0.23490584028482261
1,2016-10-08,-0.23416959831298467
1,2016-10-09,-0.23341043370745568
1,2016-10-10,-0.2326477854486756
1,2016-10-11,-0.23189968228990887
1,2016-10-12,-0.23118239124327633
1,2016-10-13,-0.23051035285655927
1,2016-10-14,-0.22989609835941077
1,2016-10-15,-0.22934989508088147
1,2016-10-16,-0.2288796795912994
1,2016-10-17,-0.2284910663450936
1,2016-10-18,-0.22818738970963057
1,2016-10-19,-0.22796941125983552
1,2016-10-20,-0.22783540238789335
1,2016-10-21,-0.22778122139894882
1,2016-10-22,-0.22780037544426782
1,2016-10-23,-0.22788433308989736
1,2016-10-24,-0.22802266967116194
1,2016-10-25,-0.2282030251674419
1,2016-10-26,-0.22841127330314406
1,2016-10-27,-0.22863182509329102
1,2016-10-28,-0.22884786021482253
1,2016-10-29,-0.22904130035657602
1,2016-10-30,-0.22919332540638443
1,2016-10-31,-0.2292846754215664
1,2016-11-01,-0.22929586226826665
1,2016-11-02,-0.2292072792198562
1,2016-11-03,-0.2289994996730575
1,2016-11-04,-0.22865353776767877
1,2016-11-05,-0.2281510760613399
1,2016-11-06,-0.22747489899641915
1,2016-11-07,-0.2266091575173915
1,2016-11-08,-0.22553945300594086
1,2016-11-09,-0.22425303484427742
1,2016-11-10,-0.22273901814356248
1,2016-11-11,-0.22098854181415004
1,2016-11-12,-0.2189948081765147
1,2016-11-13,-0.21675329496060292
1,2016-11-14,-0.21426178309691063
1,2016-11-15,-0.21152046827124665
1,2016-11-16,-0.2085318086222176
1,2016-11-17,-0.20530055128316674
1,2016-11-18,-0.20183378648927935
1,2016-11-19,-0.19814090563452144
1,2016-11-20,-0.1942335973463006
1,2016-11-21,-0.19012574768399212
1,2016-11-22,-0.18583324333845713
1,2016-11-23,-0.18137382569756286
1,2016-11-24,-0.17676699904901313
1,2016-11-25,-0.17203381399291928
1,2016-11-26,-0.16719661252891643
1,2016-11-27,-0.16227893568092955
1,2016-11-28,-0.15730529774926957
1,2016-11-29,-0.15230107776554327
1,2016-11-30,-0.14729214835959764
1,2016-12-01,-0.14230467664095964
1,2016-12-02,-0.1373649562468868
1,2016-12-03,-0.1324992771944192
1,2016-12-04,-0.12773376352480373
1,2016-12-05,-0.12309422647376722
1,2016-12-06,-0.11860586979327485
1,2016-12-07,-0.11429314075947307
1,2016-12-08,-0.11017961997445325
1,2016-12-09,-0.10628786810569098
1,2016-12-10,-0.10263925260376482
1,2016-12-11,-0.0992538428396971
1,2016-12-12,-0.0961503280331172
1,2016-12-13,-0.09334597515781007
1,2016-12-14,-0.09085645084689228
1,2016-12-15,-0.08869570334046521
1,2016-12-16,-0.086875949834431615
1,2016-12-17,-0.08540768822437711
1,2016-12-18,-0.08429966103938784
1,2016-12-19,-0.08355885326212971
1,2016-12-20,-0.08319040376190721
1,2016-12-21,-0.08319760944207154
1,2016-12-22,-0.08358192031730431
1,2016-12-23,-0.084342955570484
1,2016-12-24,-0.08547850645300059
1,2016-12-25,-0.08698457184840941
1,2016-12-26,-0.08885539079608273
1,2016-12-27,-0.09108350834461025
1,2016-12-28,-0.09365978093065527
1,2016-12-29,-0.09657342062461163
1,2016-12-30,-0.09981202770418021
1,2016-12-31,-0.09981273766131755
1,2017-01-01,-0.1033624021858558
1,2017-01-02,-0.10720778735232636
1,2017-01-03,-0.11133226418450612
1,2017-01-04,-0.115717964644509
1,2017-01-05,-0.12034587152929466
1,2017-01-06,-0.12519592794064421
1,2017-01-07,-0.13024713344733924
1,2017-01-08,-0.13547772950836584
1,2017-01-09,-0.14086531757877405
1,2017-01-10,-0.14638696895622522
1,2017-01-11,-0.15201935688172857
1,2017-01-12,-0.15773887170243897
1,2017-01-13,-0.16352183688791258
1,2017-01-14,-0.16934462323208335
1,2017-01-15,-0.17518381765000735
1,2017-01-16,-0.18101640634895205
1,2017-01-17,-0.18681986268575992
1,2017-01-18,-0.19257230706667933
1,2017-01-19,-0.1982526404857514
1,2017-01-20,-0.20384077000437534
1,2017-01-21,-0.20931766886392855
1,2017-01-22,-0.21466548125598484
1,2017-01-23,-0.21986762294340365
1,2017-01-24,-0.22490890245611328
1,2017-01-25,-0.22977560634193667
1,2017-01-26,-0.23445555972133153
1,2017-01-27,-0.2389381450145964
1,2017-01-28,-0.24321435230880273
1,2017-01-29,-0.2472768300400837
1,2017-01-30,-0.2511198868232616
1,2017-01-31,-0.2547394460203429
1,2017-02-01,-0.25813309726818345
1,2017-02-02,-0.2613000650480688
1,2017-02-03,-0.264241155365961
1,2017-02-04,-0.26695865904418753
1,2017-02-05,-0.26945623876906943
1,2017-02-06,-0.2717387334681739
1,2017-02-07,-0.27381206472167174
1,2017-02-08,-0.27568321122560796
1,2017-02-09,-0.27736016736685276
1,2017-02-10,-0.278851864058566
1,2017-02-11,-0.2801679182578921
1,2017-02-12,-0.28131849846578416
1,2017-02-13,-0.2823142049838127
1,2017-02-14,-0.2831659332944493
1,2017-02-15,-0.28388481253667935
1,2017-02-16,-0.28448214929042215
1,2017-02-17,-0.28496931310301377
1,2017-02-18,-0.28535755676989144
1,2017-02-19,-0.2856578769837699
1,2017-02-20,-0.28588076905024407
1,2017-02-21,-0.28603622076489554
1,2017-02-22,-0.28613375556467785
1,2017-02-23,-0.2861824438301926
1,2017-02-24,-0.2861908101702923
1,2017-02-25,-0.2861666802291456
1,2017-02-26,-0.28611711497446213
1,2017-02-27,-0.2860484361414279
1,2017-02-28,-0.28596621403898326
1,2017-03-01,-0.28587536652122647
1,2017-03-02,-0.2857801729979173
1,2017-03-03,-0.28568423986054436
1,2017-03-04,-0.28559049923811514
1,2017-03-05,-0.28550116260934477
1,2017-03-06,-0.2854175988103712
1,2017-03-07,-0.2853404900295189
1,2017-03-08,-0.285269974713471
1,2017-03-09,-0.2852056347156613
1,2017-03-10,-0.2851466461636778
1,2017-03-11,-0.28509172009305583
1,2017-03-12,-0.2850390734068014
1,2017-03-13,-0.2849865399235174
1,2017-03-14,-0.2849316745735725
1,2017-03-15,-0.2848719006107688
1,2017-03-16,-0.28480455173456615
1,2017-03-17,-0.28472688185449346
1,2017-03-18,-0.28463606190150537
1,2017-03-19,-0.2845291667133858
1,2017-03-20,-0.28440311380024696
1,2017-03-21,-0.28425484504837356
1,2017-03-22,-0.2840814503484566
1,2017-03-23,-0.28388018985307534
1,2017-03-24,-0.283648554482456
1,2017-03-25,-0.2833841360599997
1,2017-03-26,-0.28308452934874717
1,2017-03-27,-0.28274754689555587
1,2017-03-28,-0.2823713250903959
1,2017-03-29,-0.2819545470677322
1,2017-03-30,-0.2814962977780803
1,2017-03-31,-0.2809958818625904
1,2017-04-01,-0.28045300383527955
1,2017-04-02,-0.2798675458646638
1,2017-04-03,-0.279239519210749
1,2017-04-04,-0.27856940728088286
1,2017-04-05,-0.2778580912321531
1,2017-04-06,-0.27710650032062273
1,2017-04-07,-0.2763155990827057
1,2017-04-08,-0.27548661994252094
1,2017-04-09,-0.27462102210631867
1,2017-04-10,-0.27372041342792125
1,2017-04-11,-0.2727867356060791
1,2017-04-12,-0.27182235924771764
1,2017-04-13,-0.2708299855494651
1,2017-04-14,-0.26981247506124034
1,2017-04-15,-0.2687729581860834
1,2017-04-16,-0.26771459408666076
1,2017-04-17,-0.2666402865604735
1,2017-04-18,-0.26555306890450164
1,2017-04-19,-0.2644562650723876
1,2017-04-20,-0.2633531064541231
1,2017-04-21,-0.26224649151851975
1,2017-04-22,-0.2611391674812191
1,2017-04-23,-0.26003370951579424
1,2017-04-24,-0.25893266563789896
1,2017-04-25,-0.25783864017177305
1,2017-04-26,-0.25675433677825904
1,2017-04-27,-0.25568239687902444
1,2017-04-28,-0.25462534099244877
1,2017-04-29,-0.25358585002261974
1,2017-04-30,-0.25256640267055486
1,2017-05-01,-0.2515689608183247
1,2017-05-02,-0.2505953752258065
1,2017-05-03,-0.24964757186908787
1,2017-05-04,-0.24872697928657486
1,2017-05-05,-0.24783428417337225
1,2017-05-06,-0.2469698545182097
1,2017-05-07,-0.24613380168325527
1,2017-05-08,-0.24532601690808278
1,2017-05-09,-0.24454625190548449
1,2017-05-10,-0.24379407389297317
1,2017-05-11,-0.24306870965696736
1,2017-05-12,-0.24236921295062344
1,2017-05-13,-0.2416946555965377
1,2017-05-14,-0.24104361626251725
1,2017-05-15,-0.2404134219591904
1,2017-05-16,-0.2398008351706857
1,2017-05-17,-0.23920269068048375
1,2017-05-18,-0.2386148789654743
1,2017-05-19,-0.23803188706453607
1,2017-05-20,-0.23744724785483415
1,2017-05-21,-0.23685361988287543
1,2017-05-22,-0.23624323241206688
1,2017-05-23,-0.23560780836215264
1,2017-05-24,-0.23493825991187586
1,2017-05-25,-0.23422454573501883
1,2017-05-26,-0.23345603370892418
1,2017-05-27,-0.23262183236602982
1,2017-05-28,-0.23171026154207058
1,2017-05-29,-0.2307081899672826
1,2017-05-30,-0.2296017251150027
1,2017-05-31,-0.2283768135677399
1,2017-06-01,-0.2270184413792061
1,2017-06-02,-0.22551048368949994
1,2017-06-03,-0.22383636960776077
1,2017-06-04,-0.2219795634633586
1,2017-06-05,-0.21992394588173883
1,2017-06-06,-0.21765390020733932
1,2017-06-07,-0.21515425547595363
1,2017-06-08,-0.21241018678221898
1,2017-06-09,-0.20940792513505943
1,2017-06-10,-0.20613526436518573
1,2017-06-11,-0.20258136017430753
1,2017-06-12,-0.19873614800943656
1,2017-06-13,-0.1945911998631385
1,2017-06-14,-0.19014077796645829
1,2017-06-15,-0.185381347625529
1,2017-06-16,-0.1803114929117704
1,2017-06-17,-0.17493209625633707
1,2017-06-18,-0.16924645924141576
1,2017-06-19,-0.1632611617541025
1,2017-06-20,-0.15698595110677752
1,2017-06-21,-0.15043334833705788
1,2017-06-22,-0.14361921097672695
1,2017-06-23,-0.13656218407564788
1,2017-06-24,-0.12928437126503572
1,2017-06-25,-0.12181133718912801
1,2017-06-26,-0.1141709273685035
1,2017-06-27,-0.10639335145330527
1,2017-06-28,-0.09851112774068212
1,2017-06-29,-0.09055886367183641
1,2017-06-30,-0.0825728196385536
1,2017-07-01,-0.07459040274260595
1,2017-07-02,-0.06665045940215242
1,2017-07-03,-0.05879316851063276
1,2017-07-04,-0.05105871909271534
1,2017-07-05,-0.04348774978562386
1,2017-07-06,-0.03611893199542243
1,2017-07-07,-0.028988857029187024
1,2017-07-08,-0.022132593825606974
1,2017-07-09,-0.015583334919881292
1,2017-07-10,-0.009371904042558606
1,2017-07-11,-0.0035267647011863724
1,2017-07-12,0.0019261658342167023
1,2017-07-13,0.006964840072914623
1,2017-07-14,0.01157073215646775
1,2017-07-15,0.01572887035530595
1,2017-07-16,0.019428930685699224
1,2017-07-17,0.02266477783978361
1,2017-07-18,0.025433768920805035
1,2017-07-19,0.027737009154360604
1,2017-07-20,0.02957781115461447
1,2017-07-21,0.030961888306679366
1,2017-07-22,0.031899621475054506
1,2017-07-23,0.03240344059227748
1,2017-07-24,0.032489702479964785
1,2017-07-25,0.03217811795180883
1,2017-07-26,0.031490706863089066
1,2017-07-27,0.030450816870189114
1,2017-07-28,0.029082068184179518
1,2017-07-29,0.027407546438257158
1,2017-07-30,0.025450028821467154
1,2017-07-31,0.023232884216563023
1,2017-08-01,0.020779392021885314
1,2017-08-02,0.018110825662779013
1,2017-08-03,0.0152470824311582
1,2017-08-04,0.012206478912507328
1,2017-08-05,0.009006146924645492
1,2017-08-06,0.005661928475330477
1,2017-08-07,0.0021861840855467982
1,2017-08-08,-0.00141038179125867
1,2017-08-09,-0.005118228008061776
1,2017-08-10,-0.008930027110404167
1,2017-08-11,-0.012841909161484227
1,2017-08-12,-0.016852150068611692
1,2017-08-13,-0.020959793025159084
1,2017-08-14,-0.0251649910330556
1,2017-08-15,-0.029468490690518923
1,2017-08-16,-0.03387285487921775
1,2017-08-17,-0.03838232934878476
1,2017-08-18,-0.04300143068781947
1,2017-08-19,-0.04773502643365101
1,2017-08-20,-0.052587880420416934
1,2017-08-21,-0.05756357770004761
1,2017-08-22,-0.06266480932370445
1,2017-08-23,-0.067893020118874
1,2017-08-24,-0.07324849902277311
1,2017-08-25,-0.07872974849226692
1,2017-08-26,-0.08433300433716537
1,2017-08-27,-0.0900524865213531
1,2017-08-28,-0.0958806805913744
1,2017-08-29,-0.10180813488449661
1,2017-08-30,-0.1078240242690047
1,2017-08-31,-0.1139152817657857
1,2017-09-01,-0.12006605714421813
1,2017-09-02,-0.12625906480083499
1,2017-09-03,-0.13247560094291289
1,2017-09-04,-0.1386963965000636
1,2017-09-05,-0.14490076671486565
1,2017-09-06,-0.1510659789468461
1,2017-09-07,-0.15716820092009975
1,2017-09-08,-0.16318313976097826
1,2017-09-09,-0.16908687661869187
1,2017-09-10,-0.17485507740210038
1,2017-09-11,-0.18046344732534314
1,2017-09-12,-0.18588863004476347
1,2017-09-13,-0.19110861717881103
1,2017-09-14,-0.19610302155281012
1,2017-09-15,-0.20085351729549075
1,2017-09-16,-0.2053436038203556
1,2017-09-17,-0.20955897855925923
1,2017-09-18,-0.21348768960717684
1,2017-09-19,-0.21712007856098867
1,2017-09-20,-0.2204488685434228
1,2017-09-21,-0.22346909613321952
1,2017-09-22,-0.2261781069033832
1,2017-09-23,-0.2285759394473626
1,2017-09-24,-0.23066548899867637
1,2017-09-25,-0.23245208536920758
1,2017-09-26,-0.23394390719618924
1,2017-09-27,-0.23515185864395738
1,2017-09-28,-0.23608936875057812
1,2017-09-29,-0.23677214703802602
1,2017-09-30,-0.23721796623769298
1,2017-10-01,-0.23744604636987307
1,2017-10-02,-0.23747664986751496
1,2017-10-03,-0.23733131029762872
1,2017-10-04,-0.23703253960331075
1,2017-10-05,-0.23660263793568498
1,2017-10-06,-0.23606355604627405
1,2017-10-07,-0.23543727406117385
1,2017-10-08,-0.2347454175566714
1,2017-10-09,-0.23400942561839586
1,2017-10-10,-0.2332500560287354
1,2017-10-11,-0.23248703631582696
1,2017-10-12,-0.23173820316560617
1,2017-10-13,-0.23101968605528203
1,2017-10-14,-0.23034644618168787
1,2017-10-15,-0.22973139371867543
1,2017-10-16,-0.22918459211770678
1,2017-10-17,-0.22871411744004144
1,2017-10-18,-0.22832648594301885
1,2017-10-19,-0.2280251635728888
1,2017-10-20,-0.22781031326070678
1,2017-10-21,-0.22767936810036069
1,2017-10-22,-0.2276274724105306
1,2017-10-23,-0.22764838320280223
1,2017-10-24,-0.22773414699237432
1,2017-10-25,-0.22787461995497443
1,2017-10-26,-0.2280572652900629
1,2017-10-27,-0.2282676924902084
1,2017-10-28,-0.2284905239507114
1,2017-10-29,-0.2287093392387664
1,2017-10-30,-0.2289058388861487
1,2017-10-31,-0.22906106217074448
1,2017-11-01,-0.2291563759678843
1,2017-11-02,-0.2291725430132171
1,2017-11-03,-0.22908955576581636
1,2017-11-04,-0.22888740284230774
1,2017-11-05,-0.2285465012797552
1,2017-11-06,-0.22804866429001305
1,2017-11-07,-0.22737714496937764
1,2017-11-08,-0.22651621841168326
1,2017-11-09,-0.22545124884693987
1,2017-11-10,-0.22416920188711678
1,2017-11-11,-0.22265920694209843
1,2017-11-12,-0.2209125419930294
1,2017-11-13,-0.21892237883290222
1,2017-11-14,-0.21668415694198273
1,2017-11-15,-0.21419586431768148
1,2017-11-16,-0.21145777921758827
1,2017-11-17,-0.20847232680240935
1,2017-11-18,-0.20524409114629208
1,2017-11-19,-0.20178001877789603
1,2017-11-20,-0.198089557562229
1,2017-11-21,-0.19418447880239323
1,2017-11-22,-0.1900787593938874
1,2017-11-23,-0.185788300427652
1,2017-11-24,-0.1813308128740318
1,2017-11-25,-0.17672581683599384
1,2017-11-26,-0.17199441882948258
1,2017-11-27,-0.16715891924540086
1,2017-11-28,-0.16224296244687195
1,2017-11-29,-0.15727121318193849
1,2017-11-30,-0.15226885588706685
1,2017-12-01,-0.14726152837059595
1,2017-12-02,-0.14227532312010138
1,2017-12-03,-0.13733653744326982
1,2017-12-04,-0.13247159099277336
1,2017-12-05,-0.12770673643304983
1,2017-12-06,-0.12306789658827924
1,2017-12-07,-0.11858034149455324
1,2017-12-08,-0.11426847490064918
1,2017-12-09,-0.1101558077092191
1,2017-12-10,-0.10626491624067387
1,2017-12-11,-0.10261708838631127
1,2017-12-12,-0.09923241764641674
1,2017-12-13,-0.09612966863560776
1,2017-12-14,-0.09332591611785793
1,2017-12-15,-0.09083661279762484
1,2017-12-16,-0.0886756995402233
1,2017-12-17,-0.08685545594251497
1,2017-12-18,-0.08538653602887564
1,2017-12-19,-0.08427784787261519
1,2017-12-20,-0.08353647925265169
1,2017-12-21,-0.08316766116799934
1,2017-12-22,-0.08317468684970755
1,2017-12-23,-0.08355893562529419
1,2017-12-24,-0.08432002794119055
1,2017-12-25,-0.08545565377411855
1,2017-12-26,-0.08696176900583344
1,2017-12-27,-0.08883268698105454
1,2017-12-28,-0.09106089026910369
1,2017-12-29,-0.09363709071771896
1,2017-12-30,-0.09655043826235529
1,2017-12-31,-0.09978849030956918
1,2018-01-01,-0.10333742720052629
1,2018-01-02,-0.10718207230507006
1,2018-01-03,-0.11130590417815524
1,2018-01-04,-0.11569120180498306
1,2018-01-05,-0.12031900906173935
1,2018-01-06,-0.12516921116886598
1,2018-01-07,-0.13022087971180868
1,2018-01-08,-0.13545211563892226
1,2018-01-09,-0.1408403753481958
1,2018-01-10,-0.1463627236343673
1,2018-01-11,-0.15199581519470634
1,2018-01-12,-0.15771597827682354
1,2018-01-13,-0.16349946171867985
1,2018-01-14,-0.1693225800278059
1,2018-01-15,-0.17516193476426792
1,2018-01-16,-0.18099455940814926
1,2018-01-17,-0.18679800115088163
1,2018-01-18,-0.1925505437095656
1,2018-01-19,-0.19823120849718176
1,2018-01-20,-0.20381980838490313
1,2018-01-21,-0.20929731431905468
1,2018-01-22,-0.21464582935748977
1,2018-01-23,-0.2198487240481342
1,2018-01-24,-0.22489071891330636
1,2018-01-25,-0.22975803017243998
1,2018-01-26,-0.23443840309843328
1,2018-01-27,-0.23892119180174484
1,2018-01-28,-0.2431974065787788
1,2018-01-29,-0.24725977616203149
1,2018-01-30,-0.2511026764234846
1,2018-01-31,-0.25472224166869784
1,2018-02-01,-0.2581162161396505
1,2018-02-02,-0.261283883631644
1,2018-02-03,-0.26422587154171323
1,2018-02-04,-0.2669443207801895
1,2018-02-05,-0.2694427376370058
1,2018-02-06,-0.2717259334161923
1,2018-02-07,-0.2737999124874003
1,2018-02-08,-0.27567164585823706
1,2018-02-09,-0.2773491037357007
1,2018-02-10,-0.27884108752303616
1,2018-02-11,-0.28015712786890895
1,2018-02-12,-0.28130747922465626
1,2018-02-13,-0.28230290868627317
1,2018-02-14,-0.28315457736743027
1,2018-02-15,-0.2838738400061214
1,2018-02-16,-0.2844721139401965
1,2018-02-17,-0.2849605320269674
1,2018-02-18,-0.28535015109583567
1,2018-02-19,-0.2856517054017143
1,2018-02-20,-0.2858756298846997
1,2018-02-21,-0.2860320276064816
1,2018-02-22,-0.2861304431689882
1,2018-02-23,-0.2861799195681614
1,2018-02-24,-0.28618879826200766
1,2018-02-25,-0.28616481897756485
1,2018-02-26,-0.28611519274541874
1,2018-02-27,-0.28604642212703973
1,2018-02-28,-0.2859643764202501
1,2018-03-01,-0.2858740928006967
1,2018-03-02,-0.2857798600805484
1,2018-03-03,-0.2856850416748698
1,2018-03-04,-0.28559229797909624
1,2018-03-05,-0.2855036289219696
1,2018-03-06,-0.28542041283037667
1,2018-03-07,-0.28534350146255605
1,2018-03-08,-0.28527301823336837
1,2018-03-09,-0.28520858834636564
1,2018-03-10,-0.2851492452450838
1,2018-03-11,-0.2850936224867311
1,2018-03-12,-0.28504009636806954
1,2018-03-13,-0.28498669868858606
1,2018-03-14,-0.2849312152890987
1,2018-03-15,-0.28487115475990055
1,2018-03-16,-0.28480386313283834
1,2018-03-17,-0.2847264072116125
1,2018-03-18,-0.28463574233854144
1,2018-03-19,-0.28452882608225893
1,2018-03-20,-0.28440275599868226
1,2018-03-21,-0.2842547583834133
1,2018-03-22,-0.2840818406106395
1,2018-03-23,-0.28388108888832075
1,2018-03-24,-0.2836496751805464
1,2018-03-25,-0.2833851377262598
1,2018-03-26,-0.28308536619072694
1,2018-03-27,-0.28274839552372044
1,2018-03-28,-0.2823725187087632
1,2018-03-29,-0.2819562916594926
1,2018-03-30,-0.28149865395765455
1,2018-03-31,-0.2809987270063655
1,2018-04-01,-0.2804558884121042
1,2018-04-02,-0.27986985910308104
1,2018-04-03,-0.2792409558387157
1,2018-04-04,-0.27856996430076897
1,2018-04-05,-0.2778575526684967
1,2018-04-06,-0.2771045822556986
1,2018-04-07,-0.27631196342864206
1,2018-04-08,-0.2754810781750077
1,2018-04-09,-0.2746138341125404
1,2018-04-10,-0.27371218581386103
1,2018-04-11,-0.27277803355511787
1,2018-04-12,-0.2718135107457086
1,2018-04-13,-0.27082130962991424
1,2018-04-14,-0.26980423315360547
1,2018-04-15,-0.26876502658287144
1,2018-04-16,-0.2677067761109452
1,2018-04-17,-0.26663287267710556
1,2018-04-18,-0.2655467104880093
1,2018-04-19,-0.2644511822900898
1,2018-04-20,-0.2633489157387753
1,2018-04-21,-0.2622423940313682
1,2018-04-22,-0.2611344968906782
1,2018-04-23,-0.26002822415131704
1,2018-04-24,-0.25892648074718316
1,2018-04-25,-0.257832068729422
1,2018-04-26,-0.25674765338067373
1,2018-04-27,-0.2556759772680195
1,2018-04-28,-0.2546196823585349
1,2018-04-29,-0.25358104081392835
1,2018-04-30,-0.2525622000670522
1,2018-05-01,-0.25156532046710595
1,2018-05-02,-0.2505924179637491
1,2018-05-03,-0.2496448839785698
1,2018-05-04,-0.24872366754687764
1,2018-05-05,-0.24782946626095945
1,2018-05-06,-0.246963119548362
1,2018-05-07,-0.24612551474731936
1,2018-05-08,-0.24531700581578877
1,2018-05-09,-0.24453739708244038
1,2018-05-10,-0.24378612787904125
1,2018-05-11,-0.24306253458520385
1,2018-05-12,-0.242365679501447
1,2018-05-13,-0.24169407236585522
1,2018-05-14,-0.2410459430532522
1,2018-05-15,-0.2404187463601622
1,2018-05-16,-0.23980928653506414
1,2018-05-17,-0.23921354030858893
1,2018-05-18,-0.23862657139142904
1,2018-05-19,-0.2380427170439151
1,2018-05-20,-0.2374560139569026
1,2018-05-21,-0.2368599970837358
1,2018-05-22,-0.2362474033241903
1,2018-05-23,-0.2356101985870298
1,2018-05-24,-0.23493942165419973
1,2018-05-25,-0.234225495055567
1,2018-05-26,-0.23345799335602255
1,2018-05-27,-0.23262558958684346
1,2018-05-28,-0.2317162775742149
1,2018-05-29,-0.23071679840143744
1,2018-05-30,-0.22961315598266013
1,2018-05-31,-0.22839056264618907
1,2018-06-01,-0.2270334444444056
1,2018-06-02,-0.22552590393999145
1,2018-06-03,-0.22385211325250012
1,2018-06-04,-0.22199629571811624
1,2018-06-05,-0.21994249654267642
1,2018-06-06,-0.21767496718327595
1,2018-06-07,-0.215178327426555
1,2018-06-08,-0.21243815445575795
1,2018-06-09,-0.20944082188638505
1,2018-06-10,-0.20617369758046392
1,2018-06-11,-0.2026254424514331
1,2018-06-12,-0.19878607205075882
1,2018-06-13,-0.19464736006007505
1,2018-06-14,-0.19020280036581222
1,2018-06-15,-0.18544794454293254
1,2018-06-16,-0.18038087853283002
1,2018-06-17,-0.17500250673353743
1,2018-06-18,-0.16931676862990994
1,2018-06-19,-0.16333063252891747
1,2018-06-20,-0.1570541226661927
1,2018-06-21,-0.15050014597460334
1,2018-06-22,-0.14368484172017892
1,2018-06-23,-0.136627916138872
1,2018-06-24,-0.12935200579010664
1,2018-06-25,-0.12188252210673271
1,2018-06-26,-0.11424733309203701
1,2018-06-27,-0.10647737942005323
1,2018-06-28,-0.09860521190343939
1,2018-06-29,-0.09066491656360587
1,2018-06-30,-0.08269242716171404
1,2018-07-01,-0.07472580194457976
1,2018-07-02,-0.06680437038050942
1,2018-07-03,-0.05896783272063448
1,2018-07-04,-0.05125579780067678
1,2018-07-05,-0.04370716125628158
1,2018-07-06,-0.03635998385465059
1,2018-07-07,-0.029250889413351494
1,2018-07-08,-0.02241497334179208
1,2018-07-09,-0.015885265327266963
1,2018-07-10,-0.009693090764520336
1,2018-07-11,-0.0038654486568979636
1,2018-07-12,0.0015732651675086776
1,2018-07-13,0.00660145731750184
1,2018-07-14,0.011200755743608522
1,2018-07-15,0.015356041056548609
1,2018-07-16,0.01905547836653556
1,2018-07-17,0.022291161072392145
1,2018-07-18,0.02505988985873472
1,2018-07-19,0.027362028862509557
1,2018-07-20,0.02920195252934888
1,2018-07-21,0.0305869240769895
1,2018-07-22,0.03152775742901736
1,2018-07-23,0.03203737286508331
1,2018-07-24,0.03213246844040933
1,2018-07-25,0.03183193542769188
1,2018-07-26,0.03115581523369937
1,2018-07-27,0.030124569505456174
1,2018-07-28,0.02876034248529294
1,2018-07-29,0.027087251535743397
1,2018-07-30,0.025129239104261205
1,2018-07-31,0.02291002000262578
1,2018-08-01,0.020453111069814865
1,2018-08-02,0.017779923032171744
1,2018-08-03,0.014911432151393893
1,2018-08-04,0.011866987443055121
1,2018-08-05,0.008664080477502292
1,2018-08-06,0.005318057023011492
1,2018-08-07,0.0018417619023459793
1,2018-08-08,-0.0017543996790058847
1,2018-08-09,-0.005462239993518378
1,2018-08-10,-0.0092754367472827
1,2018-08-11,-0.0131890747127499
1,2018-08-12,-0.017200169407642157
1,2018-08-13,-0.021307150997493654
1,2018-08-14,-0.02551019690302618
1,2018-08-15,-0.029809953434342652
1,2018-08-16,-0.034209916299571784
1,2018-08-17,-0.03871405453526308
1,2018-08-18,-0.04332712754671363
1,2018-08-19,-0.04805358293353793
1,2018-08-20,-0.05289848699733991
1,2018-08-21,-0.05786551783105925
1,2018-08-22,-0.06295788498624164
1,2018-08-23,-0.06817752144568776
1,2018-08-24,-0.07352436825936909
1,2018-08-25,-0.07899685989993027
1,2018-08-26,-0.08459199272402683
1,2018-08-27,-0.09030431521837191
1,2018-08-28,-0.09612619853897739
1,2018-08-29,-0.1020488185983914
1,2018-08-30,-0.10806149525498777
1,2018-08-31,-0.11415033029225438
1,2018-09-01,-0.12029992954391312
1,2018-09-02,-0.1264930745206583
1,2018-09-03,-0.1327108756283718
1,2018-09-04,-0.13893225596534617
1,2018-09-05,-0.1451356287141855
1,2018-09-06,-0.15129857177701994
1,2018-09-07,-0.15739756301784394
1,2018-09-08,-0.16340868470556494
1,2018-09-09,-0.16930810786222109
1,2018-09-10,-0.17507177550250863
1,2018-09-11,-0.18067555601473348
1,2018-09-12,-0.1860962763019064
1,2018-09-13,-0.19131220667751733
1,2018-09-14,-0.19630289222082448
1,2018-09-15,-0.20104979404122789
1,2018-09-16,-0.20553644795687004
1,2018-09-17,-0.20974841573909153
1,2018-09-18,-0.21367265221418946
1,2018-09-19,-0.21729891631421677
1,2018-09-20,-0.22062010346644287
1,2018-09-21,-0.22363180856348233
1,2018-09-22,-0.2263323108788739
1,2018-09-23,-0.2287222732124093
1,2018-09-24,-0.23080479845709218
1,2018-09-25,-0.23258546402140684
1,2018-09-26,-0.23407273502315248
1,2018-09-27,-0.23527767413015113
1,2018-09-28,-0.23621352324077885
1,2018-09-29,-0.2368955339407741
1,2018-09-30,-0.23734101911940048
1,2018-10-01,-0.23756877246268265
1,2018-10-02,-0.2375987454365869
1,2018-10-03,-0.23745230210439272
1,2018-10-04,-0.23715147500131548
1,2018-10-05,-0.2367185926478908
1,2018-10-06,-0.23617621796229948
1,2018-10-07,-0.2355470661702185
1,2018-10-08,-0.234853308826794
1,2018-10-09,-0.23411628786696753
1,2018-10-10,-0.2333564258576668
1,2018-10-11,-0.23259286117083203
1,2018-10-12,-0.23184374973268285
1,2018-10-13,-0.2311255414371777
1,2018-10-14,-0.23045291705897458
1,2018-10-15,-0.22983868154896614
1,2018-10-16,-0.22929303923388514
1,2018-10-17,-0.22882382630048195
1,2018-10-18,-0.2284364732779223
1,2018-10-19,-0.22813365317660983
1,2018-10-20,-0.22791579143866772
1,2018-10-21,-0.22778137140645363
1,2018-10-22,-0.2277264898490669
1,2018-10-23,-0.22774480517616263
1,2018-10-24,-0.22782790889840984
1,2018-10-25,-0.22796520622589134
1,2018-10-26,-0.22814451748098352
1,2018-10-27,-0.22835196825515613
1,2018-10-28,-0.2285722072576105
1,2018-10-29,-0.2287887316136958
1,2018-10-30,-0.22898355240387805
1,2018-10-31,-0.22913784743700172
1,2018-11-01,-0.22923211159874485
1,2018-11-02,-0.22924615736749449
1,2018-11-03,-0.2291598853594352
1,2018-11-04,-0.2289538006148666
1,2018-11-05,-0.2286092096475186
1,2018-11-06,-0.22810790760660007
1,2018-11-07,-0.22743271490008982
1,2018-11-08,-0.22656754113610705
1,2018-11-09,-0.22549815131755108
1,2018-11-10,-0.22421214229479414
1,2018-11-11,-0.22269899710448268
1,2018-11-12,-0.22095026622949804
1,2018-11-13,-0.2189591404241424
1,2018-11-14,-0.21672098219929015
1,2018-11-15,-0.2142333533103104
1,2018-11-16,-0.21149589361916082
1,2018-11-17,-0.20851070313873263
1,2018-11-18,-0.20528253330309282
1,2018-11-19,-0.20181857441892298
1,2018-11-20,-0.19812820951931728
1,2018-11-21,-0.19422314411440267
1,2018-11-22,-0.19011714421376272
1,2018-11-23,-0.18582611915933075
1,2018-11-24,-0.18136792314681144
1,2018-11-25,-0.1767621744954655
1,2018-11-26,-0.17202999989368167
1,2018-11-27,-0.16719379739024137
1,2018-11-28,-0.16227714006776756
1,2018-11-29,-0.15730447547978682
1,2018-11-30,-0.1523009803109015
1,2018-12-01,-0.14729246138487162
1,2018-12-02,-0.1423052219016261
1,2018-12-03,-0.1373656658970266
1,2018-12-04,-0.13250014867297633
1,2018-12-05,-0.12773484189923232
1,2018-12-06,-0.12309547163594384
1,2018-12-07,-0.11860723232736049
1,2018-12-08,-0.11429457445651058
1,2018-12-09,-0.1101811021177188
1,2018-12-10,-0.10628940952846762
1,2018-12-11,-0.102640867178712
1,2018-12-12,-0.09925553942791943
1,2018-12-13,-0.09615208254199312
1,2018-12-14,-0.0933476590622018
1,2018-12-15,-0.09085788347353206
1,2018-12-16,-0.08869677143192123
1,2018-12-17,-0.0868766323075839
1,2018-12-18,-0.0854080261319673
1,2018-12-19,-0.08429972230934625
1,2018-12-20,-0.08355865122072
1,2018-12-21,-0.08318991313753714
1,2018-12-22,-0.08319676920737738
1,2018-12-23,-0.08358067641083816
1,2018-12-24,-0.08434130724702112
1,2018-12-25,-0.08547648708031404
1,2018-12-26,-0.08698221747366226
1,2018-12-27,-0.08885274231980697
1,2018-12-28,-0.0910805702040196
1,2018-12-29,-0.0936565173030369
1,2018-12-30,-0.09656976859728786
1,2018-12-31,-0.09980796953192644
1,2019-01-01,-0.10335724994885993
1,2019-01-02,-0.10720226763759852
1,2019-01-03,-0.1113263554229608
1,2019-01-04,-0.11571159436337153
1,2019-01-05,-0.12033897406055756
1,2019-01-06,-0.12518842546564263
1,2019-01-07,-0.1302390434465986
1,2019-01-08,-0.1354690977644263
1,2019-01-09,-0.140856185851914
1,2019-01-10,-0.14637739053518734
1,2019-01-11,-0.1520094119819768
1,2019-01-12,-0.1577286484700833
1,2019-01-13,-0.16351136380338718
1,2019-01-14,-0.16933393440336436
1,2019-01-15,-0.17517298132956324
1,2019-01-16,-0.18100548391563215
1,2019-01-17,-0.18680891500532174
1,2019-01-18,-0.1925613409093879
1,2019-01-19,-0.19824163146202184
1,2019-01-20,-0.20382962546085995
1,2019-01-21,-0.20930629707432183
1,2019-01-22,-0.2146537852135755
1,2019-01-23,-0.219855530448196
1,2019-01-24,-0.22489635470190136
1,2019-01-25,-0.22976259770577362
1,2019-01-26,-0.23444210443980232
1,2019-01-27,-0.23892430130525705
1,2019-01-28,-0.2432002082587298
1,2019-01-29,-0.24726251637757568
1,2019-01-30,-0.25110561763837386
1,2019-01-31,-0.25472543541240567
1,2019-02-01,-0.25811950655907007
1,2019-02-02,-0.2612870892033748
1,2019-02-03,-0.26422890748305106
1,2019-02-04,-0.2669470694853447
1,2019-02-05,-0.2694450686356845
1,2019-02-06,-0.27172769479182163
1,2019-02-07,-0.273801009469409
1,2019-02-08,-0.27567214656936906
1,2019-02-09,-0.2773491439267745
1,2019-02-10,-0.2788408759971173
1,2019-02-11,-0.2801569137476376
1,2019-02-12,-0.2813074264112414
1,2019-02-13,-0.28230317581956804
1,2019-02-14,-0.28315521846355923
1,2019-02-15,-0.2838746638398581
1,2019-02-16,-0.28447277236567686
1,2019-02-17,-0.2849608329629856
1,2019-02-18,-0.2853499602028176
1,2019-02-19,-0.28565106355558156
1,2019-02-20,-0.2858746177021028
1,2019-02-21,-0.28603058545804405
1,2019-02-22,-0.2861285827876022
1,2019-02-23,-0.28617764422486913
1,2019-02-24,-0.28618619199803214
1,2019-02-25,-0.28616202302118726
1,2019-02-26,-0.28611225765041626
1,2019-02-27,-0.28604338898236775
1,2019-02-28,-0.28596114114922366
1,2019-03-01,-0.28587048699229367
1,2019-03-02,-0.285775734116594
1,2019-03-03,-0.28568045554713895
1,2019-03-04,-0.2855874121244593
1,2019-03-05,-0.2854986233669473
1,2019-03-06,-0.28541533495214205
1,2019-03-07,-0.28533826387727074
1,2019-03-08,-0.28526759093311255
1,2019-03-09,-0.28520285230474585
1,2019-03-10,-0.28514308655304127
1,2019-03-11,-0.2850869851303262
1,2019-03-12,-0.2850328418076621
1,2019-03-13,-0.284978850308016
1,2019-03-14,-0.284922930995491
1,2019-03-15,-0.28486263048132693
1,2019-03-16,-0.28479517924887665
1,2019-03-17,-0.28471778498095474
1,2019-03-18,-0.28462750531418896
1,2019-03-19,-0.2845214049751981
1,2019-03-20,-0.2843962939163509
1,2019-03-21,-0.2842490106851101
1,2019-03-22,-0.28407665721897774
1,2019-03-23,-0.28387639118222285
1,2019-03-24,-0.28364548399087575
1,2019-03-25,-0.28338137739639535
1,2019-03-26,-0.28308184887373455
1,2019-03-27,-0.2827449449719632
1,2019-03-28,-0.28236895128402834
1,2019-03-29,-0.2819525707177427
1,2019-03-30,-0.28149488622079505
1,2019-03-31,-0.28099539785147293
1,2019-04-01,-0.28045384272283347
1,2019-04-02,-0.27986992279622896
1,2019-04-03,-0.27924340648275003
1,2019-04-04,-0.27857459918109245
1,2019-04-05,-0.27786410586257715
1,2019-04-06,-0.27711267284926966
1,2019-04-07,-0.27632137844030435
1,2019-04-08,-0.27549158933217754
1,2019-04-09,-0.2746248853060774
1,2019-04-10,-0.2737231922893406
1,2019-04-11,-0.2727887615479068
1,2019-04-12,-0.2718240974684786
1,2019-04-13,-0.27083182657104554
1,2019-04-14,-0.2698149301730444
1,2019-04-15,-0.2687765148062544
1,2019-04-16,-0.2677195054282125
1,2019-04-17,-0.26664670205717284
1,2019-04-18,-0.2655610976120519
1,2019-04-19,-0.2644656822597927
1,2019-04-20,-0.2633632243737053
1,2019-04-21,-0.2622565806274632
1,2019-04-22,-0.2611486777815647
1,2019-04-23,-0.2600424593306127
1,2019-04-24,-0.25894062591892875
1,2019-04-25,-0.25784584407570216
1,2019-04-26,-0.25676101852196404
1,2019-04-27,-0.2556889884607393
1,2019-04-28,-0.2546325102641789
1,2019-04-29,-0.25359413821491616
1,2019-04-30,-0.25257583875324807
1,2019-05-01,-0.25157941686826885
1,2019-05-02,-0.2506067408703178
1,2019-05-03,-0.2496592360106368
1,2019-05-04,-0.24873786951690255
1,2019-05-05,-0.24784363186456274
1,2019-05-06,-0.2469774822451727
1,2019-05-07,-0.2461400218112064
1,2019-05-08,-0.24533134262945197
1,2019-05-09,-0.24455124689514543
1,2019-05-10,-0.2437995155398278
1,2019-05-11,-0.24307548749337982
1,2019-05-12,-0.24237809226690385
1,2019-05-13,-0.24170586124042856
1,2019-05-14,-0.24105666350423097
1,2019-05-15,-0.24042795425853628
1,2019-05-16,-0.23981671702788765
1,2019-05-17,-0.23921899041436548
1,2019-05-18,-0.23862992843377784
1,2019-05-19,-0.23804439246974204
1,2019-05-20,-0.23745697535419516
1,2019-05-21,-0.23686137127713566
1,2019-05-22,-0.236250007232114
1,2019-05-23,-0.23561439568947645
1,2019-05-24,-0.23494560583809052
1,2019-05-25,-0.23423376495113032
1,2019-05-26,-0.2334680668298796
1,2019-05-27,-0.23263699558620507
1,2019-05-28,-0.23172818588747374
1,2019-05-29,-0.23072879242438882
1,2019-05-30,-0.22962513278175792
1,2019-05-31,-0.2284023348067012
1,2019-06-01,-0.22704482594736708
1,2019-06-02,-0.22553705110470496
1,2019-06-03,-0.22386362061172418
1,2019-06-04,-0.22200871721455165
1,2019-06-05,-0.21995629476054399
1,2019-06-06,-0.217690545820452
1,2019-06-07,-0.21519639900205173
1,2019-06-08,-0.21245911024642536
1,2019-06-09,-0.20946478417790118
1,2019-06-10,-0.20620079506179917
1,2019-06-11,-0.20265584053474808
1,2019-06-12,-0.19882020880727294
1,2019-06-13,-0.19468576230005832
1,2019-06-14,-0.19024610555629043
1,2019-06-15,-0.18549704052471805
1,2019-06-16,-0.1804370126819415
1,2019-06-17,-0.17506726636152004
1,2019-06-18,-0.16939179616059855
1,2019-06-19,-0.16341736358897682
1,2019-06-20,-0.1571539248122346
1,2019-06-21,-0.15061458377022188
1,2019-06-22,-0.14381520402583342
1,2019-06-23,-0.13677466881637265
1,2019-06-24,-0.12951511851481565
1,2019-06-25,-0.12206178029069716
1,2019-06-26,-0.11444253667541616
1,2019-06-27,-0.10668742797884967
1,2019-06-28,-0.09882879973464864
1,2019-06-29,-0.09090142388412838
1,2019-06-30,-0.08294201515097792
1,2019-07-01,-0.07498805031160753
1,2019-07-02,-0.06707799048526507
1,2019-07-03,-0.059250645012125985
1,2019-07-04,-0.05154576865948059
1,2019-07-05,-0.04400268009664275
1,2019-07-06,-0.03665951063782276
1,2019-07-07,-0.029553277083426168
1,2019-07-08,-0.022719013383469603
1,2019-07-09,-0.016189606665352976
1,2019-07-10,-0.009995618891167212
1,2019-07-11,-0.004164905799853438
1,2019-07-12,0.0012767183896082602
1,2019-07-13,0.006306985949586912
1,2019-07-14,0.010907243423935387
1,2019-07-15,0.015062632864173746
1,2019-07-16,0.0187620738941867
1,2019-07-17,0.021997389298081486
1,2019-07-18,0.024765314431197293
1,2019-07-19,0.027065979960102845
1,2019-07-20,0.02890337610771948
1,2019-07-21,0.0302853841834018
1,2019-07-22,0.031223455234347837
1,2019-07-23,0.03173165682227763
1,2019-07-24,0.03182669845538381
1,2019-07-25,0.03152676536991366
1,2019-07-26,0.030852906752274773
1,2019-07-27,0.029826632421815873
1,2019-07-28,0.028469229380579032
1,2019-07-29,0.026803610751644995
1,2019-07-30,0.024852800177037063
1,2019-07-31,0.022640571832319347
1,2019-08-01,0.020190744549107114
1,2019-08-02,0.01752528736138676
1,2019-08-03,0.014664605014912778
1,2019-08-04,0.011627484430907878
1,2019-08-05,0.008431246115904931
1,2019-08-06,0.005090836535687068
1,2019-08-07,0.00161940764900739
1,2019-08-08,-0.001971359628290127
1,2019-08-09,-0.005672023485669225
1,2019-08-10,-0.009475995834697113
1,2019-08-11,-0.013379388801624573
1,2019-08-12,-0.017380042581735564
1,2019-08-13,-0.021477357726010213
1,2019-08-14,-0.025672213090790576
1,2019-08-15,-0.029966239807068213
1,2019-08-16,-0.03436241525057551
1,2019-08-17,-0.03886486776490324
1,2019-08-18,-0.04347761233475016
1,2019-08-19,-0.04820492709720399
1,2019-08-20,-0.053051265511719035
1,2019-08-21,-0.0580209738286846
1,2019-08-22,-0.06311611222812864
1,2019-08-23,-0.06833681255274851
1,2019-08-24,-0.07368240365407293
1,2019-08-25,-0.07915135310907558
1,2019-08-26,-0.08474103875777281
1,2019-08-27,-0.09044695065167278
1,2019-08-28,-0.09626221519782531
1,2019-08-29,-0.102177290756747
1,2019-08-30,-0.10817984332749399
1,2019-08-31,-0.11425707214631499
1,2019-09-01,-0.12039441443408923
1,2019-09-02,-0.1265746200112536
1,2019-09-03,-0.13277867493065396
1,2019-09-04,-0.1389869388367913
1,2019-09-05,-0.14517839121651294
1,2019-09-06,-0.15133021798589327
1,2019-09-07,-0.15741812905056532
1,2019-09-08,-0.16341748603522865
1,2019-09-09,-0.16930471122625038
1,2019-09-10,-0.17505665956970523
1,2019-09-11,-0.1806500138906128
1,2019-09-12,-0.18606147688851346
1,2019-09-13,-0.1912689634280271
1,2019-09-14,-0.19625245041303227
1,2019-09-15,-0.20099352480612234
1,2019-09-16,-0.20547556858055227
1,2019-09-17,-0.20968372549590789
1,2019-09-18,-0.21360610827304827
1,2019-09-19,-0.21723331126915732
1,2019-09-20,-0.220557564083376
1,2019-09-21,-0.22357280136915
1,2019-09-22,-0.22627609882061533
1,2019-09-23,-0.22866874434520404
1,2019-09-24,-0.23075455113673604
1,2019-09-25,-0.23253899618537532
1,2019-09-26,-0.23402965863669672
1,2019-09-27,-0.23523705124100958
1,2019-09-28,-0.2361744042116921
1,2019-09-29,-0.23685726348637237
1,2019-09-30,-0.23730326540643162
1,2019-10-01,-0.23753155025897257
1,2019-10-02,-0.23756281239624225
1,2019-10-03,-0.23741882881514734
1,2019-10-04,-0.237121363291149
1,2019-10-05,-0.23669209742894254
1,2019-10-06,-0.236153159304918
1,2019-10-07,-0.23552746616847503
1,2019-10-08,-0.23483738160668727
1,2019-10-09,-0.23410396643715933
1,2019-10-10,-0.23334746096349665
1,2019-10-11,-0.23258736120530654
1,2019-10-12,-0.23184152715523815
1,2019-10-13,-0.2311260161112226
1,2019-10-14,-0.23045554564919146
1,2019-10-15,-0.2298428620527906
1,2019-10-16,-0.22929855306118754
1,2019-10-17,-0.2288306623681796
1,2019-10-18,-0.22844453885657706
1,2019-10-19,-0.22814298030189428
1,2019-10-20,-0.22792644505465912
1,2019-10-21,-0.2277936509741074
1,2019-10-22,-0.227740697820872
1,2019-10-23,-0.2277611313146669
1,2019-10-24,-0.22784642523265405
1,2019-10-25,-0.22798618132112905
1,2019-10-26,-0.22816790320164815
1,2019-10-27,-0.22837735216151503
1,2019-10-28,-0.2285991111551682
1,2019-10-29,-0.22881637037687724
1,2019-10-30,-0.22901128124301323
1,2019-10-31,-0.229165191080924
1,2019-11-01,-0.22925860791593583
1,2019-11-02,-0.22927154129402527
1,2019-11-03,-0.2291840472959002
1,2019-11-04,-0.22897675289832986
1,2019-11-05,-0.2286309053324176
1,2019-11-06,-0.2281283782622555
1,2019-11-07,-0.2274521348690051
1,2019-11-08,-0.2265864779884489
1,2019-11-09,-0.2255170472326555
1,2019-11-10,-0.22423107725917382
1,2019-11-11,-0.22271782241492102
1,2019-11-12,-0.22096835408066948
1,2019-11-13,-0.21897587385966794
1,2019-11-14,-0.2167358788732384
1,2019-11-15,-0.2142459727280239
1,2019-11-16,-0.21150594762305347
1,2019-11-17,-0.20851811617705412
1,2019-11-18,-0.20528741220260924
1,2019-11-19,-0.20182108934396406
1,2019-11-20,-0.1981286212321156
1,2019-11-21,-0.1942217532655321
1,2019-11-22,-0.19011444829948046
1,2019-11-23,-0.18582256742110348
1,2019-11-24,-0.18136379496838947
1,2019-11-25,-0.17675771595992773
1,2019-11-26,-0.17202536212945252
1,2019-11-27,-0.167189153000353
1,2019-11-28,-0.1622726787909093
1,2019-11-29,-0.157300320036063
1,2019-11-30,-0.15229714951680967
1,2019-12-01,-0.1472889255083289
1,2019-12-02,-0.1423018547308876
1,2019-12-03,-0.13736232584085772
1,2019-12-04,-0.1324967272509304
1,2019-12-05,-0.12773126360998036
1,2019-12-06,-0.12309177809776752
1,2019-12-07,-0.11860350182135483
1,2019-12-08,-0.11429089728277875
1,2019-12-09,-0.1101775928977111
1,2019-12-10,-0.10628612877299654
1,2019-12-11,-0.10263784365629647
1,2019-12-12,-0.09925283585785251
1,2019-12-13,-0.09614972487363878
1,2019-12-14,-0.09334561647225452
1,2019-12-15,-0.09085608397311402
1,2019-12-16,-0.08869512979297331
1,2019-12-17,-0.08687506765829522
1,2019-12-18,-0.08540645846267299
1,2019-12-19,-0.08429810027475002
1,2019-12-20,-0.08355699090510187
1,2019-12-21,-0.08318829713383315
1,2019-12-22,-0.08319532794942089
1,2019-12-23,-0.08357955283643595
1,2019-12-24,-0.08434057587324047
1,2019-12-25,-0.08547617728589536
1,2019-12-26,-0.08698235418985761
1,2019-12-27,-0.08885329324056278
1,2019-12-28,-0.09108144402074038
1,2019-12-29,-0.09365760022900328
1,2019-12-30,-0.09657095111769853
1,2019-12-31,-0.09980911116864935
1,2020-01-01,-0.10335822460551813
1,2020-01-02,-0.10720300532386852
1,2020-01-03,-0.11132685854697492
1,2020-01-04,-0.11571199414078119
1,2020-01-05,-0.1203394542526993
1,2020-01-06,-0.1251892561168791
1,2020-01-07,-0.13024045768881978
1,2020-01-08,-0.13547122542663237
1,2020-01-09,-0.14085910914324612
1,2020-01-10,-0.14638107347006651
1,2020-01-11,-0.1520136847295752
1,2020-01-12,-0.1577332926743257
1,2020-01-13,-0.1635162407908105
1,2020-01-14,-0.1693388778555665
1,2020-01-15,-0.1751778150876092
1,2020-01-16,-0.18100999071478827
1,2020-01-17,-0.18681288456248835
1,2020-01-18,-0.19256474150290812
1,2020-01-19,-0.19824459429099126
1,2020-01-20,-0.2038324549482597
1,2020-01-21,-0.20930930232258174
1,2020-01-22,-0.21465726091984627
1,2020-01-23,-0.2198596975935902
1,2020-01-24,-0.22490135047086438
1,2020-01-25,-0.22976834895889248
1,2020-01-26,-0.23444841225546334
1,2020-01-27,-0.23893096877304648
1,2020-01-28,-0.24320699206438606
1,2020-01-29,-0.24726910448326272
1,2020-01-30,-0.25111158235954534
1,2020-01-31,-0.25473043002974727
1,2020-02-01,-0.2581234311079076
1,2020-02-02,-0.26128997607058435
1,2020-02-03,-0.26423102252856856
1,2020-02-04,-0.2669487266795406
1,2020-02-05,-0.26944651777428347
1,2020-02-06,-0.2717291541593432
1,2020-02-07,-0.2738026314364744
1,2020-02-08,-0.27567395571634257
1,2020-02-09,-0.277351140421648
1,2020-02-10,-0.27884312150627505
1,2020-02-11,-0.28015943364319906
1,2020-02-12,-0.28131020296413495
1,2020-02-13,-0.282305986640452
1,2020-02-14,-0.283157740850276
1,2020-02-15,-0.2838766960260865
1,2020-02-16,-0.28447421086885366
1,2020-02-17,-0.28496169534467714
1,2020-02-18,-0.2853501644785831
1,2020-02-19,-0.28565036146037687
1,2020-02-20,-0.285872739545186
1,2020-02-21,-0.2860275142180433
1,2020-02-22,-0.28612436188862506
1,2020-02-23,-0.28617238008756546
1,2020-02-24,-0.28618011971890356
1,2020-02-25,-0.28615536760443233
1,2020-02-26,-0.2861051717649806
1,2020-02-27,-0.28603584705209034
1,2020-02-28,-0.28595310057932555
1,2020-02-29,-0.2858619417646947
1,2020-03-01,-0.2857667415525229
1,2020-03-02,-0.28567128137191833
1,2020-03-03,-0.28557814291912853
1,2020-03-04,-0.2854890894113857
1,2020-03-05,-0.2854052845318907
1,2020-03-06,-0.28532753453433235
1,2020-03-07,-0.285256165400987
1,2020-03-08,-0.2851908499649874
1,2020-03-09,-0.285130767186281
1,2020-03-10,-0.28507460894761283
1,2020-03-11,-0.28502069611190806
1,2020-03-12,-0.2849668972054631
1,2020-03-13,-0.28491100818902665
1,2020-03-14,-0.28485059072857194
1,2020-03-15,-0.28478308466681684
1,2020-03-16,-0.2847057974162843
1,2020-03-17,-0.2846156130593591
1,2020-03-18,-0.2845091230463252
1,2020-03-19,-0.28438297901095866
1,2020-03-20,-0.2842341841623918
1,2020-03-21,-0.28405998651489595
1,2020-03-22,-0.28385773678663623
1,2020-03-23,-0.28362495397875226
1,2020-03-24,-0.28335933056200585
1,2020-03-25,-0.2830588058519647
1,2020-03-26,-0.28272144043998987
1,2020-03-27,-0.28234546209289574
1,2020-03-28,-0.2819294317253267
1,2020-03-29,-0.2814722743875783
1,2020-03-30,-0.2809733016138299
1,2020-03-31,-0.2804317797653813
1,2020-04-01,-0.2798470380747468
1,2020-04-02,-0.2792190266280403
1,2020-04-03,-0.27854829658594443
1,2020-04-04,-0.2778356988928892
1,2020-04-05,-0.27708205670068653
1,2020-04-06,-0.27628838807430517
1,2020-04-07,-0.27545617023811647
1,2020-04-08,-0.2745874581803404
1,2020-04-09,-0.2736844655983564
1,2020-04-10,-0.27274975372921695
1,2020-04-11,-0.271786066627353
1,2020-04-12,-0.27079601066184916
1,2020-04-13,-0.26978193395494393
1,2020-04-14,-0.2687460856451455
1,2020-04-15,-0.2676908321811038
1,2020-04-16,-0.2666187773336589
1,2020-04-17,-0.2655329258147379
1,2020-04-18,-0.26443635993404185
1,2020-04-19,-0.26333195657063163
1,2020-04-20,-0.26222258376255914
1,2020-04-21,-0.26111139647379505
1,2020-04-22,-0.2600018770788851
1,2020-04-23,-0.2588973551896076
1,2020-04-24,-0.25780092400472043
1,2020-04-25,-0.25671555563705284
1,2020-04-26,-0.2556438206658684
1,2020-04-27,-0.25458780066458464
1,2020-04-28,-0.25354950513751384
1,2020-04-29,-0.2525307176802806
1,2020-04-30,-0.2515331851033324
1,2020-05-01,-0.25055892789977413
1,2020-05-02,-0.24960989364294417
1,2020-05-03,-0.24868697764884518
1,2020-05-04,-0.24779077604397728
1,2020-05-05,-0.2469219336138342
1,2020-05-06,-0.24608126178762493
1,2020-05-07,-0.24526976620952584
1,2020-05-08,-0.244488123739494
1,2020-05-09,-0.24373635630492044
1,2020-05-10,-0.24301375419038937
1,2020-05-11,-0.24231867049642997
1,2020-05-12,-0.2416488551177089
1,2020-05-13,-0.2410018770970913
1,2020-05-14,-0.24037461677420338
1,2020-05-15,-0.2397637628657172
1,2020-05-16,-0.2391654645240419
1,2020-05-17,-0.23857510127464343
1,2020-05-18,-0.23798714593420142
1,2020-05-19,-0.23739572016228427
1,2020-05-20,-0.23679482112160524
1,2020-05-21,-0.23617813798800624
1,2020-05-22,-0.2355381710143293
1,2020-05-23,-0.2348659288165352
1,2020-05-24,-0.23415137530452054
1,2020-05-25,-0.23338366582228634
1,2020-05-26,-0.23255150884494444
1,2020-05-27,-0.23164227736006313
1,2020-05-28,-0.23064218382445664
1,2020-05-29,-0.22953730001747868
1,2020-05-30,-0.2283131641514064
1,2020-05-31,-0.22695438441318389
1,2020-06-01,-0.22544486774744252
1,2020-06-02,-0.2237682887369285
1,2020-06-03,-0.22190879589224288
1,2020-06-04,-0.21985150127254816
1,2020-06-05,-0.2175816130666492
1,2020-06-06,-0.21508406497250862
1,2020-06-07,-0.21234414939567597
1,2020-06-08,-0.20934785871224199
1,2020-06-09,-0.2060821369530406
1,2020-06-10,-0.2025352150413365
1,2020-06-11,-0.19869659575973453
1,2020-06-12,-0.19455760806896585
1,2020-06-13,-0.19011165596059956
1,2020-06-14,-0.18535462725404073
1,2020-06-15,-0.1802844325854327
1,2020-06-16,-0.17490218990274878
1,2020-06-17,-0.16921290575895132
1,2020-06-18,-0.16322480900427552
1,2020-06-19,-0.15694826996414518
1,2020-06-20,-0.15039583768603013
1,2020-06-21,-0.14358290755302827
1,2020-06-22,-0.1365282641262873
1,2020-06-23,-0.1292544854357049
1,2020-06-24,-0.12178629698911175
1,2020-06-25,-0.11415164476793259
1,2020-06-26,-0.10638191209877057
1,2020-06-27,-0.09851029517300255
1,2020-06-28,-0.09057203718091968
1,2020-06-29,-0.0826033333350675
1,2020-06-30,-0.074640394564364193
1,2020-07-01,-0.0667202601660517
1,2020-07-02,-0.058881775934239766
1,2020-07-03,-0.05116520206685009
1,2020-07-04,-0.04361082093979794
1,2020-07-05,-0.03625802791935744
1,2020-07-06,-0.02914377561338026
1,2020-07-07,-0.02230307747081465
1,2020-07-08,-0.015770717608023593
1,2020-07-09,-0.009577559596508268
1,2020-07-10,-0.0037507048321588667
1,2020-07-11,0.0016856653314598468
1,2020-07-12,0.00671047744834774
1,2020-07-13,0.01130569569384959
1,2020-07-14,0.015455883736385036
1,2020-07-15,0.01914848004702
1,2020-07-16,0.022376101151426558
1,2020-07-17,0.025136689024531828
1,2020-07-18,0.0274323323489915
1,2020-07-19,0.02926839142018955
1,2020-07-20,0.030652326721291485
1,2020-07-21,0.031594638604994306
1,2020-07-22,0.03210967883023648
1,2020-07-23,0.032212043478720497
1,2020-07-24,0.031918354484728836
1,2020-07-25,0.031248478120618022
1,2020-07-26,0.030223278233649568
1,2020-07-27,0.028864445813281115
1,2020-07-28,0.02719627934211728
1,2020-07-29,0.02524414590511649
1,2020-07-30,0.023032488214956227
1,2020-07-31,0.02058380816311221
1,2020-08-01,0.01791822727406002
1,2020-08-02,0.015055016691333934
1,2020-08-03,0.012013557112317648
1,2020-08-04,0.008811569869429225
1,2020-08-05,0.00546383227236845
1,2020-08-06,0.001983270256551086
1,2020-08-07,-0.0016180987969457669
1,2020-08-08,-0.005331128704258551
1,2020-08-09,-0.009148314130636331
1,2020-08-10,-0.01306496331144084
1,2020-08-11,-0.01707930303305021
1,2020-08-12,-0.021191067822677316
1,2020-08-13,-0.02540059519154426
1,2020-08-14,-0.02970889735839522
1,2020-08-15,-0.034118810906880556
1,2020-08-16,-0.038633644058603284
1,2020-08-17,-0.04325659279551556
1,2020-08-18,-0.04799118327662512
1,2020-08-19,-0.052841983528339166
1,2020-08-20,-0.05781334807272232
1,2020-08-21,-0.0629090635898038
1,2020-08-22,-0.06813058604074385
1,2020-08-23,-0.0734779445512428
1,2020-08-24,-0.07895031755244361
1,2020-08-25,-0.08454425653668844
1,2020-08-26,-0.09025348910301567
1,2020-08-27,-0.09607030895640783
1,2020-08-28,-0.10198597072168854
1,2020-08-29,-0.10799057285143876
1,2020-08-30,-0.11407274348280412
1,2020-08-31,-0.12021757569136211
1,2020-09-01,-0.12640745513763907
1,2020-09-02,-0.13262316997175633
1,2020-09-03,-0.13884307437451168
1,2020-09-04,-0.14504455877368996
1,2020-09-05,-0.15120502275886824
1,2020-09-06,-0.15730081780111257
1,2020-09-07,-0.16330824138545838
1,2020-09-08,-0.16920373513155312
1,2020-09-09,-0.1749630994470762
1,2020-09-10,-0.18056224291091555
1,2020-09-11,-0.18597791820578358
1,2020-09-12,-0.1911885291362988
1,2020-09-13,-0.19617413590020968
1,2020-09-14,-0.2009159818174126
1,2020-09-15,-0.2053973167167892
1,2020-09-16,-0.20960302424915642
1,2020-09-17,-0.21352049796228068
1,2020-09-18,-0.21714008329668413
1,2020-09-19,-0.22045517529620082
1,2020-09-20,-0.22346104268183603
1,2020-09-21,-0.22615585262095012
1,2020-09-22,-0.22854033005809732
1,2020-09-23,-0.2306177223309433
1,2020-09-24,-0.23239391311509344
1,2020-09-25,-0.2338776602407482
1,2020-09-26,-0.2350803535680775
1,2020-09-27,-0.2360153105760553
1,2020-09-28,-0.2366973592332517
1,2020-09-29,-0.23714328258728484
1,2020-09-30,-0.2373713321730776
1,2020-10-01,-0.23740120678323787
1,2020-10-02,-0.23725421952160825
1,2020-10-03,-0.2369528683646763
1,2020-10-04,-0.2365195912694215
1,2020-10-05,-0.2359766732035079
1,2020-10-06,-0.23534649721478604
1,2020-10-07,-0.23465124474587457
1,2020-10-08,-0.2339131024730429
1,2020-10-09,-0.23315336258336572
1,2020-10-10,-0.23239156712171383
1,2020-10-11,-0.23164541553388748
1,2020-10-12,-0.23093071154728761
1,2020-10-13,-0.2302618978479103
1,2020-10-14,-0.22965159807086566
1,2020-10-15,-0.22910964103577375
1,2020-10-16,-0.22864378124269538
1,2020-10-17,-0.22825950234300466
1,2020-10-18,-0.2279596999530404
1,2020-10-19,-0.22774440493945253
1,2020-10-20,-0.2276114809979854
1,2020-10-21,-0.22755719016925455
1,2020-10-22,-0.22757652944002765
1,2020-10-23,-0.22766198207864685
1,2020-10-24,-0.22780302134472585
1,2020-10-25,-0.22798711400095376
1,2020-10-26,-0.22820019452211238
1,2020-10-27,-0.2284269262711368
1,2020-10-28,-0.2286504244441038
1,2020-10-29,-0.22885207160534565
1,2020-10-30,-0.22901246364881697
1,2020-10-31,-0.2291116646582218
1,2020-11-01,-0.22912983436754095
1,2020-11-02,-0.2290467705415799
1,2020-11-03,-0.228842680539488
1,2020-11-04,-0.22849904745159272
1,2020-11-05,-0.22799875420091137
1,2020-11-06,-0.22732541806613127
1,2020-11-07,-0.2264632265681764
1,2020-11-08,-0.22539773670629767
1,2020-11-09,-0.2241163336914164
1,2020-11-10,-0.22260851783492625
1,2020-11-11,-0.22086510614994848
1,2020-11-12,-0.21887868473205604
1,2020-11-13,-0.2166443282579756
1,2020-11-14,-0.2141596485630504
1,2020-11-15,-0.2114247326925088
1,2020-11-16,-0.20844183198393065
1,2020-11-17,-0.20521545149198253
1,2020-11-18,-0.201752742901052
1,2020-11-19,-0.19806345102240094
1,2020-11-20,-0.19415971224119388
1,2020-11-21,-0.19005572632630666
1,2020-11-22,-0.18576736725928134
1,2020-11-23,-0.18131222787211035
1,2020-11-24,-0.17670971668511923
1,2020-11-25,-0.17198069488274145
1,2020-11-26,-0.1671473765025664
1,2020-11-27,-0.16223322588194694
1,2020-11-28,-0.15726280749067048
1,2020-11-29,-0.15226159421048968
1,2020-11-30,-0.14725538985886877
1,2020-12-01,-0.14227022192530536
1,2020-12-02,-0.13733234350072243
1,2020-12-03,-0.13246816531504155
1,2020-12-04,-0.12770407099259765
1,2020-12-05,-0.12306606773872333
1,2020-12-06,-0.11857936548263488
1,2020-12-07,-0.11426831922547913
1,2020-12-08,-0.11015648901180097
1,2020-12-09,-0.10626646691212699
1,2020-12-10,-0.10261950611635928
1,2020-12-11,-0.09923554608027917
1,2020-12-12,-0.09613321738486467
1,2020-12-13,-0.09332981976345266
1,2020-12-14,-0.09084096860068773
1,2020-12-15,-0.08868056190665272
1,2020-12-16,-0.08686083353685245
1,2020-12-17,-0.08539235161330522
1,2020-12-18,-0.08428398851564668
1,2020-12-19,-0.08354283816057727
1,2020-12-20,-0.08317411030601919
1,2020-12-21,-0.0831810904034478
1,2020-12-22,-0.08356526094843113
1,2020-12-23,-0.08432636082414541
1,2020-12-24,-0.0854621505455375
1,2020-12-25,-0.08696851609157667
1,2020-12-26,-0.08883962180776013
1,2020-12-27,-0.0910679540622803
1,2020-12-28,-0.09364429966079162
1,2020-12-29,-0.09655780551162496
1,2020-12-30,-0.09979608845789892
1,2020-12-31,-0.09979772532748943
1,2021-01-01,-0.1033469286852957
1,2021-01-02,-0.10719186431590091
1,2021-01-03,-0.11131600635782976
1,2021-01-04,-0.11570153982870254
1,2021-01-05,-0.1203294560231671
1,2021-01-06,-0.1251797065046457
1,2021-01-07,-0.13023123314094395
1,2021-01-08,-0.13546213178451014
1,2021-01-09,-0.1408499317992805
1,2021-01-10,-0.14637170463816102
1,2021-01-11,-0.15200416111753345
1,2021-01-12,-0.15772372371365667
1,2021-01-13,-0.16350666271338202
1,2021-01-14,-0.16932930471628108
1,2021-01-15,NA
1,2021-01-16,NA
1,2021-01-17,NA
1,2021-01-18,NA
1,2021-01-19,NA
1,2021-01-20,NA
1,2021-01-21,NA
1,2021-01-22,NA
1,2021-01-23,NA
1,2021-01-24,NA
1,2021-01-25,NA
1,2021-01-26,NA
1,2021-01-27,NA
1,2021-01-28,NA
1,2021-01-29,NA
1,2021-01-30,NA
1,2021-01-31,NA
1,2021-02-01,NA
1,2021-02-02,NA
1,2021-02-03,NA
1,2021-02-04,NA
1,2021-02-05,NA
1,2021-02-06,NA
1,2021-02-07,NA
1,2021-02-08,NA
1,2021-02-09,NA
1,2021-02-10,NA
1,2021-02-11,NA
1,2021-02-12,NA
1,2021-02-13,NA
1,2021-02-14,NA
1,2021-02-15,NA
1,2021-02-16,NA
1,2021-02-17,NA
1,2021-02-18,NA
1,2021-02-19,NA
1,2021-02-20,NA
1,2021-02-21,NA
1,2021-02-22,NA
1,2021-02-23,NA
1,2021-02-24,NA
1,2021-02-25,NA
1,2021-02-26,NA
1,2021-02-27,NA
1,2021-02-28,NA
1,2021-03-01,NA
1,2021-03-02,NA
1,2021-03-03,NA
1,2021-03-04,NA
1,2021-03-05,NA
1,2021-03-06,NA
1,2021-03-07,NA
1,2021-03-08,NA
1,2021-03-09,NA
1,2021-03-10,NA
1,2021-03-11,NA
1,2021-03-12,NA
1,2021-03-13,NA
1,2021-03-14,NA
1,2021-03-15,NA
1,2021-03-16,NA
1,2021-03-17,NA
1,2021-03-18,NA
1,2021-03-19,NA
1,2021-03-20,NA
1,2021-03-21,NA
1,2021-03-22,NA
1,2021-03-23,NA
1,2021-03-24,NA
1,2021-03-25,NA
1,2021-03-26,NA
1,2021-03-27,NA
1,2021-03-28,NA
1,2021-03-29,NA
1,2021-03-30,NA
1,2021-03-31,NA
1,2021-04-01,NA
1,2021-04-02,NA
1,2021-04-03,NA
1,2021-04-04,NA
1,2021-04-05,NA
1,2021-04-06,NA
1,2021-04-07,NA
1,2021-04-08,NA
1,2021-04-09,NA
1,2021-04-10,NA
1,2021-04-11,NA
1,2021-04-12,NA
1,2021-04-13,NA
1,2021-04-14,NA
1,2021-04-15,NA
1,2021-04-16,NA
1,2021-04-17,NA
1,2021-04-18,NA
1,2021-04-19,NA
1,2021-04-20,NA
1,2021-04-21,NA
1,2021-04-22,NA
1,2021-04-23,NA
1,2021-04-24,NA
1,2021-04-25,NA
1,2021-04-26,NA
1,2021-04-27,NA
1,2021-04-28,NA
1,2021-04-29,NA
1,2021-04-30,NA
1,2021-05-01,NA
1,2021-05-02,NA
1,2021-05-03,NA
1,2021-05-04,NA
1,2021-05-05,NA
1,2021-05-06,NA
1,2021-05-07,NA
1,2021-05-08,NA
1,2021-05-09,NA
1,2021-05-10,NA
1,2021-05-11,NA
1,2021-05-12,NA
1,2021-05-13,NA
1,2021-05-14,NA
1,2021-05-15,NA
1,2021-05-16,NA
1,2021-05-17,NA
1,2021-05-18,NA
1,2021-05-19,NA
1,2021-05-20,NA
1,2021-05-21,NA
1,2021-05-22,NA
1,2021-05-23,NA
1,2021-05-24,NA
1,2021-05-25,NA
1,2021-05-26,NA
1,2021-05-27,NA
1,2021-05-28,NA
1,2021-05-29,NA
1,2021-05-30,NA
1,2021-05-31,NA
1,2021-06-01,NA
1,2021-06-02,NA
1,2021-06-03,NA
1,2021-06-04,NA
1,2021-06-05,NA
1,2021-06-06,NA
1,2021-06-07,NA
