site,date,value
1,2012-12-31,0.015847849327679544
1,2013-01-02,0.015810864984243073
1,2013-01-03,0.01579020966623893
1,2013-01-04,0.015768242188397067
1,2013-01-05,0.015745075107204246
1,2013-01-06,0.015720834231768135
1,2013-01-07,0.015695657703994673
1,2013-01-08,0.015669694959026068
1,2013-01-09,0.01564310633384078
1,2013-01-10,0.015616061990858505
1,2013-01-11,0.015588739274228105
1,2013-01-12,0.01556131992940867
1,2013-01-13,0.015533988093861192
1,2013-01-14,0.015506927950959275
1,2013-01-15,0.01548032093881583
1,2013-01-16,0.015454343193552548
1,2013-01-17,0.015429161512709373
1,2013-01-18,0.015404931209799359
1,2013-01-19,0.01538179384557361
1,2013-01-20,0.015359875086928083
1,2013-01-21,0.015339281477885155
1,2013-01-22,0.01532009915395843
1,2013-01-23,0.0153023933194926
1,2013-01-24,0.015286206570617411
1,2013-01-25,0.015271558657869728
1,2013-01-26,0.015258446888779573
1,2013-01-27,0.015246847256414836
1,2013-01-28,0.015236715591508162
1,2013-01-29,0.01522798945928497
1,2013-01-30,0.015220590457095087
1,2013-01-31,0.015214425139896392
1,2013-02-01,0.015209389266667372
1,2013-02-02,0.015205371498285542
1,2013-02-03,0.015202255803646507
1,2013-02-04,0.015199924171924568
1,2013-02-05,0.015198259647121876
1,2013-02-06,0.015197149442630908
1,2013-02-07,0.01519648700355124
1,2013-02-08,0.015196174443074797
1,2013-02-09,0.0151961245367391
1,2013-02-10,0.015196261757228664
1,2013-02-11,0.015196522882558062
1,2013-02-12,0.01519685868986307
1,2013-02-13,0.015197234007018475
1,2013-02-14,0.015197625352354135
1,2013-02-15,0.015198021385625277
1,2013-02-16,0.015198422365192747
1,2013-02-17,0.015198838778875762
1,2013-02-18,0.015199289919435227
1,2013-02-19,0.01519980195527746
1,2013-02-20,0.015200405564732783
1,2013-02-21,0.015201132407274089
1,2013-02-22,0.015202014277250028
1,2013-02-23,0.015203082166735951
1,2013-02-24,0.015204362444990167
1,2013-02-25,0.015205876022309826
1,2013-02-26,0.015207638048188797
1,2013-02-27,0.015209656866243789
1,2013-02-28,0.015211932366466587
1,2013-03-01,0.015214456232748268
1,2013-03-02,0.015217213177262295
1,2013-03-03,0.015220181501492876
1,2013-03-04,0.015223335075326073
1,2013-03-05,0.01522664494728926
1,2013-03-06,0.015230078223774843
1,2013-03-07,0.015233598829463051
1,2013-03-08,0.01523717013791809
1,2013-03-09,0.015240756456649952
1,2013-03-10,0.015244323716774175
1,2013-03-11,0.015247839677486044
1,2013-03-12,0.015251275094291104
1,2013-03-13,0.015254604487735987
1,2013-03-14,0.015257806214976131
1,2013-03-15,0.015260862834917401
1,2013-03-16,0.015263761346713338
1,2013-03-17,0.01526649275045123
1,2013-03-18,0.015269052321824657
1,2013-03-19,0.015271438950291745
1,2013-03-20,0.01527365381659373
1,2013-03-21,0.015275699534320673
1,2013-03-22,0.015277580926255726
1,2013-03-23,0.015279303805940688
1,2013-03-24,0.015280873443447134
1,2013-03-25,0.015282295396448538
1,2013-03-26,0.015283575675440335
1,2013-03-27,0.015284720693977715
1,2013-03-28,0.015285735843075101
1,2013-03-29,0.0152866260706972
1,2013-03-30,0.015287396833059713
1,2013-03-31,0.015288054647646807
1,2013-04-01,0.015288608002005818
1,2013-04-02,0.015289067214282004
1,2013-04-03,0.015289445040874282
1,2013-04-04,0.015289757527650804
1,2013-04-05,0.015290024355769054
1,2013-04-06,0.015290266659804578
1,2013-04-07,0.015290508649105068
1,2013-04-08,0.0152907772247064
1,2013-04-09,0.015291101017889799
1,2013-04-10,0.015291508871532845
1,2013-04-11,0.015292027763084706
1,2013-04-12,0.01529268390272466
1,2013-04-13,0.015293502829533548
1,2013-04-14,0.015294506839853131
1,2013-04-15,0.015295714004140518
1,2013-04-16,0.015297136814924134
1,2013-04-17,0.015298780858234053
1,2013-04-18,0.015300646772787958
1,2013-04-19,0.015302731065159416
1,2013-04-20,0.015305022770480287
1,2013-04-21,0.015307504335634116
1,2013-04-22,0.015310155296552483
1,2013-04-23,0.015312951550081829
1,2013-04-24,0.015315865422413989
1,2013-04-25,0.015318863734158398
1,2013-04-26,0.01532190874064006
1,2013-04-27,0.015324961575762845
1,2013-04-28,0.015327983333410455
1,2013-04-29,0.015330935555263372
1,2013-04-30,0.015333780623649255
1,2013-05-01,0.015336482818597135
1,2013-05-02,0.015339013161211473
1,2013-05-03,0.015341350174940668
1,2013-05-04,0.015343475397994345
1,2013-05-05,0.015345376790451379
1,2013-05-06,0.015347051076412082
1,2013-05-07,0.015348500226140108
1,2013-05-08,0.015349729869148213
1,2013-05-09,0.015350748713028786
1,2013-05-10,0.01535156884838219
1,2013-05-11,0.015352205661387302
1,2013-05-12,0.015352676382543123
1,2013-05-13,0.015352997612417763
1,2013-05-14,0.015353183188331362
1,2013-05-15,0.015353243212559688
1,2013-05-16,0.015353187419062747
1,2013-05-17,0.015353024401274432
1,2013-05-18,0.015352758252984431
1,2013-05-19,0.015352390898891424
1,2013-05-20,0.015351925899135905
1,2013-05-21,0.015351365834707219
1,2013-05-22,0.015350709616982433
1,2013-05-23,0.015349951170531732
1,2013-05-24,0.01534908073723568
1,2013-05-25,0.015348088582478311
1,2013-05-26,0.015346965060691463
1,2013-05-27,0.01534570146034632
1,2013-05-28,0.015344289193253
1,2013-05-29,0.01534271989234015
1,2013-05-30,0.015340988445781486
1,2013-05-31,0.01533909461844921
1,2013-06-01,0.015337039097906405
1,2013-06-02,0.015334824837583763
1,2013-06-03,0.015332459483622574
1,2013-06-04,0.01532995085776707
1,2013-06-05,0.015327303863864482
1,2013-06-06,0.01532452237945889
1,2013-06-07,0.015321609608413608
1,2013-06-08,0.015318568551049261
1,2013-06-09,0.015315400409885806
1,2013-06-10,0.015312103852695763
1,2013-06-11,0.015308673500611691
1,2013-06-12,0.015305097729149064
1,2013-06-13,0.01530136051903293
1,2013-06-14,0.015297442267451144
1,2013-06-15,0.01529332143915125
1,2013-06-16,0.0152889762151328
1,2013-06-17,0.015284387056160953
1,2013-06-18,0.015279536715364027
1,2013-06-19,0.015274408094158401
1,2013-06-20,0.01526898585324588
1,2013-06-21,0.015263257996010023
1,2013-06-22,0.015257218799267176
1,2013-06-23,0.015250870463517802
1,2013-06-24,0.015244222919002586
1,2013-06-25,0.015237294165064044
1,2013-06-26,0.015230111140260875
1,2013-06-27,0.015222707735883426
1,2013-06-28,0.015215124613730422
1,2013-06-29,0.01520741073716144
1,2013-06-30,0.015199620813148433
1,2013-07-01,0.015191814007453801
1,2013-07-02,0.015184053924866719
1,2013-07-03,0.01517640392061678
1,2013-07-04,0.015168927236400748
1,2013-07-05,0.015161687941148031
1,2013-07-06,0.015154748767626748
1,2013-07-07,0.015148168046019284
1,2013-07-08,0.015141998743296591
1,2013-07-09,0.01513628744878889
1,2013-07-10,0.015131073945191793
1,2013-07-11,0.015126388915061718
1,2013-07-12,0.015122251479471644
1,2013-07-13,0.015118671389141131
1,2013-07-14,0.015115649139583342
1,2013-07-15,0.015113176821522294
1,2013-07-16,0.015111239292086407
1,2013-07-17,0.015109812634944677
1,2013-07-18,0.015108865026993703
1,2013-07-19,0.015108359335889738
1,2013-07-20,0.015108255762726952
1,2013-07-21,0.015108512160417715
1,2013-07-22,0.015109084864291472
1,2013-07-23,0.01510992953869471
1,2013-07-24,0.015111001461095836
1,2013-07-25,0.015112255648363741
1,2013-07-26,0.015113648732267256
1,2013-07-27,0.015115139298557475
1,2013-07-28,0.01511668733596077
1,2013-07-29,0.015118257312918602
1,2013-07-30,0.015119820234109583
1,2013-07-31,0.015121351955393488
1,2013-08-01,0.015122832315960871
1,2013-08-02,0.015124244749311682
1,2013-08-03,0.015125577219148013
1,2013-08-04,0.015126821148070436
1,2013-08-05,0.015127970961077578
1,2013-08-06,0.015129024394850511
1,2013-08-07,0.015129981805273236
1,2013-08-08,0.015130845055277193
1,2013-08-09,0.015131617807874666
1,2013-08-10,0.01513230319324529
1,2013-08-11,0.015132903798194779
1,2013-08-12,0.015133424198947417
1,2013-08-13,0.015133871988023531
1,2013-08-14,0.015134256420061816
1,2013-08-15,0.015134586383752958
1,2013-08-16,0.015134869803745211
1,2013-08-17,0.015135114712395314
1,2013-08-18,0.01513532879896379
1,2013-08-19,0.015135518300906557
1,2013-08-20,0.015135688973315166
1,2013-08-21,0.015135846042615071
1,2013-08-22,0.015135995137485701
1,2013-08-23,0.01513614231014005
1,2013-08-24,0.015136291585168613
1,2013-08-25,0.01513644620925169
1,2013-08-26,0.01513661112373463
1,2013-08-27,0.015136793151698694
1,2013-08-28,0.015136999129818808
1,2013-08-29,0.015137234160115181
1,2013-08-30,0.01513750348501549
1,2013-08-31,0.015137812851493498
1,2013-09-01,0.015138166855737276
1,2013-09-02,0.015138567869458146
1,2013-09-03,0.015139016013713265
1,2013-09-04,0.015139510221247692
1,2013-09-05,0.015140049417088557
1,2013-09-06,0.015140631946375003
1,2013-09-07,0.015141252300926129
1,2013-09-08,0.015141904035398678
1,2013-09-09,0.015142582496491318
1,2013-09-10,0.015143283833282657
1,2013-09-11,0.015144003582256546
1,2013-09-12,0.015144735109511222
1,2013-09-13,0.015145471144211158
1,2013-09-14,0.01514620576468868
1,2013-09-15,0.015146932557504697
1,2013-09-16,0.015147645042109187
1,2013-09-17,0.015148335955360937
1,2013-09-18,0.015148996753608292
1,2013-09-19,0.015149620846182942
1,2013-09-20,0.015150204843490748
1,2013-09-21,0.015150744301154423
1,2013-09-22,0.015151235335232384
1,2013-09-23,0.015151677687558339
1,2013-09-24,0.015152073722507148
1,2013-09-25,0.01515242719918112
1,2013-09-26,0.015152742766243918
1,2013-09-27,0.015153025384026377
1,2013-09-28,0.015153281491423547
1,2013-09-29,0.015153516748447322
1,2013-09-30,0.01515373717821341
1,2013-10-01,0.01515394791666589
1,2013-10-02,0.01515415213884734
1,2013-10-03,0.015154353661197007
1,2013-10-04,0.015154558310662768
1,2013-10-05,0.015154769502474822
1,2013-10-06,0.015154989661909465
1,2013-10-07,0.015155223893888072
1,2013-10-08,0.015155477824894775
1,2013-10-09,0.015155756399942273
1,2013-10-10,0.015156063836612547
1,2013-10-11,0.015156403161495283
1,2013-10-12,0.015156777955280271
1,2013-10-13,0.015157191767412403
1,2013-10-14,0.015157647412003887
1,2013-10-15,0.015158146694412858
1,2013-10-16,0.015158688893603769
1,2013-10-17,0.015159273575418906
1,2013-10-18,0.015159901260015254
1,2013-10-19,0.015160571309761776
1,2013-10-20,0.015161282593407138
1,2013-10-21,0.01516203637995516
1,2013-10-22,0.01516283406828616
1,2013-10-23,0.015163675089460461
1,2013-10-24,0.015164558378755551
1,2013-10-25,0.01516548511914417
1,2013-10-26,0.015166460626449186
1,2013-10-27,0.015167494634606805
1,2013-10-28,0.015168600374334425
1,2013-10-29,0.015169794789115829
1,2013-10-30,0.015171098772259063
1,2013-10-31,0.015172539025336287
1,2013-11-01,0.015174149405184172
1,2013-11-02,0.015175970751453091
1,2013-11-03,0.015178052374626213
1,2013-11-04,0.015180453534002944
1,2013-11-05,0.015183241685961527
1,2013-11-06,0.015186489284892543
1,2013-11-07,0.015190275301981039
1,2013-11-08,0.015194686385993774
1,2013-11-09,0.015199816153318326
1,2013-11-10,0.015205761724471812
1,2013-11-11,0.015212620701618659
1,2013-11-12,0.015220488155649737
1,2013-11-13,0.015229453691849979
1,2013-11-14,0.015239599671467484
1,2013-11-15,0.015250998023863403
1,2013-11-16,0.015263707967583924
1,2013-11-17,0.015277774412359533
1,2013-11-18,0.015293226371040055
1,2013-11-19,0.015310074771748302
1,2013-11-20,0.015328309193204522
1,2013-11-21,0.015347898335941329
1,2013-11-22,0.015368789863554982
1,2013-11-23,0.015390911178475158
1,2013-11-24,0.015414168647275215
1,2013-11-25,0.015438449713737605
1,2013-11-26,0.015463624286540745
1,2013-11-27,0.015489546272352333
1,2013-11-28,0.015516056436301835
1,2013-11-29,0.015542984915326618
1,2013-11-30,0.015570154179999457
1,2013-12-01,0.015597382607921349
1,2013-12-02,0.01562448805731347
1,2013-12-03,0.015651290189955404
1,2013-12-04,0.01567761243941325
1,2013-12-05,0.01570328528634887
1,2013-12-06,0.01572814829315551
1,2013-12-07,0.01575205214755255
1,2013-12-08,0.01577485958519665
1,2013-12-09,0.01579644572491421
1,2013-12-10,0.015816698945731785
1,2013-12-11,0.01583552067685684
1,2013-12-12,0.015852825319570146
1,2013-12-13,0.015868539484817836
1,2013-12-14,0.015882601519354576
1,2013-12-15,0.015894960837966383
1,2013-12-16,0.015905576846094595
1,2013-12-17,0.015914417814192335
1,2013-12-18,0.015921459441526786
1,2013-12-19,0.01592668378853714
1,2013-12-20,0.01593007865971909
1,2013-12-21,0.015931636894354097
1,2013-12-22,0.015931355827454637
1,2013-12-23,0.01592923675399862
1,2013-12-24,0.01592528520735218
1,2013-12-25,0.015919511142104208
1,2013-12-26,0.015911929368181508
1,2013-12-27,0.015902560186885926
1,2013-12-28,0.01589143024018221
1,2013-12-29,0.015878573491272818
1,2013-12-30,0.015864032091903388
1,2013-12-31,0.015847857856418426
1,2014-01-01,0.01583011297818367
1,2014-01-02,0.015810871320416708
1,2014-01-03,0.015790219329676225
1,2014-01-04,0.015768256469254824
1,2014-01-05,0.015745095142010123
1,2014-01-06,0.015720860043674047
1,2014-01-07,0.015695688591322764
1,2014-01-08,0.015669730226148003
1,2014-01-09,0.015643145351578958
1,2014-01-10,0.015616103679421045
1,2014-01-11,0.015588781332855487
1,2014-01-12,0.015561359703803623
1,2014-01-13,0.015534022776178042
1,2014-01-14,0.015506955056042156
1,2014-01-15,0.015480338735117758
1,2014-01-16,0.015454350726499857
1,2014-01-17,0.015429159437993858
1,2014-01-18,0.01540492169980863
1,2014-01-19,0.015381779450171624
1,2014-01-20,0.015359857393250667
1,2014-01-21,0.015339261680950874
1,2014-01-22,0.015320078050645551
1,2014-01-23,0.015302371059670134
1,2014-01-24,0.015286183014033903
1,2014-01-25,0.015271532683753988
1,2014-01-26,0.015258416975971297
1,2014-01-27,0.015246811433229581
1,2014-01-28,0.01523667177126905
1,2014-01-29,0.015227936249863946
1,2014-01-30,0.015220527136048165
1,2014-01-31,0.01521435270107592
1,2014-02-01,0.01520931023545223
1,2014-02-02,0.015205288358301917
1,2014-02-03,0.015202170604894765
1,2014-02-04,0.01519983869575886
1,2014-02-05,0.015198174967686695
1,2014-02-06,0.015197065911189387
1,2014-02-07,0.015196404636532535
1,2014-02-08,0.01519609215434081
1,2014-02-09,0.015196040348524502
1,2014-02-10,0.015196173256056461
1,2014-02-11,0.015196427576072232
1,2014-02-12,0.015196754080654278
1,2014-02-13,0.015197117213701119
1,2014-02-14,0.015197494540932142
1,2014-02-15,0.015197876821032142
1,2014-02-16,0.01519826572358256
1,2014-02-17,0.015198672942470598
1,2014-02-18,0.015199118199370885
1,2014-02-19,0.01519962654753884
1,2014-02-20,0.015200227525140808
1,2014-02-21,0.015200953333486318
1,2014-02-22,0.015201835429492001
1,2014-02-23,0.015202903615811615
1,2014-02-24,0.01520418391287402
1,2014-02-25,0.015205696933594866
1,2014-02-26,0.015207457309629694
1,2014-02-27,0.015209472939014718
1,2014-02-28,0.01521174417971603
1,2014-03-01,0.015214264732998058
1,2014-03-02,0.015217020549985727
1,2014-03-03,0.015219991549292395
1,2014-03-04,0.015223151822496098
1,2014-03-05,0.015226470082156713
1,2014-03-06,0.01522991229041972
1,2014-03-07,0.015233442817206415
1,2014-03-08,0.015237024173369584
1,2014-03-09,0.01524061927838759
1,2014-03-10,0.015244192823419742
1,2014-03-11,0.015247711955150551
1,2014-03-12,0.015251147792222558
1,2014-03-13,0.015254475332889893
1,2014-03-14,0.015257673164135968
1,2014-03-15,0.015260725099025868
1,2014-03-16,0.015263618401002476
1,2014-03-17,0.015266345336491004
1,2014-03-18,0.015268902229946195
1,2014-03-19,0.015271287378002874
1,2014-03-20,0.015273501298030115
1,2014-03-21,0.015275547081761615
1,2014-03-22,0.015277428440518362
1,2014-03-23,0.015279150327783713
1,2014-03-24,0.015280718171170509
1,2014-03-25,0.015282137464603267
1,2014-03-26,0.015283414317845804
1,2014-03-27,0.015284554995733163
1,2014-03-28,0.015285564984293738
1,2014-03-29,0.015286450060694403
1,2014-03-30,0.015287215648708087
1,2014-03-31,0.015287869243619965
1,2014-04-01,0.015288420174776473
1,2014-04-02,0.01528887967814586
1,2014-04-03,0.015289261057892462
1,2014-04-04,0.015289580149331322
1,2014-04-05,0.015289854603737883
1,2014-04-06,0.015290104446781411
1,2014-04-07,0.015290352778666397
1,2014-04-08,0.015290625436779793
1,2014-04-09,0.015290951392511371
1,2014-04-10,0.015291360035829628
1,2014-04-11,0.015291879620214803
1,2014-04-12,0.015292536938643164
1,2014-04-13,0.015293355874749866
1,2014-04-14,0.015294358191647128
1,2014-04-15,0.015295562981187848
1,2014-04-16,0.015296984891687534
1,2014-04-17,0.01529863084068185
1,2014-04-18,0.015300501453490803
1,2014-04-19,0.015302591671784355
1,2014-04-20,0.015304890929977976
1,2014-04-21,0.015307382844142396
1,2014-04-22,0.015310045716160204
1,2014-04-23,0.015312854079188257
1,2014-04-24,0.015315777866689043
1,2014-04-25,0.015318782641388862
1,2014-04-26,0.015321830883487195
1,2014-04-27,0.015324883062570984
1,2014-04-28,0.015327900485127206
1,2014-04-29,0.01533084629952831
1,2014-04-30,0.015333687079252645
1,2014-05-01,0.015336391042517295
1,2014-05-02,0.015338928801625738
1,2014-05-03,0.015341275832496113
1,2014-05-04,0.015343413197544837
1,2014-05-05,0.015345328178784916
1,2014-05-06,0.015347015440117196
1,2014-05-07,0.015348477159441737
1,2014-05-08,0.015349718683992862
1,2014-05-09,0.015350749019770796
1,2014-05-10,0.015351580104318524
1,2014-05-11,0.015352225123930795
1,2014-05-12,0.01535269942752052
1,2014-05-13,0.015353020605151107
1,2014-05-14,0.015353206955592023
1,2014-05-15,0.015353271389816028
1,2014-05-16,0.015353223780741339
1,2014-05-17,0.015353072395020706
1,2014-05-18,0.015352822816448649
1,2014-05-19,0.015352478025701017
1,2014-05-20,0.015352038172298963
1,2014-05-21,0.015351500997046248
1,2014-05-22,0.015350860046590533
1,2014-05-23,0.015350108819966698
1,2014-05-24,0.015349238626200981
1,2014-05-25,0.015348239827825875
1,2014-05-26,0.015347105362553346
1,2014-05-27,0.015345828577551946
1,2014-05-28,0.015344404430690605
1,2014-05-29,0.01534282762249348
1,2014-05-30,0.01534109127483186
1,2014-05-31,0.015339192390624192
1,2014-06-01,0.015337131518987628
1,2014-06-02,0.015334910788076994
1,2014-06-03,0.015332537302578208
1,2014-06-04,0.015330021278836757
1,2014-06-05,0.015327369482873957
1,2014-06-06,0.015324588083386662
1,2014-06-07,0.015321682142039059
1,2014-06-08,0.015318652538456885
1,2014-06-09,0.015315498817148998
1,2014-06-10,0.015312217843946175
1,2014-06-11,0.015308803806086506
1,2014-06-12,0.015305244296649244
1,2014-06-13,0.015301521430063383
1,2014-06-14,0.015297615725912133
1,2014-06-15,0.015293505189153218
1,2014-06-16,0.015289166848009609
1,2014-06-17,0.015284581072932258
1,2014-06-18,0.015279730503785985
1,2014-06-19,0.015274596402289628
1,2014-06-20,0.015269165992731717
1,2014-06-21,0.015263431238240652
1,2014-06-22,0.015257388423758119
1,2014-06-23,0.015251041381093266
1,2014-06-24,0.015244398828095654
1,2014-06-25,0.015237477243688602
1,2014-06-26,0.015230301977040226
1,2014-06-27,0.01522290316914243
1,2014-06-28,0.015215319827881829
1,2014-06-29,0.015207597837957042
1,2014-06-30,0.0151997893664016
1,2014-07-01,0.015191957170503517
1,2014-07-02,0.015184170685020336
1,2014-07-03,0.015176497137006834
1,2014-07-04,0.01516900521309325
1,2014-07-05,0.015161762541243368
1,2014-07-06,0.01515483180462378
1,2014-07-07,0.015148270979763623
1,2014-07-08,0.015142131263377566
1,2014-07-09,0.015136455465481698
1,2014-07-10,0.015131277435604558
1,2014-07-11,0.015126621036033157
1,2014-07-12,0.015122502510550175
1,2014-07-13,0.015118930094136278
1,2014-07-14,0.015115903619726383
1,2014-07-15,0.015113417986815213
1,2014-07-16,0.015111461690584017
1,2014-07-17,0.015110013478662917
1,2014-07-18,0.015109047598139098
1,2014-07-19,0.015108531765680142
1,2014-07-20,0.015108426776618862
1,2014-07-21,0.015108689891757586
1,2014-07-22,0.01510927461691922
1,2014-07-23,0.015110132218900608
1,2014-07-24,0.015111214168279449
1,2014-07-25,0.015112471939024848
1,2014-07-26,0.015113858984041762
1,2014-07-27,0.015115332293283157
1,2014-07-28,0.01511685377373765
1,2014-07-29,0.015118393511667707
1,2014-07-30,0.015119927926476063
1,2014-07-31,0.015121435273439739
1,2014-08-01,0.015122897697662948
1,2014-08-02,0.015124301003165495
1,2014-08-03,0.015125631680381656
1,2014-08-04,0.01512687931952395
1,2014-08-05,0.015128036623574554
1,2014-08-06,0.01512909917091994
1,2014-08-07,0.015130065119613597
1,2014-08-08,0.015130934362521775
1,2014-08-09,0.015131707871336822
1,2014-08-10,0.015132387538419268
1,2014-08-11,0.015132978255172163
1,2014-08-12,0.01513348857560711
1,2014-08-13,0.015133929018875582
1,2014-08-14,0.0151343087120355
1,2014-08-15,0.015134636740452196
1,2014-08-16,0.015134921248322917
1,2014-08-17,0.015135168472333498
1,2014-08-18,0.015135384208552177
1,2014-08-19,0.015135573949755806
1,2014-08-20,0.015135743869428125
1,2014-08-21,0.01513589972706073
1,2014-08-22,0.015136046943737805
1,2014-08-23,0.015136190916283364
1,2014-08-24,0.015136336308702389
1,2014-08-25,0.015136488268240328
1,2014-08-26,0.01513665243539987
1,2014-08-27,0.015136835805859396
1,2014-08-28,0.015137044892628765
1,2014-08-29,0.015137286173668002
1,2014-08-30,0.015137563636531716
1,2014-08-31,0.015137879552208154
1,2014-09-01,0.015138237031008998
1,2014-09-02,0.015138638436067454
1,2014-09-03,0.015139085756855998
1,2014-09-04,0.0151395789778651
1,2014-09-05,0.015140114766226708
1,2014-09-06,0.015140690215072767
1,2014-09-07,0.015141302170580299
1,2014-09-08,0.015141946290387481
1,2014-09-09,0.015142618553130531
1,2014-09-10,0.015143316346990305
1,2014-09-11,0.015144035965888841
1,2014-09-12,0.015144772290371731
1,2014-09-13,0.01514551769237064
1,2014-09-14,0.015146262639902057
1,2014-09-15,0.015146998482711881
1,2014-09-16,0.015147717971202046
1,2014-09-17,0.015148415209305393
1,2014-09-18,0.015149083385102109
1,2014-09-19,0.015149713388651105
1,2014-09-20,0.01515029881675276
1,2014-09-21,0.015150834912206536
1,2014-09-22,0.015151318519701256
1,2014-09-23,0.015151751124580577
1,2014-09-24,0.015152138201931209
1,2014-09-25,0.015152485309755895
1,2014-09-26,0.01515279868990978
1,2014-09-27,0.015153083511196631
1,2014-09-28,0.015153343542274458
1,2014-09-29,0.01515358293020499
1,2014-09-30,0.015153806461719202
1,2014-10-01,0.015154020372154813
1,2014-10-02,0.015154229689371083
1,2014-10-03,0.015154436305131951
1,2014-10-04,0.015154643085863244
1,2014-10-05,0.015154852745156995
1,2014-10-06,0.015155068987701744
1,2014-10-07,0.015155298462231213
1,2014-10-08,0.015155549069869935
1,2014-10-09,0.015155826240394734
1,2014-10-10,0.015156135600799621
1,2014-10-11,0.015156480783329204
1,2014-10-12,0.015156863941436527
1,2014-10-13,0.015157287060571987
1,2014-10-14,0.015157751116406567
1,2014-10-15,0.015158257418075832
1,2014-10-16,0.015158806719790462
1,2014-10-17,0.015159397235658605
1,2014-10-18,0.015160028168299087
1,2014-10-19,0.015160698381690561
1,2014-10-20,0.015161407433134846
1,2014-10-21,0.015162157021128086
1,2014-10-22,0.01516294921604921
1,2014-10-23,0.015163784354268921
1,2014-10-24,0.01516466505535947
1,2014-10-25,0.015165594353631445
1,2014-10-26,0.015166577023313718
1,2014-10-27,0.015167621515298626
1,2014-10-28,0.015168738130917311
1,2014-10-29,0.015169941801873369
1,2014-10-30,0.015171253431514937
1,2014-10-31,0.015172696766424836
1,2014-11-01,0.015174304516141185
1,2014-11-02,0.015176117231495513
1,2014-11-03,0.015178184378675415
1,2014-11-04,0.015180567795030395
1,2014-11-05,0.01518333832517897
1,2014-11-06,0.01518657104197528
1,2014-11-07,0.015190349012697961
1,2014-11-08,0.015194760744472246
1,2014-11-09,0.015199898545859954
1,2014-11-10,0.015205857615105435
1,2014-11-11,0.015212732375091817
1,2014-11-12,0.015220614837313405
1,2014-11-13,0.015229592976100092
1,2014-11-14,0.015239745256458558
1,2014-11-15,0.015251142530939121
1,2014-11-16,0.015263843582878092
1,2014-11-17,0.015277893484300758
1,2014-11-18,0.015293325080065595
1,2014-11-19,0.015310153716932503
1,2014-11-20,0.015328371453555622
1,2014-11-21,0.01534794922715011
1,2014-11-22,0.015368836028125473
1,2014-11-23,0.015390958615678837
1,2014-11-24,0.015414222382458648
1,2014-11-25,0.015438512209843294
1,2014-11-26,0.01546369523225342
1,2014-11-27,0.01548962375202768
1,2014-11-28,0.015516136262308475
1,2014-11-29,0.015543061968624552
1,2014-11-30,0.01557022323459891
1,2014-12-01,0.015597439283025346
1,2014-12-02,0.015624530500836117
1,2014-12-03,0.01565131937280661
1,2014-12-04,0.015677631038252433
1,2014-12-05,0.0157032968537593
1,2014-12-06,0.015728157040377045
1,2014-12-07,0.015752061498648325
1,2014-12-08,0.015774871475164792
1,2014-12-09,0.015796460885742748
1,2014-12-10,0.01581671699319171
1,2014-12-11,0.01583554056649292
1,2014-12-12,0.01585284539841678
1,2014-12-13,0.015868558239810978
1,2014-12-14,0.01588261769807106
1,2014-12-15,0.015894973577817488
1,2014-12-16,0.015905585803851804
1,2014-12-17,0.015914422858525748
1,2014-12-18,0.01592146046006164
1,2014-12-19,0.01592668080238525
1,2014-12-20,0.015930071756829527
1,2014-12-21,0.01593162600725877
1,2014-12-22,0.01593134075134083
1,2014-12-23,0.01592921749524889
1,2014-12-24,0.015925261842670076
1,2014-12-25,0.01591948366912465
1,2014-12-26,0.01591189753979454
1,2014-12-27,0.015902523660444364
1,2014-12-28,0.015891388622142125
1,2014-12-29,0.015878526332752097
1,2014-12-30,0.01586397926807281
1,2014-12-31,0.015847799756064634
1,2015-01-01,0.01583005045450526
1,2015-01-02,0.0158108055681832
1,2015-01-03,0.015790151634011252
1,2015-01-04,0.015768187548978345
1,2015-01-05,0.015745025216585933
1,2015-01-06,0.015720789759180866
1,2015-01-07,0.015695618715058313
1,2015-01-08,0.015669661116580583
1,2015-01-09,0.015643077058331685
1,2015-01-10,0.015616035699963239
1,2015-01-11,0.015588713298315302
1,2015-01-12,0.015561291335957133
1,2015-01-13,0.015533954449404828
1,2015-01-14,0.015506887648451255
1,2015-01-15,0.01548027345455653
1,2015-01-16,0.015454288891783005
1,2015-01-17,0.015429102081218674
1,2015-01-18,0.015404869127408651
1,2015-01-19,0.015381731959363529
1,2015-01-20,0.015359815463915495
1,2015-01-21,0.015339225338983834
1,2015-01-22,0.01532004682682655
1,2015-01-23,0.015302344552059647
1,2015-01-24,0.015286160467040651
1,2015-01-25,0.01527151372201941
1,2015-01-26,0.015258401589522004
1,2015-01-27,0.015246800393896903
1,2015-01-28,0.01523666643425112
1,2015-01-29,0.015227938446339802
1,2015-01-30,0.015220537954118235
1,2015-01-31,0.01521437216834789
1,2015-02-01,0.0152093373085234
1,2015-02-02,0.01520532207227676
1,2015-02-03,0.015202209998049353
1,2015-02-04,0.01519988238507609
1,2015-02-05,0.015198221844701373
1,2015-02-06,0.015197115452530071
1,2015-02-07,0.01519645608437594
1,2015-02-08,0.015196144874672479
1,2015-02-09,0.015196093620839879
1,2015-02-10,0.01519622660605493
1,2015-02-11,0.0151964811593653
1,2015-02-12,0.015196808926086495
1,2015-02-13,0.015197174329828358
1,2015-02-14,0.015197554959609918
1,2015-02-15,0.015197940175647096
1,2015-02-16,0.015198332064811228
1,2015-02-17,0.015198742050059588
1,2015-02-18,0.015199189630889348
1,2015-02-19,0.015199700157224673
1,2015-02-20,0.015200304126583079
1,2015-02-21,0.015201033480916564
1,2015-02-22,0.015201919103816706
1,2015-02-23,0.015202989288707044
1,2015-02-24,0.015204270613490318
1,2015-02-25,0.015205784094717635
1,2015-02-26,0.015207545262233294
1,2015-02-27,0.015209560764178665
1,2015-02-28,0.015211830172456668
1,2015-03-01,0.015214345570737394
1,2015-03-02,0.015217094379636023
1,2015-03-03,0.015220057289818548
1,2015-03-04,0.01522320924926908
1,2015-03-05,0.015226520242292036
1,2015-03-06,0.015229957878404454
1,2015-03-07,0.015233486840576892
1,2015-03-08,0.015237069530957811
1,2015-03-09,0.015240668089260384
1,2015-03-10,0.015244248104606284
1,2015-03-11,0.015247776956136612
1,2015-03-12,0.015251225400947444
1,2015-03-13,0.01525456545906071
1,2015-03-14,0.015257773973361883
1,2015-03-15,0.01526083160767873
1,2015-03-16,0.015263727002801477
1,2015-03-17,0.01526645278626774
1,2015-03-18,0.015269005735548877
1,2015-03-19,0.015271385204250051
1,2015-03-20,0.015273594102912227
1,2015-03-21,0.01527563763724015
1,2015-03-22,0.015277520509497678
1,2015-03-23,0.015279246060988346
1,2015-03-24,0.015280820230810756
1,2015-03-25,0.015282249094149668
1,2015-03-26,0.015283537624654049
1,2015-03-27,0.015284689154555402
1,2015-03-28,0.015285707657752562
1,2015-03-29,0.015286597159721877
1,2015-03-30,0.01528736511215665
1,2015-03-31,0.015288019511578165
1,2015-04-01,0.015288569799134307
1,2015-04-02,0.01528902676344675
1,2015-04-03,0.015289405329732997
1,2015-04-04,0.015289723097363274
1,2015-04-05,0.01528999850889463
1,2015-04-06,0.015290252048971942
1,2015-04-07,0.01529050850638286
1,2015-04-08,0.015290792921652583
1,2015-04-09,0.015291131714652639
1,2015-04-10,0.015291550379562726
1,2015-04-11,0.015292075215615486
1,2015-04-12,0.015292731334475054
1,2015-04-13,0.01529354472078586
1,2015-04-14,0.015294537912339815
1,2015-04-15,0.015295730662586838
1,2015-04-16,0.015297136609047149
1,2015-04-17,0.015298765055559362
1,2015-04-18,0.01530062033964088
1,2015-04-19,0.015302699217458395
1,2015-04-20,0.015304990898969993
1,2015-04-21,0.015307480100420224
1,2015-04-22,0.015310145075143073
1,2015-04-23,0.0153129583409354
1,2015-04-24,0.015315886769180458
1,2015-04-25,0.015318893743483207
1,2015-04-26,0.015321940852355982
1,2015-04-27,0.015324990062854423
1,2015-04-28,0.015328002982012638
1,2015-04-29,0.015330942470087643
1,2015-04-30,0.015333773123542425
1,2015-05-01,0.01533646371118615
1,2015-05-02,0.015338987668330667
1,2015-05-03,0.015341322553561104
1,2015-05-04,0.015343451427358396
1,2015-05-05,0.0153453637950804
1,2015-05-06,0.0153470538559771
1,2015-05-07,0.015348521166448687
1,2015-05-08,0.01534976903955389
1,2015-05-09,0.015350804841870142
1,2015-05-10,0.015351639458953386
1,2015-05-11,0.015352286578817475
1,2015-05-12,0.01535276056218892
1,2015-05-13,0.015353076744394276
1,2015-05-14,0.015353248664390692
1,2015-05-15,0.015353289373177816
1,2015-05-16,0.015353212179841525
1,2015-05-17,0.015353029577632633
1,2015-05-18,0.015352750135154825
1,2015-05-19,0.015352379008216588
1,2015-05-20,0.01535191819992918
1,2015-05-21,0.015351365832281095
1,2015-05-22,0.015350716738998552
1,2015-05-23,0.015349963431129102
1,2015-05-24,0.015349097352710601
1,2015-05-25,0.015348108701407097
1,2015-05-26,0.015346986585694894
1,2015-05-27,0.01534572088396599
1,2015-05-28,0.015344302637899168
1,2015-05-29,0.01534272568582555
1,2015-05-30,0.015340987308761194
1,2015-05-31,0.01533908750176894
1,2015-06-01,0.015337028572644639
1,2015-06-02,0.015334814773246035
1,2015-06-03,0.015332451191717972
1,2015-06-04,0.015329944830904718
1,2015-06-05,0.015327302342378819
1,2015-06-06,0.015324529682916603
1,2015-06-07,0.01532163117118408
1,2015-06-08,0.015318608080276824
1,2015-06-09,0.015315457388130884
1,2015-06-10,0.01531217394538175
1,2015-06-11,0.015308748467523704
1,2015-06-12,0.015305168742843952
1,2015-06-13,0.01530142186907896
1,2015-06-14,0.01529749422927944
1,2015-06-15,0.015293368597755342
1,2015-06-16,0.015289025096259802
1,2015-06-17,0.01528444238084486
1,2015-06-18,0.015279600398078571
1,2015-06-19,0.015274481198038706
1,2015-06-20,0.015269070258941237
1,2015-06-21,0.015263357447496625
1,2015-06-22,0.0152573370696049
1,2015-06-23,0.015251006760304525
1,2015-06-24,0.015244373719323391
1,2015-06-25,0.015237454760995198
1,2015-06-26,0.015230275474789317
1,2015-06-27,0.015222870661378514
1,2015-06-28,0.015215283005039444
1,2015-06-29,0.015207562168517595
1,2015-06-30,0.015199764486274695
1,2015-07-01,0.015191950795945871
1,2015-07-02,0.01518418546436763
1,2015-07-03,0.015176534678918002
1,2015-07-04,0.015169065277391626
1,2015-07-05,0.015161842009627703
1,2015-07-06,0.01515492562645027
1,2015-07-07,0.015148369144627794
1,2015-07-08,0.0151422219853619
1,2015-07-09,0.015136528752833115
1,2015-07-10,0.015131327308768993
1,2015-07-11,0.0151266486930077
1,2015-07-12,0.01512251494806227
1,2015-07-13,0.015118938353566333
1,2015-07-14,0.01511592163266923
1,2015-07-15,0.015113456405159818
1,2015-07-16,0.015111526039058932
1,2015-07-17,0.015110108171112724
1,2015-07-18,0.01510917384543384
1,2015-07-19,0.015108687503953272
1,2015-07-20,0.015108607535124831
1,2015-07-21,0.015108883306483458
1,2015-07-22,0.01510946693044442
1,2015-07-23,0.015110314326736663
1,2015-07-24,0.015111382112817038
1,2015-07-25,0.015112627549268827
1,2015-07-26,0.015114007607717635
1,2015-07-27,0.015115481893519299
1,2015-07-28,0.015117015097912027
1,2015-07-29,0.015118574302650872
1,2015-07-30,0.015120130039781222
1,2015-07-31,0.015121656937814183
1,2015-08-01,0.01512313487556882
1,2015-08-02,0.01512454684520713
1,2015-08-03,0.015125879691762528
1,2015-08-04,0.015127120341107211
1,2015-08-05,0.015128262234227252
1,2015-08-06,0.015129304250548918
1,2015-08-07,0.015130248394422023
1,2015-08-08,0.01513109885905151
1,2015-08-09,0.015131860100048872
1,2015-08-10,0.015132536624249309
1,2015-08-11,0.01513313595814458
1,2015-08-12,0.015133665523059335
1,2015-08-13,0.015134132430352873
1,2015-08-14,0.015134542185727098
1,2015-08-15,0.015134901345448955
1,2015-08-16,0.015135214140856846
1,2015-08-17,0.015135486201982294
1,2015-08-18,0.015135719284161415
1,2015-08-19,0.015135917112802606
1,2015-08-20,0.015136085523208229
1,2015-08-21,0.015136232129686667
1,2015-08-22,0.015136366543308027
1,2015-08-23,0.01513649690082268
1,2015-08-24,0.015136629333430067
1,2015-08-25,0.0151367728131352
1,2015-08-26,0.015136935253700266
1,2015-08-27,0.015137121804575717
1,2015-08-28,0.015137335924821941
1,2015-08-29,0.015137582149141286
1,2015-08-30,0.015137862631837341
1,2015-08-31,0.015138180105524266
1,2015-09-01,0.015138534687982949
1,2015-09-02,0.015138927922599299
1,2015-09-03,0.015139360805604848
1,2015-09-04,0.015139834710060387
1,2015-09-05,0.015140352295369072
1,2015-09-06,0.015140913725920479
1,2015-09-07,0.015141516288548982
1,2015-09-08,0.015142157048644307
1,2015-09-09,0.01514283057372844
1,2015-09-10,0.015143529894101868
1,2015-09-11,0.015144248171764687
1,2015-09-12,0.015144978884613657
1,2015-09-13,0.01514571495003841
1,2015-09-14,0.015146448461306921
1,2015-09-15,0.015147169668221145
1,2015-09-16,0.015147871312660141
1,2015-09-17,0.015148547158668053
1,2015-09-18,0.015149191951535215
1,2015-09-19,0.015149802147281155
1,2015-09-20,0.015150374167064063
1,2015-09-21,0.015150905597880576
1,2015-09-22,0.015151395807799313
1,2015-09-23,0.01515184230556203
1,2015-09-24,0.015152243248129225
1,2015-09-25,0.015152599802850567
1,2015-09-26,0.01515291527864893
1,2015-09-27,0.015153194653576322
1,2015-09-28,0.015153443440849686
1,2015-09-29,0.01515366593808214
1,2015-09-30,0.015153869071978358
1,2015-10-01,0.015154059583272797
1,2015-10-02,0.015154243053648738
1,2015-10-03,0.01515442562037469
1,2015-10-04,0.015154613131252485
1,2015-10-05,0.01515481155480105
1,2015-10-06,0.015155026753533462
1,2015-10-07,0.015155263521439841
1,2015-10-08,0.015155526012789982
1,2015-10-09,0.015155818321695332
1,2015-10-10,0.01515614387768662
1,2015-10-11,0.015156504719942685
1,2015-10-12,0.015156902037345947
1,2015-10-13,0.015157334608475735
1,2015-10-14,0.015157802410738124
1,2015-10-15,0.015158305944218716
1,2015-10-16,0.015158845647904633
1,2015-10-17,0.015159423561068768
1,2015-10-18,0.015160041737220529
1,2015-10-19,0.015160701766463959
1,2015-10-20,0.015161404962807825
1,2015-10-21,0.015162152401090085
1,2015-10-22,0.015162944686903181
1,2015-10-23,0.015163784073671685
1,2015-10-24,0.015164673431762758
1,2015-10-25,0.015165614939769437
1,2015-10-26,0.015166610741223916
1,2015-10-27,0.015167663230028855
1,2015-10-28,0.015168780781383775
1,2015-10-29,0.015169978629773604
1,2015-10-30,0.015171277844530616
1,2015-10-31,0.015172707909315495
1,2015-11-01,0.015174305202312183
1,2015-11-02,0.015176113393650199
1,2015-11-03,0.01517818318364126
1,2015-11-04,0.01518057276807086
1,2015-11-05,0.015183348663363648
1,2015-11-06,0.015186587159015639
1,2015-11-07,0.01519037170877594
1,2015-11-08,0.015194790445527413
1,2015-11-09,0.01519993329123408
1,2015-11-10,0.015205890921450855
1,2015-11-11,0.015212757374687049
1,2015-11-12,0.015220626895251929
1,2015-11-13,0.0152295891123961
1,2015-11-14,0.015239727618404999
1,2015-11-15,0.015251116258383947
1,2015-11-16,0.01526381690854696
1,2015-11-17,0.01527787542713013
1,2015-11-18,0.01529332022189717
1,2015-11-19,0.015310161383093823
1,2015-11-20,0.015328390642204023
1,2015-11-21,0.015347978423482872
1,2015-11-22,0.0153688731321646
1,2015-11-23,0.015391000132291706
1,2015-11-24,0.015414261877720773
1,2015-11-25,0.015438543820523785
1,2015-11-26,0.015463715948862807
1,2015-11-27,0.015489632408427483
1,2015-11-28,0.01551613462010845
1,2015-11-29,0.015543053584540308
1,2015-11-30,0.015570213324119694
1,2015-12-01,0.015597433311092219
1,2015-12-02,0.015624531627164265
1,2015-12-03,0.015651328146611923
1,2015-12-04,0.015677647633568683
1,2015-12-05,0.015703321137763522
1,2015-12-06,0.01572818786239424
1,2015-12-07,0.0157520968975711
1,2015-12-08,0.015774908213200795
1,2015-12-09,0.015796495835233328
1,2015-12-10,0.01581674799613237
1,2015-12-11,0.01583556630353475
1,2015-12-12,0.01585286572634836
1,2015-12-13,0.015868573493205345
1,2015-12-14,0.015882628635785427
1,2015-12-15,0.01589498090451712
1,2015-12-16,0.015905589958079613
1,2015-12-17,0.015914424238712224
1,2015-12-18,0.01592145978308695
1,2015-12-19,0.015926678929447824
1,2015-12-20,0.015930069421537987
1,2015-12-21,0.015931623732635156
1,2015-12-22,0.015931338567906277
1,2015-12-23,0.0159292150221645
1,2015-12-24,0.015925258645433166
1,2015-12-25,0.01591947935863208
1,2015-12-26,0.015911892000745206
1,2015-12-27,0.015902516850625478
1,2015-12-28,0.015891380588163122
1,2015-12-29,0.01587851723565296
1,2015-12-30,0.01586396929419679
1,2015-12-31,0.015847788867231333
1,2016-01-01,0.01583003902195121
1,2016-01-02,0.015810794286154208
1,2016-01-03,0.015790141168064813
1,2016-01-04,0.01576817844812959
1,2016-01-05,0.015745017289044577
1,2016-01-06,0.01572078186314361
1,2016-01-07,0.015695609303998243
1,2016-01-08,0.015669648740775834
1,2016-01-09,0.01564306038360656
1,2016-01-10,0.015616013916238361
1,2016-01-11,0.015588686630432743
1,2016-01-12,0.015561260834105355
1,2016-01-13,0.015533921600410294
1,2016-01-14,0.015506853810749033
1,2016-01-15,0.015480240262964191
1,2016-01-16,0.01545425798511017
1,2016-01-17,0.01542907452481173
1,2016-01-18,0.015404844863649273
1,2016-01-19,0.01538170959627542
1,2016-01-20,0.01535979329782495
1,2016-01-21,0.015339202153987687
1,2016-01-22,0.015320021652691196
1,2016-01-23,0.015302315969203142
1,2016-01-24,0.015286127251530099
1,2016-01-25,0.015271475735639417
1,2016-01-26,0.015258359179413348
1,2016-01-27,0.015246754268171857
1,2016-01-28,0.015236617853739838
1,2016-01-29,0.015227888250621397
1,2016-01-30,0.01522048711688988
1,2016-01-31,0.015214321498440719
1,2016-02-01,0.015209287126469411
1,2016-02-02,0.015205271745076179
1,2016-02-03,0.015202158566384813
1,2016-02-04,0.01519982931860697
1,2016-02-05,0.015198166233439283
1,2016-02-06,0.015197055913127786
1,2016-02-07,0.015196391265105847
1,2016-02-08,0.01519607455903963
1,2016-02-09,0.015196018641684659
1,2016-02-10,0.015196148349278734
1,2016-02-11,0.0151964010838681
1,2016-02-12,0.015196727583966436
1,2016-02-13,0.015197092289775775
1,2016-02-14,0.015197472235605526
1,2016-02-15,0.015197857165727151
1,2016-02-16,0.01519824843700535
1,2016-02-17,0.015198657361260462
1,2016-02-18,0.015199103581711323
1,2016-02-19,0.015199612270990747
1,2016-02-20,0.015200213094520116
1,2016-02-21,0.015200937758354684
1,2016-02-22,0.015201818774265055
1,2016-02-23,0.015202886362208453
1,2016-02-24,0.015204166732652109
1,2016-02-25,0.015205680557561786
1,2016-02-26,0.015207442131772025
1,2016-02-27,0.01520945875019408
1,2016-02-28,0.015211730383892657
1,2016-02-29,0.01521425010487162
1,2016-03-01,0.015217004298577438
1,2016-03-02,0.015219972764878315
1,2016-03-03,0.015223129883108987
1,2016-03-04,0.015226445108468165
1,2016-03-05,0.015229884383393679
1,2016-03-06,0.015233411405927579
1,2016-03-07,0.015236990103962688
1,2016-03-08,0.015240584698569645
1,2016-03-09,0.015244160572338725
1,2016-03-10,0.015247684115144128
1,2016-03-11,0.015251124393986201
1,2016-03-12,0.01525445450440947
1,2016-03-13,0.015257652754839077
1,2016-03-14,0.01526070322721694
1,2016-03-15,0.015263594437590924
1,2016-03-16,0.015266318709946871
1,2016-03-17,0.015268871875227562
1,2016-03-18,0.01527125309652059
1,2016-03-19,0.015273463892312754
1,2016-03-20,0.015275507994372611
1,2016-03-21,0.015277391286104008
1,2016-03-22,0.01527911994165676
1,2016-03-23,0.015280699589449182
1,2016-03-24,0.01528213354635275
1,2016-03-25,0.01528342433637447
1,2016-03-26,0.015284574626952034
1,2016-03-27,0.015285589029693417
1,2016-03-28,0.015286474537551073
1,2016-03-29,0.01528723808834526
1,2016-03-30,0.015287887226654667
1,2016-03-31,0.015288431546513576
1,2016-04-01,0.015288883604283487
1,2016-04-02,0.015289258038518517
1,2016-04-03,0.015289571715436882
1,2016-04-04,0.01528984448525626
1,2016-04-05,0.01529009803682739
1,2016-04-06,0.01529035561321509
1,2016-04-07,0.015290641011609133
1,2016-04-08,0.015290978895081912
1,2016-04-09,0.01529139485042453
1,2016-04-10,0.015291916256155865
1,2016-04-11,0.015292571431040803
1,2016-04-12,0.015293386179524571
1,2016-04-13,0.01529438242218717
1,2016-04-14,0.015295578769511042
1,2016-04-15,0.015296989899106793
1,2016-04-16,0.015298625184693534
1,2016-04-17,0.01530048832406845
1,2016-04-18,0.015302577359475242
1,2016-04-19,0.015304882943250778
1,2016-04-20,0.015307388220549832
1,2016-04-21,0.015310068976663016
1,2016-04-22,0.01531289558568538
1,2016-04-23,0.015315833892536962
1,2016-04-24,0.015318848091843648
1,2016-04-25,0.015321902066590024
1,2016-04-26,0.0153249586675019
1,2016-04-27,0.015327979452926733
1,2016-04-28,0.015330926858552162
1,2016-04-29,0.015333765598130634
1,2016-04-30,0.01533646432356599
1,2016-05-01,0.015338995890593843
1,2016-05-02,0.015341338427745247
1,2016-05-03,0.015343474393710184
1,2016-05-04,0.015345391280407284
1,2016-05-05,0.01534708168343264
1,2016-05-06,0.015348544758509785
1,2016-05-07,0.015349784698973247
1,2016-05-08,0.01535081040292246
1,2016-05-09,0.015351634762381034
1,2016-05-10,0.015352273670850593
1,2016-05-11,0.015352742674238444
1,2016-05-12,0.015353058125958144
1,2016-05-13,0.015353235303582806
1,2016-05-14,0.015353287463200662
1,2016-05-15,0.01535322691944022
1,2016-05-16,0.015353065399325901
1,2016-05-17,0.015352809735418745
1,2016-05-18,0.015352462668246138
1,2016-05-19,0.015352023652951024
1,2016-05-20,0.015351489839169431
1,2016-05-21,0.01535085514885806
1,2016-05-22,0.015350111843136793
1,2016-05-23,0.015349252046399017
1,2016-05-24,0.015348267535907515
1,2016-05-25,0.015347149782682583
1,2016-05-26,0.015345889978871964
1,2016-05-27,0.015344479304215324
1,2016-05-28,0.015342911084107078
1,2016-05-29,0.015341181236796805
1,2016-05-30,0.015339288845286654
1,2016-05-31,0.015337235308959534
1,2016-06-01,0.015335024710481626
1,2016-06-02,0.015332661547221235
1,2016-06-03,0.015330152676900868
1,2016-06-04,0.015327505152199697
1,2016-06-05,0.015324724339127951
1,2016-06-06,0.0153218143002873
1,2016-06-07,0.015318777867662869
1,2016-06-08,0.015315614478716454
1,2016-06-09,0.015312320829986062
1,2016-06-10,0.015308888573923282
1,2016-06-11,0.015305305436620254
1,2016-06-12,0.015301557243544662
1,2016-06-13,0.015297629623064735
1,2016-06-14,0.015293503896675791
1,2016-06-15,0.015289159810781003
1,2016-06-16,0.015284576054286606
1,2016-06-17,0.015279732012776758
1,2016-06-18,0.015274607627379116
1,2016-06-19,0.015269185874692016
1,2016-06-20,0.015263455964236203
1,2016-06-21,0.01525741376487133
1,2016-06-22,0.015251062511910798
1,2016-06-23,0.015244412716538565
1,2016-06-24,0.015237481431398954
1,2016-06-25,0.015230293767608942
1,2016-06-26,0.015222883240486615
1,2016-06-27,0.01521529248907754
1,2016-06-28,0.01520757105537773
1,2016-06-29,0.015199774693875128
1,2016-06-30,0.015191962891082583
1,2016-07-01,0.015184197593521638
1,2016-07-02,0.015176543837467566
1,2016-07-03,0.015169066806279422
1,2016-07-04,0.015161831235063818
1,2016-07-05,0.015154898707439576
1,2016-07-06,0.015148327755453201
1,2016-07-07,0.015142171443428552
1,2016-07-08,0.015136474904800648
1,2016-07-09,0.015131275553205594
1,2016-07-10,0.01512660184773233
1,2016-07-11,0.01512247440398617
1,2016-07-12,0.015118904633265548
1,2016-07-13,0.015115894457023112
1,2016-07-14,0.01511343537912232
1,2016-07-15,0.015111509141640564
1,2016-07-16,0.015110090345057869
1,2016-07-17,0.015109148193782037
1,2016-07-18,0.015108648140015552
1,2016-07-19,0.015108550572693544
1,2016-07-20,0.01510881374610197
1,2016-07-21,0.015109393318065769
1,2016-07-22,0.01511024345673193
1,2016-07-23,0.015111318360354897
1,2016-07-24,0.015112572125930831
1,2016-07-25,0.015113961225248149
1,2016-07-26,0.015115444496169141
1,2016-07-27,0.015116985264795942
1,2016-07-28,0.01511855047291562
1,2016-07-29,0.015120110052399171
1,2016-07-30,0.015121639040490777
1,2016-07-31,0.015123116567319364
1,2016-08-01,0.015124526191437873
1,2016-08-02,0.015125854748309173
1,2016-08-03,0.015127093299707071
1,2016-08-04,0.015128236733870351
1,2016-08-05,0.015129282866070758
1,2016-08-06,0.01513023254822096
1,2016-08-07,0.015131088909647592
1,2016-08-08,0.015131855662469771
1,2016-08-09,0.015132536827114722
1,2016-08-10,0.015133137659782836
1,2016-08-11,0.015133663718234497
1,2016-08-12,0.01513412087453818
1,2016-08-13,0.015134514357587692
1,2016-08-14,0.015134850924808407
1,2016-08-15,0.015135138521041031
1,2016-08-16,0.015135384415951931
1,2016-08-17,0.015135595506614174
1,2016-08-18,0.015135779044996626
1,2016-08-19,0.01513594319769151
1,2016-08-20,0.01513609531825102
1,2016-08-21,0.015136241477926273
1,2016-08-22,0.015136387008432011
1,2016-08-23,0.015136536001503727
1,2016-08-24,0.015136692853063616
1,2016-08-25,0.015136861807105391
1,2016-08-26,0.015137046717306955
1,2016-08-27,0.015137251943341017
1,2016-08-28,0.015137483336907722
1,2016-08-29,0.01513774722358188
1,2016-08-30,0.015138047380094999
1,2016-08-31,0.015138386925766592
1,2016-09-01,0.01513876928677749
1,2016-09-02,0.015139198409086585
1,2016-09-03,0.01513967673134821
1,2016-09-04,0.015140204635645499
1,2016-09-05,0.015140780101250355
1,2016-09-06,0.01514139855456764
1,2016-09-07,0.015142054766896257
1,2016-09-08,0.015142742103887899
1,2016-09-09,0.015143453006913029
1,2016-09-10,0.015144179179967247
1,2016-09-11,0.015144913796893334
1,2016-09-12,0.015145650676535456
1,2016-09-13,0.015146382461888246
1,2016-09-14,0.015147101701894022
1,2016-09-15,0.015147801413222722
1,2016-09-16,0.01514847606207159
1,2016-09-17,0.015149121803294049
1,2016-09-18,0.015149734392848587
1,2016-09-19,0.015150310220436178
1,2016-09-20,0.015150844616224969
1,2016-09-21,0.01515133452677708
1,2016-09-22,0.015151779124339956
1,2016-09-23,0.015152179578598527
1,2016-09-24,0.015152538152839037
1,2016-09-25,0.01515285851396142
1,2016-09-26,0.015153144512502454
1,2016-09-27,0.015153400688333107
1,2016-09-28,0.015153631962496203
1,2016-09-29,0.015153843444814503
1,2016-09-30,0.015154040604830657
1,2016-10-01,0.015154229819557566
1,2016-10-02,0.015154418040247308
1,2016-10-03,0.01515461157619117
1,2016-10-04,0.015154814996662345
1,2016-10-05,0.015155032027936484
1,2016-10-06,0.015155266780908009
1,2016-10-07,0.015155523870683377
1,2016-10-08,0.015155807452211918
1,2016-10-09,0.015156121087112458
1,2016-10-10,0.015156467901735344
1,2016-10-11,0.015156850919362969
1,2016-10-12,0.015157272450419394
1,2016-10-13,0.015157733838079376
1,2016-10-14,0.015158235850720098
1,2016-10-15,0.015158779712627203
1,2016-10-16,0.015159365730470026
1,2016-10-17,0.015159993764809993
1,2016-10-18,0.015160663260852303
1,2016-10-19,0.015161373614410853
1,2016-10-20,0.015162124447662947
1,2016-10-21,0.015162916247105463
1,2016-10-22,0.015163750409070226
1,2016-10-23,0.015164628579563685
1,2016-10-24,0.015165554148042468
1,2016-10-25,0.015166532115123412
1,2016-10-26,0.015167570232215564
1,2016-10-27,0.015168679988952423
1,2016-10-28,0.015169877174952393
1,2016-10-29,0.015171182969317682
1,2016-10-30,0.015172623928791512
1,2016-10-31,0.01517423336012145
1,2016-11-01,0.015176051713301515
1,2016-11-02,0.015178129179678979
1,2016-11-03,0.0151805249789817
1,2016-11-04,0.015183306788307043
1,2016-11-05,0.015186550108953199
1,2016-11-06,0.0151903366945388
1,2016-11-07,0.015194753931753784
1,2016-11-08,0.015199893423806529
1,2016-11-09,0.015205849848339156
1,2016-11-10,0.01521271862511697
1,2016-11-11,0.015220593339675596
1,2016-11-12,0.015229563862040002
1,2016-11-13,0.0152397124444134
1,2016-11-14,0.015251111606790175
1,2016-11-15,0.015263820720701376
1,2016-11-16,0.01527788587792236
1,2016-11-17,0.015293336981570087
1,2016-11-18,0.015310185403622814
1,2016-11-19,0.015328421715469349
1,2016-11-20,0.015348015124151019
1,2016-11-21,0.015368912551561115
1,2016-11-22,0.015391040051791241
1,2016-11-23,0.015414303341042839
1,2016-11-24,0.01543858845840144
1,2016-11-25,0.015463764000898828
1,2016-11-26,0.015489683847133815
1,2016-11-27,0.015516188873038171
1,2016-11-28,0.015543109972172058
1,2016-11-29,0.015570269989715568
1,2016-11-30,0.015597488060364368
1,2016-12-01,0.015624582721338822
1,2016-12-02,0.015651374535688906
1,2016-12-03,0.015677688217750195
1,2016-12-04,0.015703354812017
1,2016-12-05,0.0157282135421528
1,2016-12-06,0.015752114484710856
1,2016-12-07,0.015774919683953777
1,2016-12-08,0.015796503703174043
1,2016-12-09,0.01581675422316944
1,2016-12-10,0.015835572354185284
1,2016-12-11,0.015852872521463075
1,2016-12-12,0.01586858154998281
1,2016-12-13,0.01588263798812173
1,2016-12-14,0.01589499134230231
1,2016-12-15,0.015905601255933495
1,2016-12-16,0.01591443609030309
1,2016-12-17,0.015921471692533398
1,2016-12-18,0.015926690352061717
1,2016-12-19,0.015930079906087767
1,2016-12-20,0.015931633141359553
1,2016-12-21,0.01593134728288833
1,2016-12-22,0.01592922370658977
1,2016-12-23,0.015925267919519814
1,2016-12-24,0.015919489840630803
1,2016-12-25,0.015911904184326368
1,2016-12-26,0.015902531153933572
1,2016-12-27,0.01589139731300352
1,2016-12-28,0.015878536588995282
1,2016-12-29,0.015863991294788448
1,2016-12-30,0.015847813325881803
1,2016-12-31,0.015847810787514967
1,2017-01-01,0.01583006261940286
1,2017-01-02,0.015810818531174855
1,2017-01-03,0.01579016483866972
1,2017-01-04,0.01576820066281582
1,2017-01-05,0.015745038117748356
1,2017-01-06,0.0157208024587981
1,2017-01-07,0.01569563166827043
1,2017-01-08,0.015669675096172023
1,2017-01-09,0.0156430924497882
1,2017-01-10,0.01561605262474546
1,2017-01-11,0.015588732209348585
1,2017-01-12,0.015561313458421232
1,2017-01-13,0.01553398108884002
1,2017-01-14,0.015506920035405776
1,2017-01-15,0.01548031245698906
1,2017-01-16,0.015454334153003206
1,2017-01-17,0.015429152192376243
1,2017-01-18,0.015404922336337678
1,2017-01-19,0.01538178642103445
1,2017-01-20,0.015359869345065806
1,2017-01-21,0.015339277401677547
1,2017-01-22,0.015320096739708897
1,2017-01-23,0.015302391711715883
1,2017-01-24,0.015286204081307066
1,2017-01-25,0.015271553235680631
1,2017-01-26,0.015258436864939221
1,2017-01-27,0.015246831647588404
1,2017-01-28,0.015236693787777644
1,2017-01-29,0.015227961353996518
1,2017-01-30,0.015220555607876288
1,2017-01-31,0.015214384544963619
1,2017-02-01,0.015209344934211786
1,2017-02-02,0.015205325226601944
1,2017-02-03,0.015202208666271299
1,2017-02-04,0.01519987648897288
1,2017-02-05,0.015198210957593869
1,2017-02-06,0.015197098550212373
1,2017-02-07,0.015196432559287694
1,2017-02-08,0.015196114869448395
1,2017-02-09,0.015196057904835435
1,2017-02-10,0.015196185924703003
1,2017-02-11,0.015196436307681513
1,2017-02-12,0.01519676016769745
1,2017-02-13,0.015197122270902141
1,2017-02-14,0.015197500876969647
1,2017-02-15,0.015197886239407085
1,2017-02-16,0.015198279602555332
1,2017-02-17,0.01519869100741254
1,2017-02-18,0.015199138669930565
1,2017-02-19,0.015199647251903028
1,2017-02-20,0.015200246540781417
1,2017-02-21,0.015200968993117916
1,2017-02-22,0.015201847072669016
1,2017-02-23,0.015202911226347619
1,2017-02-24,0.015204187476481168
1,2017-02-25,0.01520569660132405
1,2017-02-26,0.015207453523100961
1,2017-02-27,0.015209466688177868
1,2017-02-28,0.01521173738761685
1,2017-03-01,0.015214258848942775
1,2017-03-02,0.015217016773305036
1,2017-03-03,0.015219989656796162
1,2017-03-04,0.015223150173859898
1,2017-03-05,0.015226466706650921
1,2017-03-06,0.015229905363050685
1,2017-03-07,0.015233430606057204
1,2017-03-08,0.015237005961589925
1,2017-03-09,0.015240595272897561
1,2017-03-10,0.015244163339050374
1,2017-03-11,0.01524767732205222
1,2017-03-12,0.015251108190920288
1,2017-03-13,0.015254431361772219
1,2017-03-14,0.01525762659543898
1,2017-03-15,0.015260677487122405
1,2017-03-16,0.015263571450345091
1,2017-03-17,0.0152662994976214
1,2017-03-18,0.015268856304840034
1,2017-03-19,0.01527124004401832
1,2017-03-20,0.015273452141507493
1,2017-03-21,0.015275496185457859
1,2017-03-22,0.015277376869139877
1,2017-03-23,0.01527909940904737
1,2017-03-24,0.01528066895293296
1,2017-03-25,0.015282090867295064
1,2017-03-26,0.015283371160515093
1,2017-03-27,0.015284516013355006
1,2017-03-28,0.015285531477987361
1,2017-03-29,0.015286422901409717
1,2017-03-30,0.015287195678219467
1,2017-03-31,0.015287856372123456
1,2017-04-01,0.015288412766024386
1,2017-04-02,0.015288875175219124
1,2017-04-03,0.015289257025753024
1,2017-04-04,0.015289573600277072
1,2017-04-05,0.015289842359319603
1,2017-04-06,0.015290084629871713
1,2017-04-07,0.01529032528832744
1,2017-04-08,0.015290591113946699
1,2017-04-09,0.01529091028187241
1,2017-04-10,0.015291312271544294
1,2017-04-11,0.015291826052357406
1,2017-04-12,0.015292478771974925
1,2017-04-13,0.015293294829432197
1,2017-04-14,0.015294295316782417
1,2017-04-15,0.015295497228135058
1,2017-04-16,0.015296913135580355
1,2017-04-17,0.01529855153380344
1,2017-04-18,0.015300414970562061
1,2017-04-19,0.015302498819355232
1,2017-04-20,0.01530479262787907
1,2017-04-21,0.015307280932101255
1,2017-04-22,0.015309942774530077
1,2017-04-23,0.015312752313024295
1,2017-04-24,0.015315679097032308
1,2017-04-25,0.01531868868451642
1,2017-04-26,0.015321743291244208
1,2017-04-27,0.015324803455348122
1,2017-04-28,0.015327829625430837
1,2017-04-29,0.015330782235149873
1,2017-04-30,0.015333624587222846
1,2017-05-01,0.015336325097477243
1,2017-05-02,0.015338855586738347
1,2017-05-03,0.015341191252268854
1,2017-05-04,0.015343314302135206
1,2017-05-05,0.015345215247727315
1,2017-05-06,0.015346890539457017
1,2017-05-07,0.015348341747491232
1,2017-05-08,0.015349574967758314
1,2017-05-09,0.015350599677353501
1,2017-05-10,0.015351427989942108
1,2017-05-11,0.015352074188266814
1,2017-05-12,0.015352552755112254
1,2017-05-13,0.015352876553415953
1,2017-05-14,0.015353058037513478
1,2017-05-15,0.015353111876774472
1,2017-05-16,0.015353050756858323
1,2017-05-17,0.015352881564420284
1,2017-05-18,0.015352609668964864
1,2017-05-19,0.015352240666477989
1,2017-05-20,0.015351777884810238
1,2017-05-21,0.015351221992991486
1,2017-05-22,0.01535056945015284
1,2017-05-23,0.015349813437576288
1,2017-05-24,0.01534894559773243
1,2017-05-25,0.015347957180096065
1,2017-05-26,0.0153468380478786
1,2017-05-27,0.015345575916221564
1,2017-05-28,0.015344159511107371
1,2017-05-29,0.015342583328242633
1,2017-05-30,0.015340844476579798
1,2017-05-31,0.015338939516384632
1,2017-06-01,0.015336869412720396
1,2017-06-02,0.015334640590062633
1,2017-06-03,0.015332261362095432
1,2017-06-04,0.015329741297340174
1,2017-06-05,0.015327088134085159
1,2017-06-06,0.015324307034310336
1,2017-06-07,0.015321401961550102
1,2017-06-08,0.015318375671134601
1,2017-06-09,0.015315227622004685
1,2017-06-10,0.015311951717358727
1,2017-06-11,0.015308537637400359
1,2017-06-12,0.015304974656802863
1,2017-06-13,0.015301249198227786
1,2017-06-14,0.015297341632805881
1,2017-06-15,0.015293231017552556
1,2017-06-16,0.015288897454207792
1,2017-06-17,0.015284322253603405
1,2017-06-18,0.015279488628048576
1,2017-06-19,0.015274379267810119
1,2017-06-20,0.015268978211710658
1,2017-06-21,0.015263273972639775
1,2017-06-22,0.015257262102728973
1,2017-06-23,0.015250944578719663
1,2017-06-24,0.015244328125920218
1,2017-06-25,0.015237427313043872
1,2017-06-26,0.015230268040424103
1,2017-06-27,0.015222883771610393
1,2017-06-28,0.015215313574082023
1,2017-06-29,0.015207606212724784
1,2017-06-30,0.015199818477862746
1,2017-07-01,0.015192012832620685
1,2017-07-02,0.01518425568237488
1,2017-07-03,0.01517661324881664
1,2017-07-04,0.015169151086842955
1,2017-07-05,0.015161931958609418
1,2017-07-06,0.015155017457579786
1,2017-07-07,0.015148465498996701
1,2017-07-08,0.015142325601468899
1,2017-07-09,0.01513664046666676
1,2017-07-10,0.015131447601631477
1,2017-07-11,0.01512677473230738
1,2017-07-12,0.0151226387868116
1,2017-07-13,0.015119051175054252
1,2017-07-14,0.015116016492186489
1,2017-07-15,0.015113529543115753
1,2017-07-16,0.015111577580917452
1,2017-07-17,0.015110137874099995
1,2017-07-18,0.015109179143539313
1,2017-07-19,0.015108664837261273
1,2017-07-20,0.015108554165892782
1,2017-07-21,0.015108804653969968
1,2017-07-22,0.0151093715511089
1,2017-07-23,0.015110208234361554
1,2017-07-24,0.01511127056535921
1,2017-07-25,0.015112513345426957
1,2017-07-26,0.015113892250228484
1,2017-07-27,0.015115368414965663
1,2017-07-28,0.015116907129009469
1,2017-07-29,0.015118476284160996
1,2017-07-30,0.015120046769293644
1,2017-07-31,0.015121591988334925
1,2017-08-01,0.015123089241766693
1,2017-08-02,0.01512451853354658
1,2017-08-03,0.015125864108521606
1,2017-08-04,0.015127115496398528
1,2017-08-05,0.015128266430275221
1,2017-08-06,0.015129313889767553
1,2017-08-07,0.015130261556409836
1,2017-08-08,0.015131112169280965
1,2017-08-09,0.015131866681412807
1,2017-08-10,0.015132531196275284
1,2017-08-11,0.01513311508309452
1,2017-08-12,0.015133627604910778
1,2017-08-13,0.015134078099436983
1,2017-08-14,0.015134473601709749
1,2017-08-15,0.015134819547928436
1,2017-08-16,0.015135121016574396
1,2017-08-17,0.015135382350478793
1,2017-08-18,0.015135608054900787
1,2017-08-19,0.015135802350618533
1,2017-08-20,0.015135968505940721
1,2017-08-21,0.01513611648552655
1,2017-08-22,0.015136253736442949
1,2017-08-23,0.015136382087024959
1,2017-08-24,0.015136507860125171
1,2017-08-25,0.015136641652942347
1,2017-08-26,0.015136793021458286
1,2017-08-27,0.015136970509326728
1,2017-08-28,0.0151371788880935
1,2017-08-29,0.015137420944064745
1,2017-08-30,0.015137698791529973
1,2017-08-31,0.015138015314800265
1,2017-09-01,0.015138373294172445
1,2017-09-02,0.01513877297900061
1,2017-09-03,0.015139213631864747
1,2017-09-04,0.015139698200850815
1,2017-09-05,0.015140226690967585
1,2017-09-06,0.015140792879056751
1,2017-09-07,0.015141392581041736
1,2017-09-08,0.015142024963015787
1,2017-09-09,0.015142689185332556
1,2017-09-10,0.015143383273508615
1,2017-09-11,0.015144101633296594
1,2017-09-12,0.015144835475075528
1,2017-09-13,0.015145576588473502
1,2017-09-14,0.015146316740952032
1,2017-09-15,0.01514704761406776
1,2017-09-16,0.015147759970637326
1,2017-09-17,0.015148445482627004
1,2017-09-18,0.01514910116017446
1,2017-09-19,0.015149722888170769
1,2017-09-20,0.0151503027501458
1,2017-09-21,0.015150835406779362
1,2017-09-22,0.015151320790097862
1,2017-09-23,0.015151762223522618
1,2017-09-24,0.015152163928527213
1,2017-09-25,0.015152529719024747
1,2017-09-26,0.015152862730651919
1,2017-09-27,0.015153166068356072
1,2017-09-28,0.015153444126310719
1,2017-09-29,0.015153701003202345
1,2017-09-30,0.015153938429038406
1,2017-10-01,0.015154159129491664
1,2017-10-02,0.015154370298795282
1,2017-10-03,0.015154577661945036
1,2017-10-04,0.015154782228031106
1,2017-10-05,0.015154987696822992
1,2017-10-06,0.015155201886554184
1,2017-10-07,0.015155434461022846
1,2017-10-08,0.015155694009239882
1,2017-10-09,0.015155985315567578
1,2017-10-10,0.015156311240411242
1,2017-10-11,0.015156673309359596
1,2017-10-12,0.015157074392494653
1,2017-10-13,0.015157516749323925
1,2017-10-14,0.01515799826305858
1,2017-10-15,0.01515851647925728
1,2017-10-16,0.01515907357246539
1,2017-10-17,0.015159670222969908
1,2017-10-18,0.015160301610593951
1,2017-10-19,0.015160966310787428
1,2017-10-20,0.01516166782391543
1,2017-10-21,0.015162411515697647
1,2017-10-22,0.015163202493979086
1,2017-10-23,0.015164040931330978
1,2017-10-24,0.015164925844982153
1,2017-10-25,0.015165858058922578
1,2017-10-26,0.015166843287933496
1,2017-10-27,0.015167890308692429
1,2017-10-28,0.015169007459405194
1,2017-10-29,0.015170206727096744
1,2017-10-30,0.01517151094698916
1,2017-10-31,0.015172947997771228
1,2017-11-01,0.01517454723805621
1,2017-11-02,0.015176348470172192
1,2017-11-03,0.015178404499393009
1,2017-11-04,0.015180778553878728
1,2017-11-05,0.015183542388575512
1,2017-11-06,0.015186770848792698
1,2017-11-07,0.015190543237762836
1,2017-11-08,0.015194946148793803
1,2017-11-09,0.015200072684249541
1,2017-11-10,0.015206019195967521
1,2017-11-11,0.015212880095837485
1,2017-11-12,0.015220747090483482
1,2017-11-13,0.015229710443129733
1,2017-11-14,0.01523985237260069
1,2017-11-15,0.015251243518587792
1,2017-11-16,0.015263943518565507
1,2017-11-17,0.015277999689597964
1,2017-11-18,0.015293443286890198
1,2017-11-19,0.015310286451636658
1,2017-11-20,0.015328519161770944
1,2017-11-21,0.015348109136039264
1,2017-11-22,0.015369002396563419
1,2017-11-23,0.015391125297289391
1,2017-11-24,0.015414384300245203
1,2017-11-25,0.015438665551687566
1,2017-11-26,0.015463837062296058
1,2017-11-27,0.015489753114188501
1,2017-11-28,0.01551625404974629
1,2017-11-29,0.015543169389561002
1,2017-11-30,0.015570323223221784
1,2017-12-01,0.01559753636397658
1,2017-12-02,0.015624627829399251
1,2017-12-03,0.0156514181407381
1,2017-12-04,0.015677731067408305
1,2017-12-05,0.01570339663559433
1,2017-12-06,0.0157282535857967
1,2017-12-07,0.015752151912890762
1,2017-12-08,0.0157749540036255
1,2017-12-09,0.015796534828887866
1,2017-12-10,0.01581678206478393
1,2017-12-11,0.015835597252221664
1,2017-12-12,0.015852894786782395
1,2017-12-13,0.015868601324594236
1,2017-12-14,0.015882656020416577
1,2017-12-15,0.015895008954446545
1,2017-12-16,0.015905619601216163
1,2017-12-17,0.015914456016961787
1,2017-12-18,0.015921493596153996
1,2017-12-19,0.015926714198485944
1,2017-12-20,0.01593010540914262
1,2017-12-21,0.01593165982032325
1,2017-12-22,0.015931374682944786
1,2017-12-23,0.0159292515191864
1,2017-12-24,0.0159252957820875
1,2017-12-25,0.015919517585461528
1,2017-12-26,0.01591193177383392
1,2017-12-27,0.015902558323828475
1,2017-12-28,0.015891423799479484
1,2017-12-29,0.01587856246970632
1,2017-12-30,0.01586401691462248
1,2017-12-31,0.015847839374035923
1,2018-01-01,0.01583009228969228
1,2018-01-02,0.01581084926662251
1,2018-01-03,0.01579019601684793
1,2018-01-04,0.015768231017929044
1,2018-01-05,0.015745066249652943
1,2018-01-06,0.015720826998057214
1,2018-01-07,0.015695650817509517
1,2018-01-08,0.015669687825411113
1,2018-01-09,0.015643098809227478
1,2018-01-10,0.015616053235319768
1,2018-01-11,0.015588728057970815
1,2018-01-12,0.015561305776350056
1,2018-01-13,0.015533971339080906
1,2018-01-14,0.015506909748008906
1,2018-01-15,0.015480302864198209
1,2018-01-16,0.015454326012385508
1,2018-01-17,0.015429145992554077
1,2018-01-18,0.015404917586212888
1,2018-01-19,0.015381781747520593
1,2018-01-20,0.015359863569498878
1,2018-01-21,0.015339268868470975
1,2018-01-22,0.015320084402950844
1,2018-01-23,0.01530237533573691
1,2018-01-24,0.015286184400573785
1,2018-01-25,0.01527153164606706
1,2018-01-26,0.015258415255467122
1,2018-01-27,0.015246811818917502
1,2018-01-28,0.015236677469777133
1,2018-01-29,0.015227949544000103
1,2018-01-30,0.015220548662016704
1,2018-01-31,0.015214381472693604
1,2018-02-01,0.015209343774578657
1,2018-02-02,0.0152053234978957
1,2018-02-03,0.015202204791749439
1,2018-02-04,0.015199869624836024
1,2018-02-05,0.01519820142804757
1,2018-02-06,0.015197087394225983
1,2018-02-07,0.01519642078627631
1,2018-02-08,0.015196103800597372
1,2018-02-09,0.015196048923611158
1,2018-02-10,0.015196180631947918
1,2018-02-11,0.015196436334385829
1,2018-02-12,0.015196766245389876
1,2018-02-13,0.015197133998238063
1,2018-02-14,0.015197516251739877
1,2018-02-15,0.015197902211384447
1,2018-02-16,0.015198292106241617
1,2018-02-17,0.015198697892808038
1,2018-02-18,0.015199139319707946
1,2018-02-19,0.015199642696943938
1,2018-02-20,0.01520023840896563
1,2018-02-21,0.015200958539932669
1,2018-02-22,0.015201835410643936
1,2018-02-23,0.01520289864961069
1,2018-02-24,0.015204174859247105
1,2018-02-25,0.015205685458813446
1,2018-02-26,0.015207445119109434
1,2018-02-27,0.015209461453767212
1,2018-02-28,0.015211734358475502
1,2018-03-01,0.015214256251150648
1,2018-03-02,0.015217012121412748
1,2018-03-03,0.015219981801129689
1,2018-03-04,0.015223139571585097
1,2018-03-05,0.015226455019852933
1,2018-03-06,0.015229893930915192
1,2018-03-07,0.01523341970601516
1,2018-03-08,0.015236995696428553
1,2018-03-09,0.015240585462609514
1,2018-03-10,0.01524415476105099
1,2018-03-11,0.015247671660077896
1,2018-03-12,0.015251106801665646
1,2018-03-13,0.015254434701879684
1,2018-03-14,0.015257633988008551
1,2018-03-15,0.015260687729856812
1,2018-03-16,0.015263583023399002
1,2018-03-17,0.015266311899830487
1,2018-03-18,0.015268870210584491
1,2018-03-19,0.01527125669485348
1,2018-03-20,0.015273471868951371
1,2018-03-21,0.015275517985714035
1,2018-03-22,0.01527740007726237
1,2018-03-23,0.015279123882989897
1,2018-03-24,0.015280695795095348
1,2018-03-25,0.015282121684499638
1,2018-03-26,0.015283406609154657
1,2018-03-27,0.015284555717788794
1,2018-03-28,0.015285574308729304
1,2018-03-29,0.01528646773393125
1,2018-03-30,0.015287241519866674
1,2018-03-31,0.01528790324131815
1,2018-04-01,0.015288462184248976
1,2018-04-02,0.015288929522056672
1,2018-04-03,0.015289317046078572
1,2018-04-04,0.015289638427958623
1,2018-04-05,0.01528991246605959
1,2018-04-06,0.015290160902114545
1,2018-04-07,0.015290409120107297
1,2018-04-08,0.015290683719113008
1,2018-04-09,0.015291011108935056
1,2018-04-10,0.015291419330762399
1,2018-04-11,0.015291938056487951
1,2018-04-12,0.015292595331826486
1,2018-04-13,0.015293414926180342
1,2018-04-14,0.015294418240244256
1,2018-04-15,0.015295623675438517
1,2018-04-16,0.015297043746123694
1,2018-04-17,0.015298684417099605
1,2018-04-18,0.015300546233149333
1,2018-04-19,0.015302626222594748
1,2018-04-20,0.015304916193825666
1,2018-04-21,0.015307402697179916
1,2018-04-22,0.015310064772732595
1,2018-04-23,0.015312874962604356
1,2018-04-24,0.015315801530769455
1,2018-04-25,0.015318809891139377
1,2018-04-26,0.015321862709216878
1,2018-04-27,0.015324919948909237
1,2018-04-28,0.015327941628981977
1,2018-04-29,0.015330890083976362
1,2018-04-30,0.015333729683271945
1,2018-05-01,0.015336426905024793
1,2018-05-02,0.01533895255860854
1,2018-05-03,0.015341285091547226
1,2018-05-04,0.015343409572886057
1,2018-05-05,0.015345316959889744
1,2018-05-06,0.015347001618633973
1,2018-05-07,0.015348461154554561
1,2018-05-08,0.015349699230473912
1,2018-05-09,0.015350725204937559
1,2018-05-10,0.015351551791882998
1,2018-05-11,0.015352192574659135
1,2018-05-12,0.01535266190995926
1,2018-05-13,0.015352975107689827
1,2018-05-14,0.015353145758510685
1,2018-05-15,0.015353187811914507
1,2018-05-16,0.015353113803080656
1,2018-05-17,0.015352934599188336
1,2018-05-18,0.015352659316653281
1,2018-05-19,0.015352294542319695
1,2018-05-20,0.015351841793230424
1,2018-05-21,0.015351297980139199
1,2018-05-22,0.015350657349029977
1,2018-05-23,0.01534991195083916
1,2018-05-24,0.015349052406044636
1,2018-05-25,0.015348067750463726
1,2018-05-26,0.015346946925066822
1,2018-05-27,0.01534567991889357
1,2018-05-28,0.015344257482426892
1,2018-05-29,0.015342674415445583
1,2018-05-30,0.01534092806913481
1,2018-05-31,0.015339019472614075
1,2018-06-01,0.015336953417265273
1,2018-06-02,0.015334736068071056
1,2018-06-03,0.01533237254272799
1,2018-06-04,0.015329866833850467
1,2018-06-05,0.015327224374282997
1,2018-06-06,0.015324450840049103
1,2018-06-07,0.015321550595252925
1,2018-06-08,0.01531852488346858
1,2018-06-09,0.015315371466754412
1,2018-06-10,0.015312084463638955
1,2018-06-11,0.015308653031799931
1,2018-06-12,0.015305067658127931
1,2018-06-13,0.015301315593408141
1,2018-06-14,0.015297380904364348
1,2018-06-15,0.015293247362060603
1,2018-06-16,0.015288897076578692
1,2018-06-17,0.015284309620521653
1,2018-06-18,0.01527946461975225
1,2018-06-19,0.015274344356746943
1,2018-06-20,0.015268933257244897
1,2018-06-21,0.015263220187982526
1,2018-06-22,0.01525719905433412
1,2018-06-23,0.015250870077331162
1,2018-06-24,0.015244239809331043
1,2018-06-25,0.015237322488483787
1,2018-06-26,0.015230143828426905
1,2018-06-27,0.015222737163645346
1,2018-06-28,0.015215144995126407
1,2018-06-29,0.015207419009187713
1,2018-06-30,0.015199616827261233
1,2018-07-01,0.015191799232186928
1,2018-07-02,0.015184029858988913
1,2018-07-03,0.015176375632143663
1,2018-07-04,0.015168903205089838
1,2018-07-05,0.015161678409282507
1,2018-07-06,0.015154762025963853
1,2018-07-07,0.015148210404398298
1,2018-07-08,0.015142073058730587
1,2018-07-09,0.015136392421512317
1,2018-07-10,0.0151312054128039
1,2018-07-11,0.015126538666455422
1,2018-07-12,0.0151224116649723
1,2018-07-13,0.015118836547872112
1,2018-07-14,0.015115816585998037
1,2018-07-15,0.015113344720529453
1,2018-07-16,0.015111405060014368
1,2018-07-17,0.015109975268610288
1,2018-07-18,0.01510902576637653
1,2018-07-19,0.015108522693686968
1,2018-07-20,0.015108424963710645
1,2018-07-21,0.015108689237382747
1,2018-07-22,0.015109269144132397
1,2018-07-23,0.015110117007489123
1,2018-07-24,0.015111185760714524
1,2018-07-25,0.015112429151054261
1,2018-07-26,0.01511380527371539
1,2018-07-27,0.015115276217712442
1,2018-07-28,0.015116806804554616
1,2018-07-29,0.015118363400981012
1,2018-07-30,0.015119915692561966
1,2018-07-31,0.015121438373718182
1,2018-08-01,0.01512291003503787
1,2018-08-02,0.015124315189100292
1,2018-08-03,0.015125640726038109
1,2018-08-04,0.015126878454651759
1,2018-08-05,0.015128023148956114
1,2018-08-06,0.015129072291993485
1,2018-08-07,0.015130024696044669
1,2018-08-08,0.015130881374178774
1,2018-08-09,0.015131646796808344
1,2018-08-10,0.015132326569382739
1,2018-08-11,0.015132927163252787
1,2018-08-12,0.015133454830355353
1,2018-08-13,0.015133915485482057
1,2018-08-14,0.015134315423607702
1,2018-08-15,0.015134660188591694
1,2018-08-16,0.015134957313961982
1,2018-08-17,0.015135213168670638
1,2018-08-18,0.01513543463642009
1,2018-08-19,0.0151356280692495
1,2018-08-20,0.015135800141680231
1,2018-08-21,0.015135956215829674
1,2018-08-22,0.015136100543722135
1,2018-08-23,0.01513623986914563
1,2018-08-24,0.01513638151205648
1,2018-08-25,0.015136533145920653
1,2018-08-26,0.01513670100746318
1,2018-08-27,0.01513688933768809
1,2018-08-28,0.015137103226400314
1,2018-08-29,0.015137348380427643
1,2018-08-30,0.01513763108429267
1,2018-08-31,0.015137953688702048
1,2018-09-01,0.015138318417765523
1,2018-09-02,0.015138726660452689
1,2018-09-03,0.015139177782473156
1,2018-09-04,0.015139670216307077
1,2018-09-05,0.015140201371306172
1,2018-09-06,0.015140770169556844
1,2018-09-07,0.015141376477580935
1,2018-09-08,0.015142019501676943
1,2018-09-09,0.015142695518980717
1,2018-09-10,0.015143397292761766
1,2018-09-11,0.01514411859909686
1,2018-09-12,0.015144853634064391
1,2018-09-13,0.015145597206797246
1,2018-09-14,0.015146340142012864
1,2018-09-15,0.015147073369724246
1,2018-09-16,0.01514778909756246
1,2018-09-17,0.015148478534619439
1,2018-09-18,0.015149133280026143
1,2018-09-19,0.015149746380332946
1,2018-09-20,0.015150314881945862
1,2018-09-21,0.015150839240222161
1,2018-09-22,0.015151321231681229
1,2018-09-23,0.015151760950043149
1,2018-09-24,0.015152157698333502
1,2018-09-25,0.015152513357484416
1,2018-09-26,0.015152832160992882
1,2018-09-27,0.015153119888257731
1,2018-09-28,0.01515337984920153
1,2018-09-29,0.01515361558462685
1,2018-09-30,0.01515383196261682
1,2018-10-01,0.015154032578574434
1,2018-10-02,0.015154221814700915
1,2018-10-03,0.01515440493049878
1,2018-10-04,0.015154589190106524
1,2018-10-05,0.015154783414430157
1,2018-10-06,0.015154995628701585
1,2018-10-07,0.015155230639050618
1,2018-10-08,0.015155491773279118
1,2018-10-09,0.015155782126219444
1,2018-10-10,0.01515610421696674
1,2018-10-11,0.015156461562958662
1,2018-10-12,0.015156855606483248
1,2018-10-13,0.015157286801731944
1,2018-10-14,0.015157755263849718
1,2018-10-15,0.015158260207558453
1,2018-10-16,0.015158802635511691
1,2018-10-17,0.015159382689971655
1,2018-10-18,0.015160001645995399
1,2018-10-19,0.015160663070104408
1,2018-10-20,0.015161369876286258
1,2018-10-21,0.015162122134246501
1,2018-10-22,0.015162919062257859
1,2018-10-23,0.01516376115722212
1,2018-10-24,0.015164649673471186
1,2018-10-25,0.01516558825005363
1,2018-10-26,0.0151665800964261
1,2018-10-27,0.015167630991860635
1,2018-10-28,0.015168749802386207
1,2018-10-29,0.015169949237249741
1,2018-10-30,0.015171250299558327
1,2018-10-31,0.015172680358553129
1,2018-11-01,0.01517427486184046
1,2018-11-02,0.015176079896282994
1,2018-11-03,0.015178148657618249
1,2018-11-04,0.015180539621382477
1,2018-11-05,0.015183318559282188
1,2018-11-06,0.015186560373347681
1,2018-11-07,0.015190346963273576
1,2018-11-08,0.015194767201907362
1,2018-11-09,0.015199912150130718
1,2018-11-10,0.015205874676635782
1,2018-11-11,0.015212747737529609
1,2018-11-12,0.0152206217738538
1,2018-11-13,0.015229586128503564
1,2018-11-14,0.015239723470472992
1,2018-11-15,0.015251107645209802
1,2018-11-16,0.015263802354925003
1,2018-11-17,0.015277855597431913
1,2018-11-18,0.015293296195963289
1,2018-11-19,0.015310134367704373
1,2018-11-20,0.015328361035922021
1,2018-11-21,0.015347945369654475
1,2018-11-22,0.015368835743316931
1,2018-11-23,0.015390958456380305
1,2018-11-24,0.015414218631832259
1,2018-11-25,0.015438501827642934
1,2018-11-26,0.015463676304747221
1,2018-11-27,0.015489595550620018
1,2018-11-28,0.01551610018421125
1,2018-11-29,0.015543021329223652
1,2018-11-30,0.015570183406085245
1,2018-12-01,0.015597405979181142
1,2018-12-02,0.015624506356487922
1,2018-12-03,0.015651304004385306
1,2018-12-04,0.015677623205428124
1,2018-12-05,0.015703294898230816
1,2018-12-06,0.01572815887592863
1,2018-12-07,0.015752064993459082
1,2018-12-08,0.0157748749190165
1,2018-12-09,0.015796463014235984
1,2018-12-10,0.015816716718463988
1,2018-12-11,0.01583553732462516
1,2018-12-12,0.015852839357591995
1,2018-12-13,0.015868549966971155
1,2018-12-14,0.015882608185663435
1,2018-12-15,0.015894963842760207
1,2018-12-16,0.01590557636222433
1,2018-12-17,0.015914413811209508
1,2018-12-18,0.015921451826961017
1,2018-12-19,0.01592667255789258
1,2018-12-20,0.01593006395476869
1,2018-12-21,0.01593161888755428
1,2018-12-22,0.0159313346211646
1,2018-12-23,0.015929212485942725
1,2018-12-24,0.015925257855668513
1,2018-12-25,0.0159194805905623
1,2018-12-26,0.015911895412927583
1,2018-12-27,0.015902522530844676
1,2018-12-28,0.015891388575091963
1,2018-12-29,0.015878527576775953
1,2018-12-30,0.01586398198169967
1,2018-12-31,0.0158478036745991
1,2019-01-01,0.015830055192989155
1,2019-01-02,0.015810810632170557
1,2019-01-03,0.015790156366854345
1,2019-01-04,0.01576819149434414
1,2019-01-05,0.015745027893963124
1,2019-01-06,0.015720790592129944
1,2019-01-07,0.015695617157278553
1,2019-01-08,0.015669657087284947
1,2019-01-09,0.015643070696348696
1,2019-01-10,0.015616027411183876
1,2019-01-11,0.015588703985740754
1,2019-01-12,0.015561282661950202
1,2019-01-13,0.015533948373050251
1,2019-01-14,0.015506885813400121
1,2019-01-15,0.015480276552635695
1,2019-01-16,0.015454296234229394
1,2019-01-17,0.015429112374434133
1,2019-01-18,0.015404881095828236
1,2019-01-19,0.015381744354425991
1,2019-01-20,0.015359827207025209
1,2019-01-21,0.01533923582974878
1,2019-01-22,0.01532005598821723
1,2019-01-23,0.015302352251706
1,2019-01-24,0.015286166878014752
1,2019-01-25,0.015271519092265318
1,2019-01-26,0.015258406099035322
1,2019-01-27,0.015246803927813713
1,2019-01-28,0.015236668453936113
1,2019-01-29,0.015227937253711443
1,2019-01-30,0.015220531139570323
1,2019-01-31,0.015214358567159985
1,2019-02-01,0.015209316883293815
1,2019-02-02,0.015205294624875193
1,2019-02-03,0.015202175452529882
1,2019-02-04,0.01519984149130073
1,2019-02-05,0.015198175549768182
1,2019-02-06,0.015197064399064765
1,2019-02-07,0.015196400856356635
1,2019-02-08,0.015196086304196924
1,2019-02-09,0.01519603292884893
1,2019-02-10,0.01519616491355329
1,2019-02-11,0.015196419449942098
1,2019-02-12,0.015196747350987819
1,2019-02-13,0.015197112353130812
1,2019-02-14,0.015197492064253446
1,2019-02-15,0.015197876877824994
1,2019-02-16,0.015198268332639266
1,2019-02-17,0.015198677465932635
1,2019-02-18,0.015199123645865013
1,2019-02-19,0.01519963225601154
1,2019-02-20,0.01520023353332961
1,2019-02-21,0.015200959731082816
1,2019-02-22,0.01520184246848606
1,2019-02-23,0.015202911326774555
1,2019-02-24,0.015204192285732205
1,2019-02-25,0.015205706340504875
1,2019-02-26,0.015207468573583802
1,2019-02-27,0.015209486158368143
1,2019-02-28,0.01521175950130535
1,2019-03-01,0.015214281592919448
1,2019-03-02,0.015217038074376035
1,2019-03-03,0.01522000768418014
1,2019-03-04,0.015223164254762164
1,2019-03-05,0.015226477446705723
1,2019-03-06,0.015229914599495417
1,2019-03-07,0.01523344029023919
1,2019-03-08,0.015237017606290574
1,2019-03-09,0.015240610278482995
1,2019-03-10,0.015244183658480097
1,2019-03-11,0.01524770545469104
1,2019-03-12,0.015251146774729845
1,2019-03-13,0.015254481175871212
1,2019-03-14,0.015257686298115756
1,2019-03-15,0.015260744813865721
1,2019-03-16,0.015263644348551679
1,2019-03-17,0.015266375945423441
1,2019-03-18,0.015268934775005854
1,2019-03-19,0.015271318979579864
1,2019-03-20,0.015273530888431489
1,2019-03-21,0.015275574734092764
1,2019-03-22,0.015277454835937367
1,2019-03-23,0.015279176521848875
1,2019-03-24,0.01528074585416103
1,2019-03-25,0.015282169370241228
1,2019-03-26,0.01528345265296054
1,2019-03-27,0.015284601075288413
1,2019-03-28,0.015285620125881964
1,2019-03-29,0.015286514531674638
1,2019-03-30,0.015287288998708286
1,2019-03-31,0.01528794860310524
1,2019-04-01,0.015288500440696639
1,2019-04-02,0.01528895595575402
1,2019-04-03,0.015289330497250727
1,2019-04-04,0.015289640371740198
1,2019-04-05,0.01528990446555199
1,2019-04-06,0.015290145118546969
1,2019-04-07,0.015290386973430511
1,2019-04-08,0.015290656851192004
1,2019-04-09,0.015290983027160506
1,2019-04-10,0.015291393751416768
1,2019-04-11,0.0152919166219824
1,2019-04-12,0.015292577672447492
1,2019-04-13,0.015293401022719026
1,2019-04-14,0.015294406314048496
1,2019-04-15,0.015295609398338544
1,2019-04-16,0.015297023491947573
1,2019-04-17,0.015298658171761268
1,2019-04-18,0.015300516005944176
1,2019-04-19,0.015302593386797578
1,2019-04-20,0.01530488174564437
1,2019-04-21,0.015307365817171731
1,2019-04-22,0.015310024223617031
1,2019-04-23,0.015312830013335407
1,2019-04-24,0.015315753177732042
1,2019-04-25,0.015318759937606043
1,2019-04-26,0.015321811754936495
1,2019-04-27,0.015324868384822651
1,2019-04-28,0.015327888933500065
1,2019-04-29,0.015330833656287672
1,2019-04-30,0.015333667626640487
1,2019-05-01,0.015336359863202701
1,2019-05-02,0.015338882425674466
1,2019-05-03,0.015341213445495617
1,2019-05-04,0.015343337588623952
1,2019-05-05,0.01534524371822254
1,2019-05-06,0.015346925465977879
1,2019-05-07,0.015348382457741155
1,2019-05-08,0.01534962018227425
1,2019-05-09,0.015350648077235076
1,2019-05-10,0.015351477114793856
1,2019-05-11,0.015352120951306635
1,2019-05-12,0.01535259432582023
1,2019-05-13,0.015352912283193538
1,2019-05-14,0.015353090590743981
1,2019-05-15,0.015353143545455986
1,2019-05-16,0.01535308270619846
1,2019-05-17,0.015352918676347907
1,2019-05-18,0.015352660318813372
1,2019-05-19,0.015352310607776198
1,2019-05-20,0.01535186689214224
1,2019-05-21,0.01535132483292866
1,2019-05-22,0.015350680870129288
1,2019-05-23,0.015349929985606916
1,2019-05-24,0.015349063150245206
1,2019-05-25,0.015348070780222841
1,2019-05-26,0.01534694369065718
1,2019-05-27,0.015345672618689155
1,2019-05-28,0.015344250303951824
1,2019-05-29,0.01534266934176664
1,2019-05-30,0.015340925122681027
1,2019-05-31,0.015339018917072022
1,2019-06-01,0.015336955980660441
1,2019-06-02,0.015334740517784677
1,2019-06-03,0.01533237572534996
1,2019-06-04,0.015329866117919972
1,2019-06-05,0.01532721810928452
1,2019-06-06,0.015324438417489998
1,2019-06-07,0.015321531185772938
1,2019-06-08,0.015318499679698385
1,2019-06-09,0.015315344120857092
1,2019-06-10,0.015312060311184103
1,2019-06-11,0.015308639797356964
1,2019-06-12,0.015305070163216021
1,2019-06-13,0.015301336590364588
1,2019-06-14,0.015297423561465419
1,2019-06-15,0.0152933139667714
1,2019-06-16,0.015288986855759395
1,2019-06-17,0.015284417700878265
1,2019-06-18,0.015279583824272297
1,2019-06-19,0.015274467385968863
1,2019-06-20,0.015269054744028504
1,2019-06-21,0.015263334622224583
1,2019-06-22,0.015257303419401232
1,2019-06-23,0.015250965122432151
1,2019-06-24,0.015244329395801174
1,2019-06-25,0.015237412437140812
1,2019-06-26,0.015230237798357034
1,2019-06-27,0.015222838951036573
1,2019-06-28,0.015215259671608075
1,2019-06-29,0.015207551247383079
1,2019-06-30,0.015199769520034984
1,2019-07-01,0.015191972229424316
1,2019-07-02,0.01518422206402921
1,2019-07-03,0.015176584041128588
1,2019-07-04,0.015169123752030108
1,2019-07-05,0.015161904068027029
1,2019-07-06,0.01515498737487424
1,2019-07-07,0.015148431725092325
1,2019-07-08,0.015142288142098323
1,2019-07-09,0.015136600584815953
1,2019-07-10,0.015131404986479548
1,2019-07-11,0.015126728869079838
1,2019-07-12,0.015122594304973671
1,2019-07-13,0.015119014492132246
1,2019-07-14,0.015115992502322704
1,2019-07-15,0.015113521536065846
1,2019-07-16,0.01511158505165365
1,2019-07-17,0.015110160142382166
1,2019-07-18,0.015109216322959473
1,2019-07-19,0.015108717225261244
1,2019-07-20,0.01510862282759998
1,2019-07-21,0.01510888853787799
1,2019-07-22,0.015109467895720584
1,2019-07-23,0.015110315009852653
1,2019-07-24,0.015111383533894672
1,2019-07-25,0.015112627446173007
1,2019-07-26,0.015114003660343326
1,2019-07-27,0.015115474712121794
1,2019-07-28,0.015117006497620045
1,2019-07-29,0.015118566196356957
1,2019-07-30,0.015120124535681862
1,2019-07-31,0.015121656228869722
1,2019-08-01,0.015123139236203039
1,2019-08-02,0.015124555480836636
1,2019-08-03,0.01512589241944674
1,2019-08-04,0.01512714058920208
1,2019-08-05,0.01512829270786378
1,2019-08-06,0.015129345521130997
1,2019-08-07,0.015130298845007703
1,2019-08-08,0.015131154181118368
1,2019-08-09,0.015131915626004572
1,2019-08-10,0.015132590278733933
1,2019-08-11,0.015133185941341318
1,2019-08-12,0.015133708368821518
1,2019-08-13,0.015134164630198793
1,2019-08-14,0.015134562902220847
1,2019-08-15,0.015134909109366618
1,2019-08-16,0.015135207495349664
1,2019-08-17,0.01513546465187035
1,2019-08-18,0.015135686525908047
1,2019-08-19,0.015135877335474841
1,2019-08-20,0.015136043272573594
1,2019-08-21,0.015136191322462968
1,2019-08-22,0.015136327200184405
1,2019-08-23,0.015136456887838795
1,2019-08-24,0.015136588798714155
1,2019-08-25,0.015136731429088862
1,2019-08-26,0.015136890452039156
1,2019-08-27,0.015137071673503595
1,2019-08-28,0.015137281123871325
1,2019-08-29,0.015137523639970346
1,2019-08-30,0.015137801038635537
1,2019-08-31,0.015138116613277826
1,2019-09-01,0.015138472281564173
1,2019-09-02,0.015138867416130918
1,2019-09-03,0.015139302815099821
1,2019-09-04,0.015139779449640236
1,2019-09-05,0.015140296039117176
1,2019-09-06,0.015140851673692612
1,2019-09-07,0.01514144621521735
1,2019-09-08,0.015142077583361401
1,2019-09-09,0.015142741129882321
1,2019-09-10,0.015143431775248701
1,2019-09-11,0.015144145405284993
1,2019-09-12,0.015144876064120693
1,2019-09-13,0.015145614658861049
1,2019-09-14,0.015146352603697996
1,2019-09-15,0.01514708043842367
1,2019-09-16,0.015147787621333878
1,2019-09-17,0.015148467133798658
1,2019-09-18,0.015149113364959563
1,2019-09-19,0.015149720610489555
1,2019-09-20,0.015150285242764388
1,2019-09-21,0.015150807245824498
1,2019-09-22,0.01515128667158229
1,2019-09-23,0.015151722214150088
1,2019-09-24,0.015152115048527412
1,2019-09-25,0.015152469233364692
1,2019-09-26,0.015152788795541732
1,2019-09-27,0.015153076075905082
1,2019-09-28,0.015153335455465702
1,2019-09-29,0.015153572209499646
1,2019-09-30,0.015153789997622753
1,2019-10-01,0.015153993499048769
1,2019-10-02,0.015154187681422722
1,2019-10-03,0.015154377869551748
1,2019-10-04,0.015154571215178722
1,2019-10-05,0.015154775703276733
1,2019-10-06,0.015154996953572092
1,2019-10-07,0.015155236634131514
1,2019-10-08,0.015155498174384855
1,2019-10-09,0.01515578714722423
1,2019-10-10,0.015156107529292494
1,2019-10-11,0.015156460368195726
1,2019-10-12,0.015156848726116076
1,2019-10-13,0.015157276186574383
1,2019-10-14,0.015157743159979288
1,2019-10-15,0.015158249749919292
1,2019-10-16,0.015158795324191603
1,2019-10-17,0.01515937995847066
1,2019-10-18,0.015160006528106134
1,2019-10-19,0.01516067783854674
1,2019-10-20,0.01516139435963118
1,2019-10-21,0.015162152972175163
1,2019-10-22,0.015162952407997721
1,2019-10-23,0.015163794726610112
1,2019-10-24,0.01516468138468374
1,2019-10-25,0.015165613349008756
1,2019-10-26,0.015166596042883024
1,2019-10-27,0.01516763824260607
1,2019-10-28,0.015168749321984892
1,2019-10-29,0.015169944144494867
1,2019-10-30,0.015171242578194306
1,2019-10-31,0.015172671134344395
1,2019-11-01,0.015174265725724802
1,2019-11-02,0.015176071756102248
1,2019-11-03,0.015178141324280671
1,2019-11-04,0.01518053230129669
1,2019-11-05,0.015183310654481606
1,2019-11-06,0.01518655090722615
1,2019-11-07,0.015190334552286147
1,2019-11-08,0.015194748459314728
1,2019-11-09,0.015199885149803074
1,2019-11-10,0.015205840064904217
1,2019-11-11,0.015212707569807193
1,2019-11-12,0.015220580952119561
1,2019-11-13,0.015229548645845938
1,2019-11-14,0.015239692097817508
1,2019-11-15,0.015251084831663242
1,2019-11-16,0.015263789496912542
1,2019-11-17,0.015277852947074082
1,2019-11-18,0.015293303584870108
1,2019-11-19,0.015310151510918057
1,2019-11-20,0.015328387215443396
1,2019-11-21,0.015347979541450821
1,2019-11-22,0.015368875299621993
1,2019-11-23,0.015391000947778255
1,2019-11-24,0.015414262560669221
1,2019-11-25,0.015438545842530828
1,2019-11-26,0.015463719658642674
1,2019-11-27,0.015489637507147208
1,2019-11-28,0.01551613988688784
1,2019-11-29,0.015543058264410207
1,2019-11-30,0.015570217252350926
1,2019-12-01,0.015597436762001343
1,2019-12-02,0.015624535121413164
1,2019-12-03,0.01565133201272587
1,2019-12-04,0.015677651236969566
1,2019-12-05,0.0157033231626292
1,2019-12-06,0.01572818681820024
1,2019-12-07,0.015752092075148695
1,2019-12-08,0.015774900764191864
1,2019-12-09,0.015796487193890804
1,2019-12-10,0.015816739298549633
1,2019-12-11,0.015835558538430147
1,2019-12-12,0.01585285930250873
1,2019-12-13,0.01586856888361141
1,2019-12-14,0.015882626374081707
1,2019-12-15,0.015894981523672014
1,2019-12-16,0.015905593654191856
1,2019-12-17,0.01591443080007196
1,2019-12-18,0.015921468630036816
1,2019-12-19,0.01592668927271008
1,2019-12-20,0.01593008053630202
1,2019-12-21,0.015931635143693397
1,2019-12-22,0.015931350274176068
1,2019-12-23,0.015929227315371407
1,2019-12-24,0.015925271922978202
1,2019-12-25,0.015919494074289806
1,2019-12-26,0.015911908485710294
1,2019-12-27,0.01590253558755688
1,2019-12-28,0.015891402192456362
1,2019-12-29,0.015878542403763515
1,2019-12-30,0.015863998656395054
1,2019-12-31,0.015847822914641513
1,2020-01-01,0.015830077644629615
1,2020-01-02,0.015810836731058913
1,2020-01-03,0.015790186255991347
1,2020-01-04,0.015768224893206274
1,2020-01-05,0.015745064257876053
1,2020-01-06,0.015720828849109702
1,2020-01-07,0.015695656226318334
1,2020-01-08,0.015669696408692108
1,2020-01-09,0.015643109673521984
1,2020-01-10,0.015616065612581175
1,2020-01-11,0.015588741511903021
1,2020-01-12,0.015561319901483916
1,2020-01-13,0.015533985527674866
1,2020-01-14,0.015506923410781089
1,2020-01-15,0.015480315305650952
1,2020-01-16,0.015454337340367896
1,2020-01-17,0.015429156710226703
1,2020-01-18,0.015404928567833256
1,2020-01-19,0.015381793724465671
1,2020-01-20,0.015359875978626458
1,2020-01-21,0.015339281461508536
1,2020-01-22,0.01532009655922185
1,2020-01-23,0.015302386178068414
1,2020-01-24,0.015286192814506699
1,2020-01-25,0.015271537237799093
1,2020-01-26,0.015258417527684242
1,2020-01-27,0.015246809805225454
1,2020-01-28,0.015236670722921411
1,2020-01-29,0.015227938634995084
1,2020-01-30,0.015220535417683955
1,2020-01-31,0.015214368464648347
1,2020-02-01,0.015209333603977556
1,2020-02-02,0.015205318265744193
1,2020-02-03,0.015202204429548912
1,2020-02-04,0.015199873633877104
1,2020-02-05,0.015198209442645846
1,2020-02-06,0.015197098918586867
1,2020-02-07,0.015196434980083062
1,2020-02-08,0.015196119621376293
1,2020-02-09,0.0151960648489395
1,2020-02-10,0.015196194494900806
1,2020-02-11,0.015196446125901127
1,2020-02-12,0.01519677098685749
1,2020-02-13,0.015197134079700959
1,2020-02-14,0.01519751293169739
1,2020-02-15,0.015197897555880661
1,2020-02-16,0.015198289112823025
1,2020-02-17,0.015198697560726554
1,2020-02-18,0.015199142697906232
1,2020-02-19,0.015199651339320117
1,2020-02-20,0.015200253796297119
1,2020-02-21,0.015200981394194154
1,2020-02-22,0.01520186548027765
1,2020-02-23,0.015202935314983977
1,2020-02-24,0.015204216451565092
1,2020-02-25,0.01520572991764279
1,2020-02-26,0.015207490750858978
1,2020-02-27,0.015209507346910576
1,2020-02-28,0.015211780315085712
1,2020-02-29,0.015214302726609038
1,2020-03-01,0.015217060102191768
1,2020-03-02,0.015220030430102447
1,2020-03-03,0.01522318833558637
1,2020-03-04,0.015226504793114768
1,2020-03-05,0.0152299467383362
1,2020-03-06,0.015233477819191286
1,2020-03-07,0.015237060358860667
1,2020-03-08,0.015240657376905947
1,2020-03-09,0.015244233544951724
1,2020-03-10,0.015247756217669958
1,2020-03-11,0.015251195984087595
1,2020-03-12,0.015254528008833155
1,2020-03-13,0.015257730858259648
1,2020-03-14,0.01526078762666516
1,2020-03-15,0.015263685498367978
1,2020-03-16,0.015266415482236095
1,2020-03-17,0.015268973601853046
1,2020-03-18,0.015271360532205873
1,2020-03-19,0.01527357910146421
1,2020-03-20,0.015275632660216169
1,2020-03-21,0.015277524715219124
1,2020-03-22,0.015279259286243428
1,2020-03-23,0.015280840744977708
1,2020-03-24,0.015282273545393191
1,2020-03-25,0.01528356187342769
1,2020-03-26,0.015284710569728254
1,2020-03-27,0.015285725754250018
1,2020-03-28,0.015286613974870049
1,2020-03-29,0.015287382158303539
1,2020-03-30,0.015288037129560483
1,2020-03-31,0.015288588426588081
1,2020-04-01,0.0152890491486625
1,2020-04-02,0.01528943284014194
1,2020-04-03,0.015289754470533419
1,2020-04-04,0.015290031703717968
1,2020-04-05,0.015290286316208934
1,2020-04-06,0.015290542901403406
1,2020-04-07,0.015290826808010914
1,2020-04-08,0.015291162925780684
1,2020-04-09,0.015291577602595436
1,2020-04-10,0.015292096964484475
1,2020-04-11,0.015292746703247631
1,2020-04-12,0.01529355250005851
1,2020-04-13,0.015294538779479238
1,2020-04-14,0.015295726375355647
1,2020-04-15,0.015297131757603662
1,2020-04-16,0.015298764726801774
1,2020-04-17,0.015300627621684876
1,2020-04-18,0.015302716242329484
1,2020-04-19,0.015305021191576616
1,2020-04-20,0.015307526739213692
1,2020-04-21,0.015310209427813621
1,2020-04-22,0.015313038419664688
1,2020-04-23,0.015315979387333062
1,2020-04-24,0.015318995871448032
1,2020-04-25,0.015322049130122159
1,2020-04-26,0.015325101227632379
1,2020-04-27,0.015328116105860599
1,2020-04-28,0.015331057778619653
1,2020-04-29,0.01533389271147326
1,2020-04-30,0.015336589493007442
1,2020-05-01,0.01533911879795976
1,2020-05-02,0.015341455895677687
1,2020-05-03,0.015343586233066251
1,2020-05-04,0.015345501129023522
1,2020-05-05,0.015347195483313286
1,2020-05-06,0.015348666902211814
1,2020-05-07,0.015349915436565892
1,2020-05-08,0.01535094579568567
1,2020-05-09,0.015351767921242617
1,2020-05-10,0.015352396395146784
1,2020-05-11,0.015352850034345372
1,2020-05-12,0.01535314836444213
1,2020-05-13,0.015353308875270179
1,2020-05-14,0.01535334819358319
1,2020-05-15,0.015353278906150661
1,2020-05-16,0.015353110527601386
1,2020-05-17,0.015352850486484925
1,2020-05-18,0.015352504071546872
1,2020-05-19,0.015352071449231548
1,2020-05-20,0.015351546566181965
1,2020-05-21,0.015350918350287953
1,2020-05-22,0.015350176002771665
1,2020-05-23,0.015349310755786985
1,2020-05-24,0.01534831457942072
1,2020-05-25,0.015347179434371864
1,2020-05-26,0.01534589592238311
1,2020-05-27,0.015344458203879406
1,2020-05-28,0.015342863883500467
1,2020-05-29,0.015341110097183938
1,2020-05-30,0.015339196390738023
1,2020-05-31,0.015337126771547612
1,2020-06-01,0.015334908422434297
1,2020-06-02,0.01533254917635105
1,2020-06-03,0.015330053961693044
1,2020-06-04,0.015327423532110675
1,2020-06-05,0.015324658279620795
1,2020-06-06,0.01532176068687455
1,2020-06-07,0.015318732821984732
1,2020-06-08,0.015315574554056828
1,2020-06-09,0.015312282220694244
1,2020-06-10,0.015308850027049598
1,2020-06-11,0.015305271382812777
1,2020-06-12,0.01530153376481475
1,2020-06-13,0.015297620735663686
1,2020-06-14,0.015293513612289113
1,2020-06-15,0.015289194064927155
1,2020-06-16,0.0152846430260933
1,2020-06-17,0.015279838433582178
1,2020-06-18,0.015274756681783465
1,2020-06-19,0.01526937817311208
1,2020-06-20,0.015263691601538133
1,2020-06-21,0.015257692364312389
1,2020-06-22,0.01525138054797078
1,2020-06-23,0.015244762091496205
1,2020-06-24,0.01523785634606442
1,2020-06-25,0.015230692839109083
1,2020-06-26,0.015223305524089181
1,2020-06-27,0.015215733905192486
1,2020-06-28,0.015208024584071968
1,2020-06-29,0.015200234322709526
1,2020-06-30,0.015192428023269783
1,2020-07-01,0.015184671967430908
1,2020-07-02,0.01517702845952399
1,2020-07-03,0.015169558289851814
1,2020-07-04,0.01516232412823954
1,2020-07-05,0.01515538849573611
1,2020-07-06,0.015148809716620202
1,2020-07-07,0.015142639698215044
1,2020-07-08,0.015136924388761719
1,2020-07-09,0.015131705692802389
1,2020-07-10,0.015127015918725971
1,2020-07-11,0.015122876460501417
1,2020-07-12,0.015119294875940447
1,2020-07-13,0.015116272774788357
1,2020-07-14,0.015113804094166461
1,2020-07-15,0.01511187182934292
1,2020-07-16,0.015110450495139236
1,2020-07-17,0.015109506702595855
1,2020-07-18,0.01510900232987256
1,2020-07-19,0.015108897671200841
1,2020-07-20,0.015109151018825276
1,2020-07-21,0.0151097162613305
1,2020-07-22,0.015110549202549515
1,2020-07-23,0.015111608698238512
1,2020-07-24,0.015112851276708632
1,2020-07-25,0.015114232045220001
1,2020-07-26,0.015115708689857314
1,2020-07-27,0.015117243862516595
1,2020-07-28,0.015118806596037402
1,2020-07-29,0.015120369816804629
1,2020-07-30,0.015121909516979136
1,2020-07-31,0.015123401340092685
1,2020-08-01,0.015124823126505153
1,2020-08-02,0.015126159432002146
1,2020-08-03,0.01512740313768422
1,2020-08-04,0.015128551778558135
1,2020-08-05,0.015129603909485277
1,2020-08-06,0.01513056194401695
1,2020-08-07,0.01513142928499466
1,2020-08-08,0.015132206715751634
1,2020-08-09,0.015132898092268133
1,2020-08-10,0.015133509692008587
1,2020-08-11,0.01513404837599291
1,2020-08-12,0.015134520600366533
1,2020-08-13,0.015134931299933303
1,2020-08-14,0.015135284554412534
1,2020-08-15,0.01513558589653913
1,2020-08-16,0.015135841386040249
1,2020-08-17,0.015136057345847602
1,2020-08-18,0.015136241383109357
1,2020-08-19,0.015136402714212368
1,2020-08-20,0.015136550534418893
1,2020-08-21,0.015136693093119555
1,2020-08-22,0.015136835355730899
1,2020-08-23,0.01513698136361432
1,2020-08-24,0.015137138594279084
1,2020-08-25,0.015137313974822847
1,2020-08-26,0.015137511319278346
1,2020-08-27,0.015137731149499336
1,2020-08-28,0.01513797389973192
1,2020-08-29,0.015138243469486733
1,2020-08-30,0.015138544923505365
1,2020-08-31,0.015138883315026413
1,2020-09-01,0.015139259808537326
1,2020-09-02,0.01513967696804618
1,2020-09-03,0.015140137623997213
1,2020-09-04,0.01514064509239493
1,2020-09-05,0.015141200528588682
1,2020-09-06,0.015141804251859368
1,2020-09-07,0.015142455110755666
1,2020-09-08,0.015143147915932584
1,2020-09-09,0.015143870979215369
1,2020-09-10,0.01514461086339571
1,2020-09-11,0.015145356372670619
1,2020-09-12,0.015146099436961876
1,2020-09-13,0.015146833682384868
1,2020-09-14,0.015147554194102365
1,2020-09-15,0.015148255123454394
1,2020-09-16,0.015148933030745845
1,2020-09-17,0.015149583585154659
1,2020-09-18,0.015150201182539855
1,2020-09-19,0.01515078122407975
1,2020-09-20,0.01515132375627117
1,2020-09-21,0.015151830544752913
1,2020-09-22,0.015152302325737088
1,2020-09-23,0.0151527363970559
1,2020-09-24,0.015153128543120715
1,2020-09-25,0.0151534758207517
1,2020-09-26,0.015153778811736416
1,2020-09-27,0.015154042624003486
1,2020-09-28,0.015154276275093005
1,2020-09-29,0.015154489132500927
1,2020-09-30,0.015154689984332906
1,2020-10-01,0.015154887358673621
1,2020-10-02,0.015155086414769852
1,2020-10-03,0.015155290721395483
1,2020-10-04,0.015155506068352243
1,2020-10-05,0.015155740709731554
1,2020-10-06,0.015156001831522227
1,2020-10-07,0.015156292268093022
1,2020-10-08,0.015156609282136694
1,2020-10-09,0.015156949659032833
1,2020-10-10,0.015157314289629381
1,2020-10-11,0.015157706595539144
1,2020-10-12,0.015158131044898202
1,2020-10-13,0.015158589604135438
1,2020-10-14,0.015159083970664821
1,2020-10-15,0.015159617861285522
1,2020-10-16,0.015160193708069016
1,2020-10-17,0.015160812374447512
1,2020-10-18,0.015161474820354924
1,2020-10-19,0.015162184767900795
1,2020-10-20,0.015162944955164624
1,2020-10-21,0.015163754019439712
1,2020-10-22,0.015164604386279016
1,2020-10-23,0.015165490700867687
1,2020-10-24,0.015166415012388345
1,2020-10-25,0.015167383169166609
1,2020-10-26,0.015168403336639071
1,2020-10-27,0.015169485328483596
1,2020-10-28,0.015170644655878744
1,2020-10-29,0.015171907209913583
1,2020-10-30,0.015173304646687107
1,2020-10-31,0.01517487498452059
1,2020-11-01,0.015176661353757823
1,2020-11-02,0.015178717466530817
1,2020-11-03,0.015181103707119574
1,2020-11-04,0.015183883413678769
1,2020-11-05,0.01518712423663714
1,2020-11-06,0.015190902855862165
1,2020-11-07,0.015195306285185884
1,2020-11-08,0.015200427402678724
1,2020-11-09,0.015206360993212435
1,2020-11-10,0.01521320022071298
1,2020-11-11,0.015221040496581864
1,2020-11-12,0.015229975282376542
1,2020-11-13,0.015240089056878667
1,2020-11-14,0.015251455744519807
1,2020-11-15,0.015264135760732845
1,2020-11-16,0.015278176654088172
1,2020-11-17,0.015293609822715116
1,2020-11-18,0.015310445870979973
1,2020-11-19,0.0153286722310382
1,2020-11-20,0.015348254511412113
1,2020-11-21,0.015369137761379697
1,2020-11-22,0.015391247960057848
1,2020-11-23,0.01541449178528954
1,2020-11-24,0.015438755976410257
1,2020-11-25,0.01546391037957572
1,2020-11-26,0.015489810069324213
1,2020-11-27,0.015516296894848198
1,2020-11-28,0.015543201782486875
1,2020-11-29,0.015570347488419387
1,2020-11-30,0.015597554038204807
1,2020-12-01,0.01562464075374517
1,2020-12-02,0.015651427803652675
1,2020-12-03,0.015677738522717352
1,2020-12-04,0.015703402245172967
1,2020-12-05,0.015728257346299762
1,2020-12-06,0.01575215388703508
1,2020-12-07,0.015774954140775115
1,2020-12-08,0.015796532684090488
1,2020-12-09,0.015816777286231255
1,2020-12-10,0.015835589899054446
1,2020-12-11,0.015852885479575005
1,2020-12-12,0.01586859112084822
1,2020-12-13,0.01588264518717607
1,2020-12-14,0.015894997293086285
1,2020-12-15,0.015905607193662227
1,2020-12-16,0.015914443127323055
1,2020-12-17,0.01592148065606589
1,2020-12-18,0.01592670157213793
1,2020-12-19,0.015930093292540037
1,2020-12-20,0.015931648338258615
1,2020-12-21,0.01593136389360974
1,2020-12-22,0.015929241246511926
1,2020-12-23,0.015925285693633863
1,2020-12-24,0.01591950725231747
1,2020-12-25,0.01591192086874495
1,2020-12-26,0.01590254688372704
1,2020-12-27,0.01589141193050867
1,2020-12-28,0.015878550110731336
1,2020-12-29,0.01586400412341151
1,2020-12-30,0.015847826150115808
1,2020-12-31,0.015847821762600484
1,2021-01-01,0.015830074532550496
1,2021-01-02,0.015810831243507094
1,2021-01-03,0.01579017742428934
1,2021-01-04,0.01576821162260283
1,2021-01-05,0.015745045626664025
1,2021-01-06,0.015720804423132166
1,2021-01-07,0.01569562645264581
1,2021-01-08,0.015669662356298093
1,2021-01-09,0.0156430727125696
1,2021-01-10,0.015616026886438343
1,2021-01-11,0.015588701514771545
1,2021-01-12,0.015561278538810997
1,2021-01-13,0.015533942953520195
1,2021-01-14,0.0155068799715434
1,2021-01-15,NA
1,2021-01-16,NA
1,2021-01-17,NA
1,2021-01-18,NA
1,2021-01-19,NA
1,2021-01-20,NA
1,2021-01-21,NA
1,2021-01-22,NA
1,2021-01-23,NA
1,2021-01-24,NA
1,2021-01-25,NA
1,2021-01-26,NA
1,2021-01-27,NA
1,2021-01-28,NA
1,2021-01-29,NA
1,2021-01-30,NA
1,2021-01-31,NA
1,2021-02-01,NA
1,2021-02-02,NA
1,2021-02-03,NA
1,2021-02-04,NA
1,2021-02-05,NA
1,2021-02-06,NA
1,2021-02-07,NA
1,2021-02-08,NA
1,2021-02-09,NA
1,2021-02-10,NA
1,2021-02-11,NA
1,2021-02-12,NA
1,2021-02-13,NA
1,2021-02-14,NA
1,2021-02-15,NA
1,2021-02-16,NA
1,2021-02-17,NA
1,2021-02-18,NA
1,2021-02-19,NA
1,2021-02-20,NA
1,2021-02-21,NA
1,2021-02-22,NA
1,2021-02-23,NA
1,2021-02-24,NA
1,2021-02-25,NA
1,2021-02-26,NA
1,2021-02-27,NA
1,2021-02-28,NA
1,2021-03-01,NA
1,2021-03-02,NA
1,2021-03-03,NA
1,2021-03-04,NA
1,2021-03-05,NA
1,2021-03-06,NA
1,2021-03-07,NA
1,2021-03-08,NA
1,2021-03-09,NA
1,2021-03-10,NA
1,2021-03-11,NA
1,2021-03-12,NA
1,2021-03-13,NA
1,2021-03-14,NA
1,2021-03-15,NA
1,2021-03-16,NA
1,2021-03-17,NA
1,2021-03-18,NA
1,2021-03-19,NA
1,2021-03-20,NA
1,2021-03-21,NA
1,2021-03-22,NA
1,2021-03-23,NA
1,2021-03-24,NA
1,2021-03-25,NA
1,2021-03-26,NA
1,2021-03-27,NA
1,2021-03-28,NA
1,2021-03-29,NA
1,2021-03-30,NA
1,2021-03-31,NA
1,2021-04-01,NA
1,2021-04-02,NA
1,2021-04-03,NA
1,2021-04-04,NA
1,2021-04-05,NA
1,2021-04-06,NA
1,2021-04-07,NA
1,2021-04-08,NA
1,2021-04-09,NA
1,2021-04-10,NA
1,2021-04-11,NA
1,2021-04-12,NA
1,2021-04-13,NA
1,2021-04-14,NA
1,2021-04-15,NA
1,2021-04-16,NA
1,2021-04-17,NA
1,2021-04-18,NA
1,2021-04-19,NA
1,2021-04-20,NA
1,2021-04-21,NA
1,2021-04-22,NA
1,2021-04-23,NA
1,2021-04-24,NA
1,2021-04-25,NA
1,2021-04-26,NA
1,2021-04-27,NA
1,2021-04-28,NA
1,2021-04-29,NA
1,2021-04-30,NA
1,2021-05-01,NA
1,2021-05-02,NA
1,2021-05-03,NA
1,2021-05-04,NA
1,2021-05-05,NA
1,2021-05-06,NA
1,2021-05-07,NA
1,2021-05-08,NA
1,2021-05-09,NA
1,2021-05-10,NA
1,2021-05-11,NA
1,2021-05-12,NA
1,2021-05-13,NA
1,2021-05-14,NA
1,2021-05-15,NA
1,2021-05-16,NA
1,2021-05-17,NA
1,2021-05-18,NA
1,2021-05-19,NA
1,2021-05-20,NA
1,2021-05-21,NA
1,2021-05-22,NA
1,2021-05-23,NA
1,2021-05-24,NA
1,2021-05-25,NA
1,2021-05-26,NA
1,2021-05-27,NA
1,2021-05-28,NA
1,2021-05-29,NA
1,2021-05-30,NA
1,2021-05-31,NA
1,2021-06-01,NA
1,2021-06-02,NA
1,2021-06-03,NA
1,2021-06-04,NA
1,2021-06-05,NA
1,2021-06-06,NA
1,2021-06-07,NA
