Category,ID,Latitude,Longitude,Date,MODIS_Tile,MOD13A1_006_Line_Y_500m,MOD13A1_006_Sample_X_500m,MOD13A1_006__500m_16_days_EVI,MOD13A1_006__500m_16_days_NDVI,MOD13A1_006__500m_16_days_VI_Quality,MOD13A1_006__500m_16_days_VI_Quality_bitmask,MOD13A1_006__500m_16_days_VI_Quality_MODLAND,MOD13A1_006__500m_16_days_VI_Quality_MODLAND_Description,MOD13A1_006__500m_16_days_VI_Quality_VI_Usefulness,MOD13A1_006__500m_16_days_VI_Quality_VI_Usefulness_Description,MOD13A1_006__500m_16_days_VI_Quality_Aerosol_Quantity,MOD13A1_006__500m_16_days_VI_Quality_Aerosol_Quantity_Description,MOD13A1_006__500m_16_days_VI_Quality_Adjacent_cloud_detected,MOD13A1_006__500m_16_days_VI_Quality_Adjacent_cloud_detected_Description,MOD13A1_006__500m_16_days_VI_Quality_Atmosphere_BRDF_Correction,MOD13A1_006__500m_16_days_VI_Quality_Atmosphere_BRDF_Correction_Description,MOD13A1_006__500m_16_days_VI_Quality_Mixed_Clouds,MOD13A1_006__500m_16_days_VI_Quality_Mixed_Clouds_Description,MOD13A1_006__500m_16_days_VI_Quality_Land/Water_Mask,MOD13A1_006__500m_16_days_VI_Quality_Land/Water_Mask_Description,MOD13A1_006__500m_16_days_VI_Quality_Possible_snow/ice,MOD13A1_006__500m_16_days_VI_Quality_Possible_snow/ice_Description,MOD13A1_006__500m_16_days_VI_Quality_Possible_shadow,MOD13A1_006__500m_16_days_VI_Quality_Possible_shadow_Description
Irrigated,US-NE2,41.1649,-96.4071,2000-12-18,h10v04,2120.0,1781.0,0.0053,0.0053,18453.0,0b0100100000010101,0b01,"VI produced, but check other QA",0b0101,Decreasing quality (0101),0b00,Climatology,0b0,No,0b0,No,0b0,No,0b001,Land (Nothing else but land),0b1,Yes,0b0,No
Irrigated,US-NE2,41.1649,-96.4071,2001-01-01,h10v04,2120.0,1781.0,0.0074,0.0053,18449.0,0b0100100000010001,0b01,"VI produced, but check other QA",0b0100,Decreasing quality (0100),0b00,Climatology,0b0,No,0b0,No,0b0,No,0b001,Land (Nothing else but land),0b1,Yes,0b0,No
Irrigated,US-NE2,41.1649,-96.4071,2001-01-17,h10v04,2120.0,1781.0,0.1165,0.232,2185.0,0b0000100010001001,0b01,"VI produced, but check other QA",0b0010,Decreasing quality (0010),0b10,Average,0b0,No,0b0,No,0b0,No,0b001,Land (Nothing else but land),0b0,No,0b0,No
Irrigated,US-NE2,41.1649,-96.4071,2001-02-02,h10v04,2120.0,1781.0,0.0027,0.0018,18449.0,0b0100100000010001,0b01,"VI produced, but check other QA",0b0100,Decreasing quality (0100),0b00,Climatology,0b0,No,0b0,No,0b0,No,0b001,Land (Nothing else but land),0b1,Yes,0b0,No
Irrigated,US-NE2,41.1649,-96.4071,2001-02-18,h10v04,2120.0,1781.0,0.0136,0.0115,18445.0,0b0100100000001101,0b01,"VI produced, but check other QA",0b0011,Decreasing quality (0011),0b00,Climatology,0b0,No,0b0,No,0b0,No,0b001,Land (Nothing else but land),0b1,Yes,0b0,No
Irrigated,US-NE2,41.1649,-96.4071,2001-03-06,h10v04,2120.0,1781.0,0.117,0.2537,2181.0,0b0000100010000101,0b01,"VI produced, but check other QA",0b0001,Lower quality,0b10,Average,0b0,No,0b0,No,0b0,No,0b001,Land (Nothing else but land),0b0,No,0b0,No
Irrigated,US-NE2,41.1649,-96.4071,2001-03-22,h10v04,2120.0,1781.0,0.1416,0.2631,2112.0,0b0000100001000000,0b00,VI produced with good quality,0b0000,Highest quality,0b01,Low,0b0,No,0b0,No,0b0,No,0b001,Land (Nothing else but land),0b0,No,0b0,No
Irrigated,US-NE2,41.1649,-96.4071,2001-04-07,h10v04,2120.0,1781.0,0.1568,0.27,2181.0,0b0000100010000101,0b01,"VI produced, but check other QA",0b0001,Lower quality,0b10,Average,0b0,No,0b0,No,0b0,No,0b001,Land (Nothing else but land),0b0,No,0b0,No
Irrigated,US-NE2,41.1649,-96.4071,2001-04-23,h10v04,2120.0,1781.0,0.1633,0.3302,4160.0,0b0001000001000000,0b00,VI produced with good quality,0b0000,Highest quality,0b01,Low,0b0,No,0b0,No,0b0,No,0b010,Ocean coastlines and lake shorelines,0b0,No,0b0,No
Irrigated,US-NE2,41.1649,-96.4071,2001-05-09,h10v04,2120.0,1781.0,0.2019,0.3147,2112.0,0b0000100001000000,0b00,VI produced with good quality,0b0000,Highest quality,0b01,Low,0b0,No,0b0,No,0b0,No,0b001,Land (Nothing else but land),0b0,No,0b0,No
Irrigated,US-NE2,41.1649,-96.4071,2001-05-25,h10v04,2120.0,1781.0,0.2912,0.4692,4160.0,0b0001000001000000,0b00,VI produced with good quality,0b0000,Highest quality,0b01,Low,0b0,No,0b0,No,0b0,No,0b010,Ocean coastlines and lake shorelines,0b0,No,0b0,No
Irrigated,US-NE2,41.1649,-96.4071,2001-06-10,h10v04,2120.0,1781.0,0.3204,0.4783,2112.0,0b0000100001000000,0b00,VI produced with good quality,0b0000,Highest quality,0b01,Low,0b0,No,0b0,No,0b0,No,0b001,Land (Nothing else but land),0b0,No,0b0,No
Irrigated,US-NE2,41.1649,-96.4071,2001-06-26,h10v04,2120.0,1781.0,0.4961,0.6835,4160.0,0b0001000001000000,0b00,VI produced with good quality,0b0000,Highest quality,0b01,Low,0b0,No,0b0,No,0b0,No,0b010,Ocean coastlines and lake shorelines,0b0,No,0b0,No
Irrigated,US-NE2,41.1649,-96.4071,2001-07-12,h10v04,2120.0,1781.0,0.4615,0.6466,4160.0,0b0001000001000000,0b00,VI produced with good quality,0b0000,Highest quality,0b01,Low,0b0,No,0b0,No,0b0,No,0b010,Ocean coastlines and lake shorelines,0b0,No,0b0,No
Irrigated,US-NE2,41.1649,-96.4071,2001-07-28,h10v04,2120.0,1781.0,0.5315,0.735,2181.0,0b0000100010000101,0b01,"VI produced, but check other QA",0b0001,Lower quality,0b10,Average,0b0,No,0b0,No,0b0,No,0b001,Land (Nothing else but land),0b0,No,0b0,No
Irrigated,US-NE2,41.1649,-96.4071,2001-08-13,h10v04,2120.0,1781.0,0.4327,0.654,2112.0,0b0000100001000000,0b00,VI produced with good quality,0b0000,Highest quality,0b01,Low,0b0,No,0b0,No,0b0,No,0b001,Land (Nothing else but land),0b0,No,0b0,No
Irrigated,US-NE2,41.1649,-96.4071,2001-08-29,h10v04,2120.0,1781.0,0.3422,0.5677,2112.0,0b0000100001000000,0b00,VI produced with good quality,0b0000,Highest quality,0b01,Low,0b0,No,0b0,No,0b0,No,0b001,Land (Nothing else but land),0b0,No,0b0,No
Irrigated,US-NE2,41.1649,-96.4071,2001-09-14,h10v04,2120.0,1781.0,0.3289,0.6042,4160.0,0b0001000001000000,0b00,VI produced with good quality,0b0000,Highest quality,0b01,Low,0b0,No,0b0,No,0b0,No,0b010,Ocean coastlines and lake shorelines,0b0,No,0b0,No
Irrigated,US-NE2,41.1649,-96.4071,2001-09-30,h10v04,2120.0,1781.0,0.3087,0.5266,2112.0,0b0000100001000000,0b00,VI produced with good quality,0b0000,Highest quality,0b01,Low,0b0,No,0b0,No,0b0,No,0b001,Land (Nothing else but land),0b0,No,0b0,No
Irrigated,US-NE2,41.1649,-96.4071,2001-10-16,h10v04,2120.0,1781.0,0.2394,0.4574,2112.0,0b0000100001000000,0b00,VI produced with good quality,0b0000,Highest quality,0b01,Low,0b0,No,0b0,No,0b0,No,0b001,Land (Nothing else but land),0b0,No,0b0,No
Irrigated,US-NE2,41.1649,-96.4071,2001-11-01,h10v04,2120.0,1781.0,0.2201,0.3601,4160.0,0b0001000001000000,0b00,VI produced with good quality,0b0000,Highest quality,0b01,Low,0b0,No,0b0,No,0b0,No,0b010,Ocean coastlines and lake shorelines,0b0,No,0b0,No
Irrigated,US-NE2,41.1649,-96.4071,2001-11-17,h10v04,2120.0,1781.0,0.1534,0.3206,4164.0,0b0001000001000100,0b00,VI produced with good quality,0b0001,Lower quality,0b01,Low,0b0,No,0b0,No,0b0,No,0b010,Ocean coastlines and lake shorelines,0b0,No,0b0,No
Irrigated,US-NE2,41.1649,-96.4071,2001-12-03,h10v04,2120.0,1781.0,0.1975,0.3616,4164.0,0b0001000001000100,0b00,VI produced with good quality,0b0001,Lower quality,0b01,Low,0b0,No,0b0,No,0b0,No,0b010,Ocean coastlines and lake shorelines,0b0,No,0b0,No
Irrigated,US-NE2,41.1649,-96.4071,2001-12-19,h10v04,2120.0,1781.0,0.1985,0.3748,2120.0,0b0000100001001000,0b00,VI produced with good quality,0b0010,Decreasing quality (0010),0b01,Low,0b0,No,0b0,No,0b0,No,0b001,Land (Nothing else but land),0b0,No,0b0,No
Irrigated,US-NE2,41.1649,-96.4071,2002-01-01,h10v04,2120.0,1781.0,0.1779,0.3354,4164.0,0b0001000001000100,0b00,VI produced with good quality,0b0001,Lower quality,0b01,Low,0b0,No,0b0,No,0b0,No,0b010,Ocean coastlines and lake shorelines,0b0,No,0b0,No
Irrigated,US-NE2,41.1649,-96.4071,2002-01-17,h10v04,2120.0,1781.0,0.1648,0.3102,2185.0,0b0000100010001001,0b01,"VI produced, but check other QA",0b0010,Decreasing quality (0010),0b10,Average,0b0,No,0b0,No,0b0,No,0b001,Land (Nothing else but land),0b0,No,0b0,No
Irrigated,US-NE2,41.1649,-96.4071,2002-02-02,h10v04,2120.0,1781.0,0.1256,0.26,2185.0,0b0000100010001001,0b01,"VI produced, but check other QA",0b0010,Decreasing quality (0010),0b10,Average,0b0,No,0b0,No,0b0,No,0b001,Land (Nothing else but land),0b0,No,0b0,No
Irrigated,US-NE2,41.1649,-96.4071,2002-02-18,h10v04,2120.0,1781.0,0.132,0.2558,2112.0,0b0000100001000000,0b00,VI produced with good quality,0b0000,Highest quality,0b01,Low,0b0,No,0b0,No,0b0,No,0b001,Land (Nothing else but land),0b0,No,0b0,No
Irrigated,US-NE2,41.1649,-96.4071,2002-03-06,h10v04,2120.0,1781.0,0.0661,0.0488,18445.0,0b0100100000001101,0b01,"VI produced, but check other QA",0b0011,Decreasing quality (0011),0b00,Climatology,0b0,No,0b0,No,0b0,No,0b001,Land (Nothing else but land),0b1,Yes,0b0,No
Irrigated,US-NE2,41.1649,-96.4071,2002-03-22,h10v04,2120.0,1781.0,0.1607,0.2724,2116.0,0b0000100001000100,0b00,VI produced with good quality,0b0001,Lower quality,0b01,Low,0b0,No,0b0,No,0b0,No,0b001,Land (Nothing else but land),0b0,No,0b0,No
Irrigated,US-NE2,41.1649,-96.4071,2002-04-07,h10v04,2120.0,1781.0,0.1734,0.3506,2112.0,0b0000100001000000,0b00,VI produced with good quality,0b0000,Highest quality,0b01,Low,0b0,No,0b0,No,0b0,No,0b001,Land (Nothing else but land),0b0,No,0b0,No
Irrigated,US-NE2,41.1649,-96.4071,2002-04-23,h10v04,2120.0,1781.0,0.2001,0.3367,2112.0,0b0000100001000000,0b00,VI produced with good quality,0b0000,Highest quality,0b01,Low,0b0,No,0b0,No,0b0,No,0b001,Land (Nothing else but land),0b0,No,0b0,No
Irrigated,US-NE2,41.1649,-96.4071,2002-05-09,h10v04,2120.0,1781.0,0.2215,0.351,2181.0,0b0000100010000101,0b01,"VI produced, but check other QA",0b0001,Lower quality,0b10,Average,0b0,No,0b0,No,0b0,No,0b001,Land (Nothing else but land),0b0,No,0b0,No
Irrigated,US-NE2,41.1649,-96.4071,2002-05-25,h10v04,2120.0,1781.0,0.2067,0.3678,4160.0,0b0001000001000000,0b00,VI produced with good quality,0b0000,Highest quality,0b01,Low,0b0,No,0b0,No,0b0,No,0b010,Ocean coastlines and lake shorelines,0b0,No,0b0,No
Irrigated,US-NE2,41.1649,-96.4071,2002-06-10,h10v04,2120.0,1781.0,0.3902,0.5449,4229.0,0b0001000010000101,0b01,"VI produced, but check other QA",0b0001,Lower quality,0b10,Average,0b0,No,0b0,No,0b0,No,0b010,Ocean coastlines and lake shorelines,0b0,No,0b0,No
Irrigated,US-NE2,41.1649,-96.4071,2002-06-26,h10v04,2120.0,1781.0,0.4003,0.5759,2112.0,0b0000100001000000,0b00,VI produced with good quality,0b0000,Highest quality,0b01,Low,0b0,No,0b0,No,0b0,No,0b001,Land (Nothing else but land),0b0,No,0b0,No
Irrigated,US-NE2,41.1649,-96.4071,2002-07-12,h10v04,2120.0,1781.0,0.4189,0.6247,2112.0,0b0000100001000000,0b00,VI produced with good quality,0b0000,Highest quality,0b01,Low,0b0,No,0b0,No,0b0,No,0b001,Land (Nothing else but land),0b0,No,0b0,No
Irrigated,US-NE2,41.1649,-96.4071,2002-07-28,h10v04,2120.0,1781.0,0.4959,0.7152,2112.0,0b0000100001000000,0b00,VI produced with good quality,0b0000,Highest quality,0b01,Low,0b0,No,0b0,No,0b0,No,0b001,Land (Nothing else but land),0b0,No,0b0,No
Irrigated,US-NE2,41.1649,-96.4071,2002-08-13,h10v04,2120.0,1781.0,0.568,0.8345,2112.0,0b0000100001000000,0b00,VI produced with good quality,0b0000,Highest quality,0b01,Low,0b0,No,0b0,No,0b0,No,0b001,Land (Nothing else but land),0b0,No,0b0,No
Irrigated,US-NE2,41.1649,-96.4071,2002-08-29,h10v04,2120.0,1781.0,0.4206,0.6525,4160.0,0b0001000001000000,0b00,VI produced with good quality,0b0000,Highest quality,0b01,Low,0b0,No,0b0,No,0b0,No,0b010,Ocean coastlines and lake shorelines,0b0,No,0b0,No
Irrigated,US-NE2,41.1649,-96.4071,2002-09-14,h10v04,2120.0,1781.0,0.284,0.4757,2112.0,0b0000100001000000,0b00,VI produced with good quality,0b0000,Highest quality,0b01,Low,0b0,No,0b0,No,0b0,No,0b001,Land (Nothing else but land),0b0,No,0b0,No
Irrigated,US-NE2,41.1649,-96.4071,2002-09-30,h10v04,2120.0,1781.0,0.2014,0.4099,2112.0,0b0000100001000000,0b00,VI produced with good quality,0b0000,Highest quality,0b01,Low,0b0,No,0b0,No,0b0,No,0b001,Land (Nothing else but land),0b0,No,0b0,No
Irrigated,US-NE2,41.1649,-96.4071,2002-10-16,h10v04,2120.0,1781.0,0.2056,0.3603,2112.0,0b0000100001000000,0b00,VI produced with good quality,0b0000,Highest quality,0b01,Low,0b0,No,0b0,No,0b0,No,0b001,Land (Nothing else but land),0b0,No,0b0,No
Irrigated,US-NE2,41.1649,-96.4071,2002-11-01,h10v04,2120.0,1781.0,0.1543,0.3025,2112.0,0b0000100001000000,0b00,VI produced with good quality,0b0000,Highest quality,0b01,Low,0b0,No,0b0,No,0b0,No,0b001,Land (Nothing else but land),0b0,No,0b0,No
Irrigated,US-NE2,41.1649,-96.4071,2002-11-17,h10v04,2120.0,1781.0,0.1591,0.2969,2116.0,0b0000100001000100,0b00,VI produced with good quality,0b0001,Lower quality,0b01,Low,0b0,No,0b0,No,0b0,No,0b001,Land (Nothing else but land),0b0,No,0b0,No
Irrigated,US-NE2,41.1649,-96.4071,2002-12-03,h10v04,2120.0,1781.0,0.1476,0.2816,2116.0,0b0000100001000100,0b00,VI produced with good quality,0b0001,Lower quality,0b01,Low,0b0,No,0b0,No,0b0,No,0b001,Land (Nothing else but land),0b0,No,0b0,No
Irrigated,US-NE2,41.1649,-96.4071,2002-12-19,h10v04,2120.0,1781.0,0.149,0.2824,2120.0,0b0000100001001000,0b00,VI produced with good quality,0b0010,Decreasing quality (0010),0b01,Low,0b0,No,0b0,No,0b0,No,0b001,Land (Nothing else but land),0b0,No,0b0,No
Irrigated,US-NE2,41.1649,-96.4071,2003-01-01,h10v04,2120.0,1781.0,0.149,0.2824,2116.0,0b0000100001000100,0b00,VI produced with good quality,0b0001,Lower quality,0b01,Low,0b0,No,0b0,No,0b0,No,0b001,Land (Nothing else but land),0b0,No,0b0,No
Irrigated,US-NE2,41.1649,-96.4071,2003-01-17,h10v04,2120.0,1781.0,-0.0013,-0.0008,20497.0,0b0101000000010001,0b01,"VI produced, but check other QA",0b0100,Decreasing quality (0100),0b00,Climatology,0b0,No,0b0,No,0b0,No,0b010,Ocean coastlines and lake shorelines,0b1,Yes,0b0,No
Irrigated,US-NE2,41.1649,-96.4071,2003-02-02,h10v04,2120.0,1781.0,0.1631,0.2257,3222.0,0b0000110010010110,0b10,"Pixel produced, but most probably cloudy",0b0101,Decreasing quality (0101),0b10,Average,0b0,No,0b0,No,0b1,Yes,0b001,Land (Nothing else but land),0b0,No,0b0,No
Irrigated,US-NE2,41.1649,-96.4071,2003-02-18,h10v04,2120.0,1781.0,0.1676,0.2269,2186.0,0b0000100010001010,0b10,"Pixel produced, but most probably cloudy",0b0010,Decreasing quality (0010),0b10,Average,0b0,No,0b0,No,0b0,No,0b001,Land (Nothing else but land),0b0,No,0b0,No
Irrigated,US-NE2,41.1649,-96.4071,2003-03-06,h10v04,2120.0,1781.0,0.1239,0.2499,2112.0,0b0000100001000000,0b00,VI produced with good quality,0b0000,Highest quality,0b01,Low,0b0,No,0b0,No,0b0,No,0b001,Land (Nothing else but land),0b0,No,0b0,No
Irrigated,US-NE2,41.1649,-96.4071,2003-03-22,h10v04,2120.0,1781.0,0.1738,0.281,4164.0,0b0001000001000100,0b00,VI produced with good quality,0b0001,Lower quality,0b01,Low,0b0,No,0b0,No,0b0,No,0b010,Ocean coastlines and lake shorelines,0b0,No,0b0,No
Irrigated,US-NE2,41.1649,-96.4071,2003-04-07,h10v04,2120.0,1781.0,0.205,0.349,2181.0,0b0000100010000101,0b01,"VI produced, but check other QA",0b0001,Lower quality,0b10,Average,0b0,No,0b0,No,0b0,No,0b001,Land (Nothing else but land),0b0,No,0b0,No
Irrigated,US-NE2,41.1649,-96.4071,2003-04-23,h10v04,2120.0,1781.0,0.1868,0.3706,2181.0,0b0000100010000101,0b01,"VI produced, but check other QA",0b0001,Lower quality,0b10,Average,0b0,No,0b0,No,0b0,No,0b001,Land (Nothing else but land),0b0,No,0b0,No
Irrigated,US-NE2,41.1649,-96.4071,2003-05-09,h10v04,2120.0,1781.0,0.3137,0.4406,4229.0,0b0001000010000101,0b01,"VI produced, but check other QA",0b0001,Lower quality,0b10,Average,0b0,No,0b0,No,0b0,No,0b010,Ocean coastlines and lake shorelines,0b0,No,0b0,No
Irrigated,US-NE2,41.1649,-96.4071,2003-05-25,h10v04,2120.0,1781.0,0.2188,0.3264,2181.0,0b0000100010000101,0b01,"VI produced, but check other QA",0b0001,Lower quality,0b10,Average,0b0,No,0b0,No,0b0,No,0b001,Land (Nothing else but land),0b0,No,0b0,No
Irrigated,US-NE2,41.1649,-96.4071,2003-06-10,h10v04,2120.0,1781.0,0.3706,0.5791,2112.0,0b0000100001000000,0b00,VI produced with good quality,0b0000,Highest quality,0b01,Low,0b0,No,0b0,No,0b0,No,0b001,Land (Nothing else but land),0b0,No,0b0,No
Irrigated,US-NE2,41.1649,-96.4071,2003-06-26,h10v04,2120.0,1781.0,0.3902,0.5717,4160.0,0b0001000001000000,0b00,VI produced with good quality,0b0000,Highest quality,0b01,Low,0b0,No,0b0,No,0b0,No,0b010,Ocean coastlines and lake shorelines,0b0,No,0b0,No
Irrigated,US-NE2,41.1649,-96.4071,2003-07-12,h10v04,2120.0,1781.0,0.4488,0.6024,4160.0,0b0001000001000000,0b00,VI produced with good quality,0b0000,Highest quality,0b01,Low,0b0,No,0b0,No,0b0,No,0b010,Ocean coastlines and lake shorelines,0b0,No,0b0,No
Irrigated,US-NE2,41.1649,-96.4071,2003-07-28,h10v04,2120.0,1781.0,0.4904,0.6821,2112.0,0b0000100001000000,0b00,VI produced with good quality,0b0000,Highest quality,0b01,Low,0b0,No,0b0,No,0b0,No,0b001,Land (Nothing else but land),0b0,No,0b0,No
Irrigated,US-NE2,41.1649,-96.4071,2003-08-13,h10v04,2120.0,1781.0,0.5463,0.7711,2112.0,0b0000100001000000,0b00,VI produced with good quality,0b0000,Highest quality,0b01,Low,0b0,No,0b0,No,0b0,No,0b001,Land (Nothing else but land),0b0,No,0b0,No
Irrigated,US-NE2,41.1649,-96.4071,2003-08-29,h10v04,2120.0,1781.0,0.4719,0.6882,4160.0,0b0001000001000000,0b00,VI produced with good quality,0b0000,Highest quality,0b01,Low,0b0,No,0b0,No,0b0,No,0b010,Ocean coastlines and lake shorelines,0b0,No,0b0,No
Irrigated,US-NE2,41.1649,-96.4071,2003-09-14,h10v04,2120.0,1781.0,0.2496,0.4853,2112.0,0b0000100001000000,0b00,VI produced with good quality,0b0000,Highest quality,0b01,Low,0b0,No,0b0,No,0b0,No,0b001,Land (Nothing else but land),0b0,No,0b0,No
Irrigated,US-NE2,41.1649,-96.4071,2003-09-30,h10v04,2120.0,1781.0,0.1994,0.3401,2112.0,0b0000100001000000,0b00,VI produced with good quality,0b0000,Highest quality,0b01,Low,0b0,No,0b0,No,0b0,No,0b001,Land (Nothing else but land),0b0,No,0b0,No
Irrigated,US-NE2,41.1649,-96.4071,2003-10-16,h10v04,2120.0,1781.0,0.155,0.3027,4160.0,0b0001000001000000,0b00,VI produced with good quality,0b0000,Highest quality,0b01,Low,0b0,No,0b0,No,0b0,No,0b010,Ocean coastlines and lake shorelines,0b0,No,0b0,No
Irrigated,US-NE2,41.1649,-96.4071,2003-11-01,h10v04,2120.0,1781.0,0.1706,0.2842,2116.0,0b0000100001000100,0b00,VI produced with good quality,0b0001,Lower quality,0b01,Low,0b0,No,0b0,No,0b0,No,0b001,Land (Nothing else but land),0b0,No,0b0,No
Irrigated,US-NE2,41.1649,-96.4071,2003-11-17,h10v04,2120.0,1781.0,0.1476,0.2446,2116.0,0b0000100001000100,0b00,VI produced with good quality,0b0001,Lower quality,0b01,Low,0b0,No,0b0,No,0b0,No,0b001,Land (Nothing else but land),0b0,No,0b0,No
Irrigated,US-NE2,41.1649,-96.4071,2003-12-03,h10v04,2120.0,1781.0,-0.071,-0.077,18449.0,0b0100100000010001,0b01,"VI produced, but check other QA",0b0100,Decreasing quality (0100),0b00,Climatology,0b0,No,0b0,No,0b0,No,0b001,Land (Nothing else but land),0b1,Yes,0b0,No
Irrigated,US-NE2,41.1649,-96.4071,2003-12-19,h10v04,2120.0,1781.0,0.14,0.2594,2120.0,0b0000100001001000,0b00,VI produced with good quality,0b0010,Decreasing quality (0010),0b01,Low,0b0,No,0b0,No,0b0,No,0b001,Land (Nothing else but land),0b0,No,0b0,No
Irrigated,US-NE2,41.1649,-96.4071,2004-01-01,h10v04,2120.0,1781.0,0.14,0.2594,2116.0,0b0000100001000100,0b00,VI produced with good quality,0b0001,Lower quality,0b01,Low,0b0,No,0b0,No,0b0,No,0b001,Land (Nothing else but land),0b0,No,0b0,No
Irrigated,US-NE2,41.1649,-96.4071,2004-01-17,h10v04,2120.0,1781.0,0.1467,0.2479,2116.0,0b0000100001000100,0b00,VI produced with good quality,0b0001,Lower quality,0b01,Low,0b0,No,0b0,No,0b0,No,0b001,Land (Nothing else but land),0b0,No,0b0,No
Irrigated,US-NE2,41.1649,-96.4071,2004-02-02,h10v04,2120.0,1781.0,-0.0468,-0.0296,20497.0,0b0101000000010001,0b01,"VI produced, but check other QA",0b0100,Decreasing quality (0100),0b00,Climatology,0b0,No,0b0,No,0b0,No,0b010,Ocean coastlines and lake shorelines,0b1,Yes,0b0,No
Irrigated,US-NE2,41.1649,-96.4071,2004-02-18,h10v04,2120.0,1781.0,-0.0914,-0.0639,18445.0,0b0100100000001101,0b01,"VI produced, but check other QA",0b0011,Decreasing quality (0011),0b00,Climatology,0b0,No,0b0,No,0b0,No,0b001,Land (Nothing else but land),0b1,Yes,0b0,No
Irrigated,US-NE2,41.1649,-96.4071,2004-03-05,h10v04,2120.0,1781.0,0.149,0.2588,4160.0,0b0001000001000000,0b00,VI produced with good quality,0b0000,Highest quality,0b01,Low,0b0,No,0b0,No,0b0,No,0b010,Ocean coastlines and lake shorelines,0b0,No,0b0,No
Irrigated,US-NE2,41.1649,-96.4071,2004-03-21,h10v04,2120.0,1781.0,0.1582,0.2474,2112.0,0b0000100001000000,0b00,VI produced with good quality,0b0000,Highest quality,0b01,Low,0b0,No,0b0,No,0b0,No,0b001,Land (Nothing else but land),0b0,No,0b0,No
Irrigated,US-NE2,41.1649,-96.4071,2004-04-06,h10v04,2120.0,1781.0,0.1667,0.2732,2112.0,0b0000100001000000,0b00,VI produced with good quality,0b0000,Highest quality,0b01,Low,0b0,No,0b0,No,0b0,No,0b001,Land (Nothing else but land),0b0,No,0b0,No
Irrigated,US-NE2,41.1649,-96.4071,2004-04-22,h10v04,2120.0,1781.0,0.2231,0.3418,2112.0,0b0000100001000000,0b00,VI produced with good quality,0b0000,Highest quality,0b01,Low,0b0,No,0b0,No,0b0,No,0b001,Land (Nothing else but land),0b0,No,0b0,No
Irrigated,US-NE2,41.1649,-96.4071,2004-05-08,h10v04,2120.0,1781.0,0.2398,0.3574,2116.0,0b0000100001000100,0b00,VI produced with good quality,0b0001,Lower quality,0b01,Low,0b0,No,0b0,No,0b0,No,0b001,Land (Nothing else but land),0b0,No,0b0,No
Irrigated,US-NE2,41.1649,-96.4071,2004-05-24,h10v04,2120.0,1781.0,0.2279,0.3955,2112.0,0b0000100001000000,0b00,VI produced with good quality,0b0000,Highest quality,0b01,Low,0b0,No,0b0,No,0b0,No,0b001,Land (Nothing else but land),0b0,No,0b0,No
Irrigated,US-NE2,41.1649,-96.4071,2004-06-09,h10v04,2120.0,1781.0,0.2531,0.4822,2112.0,0b0000100001000000,0b00,VI produced with good quality,0b0000,Highest quality,0b01,Low,0b0,No,0b0,No,0b0,No,0b001,Land (Nothing else but land),0b0,No,0b0,No
Irrigated,US-NE2,41.1649,-96.4071,2004-06-25,h10v04,2120.0,1781.0,0.433,0.6916,2112.0,0b0000100001000000,0b00,VI produced with good quality,0b0000,Highest quality,0b01,Low,0b0,No,0b0,No,0b0,No,0b001,Land (Nothing else but land),0b0,No,0b0,No
Irrigated,US-NE2,41.1649,-96.4071,2004-07-11,h10v04,2120.0,1781.0,0.6946,0.8388,2112.0,0b0000100001000000,0b00,VI produced with good quality,0b0000,Highest quality,0b01,Low,0b0,No,0b0,No,0b0,No,0b001,Land (Nothing else but land),0b0,No,0b0,No
Irrigated,US-NE2,41.1649,-96.4071,2004-07-27,h10v04,2120.0,1781.0,0.6665,0.8276,4160.0,0b0001000001000000,0b00,VI produced with good quality,0b0000,Highest quality,0b01,Low,0b0,No,0b0,No,0b0,No,0b010,Ocean coastlines and lake shorelines,0b0,No,0b0,No
Irrigated,US-NE2,41.1649,-96.4071,2004-08-12,h10v04,2120.0,1781.0,0.6566,0.826,2112.0,0b0000100001000000,0b00,VI produced with good quality,0b0000,Highest quality,0b01,Low,0b0,No,0b0,No,0b0,No,0b001,Land (Nothing else but land),0b0,No,0b0,No
Irrigated,US-NE2,41.1649,-96.4071,2004-08-28,h10v04,2120.0,1781.0,0.6763,0.8314,2112.0,0b0000100001000000,0b00,VI produced with good quality,0b0000,Highest quality,0b01,Low,0b0,No,0b0,No,0b0,No,0b001,Land (Nothing else but land),0b0,No,0b0,No
Irrigated,US-NE2,41.1649,-96.4071,2004-09-13,h10v04,2120.0,1781.0,0.3763,0.5555,2112.0,0b0000100001000000,0b00,VI produced with good quality,0b0000,Highest quality,0b01,Low,0b0,No,0b0,No,0b0,No,0b001,Land (Nothing else but land),0b0,No,0b0,No
Irrigated,US-NE2,41.1649,-96.4071,2004-09-29,h10v04,2120.0,1781.0,0.1749,0.307,2112.0,0b0000100001000000,0b00,VI produced with good quality,0b0000,Highest quality,0b01,Low,0b0,No,0b0,No,0b0,No,0b001,Land (Nothing else but land),0b0,No,0b0,No
Irrigated,US-NE2,41.1649,-96.4071,2004-10-15,h10v04,2120.0,1781.0,0.1628,0.3141,2112.0,0b0000100001000000,0b00,VI produced with good quality,0b0000,Highest quality,0b01,Low,0b0,No,0b0,No,0b0,No,0b001,Land (Nothing else but land),0b0,No,0b0,No
Irrigated,US-NE2,41.1649,-96.4071,2004-10-31,h10v04,2120.0,1781.0,0.1462,0.2801,2112.0,0b0000100001000000,0b00,VI produced with good quality,0b0000,Highest quality,0b01,Low,0b0,No,0b0,No,0b0,No,0b001,Land (Nothing else but land),0b0,No,0b0,No
Irrigated,US-NE2,41.1649,-96.4071,2004-11-16,h10v04,2120.0,1781.0,0.1631,0.3129,2116.0,0b0000100001000100,0b00,VI produced with good quality,0b0001,Lower quality,0b01,Low,0b0,No,0b0,No,0b0,No,0b001,Land (Nothing else but land),0b0,No,0b0,No
Irrigated,US-NE2,41.1649,-96.4071,2004-12-02,h10v04,2120.0,1781.0,0.1837,0.3409,2116.0,0b0000100001000100,0b00,VI produced with good quality,0b0001,Lower quality,0b01,Low,0b0,No,0b0,No,0b0,No,0b001,Land (Nothing else but land),0b0,No,0b0,No
Irrigated,US-NE2,41.1649,-96.4071,2004-12-18,h10v04,2120.0,1781.0,0.1498,0.2891,2120.0,0b0000100001001000,0b00,VI produced with good quality,0b0010,Decreasing quality (0010),0b01,Low,0b0,No,0b0,No,0b0,No,0b001,Land (Nothing else but land),0b0,No,0b0,No
Irrigated,US-NE2,41.1649,-96.4071,2005-01-01,h10v04,2120.0,1781.0,-0.0188,-0.0116,2066.0,0b0000100000010010,0b10,"Pixel produced, but most probably cloudy",0b0100,Decreasing quality (0100),0b00,Climatology,0b0,No,0b0,No,0b0,No,0b001,Land (Nothing else but land),0b0,No,0b0,No
Irrigated,US-NE2,41.1649,-96.4071,2005-01-17,h10v04,2120.0,1781.0,-0.047,-0.0293,18449.0,0b0100100000010001,0b01,"VI produced, but check other QA",0b0100,Decreasing quality (0100),0b00,Climatology,0b0,No,0b0,No,0b0,No,0b001,Land (Nothing else but land),0b1,Yes,0b0,No
Irrigated,US-NE2,41.1649,-96.4071,2005-02-02,h10v04,2120.0,1781.0,0.1089,0.2361,2112.0,0b0000100001000000,0b00,VI produced with good quality,0b0000,Highest quality,0b01,Low,0b0,No,0b0,No,0b0,No,0b001,Land (Nothing else but land),0b0,No,0b0,No
Irrigated,US-NE2,41.1649,-96.4071,2005-02-18,h10v04,2120.0,1781.0,0.1575,0.2957,2112.0,0b0000100001000000,0b00,VI produced with good quality,0b0000,Highest quality,0b01,Low,0b0,No,0b0,No,0b0,No,0b001,Land (Nothing else but land),0b0,No,0b0,No
Irrigated,US-NE2,41.1649,-96.4071,2005-03-06,h10v04,2120.0,1781.0,0.1682,0.292,2112.0,0b0000100001000000,0b00,VI produced with good quality,0b0000,Highest quality,0b01,Low,0b0,No,0b0,No,0b0,No,0b001,Land (Nothing else but land),0b0,No,0b0,No
Irrigated,US-NE2,41.1649,-96.4071,2005-03-22,h10v04,2120.0,1781.0,0.16,0.2862,2181.0,0b0000100010000101,0b01,"VI produced, but check other QA",0b0001,Lower quality,0b10,Average,0b0,No,0b0,No,0b0,No,0b001,Land (Nothing else but land),0b0,No,0b0,No
Irrigated,US-NE2,41.1649,-96.4071,2005-04-07,h10v04,2120.0,1781.0,0.173,0.3228,2112.0,0b0000100001000000,0b00,VI produced with good quality,0b0000,Highest quality,0b01,Low,0b0,No,0b0,No,0b0,No,0b001,Land (Nothing else but land),0b0,No,0b0,No
Irrigated,US-NE2,41.1649,-96.4071,2005-04-23,h10v04,2120.0,1781.0,0.1975,0.3785,4160.0,0b0001000001000000,0b00,VI produced with good quality,0b0000,Highest quality,0b01,Low,0b0,No,0b0,No,0b0,No,0b010,Ocean coastlines and lake shorelines,0b0,No,0b0,No
Irrigated,US-NE2,41.1649,-96.4071,2005-05-09,h10v04,2120.0,1781.0,0.2445,0.391,4160.0,0b0001000001000000,0b00,VI produced with good quality,0b0000,Highest quality,0b01,Low,0b0,No,0b0,No,0b0,No,0b010,Ocean coastlines and lake shorelines,0b0,No,0b0,No
Irrigated,US-NE2,41.1649,-96.4071,2005-05-25,h10v04,2120.0,1781.0,0.2644,0.4562,4160.0,0b0001000001000000,0b00,VI produced with good quality,0b0000,Highest quality,0b01,Low,0b0,No,0b0,No,0b0,No,0b010,Ocean coastlines and lake shorelines,0b0,No,0b0,No
Irrigated,US-NE2,41.1649,-96.4071,2005-06-10,h10v04,2120.0,1781.0,0.3794,0.5511,2181.0,0b0000100010000101,0b01,"VI produced, but check other QA",0b0001,Lower quality,0b10,Average,0b0,No,0b0,No,0b0,No,0b001,Land (Nothing else but land),0b0,No,0b0,No
Irrigated,US-NE2,41.1649,-96.4071,2005-06-26,h10v04,2120.0,1781.0,0.3563,0.5702,2112.0,0b0000100001000000,0b00,VI produced with good quality,0b0000,Highest quality,0b01,Low,0b0,No,0b0,No,0b0,No,0b001,Land (Nothing else but land),0b0,No,0b0,No
Irrigated,US-NE2,41.1649,-96.4071,2005-07-12,h10v04,2120.0,1781.0,0.4669,0.6664,4160.0,0b0001000001000000,0b00,VI produced with good quality,0b0000,Highest quality,0b01,Low,0b0,No,0b0,No,0b0,No,0b010,Ocean coastlines and lake shorelines,0b0,No,0b0,No
Irrigated,US-NE2,41.1649,-96.4071,2005-07-28,h10v04,2120.0,1781.0,0.6084,0.7964,2181.0,0b0000100010000101,0b01,"VI produced, but check other QA",0b0001,Lower quality,0b10,Average,0b0,No,0b0,No,0b0,No,0b001,Land (Nothing else but land),0b0,No,0b0,No
Irrigated,US-NE2,41.1649,-96.4071,2005-08-13,h10v04,2120.0,1781.0,0.5232,0.6865,4233.0,0b0001000010001001,0b01,"VI produced, but check other QA",0b0010,Decreasing quality (0010),0b10,Average,0b0,No,0b0,No,0b0,No,0b010,Ocean coastlines and lake shorelines,0b0,No,0b0,No
Irrigated,US-NE2,41.1649,-96.4071,2005-08-29,h10v04,2120.0,1781.0,0.3567,0.5857,2112.0,0b0000100001000000,0b00,VI produced with good quality,0b0000,Highest quality,0b01,Low,0b0,No,0b0,No,0b0,No,0b001,Land (Nothing else but land),0b0,No,0b0,No
Irrigated,US-NE2,41.1649,-96.4071,2005-09-14,h10v04,2120.0,1781.0,0.2422,0.4464,4160.0,0b0001000001000000,0b00,VI produced with good quality,0b0000,Highest quality,0b01,Low,0b0,No,0b0,No,0b0,No,0b010,Ocean coastlines and lake shorelines,0b0,No,0b0,No
Irrigated,US-NE2,41.1649,-96.4071,2005-09-30,h10v04,2120.0,1781.0,0.1699,0.3088,2112.0,0b0000100001000000,0b00,VI produced with good quality,0b0000,Highest quality,0b01,Low,0b0,No,0b0,No,0b0,No,0b001,Land (Nothing else but land),0b0,No,0b0,No
Irrigated,US-NE2,41.1649,-96.4071,2005-10-16,h10v04,2120.0,1781.0,0.1449,0.2878,2112.0,0b0000100001000000,0b00,VI produced with good quality,0b0000,Highest quality,0b01,Low,0b0,No,0b0,No,0b0,No,0b001,Land (Nothing else but land),0b0,No,0b0,No
Irrigated,US-NE2,41.1649,-96.4071,2005-11-01,h10v04,2120.0,1781.0,0.1577,0.2761,2112.0,0b0000100001000000,0b00,VI produced with good quality,0b0000,Highest quality,0b01,Low,0b0,No,0b0,No,0b0,No,0b001,Land (Nothing else but land),0b0,No,0b0,No
Irrigated,US-NE2,41.1649,-96.4071,2005-11-17,h10v04,2120.0,1781.0,0.1462,0.2597,2116.0,0b0000100001000100,0b00,VI produced with good quality,0b0001,Lower quality,0b01,Low,0b0,No,0b0,No,0b0,No,0b001,Land (Nothing else but land),0b0,No,0b0,No
Irrigated,US-NE2,41.1649,-96.4071,2005-12-03,h10v04,2120.0,1781.0,0.1501,0.2422,2185.0,0b0000100010001001,0b01,"VI produced, but check other QA",0b0010,Decreasing quality (0010),0b10,Average,0b0,No,0b0,No,0b0,No,0b001,Land (Nothing else but land),0b0,No,0b0,No
Irrigated,US-NE2,41.1649,-96.4071,2005-12-19,h10v04,2120.0,1781.0,0.1281,0.229,2120.0,0b0000100001001000,0b00,VI produced with good quality,0b0010,Decreasing quality (0010),0b01,Low,0b0,No,0b0,No,0b0,No,0b001,Land (Nothing else but land),0b0,No,0b0,No
Irrigated,US-NE2,41.1649,-96.4071,2006-01-01,h10v04,2120.0,1781.0,0.1331,0.2412,2116.0,0b0000100001000100,0b00,VI produced with good quality,0b0001,Lower quality,0b01,Low,0b0,No,0b0,No,0b0,No,0b001,Land (Nothing else but land),0b0,No,0b0,No
Irrigated,US-NE2,41.1649,-96.4071,2006-01-17,h10v04,2120.0,1781.0,0.1404,0.2484,2116.0,0b0000100001000100,0b00,VI produced with good quality,0b0001,Lower quality,0b01,Low,0b0,No,0b0,No,0b0,No,0b001,Land (Nothing else but land),0b0,No,0b0,No
Irrigated,US-NE2,41.1649,-96.4071,2006-02-02,h10v04,2120.0,1781.0,0.127,0.2238,2112.0,0b0000100001000000,0b00,VI produced with good quality,0b0000,Highest quality,0b01,Low,0b0,No,0b0,No,0b0,No,0b001,Land (Nothing else but land),0b0,No,0b0,No
Irrigated,US-NE2,41.1649,-96.4071,2006-02-18,h10v04,2120.0,1781.0,0.142,0.2482,2112.0,0b0000100001000000,0b00,VI produced with good quality,0b0000,Highest quality,0b01,Low,0b0,No,0b0,No,0b0,No,0b001,Land (Nothing else but land),0b0,No,0b0,No
Irrigated,US-NE2,41.1649,-96.4071,2006-03-06,h10v04,2120.0,1781.0,0.1567,0.2813,2181.0,0b0000100010000101,0b01,"VI produced, but check other QA",0b0001,Lower quality,0b10,Average,0b0,No,0b0,No,0b0,No,0b001,Land (Nothing else but land),0b0,No,0b0,No
Irrigated,US-NE2,41.1649,-96.4071,2006-03-22,h10v04,2120.0,1781.0,0.1458,0.2736,4160.0,0b0001000001000000,0b00,VI produced with good quality,0b0000,Highest quality,0b01,Low,0b0,No,0b0,No,0b0,No,0b010,Ocean coastlines and lake shorelines,0b0,No,0b0,No
Irrigated,US-NE2,41.1649,-96.4071,2006-04-07,h10v04,2120.0,1781.0,0.1659,0.2648,2112.0,0b0000100001000000,0b00,VI produced with good quality,0b0000,Highest quality,0b01,Low,0b0,No,0b0,No,0b0,No,0b001,Land (Nothing else but land),0b0,No,0b0,No
Irrigated,US-NE2,41.1649,-96.4071,2006-04-23,h10v04,2120.0,1781.0,0.3026,0.4215,2181.0,0b0000100010000101,0b01,"VI produced, but check other QA",0b0001,Lower quality,0b10,Average,0b0,No,0b0,No,0b0,No,0b001,Land (Nothing else but land),0b0,No,0b0,No
Irrigated,US-NE2,41.1649,-96.4071,2006-05-09,h10v04,2120.0,1781.0,0.2378,0.3551,2112.0,0b0000100001000000,0b00,VI produced with good quality,0b0000,Highest quality,0b01,Low,0b0,No,0b0,No,0b0,No,0b001,Land (Nothing else but land),0b0,No,0b0,No
Irrigated,US-NE2,41.1649,-96.4071,2006-05-25,h10v04,2120.0,1781.0,0.2358,0.3874,2112.0,0b0000100001000000,0b00,VI produced with good quality,0b0000,Highest quality,0b01,Low,0b0,No,0b0,No,0b0,No,0b001,Land (Nothing else but land),0b0,No,0b0,No
Irrigated,US-NE2,41.1649,-96.4071,2006-06-10,h10v04,2120.0,1781.0,0.3362,0.5068,2112.0,0b0000100001000000,0b00,VI produced with good quality,0b0000,Highest quality,0b01,Low,0b0,No,0b0,No,0b0,No,0b001,Land (Nothing else but land),0b0,No,0b0,No
Irrigated,US-NE2,41.1649,-96.4071,2006-06-26,h10v04,2120.0,1781.0,0.4009,0.5811,2181.0,0b0000100010000101,0b01,"VI produced, but check other QA",0b0001,Lower quality,0b10,Average,0b0,No,0b0,No,0b0,No,0b001,Land (Nothing else but land),0b0,No,0b0,No
Irrigated,US-NE2,41.1649,-96.4071,2006-07-12,h10v04,2120.0,1781.0,0.5987,0.7744,2112.0,0b0000100001000000,0b00,VI produced with good quality,0b0000,Highest quality,0b01,Low,0b0,No,0b0,No,0b0,No,0b001,Land (Nothing else but land),0b0,No,0b0,No
Irrigated,US-NE2,41.1649,-96.4071,2006-07-28,h10v04,2120.0,1781.0,0.6091,0.7792,2112.0,0b0000100001000000,0b00,VI produced with good quality,0b0000,Highest quality,0b01,Low,0b0,No,0b0,No,0b0,No,0b001,Land (Nothing else but land),0b0,No,0b0,No
Irrigated,US-NE2,41.1649,-96.4071,2006-08-13,h10v04,2120.0,1781.0,0.5883,0.8386,4164.0,0b0001000001000100,0b00,VI produced with good quality,0b0001,Lower quality,0b01,Low,0b0,No,0b0,No,0b0,No,0b010,Ocean coastlines and lake shorelines,0b0,No,0b0,No
Irrigated,US-NE2,41.1649,-96.4071,2006-08-29,h10v04,2120.0,1781.0,0.478,0.692,2112.0,0b0000100001000000,0b00,VI produced with good quality,0b0000,Highest quality,0b01,Low,0b0,No,0b0,No,0b0,No,0b001,Land (Nothing else but land),0b0,No,0b0,No
Irrigated,US-NE2,41.1649,-96.4071,2006-09-14,h10v04,2120.0,1781.0,0.2807,0.4901,4160.0,0b0001000001000000,0b00,VI produced with good quality,0b0000,Highest quality,0b01,Low,0b0,No,0b0,No,0b0,No,0b010,Ocean coastlines and lake shorelines,0b0,No,0b0,No
Irrigated,US-NE2,41.1649,-96.4071,2006-09-30,h10v04,2120.0,1781.0,0.2112,0.3513,4160.0,0b0001000001000000,0b00,VI produced with good quality,0b0000,Highest quality,0b01,Low,0b0,No,0b0,No,0b0,No,0b010,Ocean coastlines and lake shorelines,0b0,No,0b0,No
Irrigated,US-NE2,41.1649,-96.4071,2006-10-16,h10v04,2120.0,1781.0,0.2034,0.3484,2372.0,0b0000100101000100,0b00,VI produced with good quality,0b0001,Lower quality,0b01,Low,0b1,Yes,0b0,No,0b0,No,0b001,Land (Nothing else but land),0b0,No,0b0,No
Irrigated,US-NE2,41.1649,-96.4071,2006-11-01,h10v04,2120.0,1781.0,0.1605,0.2777,2112.0,0b0000100001000000,0b00,VI produced with good quality,0b0000,Highest quality,0b01,Low,0b0,No,0b0,No,0b0,No,0b001,Land (Nothing else but land),0b0,No,0b0,No
Irrigated,US-NE2,41.1649,-96.4071,2006-11-17,h10v04,2120.0,1781.0,0.1862,0.32,2116.0,0b0000100001000100,0b00,VI produced with good quality,0b0001,Lower quality,0b01,Low,0b0,No,0b0,No,0b0,No,0b001,Land (Nothing else but land),0b0,No,0b0,No
Irrigated,US-NE2,41.1649,-96.4071,2006-12-03,h10v04,2120.0,1781.0,0.1285,0.2394,4164.0,0b0001000001000100,0b00,VI produced with good quality,0b0001,Lower quality,0b01,Low,0b0,No,0b0,No,0b0,No,0b010,Ocean coastlines and lake shorelines,0b0,No,0b0,No
Irrigated,US-NE2,41.1649,-96.4071,2006-12-19,h10v04,2120.0,1781.0,0.1476,0.2937,2120.0,0b0000100001001000,0b00,VI produced with good quality,0b0010,Decreasing quality (0010),0b01,Low,0b0,No,0b0,No,0b0,No,0b001,Land (Nothing else but land),0b0,No,0b0,No
Irrigated,US-NE2,41.1649,-96.4071,2007-01-01,h10v04,2120.0,1781.0,0.0963,0.2114,2185.0,0b0000100010001001,0b01,"VI produced, but check other QA",0b0010,Decreasing quality (0010),0b10,Average,0b0,No,0b0,No,0b0,No,0b001,Land (Nothing else but land),0b0,No,0b0,No
Irrigated,US-NE2,41.1649,-96.4071,2007-01-17,h10v04,2120.0,1781.0,-0.0212,-0.014,18453.0,0b0100100000010101,0b01,"VI produced, but check other QA",0b0101,Decreasing quality (0101),0b00,Climatology,0b0,No,0b0,No,0b0,No,0b001,Land (Nothing else but land),0b1,Yes,0b0,No
Irrigated,US-NE2,41.1649,-96.4071,2007-02-02,h10v04,2120.0,1781.0,0.0281,0.0215,2062.0,0b0000100000001110,0b10,"Pixel produced, but most probably cloudy",0b0011,Decreasing quality (0011),0b00,Climatology,0b0,No,0b0,No,0b0,No,0b001,Land (Nothing else but land),0b0,No,0b0,No
Irrigated,US-NE2,41.1649,-96.4071,2007-02-18,h10v04,2120.0,1781.0,0.1098,0.2401,2185.0,0b0000100010001001,0b01,"VI produced, but check other QA",0b0010,Decreasing quality (0010),0b10,Average,0b0,No,0b0,No,0b0,No,0b001,Land (Nothing else but land),0b0,No,0b0,No
Irrigated,US-NE2,41.1649,-96.4071,2007-03-06,h10v04,2120.0,1781.0,0.1283,0.2593,2112.0,0b0000100001000000,0b00,VI produced with good quality,0b0000,Highest quality,0b01,Low,0b0,No,0b0,No,0b0,No,0b001,Land (Nothing else but land),0b0,No,0b0,No
Irrigated,US-NE2,41.1649,-96.4071,2007-03-22,h10v04,2120.0,1781.0,0.201,0.3866,2112.0,0b0000100001000000,0b00,VI produced with good quality,0b0000,Highest quality,0b01,Low,0b0,No,0b0,No,0b0,No,0b001,Land (Nothing else but land),0b0,No,0b0,No
Irrigated,US-NE2,41.1649,-96.4071,2007-04-07,h10v04,2120.0,1781.0,0.2062,0.337,2112.0,0b0000100001000000,0b00,VI produced with good quality,0b0000,Highest quality,0b01,Low,0b0,No,0b0,No,0b0,No,0b001,Land (Nothing else but land),0b0,No,0b0,No
Irrigated,US-NE2,41.1649,-96.4071,2007-04-23,h10v04,2120.0,1781.0,0.2079,0.3294,2112.0,0b0000100001000000,0b00,VI produced with good quality,0b0000,Highest quality,0b01,Low,0b0,No,0b0,No,0b0,No,0b001,Land (Nothing else but land),0b0,No,0b0,No
Irrigated,US-NE2,41.1649,-96.4071,2007-05-09,h10v04,2120.0,1781.0,0.1979,0.3045,2181.0,0b0000100010000101,0b01,"VI produced, but check other QA",0b0001,Lower quality,0b10,Average,0b0,No,0b0,No,0b0,No,0b001,Land (Nothing else but land),0b0,No,0b0,No
Irrigated,US-NE2,41.1649,-96.4071,2007-05-25,h10v04,2120.0,1781.0,0.313,0.5068,2181.0,0b0000100010000101,0b01,"VI produced, but check other QA",0b0001,Lower quality,0b10,Average,0b0,No,0b0,No,0b0,No,0b001,Land (Nothing else but land),0b0,No,0b0,No
Irrigated,US-NE2,41.1649,-96.4071,2007-06-10,h10v04,2120.0,1781.0,0.47,0.631,2112.0,0b0000100001000000,0b00,VI produced with good quality,0b0000,Highest quality,0b01,Low,0b0,No,0b0,No,0b0,No,0b001,Land (Nothing else but land),0b0,No,0b0,No
Irrigated,US-NE2,41.1649,-96.4071,2007-06-26,h10v04,2120.0,1781.0,0.6092,0.7881,2112.0,0b0000100001000000,0b00,VI produced with good quality,0b0000,Highest quality,0b01,Low,0b0,No,0b0,No,0b0,No,0b001,Land (Nothing else but land),0b0,No,0b0,No
Irrigated,US-NE2,41.1649,-96.4071,2007-07-12,h10v04,2120.0,1781.0,0.5795,0.8016,2112.0,0b0000100001000000,0b00,VI produced with good quality,0b0000,Highest quality,0b01,Low,0b0,No,0b0,No,0b0,No,0b001,Land (Nothing else but land),0b0,No,0b0,No
Irrigated,US-NE2,41.1649,-96.4071,2007-07-28,h10v04,2120.0,1781.0,0.626,0.8249,2181.0,0b0000100010000101,0b01,"VI produced, but check other QA",0b0001,Lower quality,0b10,Average,0b0,No,0b0,No,0b0,No,0b001,Land (Nothing else but land),0b0,No,0b0,No
Irrigated,US-NE2,41.1649,-96.4071,2007-08-13,h10v04,2120.0,1781.0,0.5089,0.759,4160.0,0b0001000001000000,0b00,VI produced with good quality,0b0000,Highest quality,0b01,Low,0b0,No,0b0,No,0b0,No,0b010,Ocean coastlines and lake shorelines,0b0,No,0b0,No
Irrigated,US-NE2,41.1649,-96.4071,2007-08-29,h10v04,2120.0,1781.0,0.4837,0.7458,2112.0,0b0000100001000000,0b00,VI produced with good quality,0b0000,Highest quality,0b01,Low,0b0,No,0b0,No,0b0,No,0b001,Land (Nothing else but land),0b0,No,0b0,No
Irrigated,US-NE2,41.1649,-96.4071,2007-09-14,h10v04,2120.0,1781.0,0.2021,0.4232,4160.0,0b0001000001000000,0b00,VI produced with good quality,0b0000,Highest quality,0b01,Low,0b0,No,0b0,No,0b0,No,0b010,Ocean coastlines and lake shorelines,0b0,No,0b0,No
Irrigated,US-NE2,41.1649,-96.4071,2007-09-30,h10v04,2120.0,1781.0,0.2244,0.4096,4160.0,0b0001000001000000,0b00,VI produced with good quality,0b0000,Highest quality,0b01,Low,0b0,No,0b0,No,0b0,No,0b010,Ocean coastlines and lake shorelines,0b0,No,0b0,No
Irrigated,US-NE2,41.1649,-96.4071,2007-10-16,h10v04,2120.0,1781.0,0.1668,0.3154,2112.0,0b0000100001000000,0b00,VI produced with good quality,0b0000,Highest quality,0b01,Low,0b0,No,0b0,No,0b0,No,0b001,Land (Nothing else but land),0b0,No,0b0,No
Irrigated,US-NE2,41.1649,-96.4071,2007-11-01,h10v04,2120.0,1781.0,0.1879,0.3155,4160.0,0b0001000001000000,0b00,VI produced with good quality,0b0000,Highest quality,0b01,Low,0b0,No,0b0,No,0b0,No,0b010,Ocean coastlines and lake shorelines,0b0,No,0b0,No
Irrigated,US-NE2,41.1649,-96.4071,2007-11-17,h10v04,2120.0,1781.0,0.1838,0.2947,2116.0,0b0000100001000100,0b00,VI produced with good quality,0b0001,Lower quality,0b01,Low,0b0,No,0b0,No,0b0,No,0b001,Land (Nothing else but land),0b0,No,0b0,No
Irrigated,US-NE2,41.1649,-96.4071,2007-12-03,h10v04,2120.0,1781.0,-0.0118,-0.0074,18453.0,0b0100100000010101,0b01,"VI produced, but check other QA",0b0101,Decreasing quality (0101),0b00,Climatology,0b0,No,0b0,No,0b0,No,0b001,Land (Nothing else but land),0b1,Yes,0b0,No
Irrigated,US-NE2,41.1649,-96.4071,2007-12-19,h10v04,2120.0,1781.0,-0.033,-0.031,18453.0,0b0100100000010101,0b01,"VI produced, but check other QA",0b0101,Decreasing quality (0101),0b00,Climatology,0b0,No,0b0,No,0b0,No,0b001,Land (Nothing else but land),0b1,Yes,0b0,No
Irrigated,US-NE2,41.1649,-96.4071,2008-01-01,h10v04,2120.0,1781.0,-0.0161,-0.0109,20501.0,0b0101000000010101,0b01,"VI produced, but check other QA",0b0101,Decreasing quality (0101),0b00,Climatology,0b0,No,0b0,No,0b0,No,0b010,Ocean coastlines and lake shorelines,0b1,Yes,0b0,No
Irrigated,US-NE2,41.1649,-96.4071,2008-01-17,h10v04,2120.0,1781.0,-0.0249,-0.0159,18453.0,0b0100100000010101,0b01,"VI produced, but check other QA",0b0101,Decreasing quality (0101),0b00,Climatology,0b0,No,0b0,No,0b0,No,0b001,Land (Nothing else but land),0b1,Yes,0b0,No
Irrigated,US-NE2,41.1649,-96.4071,2008-02-02,h10v04,2120.0,1781.0,0.0068,0.0048,4106.0,0b0001000000001010,0b10,"Pixel produced, but most probably cloudy",0b0010,Decreasing quality (0010),0b00,Climatology,0b0,No,0b0,No,0b0,No,0b010,Ocean coastlines and lake shorelines,0b0,No,0b0,No
Irrigated,US-NE2,41.1649,-96.4071,2008-02-18,h10v04,2120.0,1781.0,0.1222,0.2345,2372.0,0b0000100101000100,0b00,VI produced with good quality,0b0001,Lower quality,0b01,Low,0b1,Yes,0b0,No,0b0,No,0b001,Land (Nothing else but land),0b0,No,0b0,No
Irrigated,US-NE2,41.1649,-96.4071,2008-03-05,h10v04,2120.0,1781.0,0.16,0.2686,2112.0,0b0000100001000000,0b00,VI produced with good quality,0b0000,Highest quality,0b01,Low,0b0,No,0b0,No,0b0,No,0b001,Land (Nothing else but land),0b0,No,0b0,No
Irrigated,US-NE2,41.1649,-96.4071,2008-03-21,h10v04,2120.0,1781.0,0.1517,0.254,2112.0,0b0000100001000000,0b00,VI produced with good quality,0b0000,Highest quality,0b01,Low,0b0,No,0b0,No,0b0,No,0b001,Land (Nothing else but land),0b0,No,0b0,No
Irrigated,US-NE2,41.1649,-96.4071,2008-04-06,h10v04,2120.0,1781.0,0.172,0.2725,2112.0,0b0000100001000000,0b00,VI produced with good quality,0b0000,Highest quality,0b01,Low,0b0,No,0b0,No,0b0,No,0b001,Land (Nothing else but land),0b0,No,0b0,No
Irrigated,US-NE2,41.1649,-96.4071,2008-04-22,h10v04,2120.0,1781.0,0.176,0.2694,2112.0,0b0000100001000000,0b00,VI produced with good quality,0b0000,Highest quality,0b01,Low,0b0,No,0b0,No,0b0,No,0b001,Land (Nothing else but land),0b0,No,0b0,No
Irrigated,US-NE2,41.1649,-96.4071,2008-05-08,h10v04,2120.0,1781.0,0.2589,0.3764,2181.0,0b0000100010000101,0b01,"VI produced, but check other QA",0b0001,Lower quality,0b10,Average,0b0,No,0b0,No,0b0,No,0b001,Land (Nothing else but land),0b0,No,0b0,No
Irrigated,US-NE2,41.1649,-96.4071,2008-05-24,h10v04,2120.0,1781.0,0.2261,0.3944,2112.0,0b0000100001000000,0b00,VI produced with good quality,0b0000,Highest quality,0b01,Low,0b0,No,0b0,No,0b0,No,0b001,Land (Nothing else but land),0b0,No,0b0,No
Irrigated,US-NE2,41.1649,-96.4071,2008-06-09,h10v04,2120.0,1781.0,0.2805,0.439,2112.0,0b0000100001000000,0b00,VI produced with good quality,0b0000,Highest quality,0b01,Low,0b0,No,0b0,No,0b0,No,0b001,Land (Nothing else but land),0b0,No,0b0,No
Irrigated,US-NE2,41.1649,-96.4071,2008-06-25,h10v04,2120.0,1781.0,0.2633,0.4686,2112.0,0b0000100001000000,0b00,VI produced with good quality,0b0000,Highest quality,0b01,Low,0b0,No,0b0,No,0b0,No,0b001,Land (Nothing else but land),0b0,No,0b0,No
Irrigated,US-NE2,41.1649,-96.4071,2008-07-11,h10v04,2120.0,1781.0,0.4209,0.6229,2112.0,0b0000100001000000,0b00,VI produced with good quality,0b0000,Highest quality,0b01,Low,0b0,No,0b0,No,0b0,No,0b001,Land (Nothing else but land),0b0,No,0b0,No
Irrigated,US-NE2,41.1649,-96.4071,2008-07-27,h10v04,2120.0,1781.0,0.5568,0.745,2112.0,0b0000100001000000,0b00,VI produced with good quality,0b0000,Highest quality,0b01,Low,0b0,No,0b0,No,0b0,No,0b001,Land (Nothing else but land),0b0,No,0b0,No
Irrigated,US-NE2,41.1649,-96.4071,2008-08-12,h10v04,2120.0,1781.0,0.6584,0.8432,2112.0,0b0000100001000000,0b00,VI produced with good quality,0b0000,Highest quality,0b01,Low,0b0,No,0b0,No,0b0,No,0b001,Land (Nothing else but land),0b0,No,0b0,No
Irrigated,US-NE2,41.1649,-96.4071,2008-08-28,h10v04,2120.0,1781.0,0.547,0.7646,4229.0,0b0001000010000101,0b01,"VI produced, but check other QA",0b0001,Lower quality,0b10,Average,0b0,No,0b0,No,0b0,No,0b010,Ocean coastlines and lake shorelines,0b0,No,0b0,No
Irrigated,US-NE2,41.1649,-96.4071,2008-09-13,h10v04,2120.0,1781.0,0.5222,0.7473,2112.0,0b0000100001000000,0b00,VI produced with good quality,0b0000,Highest quality,0b01,Low,0b0,No,0b0,No,0b0,No,0b001,Land (Nothing else but land),0b0,No,0b0,No
Irrigated,US-NE2,41.1649,-96.4071,2008-09-29,h10v04,2120.0,1781.0,0.2176,0.379,4160.0,0b0001000001000000,0b00,VI produced with good quality,0b0000,Highest quality,0b01,Low,0b0,No,0b0,No,0b0,No,0b010,Ocean coastlines and lake shorelines,0b0,No,0b0,No
Irrigated,US-NE2,41.1649,-96.4071,2008-10-15,h10v04,2120.0,1781.0,0.2202,0.4046,4160.0,0b0001000001000000,0b00,VI produced with good quality,0b0000,Highest quality,0b01,Low,0b0,No,0b0,No,0b0,No,0b010,Ocean coastlines and lake shorelines,0b0,No,0b0,No
Irrigated,US-NE2,41.1649,-96.4071,2008-10-31,h10v04,2120.0,1781.0,0.1662,0.2956,4160.0,0b0001000001000000,0b00,VI produced with good quality,0b0000,Highest quality,0b01,Low,0b0,No,0b0,No,0b0,No,0b010,Ocean coastlines and lake shorelines,0b0,No,0b0,No
Irrigated,US-NE2,41.1649,-96.4071,2008-11-16,h10v04,2120.0,1781.0,0.156,0.2854,4164.0,0b0001000001000100,0b00,VI produced with good quality,0b0001,Lower quality,0b01,Low,0b0,No,0b0,No,0b0,No,0b010,Ocean coastlines and lake shorelines,0b0,No,0b0,No
Irrigated,US-NE2,41.1649,-96.4071,2008-12-02,h10v04,2120.0,1781.0,0.1697,0.2861,2116.0,0b0000100001000100,0b00,VI produced with good quality,0b0001,Lower quality,0b01,Low,0b0,No,0b0,No,0b0,No,0b001,Land (Nothing else but land),0b0,No,0b0,No
Irrigated,US-NE2,41.1649,-96.4071,2008-12-18,h10v04,2120.0,1781.0,0.1637,0.2382,2124.0,0b0000100001001100,0b00,VI produced with good quality,0b0011,Decreasing quality (0011),0b01,Low,0b0,No,0b0,No,0b0,No,0b001,Land (Nothing else but land),0b0,No,0b0,No
Irrigated,US-NE2,41.1649,-96.4071,2009-01-01,h10v04,2120.0,1781.0,0.1637,0.2382,2120.0,0b0000100001001000,0b00,VI produced with good quality,0b0010,Decreasing quality (0010),0b01,Low,0b0,No,0b0,No,0b0,No,0b001,Land (Nothing else but land),0b0,No,0b0,No
Irrigated,US-NE2,41.1649,-96.4071,2009-01-17,h10v04,2120.0,1781.0,0.1235,0.2136,2116.0,0b0000100001000100,0b00,VI produced with good quality,0b0001,Lower quality,0b01,Low,0b0,No,0b0,No,0b0,No,0b001,Land (Nothing else but land),0b0,No,0b0,No
Irrigated,US-NE2,41.1649,-96.4071,2009-02-02,h10v04,2120.0,1781.0,0.1375,0.2433,4160.0,0b0001000001000000,0b00,VI produced with good quality,0b0000,Highest quality,0b01,Low,0b0,No,0b0,No,0b0,No,0b010,Ocean coastlines and lake shorelines,0b0,No,0b0,No
Irrigated,US-NE2,41.1649,-96.4071,2009-02-18,h10v04,2120.0,1781.0,0.1266,0.2148,2181.0,0b0000100010000101,0b01,"VI produced, but check other QA",0b0001,Lower quality,0b10,Average,0b0,No,0b0,No,0b0,No,0b001,Land (Nothing else but land),0b0,No,0b0,No
Irrigated,US-NE2,41.1649,-96.4071,2009-03-06,h10v04,2120.0,1781.0,0.1252,0.2452,2116.0,0b0000100001000100,0b00,VI produced with good quality,0b0001,Lower quality,0b01,Low,0b0,No,0b0,No,0b0,No,0b001,Land (Nothing else but land),0b0,No,0b0,No
Irrigated,US-NE2,41.1649,-96.4071,2009-03-22,h10v04,2120.0,1781.0,0.1755,0.2674,2116.0,0b0000100001000100,0b00,VI produced with good quality,0b0001,Lower quality,0b01,Low,0b0,No,0b0,No,0b0,No,0b001,Land (Nothing else but land),0b0,No,0b0,No
Irrigated,US-NE2,41.1649,-96.4071,2009-04-07,h10v04,2120.0,1781.0,0.1738,0.2745,4160.0,0b0001000001000000,0b00,VI produced with good quality,0b0000,Highest quality,0b01,Low,0b0,No,0b0,No,0b0,No,0b010,Ocean coastlines and lake shorelines,0b0,No,0b0,No
Irrigated,US-NE2,41.1649,-96.4071,2009-04-23,h10v04,2120.0,1781.0,0.2091,0.3128,2181.0,0b0000100010000101,0b01,"VI produced, but check other QA",0b0001,Lower quality,0b10,Average,0b0,No,0b0,No,0b0,No,0b001,Land (Nothing else but land),0b0,No,0b0,No
Irrigated,US-NE2,41.1649,-96.4071,2009-05-09,h10v04,2120.0,1781.0,0.2063,0.3807,4164.0,0b0001000001000100,0b00,VI produced with good quality,0b0001,Lower quality,0b01,Low,0b0,No,0b0,No,0b0,No,0b010,Ocean coastlines and lake shorelines,0b0,No,0b0,No
Irrigated,US-NE2,41.1649,-96.4071,2009-05-25,h10v04,2120.0,1781.0,0.2415,0.3977,2112.0,0b0000100001000000,0b00,VI produced with good quality,0b0000,Highest quality,0b01,Low,0b0,No,0b0,No,0b0,No,0b001,Land (Nothing else but land),0b0,No,0b0,No
Irrigated,US-NE2,41.1649,-96.4071,2009-06-10,h10v04,2120.0,1781.0,0.5992,0.8059,2181.0,0b0000100010000101,0b01,"VI produced, but check other QA",0b0001,Lower quality,0b10,Average,0b0,No,0b0,No,0b0,No,0b001,Land (Nothing else but land),0b0,No,0b0,No
Irrigated,US-NE2,41.1649,-96.4071,2009-06-26,h10v04,2120.0,1781.0,0.6459,0.8411,2112.0,0b0000100001000000,0b00,VI produced with good quality,0b0000,Highest quality,0b01,Low,0b0,No,0b0,No,0b0,No,0b001,Land (Nothing else but land),0b0,No,0b0,No
Irrigated,US-NE2,41.1649,-96.4071,2009-07-12,h10v04,2120.0,1781.0,0.636,0.8382,2112.0,0b0000100001000000,0b00,VI produced with good quality,0b0000,Highest quality,0b01,Low,0b0,No,0b0,No,0b0,No,0b001,Land (Nothing else but land),0b0,No,0b0,No
Irrigated,US-NE2,41.1649,-96.4071,2009-07-28,h10v04,2120.0,1781.0,0.6975,0.8801,2112.0,0b0000100001000000,0b00,VI produced with good quality,0b0000,Highest quality,0b01,Low,0b0,No,0b0,No,0b0,No,0b001,Land (Nothing else but land),0b0,No,0b0,No
Irrigated,US-NE2,41.1649,-96.4071,2009-08-13,h10v04,2120.0,1781.0,0.5859,0.7942,2112.0,0b0000100001000000,0b00,VI produced with good quality,0b0000,Highest quality,0b01,Low,0b0,No,0b0,No,0b0,No,0b001,Land (Nothing else but land),0b0,No,0b0,No
Irrigated,US-NE2,41.1649,-96.4071,2009-08-29,h10v04,2120.0,1781.0,0.5851,0.8051,2181.0,0b0000100010000101,0b01,"VI produced, but check other QA",0b0001,Lower quality,0b10,Average,0b0,No,0b0,No,0b0,No,0b001,Land (Nothing else but land),0b0,No,0b0,No
Irrigated,US-NE2,41.1649,-96.4071,2009-09-14,h10v04,2120.0,1781.0,0.3278,0.5708,2112.0,0b0000100001000000,0b00,VI produced with good quality,0b0000,Highest quality,0b01,Low,0b0,No,0b0,No,0b0,No,0b001,Land (Nothing else but land),0b0,No,0b0,No
Irrigated,US-NE2,41.1649,-96.4071,2009-09-30,h10v04,2120.0,1781.0,0.2487,0.4621,2116.0,0b0000100001000100,0b00,VI produced with good quality,0b0001,Lower quality,0b01,Low,0b0,No,0b0,No,0b0,No,0b001,Land (Nothing else but land),0b0,No,0b0,No
Irrigated,US-NE2,41.1649,-96.4071,2009-10-16,h10v04,2120.0,1781.0,0.1468,0.3133,2112.0,0b0000100001000000,0b00,VI produced with good quality,0b0000,Highest quality,0b01,Low,0b0,No,0b0,No,0b0,No,0b001,Land (Nothing else but land),0b0,No,0b0,No
Irrigated,US-NE2,41.1649,-96.4071,2009-11-01,h10v04,2120.0,1781.0,0.122,0.2553,2112.0,0b0000100001000000,0b00,VI produced with good quality,0b0000,Highest quality,0b01,Low,0b0,No,0b0,No,0b0,No,0b001,Land (Nothing else but land),0b0,No,0b0,No
Irrigated,US-NE2,41.1649,-96.4071,2009-11-17,h10v04,2120.0,1781.0,0.1377,0.2549,2116.0,0b0000100001000100,0b00,VI produced with good quality,0b0001,Lower quality,0b01,Low,0b0,No,0b0,No,0b0,No,0b001,Land (Nothing else but land),0b0,No,0b0,No
Irrigated,US-NE2,41.1649,-96.4071,2009-12-03,h10v04,2120.0,1781.0,0.1478,0.2527,2116.0,0b0000100001000100,0b00,VI produced with good quality,0b0001,Lower quality,0b01,Low,0b0,No,0b0,No,0b0,No,0b001,Land (Nothing else but land),0b0,No,0b0,No
Irrigated,US-NE2,41.1649,-96.4071,2009-12-19,h10v04,2120.0,1781.0,-0.0105,-0.0101,18453.0,0b0100100000010101,0b01,"VI produced, but check other QA",0b0101,Decreasing quality (0101),0b00,Climatology,0b0,No,0b0,No,0b0,No,0b001,Land (Nothing else but land),0b1,Yes,0b0,No
Irrigated,US-NE2,41.1649,-96.4071,2010-01-01,h10v04,2120.0,1781.0,-0.0355,-0.0227,18449.0,0b0100100000010001,0b01,"VI produced, but check other QA",0b0100,Decreasing quality (0100),0b00,Climatology,0b0,No,0b0,No,0b0,No,0b001,Land (Nothing else but land),0b1,Yes,0b0,No
Irrigated,US-NE2,41.1649,-96.4071,2010-01-17,h10v04,2120.0,1781.0,0.0159,0.0122,18449.0,0b0100100000010001,0b01,"VI produced, but check other QA",0b0100,Decreasing quality (0100),0b00,Climatology,0b0,No,0b0,No,0b0,No,0b001,Land (Nothing else but land),0b1,Yes,0b0,No
Irrigated,US-NE2,41.1649,-96.4071,2010-02-02,h10v04,2120.0,1781.0,0.0247,0.0186,20497.0,0b0101000000010001,0b01,"VI produced, but check other QA",0b0100,Decreasing quality (0100),0b00,Climatology,0b0,No,0b0,No,0b0,No,0b010,Ocean coastlines and lake shorelines,0b1,Yes,0b0,No
Irrigated,US-NE2,41.1649,-96.4071,2010-02-18,h10v04,2120.0,1781.0,-0.0283,-0.0193,18445.0,0b0100100000001101,0b01,"VI produced, but check other QA",0b0011,Decreasing quality (0011),0b00,Climatology,0b0,No,0b0,No,0b0,No,0b001,Land (Nothing else but land),0b1,Yes,0b0,No
Irrigated,US-NE2,41.1649,-96.4071,2010-03-06,h10v04,2120.0,1781.0,0.1269,0.225,2116.0,0b0000100001000100,0b00,VI produced with good quality,0b0001,Lower quality,0b01,Low,0b0,No,0b0,No,0b0,No,0b001,Land (Nothing else but land),0b0,No,0b0,No
Irrigated,US-NE2,41.1649,-96.4071,2010-03-22,h10v04,2120.0,1781.0,0.1656,0.248,2116.0,0b0000100001000100,0b00,VI produced with good quality,0b0001,Lower quality,0b01,Low,0b0,No,0b0,No,0b0,No,0b001,Land (Nothing else but land),0b0,No,0b0,No
Irrigated,US-NE2,41.1649,-96.4071,2010-04-07,h10v04,2120.0,1781.0,0.167,0.246,2112.0,0b0000100001000000,0b00,VI produced with good quality,0b0000,Highest quality,0b01,Low,0b0,No,0b0,No,0b0,No,0b001,Land (Nothing else but land),0b0,No,0b0,No
Irrigated,US-NE2,41.1649,-96.4071,2010-04-23,h10v04,2120.0,1781.0,0.2001,0.279,2112.0,0b0000100001000000,0b00,VI produced with good quality,0b0000,Highest quality,0b01,Low,0b0,No,0b0,No,0b0,No,0b001,Land (Nothing else but land),0b0,No,0b0,No
Irrigated,US-NE2,41.1649,-96.4071,2010-05-09,h10v04,2120.0,1781.0,0.1989,0.2794,2112.0,0b0000100001000000,0b00,VI produced with good quality,0b0000,Highest quality,0b01,Low,0b0,No,0b0,No,0b0,No,0b001,Land (Nothing else but land),0b0,No,0b0,No
Irrigated,US-NE2,41.1649,-96.4071,2010-05-25,h10v04,2120.0,1781.0,0.2314,0.3602,2112.0,0b0000100001000000,0b00,VI produced with good quality,0b0000,Highest quality,0b01,Low,0b0,No,0b0,No,0b0,No,0b001,Land (Nothing else but land),0b0,No,0b0,No
Irrigated,US-NE2,41.1649,-96.4071,2010-06-10,h10v04,2120.0,1781.0,0.3946,0.5764,2112.0,0b0000100001000000,0b00,VI produced with good quality,0b0000,Highest quality,0b01,Low,0b0,No,0b0,No,0b0,No,0b001,Land (Nothing else but land),0b0,No,0b0,No
Irrigated,US-NE2,41.1649,-96.4071,2010-06-26,h10v04,2120.0,1781.0,0.4612,0.6431,2112.0,0b0000100001000000,0b00,VI produced with good quality,0b0000,Highest quality,0b01,Low,0b0,No,0b0,No,0b0,No,0b001,Land (Nothing else but land),0b0,No,0b0,No
Irrigated,US-NE2,41.1649,-96.4071,2010-07-12,h10v04,2120.0,1781.0,0.6637,0.8156,2112.0,0b0000100001000000,0b00,VI produced with good quality,0b0000,Highest quality,0b01,Low,0b0,No,0b0,No,0b0,No,0b001,Land (Nothing else but land),0b0,No,0b0,No
Irrigated,US-NE2,41.1649,-96.4071,2010-07-28,h10v04,2120.0,1781.0,0.718,0.8234,2112.0,0b0000100001000000,0b00,VI produced with good quality,0b0000,Highest quality,0b01,Low,0b0,No,0b0,No,0b0,No,0b001,Land (Nothing else but land),0b0,No,0b0,No
Irrigated,US-NE2,41.1649,-96.4071,2010-08-13,h10v04,2120.0,1781.0,0.5526,0.7689,2112.0,0b0000100001000000,0b00,VI produced with good quality,0b0000,Highest quality,0b01,Low,0b0,No,0b0,No,0b0,No,0b001,Land (Nothing else but land),0b0,No,0b0,No
Irrigated,US-NE2,41.1649,-96.4071,2010-08-29,h10v04,2120.0,1781.0,0.6051,0.7881,2112.0,0b0000100001000000,0b00,VI produced with good quality,0b0000,Highest quality,0b01,Low,0b0,No,0b0,No,0b0,No,0b001,Land (Nothing else but land),0b0,No,0b0,No
Irrigated,US-NE2,41.1649,-96.4071,2010-09-14,h10v04,2120.0,1781.0,0.3544,0.6293,2112.0,0b0000100001000000,0b00,VI produced with good quality,0b0000,Highest quality,0b01,Low,0b0,No,0b0,No,0b0,No,0b001,Land (Nothing else but land),0b0,No,0b0,No
Irrigated,US-NE2,41.1649,-96.4071,2010-09-30,h10v04,2120.0,1781.0,0.1792,0.3755,2112.0,0b0000100001000000,0b00,VI produced with good quality,0b0000,Highest quality,0b01,Low,0b0,No,0b0,No,0b0,No,0b001,Land (Nothing else but land),0b0,No,0b0,No
Irrigated,US-NE2,41.1649,-96.4071,2010-10-16,h10v04,2120.0,1781.0,0.2022,0.3032,2112.0,0b0000100001000000,0b00,VI produced with good quality,0b0000,Highest quality,0b01,Low,0b0,No,0b0,No,0b0,No,0b001,Land (Nothing else but land),0b0,No,0b0,No
Irrigated,US-NE2,41.1649,-96.4071,2010-11-01,h10v04,2120.0,1781.0,0.1584,0.2882,4164.0,0b0001000001000100,0b00,VI produced with good quality,0b0001,Lower quality,0b01,Low,0b0,No,0b0,No,0b0,No,0b010,Ocean coastlines and lake shorelines,0b0,No,0b0,No
Irrigated,US-NE2,41.1649,-96.4071,2010-11-17,h10v04,2120.0,1781.0,0.1851,0.2919,2116.0,0b0000100001000100,0b00,VI produced with good quality,0b0001,Lower quality,0b01,Low,0b0,No,0b0,No,0b0,No,0b001,Land (Nothing else but land),0b0,No,0b0,No
Irrigated,US-NE2,41.1649,-96.4071,2010-12-03,h10v04,2120.0,1781.0,0.1666,0.2425,2116.0,0b0000100001000100,0b00,VI produced with good quality,0b0001,Lower quality,0b01,Low,0b0,No,0b0,No,0b0,No,0b001,Land (Nothing else but land),0b0,No,0b0,No
Irrigated,US-NE2,41.1649,-96.4071,2010-12-19,h10v04,2120.0,1781.0,0.164,0.2815,2120.0,0b0000100001001000,0b00,VI produced with good quality,0b0010,Decreasing quality (0010),0b01,Low,0b0,No,0b0,No,0b0,No,0b001,Land (Nothing else but land),0b0,No,0b0,No
Irrigated,US-NE2,41.1649,-96.4071,2011-01-01,h10v04,2120.0,1781.0,-0.026,-0.0167,18453.0,0b0100100000010101,0b01,"VI produced, but check other QA",0b0101,Decreasing quality (0101),0b00,Climatology,0b0,No,0b0,No,0b0,No,0b001,Land (Nothing else but land),0b1,Yes,0b0,No
Irrigated,US-NE2,41.1649,-96.4071,2011-01-17,h10v04,2120.0,1781.0,-0.0533,-0.0338,18449.0,0b0100100000010001,0b01,"VI produced, but check other QA",0b0100,Decreasing quality (0100),0b00,Climatology,0b0,No,0b0,No,0b0,No,0b001,Land (Nothing else but land),0b1,Yes,0b0,No
Irrigated,US-NE2,41.1649,-96.4071,2011-02-02,h10v04,2120.0,1781.0,0.1267,0.231,2116.0,0b0000100001000100,0b00,VI produced with good quality,0b0001,Lower quality,0b01,Low,0b0,No,0b0,No,0b0,No,0b001,Land (Nothing else but land),0b0,No,0b0,No
Irrigated,US-NE2,41.1649,-96.4071,2011-02-18,h10v04,2120.0,1781.0,0.1412,0.252,2112.0,0b0000100001000000,0b00,VI produced with good quality,0b0000,Highest quality,0b01,Low,0b0,No,0b0,No,0b0,No,0b001,Land (Nothing else but land),0b0,No,0b0,No
Irrigated,US-NE2,41.1649,-96.4071,2011-03-06,h10v04,2120.0,1781.0,0.1454,0.2606,2112.0,0b0000100001000000,0b00,VI produced with good quality,0b0000,Highest quality,0b01,Low,0b0,No,0b0,No,0b0,No,0b001,Land (Nothing else but land),0b0,No,0b0,No
Irrigated,US-NE2,41.1649,-96.4071,2011-03-22,h10v04,2120.0,1781.0,0.1371,0.2524,2112.0,0b0000100001000000,0b00,VI produced with good quality,0b0000,Highest quality,0b01,Low,0b0,No,0b0,No,0b0,No,0b001,Land (Nothing else but land),0b0,No,0b0,No
Irrigated,US-NE2,41.1649,-96.4071,2011-04-07,h10v04,2120.0,1781.0,0.1997,0.3187,2116.0,0b0000100001000100,0b00,VI produced with good quality,0b0001,Lower quality,0b01,Low,0b0,No,0b0,No,0b0,No,0b001,Land (Nothing else but land),0b0,No,0b0,No
Irrigated,US-NE2,41.1649,-96.4071,2011-04-23,h10v04,2120.0,1781.0,0.1619,0.2845,2112.0,0b0000100001000000,0b00,VI produced with good quality,0b0000,Highest quality,0b01,Low,0b0,No,0b0,No,0b0,No,0b001,Land (Nothing else but land),0b0,No,0b0,No
Irrigated,US-NE2,41.1649,-96.4071,2011-05-09,h10v04,2120.0,1781.0,0.2351,0.334,4160.0,0b0001000001000000,0b00,VI produced with good quality,0b0000,Highest quality,0b01,Low,0b0,No,0b0,No,0b0,No,0b010,Ocean coastlines and lake shorelines,0b0,No,0b0,No
Irrigated,US-NE2,41.1649,-96.4071,2011-05-25,h10v04,2120.0,1781.0,0.1967,0.3768,2112.0,0b0000100001000000,0b00,VI produced with good quality,0b0000,Highest quality,0b01,Low,0b0,No,0b0,No,0b0,No,0b001,Land (Nothing else but land),0b0,No,0b0,No
Irrigated,US-NE2,41.1649,-96.4071,2011-06-10,h10v04,2120.0,1781.0,0.352,0.4177,3098.0,0b0000110000011010,0b10,"Pixel produced, but most probably cloudy",0b0110,Decreasing quality (0110),0b00,Climatology,0b0,No,0b0,No,0b1,Yes,0b001,Land (Nothing else but land),0b0,No,0b0,No
Irrigated,US-NE2,41.1649,-96.4071,2011-06-26,h10v04,2120.0,1781.0,0.469,0.6632,2112.0,0b0000100001000000,0b00,VI produced with good quality,0b0000,Highest quality,0b01,Low,0b0,No,0b0,No,0b0,No,0b001,Land (Nothing else but land),0b0,No,0b0,No
Irrigated,US-NE2,41.1649,-96.4071,2011-07-12,h10v04,2120.0,1781.0,0.6248,0.7882,2112.0,0b0000100001000000,0b00,VI produced with good quality,0b0000,Highest quality,0b01,Low,0b0,No,0b0,No,0b0,No,0b001,Land (Nothing else but land),0b0,No,0b0,No
Irrigated,US-NE2,41.1649,-96.4071,2011-07-28,h10v04,2120.0,1781.0,0.5914,0.8058,4160.0,0b0001000001000000,0b00,VI produced with good quality,0b0000,Highest quality,0b01,Low,0b0,No,0b0,No,0b0,No,0b010,Ocean coastlines and lake shorelines,0b0,No,0b0,No
Irrigated,US-NE2,41.1649,-96.4071,2011-08-13,h10v04,2120.0,1781.0,0.5958,0.8037,2112.0,0b0000100001000000,0b00,VI produced with good quality,0b0000,Highest quality,0b01,Low,0b0,No,0b0,No,0b0,No,0b001,Land (Nothing else but land),0b0,No,0b0,No
Irrigated,US-NE2,41.1649,-96.4071,2011-08-29,h10v04,2120.0,1781.0,0.4589,0.712,4160.0,0b0001000001000000,0b00,VI produced with good quality,0b0000,Highest quality,0b01,Low,0b0,No,0b0,No,0b0,No,0b010,Ocean coastlines and lake shorelines,0b0,No,0b0,No
Irrigated,US-NE2,41.1649,-96.4071,2011-09-14,h10v04,2120.0,1781.0,0.2645,0.4852,2112.0,0b0000100001000000,0b00,VI produced with good quality,0b0000,Highest quality,0b01,Low,0b0,No,0b0,No,0b0,No,0b001,Land (Nothing else but land),0b0,No,0b0,No
Irrigated,US-NE2,41.1649,-96.4071,2011-09-30,h10v04,2120.0,1781.0,0.2273,0.4307,2112.0,0b0000100001000000,0b00,VI produced with good quality,0b0000,Highest quality,0b01,Low,0b0,No,0b0,No,0b0,No,0b001,Land (Nothing else but land),0b0,No,0b0,No
Irrigated,US-NE2,41.1649,-96.4071,2011-10-16,h10v04,2120.0,1781.0,0.1851,0.3362,2112.0,0b0000100001000000,0b00,VI produced with good quality,0b0000,Highest quality,0b01,Low,0b0,No,0b0,No,0b0,No,0b001,Land (Nothing else but land),0b0,No,0b0,No
Irrigated,US-NE2,41.1649,-96.4071,2011-11-01,h10v04,2120.0,1781.0,0.2085,0.2725,5198.0,0b0001010001001110,0b10,"Pixel produced, but most probably cloudy",0b0011,Decreasing quality (0011),0b01,Low,0b0,No,0b0,No,0b1,Yes,0b010,Ocean coastlines and lake shorelines,0b0,No,0b0,No
Irrigated,US-NE2,41.1649,-96.4071,2011-11-17,h10v04,2120.0,1781.0,0.1764,0.2616,2116.0,0b0000100001000100,0b00,VI produced with good quality,0b0001,Lower quality,0b01,Low,0b0,No,0b0,No,0b0,No,0b001,Land (Nothing else but land),0b0,No,0b0,No
Irrigated,US-NE2,41.1649,-96.4071,2011-12-03,h10v04,2120.0,1781.0,0.1502,0.2346,2116.0,0b0000100001000100,0b00,VI produced with good quality,0b0001,Lower quality,0b01,Low,0b0,No,0b0,No,0b0,No,0b001,Land (Nothing else but land),0b0,No,0b0,No
Irrigated,US-NE2,41.1649,-96.4071,2011-12-19,h10v04,2120.0,1781.0,0.1634,0.2663,2120.0,0b0000100001001000,0b00,VI produced with good quality,0b0010,Decreasing quality (0010),0b01,Low,0b0,No,0b0,No,0b0,No,0b001,Land (Nothing else but land),0b0,No,0b0,No
Irrigated,US-NE2,41.1649,-96.4071,2012-01-01,h10v04,2120.0,1781.0,0.1421,0.233,2116.0,0b0000100001000100,0b00,VI produced with good quality,0b0001,Lower quality,0b01,Low,0b0,No,0b0,No,0b0,No,0b001,Land (Nothing else but land),0b0,No,0b0,No
Irrigated,US-NE2,41.1649,-96.4071,2012-01-17,h10v04,2120.0,1781.0,0.1378,0.2274,2116.0,0b0000100001000100,0b00,VI produced with good quality,0b0001,Lower quality,0b01,Low,0b0,No,0b0,No,0b0,No,0b001,Land (Nothing else but land),0b0,No,0b0,No
Irrigated,US-NE2,41.1649,-96.4071,2012-02-02,h10v04,2120.0,1781.0,-0.0373,-0.0236,20493.0,0b0101000000001101,0b01,"VI produced, but check other QA",0b0011,Decreasing quality (0011),0b00,Climatology,0b0,No,0b0,No,0b0,No,0b010,Ocean coastlines and lake shorelines,0b1,Yes,0b0,No
Irrigated,US-NE2,41.1649,-96.4071,2012-02-18,h10v04,2120.0,1781.0,0.1443,0.2542,2112.0,0b0000100001000000,0b00,VI produced with good quality,0b0000,Highest quality,0b01,Low,0b0,No,0b0,No,0b0,No,0b001,Land (Nothing else but land),0b0,No,0b0,No
Irrigated,US-NE2,41.1649,-96.4071,2012-03-05,h10v04,2120.0,1781.0,0.1553,0.2555,2112.0,0b0000100001000000,0b00,VI produced with good quality,0b0000,Highest quality,0b01,Low,0b0,No,0b0,No,0b0,No,0b001,Land (Nothing else but land),0b0,No,0b0,No
Irrigated,US-NE2,41.1649,-96.4071,2012-03-21,h10v04,2120.0,1781.0,0.2225,0.3786,2112.0,0b0000100001000000,0b00,VI produced with good quality,0b0000,Highest quality,0b01,Low,0b0,No,0b0,No,0b0,No,0b001,Land (Nothing else but land),0b0,No,0b0,No
Irrigated,US-NE2,41.1649,-96.4071,2012-04-06,h10v04,2120.0,1781.0,0.2374,0.3723,2112.0,0b0000100001000000,0b00,VI produced with good quality,0b0000,Highest quality,0b01,Low,0b0,No,0b0,No,0b0,No,0b001,Land (Nothing else but land),0b0,No,0b0,No
Irrigated,US-NE2,41.1649,-96.4071,2012-04-22,h10v04,2120.0,1781.0,0.2296,0.3994,4229.0,0b0001000010000101,0b01,"VI produced, but check other QA",0b0001,Lower quality,0b10,Average,0b0,No,0b0,No,0b0,No,0b010,Ocean coastlines and lake shorelines,0b0,No,0b0,No
Irrigated,US-NE2,41.1649,-96.4071,2012-05-08,h10v04,2120.0,1781.0,0.3207,0.4624,2112.0,0b0000100001000000,0b00,VI produced with good quality,0b0000,Highest quality,0b01,Low,0b0,No,0b0,No,0b0,No,0b001,Land (Nothing else but land),0b0,No,0b0,No
Irrigated,US-NE2,41.1649,-96.4071,2012-05-24,h10v04,2120.0,1781.0,0.2985,0.5323,2112.0,0b0000100001000000,0b00,VI produced with good quality,0b0000,Highest quality,0b01,Low,0b0,No,0b0,No,0b0,No,0b001,Land (Nothing else but land),0b0,No,0b0,No
Irrigated,US-NE2,41.1649,-96.4071,2012-06-09,h10v04,2120.0,1781.0,0.313,0.4486,2116.0,0b0000100001000100,0b00,VI produced with good quality,0b0001,Lower quality,0b01,Low,0b0,No,0b0,No,0b0,No,0b001,Land (Nothing else but land),0b0,No,0b0,No
Irrigated,US-NE2,41.1649,-96.4071,2012-06-25,h10v04,2120.0,1781.0,0.4187,0.5808,2112.0,0b0000100001000000,0b00,VI produced with good quality,0b0000,Highest quality,0b01,Low,0b0,No,0b0,No,0b0,No,0b001,Land (Nothing else but land),0b0,No,0b0,No
Irrigated,US-NE2,41.1649,-96.4071,2012-07-11,h10v04,2120.0,1781.0,0.4976,0.6893,2112.0,0b0000100001000000,0b00,VI produced with good quality,0b0000,Highest quality,0b01,Low,0b0,No,0b0,No,0b0,No,0b001,Land (Nothing else but land),0b0,No,0b0,No
Irrigated,US-NE2,41.1649,-96.4071,2012-07-27,h10v04,2120.0,1781.0,0.388,0.566,2112.0,0b0000100001000000,0b00,VI produced with good quality,0b0000,Highest quality,0b01,Low,0b0,No,0b0,No,0b0,No,0b001,Land (Nothing else but land),0b0,No,0b0,No
Irrigated,US-NE2,41.1649,-96.4071,2012-08-12,h10v04,2120.0,1781.0,0.5999,0.7971,2181.0,0b0000100010000101,0b01,"VI produced, but check other QA",0b0001,Lower quality,0b10,Average,0b0,No,0b0,No,0b0,No,0b001,Land (Nothing else but land),0b0,No,0b0,No
Irrigated,US-NE2,41.1649,-96.4071,2012-08-28,h10v04,2120.0,1781.0,0.5358,0.7111,4229.0,0b0001000010000101,0b01,"VI produced, but check other QA",0b0001,Lower quality,0b10,Average,0b0,No,0b0,No,0b0,No,0b010,Ocean coastlines and lake shorelines,0b0,No,0b0,No
Irrigated,US-NE2,41.1649,-96.4071,2012-09-13,h10v04,2120.0,1781.0,0.3135,0.4839,4160.0,0b0001000001000000,0b00,VI produced with good quality,0b0000,Highest quality,0b01,Low,0b0,No,0b0,No,0b0,No,0b010,Ocean coastlines and lake shorelines,0b0,No,0b0,No
Irrigated,US-NE2,41.1649,-96.4071,2012-09-29,h10v04,2120.0,1781.0,0.2252,0.3375,2112.0,0b0000100001000000,0b00,VI produced with good quality,0b0000,Highest quality,0b01,Low,0b0,No,0b0,No,0b0,No,0b001,Land (Nothing else but land),0b0,No,0b0,No
Irrigated,US-NE2,41.1649,-96.4071,2012-10-15,h10v04,2120.0,1781.0,0.1708,0.2645,2112.0,0b0000100001000000,0b00,VI produced with good quality,0b0000,Highest quality,0b01,Low,0b0,No,0b0,No,0b0,No,0b001,Land (Nothing else but land),0b0,No,0b0,No
Irrigated,US-NE2,41.1649,-96.4071,2012-10-31,h10v04,2120.0,1781.0,0.163,0.2976,2116.0,0b0000100001000100,0b00,VI produced with good quality,0b0001,Lower quality,0b01,Low,0b0,No,0b0,No,0b0,No,0b001,Land (Nothing else but land),0b0,No,0b0,No
Irrigated,US-NE2,41.1649,-96.4071,2012-11-16,h10v04,2120.0,1781.0,0.1471,0.2789,4233.0,0b0001000010001001,0b01,"VI produced, but check other QA",0b0010,Decreasing quality (0010),0b10,Average,0b0,No,0b0,No,0b0,No,0b010,Ocean coastlines and lake shorelines,0b0,No,0b0,No
Irrigated,US-NE2,41.1649,-96.4071,2012-12-02,h10v04,2120.0,1781.0,0.1482,0.2815,2116.0,0b0000100001000100,0b00,VI produced with good quality,0b0001,Lower quality,0b01,Low,0b0,No,0b0,No,0b0,No,0b001,Land (Nothing else but land),0b0,No,0b0,No
Irrigated,US-NE2,41.1649,-96.4071,2012-12-18,h10v04,2120.0,1781.0,-0.026,-0.0237,18457.0,0b0100100000011001,0b01,"VI produced, but check other QA",0b0110,Decreasing quality (0110),0b00,Climatology,0b0,No,0b0,No,0b0,No,0b001,Land (Nothing else but land),0b1,Yes,0b0,No
Irrigated,US-NE2,41.1649,-96.4071,2013-01-01,h10v04,2120.0,1781.0,-0.0443,-0.0288,18449.0,0b0100100000010001,0b01,"VI produced, but check other QA",0b0100,Decreasing quality (0100),0b00,Climatology,0b0,No,0b0,No,0b0,No,0b001,Land (Nothing else but land),0b1,Yes,0b0,No
Irrigated,US-NE2,41.1649,-96.4071,2013-01-17,h10v04,2120.0,1781.0,0.1103,0.2415,4237.0,0b0001000010001101,0b01,"VI produced, but check other QA",0b0011,Decreasing quality (0011),0b10,Average,0b0,No,0b0,No,0b0,No,0b010,Ocean coastlines and lake shorelines,0b0,No,0b0,No
Irrigated,US-NE2,41.1649,-96.4071,2013-02-02,h10v04,2120.0,1781.0,0.1252,0.2786,4160.0,0b0001000001000000,0b00,VI produced with good quality,0b0000,Highest quality,0b01,Low,0b0,No,0b0,No,0b0,No,0b010,Ocean coastlines and lake shorelines,0b0,No,0b0,No
Irrigated,US-NE2,41.1649,-96.4071,2013-02-18,h10v04,2120.0,1781.0,0.1494,0.3016,2112.0,0b0000100001000000,0b00,VI produced with good quality,0b0000,Highest quality,0b01,Low,0b0,No,0b0,No,0b0,No,0b001,Land (Nothing else but land),0b0,No,0b0,No
Irrigated,US-NE2,41.1649,-96.4071,2013-03-06,h10v04,2120.0,1781.0,0.1212,0.2488,2181.0,0b0000100010000101,0b01,"VI produced, but check other QA",0b0001,Lower quality,0b10,Average,0b0,No,0b0,No,0b0,No,0b001,Land (Nothing else but land),0b0,No,0b0,No
Irrigated,US-NE2,41.1649,-96.4071,2013-03-22,h10v04,2120.0,1781.0,0.1464,0.2895,4160.0,0b0001000001000000,0b00,VI produced with good quality,0b0000,Highest quality,0b01,Low,0b0,No,0b0,No,0b0,No,0b010,Ocean coastlines and lake shorelines,0b0,No,0b0,No
Irrigated,US-NE2,41.1649,-96.4071,2013-04-07,h10v04,2120.0,1781.0,0.1864,0.3632,2112.0,0b0000100001000000,0b00,VI produced with good quality,0b0000,Highest quality,0b01,Low,0b0,No,0b0,No,0b0,No,0b001,Land (Nothing else but land),0b0,No,0b0,No
Irrigated,US-NE2,41.1649,-96.4071,2013-04-23,h10v04,2120.0,1781.0,0.1624,0.3394,4229.0,0b0001000010000101,0b01,"VI produced, but check other QA",0b0001,Lower quality,0b10,Average,0b0,No,0b0,No,0b0,No,0b010,Ocean coastlines and lake shorelines,0b0,No,0b0,No
Irrigated,US-NE2,41.1649,-96.4071,2013-05-09,h10v04,2120.0,1781.0,0.2032,0.3547,2181.0,0b0000100010000101,0b01,"VI produced, but check other QA",0b0001,Lower quality,0b10,Average,0b0,No,0b0,No,0b0,No,0b001,Land (Nothing else but land),0b0,No,0b0,No
Irrigated,US-NE2,41.1649,-96.4071,2013-05-25,h10v04,2120.0,1781.0,0.3035,0.5054,4160.0,0b0001000001000000,0b00,VI produced with good quality,0b0000,Highest quality,0b01,Low,0b0,No,0b0,No,0b0,No,0b010,Ocean coastlines and lake shorelines,0b0,No,0b0,No
Irrigated,US-NE2,41.1649,-96.4071,2013-06-10,h10v04,2120.0,1781.0,0.4322,0.5621,2181.0,0b0000100010000101,0b01,"VI produced, but check other QA",0b0001,Lower quality,0b10,Average,0b0,No,0b0,No,0b0,No,0b001,Land (Nothing else but land),0b0,No,0b0,No
Irrigated,US-NE2,41.1649,-96.4071,2013-06-26,h10v04,2120.0,1781.0,0.4619,0.6555,2181.0,0b0000100010000101,0b01,"VI produced, but check other QA",0b0001,Lower quality,0b10,Average,0b0,No,0b0,No,0b0,No,0b001,Land (Nothing else but land),0b0,No,0b0,No
Irrigated,US-NE2,41.1649,-96.4071,2013-07-12,h10v04,2120.0,1781.0,0.6308,0.8225,2112.0,0b0000100001000000,0b00,VI produced with good quality,0b0000,Highest quality,0b01,Low,0b0,No,0b0,No,0b0,No,0b001,Land (Nothing else but land),0b0,No,0b0,No
Irrigated,US-NE2,41.1649,-96.4071,2013-07-28,h10v04,2120.0,1781.0,0.5985,0.7537,4365.0,0b0001000100001101,0b01,"VI produced, but check other QA",0b0011,Decreasing quality (0011),0b00,Climatology,0b1,Yes,0b0,No,0b0,No,0b010,Ocean coastlines and lake shorelines,0b0,No,0b0,No
Irrigated,US-NE2,41.1649,-96.4071,2013-08-13,h10v04,2120.0,1781.0,0.6114,0.7491,2116.0,0b0000100001000100,0b00,VI produced with good quality,0b0001,Lower quality,0b01,Low,0b0,No,0b0,No,0b0,No,0b001,Land (Nothing else but land),0b0,No,0b0,No
Irrigated,US-NE2,41.1649,-96.4071,2013-08-29,h10v04,2120.0,1781.0,0.5714,0.7633,2112.0,0b0000100001000000,0b00,VI produced with good quality,0b0000,Highest quality,0b01,Low,0b0,No,0b0,No,0b0,No,0b001,Land (Nothing else but land),0b0,No,0b0,No
Irrigated,US-NE2,41.1649,-96.4071,2013-09-14,h10v04,2120.0,1781.0,0.2949,0.5284,2112.0,0b0000100001000000,0b00,VI produced with good quality,0b0000,Highest quality,0b01,Low,0b0,No,0b0,No,0b0,No,0b001,Land (Nothing else but land),0b0,No,0b0,No
Irrigated,US-NE2,41.1649,-96.4071,2013-09-30,h10v04,2120.0,1781.0,0.2587,0.4626,2112.0,0b0000100001000000,0b00,VI produced with good quality,0b0000,Highest quality,0b01,Low,0b0,No,0b0,No,0b0,No,0b001,Land (Nothing else but land),0b0,No,0b0,No
Irrigated,US-NE2,41.1649,-96.4071,2013-10-16,h10v04,2120.0,1781.0,0.2118,0.3385,2112.0,0b0000100001000000,0b00,VI produced with good quality,0b0000,Highest quality,0b01,Low,0b0,No,0b0,No,0b0,No,0b001,Land (Nothing else but land),0b0,No,0b0,No
Irrigated,US-NE2,41.1649,-96.4071,2013-11-01,h10v04,2120.0,1781.0,0.1732,0.3181,2112.0,0b0000100001000000,0b00,VI produced with good quality,0b0000,Highest quality,0b01,Low,0b0,No,0b0,No,0b0,No,0b001,Land (Nothing else but land),0b0,No,0b0,No
Irrigated,US-NE2,41.1649,-96.4071,2013-11-17,h10v04,2120.0,1781.0,0.1721,0.2637,2116.0,0b0000100001000100,0b00,VI produced with good quality,0b0001,Lower quality,0b01,Low,0b0,No,0b0,No,0b0,No,0b001,Land (Nothing else but land),0b0,No,0b0,No
Irrigated,US-NE2,41.1649,-96.4071,2013-12-03,h10v04,2120.0,1781.0,0.1934,0.2958,2116.0,0b0000100001000100,0b00,VI produced with good quality,0b0001,Lower quality,0b01,Low,0b0,No,0b0,No,0b0,No,0b001,Land (Nothing else but land),0b0,No,0b0,No
Irrigated,US-NE2,41.1649,-96.4071,2013-12-19,h10v04,2120.0,1781.0,0.1389,0.2323,2120.0,0b0000100001001000,0b00,VI produced with good quality,0b0010,Decreasing quality (0010),0b01,Low,0b0,No,0b0,No,0b0,No,0b001,Land (Nothing else but land),0b0,No,0b0,No
Irrigated,US-NE2,41.1649,-96.4071,2014-01-01,h10v04,2120.0,1781.0,0.1661,0.2699,2116.0,0b0000100001000100,0b00,VI produced with good quality,0b0001,Lower quality,0b01,Low,0b0,No,0b0,No,0b0,No,0b001,Land (Nothing else but land),0b0,No,0b0,No
Irrigated,US-NE2,41.1649,-96.4071,2014-01-17,h10v04,2120.0,1781.0,0.1454,0.2479,2116.0,0b0000100001000100,0b00,VI produced with good quality,0b0001,Lower quality,0b01,Low,0b0,No,0b0,No,0b0,No,0b001,Land (Nothing else but land),0b0,No,0b0,No
Irrigated,US-NE2,41.1649,-96.4071,2014-02-02,h10v04,2120.0,1781.0,0.178,0.2724,2112.0,0b0000100001000000,0b00,VI produced with good quality,0b0000,Highest quality,0b01,Low,0b0,No,0b0,No,0b0,No,0b001,Land (Nothing else but land),0b0,No,0b0,No
Irrigated,US-NE2,41.1649,-96.4071,2014-02-18,h10v04,2120.0,1781.0,0.1533,0.2591,2112.0,0b0000100001000000,0b00,VI produced with good quality,0b0000,Highest quality,0b01,Low,0b0,No,0b0,No,0b0,No,0b001,Land (Nothing else but land),0b0,No,0b0,No
Irrigated,US-NE2,41.1649,-96.4071,2014-03-06,h10v04,2120.0,1781.0,0.1397,0.255,2112.0,0b0000100001000000,0b00,VI produced with good quality,0b0000,Highest quality,0b01,Low,0b0,No,0b0,No,0b0,No,0b001,Land (Nothing else but land),0b0,No,0b0,No
Irrigated,US-NE2,41.1649,-96.4071,2014-03-22,h10v04,2120.0,1781.0,0.1419,0.2302,4160.0,0b0001000001000000,0b00,VI produced with good quality,0b0000,Highest quality,0b01,Low,0b0,No,0b0,No,0b0,No,0b010,Ocean coastlines and lake shorelines,0b0,No,0b0,No
Irrigated,US-NE2,41.1649,-96.4071,2014-04-07,h10v04,2120.0,1781.0,0.1472,0.2271,2112.0,0b0000100001000000,0b00,VI produced with good quality,0b0000,Highest quality,0b01,Low,0b0,No,0b0,No,0b0,No,0b001,Land (Nothing else but land),0b0,No,0b0,No
Irrigated,US-NE2,41.1649,-96.4071,2014-04-23,h10v04,2120.0,1781.0,0.1772,0.2984,2112.0,0b0000100001000000,0b00,VI produced with good quality,0b0000,Highest quality,0b01,Low,0b0,No,0b0,No,0b0,No,0b001,Land (Nothing else but land),0b0,No,0b0,No
Irrigated,US-NE2,41.1649,-96.4071,2014-05-09,h10v04,2120.0,1781.0,0.2009,0.3248,4229.0,0b0001000010000101,0b01,"VI produced, but check other QA",0b0001,Lower quality,0b10,Average,0b0,No,0b0,No,0b0,No,0b010,Ocean coastlines and lake shorelines,0b0,No,0b0,No
Irrigated,US-NE2,41.1649,-96.4071,2014-05-25,h10v04,2120.0,1781.0,0.292,0.4896,2116.0,0b0000100001000100,0b00,VI produced with good quality,0b0001,Lower quality,0b01,Low,0b0,No,0b0,No,0b0,No,0b001,Land (Nothing else but land),0b0,No,0b0,No
Irrigated,US-NE2,41.1649,-96.4071,2014-06-10,h10v04,2120.0,1781.0,0.478,0.6247,2116.0,0b0000100001000100,0b00,VI produced with good quality,0b0001,Lower quality,0b01,Low,0b0,No,0b0,No,0b0,No,0b001,Land (Nothing else but land),0b0,No,0b0,No
Irrigated,US-NE2,41.1649,-96.4071,2014-06-26,h10v04,2120.0,1781.0,0.3748,0.551,2112.0,0b0000100001000000,0b00,VI produced with good quality,0b0000,Highest quality,0b01,Low,0b0,No,0b0,No,0b0,No,0b001,Land (Nothing else but land),0b0,No,0b0,No
Irrigated,US-NE2,41.1649,-96.4071,2014-07-12,h10v04,2120.0,1781.0,0.659,0.7972,2112.0,0b0000100001000000,0b00,VI produced with good quality,0b0000,Highest quality,0b01,Low,0b0,No,0b0,No,0b0,No,0b001,Land (Nothing else but land),0b0,No,0b0,No
Irrigated,US-NE2,41.1649,-96.4071,2014-07-28,h10v04,2120.0,1781.0,0.5952,0.7299,2112.0,0b0000100001000000,0b00,VI produced with good quality,0b0000,Highest quality,0b01,Low,0b0,No,0b0,No,0b0,No,0b001,Land (Nothing else but land),0b0,No,0b0,No
Irrigated,US-NE2,41.1649,-96.4071,2014-08-13,h10v04,2120.0,1781.0,0.6939,0.861,2112.0,0b0000100001000000,0b00,VI produced with good quality,0b0000,Highest quality,0b01,Low,0b0,No,0b0,No,0b0,No,0b001,Land (Nothing else but land),0b0,No,0b0,No
Irrigated,US-NE2,41.1649,-96.4071,2014-08-29,h10v04,2120.0,1781.0,0.4803,0.7331,2112.0,0b0000100001000000,0b00,VI produced with good quality,0b0000,Highest quality,0b01,Low,0b0,No,0b0,No,0b0,No,0b001,Land (Nothing else but land),0b0,No,0b0,No
Irrigated,US-NE2,41.1649,-96.4071,2014-09-14,h10v04,2120.0,1781.0,0.375,0.5997,2112.0,0b0000100001000000,0b00,VI produced with good quality,0b0000,Highest quality,0b01,Low,0b0,No,0b0,No,0b0,No,0b001,Land (Nothing else but land),0b0,No,0b0,No
Irrigated,US-NE2,41.1649,-96.4071,2014-09-30,h10v04,2120.0,1781.0,0.2193,0.3751,2112.0,0b0000100001000000,0b00,VI produced with good quality,0b0000,Highest quality,0b01,Low,0b0,No,0b0,No,0b0,No,0b001,Land (Nothing else but land),0b0,No,0b0,No
Irrigated,US-NE2,41.1649,-96.4071,2014-10-16,h10v04,2120.0,1781.0,0.1713,0.2936,2112.0,0b0000100001000000,0b00,VI produced with good quality,0b0000,Highest quality,0b01,Low,0b0,No,0b0,No,0b0,No,0b001,Land (Nothing else but land),0b0,No,0b0,No
Irrigated,US-NE2,41.1649,-96.4071,2014-11-01,h10v04,2120.0,1781.0,0.1907,0.3349,2112.0,0b0000100001000000,0b00,VI produced with good quality,0b0000,Highest quality,0b01,Low,0b0,No,0b0,No,0b0,No,0b001,Land (Nothing else but land),0b0,No,0b0,No
Irrigated,US-NE2,41.1649,-96.4071,2014-11-17,h10v04,2120.0,1781.0,0.165,0.2676,4164.0,0b0001000001000100,0b00,VI produced with good quality,0b0001,Lower quality,0b01,Low,0b0,No,0b0,No,0b0,No,0b010,Ocean coastlines and lake shorelines,0b0,No,0b0,No
Irrigated,US-NE2,41.1649,-96.4071,2014-12-03,h10v04,2120.0,1781.0,0.1899,0.3077,2189.0,0b0000100010001101,0b01,"VI produced, but check other QA",0b0011,Decreasing quality (0011),0b10,Average,0b0,No,0b0,No,0b0,No,0b001,Land (Nothing else but land),0b0,No,0b0,No
Irrigated,US-NE2,41.1649,-96.4071,2014-12-19,h10v04,2120.0,1781.0,0.1284,0.2997,2120.0,0b0000100001001000,0b00,VI produced with good quality,0b0010,Decreasing quality (0010),0b01,Low,0b0,No,0b0,No,0b0,No,0b001,Land (Nothing else but land),0b0,No,0b0,No
Irrigated,US-NE2,41.1649,-96.4071,2015-01-01,h10v04,2120.0,1781.0,0.1356,0.2724,2116.0,0b0000100001000100,0b00,VI produced with good quality,0b0001,Lower quality,0b01,Low,0b0,No,0b0,No,0b0,No,0b001,Land (Nothing else but land),0b0,No,0b0,No
Irrigated,US-NE2,41.1649,-96.4071,2015-01-17,h10v04,2120.0,1781.0,0.1395,0.2602,2116.0,0b0000100001000100,0b00,VI produced with good quality,0b0001,Lower quality,0b01,Low,0b0,No,0b0,No,0b0,No,0b001,Land (Nothing else but land),0b0,No,0b0,No
Irrigated,US-NE2,41.1649,-96.4071,2015-02-02,h10v04,2120.0,1781.0,-0.0259,-0.0161,18449.0,0b0100100000010001,0b01,"VI produced, but check other QA",0b0100,Decreasing quality (0100),0b00,Climatology,0b0,No,0b0,No,0b0,No,0b001,Land (Nothing else but land),0b1,Yes,0b0,No
Irrigated,US-NE2,41.1649,-96.4071,2015-02-18,h10v04,2120.0,1781.0,0.106,0.1734,2513.0,0b0000100111010001,0b01,"VI produced, but check other QA",0b0100,Decreasing quality (0100),0b11,High,0b1,Yes,0b0,No,0b0,No,0b001,Land (Nothing else but land),0b0,No,0b0,No
Irrigated,US-NE2,41.1649,-96.4071,2015-03-06,h10v04,2120.0,1781.0,0.1261,0.2485,2112.0,0b0000100001000000,0b00,VI produced with good quality,0b0000,Highest quality,0b01,Low,0b0,No,0b0,No,0b0,No,0b001,Land (Nothing else but land),0b0,No,0b0,No
Irrigated,US-NE2,41.1649,-96.4071,2015-03-22,h10v04,2120.0,1781.0,0.1641,0.2695,4160.0,0b0001000001000000,0b00,VI produced with good quality,0b0000,Highest quality,0b01,Low,0b0,No,0b0,No,0b0,No,0b010,Ocean coastlines and lake shorelines,0b0,No,0b0,No
Irrigated,US-NE2,41.1649,-96.4071,2015-04-07,h10v04,2120.0,1781.0,0.1521,0.2599,2112.0,0b0000100001000000,0b00,VI produced with good quality,0b0000,Highest quality,0b01,Low,0b0,No,0b0,No,0b0,No,0b001,Land (Nothing else but land),0b0,No,0b0,No
Irrigated,US-NE2,41.1649,-96.4071,2015-04-23,h10v04,2120.0,1781.0,0.2143,0.3504,2181.0,0b0000100010000101,0b01,"VI produced, but check other QA",0b0001,Lower quality,0b10,Average,0b0,No,0b0,No,0b0,No,0b001,Land (Nothing else but land),0b0,No,0b0,No
Irrigated,US-NE2,41.1649,-96.4071,2015-05-09,h10v04,2120.0,1781.0,0.2958,0.4246,2112.0,0b0000100001000000,0b00,VI produced with good quality,0b0000,Highest quality,0b01,Low,0b0,No,0b0,No,0b0,No,0b001,Land (Nothing else but land),0b0,No,0b0,No
Irrigated,US-NE2,41.1649,-96.4071,2015-05-25,h10v04,2120.0,1781.0,0.2465,0.4136,4160.0,0b0001000001000000,0b00,VI produced with good quality,0b0000,Highest quality,0b01,Low,0b0,No,0b0,No,0b0,No,0b010,Ocean coastlines and lake shorelines,0b0,No,0b0,No
Irrigated,US-NE2,41.1649,-96.4071,2015-06-10,h10v04,2120.0,1781.0,0.3548,0.5448,2112.0,0b0000100001000000,0b00,VI produced with good quality,0b0000,Highest quality,0b01,Low,0b0,No,0b0,No,0b0,No,0b001,Land (Nothing else but land),0b0,No,0b0,No
Irrigated,US-NE2,41.1649,-96.4071,2015-06-26,h10v04,2120.0,1781.0,0.6126,0.767,2112.0,0b0000100001000000,0b00,VI produced with good quality,0b0000,Highest quality,0b01,Low,0b0,No,0b0,No,0b0,No,0b001,Land (Nothing else but land),0b0,No,0b0,No
Irrigated,US-NE2,41.1649,-96.4071,2015-07-12,h10v04,2120.0,1781.0,0.4646,0.6189,2112.0,0b0000100001000000,0b00,VI produced with good quality,0b0000,Highest quality,0b01,Low,0b0,No,0b0,No,0b0,No,0b001,Land (Nothing else but land),0b0,No,0b0,No
Irrigated,US-NE2,41.1649,-96.4071,2015-07-28,h10v04,2120.0,1781.0,0.61,0.8079,2181.0,0b0000100010000101,0b01,"VI produced, but check other QA",0b0001,Lower quality,0b10,Average,0b0,No,0b0,No,0b0,No,0b001,Land (Nothing else but land),0b0,No,0b0,No
Irrigated,US-NE2,41.1649,-96.4071,2015-08-13,h10v04,2120.0,1781.0,0.5466,0.7746,2112.0,0b0000100001000000,0b00,VI produced with good quality,0b0000,Highest quality,0b01,Low,0b0,No,0b0,No,0b0,No,0b001,Land (Nothing else but land),0b0,No,0b0,No
Irrigated,US-NE2,41.1649,-96.4071,2015-08-29,h10v04,2120.0,1781.0,0.4863,0.7104,2112.0,0b0000100001000000,0b00,VI produced with good quality,0b0000,Highest quality,0b01,Low,0b0,No,0b0,No,0b0,No,0b001,Land (Nothing else but land),0b0,No,0b0,No
Irrigated,US-NE2,41.1649,-96.4071,2015-09-14,h10v04,2120.0,1781.0,0.3424,0.6034,2112.0,0b0000100001000000,0b00,VI produced with good quality,0b0000,Highest quality,0b01,Low,0b0,No,0b0,No,0b0,No,0b001,Land (Nothing else but land),0b0,No,0b0,No
Irrigated,US-NE2,41.1649,-96.4071,2015-09-30,h10v04,2120.0,1781.0,0.2516,0.4897,2112.0,0b0000100001000000,0b00,VI produced with good quality,0b0000,Highest quality,0b01,Low,0b0,No,0b0,No,0b0,No,0b001,Land (Nothing else but land),0b0,No,0b0,No
Irrigated,US-NE2,41.1649,-96.4071,2015-10-16,h10v04,2120.0,1781.0,0.2569,0.4227,2112.0,0b0000100001000000,0b00,VI produced with good quality,0b0000,Highest quality,0b01,Low,0b0,No,0b0,No,0b0,No,0b001,Land (Nothing else but land),0b0,No,0b0,No
Irrigated,US-NE2,41.1649,-96.4071,2015-11-01,h10v04,2120.0,1781.0,0.2187,0.3372,2116.0,0b0000100001000100,0b00,VI produced with good quality,0b0001,Lower quality,0b01,Low,0b0,No,0b0,No,0b0,No,0b001,Land (Nothing else but land),0b0,No,0b0,No
Irrigated,US-NE2,41.1649,-96.4071,2015-11-17,h10v04,2120.0,1781.0,0.191,0.3119,2116.0,0b0000100001000100,0b00,VI produced with good quality,0b0001,Lower quality,0b01,Low,0b0,No,0b0,No,0b0,No,0b001,Land (Nothing else but land),0b0,No,0b0,No
Irrigated,US-NE2,41.1649,-96.4071,2015-12-03,h10v04,2120.0,1781.0,0.1611,0.2658,2116.0,0b0000100001000100,0b00,VI produced with good quality,0b0001,Lower quality,0b01,Low,0b0,No,0b0,No,0b0,No,0b001,Land (Nothing else but land),0b0,No,0b0,No
Irrigated,US-NE2,41.1649,-96.4071,2015-12-19,h10v04,2120.0,1781.0,0.154,0.2635,4168.0,0b0001000001001000,0b00,VI produced with good quality,0b0010,Decreasing quality (0010),0b01,Low,0b0,No,0b0,No,0b0,No,0b010,Ocean coastlines and lake shorelines,0b0,No,0b0,No
Irrigated,US-NE2,41.1649,-96.4071,2016-01-01,h10v04,2120.0,1781.0,0.0062,0.0047,18449.0,0b0100100000010001,0b01,"VI produced, but check other QA",0b0100,Decreasing quality (0100),0b00,Climatology,0b0,No,0b0,No,0b0,No,0b001,Land (Nothing else but land),0b1,Yes,0b0,No
Irrigated,US-NE2,41.1649,-96.4071,2016-01-17,h10v04,2120.0,1781.0,0.0252,0.0191,18449.0,0b0100100000010001,0b01,"VI produced, but check other QA",0b0100,Decreasing quality (0100),0b00,Climatology,0b0,No,0b0,No,0b0,No,0b001,Land (Nothing else but land),0b1,Yes,0b0,No
Irrigated,US-NE2,41.1649,-96.4071,2016-02-02,h10v04,2120.0,1781.0,-0.0495,-0.0314,18449.0,0b0100100000010001,0b01,"VI produced, but check other QA",0b0100,Decreasing quality (0100),0b00,Climatology,0b0,No,0b0,No,0b0,No,0b001,Land (Nothing else but land),0b1,Yes,0b0,No
Irrigated,US-NE2,41.1649,-96.4071,2016-02-18,h10v04,2120.0,1781.0,0.1553,0.2626,2181.0,0b0000100010000101,0b01,"VI produced, but check other QA",0b0001,Lower quality,0b10,Average,0b0,No,0b0,No,0b0,No,0b001,Land (Nothing else but land),0b0,No,0b0,No
Irrigated,US-NE2,41.1649,-96.4071,2016-03-05,h10v04,2120.0,1781.0,0.1775,0.2856,2112.0,0b0000100001000000,0b00,VI produced with good quality,0b0000,Highest quality,0b01,Low,0b0,No,0b0,No,0b0,No,0b001,Land (Nothing else but land),0b0,No,0b0,No
Irrigated,US-NE2,41.1649,-96.4071,2016-04-06,h10v04,2120.0,1781.0,0.1691,0.2796,2112.0,0b0000100001000000,0b00,VI produced with good quality,0b0000,Highest quality,0b01,Low,0b0,No,0b0,No,0b0,No,0b001,Land (Nothing else but land),0b0,No,0b0,No
Irrigated,US-NE2,41.1649,-96.4071,2016-04-22,h10v04,2120.0,1781.0,0.1828,0.3096,2112.0,0b0000100001000000,0b00,VI produced with good quality,0b0000,Highest quality,0b01,Low,0b0,No,0b0,No,0b0,No,0b001,Land (Nothing else but land),0b0,No,0b0,No
Irrigated,US-NE2,41.1649,-96.4071,2016-05-08,h10v04,2120.0,1781.0,0.2297,0.3585,2112.0,0b0000100001000000,0b00,VI produced with good quality,0b0000,Highest quality,0b01,Low,0b0,No,0b0,No,0b0,No,0b001,Land (Nothing else but land),0b0,No,0b0,No
Irrigated,US-NE2,41.1649,-96.4071,2016-05-24,h10v04,2120.0,1781.0,0.2834,0.5007,2112.0,0b0000100001000000,0b00,VI produced with good quality,0b0000,Highest quality,0b01,Low,0b0,No,0b0,No,0b0,No,0b001,Land (Nothing else but land),0b0,No,0b0,No
Irrigated,US-NE2,41.1649,-96.4071,2016-06-09,h10v04,2120.0,1781.0,0.313,0.4928,4160.0,0b0001000001000000,0b00,VI produced with good quality,0b0000,Highest quality,0b01,Low,0b0,No,0b0,No,0b0,No,0b010,Ocean coastlines and lake shorelines,0b0,No,0b0,No
Irrigated,US-NE2,41.1649,-96.4071,2016-06-25,h10v04,2120.0,1781.0,0.3915,0.559,2112.0,0b0000100001000000,0b00,VI produced with good quality,0b0000,Highest quality,0b01,Low,0b0,No,0b0,No,0b0,No,0b001,Land (Nothing else but land),0b0,No,0b0,No
Irrigated,US-NE2,41.1649,-96.4071,2016-07-11,h10v04,2120.0,1781.0,0.6622,0.8453,2112.0,0b0000100001000000,0b00,VI produced with good quality,0b0000,Highest quality,0b01,Low,0b0,No,0b0,No,0b0,No,0b001,Land (Nothing else but land),0b0,No,0b0,No
Irrigated,US-NE2,41.1649,-96.4071,2016-07-27,h10v04,2120.0,1781.0,0.5605,0.77,4160.0,0b0001000001000000,0b00,VI produced with good quality,0b0000,Highest quality,0b01,Low,0b0,No,0b0,No,0b0,No,0b010,Ocean coastlines and lake shorelines,0b0,No,0b0,No
Irrigated,US-NE2,41.1649,-96.4071,2016-08-12,h10v04,2120.0,1781.0,0.7374,0.8715,2112.0,0b0000100001000000,0b00,VI produced with good quality,0b0000,Highest quality,0b01,Low,0b0,No,0b0,No,0b0,No,0b001,Land (Nothing else but land),0b0,No,0b0,No
Irrigated,US-NE2,41.1649,-96.4071,2016-08-28,h10v04,2120.0,1781.0,0.6599,0.8142,4160.0,0b0001000001000000,0b00,VI produced with good quality,0b0000,Highest quality,0b01,Low,0b0,No,0b0,No,0b0,No,0b010,Ocean coastlines and lake shorelines,0b0,No,0b0,No
Irrigated,US-NE2,41.1649,-96.4071,2016-09-13,h10v04,2120.0,1781.0,0.3703,0.6028,4160.0,0b0001000001000000,0b00,VI produced with good quality,0b0000,Highest quality,0b01,Low,0b0,No,0b0,No,0b0,No,0b010,Ocean coastlines and lake shorelines,0b0,No,0b0,No
Irrigated,US-NE2,41.1649,-96.4071,2016-09-29,h10v04,2120.0,1781.0,0.2207,0.3988,2112.0,0b0000100001000000,0b00,VI produced with good quality,0b0000,Highest quality,0b01,Low,0b0,No,0b0,No,0b0,No,0b001,Land (Nothing else but land),0b0,No,0b0,No
Irrigated,US-NE2,41.1649,-96.4071,2016-10-15,h10v04,2120.0,1781.0,0.1853,0.3441,2112.0,0b0000100001000000,0b00,VI produced with good quality,0b0000,Highest quality,0b01,Low,0b0,No,0b0,No,0b0,No,0b001,Land (Nothing else but land),0b0,No,0b0,No
Irrigated,US-NE2,41.1649,-96.4071,2016-10-31,h10v04,2120.0,1781.0,0.1776,0.2935,2112.0,0b0000100001000000,0b00,VI produced with good quality,0b0000,Highest quality,0b01,Low,0b0,No,0b0,No,0b0,No,0b001,Land (Nothing else but land),0b0,No,0b0,No
Irrigated,US-NE2,41.1649,-96.4071,2016-11-16,h10v04,2120.0,1781.0,0.1687,0.2671,2116.0,0b0000100001000100,0b00,VI produced with good quality,0b0001,Lower quality,0b01,Low,0b0,No,0b0,No,0b0,No,0b001,Land (Nothing else but land),0b0,No,0b0,No
Irrigated,US-NE2,41.1649,-96.4071,2016-12-02,h10v04,2120.0,1781.0,0.1565,0.2615,4164.0,0b0001000001000100,0b00,VI produced with good quality,0b0001,Lower quality,0b01,Low,0b0,No,0b0,No,0b0,No,0b010,Ocean coastlines and lake shorelines,0b0,No,0b0,No
Irrigated,US-NE2,41.1649,-96.4071,2016-12-18,h10v04,2120.0,1781.0,0.1344,0.2716,2116.0,0b0000100001000100,0b00,VI produced with good quality,0b0001,Lower quality,0b01,Low,0b0,No,0b0,No,0b0,No,0b001,Land (Nothing else but land),0b0,No,0b0,No
Irrigated,US-NE2,41.1649,-96.4071,2017-01-01,h10v04,2120.0,1781.0,0.0435,0.0322,18709.0,0b0100100100010101,0b01,"VI produced, but check other QA",0b0101,Decreasing quality (0101),0b00,Climatology,0b1,Yes,0b0,No,0b0,No,0b001,Land (Nothing else but land),0b1,Yes,0b0,No
Irrigated,US-NE2,41.1649,-96.4071,2017-01-17,h10v04,2120.0,1781.0,0.1436,0.296,2116.0,0b0000100001000100,0b00,VI produced with good quality,0b0001,Lower quality,0b01,Low,0b0,No,0b0,No,0b0,No,0b001,Land (Nothing else but land),0b0,No,0b0,No
Irrigated,US-NE2,41.1649,-96.4071,2017-02-02,h10v04,2120.0,1781.0,0.1282,0.2508,4160.0,0b0001000001000000,0b00,VI produced with good quality,0b0000,Highest quality,0b01,Low,0b0,No,0b0,No,0b0,No,0b010,Ocean coastlines and lake shorelines,0b0,No,0b0,No
Irrigated,US-NE2,41.1649,-96.4071,2017-02-18,h10v04,2120.0,1781.0,0.1294,0.2248,4160.0,0b0001000001000000,0b00,VI produced with good quality,0b0000,Highest quality,0b01,Low,0b0,No,0b0,No,0b0,No,0b010,Ocean coastlines and lake shorelines,0b0,No,0b0,No
Irrigated,US-NE2,41.1649,-96.4071,2017-03-06,h10v04,2120.0,1781.0,0.1481,0.2518,2112.0,0b0000100001000000,0b00,VI produced with good quality,0b0000,Highest quality,0b01,Low,0b0,No,0b0,No,0b0,No,0b001,Land (Nothing else but land),0b0,No,0b0,No
Irrigated,US-NE2,41.1649,-96.4071,2017-03-22,h10v04,2120.0,1781.0,0.1848,0.3141,4164.0,0b0001000001000100,0b00,VI produced with good quality,0b0001,Lower quality,0b01,Low,0b0,No,0b0,No,0b0,No,0b010,Ocean coastlines and lake shorelines,0b0,No,0b0,No
Irrigated,US-NE2,41.1649,-96.4071,2017-04-07,h10v04,2120.0,1781.0,0.2218,0.3118,2185.0,0b0000100010001001,0b01,"VI produced, but check other QA",0b0010,Decreasing quality (0010),0b10,Average,0b0,No,0b0,No,0b0,No,0b001,Land (Nothing else but land),0b0,No,0b0,No
Irrigated,US-NE2,41.1649,-96.4071,2017-04-23,h10v04,2120.0,1781.0,0.2292,0.3611,2181.0,0b0000100010000101,0b01,"VI produced, but check other QA",0b0001,Lower quality,0b10,Average,0b0,No,0b0,No,0b0,No,0b001,Land (Nothing else but land),0b0,No,0b0,No
Irrigated,US-NE2,41.1649,-96.4071,2017-05-09,h10v04,2120.0,1781.0,0.2201,0.3772,2112.0,0b0000100001000000,0b00,VI produced with good quality,0b0000,Highest quality,0b01,Low,0b0,No,0b0,No,0b0,No,0b001,Land (Nothing else but land),0b0,No,0b0,No
Irrigated,US-NE2,41.1649,-96.4071,2017-05-25,h10v04,2120.0,1781.0,0.3446,0.5082,2181.0,0b0000100010000101,0b01,"VI produced, but check other QA",0b0001,Lower quality,0b10,Average,0b0,No,0b0,No,0b0,No,0b001,Land (Nothing else but land),0b0,No,0b0,No
Irrigated,US-NE2,41.1649,-96.4071,2017-06-10,h10v04,2120.0,1781.0,0.3619,0.5176,4160.0,0b0001000001000000,0b00,VI produced with good quality,0b0000,Highest quality,0b01,Low,0b0,No,0b0,No,0b0,No,0b010,Ocean coastlines and lake shorelines,0b0,No,0b0,No
Irrigated,US-NE2,41.1649,-96.4071,2017-06-26,h10v04,2120.0,1781.0,0.474,0.7219,2112.0,0b0000100001000000,0b00,VI produced with good quality,0b0000,Highest quality,0b01,Low,0b0,No,0b0,No,0b0,No,0b001,Land (Nothing else but land),0b0,No,0b0,No
Irrigated,US-NE2,41.1649,-96.4071,2017-07-12,h10v04,2120.0,1781.0,0.6076,0.7755,2112.0,0b0000100001000000,0b00,VI produced with good quality,0b0000,Highest quality,0b01,Low,0b0,No,0b0,No,0b0,No,0b001,Land (Nothing else but land),0b0,No,0b0,No
Irrigated,US-NE2,41.1649,-96.4071,2017-07-28,h10v04,2120.0,1781.0,0.6086,0.7921,2112.0,0b0000100001000000,0b00,VI produced with good quality,0b0000,Highest quality,0b01,Low,0b0,No,0b0,No,0b0,No,0b001,Land (Nothing else but land),0b0,No,0b0,No
Irrigated,US-NE2,41.1649,-96.4071,2017-08-13,h10v04,2120.0,1781.0,0.5821,0.8221,2181.0,0b0000100010000101,0b01,"VI produced, but check other QA",0b0001,Lower quality,0b10,Average,0b0,No,0b0,No,0b0,No,0b001,Land (Nothing else but land),0b0,No,0b0,No
Irrigated,US-NE2,41.1649,-96.4071,2017-08-29,h10v04,2120.0,1781.0,0.4235,0.7081,4160.0,0b0001000001000000,0b00,VI produced with good quality,0b0000,Highest quality,0b01,Low,0b0,No,0b0,No,0b0,No,0b010,Ocean coastlines and lake shorelines,0b0,No,0b0,No
Irrigated,US-NE2,41.1649,-96.4071,2017-09-14,h10v04,2120.0,1781.0,0.3384,0.6076,4164.0,0b0001000001000100,0b00,VI produced with good quality,0b0001,Lower quality,0b01,Low,0b0,No,0b0,No,0b0,No,0b010,Ocean coastlines and lake shorelines,0b0,No,0b0,No
Irrigated,US-NE2,41.1649,-96.4071,2017-09-30,h10v04,2120.0,1781.0,0.1671,0.3763,2116.0,0b0000100001000100,0b00,VI produced with good quality,0b0001,Lower quality,0b01,Low,0b0,No,0b0,No,0b0,No,0b001,Land (Nothing else but land),0b0,No,0b0,No
Irrigated,US-NE2,41.1649,-96.4071,2017-10-16,h10v04,2120.0,1781.0,0.1918,0.3561,2116.0,0b0000100001000100,0b00,VI produced with good quality,0b0001,Lower quality,0b01,Low,0b0,No,0b0,No,0b0,No,0b001,Land (Nothing else but land),0b0,No,0b0,No
Irrigated,US-NE2,41.1649,-96.4071,2017-11-01,h10v04,2120.0,1781.0,0.1895,0.3047,2120.0,0b0000100001001000,0b00,VI produced with good quality,0b0010,Decreasing quality (0010),0b01,Low,0b0,No,0b0,No,0b0,No,0b001,Land (Nothing else but land),0b0,No,0b0,No
Irrigated,US-NE2,41.1649,-96.4071,2017-11-17,h10v04,2120.0,1781.0,0.1492,0.2737,2120.0,0b0000100001001000,0b00,VI produced with good quality,0b0010,Decreasing quality (0010),0b01,Low,0b0,No,0b0,No,0b0,No,0b001,Land (Nothing else but land),0b0,No,0b0,No
Irrigated,US-NE2,41.1649,-96.4071,2017-12-03,h10v04,2120.0,1781.0,0.1539,0.2544,4168.0,0b0001000001001000,0b00,VI produced with good quality,0b0010,Decreasing quality (0010),0b01,Low,0b0,No,0b0,No,0b0,No,0b010,Ocean coastlines and lake shorelines,0b0,No,0b0,No
Irrigated,US-NE2,41.1649,-96.4071,2017-12-19,h10v04,2120.0,1781.0,0.1599,0.2622,2120.0,0b0000100001001000,0b00,VI produced with good quality,0b0010,Decreasing quality (0010),0b01,Low,0b0,No,0b0,No,0b0,No,0b001,Land (Nothing else but land),0b0,No,0b0,No
Irrigated,US-NE2,41.1649,-96.4071,2018-01-01,h10v04,2120.0,1781.0,0.015,0.0164,18453.0,0b0100100000010101,0b01,"VI produced, but check other QA",0b0101,Decreasing quality (0101),0b00,Climatology,0b0,No,0b0,No,0b0,No,0b001,Land (Nothing else but land),0b1,Yes,0b0,No
Irrigated,US-NE2,41.1649,-96.4071,2018-01-17,h10v04,2120.0,1781.0,0.1792,0.2529,2124.0,0b0000100001001100,0b00,VI produced with good quality,0b0011,Decreasing quality (0011),0b01,Low,0b0,No,0b0,No,0b0,No,0b001,Land (Nothing else but land),0b0,No,0b0,No
Irrigated,US-NE2,41.1649,-96.4071,2018-02-02,h10v04,2120.0,1781.0,-0.0049,-0.0045,18449.0,0b0100100000010001,0b01,"VI produced, but check other QA",0b0100,Decreasing quality (0100),0b00,Climatology,0b0,No,0b0,No,0b0,No,0b001,Land (Nothing else but land),0b1,Yes,0b0,No
Irrigated,US-NE2,41.1649,-96.4071,2018-02-18,h10v04,2120.0,1781.0,0.1341,0.2361,2116.0,0b0000100001000100,0b00,VI produced with good quality,0b0001,Lower quality,0b01,Low,0b0,No,0b0,No,0b0,No,0b001,Land (Nothing else but land),0b0,No,0b0,No
Irrigated,US-NE2,41.1649,-96.4071,2018-03-06,h10v04,2120.0,1781.0,0.1302,0.2456,2116.0,0b0000100001000100,0b00,VI produced with good quality,0b0001,Lower quality,0b01,Low,0b0,No,0b0,No,0b0,No,0b001,Land (Nothing else but land),0b0,No,0b0,No
Irrigated,US-NE2,41.1649,-96.4071,2018-03-22,h10v04,2120.0,1781.0,0.1395,0.2294,2116.0,0b0000100001000100,0b00,VI produced with good quality,0b0001,Lower quality,0b01,Low,0b0,No,0b0,No,0b0,No,0b001,Land (Nothing else but land),0b0,No,0b0,No
Irrigated,US-NE2,41.1649,-96.4071,2018-04-07,h10v04,2120.0,1781.0,0.1772,0.2617,2120.0,0b0000100001001000,0b00,VI produced with good quality,0b0010,Decreasing quality (0010),0b01,Low,0b0,No,0b0,No,0b0,No,0b001,Land (Nothing else but land),0b0,No,0b0,No
Irrigated,US-NE2,41.1649,-96.4071,2018-04-23,h10v04,2120.0,1781.0,0.1676,0.2783,2116.0,0b0000100001000100,0b00,VI produced with good quality,0b0001,Lower quality,0b01,Low,0b0,No,0b0,No,0b0,No,0b001,Land (Nothing else but land),0b0,No,0b0,No
Irrigated,US-NE2,41.1649,-96.4071,2018-05-09,h10v04,2120.0,1781.0,0.2115,0.3072,2185.0,0b0000100010001001,0b01,"VI produced, but check other QA",0b0010,Decreasing quality (0010),0b10,Average,0b0,No,0b0,No,0b0,No,0b001,Land (Nothing else but land),0b0,No,0b0,No
Irrigated,US-NE2,41.1649,-96.4071,2018-05-25,h10v04,2120.0,1781.0,0.2199,0.3114,2116.0,0b0000100001000100,0b00,VI produced with good quality,0b0001,Lower quality,0b01,Low,0b0,No,0b0,No,0b0,No,0b001,Land (Nothing else but land),0b0,No,0b0,No
Irrigated,US-NE2,41.1649,-96.4071,2018-06-10,h10v04,2120.0,1781.0,0.448,0.5695,2116.0,0b0000100001000100,0b00,VI produced with good quality,0b0001,Lower quality,0b01,Low,0b0,No,0b0,No,0b0,No,0b001,Land (Nothing else but land),0b0,No,0b0,No
Irrigated,US-NE2,41.1649,-96.4071,2018-06-26,h10v04,2120.0,1781.0,0.5391,0.7269,2116.0,0b0000100001000100,0b00,VI produced with good quality,0b0001,Lower quality,0b01,Low,0b0,No,0b0,No,0b0,No,0b001,Land (Nothing else but land),0b0,No,0b0,No
Irrigated,US-NE2,41.1649,-96.4071,2018-07-12,h10v04,2120.0,1781.0,0.6461,0.8344,4168.0,0b0001000001001000,0b00,VI produced with good quality,0b0010,Decreasing quality (0010),0b01,Low,0b0,No,0b0,No,0b0,No,0b010,Ocean coastlines and lake shorelines,0b0,No,0b0,No
Irrigated,US-NE2,41.1649,-96.4071,2018-07-28,h10v04,2120.0,1781.0,0.7042,0.8476,2116.0,0b0000100001000100,0b00,VI produced with good quality,0b0001,Lower quality,0b01,Low,0b0,No,0b0,No,0b0,No,0b001,Land (Nothing else but land),0b0,No,0b0,No
Irrigated,US-NE2,41.1649,-96.4071,2018-08-13,h10v04,2120.0,1781.0,0.653,0.8361,2185.0,0b0000100010001001,0b01,"VI produced, but check other QA",0b0010,Decreasing quality (0010),0b10,Average,0b0,No,0b0,No,0b0,No,0b001,Land (Nothing else but land),0b0,No,0b0,No
Irrigated,US-NE2,41.1649,-96.4071,2018-08-29,h10v04,2120.0,1781.0,0.478,0.6872,4164.0,0b0001000001000100,0b00,VI produced with good quality,0b0001,Lower quality,0b01,Low,0b0,No,0b0,No,0b0,No,0b010,Ocean coastlines and lake shorelines,0b0,No,0b0,No
Irrigated,US-NE2,41.1649,-96.4071,2018-09-14,h10v04,2120.0,1781.0,0.2546,0.4786,2116.0,0b0000100001000100,0b00,VI produced with good quality,0b0001,Lower quality,0b01,Low,0b0,No,0b0,No,0b0,No,0b001,Land (Nothing else but land),0b0,No,0b0,No
Irrigated,US-NE2,41.1649,-96.4071,2018-09-30,h10v04,2120.0,1781.0,0.2304,0.3831,4164.0,0b0001000001000100,0b00,VI produced with good quality,0b0001,Lower quality,0b01,Low,0b0,No,0b0,No,0b0,No,0b010,Ocean coastlines and lake shorelines,0b0,No,0b0,No
Irrigated,US-NE2,41.1649,-96.4071,2018-10-16,h10v04,2120.0,1781.0,0.171,0.3163,2116.0,0b0000100001000100,0b00,VI produced with good quality,0b0001,Lower quality,0b01,Low,0b0,No,0b0,No,0b0,No,0b001,Land (Nothing else but land),0b0,No,0b0,No
Irrigated,US-NE2,41.1649,-96.4071,2018-11-01,h10v04,2120.0,1781.0,0.1494,0.2752,2116.0,0b0000100001000100,0b00,VI produced with good quality,0b0001,Lower quality,0b01,Low,0b0,No,0b0,No,0b0,No,0b001,Land (Nothing else but land),0b0,No,0b0,No
Irrigated,US-NE2,41.1649,-96.4071,2018-11-17,h10v04,2120.0,1781.0,0.1339,0.2521,4168.0,0b0001000001001000,0b00,VI produced with good quality,0b0010,Decreasing quality (0010),0b01,Low,0b0,No,0b0,No,0b0,No,0b010,Ocean coastlines and lake shorelines,0b0,No,0b0,No
Irrigated,US-NE2,41.1649,-96.4071,2018-12-03,h10v04,2120.0,1781.0,0.0139,0.0134,20505.0,0b0101000000011001,0b01,"VI produced, but check other QA",0b0110,Decreasing quality (0110),0b00,Climatology,0b0,No,0b0,No,0b0,No,0b010,Ocean coastlines and lake shorelines,0b1,Yes,0b0,No
Irrigated,US-NE2,41.1649,-96.4071,2018-12-19,h10v04,2120.0,1781.0,0.1332,0.2591,2120.0,0b0000100001001000,0b00,VI produced with good quality,0b0010,Decreasing quality (0010),0b01,Low,0b0,No,0b0,No,0b0,No,0b001,Land (Nothing else but land),0b0,No,0b0,No
Irrigated,US-NE2,41.1649,-96.4071,2019-01-01,h10v04,2120.0,1781.0,0.1756,0.2575,4172.0,0b0001000001001100,0b00,VI produced with good quality,0b0011,Decreasing quality (0011),0b01,Low,0b0,No,0b0,No,0b0,No,0b010,Ocean coastlines and lake shorelines,0b0,No,0b0,No
Irrigated,US-NE2,41.1649,-96.4071,2019-01-17,h10v04,2120.0,1781.0,0.0309,0.0326,2070.0,0b0000100000010110,0b10,"Pixel produced, but most probably cloudy",0b0101,Decreasing quality (0101),0b00,Climatology,0b0,No,0b0,No,0b0,No,0b001,Land (Nothing else but land),0b0,No,0b0,No
Irrigated,US-NE2,41.1649,-96.4071,2019-02-02,h10v04,2120.0,1781.0,0.1332,0.2224,2116.0,0b0000100001000100,0b00,VI produced with good quality,0b0001,Lower quality,0b01,Low,0b0,No,0b0,No,0b0,No,0b001,Land (Nothing else but land),0b0,No,0b0,No
Irrigated,US-NE2,41.1649,-96.4071,2019-02-18,h10v04,2120.0,1781.0,-0.0151,-0.0138,18449.0,0b0100100000010001,0b01,"VI produced, but check other QA",0b0100,Decreasing quality (0100),0b00,Climatology,0b0,No,0b0,No,0b0,No,0b001,Land (Nothing else but land),0b1,Yes,0b0,No
Irrigated,US-NE2,41.1649,-96.4071,2019-03-06,h10v04,2120.0,1781.0,0.1105,0.2455,2116.0,0b0000100001000100,0b00,VI produced with good quality,0b0001,Lower quality,0b01,Low,0b0,No,0b0,No,0b0,No,0b001,Land (Nothing else but land),0b0,No,0b0,No
Irrigated,US-NE2,41.1649,-96.4071,2019-03-22,h10v04,2120.0,1781.0,0.1378,0.2752,2116.0,0b0000100001000100,0b00,VI produced with good quality,0b0001,Lower quality,0b01,Low,0b0,No,0b0,No,0b0,No,0b001,Land (Nothing else but land),0b0,No,0b0,No
Irrigated,US-NE2,41.1649,-96.4071,2019-04-07,h10v04,2120.0,1781.0,0.1913,0.2936,4164.0,0b0001000001000100,0b00,VI produced with good quality,0b0001,Lower quality,0b01,Low,0b0,No,0b0,No,0b0,No,0b010,Ocean coastlines and lake shorelines,0b0,No,0b0,No
Irrigated,US-NE2,41.1649,-96.4071,2019-04-23,h10v04,2120.0,1781.0,0.1857,0.3197,2185.0,0b0000100010001001,0b01,"VI produced, but check other QA",0b0010,Decreasing quality (0010),0b10,Average,0b0,No,0b0,No,0b0,No,0b001,Land (Nothing else but land),0b0,No,0b0,No
Irrigated,US-NE2,41.1649,-96.4071,2019-05-09,h10v04,2120.0,1781.0,0.2263,0.3915,2185.0,0b0000100010001001,0b01,"VI produced, but check other QA",0b0010,Decreasing quality (0010),0b10,Average,0b0,No,0b0,No,0b0,No,0b001,Land (Nothing else but land),0b0,No,0b0,No
Irrigated,US-NE2,41.1649,-96.4071,2019-05-25,h10v04,2120.0,1781.0,0.2526,0.424,2116.0,0b0000100001000100,0b00,VI produced with good quality,0b0001,Lower quality,0b01,Low,0b0,No,0b0,No,0b0,No,0b001,Land (Nothing else but land),0b0,No,0b0,No
Irrigated,US-NE2,41.1649,-96.4071,2019-06-10,h10v04,2120.0,1781.0,0.4151,0.6526,2116.0,0b0000100001000100,0b00,VI produced with good quality,0b0001,Lower quality,0b01,Low,0b0,No,0b0,No,0b0,No,0b001,Land (Nothing else but land),0b0,No,0b0,No
Irrigated,US-NE2,41.1649,-96.4071,2019-06-26,h10v04,2120.0,1781.0,0.5968,0.8097,4164.0,0b0001000001000100,0b00,VI produced with good quality,0b0001,Lower quality,0b01,Low,0b0,No,0b0,No,0b0,No,0b010,Ocean coastlines and lake shorelines,0b0,No,0b0,No
Irrigated,US-NE2,41.1649,-96.4071,2019-07-12,h10v04,2120.0,1781.0,0.5175,0.7469,2116.0,0b0000100001000100,0b00,VI produced with good quality,0b0001,Lower quality,0b01,Low,0b0,No,0b0,No,0b0,No,0b001,Land (Nothing else but land),0b0,No,0b0,No
Irrigated,US-NE2,41.1649,-96.4071,2019-07-28,h10v04,2120.0,1781.0,0.6504,0.858,4164.0,0b0001000001000100,0b00,VI produced with good quality,0b0001,Lower quality,0b01,Low,0b0,No,0b0,No,0b0,No,0b010,Ocean coastlines and lake shorelines,0b0,No,0b0,No
Irrigated,US-NE2,41.1649,-96.4071,2019-08-13,h10v04,2120.0,1781.0,0.6067,0.8363,4164.0,0b0001000001000100,0b00,VI produced with good quality,0b0001,Lower quality,0b01,Low,0b0,No,0b0,No,0b0,No,0b010,Ocean coastlines and lake shorelines,0b0,No,0b0,No
Irrigated,US-NE2,41.1649,-96.4071,2019-08-29,h10v04,2120.0,1781.0,0.5516,0.7882,4164.0,0b0001000001000100,0b00,VI produced with good quality,0b0001,Lower quality,0b01,Low,0b0,No,0b0,No,0b0,No,0b010,Ocean coastlines and lake shorelines,0b0,No,0b0,No
Irrigated,US-NE2,41.1649,-96.4071,2019-09-14,h10v04,2120.0,1781.0,0.438,0.6946,2116.0,0b0000100001000100,0b00,VI produced with good quality,0b0001,Lower quality,0b01,Low,0b0,No,0b0,No,0b0,No,0b001,Land (Nothing else but land),0b0,No,0b0,No
Irrigated,US-NE2,41.1649,-96.4071,2019-09-30,h10v04,2120.0,1781.0,0.23,0.4618,4164.0,0b0001000001000100,0b00,VI produced with good quality,0b0001,Lower quality,0b01,Low,0b0,No,0b0,No,0b0,No,0b010,Ocean coastlines and lake shorelines,0b0,No,0b0,No
Irrigated,US-NE2,41.1649,-96.4071,2019-10-16,h10v04,2120.0,1781.0,0.2108,0.3543,2116.0,0b0000100001000100,0b00,VI produced with good quality,0b0001,Lower quality,0b01,Low,0b0,No,0b0,No,0b0,No,0b001,Land (Nothing else but land),0b0,No,0b0,No
Irrigated,US-NE2,41.1649,-96.4071,2019-11-01,h10v04,2120.0,1781.0,0.1673,0.2917,2185.0,0b0000100010001001,0b01,"VI produced, but check other QA",0b0010,Decreasing quality (0010),0b10,Average,0b0,No,0b0,No,0b0,No,0b001,Land (Nothing else but land),0b0,No,0b0,No
Irrigated,US-NE2,41.1649,-96.4071,2019-11-17,h10v04,2120.0,1781.0,0.1652,0.266,2120.0,0b0000100001001000,0b00,VI produced with good quality,0b0010,Decreasing quality (0010),0b01,Low,0b0,No,0b0,No,0b0,No,0b001,Land (Nothing else but land),0b0,No,0b0,No
Irrigated,US-NE2,41.1649,-96.4071,2019-12-03,h10v04,2120.0,1781.0,0.1608,0.2558,2120.0,0b0000100001001000,0b00,VI produced with good quality,0b0010,Decreasing quality (0010),0b01,Low,0b0,No,0b0,No,0b0,No,0b001,Land (Nothing else but land),0b0,No,0b0,No
Irrigated,US-NE2,41.1649,-96.4071,2019-12-19,h10v04,2120.0,1781.0,0.1892,0.268,2193.0,0b0000100010010001,0b01,"VI produced, but check other QA",0b0100,Decreasing quality (0100),0b10,Average,0b0,No,0b0,No,0b0,No,0b001,Land (Nothing else but land),0b0,No,0b0,No
Irrigated,US-NE2,41.1649,-96.4071,2020-01-01,h10v04,2120.0,1781.0,0.141,0.2602,2120.0,0b0000100001001000,0b00,VI produced with good quality,0b0010,Decreasing quality (0010),0b01,Low,0b0,No,0b0,No,0b0,No,0b001,Land (Nothing else but land),0b0,No,0b0,No
Irrigated,US-NE2,41.1649,-96.4071,2020-01-17,h10v04,2120.0,1781.0,0.0013,0.0013,20501.0,0b0101000000010101,0b01,"VI produced, but check other QA",0b0101,Decreasing quality (0101),0b00,Climatology,0b0,No,0b0,No,0b0,No,0b010,Ocean coastlines and lake shorelines,0b1,Yes,0b0,No
Irrigated,US-NE2,41.1649,-96.4071,2020-02-02,h10v04,2120.0,1781.0,0.1508,0.2411,2116.0,0b0000100001000100,0b00,VI produced with good quality,0b0001,Lower quality,0b01,Low,0b0,No,0b0,No,0b0,No,0b001,Land (Nothing else but land),0b0,No,0b0,No
Irrigated,US-NE2,41.1649,-96.4071,2020-02-18,h10v04,2120.0,1781.0,0.1418,0.2438,2116.0,0b0000100001000100,0b00,VI produced with good quality,0b0001,Lower quality,0b01,Low,0b0,No,0b0,No,0b0,No,0b001,Land (Nothing else but land),0b0,No,0b0,No
Irrigated,US-NE2,41.1649,-96.4071,2020-03-05,h10v04,2120.0,1781.0,0.1402,0.2407,2116.0,0b0000100001000100,0b00,VI produced with good quality,0b0001,Lower quality,0b01,Low,0b0,No,0b0,No,0b0,No,0b001,Land (Nothing else but land),0b0,No,0b0,No
Irrigated,US-NE2,41.1649,-96.4071,2020-03-21,h10v04,2120.0,1781.0,0.1843,0.2773,2189.0,0b0000100010001101,0b01,"VI produced, but check other QA",0b0011,Decreasing quality (0011),0b10,Average,0b0,No,0b0,No,0b0,No,0b001,Land (Nothing else but land),0b0,No,0b0,No
Irrigated,US-NE2,41.1649,-96.4071,2020-04-06,h10v04,2120.0,1781.0,0.1665,0.3013,4164.0,0b0001000001000100,0b00,VI produced with good quality,0b0001,Lower quality,0b01,Low,0b0,No,0b0,No,0b0,No,0b010,Ocean coastlines and lake shorelines,0b0,No,0b0,No
Irrigated,US-NE2,41.1649,-96.4071,2020-04-22,h10v04,2120.0,1781.0,0.176,0.312,2120.0,0b0000100001001000,0b00,VI produced with good quality,0b0010,Decreasing quality (0010),0b01,Low,0b0,No,0b0,No,0b0,No,0b001,Land (Nothing else but land),0b0,No,0b0,No
Irrigated,US-NE2,41.1649,-96.4071,2020-05-08,h10v04,2120.0,1781.0,0.1711,0.2901,2116.0,0b0000100001000100,0b00,VI produced with good quality,0b0001,Lower quality,0b01,Low,0b0,No,0b0,No,0b0,No,0b001,Land (Nothing else but land),0b0,No,0b0,No
Irrigated,US-NE2,41.1649,-96.4071,2020-05-24,h10v04,2120.0,1781.0,0.2634,0.4876,2185.0,0b0000100010001001,0b01,"VI produced, but check other QA",0b0010,Decreasing quality (0010),0b10,Average,0b0,No,0b0,No,0b0,No,0b001,Land (Nothing else but land),0b0,No,0b0,No
Irrigated,US-NE2,41.1649,-96.4071,2020-06-09,h10v04,2120.0,1781.0,0.3313,0.5082,4164.0,0b0001000001000100,0b00,VI produced with good quality,0b0001,Lower quality,0b01,Low,0b0,No,0b0,No,0b0,No,0b010,Ocean coastlines and lake shorelines,0b0,No,0b0,No
Irrigated,US-NE2,41.1649,-96.4071,2020-06-25,h10v04,2120.0,1781.0,0.5494,0.7343,2185.0,0b0000100010001001,0b01,"VI produced, but check other QA",0b0010,Decreasing quality (0010),0b10,Average,0b0,No,0b0,No,0b0,No,0b001,Land (Nothing else but land),0b0,No,0b0,No
Irrigated,US-NE2,41.1649,-96.4071,2020-07-11,h10v04,2120.0,1781.0,0.7275,0.8455,2116.0,0b0000100001000100,0b00,VI produced with good quality,0b0001,Lower quality,0b01,Low,0b0,No,0b0,No,0b0,No,0b001,Land (Nothing else but land),0b0,No,0b0,No
Irrigated,US-NE2,41.1649,-96.4071,2020-07-27,h10v04,2120.0,1781.0,0.7107,0.8382,2116.0,0b0000100001000100,0b00,VI produced with good quality,0b0001,Lower quality,0b01,Low,0b0,No,0b0,No,0b0,No,0b001,Land (Nothing else but land),0b0,No,0b0,No
Irrigated,US-NE2,41.1649,-96.4071,2020-08-12,h10v04,2120.0,1781.0,0.5105,0.738,2116.0,0b0000100001000100,0b00,VI produced with good quality,0b0001,Lower quality,0b01,Low,0b0,No,0b0,No,0b0,No,0b001,Land (Nothing else but land),0b0,No,0b0,No
Irrigated,US-NE2,41.1649,-96.4071,2020-08-28,h10v04,2120.0,1781.0,0.465,0.6814,2116.0,0b0000100001000100,0b00,VI produced with good quality,0b0001,Lower quality,0b01,Low,0b0,No,0b0,No,0b0,No,0b001,Land (Nothing else but land),0b0,No,0b0,No
Irrigated,US-NE2,41.1649,-96.4071,2020-09-13,h10v04,2120.0,1781.0,0.4997,0.6975,2116.0,0b0000100001000100,0b00,VI produced with good quality,0b0001,Lower quality,0b01,Low,0b0,No,0b0,No,0b0,No,0b001,Land (Nothing else but land),0b0,No,0b0,No
Irrigated,US-NE2,41.1649,-96.4071,2020-09-29,h10v04,2120.0,1781.0,0.211,0.3712,2116.0,0b0000100001000100,0b00,VI produced with good quality,0b0001,Lower quality,0b01,Low,0b0,No,0b0,No,0b0,No,0b001,Land (Nothing else but land),0b0,No,0b0,No
Irrigated,US-NE2,41.1649,-96.4071,2020-10-15,h10v04,2120.0,1781.0,0.2346,0.3176,3154.0,0b0000110001010010,0b10,"Pixel produced, but most probably cloudy",0b0100,Decreasing quality (0100),0b01,Low,0b0,No,0b0,No,0b1,Yes,0b001,Land (Nothing else but land),0b0,No,0b0,No
Irrigated,US-NE2,41.1649,-96.4071,2020-10-31,h10v04,2120.0,1781.0,0.1663,0.2688,2116.0,0b0000100001000100,0b00,VI produced with good quality,0b0001,Lower quality,0b01,Low,0b0,No,0b0,No,0b0,No,0b001,Land (Nothing else but land),0b0,No,0b0,No
Irrigated,US-NE2,41.1649,-96.4071,2020-11-16,h10v04,2120.0,1781.0,0.146,0.2748,4168.0,0b0001000001001000,0b00,VI produced with good quality,0b0010,Decreasing quality (0010),0b01,Low,0b0,No,0b0,No,0b0,No,0b010,Ocean coastlines and lake shorelines,0b0,No,0b0,No
Irrigated,US-NE2,41.1649,-96.4071,2020-12-02,h10v04,2120.0,1781.0,0.1398,0.2338,2120.0,0b0000100001001000,0b00,VI produced with good quality,0b0010,Decreasing quality (0010),0b01,Low,0b0,No,0b0,No,0b0,No,0b001,Land (Nothing else but land),0b0,No,0b0,No
Irrigated,US-NE2,41.1649,-96.4071,2020-12-18,h10v04,2120.0,1781.0,-0.0337,-0.0311,18453.0,0b0100100000010101,0b01,"VI produced, but check other QA",0b0101,Decreasing quality (0101),0b00,Climatology,0b0,No,0b0,No,0b0,No,0b001,Land (Nothing else but land),0b1,Yes,0b0,No
Irrigated,US-NE2,41.1649,-96.4071,2021-01-01,h10v04,2120.0,1781.0,0.0392,0.0459,18457.0,0b0100100000011001,0b01,"VI produced, but check other QA",0b0110,Decreasing quality (0110),0b00,Climatology,0b0,No,0b0,No,0b0,No,0b001,Land (Nothing else but land),0b1,Yes,0b0,No
Irrigated,US-NE2,41.1649,-96.4071,2021-01-17,h10v04,2120.0,1781.0,0.1629,0.2644,3230.0,0b0000110010011110,0b10,"Pixel produced, but most probably cloudy",0b0111,Decreasing quality (0111),0b10,Average,0b0,No,0b0,No,0b1,Yes,0b001,Land (Nothing else but land),0b0,No,0b0,No
Irrigated,US-NE2,41.1649,-96.4071,2021-02-02,h10v04,2120.0,1781.0,-0.0226,-0.0209,20497.0,0b0101000000010001,0b01,"VI produced, but check other QA",0b0100,Decreasing quality (0100),0b00,Climatology,0b0,No,0b0,No,0b0,No,0b010,Ocean coastlines and lake shorelines,0b1,Yes,0b0,No
Irrigated,US-NE2,41.1649,-96.4071,2021-02-18,h10v04,2120.0,1781.0,0.11,0.237,2116.0,0b0000100001000100,0b00,VI produced with good quality,0b0001,Lower quality,0b01,Low,0b0,No,0b0,No,0b0,No,0b001,Land (Nothing else but land),0b0,No,0b0,No
Irrigated,US-NE2,41.1649,-96.4071,2021-03-06,h10v04,2120.0,1781.0,0.1443,0.235,4164.0,0b0001000001000100,0b00,VI produced with good quality,0b0001,Lower quality,0b01,Low,0b0,No,0b0,No,0b0,No,0b010,Ocean coastlines and lake shorelines,0b0,No,0b0,No
Irrigated,US-NE2,41.1649,-96.4071,2021-03-22,h10v04,2120.0,1781.0,0.1469,0.2303,2116.0,0b0000100001000100,0b00,VI produced with good quality,0b0001,Lower quality,0b01,Low,0b0,No,0b0,No,0b0,No,0b001,Land (Nothing else but land),0b0,No,0b0,No
Irrigated,US-NE2,41.1649,-96.4071,2021-04-07,h10v04,2120.0,1781.0,0.1383,0.2346,2185.0,0b0000100010001001,0b01,"VI produced, but check other QA",0b0010,Decreasing quality (0010),0b10,Average,0b0,No,0b0,No,0b0,No,0b001,Land (Nothing else but land),0b0,No,0b0,No
Irrigated,US-NE2,41.1649,-96.4071,2021-04-23,h10v04,2120.0,1781.0,0.2144,0.4186,2120.0,0b0000100001001000,0b00,VI produced with good quality,0b0010,Decreasing quality (0010),0b01,Low,0b0,No,0b0,No,0b0,No,0b001,Land (Nothing else but land),0b0,No,0b0,No
Irrigated,US-NE2,41.1649,-96.4071,2021-05-09,h10v04,2120.0,1781.0,0.1909,0.3267,4233.0,0b0001000010001001,0b01,"VI produced, but check other QA",0b0010,Decreasing quality (0010),0b10,Average,0b0,No,0b0,No,0b0,No,0b010,Ocean coastlines and lake shorelines,0b0,No,0b0,No
Irrigated,US-NE2,41.1649,-96.4071,2021-05-25,h10v04,2120.0,1781.0,0.3289,0.4572,2189.0,0b0000100010001101,0b01,"VI produced, but check other QA",0b0011,Decreasing quality (0011),0b10,Average,0b0,No,0b0,No,0b0,No,0b001,Land (Nothing else but land),0b0,No,0b0,No
Irrigated,US-NE2,41.1649,-96.4071,2021-06-10,h10v04,2120.0,1781.0,0.4974,0.6565,2185.0,0b0000100010001001,0b01,"VI produced, but check other QA",0b0010,Decreasing quality (0010),0b10,Average,0b0,No,0b0,No,0b0,No,0b001,Land (Nothing else but land),0b0,No,0b0,No
Irrigated,US-NE2,41.1649,-96.4071,2021-06-26,h10v04,2120.0,1781.0,0.7059,0.8484,2185.0,0b0000100010001001,0b01,"VI produced, but check other QA",0b0010,Decreasing quality (0010),0b10,Average,0b0,No,0b0,No,0b0,No,0b001,Land (Nothing else but land),0b0,No,0b0,No
Irrigated,US-NE2,41.1649,-96.4071,2021-07-12,h10v04,2120.0,1781.0,0.6417,0.8441,4233.0,0b0001000010001001,0b01,"VI produced, but check other QA",0b0010,Decreasing quality (0010),0b10,Average,0b0,No,0b0,No,0b0,No,0b010,Ocean coastlines and lake shorelines,0b0,No,0b0,No
Irrigated,US-NE2,41.1649,-96.4071,2021-07-28,h10v04,2120.0,1781.0,0.6437,0.8542,2185.0,0b0000100010001001,0b01,"VI produced, but check other QA",0b0010,Decreasing quality (0010),0b10,Average,0b0,No,0b0,No,0b0,No,0b001,Land (Nothing else but land),0b0,No,0b0,No
Irrigated,US-NE2,41.1649,-96.4071,2021-08-13,h10v04,2120.0,1781.0,0.5835,0.7827,2116.0,0b0000100001000100,0b00,VI produced with good quality,0b0001,Lower quality,0b01,Low,0b0,No,0b0,No,0b0,No,0b001,Land (Nothing else but land),0b0,No,0b0,No
Irrigated,US-NE2,41.1649,-96.4071,2021-08-29,h10v04,2120.0,1781.0,0.5057,0.7636,2185.0,0b0000100010001001,0b01,"VI produced, but check other QA",0b0010,Decreasing quality (0010),0b10,Average,0b0,No,0b0,No,0b0,No,0b001,Land (Nothing else but land),0b0,No,0b0,No
Irrigated,US-NE2,41.1649,-96.4071,2021-09-14,h10v04,2120.0,1781.0,0.4362,0.6619,2116.0,0b0000100001000100,0b00,VI produced with good quality,0b0001,Lower quality,0b01,Low,0b0,No,0b0,No,0b0,No,0b001,Land (Nothing else but land),0b0,No,0b0,No
Irrigated,US-NE2,41.1649,-96.4071,2021-09-30,h10v04,2120.0,1781.0,0.2117,0.3904,2116.0,0b0000100001000100,0b00,VI produced with good quality,0b0001,Lower quality,0b01,Low,0b0,No,0b0,No,0b0,No,0b001,Land (Nothing else but land),0b0,No,0b0,No
Irrigated,US-NE2,41.1649,-96.4071,2021-10-16,h10v04,2120.0,1781.0,0.1945,0.3417,2116.0,0b0000100001000100,0b00,VI produced with good quality,0b0001,Lower quality,0b01,Low,0b0,No,0b0,No,0b0,No,0b001,Land (Nothing else but land),0b0,No,0b0,No
Irrigated,US-NE2,41.1649,-96.4071,2021-11-01,h10v04,2120.0,1781.0,0.1955,0.35,4237.0,0b0001000010001101,0b01,"VI produced, but check other QA",0b0011,Decreasing quality (0011),0b10,Average,0b0,No,0b0,No,0b0,No,0b010,Ocean coastlines and lake shorelines,0b0,No,0b0,No
Irrigated,US-NE2,41.1649,-96.4071,2021-11-17,h10v04,2120.0,1781.0,0.1889,0.2778,2124.0,0b0000100001001100,0b00,VI produced with good quality,0b0011,Decreasing quality (0011),0b01,Low,0b0,No,0b0,No,0b0,No,0b001,Land (Nothing else but land),0b0,No,0b0,No
Irrigated,US-NE2,41.1649,-96.4071,2021-12-03,h10v04,2120.0,1781.0,0.1739,0.2783,2120.0,0b0000100001001000,0b00,VI produced with good quality,0b0010,Decreasing quality (0010),0b01,Low,0b0,No,0b0,No,0b0,No,0b001,Land (Nothing else but land),0b0,No,0b0,No
Irrigated,US-NE2,41.1649,-96.4071,2021-12-19,h10v04,2120.0,1781.0,0.1858,0.2624,2124.0,0b0000100001001100,0b00,VI produced with good quality,0b0011,Decreasing quality (0011),0b01,Low,0b0,No,0b0,No,0b0,No,0b001,Land (Nothing else but land),0b0,No,0b0,No
Rainfed,US-NE3,41.1797,-96.4397,2000-12-18,h10v04,2116.0,1779.0,0.0099,0.0095,18453.0,0b0100100000010101,0b01,"VI produced, but check other QA",0b0101,Decreasing quality (0101),0b00,Climatology,0b0,No,0b0,No,0b0,No,0b001,Land (Nothing else but land),0b1,Yes,0b0,No
Rainfed,US-NE3,41.1797,-96.4397,2001-01-01,h10v04,2116.0,1779.0,0.0037,0.0026,18449.0,0b0100100000010001,0b01,"VI produced, but check other QA",0b0100,Decreasing quality (0100),0b00,Climatology,0b0,No,0b0,No,0b0,No,0b001,Land (Nothing else but land),0b1,Yes,0b0,No
Rainfed,US-NE3,41.1797,-96.4397,2001-01-17,h10v04,2116.0,1779.0,0.0872,0.2512,2185.0,0b0000100010001001,0b01,"VI produced, but check other QA",0b0010,Decreasing quality (0010),0b10,Average,0b0,No,0b0,No,0b0,No,0b001,Land (Nothing else but land),0b0,No,0b0,No
Rainfed,US-NE3,41.1797,-96.4397,2001-02-02,h10v04,2116.0,1779.0,0.0159,0.0111,18449.0,0b0100100000010001,0b01,"VI produced, but check other QA",0b0100,Decreasing quality (0100),0b00,Climatology,0b0,No,0b0,No,0b0,No,0b001,Land (Nothing else but land),0b1,Yes,0b0,No
Rainfed,US-NE3,41.1797,-96.4397,2001-02-18,h10v04,2116.0,1779.0,0.0155,0.0134,18445.0,0b0100100000001101,0b01,"VI produced, but check other QA",0b0011,Decreasing quality (0011),0b00,Climatology,0b0,No,0b0,No,0b0,No,0b001,Land (Nothing else but land),0b1,Yes,0b0,No
Rainfed,US-NE3,41.1797,-96.4397,2001-03-06,h10v04,2116.0,1779.0,0.0977,0.2728,2112.0,0b0000100001000000,0b00,VI produced with good quality,0b0000,Highest quality,0b01,Low,0b0,No,0b0,No,0b0,No,0b001,Land (Nothing else but land),0b0,No,0b0,No
Rainfed,US-NE3,41.1797,-96.4397,2001-03-22,h10v04,2116.0,1779.0,0.1311,0.2772,2112.0,0b0000100001000000,0b00,VI produced with good quality,0b0000,Highest quality,0b01,Low,0b0,No,0b0,No,0b0,No,0b001,Land (Nothing else but land),0b0,No,0b0,No
Rainfed,US-NE3,41.1797,-96.4397,2001-04-07,h10v04,2116.0,1779.0,0.1599,0.2696,2181.0,0b0000100010000101,0b01,"VI produced, but check other QA",0b0001,Lower quality,0b10,Average,0b0,No,0b0,No,0b0,No,0b001,Land (Nothing else but land),0b0,No,0b0,No
Rainfed,US-NE3,41.1797,-96.4397,2001-04-23,h10v04,2116.0,1779.0,0.1857,0.3535,2112.0,0b0000100001000000,0b00,VI produced with good quality,0b0000,Highest quality,0b01,Low,0b0,No,0b0,No,0b0,No,0b001,Land (Nothing else but land),0b0,No,0b0,No
Rainfed,US-NE3,41.1797,-96.4397,2001-05-09,h10v04,2116.0,1779.0,0.2451,0.3733,2112.0,0b0000100001000000,0b00,VI produced with good quality,0b0000,Highest quality,0b01,Low,0b0,No,0b0,No,0b0,No,0b001,Land (Nothing else but land),0b0,No,0b0,No
Rainfed,US-NE3,41.1797,-96.4397,2001-05-25,h10v04,2116.0,1779.0,0.1367,0.338,2112.0,0b0000100001000000,0b00,VI produced with good quality,0b0000,Highest quality,0b01,Low,0b0,No,0b0,No,0b0,No,0b001,Land (Nothing else but land),0b0,No,0b0,No
Rainfed,US-NE3,41.1797,-96.4397,2001-06-10,h10v04,2116.0,1779.0,0.2767,0.4415,2112.0,0b0000100001000000,0b00,VI produced with good quality,0b0000,Highest quality,0b01,Low,0b0,No,0b0,No,0b0,No,0b001,Land (Nothing else but land),0b0,No,0b0,No
Rainfed,US-NE3,41.1797,-96.4397,2001-06-26,h10v04,2116.0,1779.0,0.5786,0.7647,2112.0,0b0000100001000000,0b00,VI produced with good quality,0b0000,Highest quality,0b01,Low,0b0,No,0b0,No,0b0,No,0b001,Land (Nothing else but land),0b0,No,0b0,No
Rainfed,US-NE3,41.1797,-96.4397,2001-07-12,h10v04,2116.0,1779.0,0.647,0.8099,2112.0,0b0000100001000000,0b00,VI produced with good quality,0b0000,Highest quality,0b01,Low,0b0,No,0b0,No,0b0,No,0b001,Land (Nothing else but land),0b0,No,0b0,No
Rainfed,US-NE3,41.1797,-96.4397,2001-07-28,h10v04,2116.0,1779.0,0.3227,0.5285,2112.0,0b0000100001000000,0b00,VI produced with good quality,0b0000,Highest quality,0b01,Low,0b0,No,0b0,No,0b0,No,0b001,Land (Nothing else but land),0b0,No,0b0,No
Rainfed,US-NE3,41.1797,-96.4397,2001-08-13,h10v04,2116.0,1779.0,0.3122,0.4961,2112.0,0b0000100001000000,0b00,VI produced with good quality,0b0000,Highest quality,0b01,Low,0b0,No,0b0,No,0b0,No,0b001,Land (Nothing else but land),0b0,No,0b0,No
Rainfed,US-NE3,41.1797,-96.4397,2001-08-29,h10v04,2116.0,1779.0,0.4556,0.7441,2112.0,0b0000100001000000,0b00,VI produced with good quality,0b0000,Highest quality,0b01,Low,0b0,No,0b0,No,0b0,No,0b001,Land (Nothing else but land),0b0,No,0b0,No
Rainfed,US-NE3,41.1797,-96.4397,2001-09-14,h10v04,2116.0,1779.0,0.3726,0.7038,2112.0,0b0000100001000000,0b00,VI produced with good quality,0b0000,Highest quality,0b01,Low,0b0,No,0b0,No,0b0,No,0b001,Land (Nothing else but land),0b0,No,0b0,No
Rainfed,US-NE3,41.1797,-96.4397,2001-09-30,h10v04,2116.0,1779.0,0.3275,0.6171,2112.0,0b0000100001000000,0b00,VI produced with good quality,0b0000,Highest quality,0b01,Low,0b0,No,0b0,No,0b0,No,0b001,Land (Nothing else but land),0b0,No,0b0,No
Rainfed,US-NE3,41.1797,-96.4397,2001-10-16,h10v04,2116.0,1779.0,0.2307,0.4436,2112.0,0b0000100001000000,0b00,VI produced with good quality,0b0000,Highest quality,0b01,Low,0b0,No,0b0,No,0b0,No,0b001,Land (Nothing else but land),0b0,No,0b0,No
Rainfed,US-NE3,41.1797,-96.4397,2001-11-01,h10v04,2116.0,1779.0,0.1877,0.2869,2112.0,0b0000100001000000,0b00,VI produced with good quality,0b0000,Highest quality,0b01,Low,0b0,No,0b0,No,0b0,No,0b001,Land (Nothing else but land),0b0,No,0b0,No
Rainfed,US-NE3,41.1797,-96.4397,2001-11-17,h10v04,2116.0,1779.0,0.1841,0.336,2116.0,0b0000100001000100,0b00,VI produced with good quality,0b0001,Lower quality,0b01,Low,0b0,No,0b0,No,0b0,No,0b001,Land (Nothing else but land),0b0,No,0b0,No
Rainfed,US-NE3,41.1797,-96.4397,2001-12-03,h10v04,2116.0,1779.0,0.1044,0.2219,2116.0,0b0000100001000100,0b00,VI produced with good quality,0b0001,Lower quality,0b01,Low,0b0,No,0b0,No,0b0,No,0b001,Land (Nothing else but land),0b0,No,0b0,No
Rainfed,US-NE3,41.1797,-96.4397,2001-12-19,h10v04,2116.0,1779.0,0.122,0.2412,2124.0,0b0000100001001100,0b00,VI produced with good quality,0b0011,Decreasing quality (0011),0b01,Low,0b0,No,0b0,No,0b0,No,0b001,Land (Nothing else but land),0b0,No,0b0,No
Rainfed,US-NE3,41.1797,-96.4397,2002-01-01,h10v04,2116.0,1779.0,0.1038,0.2133,2116.0,0b0000100001000100,0b00,VI produced with good quality,0b0001,Lower quality,0b01,Low,0b0,No,0b0,No,0b0,No,0b001,Land (Nothing else but land),0b0,No,0b0,No
Rainfed,US-NE3,41.1797,-96.4397,2002-01-17,h10v04,2116.0,1779.0,0.111,0.2196,2185.0,0b0000100010001001,0b01,"VI produced, but check other QA",0b0010,Decreasing quality (0010),0b10,Average,0b0,No,0b0,No,0b0,No,0b001,Land (Nothing else but land),0b0,No,0b0,No
Rainfed,US-NE3,41.1797,-96.4397,2002-02-02,h10v04,2116.0,1779.0,0.1196,0.2374,4233.0,0b0001000010001001,0b01,"VI produced, but check other QA",0b0010,Decreasing quality (0010),0b10,Average,0b0,No,0b0,No,0b0,No,0b010,Ocean coastlines and lake shorelines,0b0,No,0b0,No
Rainfed,US-NE3,41.1797,-96.4397,2002-02-18,h10v04,2116.0,1779.0,0.134,0.2489,2112.0,0b0000100001000000,0b00,VI produced with good quality,0b0000,Highest quality,0b01,Low,0b0,No,0b0,No,0b0,No,0b001,Land (Nothing else but land),0b0,No,0b0,No
Rainfed,US-NE3,41.1797,-96.4397,2002-03-06,h10v04,2116.0,1779.0,0.0594,0.0472,18445.0,0b0100100000001101,0b01,"VI produced, but check other QA",0b0011,Decreasing quality (0011),0b00,Climatology,0b0,No,0b0,No,0b0,No,0b001,Land (Nothing else but land),0b1,Yes,0b0,No
Rainfed,US-NE3,41.1797,-96.4397,2002-03-22,h10v04,2116.0,1779.0,0.1371,0.2291,2116.0,0b0000100001000100,0b00,VI produced with good quality,0b0001,Lower quality,0b01,Low,0b0,No,0b0,No,0b0,No,0b001,Land (Nothing else but land),0b0,No,0b0,No
Rainfed,US-NE3,41.1797,-96.4397,2002-04-07,h10v04,2116.0,1779.0,0.2295,0.4051,2112.0,0b0000100001000000,0b00,VI produced with good quality,0b0000,Highest quality,0b01,Low,0b0,No,0b0,No,0b0,No,0b001,Land (Nothing else but land),0b0,No,0b0,No
Rainfed,US-NE3,41.1797,-96.4397,2002-04-23,h10v04,2116.0,1779.0,0.2157,0.3735,2112.0,0b0000100001000000,0b00,VI produced with good quality,0b0000,Highest quality,0b01,Low,0b0,No,0b0,No,0b0,No,0b001,Land (Nothing else but land),0b0,No,0b0,No
Rainfed,US-NE3,41.1797,-96.4397,2002-05-09,h10v04,2116.0,1779.0,0.1671,0.2759,2181.0,0b0000100010000101,0b01,"VI produced, but check other QA",0b0001,Lower quality,0b10,Average,0b0,No,0b0,No,0b0,No,0b001,Land (Nothing else but land),0b0,No,0b0,No
Rainfed,US-NE3,41.1797,-96.4397,2002-05-25,h10v04,2116.0,1779.0,0.2561,0.3821,2112.0,0b0000100001000000,0b00,VI produced with good quality,0b0000,Highest quality,0b01,Low,0b0,No,0b0,No,0b0,No,0b001,Land (Nothing else but land),0b0,No,0b0,No
Rainfed,US-NE3,41.1797,-96.4397,2002-06-10,h10v04,2116.0,1779.0,0.2957,0.4241,2181.0,0b0000100010000101,0b01,"VI produced, but check other QA",0b0001,Lower quality,0b10,Average,0b0,No,0b0,No,0b0,No,0b001,Land (Nothing else but land),0b0,No,0b0,No
Rainfed,US-NE3,41.1797,-96.4397,2002-06-26,h10v04,2116.0,1779.0,0.3417,0.5063,2112.0,0b0000100001000000,0b00,VI produced with good quality,0b0000,Highest quality,0b01,Low,0b0,No,0b0,No,0b0,No,0b001,Land (Nothing else but land),0b0,No,0b0,No
Rainfed,US-NE3,41.1797,-96.4397,2002-07-12,h10v04,2116.0,1779.0,0.401,0.6123,2112.0,0b0000100001000000,0b00,VI produced with good quality,0b0000,Highest quality,0b01,Low,0b0,No,0b0,No,0b0,No,0b001,Land (Nothing else but land),0b0,No,0b0,No
Rainfed,US-NE3,41.1797,-96.4397,2002-07-28,h10v04,2116.0,1779.0,0.3798,0.5803,2112.0,0b0000100001000000,0b00,VI produced with good quality,0b0000,Highest quality,0b01,Low,0b0,No,0b0,No,0b0,No,0b001,Land (Nothing else but land),0b0,No,0b0,No
Rainfed,US-NE3,41.1797,-96.4397,2002-08-13,h10v04,2116.0,1779.0,0.5277,0.8096,2112.0,0b0000100001000000,0b00,VI produced with good quality,0b0000,Highest quality,0b01,Low,0b0,No,0b0,No,0b0,No,0b001,Land (Nothing else but land),0b0,No,0b0,No
Rainfed,US-NE3,41.1797,-96.4397,2002-08-29,h10v04,2116.0,1779.0,0.4338,0.6471,2112.0,0b0000100001000000,0b00,VI produced with good quality,0b0000,Highest quality,0b01,Low,0b0,No,0b0,No,0b0,No,0b001,Land (Nothing else but land),0b0,No,0b0,No
Rainfed,US-NE3,41.1797,-96.4397,2002-09-14,h10v04,2116.0,1779.0,0.3337,0.5327,2112.0,0b0000100001000000,0b00,VI produced with good quality,0b0000,Highest quality,0b01,Low,0b0,No,0b0,No,0b0,No,0b001,Land (Nothing else but land),0b0,No,0b0,No
Rainfed,US-NE3,41.1797,-96.4397,2002-09-30,h10v04,2116.0,1779.0,0.3099,0.5261,2112.0,0b0000100001000000,0b00,VI produced with good quality,0b0000,Highest quality,0b01,Low,0b0,No,0b0,No,0b0,No,0b001,Land (Nothing else but land),0b0,No,0b0,No
Rainfed,US-NE3,41.1797,-96.4397,2002-10-16,h10v04,2116.0,1779.0,0.2438,0.4338,2112.0,0b0000100001000000,0b00,VI produced with good quality,0b0000,Highest quality,0b01,Low,0b0,No,0b0,No,0b0,No,0b001,Land (Nothing else but land),0b0,No,0b0,No
Rainfed,US-NE3,41.1797,-96.4397,2002-11-01,h10v04,2116.0,1779.0,0.13,0.2605,2112.0,0b0000100001000000,0b00,VI produced with good quality,0b0000,Highest quality,0b01,Low,0b0,No,0b0,No,0b0,No,0b001,Land (Nothing else but land),0b0,No,0b0,No
Rainfed,US-NE3,41.1797,-96.4397,2002-11-17,h10v04,2116.0,1779.0,0.1927,0.3638,2116.0,0b0000100001000100,0b00,VI produced with good quality,0b0001,Lower quality,0b01,Low,0b0,No,0b0,No,0b0,No,0b001,Land (Nothing else but land),0b0,No,0b0,No
Rainfed,US-NE3,41.1797,-96.4397,2002-12-03,h10v04,2116.0,1779.0,0.1493,0.2753,2116.0,0b0000100001000100,0b00,VI produced with good quality,0b0001,Lower quality,0b01,Low,0b0,No,0b0,No,0b0,No,0b001,Land (Nothing else but land),0b0,No,0b0,No
Rainfed,US-NE3,41.1797,-96.4397,2002-12-19,h10v04,2116.0,1779.0,0.1266,0.2397,2120.0,0b0000100001001000,0b00,VI produced with good quality,0b0010,Decreasing quality (0010),0b01,Low,0b0,No,0b0,No,0b0,No,0b001,Land (Nothing else but land),0b0,No,0b0,No
Rainfed,US-NE3,41.1797,-96.4397,2003-01-01,h10v04,2116.0,1779.0,0.1266,0.2397,2116.0,0b0000100001000100,0b00,VI produced with good quality,0b0001,Lower quality,0b01,Low,0b0,No,0b0,No,0b0,No,0b001,Land (Nothing else but land),0b0,No,0b0,No
Rainfed,US-NE3,41.1797,-96.4397,2003-01-17,h10v04,2116.0,1779.0,-0.0155,-0.0102,18449.0,0b0100100000010001,0b01,"VI produced, but check other QA",0b0100,Decreasing quality (0100),0b00,Climatology,0b0,No,0b0,No,0b0,No,0b001,Land (Nothing else but land),0b1,Yes,0b0,No
Rainfed,US-NE3,41.1797,-96.4397,2003-02-02,h10v04,2116.0,1779.0,0.1449,0.2259,2185.0,0b0000100010001001,0b01,"VI produced, but check other QA",0b0010,Decreasing quality (0010),0b10,Average,0b0,No,0b0,No,0b0,No,0b001,Land (Nothing else but land),0b0,No,0b0,No
Rainfed,US-NE3,41.1797,-96.4397,2003-02-18,h10v04,2116.0,1779.0,0.1607,0.2277,2257.0,0b0000100011010001,0b01,"VI produced, but check other QA",0b0100,Decreasing quality (0100),0b11,High,0b0,No,0b0,No,0b0,No,0b001,Land (Nothing else but land),0b0,No,0b0,No
Rainfed,US-NE3,41.1797,-96.4397,2003-03-06,h10v04,2116.0,1779.0,0.1484,0.2765,2112.0,0b0000100001000000,0b00,VI produced with good quality,0b0000,Highest quality,0b01,Low,0b0,No,0b0,No,0b0,No,0b001,Land (Nothing else but land),0b0,No,0b0,No
Rainfed,US-NE3,41.1797,-96.4397,2003-03-22,h10v04,2116.0,1779.0,0.1884,0.2803,4164.0,0b0001000001000100,0b00,VI produced with good quality,0b0001,Lower quality,0b01,Low,0b0,No,0b0,No,0b0,No,0b010,Ocean coastlines and lake shorelines,0b0,No,0b0,No
Rainfed,US-NE3,41.1797,-96.4397,2003-04-07,h10v04,2116.0,1779.0,0.2018,0.3415,2181.0,0b0000100010000101,0b01,"VI produced, but check other QA",0b0001,Lower quality,0b10,Average,0b0,No,0b0,No,0b0,No,0b001,Land (Nothing else but land),0b0,No,0b0,No
Rainfed,US-NE3,41.1797,-96.4397,2003-04-23,h10v04,2116.0,1779.0,0.3016,0.5206,4164.0,0b0001000001000100,0b00,VI produced with good quality,0b0001,Lower quality,0b01,Low,0b0,No,0b0,No,0b0,No,0b010,Ocean coastlines and lake shorelines,0b0,No,0b0,No
Rainfed,US-NE3,41.1797,-96.4397,2003-05-09,h10v04,2116.0,1779.0,0.2326,0.3412,2181.0,0b0000100010000101,0b01,"VI produced, but check other QA",0b0001,Lower quality,0b10,Average,0b0,No,0b0,No,0b0,No,0b001,Land (Nothing else but land),0b0,No,0b0,No
Rainfed,US-NE3,41.1797,-96.4397,2003-05-25,h10v04,2116.0,1779.0,0.4464,0.6323,2112.0,0b0000100001000000,0b00,VI produced with good quality,0b0000,Highest quality,0b01,Low,0b0,No,0b0,No,0b0,No,0b001,Land (Nothing else but land),0b0,No,0b0,No
Rainfed,US-NE3,41.1797,-96.4397,2003-06-10,h10v04,2116.0,1779.0,0.4296,0.6514,2112.0,0b0000100001000000,0b00,VI produced with good quality,0b0000,Highest quality,0b01,Low,0b0,No,0b0,No,0b0,No,0b001,Land (Nothing else but land),0b0,No,0b0,No
Rainfed,US-NE3,41.1797,-96.4397,2003-06-26,h10v04,2116.0,1779.0,0.5353,0.7419,2112.0,0b0000100001000000,0b00,VI produced with good quality,0b0000,Highest quality,0b01,Low,0b0,No,0b0,No,0b0,No,0b001,Land (Nothing else but land),0b0,No,0b0,No
Rainfed,US-NE3,41.1797,-96.4397,2003-07-12,h10v04,2116.0,1779.0,0.6467,0.7929,2112.0,0b0000100001000000,0b00,VI produced with good quality,0b0000,Highest quality,0b01,Low,0b0,No,0b0,No,0b0,No,0b001,Land (Nothing else but land),0b0,No,0b0,No
Rainfed,US-NE3,41.1797,-96.4397,2003-07-28,h10v04,2116.0,1779.0,0.5744,0.7705,2112.0,0b0000100001000000,0b00,VI produced with good quality,0b0000,Highest quality,0b01,Low,0b0,No,0b0,No,0b0,No,0b001,Land (Nothing else but land),0b0,No,0b0,No
Rainfed,US-NE3,41.1797,-96.4397,2003-08-13,h10v04,2116.0,1779.0,0.2949,0.4926,2112.0,0b0000100001000000,0b00,VI produced with good quality,0b0000,Highest quality,0b01,Low,0b0,No,0b0,No,0b0,No,0b001,Land (Nothing else but land),0b0,No,0b0,No
Rainfed,US-NE3,41.1797,-96.4397,2003-08-29,h10v04,2116.0,1779.0,0.2985,0.5285,2112.0,0b0000100001000000,0b00,VI produced with good quality,0b0000,Highest quality,0b01,Low,0b0,No,0b0,No,0b0,No,0b001,Land (Nothing else but land),0b0,No,0b0,No
Rainfed,US-NE3,41.1797,-96.4397,2003-09-14,h10v04,2116.0,1779.0,0.1857,0.4094,2112.0,0b0000100001000000,0b00,VI produced with good quality,0b0000,Highest quality,0b01,Low,0b0,No,0b0,No,0b0,No,0b001,Land (Nothing else but land),0b0,No,0b0,No
Rainfed,US-NE3,41.1797,-96.4397,2003-09-30,h10v04,2116.0,1779.0,0.1538,0.3086,2112.0,0b0000100001000000,0b00,VI produced with good quality,0b0000,Highest quality,0b01,Low,0b0,No,0b0,No,0b0,No,0b001,Land (Nothing else but land),0b0,No,0b0,No
Rainfed,US-NE3,41.1797,-96.4397,2003-10-16,h10v04,2116.0,1779.0,0.2711,0.4547,2112.0,0b0000100001000000,0b00,VI produced with good quality,0b0000,Highest quality,0b01,Low,0b0,No,0b0,No,0b0,No,0b001,Land (Nothing else but land),0b0,No,0b0,No
Rainfed,US-NE3,41.1797,-96.4397,2003-11-01,h10v04,2116.0,1779.0,0.1611,0.2239,3154.0,0b0000110001010010,0b10,"Pixel produced, but most probably cloudy",0b0100,Decreasing quality (0100),0b01,Low,0b0,No,0b0,No,0b1,Yes,0b001,Land (Nothing else but land),0b0,No,0b0,No
Rainfed,US-NE3,41.1797,-96.4397,2003-11-17,h10v04,2116.0,1779.0,0.2042,0.3747,2116.0,0b0000100001000100,0b00,VI produced with good quality,0b0001,Lower quality,0b01,Low,0b0,No,0b0,No,0b0,No,0b001,Land (Nothing else but land),0b0,No,0b0,No
Rainfed,US-NE3,41.1797,-96.4397,2003-12-03,h10v04,2116.0,1779.0,0.2562,0.3188,2190.0,0b0000100010001110,0b10,"Pixel produced, but most probably cloudy",0b0011,Decreasing quality (0011),0b10,Average,0b0,No,0b0,No,0b0,No,0b001,Land (Nothing else but land),0b0,No,0b0,No
Rainfed,US-NE3,41.1797,-96.4397,2003-12-19,h10v04,2116.0,1779.0,0.1062,0.1968,2120.0,0b0000100001001000,0b00,VI produced with good quality,0b0010,Decreasing quality (0010),0b01,Low,0b0,No,0b0,No,0b0,No,0b001,Land (Nothing else but land),0b0,No,0b0,No
Rainfed,US-NE3,41.1797,-96.4397,2004-01-01,h10v04,2116.0,1779.0,0.1062,0.1968,2116.0,0b0000100001000100,0b00,VI produced with good quality,0b0001,Lower quality,0b01,Low,0b0,No,0b0,No,0b0,No,0b001,Land (Nothing else but land),0b0,No,0b0,No
Rainfed,US-NE3,41.1797,-96.4397,2004-01-17,h10v04,2116.0,1779.0,0.16,0.2138,3222.0,0b0000110010010110,0b10,"Pixel produced, but most probably cloudy",0b0101,Decreasing quality (0101),0b10,Average,0b0,No,0b0,No,0b1,Yes,0b001,Land (Nothing else but land),0b0,No,0b0,No
Rainfed,US-NE3,41.1797,-96.4397,2004-02-02,h10v04,2116.0,1779.0,-0.0451,-0.0285,18449.0,0b0100100000010001,0b01,"VI produced, but check other QA",0b0100,Decreasing quality (0100),0b00,Climatology,0b0,No,0b0,No,0b0,No,0b001,Land (Nothing else but land),0b1,Yes,0b0,No
Rainfed,US-NE3,41.1797,-96.4397,2004-02-18,h10v04,2116.0,1779.0,-0.0835,-0.0586,18445.0,0b0100100000001101,0b01,"VI produced, but check other QA",0b0011,Decreasing quality (0011),0b00,Climatology,0b0,No,0b0,No,0b0,No,0b001,Land (Nothing else but land),0b1,Yes,0b0,No
Rainfed,US-NE3,41.1797,-96.4397,2004-03-05,h10v04,2116.0,1779.0,0.1261,0.2176,2112.0,0b0000100001000000,0b00,VI produced with good quality,0b0000,Highest quality,0b01,Low,0b0,No,0b0,No,0b0,No,0b001,Land (Nothing else but land),0b0,No,0b0,No
Rainfed,US-NE3,41.1797,-96.4397,2004-03-21,h10v04,2116.0,1779.0,0.1311,0.2285,2112.0,0b0000100001000000,0b00,VI produced with good quality,0b0000,Highest quality,0b01,Low,0b0,No,0b0,No,0b0,No,0b001,Land (Nothing else but land),0b0,No,0b0,No
Rainfed,US-NE3,41.1797,-96.4397,2004-04-06,h10v04,2116.0,1779.0,0.1789,0.2884,2112.0,0b0000100001000000,0b00,VI produced with good quality,0b0000,Highest quality,0b01,Low,0b0,No,0b0,No,0b0,No,0b001,Land (Nothing else but land),0b0,No,0b0,No
Rainfed,US-NE3,41.1797,-96.4397,2004-04-22,h10v04,2116.0,1779.0,0.1597,0.2369,2112.0,0b0000100001000000,0b00,VI produced with good quality,0b0000,Highest quality,0b01,Low,0b0,No,0b0,No,0b0,No,0b001,Land (Nothing else but land),0b0,No,0b0,No
Rainfed,US-NE3,41.1797,-96.4397,2004-05-08,h10v04,2116.0,1779.0,0.2227,0.3379,2116.0,0b0000100001000100,0b00,VI produced with good quality,0b0001,Lower quality,0b01,Low,0b0,No,0b0,No,0b0,No,0b001,Land (Nothing else but land),0b0,No,0b0,No
Rainfed,US-NE3,41.1797,-96.4397,2004-05-24,h10v04,2116.0,1779.0,0.1609,0.2628,2112.0,0b0000100001000000,0b00,VI produced with good quality,0b0000,Highest quality,0b01,Low,0b0,No,0b0,No,0b0,No,0b001,Land (Nothing else but land),0b0,No,0b0,No
Rainfed,US-NE3,41.1797,-96.4397,2004-06-09,h10v04,2116.0,1779.0,0.2282,0.3845,2112.0,0b0000100001000000,0b00,VI produced with good quality,0b0000,Highest quality,0b01,Low,0b0,No,0b0,No,0b0,No,0b001,Land (Nothing else but land),0b0,No,0b0,No
Rainfed,US-NE3,41.1797,-96.4397,2004-06-25,h10v04,2116.0,1779.0,0.3068,0.4857,2112.0,0b0000100001000000,0b00,VI produced with good quality,0b0000,Highest quality,0b01,Low,0b0,No,0b0,No,0b0,No,0b001,Land (Nothing else but land),0b0,No,0b0,No
Rainfed,US-NE3,41.1797,-96.4397,2004-07-11,h10v04,2116.0,1779.0,0.4735,0.7233,2112.0,0b0000100001000000,0b00,VI produced with good quality,0b0000,Highest quality,0b01,Low,0b0,No,0b0,No,0b0,No,0b001,Land (Nothing else but land),0b0,No,0b0,No
Rainfed,US-NE3,41.1797,-96.4397,2004-07-27,h10v04,2116.0,1779.0,0.6318,0.8259,2112.0,0b0000100001000000,0b00,VI produced with good quality,0b0000,Highest quality,0b01,Low,0b0,No,0b0,No,0b0,No,0b001,Land (Nothing else but land),0b0,No,0b0,No
Rainfed,US-NE3,41.1797,-96.4397,2004-08-12,h10v04,2116.0,1779.0,0.6268,0.8267,2112.0,0b0000100001000000,0b00,VI produced with good quality,0b0000,Highest quality,0b01,Low,0b0,No,0b0,No,0b0,No,0b001,Land (Nothing else but land),0b0,No,0b0,No
Rainfed,US-NE3,41.1797,-96.4397,2004-08-28,h10v04,2116.0,1779.0,0.5154,0.7547,2112.0,0b0000100001000000,0b00,VI produced with good quality,0b0000,Highest quality,0b01,Low,0b0,No,0b0,No,0b0,No,0b001,Land (Nothing else but land),0b0,No,0b0,No
Rainfed,US-NE3,41.1797,-96.4397,2004-09-13,h10v04,2116.0,1779.0,0.6127,0.7588,2112.0,0b0000100001000000,0b00,VI produced with good quality,0b0000,Highest quality,0b01,Low,0b0,No,0b0,No,0b0,No,0b001,Land (Nothing else but land),0b0,No,0b0,No
Rainfed,US-NE3,41.1797,-96.4397,2004-09-29,h10v04,2116.0,1779.0,0.1985,0.3997,2112.0,0b0000100001000000,0b00,VI produced with good quality,0b0000,Highest quality,0b01,Low,0b0,No,0b0,No,0b0,No,0b001,Land (Nothing else but land),0b0,No,0b0,No
Rainfed,US-NE3,41.1797,-96.4397,2004-10-15,h10v04,2116.0,1779.0,0.1913,0.3419,2112.0,0b0000100001000000,0b00,VI produced with good quality,0b0000,Highest quality,0b01,Low,0b0,No,0b0,No,0b0,No,0b001,Land (Nothing else but land),0b0,No,0b0,No
Rainfed,US-NE3,41.1797,-96.4397,2004-10-31,h10v04,2116.0,1779.0,0.2035,0.3801,2112.0,0b0000100001000000,0b00,VI produced with good quality,0b0000,Highest quality,0b01,Low,0b0,No,0b0,No,0b0,No,0b001,Land (Nothing else but land),0b0,No,0b0,No
Rainfed,US-NE3,41.1797,-96.4397,2004-11-16,h10v04,2116.0,1779.0,0.1987,0.3389,2116.0,0b0000100001000100,0b00,VI produced with good quality,0b0001,Lower quality,0b01,Low,0b0,No,0b0,No,0b0,No,0b001,Land (Nothing else but land),0b0,No,0b0,No
Rainfed,US-NE3,41.1797,-96.4397,2004-12-02,h10v04,2116.0,1779.0,0.1164,0.2222,2116.0,0b0000100001000100,0b00,VI produced with good quality,0b0001,Lower quality,0b01,Low,0b0,No,0b0,No,0b0,No,0b001,Land (Nothing else but land),0b0,No,0b0,No
Rainfed,US-NE3,41.1797,-96.4397,2004-12-18,h10v04,2116.0,1779.0,0.1452,0.2756,2120.0,0b0000100001001000,0b00,VI produced with good quality,0b0010,Decreasing quality (0010),0b01,Low,0b0,No,0b0,No,0b0,No,0b001,Land (Nothing else but land),0b0,No,0b0,No
Rainfed,US-NE3,41.1797,-96.4397,2005-01-01,h10v04,2116.0,1779.0,-0.0422,-0.0261,20497.0,0b0101000000010001,0b01,"VI produced, but check other QA",0b0100,Decreasing quality (0100),0b00,Climatology,0b0,No,0b0,No,0b0,No,0b010,Ocean coastlines and lake shorelines,0b1,Yes,0b0,No
Rainfed,US-NE3,41.1797,-96.4397,2005-01-17,h10v04,2116.0,1779.0,-0.0483,-0.0364,18449.0,0b0100100000010001,0b01,"VI produced, but check other QA",0b0100,Decreasing quality (0100),0b00,Climatology,0b0,No,0b0,No,0b0,No,0b001,Land (Nothing else but land),0b1,Yes,0b0,No
Rainfed,US-NE3,41.1797,-96.4397,2005-02-02,h10v04,2116.0,1779.0,0.1153,0.2395,2112.0,0b0000100001000000,0b00,VI produced with good quality,0b0000,Highest quality,0b01,Low,0b0,No,0b0,No,0b0,No,0b001,Land (Nothing else but land),0b0,No,0b0,No
Rainfed,US-NE3,41.1797,-96.4397,2005-02-18,h10v04,2116.0,1779.0,0.1202,0.224,2112.0,0b0000100001000000,0b00,VI produced with good quality,0b0000,Highest quality,0b01,Low,0b0,No,0b0,No,0b0,No,0b001,Land (Nothing else but land),0b0,No,0b0,No
Rainfed,US-NE3,41.1797,-96.4397,2005-03-06,h10v04,2116.0,1779.0,0.1518,0.2599,2112.0,0b0000100001000000,0b00,VI produced with good quality,0b0000,Highest quality,0b01,Low,0b0,No,0b0,No,0b0,No,0b001,Land (Nothing else but land),0b0,No,0b0,No
Rainfed,US-NE3,41.1797,-96.4397,2005-03-22,h10v04,2116.0,1779.0,0.1746,0.3,2181.0,0b0000100010000101,0b01,"VI produced, but check other QA",0b0001,Lower quality,0b10,Average,0b0,No,0b0,No,0b0,No,0b001,Land (Nothing else but land),0b0,No,0b0,No
Rainfed,US-NE3,41.1797,-96.4397,2005-04-07,h10v04,2116.0,1779.0,0.1803,0.3236,4160.0,0b0001000001000000,0b00,VI produced with good quality,0b0000,Highest quality,0b01,Low,0b0,No,0b0,No,0b0,No,0b010,Ocean coastlines and lake shorelines,0b0,No,0b0,No
Rainfed,US-NE3,41.1797,-96.4397,2005-04-23,h10v04,2116.0,1779.0,0.247,0.4398,2112.0,0b0000100001000000,0b00,VI produced with good quality,0b0000,Highest quality,0b01,Low,0b0,No,0b0,No,0b0,No,0b001,Land (Nothing else but land),0b0,No,0b0,No
Rainfed,US-NE3,41.1797,-96.4397,2005-05-09,h10v04,2116.0,1779.0,0.1732,0.2592,2112.0,0b0000100001000000,0b00,VI produced with good quality,0b0000,Highest quality,0b01,Low,0b0,No,0b0,No,0b0,No,0b001,Land (Nothing else but land),0b0,No,0b0,No
Rainfed,US-NE3,41.1797,-96.4397,2005-05-25,h10v04,2116.0,1779.0,0.2078,0.3118,2112.0,0b0000100001000000,0b00,VI produced with good quality,0b0000,Highest quality,0b01,Low,0b0,No,0b0,No,0b0,No,0b001,Land (Nothing else but land),0b0,No,0b0,No
Rainfed,US-NE3,41.1797,-96.4397,2005-06-10,h10v04,2116.0,1779.0,0.401,0.6154,2181.0,0b0000100010000101,0b01,"VI produced, but check other QA",0b0001,Lower quality,0b10,Average,0b0,No,0b0,No,0b0,No,0b001,Land (Nothing else but land),0b0,No,0b0,No
Rainfed,US-NE3,41.1797,-96.4397,2005-06-26,h10v04,2116.0,1779.0,0.4533,0.7085,2112.0,0b0000100001000000,0b00,VI produced with good quality,0b0000,Highest quality,0b01,Low,0b0,No,0b0,No,0b0,No,0b001,Land (Nothing else but land),0b0,No,0b0,No
Rainfed,US-NE3,41.1797,-96.4397,2005-07-12,h10v04,2116.0,1779.0,0.5316,0.763,2112.0,0b0000100001000000,0b00,VI produced with good quality,0b0000,Highest quality,0b01,Low,0b0,No,0b0,No,0b0,No,0b001,Land (Nothing else but land),0b0,No,0b0,No
Rainfed,US-NE3,41.1797,-96.4397,2005-07-28,h10v04,2116.0,1779.0,0.5675,0.824,4160.0,0b0001000001000000,0b00,VI produced with good quality,0b0000,Highest quality,0b01,Low,0b0,No,0b0,No,0b0,No,0b010,Ocean coastlines and lake shorelines,0b0,No,0b0,No
Rainfed,US-NE3,41.1797,-96.4397,2005-08-13,h10v04,2116.0,1779.0,0.546,0.813,4229.0,0b0001000010000101,0b01,"VI produced, but check other QA",0b0001,Lower quality,0b10,Average,0b0,No,0b0,No,0b0,No,0b010,Ocean coastlines and lake shorelines,0b0,No,0b0,No
Rainfed,US-NE3,41.1797,-96.4397,2005-08-29,h10v04,2116.0,1779.0,0.4247,0.6605,2181.0,0b0000100010000101,0b01,"VI produced, but check other QA",0b0001,Lower quality,0b10,Average,0b0,No,0b0,No,0b0,No,0b001,Land (Nothing else but land),0b0,No,0b0,No
Rainfed,US-NE3,41.1797,-96.4397,2005-09-14,h10v04,2116.0,1779.0,0.3027,0.5113,2112.0,0b0000100001000000,0b00,VI produced with good quality,0b0000,Highest quality,0b01,Low,0b0,No,0b0,No,0b0,No,0b001,Land (Nothing else but land),0b0,No,0b0,No
Rainfed,US-NE3,41.1797,-96.4397,2005-09-30,h10v04,2116.0,1779.0,0.2253,0.3721,2112.0,0b0000100001000000,0b00,VI produced with good quality,0b0000,Highest quality,0b01,Low,0b0,No,0b0,No,0b0,No,0b001,Land (Nothing else but land),0b0,No,0b0,No
Rainfed,US-NE3,41.1797,-96.4397,2005-10-16,h10v04,2116.0,1779.0,0.1578,0.2277,2112.0,0b0000100001000000,0b00,VI produced with good quality,0b0000,Highest quality,0b01,Low,0b0,No,0b0,No,0b0,No,0b001,Land (Nothing else but land),0b0,No,0b0,No
Rainfed,US-NE3,41.1797,-96.4397,2005-11-01,h10v04,2116.0,1779.0,0.225,0.3668,2112.0,0b0000100001000000,0b00,VI produced with good quality,0b0000,Highest quality,0b01,Low,0b0,No,0b0,No,0b0,No,0b001,Land (Nothing else but land),0b0,No,0b0,No
Rainfed,US-NE3,41.1797,-96.4397,2005-11-17,h10v04,2116.0,1779.0,0.2054,0.3352,2116.0,0b0000100001000100,0b00,VI produced with good quality,0b0001,Lower quality,0b01,Low,0b0,No,0b0,No,0b0,No,0b001,Land (Nothing else but land),0b0,No,0b0,No
Rainfed,US-NE3,41.1797,-96.4397,2005-12-03,h10v04,2116.0,1779.0,-0.0313,-0.02,18449.0,0b0100100000010001,0b01,"VI produced, but check other QA",0b0100,Decreasing quality (0100),0b00,Climatology,0b0,No,0b0,No,0b0,No,0b001,Land (Nothing else but land),0b1,Yes,0b0,No
Rainfed,US-NE3,41.1797,-96.4397,2005-12-19,h10v04,2116.0,1779.0,0.1254,0.2165,2120.0,0b0000100001001000,0b00,VI produced with good quality,0b0010,Decreasing quality (0010),0b01,Low,0b0,No,0b0,No,0b0,No,0b001,Land (Nothing else but land),0b0,No,0b0,No
Rainfed,US-NE3,41.1797,-96.4397,2006-01-01,h10v04,2116.0,1779.0,0.1254,0.2165,2116.0,0b0000100001000100,0b00,VI produced with good quality,0b0001,Lower quality,0b01,Low,0b0,No,0b0,No,0b0,No,0b001,Land (Nothing else but land),0b0,No,0b0,No
Rainfed,US-NE3,41.1797,-96.4397,2006-01-17,h10v04,2116.0,1779.0,0.1328,0.2322,2116.0,0b0000100001000100,0b00,VI produced with good quality,0b0001,Lower quality,0b01,Low,0b0,No,0b0,No,0b0,No,0b001,Land (Nothing else but land),0b0,No,0b0,No
Rainfed,US-NE3,41.1797,-96.4397,2006-02-02,h10v04,2116.0,1779.0,0.1185,0.1949,2112.0,0b0000100001000000,0b00,VI produced with good quality,0b0000,Highest quality,0b01,Low,0b0,No,0b0,No,0b0,No,0b001,Land (Nothing else but land),0b0,No,0b0,No
Rainfed,US-NE3,41.1797,-96.4397,2006-02-18,h10v04,2116.0,1779.0,0.1324,0.2177,2112.0,0b0000100001000000,0b00,VI produced with good quality,0b0000,Highest quality,0b01,Low,0b0,No,0b0,No,0b0,No,0b001,Land (Nothing else but land),0b0,No,0b0,No
Rainfed,US-NE3,41.1797,-96.4397,2006-03-06,h10v04,2116.0,1779.0,0.1339,0.2307,2185.0,0b0000100010001001,0b01,"VI produced, but check other QA",0b0010,Decreasing quality (0010),0b10,Average,0b0,No,0b0,No,0b0,No,0b001,Land (Nothing else but land),0b0,No,0b0,No
Rainfed,US-NE3,41.1797,-96.4397,2006-03-22,h10v04,2116.0,1779.0,0.1739,0.2779,2181.0,0b0000100010000101,0b01,"VI produced, but check other QA",0b0001,Lower quality,0b10,Average,0b0,No,0b0,No,0b0,No,0b001,Land (Nothing else but land),0b0,No,0b0,No
Rainfed,US-NE3,41.1797,-96.4397,2006-04-07,h10v04,2116.0,1779.0,0.1713,0.2614,2112.0,0b0000100001000000,0b00,VI produced with good quality,0b0000,Highest quality,0b01,Low,0b0,No,0b0,No,0b0,No,0b001,Land (Nothing else but land),0b0,No,0b0,No
Rainfed,US-NE3,41.1797,-96.4397,2006-04-23,h10v04,2116.0,1779.0,0.1921,0.2745,2181.0,0b0000100010000101,0b01,"VI produced, but check other QA",0b0001,Lower quality,0b10,Average,0b0,No,0b0,No,0b0,No,0b001,Land (Nothing else but land),0b0,No,0b0,No
Rainfed,US-NE3,41.1797,-96.4397,2006-05-09,h10v04,2116.0,1779.0,0.177,0.2725,2112.0,0b0000100001000000,0b00,VI produced with good quality,0b0000,Highest quality,0b01,Low,0b0,No,0b0,No,0b0,No,0b001,Land (Nothing else but land),0b0,No,0b0,No
Rainfed,US-NE3,41.1797,-96.4397,2006-05-25,h10v04,2116.0,1779.0,0.236,0.3755,2112.0,0b0000100001000000,0b00,VI produced with good quality,0b0000,Highest quality,0b01,Low,0b0,No,0b0,No,0b0,No,0b001,Land (Nothing else but land),0b0,No,0b0,No
Rainfed,US-NE3,41.1797,-96.4397,2006-06-10,h10v04,2116.0,1779.0,0.3081,0.4825,2112.0,0b0000100001000000,0b00,VI produced with good quality,0b0000,Highest quality,0b01,Low,0b0,No,0b0,No,0b0,No,0b001,Land (Nothing else but land),0b0,No,0b0,No
Rainfed,US-NE3,41.1797,-96.4397,2006-06-26,h10v04,2116.0,1779.0,0.3201,0.4691,2181.0,0b0000100010000101,0b01,"VI produced, but check other QA",0b0001,Lower quality,0b10,Average,0b0,No,0b0,No,0b0,No,0b001,Land (Nothing else but land),0b0,No,0b0,No
Rainfed,US-NE3,41.1797,-96.4397,2006-07-12,h10v04,2116.0,1779.0,0.6152,0.8017,2112.0,0b0000100001000000,0b00,VI produced with good quality,0b0000,Highest quality,0b01,Low,0b0,No,0b0,No,0b0,No,0b001,Land (Nothing else but land),0b0,No,0b0,No
Rainfed,US-NE3,41.1797,-96.4397,2006-07-28,h10v04,2116.0,1779.0,0.5444,0.7551,2112.0,0b0000100001000000,0b00,VI produced with good quality,0b0000,Highest quality,0b01,Low,0b0,No,0b0,No,0b0,No,0b001,Land (Nothing else but land),0b0,No,0b0,No
Rainfed,US-NE3,41.1797,-96.4397,2006-08-13,h10v04,2116.0,1779.0,0.6428,0.8748,4164.0,0b0001000001000100,0b00,VI produced with good quality,0b0001,Lower quality,0b01,Low,0b0,No,0b0,No,0b0,No,0b010,Ocean coastlines and lake shorelines,0b0,No,0b0,No
Rainfed,US-NE3,41.1797,-96.4397,2006-08-29,h10v04,2116.0,1779.0,0.4277,0.6759,2112.0,0b0000100001000000,0b00,VI produced with good quality,0b0000,Highest quality,0b01,Low,0b0,No,0b0,No,0b0,No,0b001,Land (Nothing else but land),0b0,No,0b0,No
Rainfed,US-NE3,41.1797,-96.4397,2006-09-14,h10v04,2116.0,1779.0,0.4191,0.6527,2112.0,0b0000100001000000,0b00,VI produced with good quality,0b0000,Highest quality,0b01,Low,0b0,No,0b0,No,0b0,No,0b001,Land (Nothing else but land),0b0,No,0b0,No
Rainfed,US-NE3,41.1797,-96.4397,2006-09-30,h10v04,2116.0,1779.0,0.1704,0.2887,2112.0,0b0000100001000000,0b00,VI produced with good quality,0b0000,Highest quality,0b01,Low,0b0,No,0b0,No,0b0,No,0b001,Land (Nothing else but land),0b0,No,0b0,No
Rainfed,US-NE3,41.1797,-96.4397,2006-10-16,h10v04,2116.0,1779.0,0.2188,0.3454,2112.0,0b0000100001000000,0b00,VI produced with good quality,0b0000,Highest quality,0b01,Low,0b0,No,0b0,No,0b0,No,0b001,Land (Nothing else but land),0b0,No,0b0,No
Rainfed,US-NE3,41.1797,-96.4397,2006-11-01,h10v04,2116.0,1779.0,0.2183,0.3646,2112.0,0b0000100001000000,0b00,VI produced with good quality,0b0000,Highest quality,0b01,Low,0b0,No,0b0,No,0b0,No,0b001,Land (Nothing else but land),0b0,No,0b0,No
Rainfed,US-NE3,41.1797,-96.4397,2006-11-17,h10v04,2116.0,1779.0,0.2069,0.3131,2189.0,0b0000100010001101,0b01,"VI produced, but check other QA",0b0011,Decreasing quality (0011),0b10,Average,0b0,No,0b0,No,0b0,No,0b001,Land (Nothing else but land),0b0,No,0b0,No
Rainfed,US-NE3,41.1797,-96.4397,2006-12-03,h10v04,2116.0,1779.0,0.1427,0.2502,2116.0,0b0000100001000100,0b00,VI produced with good quality,0b0001,Lower quality,0b01,Low,0b0,No,0b0,No,0b0,No,0b001,Land (Nothing else but land),0b0,No,0b0,No
Rainfed,US-NE3,41.1797,-96.4397,2006-12-19,h10v04,2116.0,1779.0,-0.0259,-0.0241,18453.0,0b0100100000010101,0b01,"VI produced, but check other QA",0b0101,Decreasing quality (0101),0b00,Climatology,0b0,No,0b0,No,0b0,No,0b001,Land (Nothing else but land),0b1,Yes,0b0,No
Rainfed,US-NE3,41.1797,-96.4397,2007-01-01,h10v04,2116.0,1779.0,0.1359,0.2194,3222.0,0b0000110010010110,0b10,"Pixel produced, but most probably cloudy",0b0101,Decreasing quality (0101),0b10,Average,0b0,No,0b0,No,0b1,Yes,0b001,Land (Nothing else but land),0b0,No,0b0,No
Rainfed,US-NE3,41.1797,-96.4397,2007-01-17,h10v04,2116.0,1779.0,-0.0663,-0.0437,18449.0,0b0100100000010001,0b01,"VI produced, but check other QA",0b0100,Decreasing quality (0100),0b00,Climatology,0b0,No,0b0,No,0b0,No,0b001,Land (Nothing else but land),0b1,Yes,0b0,No
Rainfed,US-NE3,41.1797,-96.4397,2007-02-02,h10v04,2116.0,1779.0,0.0079,0.0054,2066.0,0b0000100000010010,0b10,"Pixel produced, but most probably cloudy",0b0100,Decreasing quality (0100),0b00,Climatology,0b0,No,0b0,No,0b0,No,0b001,Land (Nothing else but land),0b0,No,0b0,No
Rainfed,US-NE3,41.1797,-96.4397,2007-02-18,h10v04,2116.0,1779.0,0.1033,0.2306,2185.0,0b0000100010001001,0b01,"VI produced, but check other QA",0b0010,Decreasing quality (0010),0b10,Average,0b0,No,0b0,No,0b0,No,0b001,Land (Nothing else but land),0b0,No,0b0,No
Rainfed,US-NE3,41.1797,-96.4397,2007-03-06,h10v04,2116.0,1779.0,0.1347,0.2411,2181.0,0b0000100010000101,0b01,"VI produced, but check other QA",0b0001,Lower quality,0b10,Average,0b0,No,0b0,No,0b0,No,0b001,Land (Nothing else but land),0b0,No,0b0,No
Rainfed,US-NE3,41.1797,-96.4397,2007-03-22,h10v04,2116.0,1779.0,0.161,0.2845,2112.0,0b0000100001000000,0b00,VI produced with good quality,0b0000,Highest quality,0b01,Low,0b0,No,0b0,No,0b0,No,0b001,Land (Nothing else but land),0b0,No,0b0,No
Rainfed,US-NE3,41.1797,-96.4397,2007-04-07,h10v04,2116.0,1779.0,0.1601,0.2707,2112.0,0b0000100001000000,0b00,VI produced with good quality,0b0000,Highest quality,0b01,Low,0b0,No,0b0,No,0b0,No,0b001,Land (Nothing else but land),0b0,No,0b0,No
Rainfed,US-NE3,41.1797,-96.4397,2007-04-23,h10v04,2116.0,1779.0,0.2424,0.4083,2112.0,0b0000100001000000,0b00,VI produced with good quality,0b0000,Highest quality,0b01,Low,0b0,No,0b0,No,0b0,No,0b001,Land (Nothing else but land),0b0,No,0b0,No
Rainfed,US-NE3,41.1797,-96.4397,2007-05-09,h10v04,2116.0,1779.0,0.3075,0.4936,2112.0,0b0000100001000000,0b00,VI produced with good quality,0b0000,Highest quality,0b01,Low,0b0,No,0b0,No,0b0,No,0b001,Land (Nothing else but land),0b0,No,0b0,No
Rainfed,US-NE3,41.1797,-96.4397,2007-05-25,h10v04,2116.0,1779.0,0.3709,0.5737,2181.0,0b0000100010000101,0b01,"VI produced, but check other QA",0b0001,Lower quality,0b10,Average,0b0,No,0b0,No,0b0,No,0b001,Land (Nothing else but land),0b0,No,0b0,No
Rainfed,US-NE3,41.1797,-96.4397,2007-06-10,h10v04,2116.0,1779.0,0.4825,0.6581,2112.0,0b0000100001000000,0b00,VI produced with good quality,0b0000,Highest quality,0b01,Low,0b0,No,0b0,No,0b0,No,0b001,Land (Nothing else but land),0b0,No,0b0,No
Rainfed,US-NE3,41.1797,-96.4397,2007-06-26,h10v04,2116.0,1779.0,0.5782,0.7556,2112.0,0b0000100001000000,0b00,VI produced with good quality,0b0000,Highest quality,0b01,Low,0b0,No,0b0,No,0b0,No,0b001,Land (Nothing else but land),0b0,No,0b0,No
Rainfed,US-NE3,41.1797,-96.4397,2007-07-12,h10v04,2116.0,1779.0,0.5529,0.7917,2112.0,0b0000100001000000,0b00,VI produced with good quality,0b0000,Highest quality,0b01,Low,0b0,No,0b0,No,0b0,No,0b001,Land (Nothing else but land),0b0,No,0b0,No
Rainfed,US-NE3,41.1797,-96.4397,2007-07-28,h10v04,2116.0,1779.0,0.6275,0.8617,2112.0,0b0000100001000000,0b00,VI produced with good quality,0b0000,Highest quality,0b01,Low,0b0,No,0b0,No,0b0,No,0b001,Land (Nothing else but land),0b0,No,0b0,No
Rainfed,US-NE3,41.1797,-96.4397,2007-08-13,h10v04,2116.0,1779.0,0.5839,0.8439,2112.0,0b0000100001000000,0b00,VI produced with good quality,0b0000,Highest quality,0b01,Low,0b0,No,0b0,No,0b0,No,0b001,Land (Nothing else but land),0b0,No,0b0,No
Rainfed,US-NE3,41.1797,-96.4397,2007-08-29,h10v04,2116.0,1779.0,0.5117,0.79,2112.0,0b0000100001000000,0b00,VI produced with good quality,0b0000,Highest quality,0b01,Low,0b0,No,0b0,No,0b0,No,0b001,Land (Nothing else but land),0b0,No,0b0,No
Rainfed,US-NE3,41.1797,-96.4397,2007-09-14,h10v04,2116.0,1779.0,0.1606,0.375,2112.0,0b0000100001000000,0b00,VI produced with good quality,0b0000,Highest quality,0b01,Low,0b0,No,0b0,No,0b0,No,0b001,Land (Nothing else but land),0b0,No,0b0,No
Rainfed,US-NE3,41.1797,-96.4397,2007-09-30,h10v04,2116.0,1779.0,0.1689,0.3509,2112.0,0b0000100001000000,0b00,VI produced with good quality,0b0000,Highest quality,0b01,Low,0b0,No,0b0,No,0b0,No,0b001,Land (Nothing else but land),0b0,No,0b0,No
Rainfed,US-NE3,41.1797,-96.4397,2007-10-16,h10v04,2116.0,1779.0,0.1225,0.3125,2112.0,0b0000100001000000,0b00,VI produced with good quality,0b0000,Highest quality,0b01,Low,0b0,No,0b0,No,0b0,No,0b001,Land (Nothing else but land),0b0,No,0b0,No
Rainfed,US-NE3,41.1797,-96.4397,2007-11-01,h10v04,2116.0,1779.0,0.16,0.2537,2112.0,0b0000100001000000,0b00,VI produced with good quality,0b0000,Highest quality,0b01,Low,0b0,No,0b0,No,0b0,No,0b001,Land (Nothing else but land),0b0,No,0b0,No
Rainfed,US-NE3,41.1797,-96.4397,2007-11-17,h10v04,2116.0,1779.0,0.1802,0.2811,2116.0,0b0000100001000100,0b00,VI produced with good quality,0b0001,Lower quality,0b01,Low,0b0,No,0b0,No,0b0,No,0b001,Land (Nothing else but land),0b0,No,0b0,No
Rainfed,US-NE3,41.1797,-96.4397,2007-12-03,h10v04,2116.0,1779.0,-0.0445,-0.0284,18449.0,0b0100100000010001,0b01,"VI produced, but check other QA",0b0100,Decreasing quality (0100),0b00,Climatology,0b0,No,0b0,No,0b0,No,0b001,Land (Nothing else but land),0b1,Yes,0b0,No
Rainfed,US-NE3,41.1797,-96.4397,2007-12-19,h10v04,2116.0,1779.0,-0.0347,-0.0326,18453.0,0b0100100000010101,0b01,"VI produced, but check other QA",0b0101,Decreasing quality (0101),0b00,Climatology,0b0,No,0b0,No,0b0,No,0b001,Land (Nothing else but land),0b1,Yes,0b0,No
Rainfed,US-NE3,41.1797,-96.4397,2008-01-01,h10v04,2116.0,1779.0,-0.0288,-0.019,18453.0,0b0100100000010101,0b01,"VI produced, but check other QA",0b0101,Decreasing quality (0101),0b00,Climatology,0b0,No,0b0,No,0b0,No,0b001,Land (Nothing else but land),0b1,Yes,0b0,No
Rainfed,US-NE3,41.1797,-96.4397,2008-01-17,h10v04,2116.0,1779.0,-0.0196,-0.0126,18453.0,0b0100100000010101,0b01,"VI produced, but check other QA",0b0101,Decreasing quality (0101),0b00,Climatology,0b0,No,0b0,No,0b0,No,0b001,Land (Nothing else but land),0b1,Yes,0b0,No
Rainfed,US-NE3,41.1797,-96.4397,2008-02-02,h10v04,2116.0,1779.0,0.0014,0.001,4106.0,0b0001000000001010,0b10,"Pixel produced, but most probably cloudy",0b0010,Decreasing quality (0010),0b00,Climatology,0b0,No,0b0,No,0b0,No,0b010,Ocean coastlines and lake shorelines,0b0,No,0b0,No
Rainfed,US-NE3,41.1797,-96.4397,2008-02-18,h10v04,2116.0,1779.0,0.1297,0.2216,2112.0,0b0000100001000000,0b00,VI produced with good quality,0b0000,Highest quality,0b01,Low,0b0,No,0b0,No,0b0,No,0b001,Land (Nothing else but land),0b0,No,0b0,No
Rainfed,US-NE3,41.1797,-96.4397,2008-03-05,h10v04,2116.0,1779.0,0.1558,0.2375,2112.0,0b0000100001000000,0b00,VI produced with good quality,0b0000,Highest quality,0b01,Low,0b0,No,0b0,No,0b0,No,0b001,Land (Nothing else but land),0b0,No,0b0,No
Rainfed,US-NE3,41.1797,-96.4397,2008-03-21,h10v04,2116.0,1779.0,0.1489,0.2291,2112.0,0b0000100001000000,0b00,VI produced with good quality,0b0000,Highest quality,0b01,Low,0b0,No,0b0,No,0b0,No,0b001,Land (Nothing else but land),0b0,No,0b0,No
Rainfed,US-NE3,41.1797,-96.4397,2008-04-06,h10v04,2116.0,1779.0,0.1896,0.2331,3150.0,0b0000110001001110,0b10,"Pixel produced, but most probably cloudy",0b0011,Decreasing quality (0011),0b01,Low,0b0,No,0b0,No,0b1,Yes,0b001,Land (Nothing else but land),0b0,No,0b0,No
Rainfed,US-NE3,41.1797,-96.4397,2008-04-22,h10v04,2116.0,1779.0,0.1704,0.2572,2112.0,0b0000100001000000,0b00,VI produced with good quality,0b0000,Highest quality,0b01,Low,0b0,No,0b0,No,0b0,No,0b001,Land (Nothing else but land),0b0,No,0b0,No
Rainfed,US-NE3,41.1797,-96.4397,2008-05-08,h10v04,2116.0,1779.0,0.2944,0.4038,2116.0,0b0000100001000100,0b00,VI produced with good quality,0b0001,Lower quality,0b01,Low,0b0,No,0b0,No,0b0,No,0b001,Land (Nothing else but land),0b0,No,0b0,No
Rainfed,US-NE3,41.1797,-96.4397,2008-05-24,h10v04,2116.0,1779.0,0.2212,0.3392,2112.0,0b0000100001000000,0b00,VI produced with good quality,0b0000,Highest quality,0b01,Low,0b0,No,0b0,No,0b0,No,0b001,Land (Nothing else but land),0b0,No,0b0,No
Rainfed,US-NE3,41.1797,-96.4397,2008-06-09,h10v04,2116.0,1779.0,0.1984,0.2923,2112.0,0b0000100001000000,0b00,VI produced with good quality,0b0000,Highest quality,0b01,Low,0b0,No,0b0,No,0b0,No,0b001,Land (Nothing else but land),0b0,No,0b0,No
Rainfed,US-NE3,41.1797,-96.4397,2008-06-25,h10v04,2116.0,1779.0,0.2627,0.4456,2112.0,0b0000100001000000,0b00,VI produced with good quality,0b0000,Highest quality,0b01,Low,0b0,No,0b0,No,0b0,No,0b001,Land (Nothing else but land),0b0,No,0b0,No
Rainfed,US-NE3,41.1797,-96.4397,2008-07-11,h10v04,2116.0,1779.0,0.3915,0.5797,2112.0,0b0000100001000000,0b00,VI produced with good quality,0b0000,Highest quality,0b01,Low,0b0,No,0b0,No,0b0,No,0b001,Land (Nothing else but land),0b0,No,0b0,No
Rainfed,US-NE3,41.1797,-96.4397,2008-07-27,h10v04,2116.0,1779.0,0.6559,0.8409,2112.0,0b0000100001000000,0b00,VI produced with good quality,0b0000,Highest quality,0b01,Low,0b0,No,0b0,No,0b0,No,0b001,Land (Nothing else but land),0b0,No,0b0,No
Rainfed,US-NE3,41.1797,-96.4397,2008-08-12,h10v04,2116.0,1779.0,0.5697,0.7922,2112.0,0b0000100001000000,0b00,VI produced with good quality,0b0000,Highest quality,0b01,Low,0b0,No,0b0,No,0b0,No,0b001,Land (Nothing else but land),0b0,No,0b0,No
Rainfed,US-NE3,41.1797,-96.4397,2008-08-28,h10v04,2116.0,1779.0,0.6561,0.8531,2181.0,0b0000100010000101,0b01,"VI produced, but check other QA",0b0001,Lower quality,0b10,Average,0b0,No,0b0,No,0b0,No,0b001,Land (Nothing else but land),0b0,No,0b0,No
Rainfed,US-NE3,41.1797,-96.4397,2008-09-13,h10v04,2116.0,1779.0,0.3552,0.5855,2112.0,0b0000100001000000,0b00,VI produced with good quality,0b0000,Highest quality,0b01,Low,0b0,No,0b0,No,0b0,No,0b001,Land (Nothing else but land),0b0,No,0b0,No
Rainfed,US-NE3,41.1797,-96.4397,2008-09-29,h10v04,2116.0,1779.0,0.2041,0.3289,2112.0,0b0000100001000000,0b00,VI produced with good quality,0b0000,Highest quality,0b01,Low,0b0,No,0b0,No,0b0,No,0b001,Land (Nothing else but land),0b0,No,0b0,No
Rainfed,US-NE3,41.1797,-96.4397,2008-10-15,h10v04,2116.0,1779.0,0.1389,0.2334,2112.0,0b0000100001000000,0b00,VI produced with good quality,0b0000,Highest quality,0b01,Low,0b0,No,0b0,No,0b0,No,0b001,Land (Nothing else but land),0b0,No,0b0,No
Rainfed,US-NE3,41.1797,-96.4397,2008-10-31,h10v04,2116.0,1779.0,0.1425,0.2557,2112.0,0b0000100001000000,0b00,VI produced with good quality,0b0000,Highest quality,0b01,Low,0b0,No,0b0,No,0b0,No,0b001,Land (Nothing else but land),0b0,No,0b0,No
Rainfed,US-NE3,41.1797,-96.4397,2008-11-16,h10v04,2116.0,1779.0,0.0816,0.258,2116.0,0b0000100001000100,0b00,VI produced with good quality,0b0001,Lower quality,0b01,Low,0b0,No,0b0,No,0b0,No,0b001,Land (Nothing else but land),0b0,No,0b0,No
Rainfed,US-NE3,41.1797,-96.4397,2008-12-02,h10v04,2116.0,1779.0,0.1733,0.2939,2116.0,0b0000100001000100,0b00,VI produced with good quality,0b0001,Lower quality,0b01,Low,0b0,No,0b0,No,0b0,No,0b001,Land (Nothing else but land),0b0,No,0b0,No
Rainfed,US-NE3,41.1797,-96.4397,2008-12-18,h10v04,2116.0,1779.0,0.1596,0.2676,2120.0,0b0000100001001000,0b00,VI produced with good quality,0b0010,Decreasing quality (0010),0b01,Low,0b0,No,0b0,No,0b0,No,0b001,Land (Nothing else but land),0b0,No,0b0,No
Rainfed,US-NE3,41.1797,-96.4397,2009-01-01,h10v04,2116.0,1779.0,0.1596,0.2676,2116.0,0b0000100001000100,0b00,VI produced with good quality,0b0001,Lower quality,0b01,Low,0b0,No,0b0,No,0b0,No,0b001,Land (Nothing else but land),0b0,No,0b0,No
Rainfed,US-NE3,41.1797,-96.4397,2009-01-17,h10v04,2116.0,1779.0,0.1583,0.276,2116.0,0b0000100001000100,0b00,VI produced with good quality,0b0001,Lower quality,0b01,Low,0b0,No,0b0,No,0b0,No,0b001,Land (Nothing else but land),0b0,No,0b0,No
Rainfed,US-NE3,41.1797,-96.4397,2009-02-02,h10v04,2116.0,1779.0,0.1293,0.2239,2112.0,0b0000100001000000,0b00,VI produced with good quality,0b0000,Highest quality,0b01,Low,0b0,No,0b0,No,0b0,No,0b001,Land (Nothing else but land),0b0,No,0b0,No
Rainfed,US-NE3,41.1797,-96.4397,2009-02-18,h10v04,2116.0,1779.0,0.1266,0.2224,2181.0,0b0000100010000101,0b01,"VI produced, but check other QA",0b0001,Lower quality,0b10,Average,0b0,No,0b0,No,0b0,No,0b001,Land (Nothing else but land),0b0,No,0b0,No
Rainfed,US-NE3,41.1797,-96.4397,2009-03-06,h10v04,2116.0,1779.0,0.1425,0.2425,2181.0,0b0000100010000101,0b01,"VI produced, but check other QA",0b0001,Lower quality,0b10,Average,0b0,No,0b0,No,0b0,No,0b001,Land (Nothing else but land),0b0,No,0b0,No
Rainfed,US-NE3,41.1797,-96.4397,2009-03-22,h10v04,2116.0,1779.0,0.1965,0.3234,2112.0,0b0000100001000000,0b00,VI produced with good quality,0b0000,Highest quality,0b01,Low,0b0,No,0b0,No,0b0,No,0b001,Land (Nothing else but land),0b0,No,0b0,No
Rainfed,US-NE3,41.1797,-96.4397,2009-04-07,h10v04,2116.0,1779.0,0.1477,0.237,2181.0,0b0000100010000101,0b01,"VI produced, but check other QA",0b0001,Lower quality,0b10,Average,0b0,No,0b0,No,0b0,No,0b001,Land (Nothing else but land),0b0,No,0b0,No
Rainfed,US-NE3,41.1797,-96.4397,2009-04-23,h10v04,2116.0,1779.0,0.1808,0.2808,4229.0,0b0001000010000101,0b01,"VI produced, but check other QA",0b0001,Lower quality,0b10,Average,0b0,No,0b0,No,0b0,No,0b010,Ocean coastlines and lake shorelines,0b0,No,0b0,No
Rainfed,US-NE3,41.1797,-96.4397,2009-05-09,h10v04,2116.0,1779.0,0.2514,0.4271,2116.0,0b0000100001000100,0b00,VI produced with good quality,0b0001,Lower quality,0b01,Low,0b0,No,0b0,No,0b0,No,0b001,Land (Nothing else but land),0b0,No,0b0,No
Rainfed,US-NE3,41.1797,-96.4397,2009-05-25,h10v04,2116.0,1779.0,0.2034,0.3311,2112.0,0b0000100001000000,0b00,VI produced with good quality,0b0000,Highest quality,0b01,Low,0b0,No,0b0,No,0b0,No,0b001,Land (Nothing else but land),0b0,No,0b0,No
Rainfed,US-NE3,41.1797,-96.4397,2009-06-10,h10v04,2116.0,1779.0,0.6072,0.7948,2112.0,0b0000100001000000,0b00,VI produced with good quality,0b0000,Highest quality,0b01,Low,0b0,No,0b0,No,0b0,No,0b001,Land (Nothing else but land),0b0,No,0b0,No
Rainfed,US-NE3,41.1797,-96.4397,2009-06-26,h10v04,2116.0,1779.0,0.6759,0.8771,2112.0,0b0000100001000000,0b00,VI produced with good quality,0b0000,Highest quality,0b01,Low,0b0,No,0b0,No,0b0,No,0b001,Land (Nothing else but land),0b0,No,0b0,No
Rainfed,US-NE3,41.1797,-96.4397,2009-07-12,h10v04,2116.0,1779.0,0.4735,0.7359,2112.0,0b0000100001000000,0b00,VI produced with good quality,0b0000,Highest quality,0b01,Low,0b0,No,0b0,No,0b0,No,0b001,Land (Nothing else but land),0b0,No,0b0,No
Rainfed,US-NE3,41.1797,-96.4397,2009-07-28,h10v04,2116.0,1779.0,0.6634,0.8723,2112.0,0b0000100001000000,0b00,VI produced with good quality,0b0000,Highest quality,0b01,Low,0b0,No,0b0,No,0b0,No,0b001,Land (Nothing else but land),0b0,No,0b0,No
Rainfed,US-NE3,41.1797,-96.4397,2009-08-13,h10v04,2116.0,1779.0,0.5569,0.7967,2112.0,0b0000100001000000,0b00,VI produced with good quality,0b0000,Highest quality,0b01,Low,0b0,No,0b0,No,0b0,No,0b001,Land (Nothing else but land),0b0,No,0b0,No
Rainfed,US-NE3,41.1797,-96.4397,2009-08-29,h10v04,2116.0,1779.0,0.4718,0.6614,2112.0,0b0000100001000000,0b00,VI produced with good quality,0b0000,Highest quality,0b01,Low,0b0,No,0b0,No,0b0,No,0b001,Land (Nothing else but land),0b0,No,0b0,No
Rainfed,US-NE3,41.1797,-96.4397,2009-09-14,h10v04,2116.0,1779.0,0.2151,0.4199,2112.0,0b0000100001000000,0b00,VI produced with good quality,0b0000,Highest quality,0b01,Low,0b0,No,0b0,No,0b0,No,0b001,Land (Nothing else but land),0b0,No,0b0,No
Rainfed,US-NE3,41.1797,-96.4397,2009-09-30,h10v04,2116.0,1779.0,0.2563,0.4513,4164.0,0b0001000001000100,0b00,VI produced with good quality,0b0001,Lower quality,0b01,Low,0b0,No,0b0,No,0b0,No,0b010,Ocean coastlines and lake shorelines,0b0,No,0b0,No
Rainfed,US-NE3,41.1797,-96.4397,2009-10-16,h10v04,2116.0,1779.0,0.2308,0.4392,2112.0,0b0000100001000000,0b00,VI produced with good quality,0b0000,Highest quality,0b01,Low,0b0,No,0b0,No,0b0,No,0b001,Land (Nothing else but land),0b0,No,0b0,No
Rainfed,US-NE3,41.1797,-96.4397,2009-11-01,h10v04,2116.0,1779.0,0.1118,0.2418,2112.0,0b0000100001000000,0b00,VI produced with good quality,0b0000,Highest quality,0b01,Low,0b0,No,0b0,No,0b0,No,0b001,Land (Nothing else but land),0b0,No,0b0,No
Rainfed,US-NE3,41.1797,-96.4397,2009-11-17,h10v04,2116.0,1779.0,0.1349,0.2245,2116.0,0b0000100001000100,0b00,VI produced with good quality,0b0001,Lower quality,0b01,Low,0b0,No,0b0,No,0b0,No,0b001,Land (Nothing else but land),0b0,No,0b0,No
Rainfed,US-NE3,41.1797,-96.4397,2009-12-03,h10v04,2116.0,1779.0,0.1504,0.2491,2116.0,0b0000100001000100,0b00,VI produced with good quality,0b0001,Lower quality,0b01,Low,0b0,No,0b0,No,0b0,No,0b001,Land (Nothing else but land),0b0,No,0b0,No
Rainfed,US-NE3,41.1797,-96.4397,2009-12-19,h10v04,2116.0,1779.0,-0.0176,-0.0168,20501.0,0b0101000000010101,0b01,"VI produced, but check other QA",0b0101,Decreasing quality (0101),0b00,Climatology,0b0,No,0b0,No,0b0,No,0b010,Ocean coastlines and lake shorelines,0b1,Yes,0b0,No
Rainfed,US-NE3,41.1797,-96.4397,2010-01-01,h10v04,2116.0,1779.0,-0.0389,-0.025,18449.0,0b0100100000010001,0b01,"VI produced, but check other QA",0b0100,Decreasing quality (0100),0b00,Climatology,0b0,No,0b0,No,0b0,No,0b001,Land (Nothing else but land),0b1,Yes,0b0,No
Rainfed,US-NE3,41.1797,-96.4397,2010-01-17,h10v04,2116.0,1779.0,-0.0017,-0.0013,18449.0,0b0100100000010001,0b01,"VI produced, but check other QA",0b0100,Decreasing quality (0100),0b00,Climatology,0b0,No,0b0,No,0b0,No,0b001,Land (Nothing else but land),0b1,Yes,0b0,No
Rainfed,US-NE3,41.1797,-96.4397,2010-02-02,h10v04,2116.0,1779.0,-0.0299,-0.0194,18449.0,0b0100100000010001,0b01,"VI produced, but check other QA",0b0100,Decreasing quality (0100),0b00,Climatology,0b0,No,0b0,No,0b0,No,0b001,Land (Nothing else but land),0b1,Yes,0b0,No
Rainfed,US-NE3,41.1797,-96.4397,2010-02-18,h10v04,2116.0,1779.0,-0.0227,-0.0146,18445.0,0b0100100000001101,0b01,"VI produced, but check other QA",0b0011,Decreasing quality (0011),0b00,Climatology,0b0,No,0b0,No,0b0,No,0b001,Land (Nothing else but land),0b1,Yes,0b0,No
Rainfed,US-NE3,41.1797,-96.4397,2010-03-06,h10v04,2116.0,1779.0,0.1312,0.2209,2116.0,0b0000100001000100,0b00,VI produced with good quality,0b0001,Lower quality,0b01,Low,0b0,No,0b0,No,0b0,No,0b001,Land (Nothing else but land),0b0,No,0b0,No
Rainfed,US-NE3,41.1797,-96.4397,2010-03-22,h10v04,2116.0,1779.0,0.1696,0.2478,2116.0,0b0000100001000100,0b00,VI produced with good quality,0b0001,Lower quality,0b01,Low,0b0,No,0b0,No,0b0,No,0b001,Land (Nothing else but land),0b0,No,0b0,No
Rainfed,US-NE3,41.1797,-96.4397,2010-04-07,h10v04,2116.0,1779.0,0.18,0.2752,2112.0,0b0000100001000000,0b00,VI produced with good quality,0b0000,Highest quality,0b01,Low,0b0,No,0b0,No,0b0,No,0b001,Land (Nothing else but land),0b0,No,0b0,No
Rainfed,US-NE3,41.1797,-96.4397,2010-04-23,h10v04,2116.0,1779.0,0.2829,0.4251,2112.0,0b0000100001000000,0b00,VI produced with good quality,0b0000,Highest quality,0b01,Low,0b0,No,0b0,No,0b0,No,0b001,Land (Nothing else but land),0b0,No,0b0,No
Rainfed,US-NE3,41.1797,-96.4397,2010-05-09,h10v04,2116.0,1779.0,0.1607,0.2657,2441.0,0b0000100110001001,0b01,"VI produced, but check other QA",0b0010,Decreasing quality (0010),0b10,Average,0b1,Yes,0b0,No,0b0,No,0b001,Land (Nothing else but land),0b0,No,0b0,No
Rainfed,US-NE3,41.1797,-96.4397,2010-05-25,h10v04,2116.0,1779.0,0.2601,0.3682,2112.0,0b0000100001000000,0b00,VI produced with good quality,0b0000,Highest quality,0b01,Low,0b0,No,0b0,No,0b0,No,0b001,Land (Nothing else but land),0b0,No,0b0,No
Rainfed,US-NE3,41.1797,-96.4397,2010-06-10,h10v04,2116.0,1779.0,0.2217,0.3308,2112.0,0b0000100001000000,0b00,VI produced with good quality,0b0000,Highest quality,0b01,Low,0b0,No,0b0,No,0b0,No,0b001,Land (Nothing else but land),0b0,No,0b0,No
Rainfed,US-NE3,41.1797,-96.4397,2010-06-26,h10v04,2116.0,1779.0,0.304,0.4497,2112.0,0b0000100001000000,0b00,VI produced with good quality,0b0000,Highest quality,0b01,Low,0b0,No,0b0,No,0b0,No,0b001,Land (Nothing else but land),0b0,No,0b0,No
Rainfed,US-NE3,41.1797,-96.4397,2010-07-12,h10v04,2116.0,1779.0,0.5194,0.6786,2112.0,0b0000100001000000,0b00,VI produced with good quality,0b0000,Highest quality,0b01,Low,0b0,No,0b0,No,0b0,No,0b001,Land (Nothing else but land),0b0,No,0b0,No
Rainfed,US-NE3,41.1797,-96.4397,2010-07-28,h10v04,2116.0,1779.0,0.7043,0.8575,2112.0,0b0000100001000000,0b00,VI produced with good quality,0b0000,Highest quality,0b01,Low,0b0,No,0b0,No,0b0,No,0b001,Land (Nothing else but land),0b0,No,0b0,No
Rainfed,US-NE3,41.1797,-96.4397,2010-08-13,h10v04,2116.0,1779.0,0.7762,0.9087,2112.0,0b0000100001000000,0b00,VI produced with good quality,0b0000,Highest quality,0b01,Low,0b0,No,0b0,No,0b0,No,0b001,Land (Nothing else but land),0b0,No,0b0,No
Rainfed,US-NE3,41.1797,-96.4397,2010-08-29,h10v04,2116.0,1779.0,0.5784,0.7742,2112.0,0b0000100001000000,0b00,VI produced with good quality,0b0000,Highest quality,0b01,Low,0b0,No,0b0,No,0b0,No,0b001,Land (Nothing else but land),0b0,No,0b0,No
Rainfed,US-NE3,41.1797,-96.4397,2010-09-14,h10v04,2116.0,1779.0,0.499,0.7217,2112.0,0b0000100001000000,0b00,VI produced with good quality,0b0000,Highest quality,0b01,Low,0b0,No,0b0,No,0b0,No,0b001,Land (Nothing else but land),0b0,No,0b0,No
Rainfed,US-NE3,41.1797,-96.4397,2010-09-30,h10v04,2116.0,1779.0,0.3126,0.5576,2112.0,0b0000100001000000,0b00,VI produced with good quality,0b0000,Highest quality,0b01,Low,0b0,No,0b0,No,0b0,No,0b001,Land (Nothing else but land),0b0,No,0b0,No
Rainfed,US-NE3,41.1797,-96.4397,2010-10-16,h10v04,2116.0,1779.0,0.2062,0.2597,3150.0,0b0000110001001110,0b10,"Pixel produced, but most probably cloudy",0b0011,Decreasing quality (0011),0b01,Low,0b0,No,0b0,No,0b1,Yes,0b001,Land (Nothing else but land),0b0,No,0b0,No
Rainfed,US-NE3,41.1797,-96.4397,2010-11-01,h10v04,2116.0,1779.0,0.2249,0.336,2112.0,0b0000100001000000,0b00,VI produced with good quality,0b0000,Highest quality,0b01,Low,0b0,No,0b0,No,0b0,No,0b001,Land (Nothing else but land),0b0,No,0b0,No
Rainfed,US-NE3,41.1797,-96.4397,2010-11-17,h10v04,2116.0,1779.0,0.174,0.2285,3154.0,0b0000110001010010,0b10,"Pixel produced, but most probably cloudy",0b0100,Decreasing quality (0100),0b01,Low,0b0,No,0b0,No,0b1,Yes,0b001,Land (Nothing else but land),0b0,No,0b0,No
Rainfed,US-NE3,41.1797,-96.4397,2010-12-03,h10v04,2116.0,1779.0,0.2107,0.2641,3154.0,0b0000110001010010,0b10,"Pixel produced, but most probably cloudy",0b0100,Decreasing quality (0100),0b01,Low,0b0,No,0b0,No,0b1,Yes,0b001,Land (Nothing else but land),0b0,No,0b0,No
Rainfed,US-NE3,41.1797,-96.4397,2010-12-19,h10v04,2116.0,1779.0,0.1768,0.246,2382.0,0b0000100101001110,0b10,"Pixel produced, but most probably cloudy",0b0011,Decreasing quality (0011),0b01,Low,0b1,Yes,0b0,No,0b0,No,0b001,Land (Nothing else but land),0b0,No,0b0,No
Rainfed,US-NE3,41.1797,-96.4397,2011-01-01,h10v04,2116.0,1779.0,0.18,0.2338,2186.0,0b0000100010001010,0b10,"Pixel produced, but most probably cloudy",0b0010,Decreasing quality (0010),0b10,Average,0b0,No,0b0,No,0b0,No,0b001,Land (Nothing else but land),0b0,No,0b0,No
Rainfed,US-NE3,41.1797,-96.4397,2011-01-17,h10v04,2116.0,1779.0,-0.0585,-0.0368,18449.0,0b0100100000010001,0b01,"VI produced, but check other QA",0b0100,Decreasing quality (0100),0b00,Climatology,0b0,No,0b0,No,0b0,No,0b001,Land (Nothing else but land),0b1,Yes,0b0,No
Rainfed,US-NE3,41.1797,-96.4397,2011-02-02,h10v04,2116.0,1779.0,0.1355,0.2316,2116.0,0b0000100001000100,0b00,VI produced with good quality,0b0001,Lower quality,0b01,Low,0b0,No,0b0,No,0b0,No,0b001,Land (Nothing else but land),0b0,No,0b0,No
Rainfed,US-NE3,41.1797,-96.4397,2011-02-18,h10v04,2116.0,1779.0,0.1525,0.2522,2112.0,0b0000100001000000,0b00,VI produced with good quality,0b0000,Highest quality,0b01,Low,0b0,No,0b0,No,0b0,No,0b001,Land (Nothing else but land),0b0,No,0b0,No
Rainfed,US-NE3,41.1797,-96.4397,2011-03-06,h10v04,2116.0,1779.0,0.1578,0.2216,3150.0,0b0000110001001110,0b10,"Pixel produced, but most probably cloudy",0b0011,Decreasing quality (0011),0b01,Low,0b0,No,0b0,No,0b1,Yes,0b001,Land (Nothing else but land),0b0,No,0b0,No
Rainfed,US-NE3,41.1797,-96.4397,2011-03-22,h10v04,2116.0,1779.0,0.1305,0.2107,2112.0,0b0000100001000000,0b00,VI produced with good quality,0b0000,Highest quality,0b01,Low,0b0,No,0b0,No,0b0,No,0b001,Land (Nothing else but land),0b0,No,0b0,No
Rainfed,US-NE3,41.1797,-96.4397,2011-04-07,h10v04,2116.0,1779.0,0.1444,0.2172,2181.0,0b0000100010000101,0b01,"VI produced, but check other QA",0b0001,Lower quality,0b10,Average,0b0,No,0b0,No,0b0,No,0b001,Land (Nothing else but land),0b0,No,0b0,No
Rainfed,US-NE3,41.1797,-96.4397,2011-04-23,h10v04,2116.0,1779.0,0.1722,0.2834,2112.0,0b0000100001000000,0b00,VI produced with good quality,0b0000,Highest quality,0b01,Low,0b0,No,0b0,No,0b0,No,0b001,Land (Nothing else but land),0b0,No,0b0,No
Rainfed,US-NE3,41.1797,-96.4397,2011-05-09,h10v04,2116.0,1779.0,0.2603,0.3602,2112.0,0b0000100001000000,0b00,VI produced with good quality,0b0000,Highest quality,0b01,Low,0b0,No,0b0,No,0b0,No,0b001,Land (Nothing else but land),0b0,No,0b0,No
Rainfed,US-NE3,41.1797,-96.4397,2011-05-25,h10v04,2116.0,1779.0,0.2077,0.3033,2181.0,0b0000100010000101,0b01,"VI produced, but check other QA",0b0001,Lower quality,0b10,Average,0b0,No,0b0,No,0b0,No,0b001,Land (Nothing else but land),0b0,No,0b0,No
Rainfed,US-NE3,41.1797,-96.4397,2011-06-10,h10v04,2116.0,1779.0,0.3961,0.5724,4369.0,0b0001000100010001,0b01,"VI produced, but check other QA",0b0100,Decreasing quality (0100),0b00,Climatology,0b1,Yes,0b0,No,0b0,No,0b010,Ocean coastlines and lake shorelines,0b0,No,0b0,No
Rainfed,US-NE3,41.1797,-96.4397,2011-06-26,h10v04,2116.0,1779.0,0.504,0.7482,2112.0,0b0000100001000000,0b00,VI produced with good quality,0b0000,Highest quality,0b01,Low,0b0,No,0b0,No,0b0,No,0b001,Land (Nothing else but land),0b0,No,0b0,No
Rainfed,US-NE3,41.1797,-96.4397,2011-07-12,h10v04,2116.0,1779.0,0.6333,0.7741,2112.0,0b0000100001000000,0b00,VI produced with good quality,0b0000,Highest quality,0b01,Low,0b0,No,0b0,No,0b0,No,0b001,Land (Nothing else but land),0b0,No,0b0,No
Rainfed,US-NE3,41.1797,-96.4397,2011-07-28,h10v04,2116.0,1779.0,0.6092,0.8573,2112.0,0b0000100001000000,0b00,VI produced with good quality,0b0000,Highest quality,0b01,Low,0b0,No,0b0,No,0b0,No,0b001,Land (Nothing else but land),0b0,No,0b0,No
Rainfed,US-NE3,41.1797,-96.4397,2011-08-13,h10v04,2116.0,1779.0,0.5603,0.8149,2112.0,0b0000100001000000,0b00,VI produced with good quality,0b0000,Highest quality,0b01,Low,0b0,No,0b0,No,0b0,No,0b001,Land (Nothing else but land),0b0,No,0b0,No
Rainfed,US-NE3,41.1797,-96.4397,2011-08-29,h10v04,2116.0,1779.0,0.3505,0.5812,2112.0,0b0000100001000000,0b00,VI produced with good quality,0b0000,Highest quality,0b01,Low,0b0,No,0b0,No,0b0,No,0b001,Land (Nothing else but land),0b0,No,0b0,No
Rainfed,US-NE3,41.1797,-96.4397,2011-09-14,h10v04,2116.0,1779.0,0.1935,0.3876,2112.0,0b0000100001000000,0b00,VI produced with good quality,0b0000,Highest quality,0b01,Low,0b0,No,0b0,No,0b0,No,0b001,Land (Nothing else but land),0b0,No,0b0,No
Rainfed,US-NE3,41.1797,-96.4397,2011-09-30,h10v04,2116.0,1779.0,0.1968,0.3236,2112.0,0b0000100001000000,0b00,VI produced with good quality,0b0000,Highest quality,0b01,Low,0b0,No,0b0,No,0b0,No,0b001,Land (Nothing else but land),0b0,No,0b0,No
Rainfed,US-NE3,41.1797,-96.4397,2011-10-16,h10v04,2116.0,1779.0,0.1875,0.3174,2112.0,0b0000100001000000,0b00,VI produced with good quality,0b0000,Highest quality,0b01,Low,0b0,No,0b0,No,0b0,No,0b001,Land (Nothing else but land),0b0,No,0b0,No
Rainfed,US-NE3,41.1797,-96.4397,2011-11-01,h10v04,2116.0,1779.0,0.2102,0.2503,3150.0,0b0000110001001110,0b10,"Pixel produced, but most probably cloudy",0b0011,Decreasing quality (0011),0b01,Low,0b0,No,0b0,No,0b1,Yes,0b001,Land (Nothing else but land),0b0,No,0b0,No
Rainfed,US-NE3,41.1797,-96.4397,2011-11-17,h10v04,2116.0,1779.0,0.1739,0.2706,2116.0,0b0000100001000100,0b00,VI produced with good quality,0b0001,Lower quality,0b01,Low,0b0,No,0b0,No,0b0,No,0b001,Land (Nothing else but land),0b0,No,0b0,No
Rainfed,US-NE3,41.1797,-96.4397,2011-12-03,h10v04,2116.0,1779.0,-0.032,-0.0203,18449.0,0b0100100000010001,0b01,"VI produced, but check other QA",0b0100,Decreasing quality (0100),0b00,Climatology,0b0,No,0b0,No,0b0,No,0b001,Land (Nothing else but land),0b1,Yes,0b0,No
Rainfed,US-NE3,41.1797,-96.4397,2011-12-19,h10v04,2116.0,1779.0,0.1437,0.2235,3158.0,0b0000110001010110,0b10,"Pixel produced, but most probably cloudy",0b0101,Decreasing quality (0101),0b01,Low,0b0,No,0b0,No,0b1,Yes,0b001,Land (Nothing else but land),0b0,No,0b0,No
Rainfed,US-NE3,41.1797,-96.4397,2012-01-01,h10v04,2116.0,1779.0,0.1663,0.2216,3154.0,0b0000110001010010,0b10,"Pixel produced, but most probably cloudy",0b0100,Decreasing quality (0100),0b01,Low,0b0,No,0b0,No,0b1,Yes,0b001,Land (Nothing else but land),0b0,No,0b0,No
Rainfed,US-NE3,41.1797,-96.4397,2012-01-17,h10v04,2116.0,1779.0,0.1405,0.2166,4168.0,0b0001000001001000,0b00,VI produced with good quality,0b0010,Decreasing quality (0010),0b01,Low,0b0,No,0b0,No,0b0,No,0b010,Ocean coastlines and lake shorelines,0b0,No,0b0,No
Rainfed,US-NE3,41.1797,-96.4397,2012-02-02,h10v04,2116.0,1779.0,-0.0191,-0.0119,18449.0,0b0100100000010001,0b01,"VI produced, but check other QA",0b0100,Decreasing quality (0100),0b00,Climatology,0b0,No,0b0,No,0b0,No,0b001,Land (Nothing else but land),0b1,Yes,0b0,No
Rainfed,US-NE3,41.1797,-96.4397,2012-02-18,h10v04,2116.0,1779.0,0.137,0.2069,2181.0,0b0000100010000101,0b01,"VI produced, but check other QA",0b0001,Lower quality,0b10,Average,0b0,No,0b0,No,0b0,No,0b001,Land (Nothing else but land),0b0,No,0b0,No
Rainfed,US-NE3,41.1797,-96.4397,2012-03-05,h10v04,2116.0,1779.0,0.1397,0.2162,2112.0,0b0000100001000000,0b00,VI produced with good quality,0b0000,Highest quality,0b01,Low,0b0,No,0b0,No,0b0,No,0b001,Land (Nothing else but land),0b0,No,0b0,No
Rainfed,US-NE3,41.1797,-96.4397,2012-03-21,h10v04,2116.0,1779.0,0.2202,0.3234,4160.0,0b0001000001000000,0b00,VI produced with good quality,0b0000,Highest quality,0b01,Low,0b0,No,0b0,No,0b0,No,0b010,Ocean coastlines and lake shorelines,0b0,No,0b0,No
Rainfed,US-NE3,41.1797,-96.4397,2012-04-06,h10v04,2116.0,1779.0,0.2857,0.4316,2112.0,0b0000100001000000,0b00,VI produced with good quality,0b0000,Highest quality,0b01,Low,0b0,No,0b0,No,0b0,No,0b001,Land (Nothing else but land),0b0,No,0b0,No
Rainfed,US-NE3,41.1797,-96.4397,2012-04-22,h10v04,2116.0,1779.0,0.2629,0.4032,2112.0,0b0000100001000000,0b00,VI produced with good quality,0b0000,Highest quality,0b01,Low,0b0,No,0b0,No,0b0,No,0b001,Land (Nothing else but land),0b0,No,0b0,No
Rainfed,US-NE3,41.1797,-96.4397,2012-05-08,h10v04,2116.0,1779.0,0.2318,0.337,2112.0,0b0000100001000000,0b00,VI produced with good quality,0b0000,Highest quality,0b01,Low,0b0,No,0b0,No,0b0,No,0b001,Land (Nothing else but land),0b0,No,0b0,No
Rainfed,US-NE3,41.1797,-96.4397,2012-05-24,h10v04,2116.0,1779.0,0.2398,0.3757,2112.0,0b0000100001000000,0b00,VI produced with good quality,0b0000,Highest quality,0b01,Low,0b0,No,0b0,No,0b0,No,0b001,Land (Nothing else but land),0b0,No,0b0,No
Rainfed,US-NE3,41.1797,-96.4397,2012-06-09,h10v04,2116.0,1779.0,0.2798,0.4057,2112.0,0b0000100001000000,0b00,VI produced with good quality,0b0000,Highest quality,0b01,Low,0b0,No,0b0,No,0b0,No,0b001,Land (Nothing else but land),0b0,No,0b0,No
Rainfed,US-NE3,41.1797,-96.4397,2012-06-25,h10v04,2116.0,1779.0,0.5041,0.6646,2112.0,0b0000100001000000,0b00,VI produced with good quality,0b0000,Highest quality,0b01,Low,0b0,No,0b0,No,0b0,No,0b001,Land (Nothing else but land),0b0,No,0b0,No
Rainfed,US-NE3,41.1797,-96.4397,2012-07-11,h10v04,2116.0,1779.0,0.4193,0.5755,2112.0,0b0000100001000000,0b00,VI produced with good quality,0b0000,Highest quality,0b01,Low,0b0,No,0b0,No,0b0,No,0b001,Land (Nothing else but land),0b0,No,0b0,No
Rainfed,US-NE3,41.1797,-96.4397,2012-07-27,h10v04,2116.0,1779.0,0.4583,0.6663,2112.0,0b0000100001000000,0b00,VI produced with good quality,0b0000,Highest quality,0b01,Low,0b0,No,0b0,No,0b0,No,0b001,Land (Nothing else but land),0b0,No,0b0,No
Rainfed,US-NE3,41.1797,-96.4397,2012-08-12,h10v04,2116.0,1779.0,0.3895,0.5973,2181.0,0b0000100010000101,0b01,"VI produced, but check other QA",0b0001,Lower quality,0b10,Average,0b0,No,0b0,No,0b0,No,0b001,Land (Nothing else but land),0b0,No,0b0,No
Rainfed,US-NE3,41.1797,-96.4397,2012-08-28,h10v04,2116.0,1779.0,0.2339,0.3718,2181.0,0b0000100010000101,0b01,"VI produced, but check other QA",0b0001,Lower quality,0b10,Average,0b0,No,0b0,No,0b0,No,0b001,Land (Nothing else but land),0b0,No,0b0,No
Rainfed,US-NE3,41.1797,-96.4397,2012-09-13,h10v04,2116.0,1779.0,0.2428,0.4129,2112.0,0b0000100001000000,0b00,VI produced with good quality,0b0000,Highest quality,0b01,Low,0b0,No,0b0,No,0b0,No,0b001,Land (Nothing else but land),0b0,No,0b0,No
Rainfed,US-NE3,41.1797,-96.4397,2012-09-29,h10v04,2116.0,1779.0,0.1764,0.2714,2112.0,0b0000100001000000,0b00,VI produced with good quality,0b0000,Highest quality,0b01,Low,0b0,No,0b0,No,0b0,No,0b001,Land (Nothing else but land),0b0,No,0b0,No
Rainfed,US-NE3,41.1797,-96.4397,2012-10-15,h10v04,2116.0,1779.0,0.1498,0.2393,2112.0,0b0000100001000000,0b00,VI produced with good quality,0b0000,Highest quality,0b01,Low,0b0,No,0b0,No,0b0,No,0b001,Land (Nothing else but land),0b0,No,0b0,No
Rainfed,US-NE3,41.1797,-96.4397,2012-10-31,h10v04,2116.0,1779.0,0.1447,0.251,2112.0,0b0000100001000000,0b00,VI produced with good quality,0b0000,Highest quality,0b01,Low,0b0,No,0b0,No,0b0,No,0b001,Land (Nothing else but land),0b0,No,0b0,No
Rainfed,US-NE3,41.1797,-96.4397,2012-11-16,h10v04,2116.0,1779.0,0.1984,0.255,2122.0,0b0000100001001010,0b10,"Pixel produced, but most probably cloudy",0b0010,Decreasing quality (0010),0b01,Low,0b0,No,0b0,No,0b0,No,0b001,Land (Nothing else but land),0b0,No,0b0,No
Rainfed,US-NE3,41.1797,-96.4397,2012-12-02,h10v04,2116.0,1779.0,0.144,0.2461,4168.0,0b0001000001001000,0b00,VI produced with good quality,0b0010,Decreasing quality (0010),0b01,Low,0b0,No,0b0,No,0b0,No,0b010,Ocean coastlines and lake shorelines,0b0,No,0b0,No
Rainfed,US-NE3,41.1797,-96.4397,2012-12-18,h10v04,2116.0,1779.0,0.1457,0.2603,2265.0,0b0000100011011001,0b01,"VI produced, but check other QA",0b0110,Decreasing quality (0110),0b11,High,0b0,No,0b0,No,0b0,No,0b001,Land (Nothing else but land),0b0,No,0b0,No
Rainfed,US-NE3,41.1797,-96.4397,2013-01-01,h10v04,2116.0,1779.0,-0.0566,-0.0362,20501.0,0b0101000000010101,0b01,"VI produced, but check other QA",0b0101,Decreasing quality (0101),0b00,Climatology,0b0,No,0b0,No,0b0,No,0b010,Ocean coastlines and lake shorelines,0b1,Yes,0b0,No
Rainfed,US-NE3,41.1797,-96.4397,2013-01-17,h10v04,2116.0,1779.0,0.1232,0.2093,2189.0,0b0000100010001101,0b01,"VI produced, but check other QA",0b0011,Decreasing quality (0011),0b10,Average,0b0,No,0b0,No,0b0,No,0b001,Land (Nothing else but land),0b0,No,0b0,No
Rainfed,US-NE3,41.1797,-96.4397,2013-02-02,h10v04,2116.0,1779.0,0.1079,0.2202,2181.0,0b0000100010000101,0b01,"VI produced, but check other QA",0b0001,Lower quality,0b10,Average,0b0,No,0b0,No,0b0,No,0b001,Land (Nothing else but land),0b0,No,0b0,No
Rainfed,US-NE3,41.1797,-96.4397,2013-02-18,h10v04,2116.0,1779.0,0.1137,0.22,2181.0,0b0000100010000101,0b01,"VI produced, but check other QA",0b0001,Lower quality,0b10,Average,0b0,No,0b0,No,0b0,No,0b001,Land (Nothing else but land),0b0,No,0b0,No
Rainfed,US-NE3,41.1797,-96.4397,2013-03-06,h10v04,2116.0,1779.0,0.1296,0.2206,2181.0,0b0000100010000101,0b01,"VI produced, but check other QA",0b0001,Lower quality,0b10,Average,0b0,No,0b0,No,0b0,No,0b001,Land (Nothing else but land),0b0,No,0b0,No
Rainfed,US-NE3,41.1797,-96.4397,2013-03-22,h10v04,2116.0,1779.0,0.1335,0.2344,2112.0,0b0000100001000000,0b00,VI produced with good quality,0b0000,Highest quality,0b01,Low,0b0,No,0b0,No,0b0,No,0b001,Land (Nothing else but land),0b0,No,0b0,No
Rainfed,US-NE3,41.1797,-96.4397,2013-04-07,h10v04,2116.0,1779.0,0.1604,0.2641,2112.0,0b0000100001000000,0b00,VI produced with good quality,0b0000,Highest quality,0b01,Low,0b0,No,0b0,No,0b0,No,0b001,Land (Nothing else but land),0b0,No,0b0,No
Rainfed,US-NE3,41.1797,-96.4397,2013-04-23,h10v04,2116.0,1779.0,0.1358,0.2333,2181.0,0b0000100010000101,0b01,"VI produced, but check other QA",0b0001,Lower quality,0b10,Average,0b0,No,0b0,No,0b0,No,0b001,Land (Nothing else but land),0b0,No,0b0,No
Rainfed,US-NE3,41.1797,-96.4397,2013-05-09,h10v04,2116.0,1779.0,0.1648,0.2544,2181.0,0b0000100010000101,0b01,"VI produced, but check other QA",0b0001,Lower quality,0b10,Average,0b0,No,0b0,No,0b0,No,0b001,Land (Nothing else but land),0b0,No,0b0,No
Rainfed,US-NE3,41.1797,-96.4397,2013-05-25,h10v04,2116.0,1779.0,0.3234,0.4503,2181.0,0b0000100010000101,0b01,"VI produced, but check other QA",0b0001,Lower quality,0b10,Average,0b0,No,0b0,No,0b0,No,0b001,Land (Nothing else but land),0b0,No,0b0,No
Rainfed,US-NE3,41.1797,-96.4397,2013-06-10,h10v04,2116.0,1779.0,0.3309,0.4778,4164.0,0b0001000001000100,0b00,VI produced with good quality,0b0001,Lower quality,0b01,Low,0b0,No,0b0,No,0b0,No,0b010,Ocean coastlines and lake shorelines,0b0,No,0b0,No
Rainfed,US-NE3,41.1797,-96.4397,2013-06-26,h10v04,2116.0,1779.0,0.5541,0.7579,2181.0,0b0000100010000101,0b01,"VI produced, but check other QA",0b0001,Lower quality,0b10,Average,0b0,No,0b0,No,0b0,No,0b001,Land (Nothing else but land),0b0,No,0b0,No
Rainfed,US-NE3,41.1797,-96.4397,2013-07-12,h10v04,2116.0,1779.0,0.618,0.829,4160.0,0b0001000001000000,0b00,VI produced with good quality,0b0000,Highest quality,0b01,Low,0b0,No,0b0,No,0b0,No,0b010,Ocean coastlines and lake shorelines,0b0,No,0b0,No
Rainfed,US-NE3,41.1797,-96.4397,2013-07-28,h10v04,2116.0,1779.0,0.6462,0.8267,2181.0,0b0000100010000101,0b01,"VI produced, but check other QA",0b0001,Lower quality,0b10,Average,0b0,No,0b0,No,0b0,No,0b001,Land (Nothing else but land),0b0,No,0b0,No
Rainfed,US-NE3,41.1797,-96.4397,2013-08-13,h10v04,2116.0,1779.0,0.6686,0.8285,2116.0,0b0000100001000100,0b00,VI produced with good quality,0b0001,Lower quality,0b01,Low,0b0,No,0b0,No,0b0,No,0b001,Land (Nothing else but land),0b0,No,0b0,No
Rainfed,US-NE3,41.1797,-96.4397,2013-08-29,h10v04,2116.0,1779.0,0.484,0.6788,2112.0,0b0000100001000000,0b00,VI produced with good quality,0b0000,Highest quality,0b01,Low,0b0,No,0b0,No,0b0,No,0b001,Land (Nothing else but land),0b0,No,0b0,No
Rainfed,US-NE3,41.1797,-96.4397,2013-09-14,h10v04,2116.0,1779.0,0.2357,0.4689,2112.0,0b0000100001000000,0b00,VI produced with good quality,0b0000,Highest quality,0b01,Low,0b0,No,0b0,No,0b0,No,0b001,Land (Nothing else but land),0b0,No,0b0,No
Rainfed,US-NE3,41.1797,-96.4397,2013-09-30,h10v04,2116.0,1779.0,0.2115,0.3504,2112.0,0b0000100001000000,0b00,VI produced with good quality,0b0000,Highest quality,0b01,Low,0b0,No,0b0,No,0b0,No,0b001,Land (Nothing else but land),0b0,No,0b0,No
Rainfed,US-NE3,41.1797,-96.4397,2013-10-16,h10v04,2116.0,1779.0,0.2295,0.2501,2114.0,0b0000100001000010,0b10,"Pixel produced, but most probably cloudy",0b0000,Highest quality,0b01,Low,0b0,No,0b0,No,0b0,No,0b001,Land (Nothing else but land),0b0,No,0b0,No
Rainfed,US-NE3,41.1797,-96.4397,2013-11-01,h10v04,2116.0,1779.0,0.1749,0.2722,2112.0,0b0000100001000000,0b00,VI produced with good quality,0b0000,Highest quality,0b01,Low,0b0,No,0b0,No,0b0,No,0b001,Land (Nothing else but land),0b0,No,0b0,No
Rainfed,US-NE3,41.1797,-96.4397,2013-11-17,h10v04,2116.0,1779.0,0.1559,0.2353,2116.0,0b0000100001000100,0b00,VI produced with good quality,0b0001,Lower quality,0b01,Low,0b0,No,0b0,No,0b0,No,0b001,Land (Nothing else but land),0b0,No,0b0,No
Rainfed,US-NE3,41.1797,-96.4397,2013-12-03,h10v04,2116.0,1779.0,0.0106,0.0072,18449.0,0b0100100000010001,0b01,"VI produced, but check other QA",0b0100,Decreasing quality (0100),0b00,Climatology,0b0,No,0b0,No,0b0,No,0b001,Land (Nothing else but land),0b1,Yes,0b0,No
Rainfed,US-NE3,41.1797,-96.4397,2013-12-19,h10v04,2116.0,1779.0,0.1536,0.2519,2189.0,0b0000100010001101,0b01,"VI produced, but check other QA",0b0011,Decreasing quality (0011),0b10,Average,0b0,No,0b0,No,0b0,No,0b001,Land (Nothing else but land),0b0,No,0b0,No
Rainfed,US-NE3,41.1797,-96.4397,2014-01-01,h10v04,2116.0,1779.0,0.1709,0.2232,3154.0,0b0000110001010010,0b10,"Pixel produced, but most probably cloudy",0b0100,Decreasing quality (0100),0b01,Low,0b0,No,0b0,No,0b1,Yes,0b001,Land (Nothing else but land),0b0,No,0b0,No
Rainfed,US-NE3,41.1797,-96.4397,2014-01-17,h10v04,2116.0,1779.0,0.1372,0.2268,2116.0,0b0000100001000100,0b00,VI produced with good quality,0b0001,Lower quality,0b01,Low,0b0,No,0b0,No,0b0,No,0b001,Land (Nothing else but land),0b0,No,0b0,No
Rainfed,US-NE3,41.1797,-96.4397,2014-02-02,h10v04,2116.0,1779.0,0.161,0.2327,2112.0,0b0000100001000000,0b00,VI produced with good quality,0b0000,Highest quality,0b01,Low,0b0,No,0b0,No,0b0,No,0b001,Land (Nothing else but land),0b0,No,0b0,No
Rainfed,US-NE3,41.1797,-96.4397,2014-02-18,h10v04,2116.0,1779.0,0.1463,0.2224,2112.0,0b0000100001000000,0b00,VI produced with good quality,0b0000,Highest quality,0b01,Low,0b0,No,0b0,No,0b0,No,0b001,Land (Nothing else but land),0b0,No,0b0,No
Rainfed,US-NE3,41.1797,-96.4397,2014-03-06,h10v04,2116.0,1779.0,0.1445,0.2286,2112.0,0b0000100001000000,0b00,VI produced with good quality,0b0000,Highest quality,0b01,Low,0b0,No,0b0,No,0b0,No,0b001,Land (Nothing else but land),0b0,No,0b0,No
Rainfed,US-NE3,41.1797,-96.4397,2014-03-22,h10v04,2116.0,1779.0,0.1744,0.2145,3150.0,0b0000110001001110,0b10,"Pixel produced, but most probably cloudy",0b0011,Decreasing quality (0011),0b01,Low,0b0,No,0b0,No,0b1,Yes,0b001,Land (Nothing else but land),0b0,No,0b0,No
Rainfed,US-NE3,41.1797,-96.4397,2014-04-07,h10v04,2116.0,1779.0,0.1475,0.2188,2112.0,0b0000100001000000,0b00,VI produced with good quality,0b0000,Highest quality,0b01,Low,0b0,No,0b0,No,0b0,No,0b001,Land (Nothing else but land),0b0,No,0b0,No
Rainfed,US-NE3,41.1797,-96.4397,2014-04-23,h10v04,2116.0,1779.0,0.1695,0.2593,4160.0,0b0001000001000000,0b00,VI produced with good quality,0b0000,Highest quality,0b01,Low,0b0,No,0b0,No,0b0,No,0b010,Ocean coastlines and lake shorelines,0b0,No,0b0,No
Rainfed,US-NE3,41.1797,-96.4397,2014-05-09,h10v04,2116.0,1779.0,0.1871,0.3093,2112.0,0b0000100001000000,0b00,VI produced with good quality,0b0000,Highest quality,0b01,Low,0b0,No,0b0,No,0b0,No,0b001,Land (Nothing else but land),0b0,No,0b0,No
Rainfed,US-NE3,41.1797,-96.4397,2014-05-25,h10v04,2116.0,1779.0,0.2691,0.3916,2116.0,0b0000100001000100,0b00,VI produced with good quality,0b0001,Lower quality,0b01,Low,0b0,No,0b0,No,0b0,No,0b001,Land (Nothing else but land),0b0,No,0b0,No
Rainfed,US-NE3,41.1797,-96.4397,2014-06-10,h10v04,2116.0,1779.0,0.3818,0.5185,4164.0,0b0001000001000100,0b00,VI produced with good quality,0b0001,Lower quality,0b01,Low,0b0,No,0b0,No,0b0,No,0b010,Ocean coastlines and lake shorelines,0b0,No,0b0,No
Rainfed,US-NE3,41.1797,-96.4397,2014-06-26,h10v04,2116.0,1779.0,0.3808,0.5378,2112.0,0b0000100001000000,0b00,VI produced with good quality,0b0000,Highest quality,0b01,Low,0b0,No,0b0,No,0b0,No,0b001,Land (Nothing else but land),0b0,No,0b0,No
Rainfed,US-NE3,41.1797,-96.4397,2014-07-12,h10v04,2116.0,1779.0,0.586,0.749,2112.0,0b0000100001000000,0b00,VI produced with good quality,0b0000,Highest quality,0b01,Low,0b0,No,0b0,No,0b0,No,0b001,Land (Nothing else but land),0b0,No,0b0,No
Rainfed,US-NE3,41.1797,-96.4397,2014-07-28,h10v04,2116.0,1779.0,0.5444,0.6815,2112.0,0b0000100001000000,0b00,VI produced with good quality,0b0000,Highest quality,0b01,Low,0b0,No,0b0,No,0b0,No,0b001,Land (Nothing else but land),0b0,No,0b0,No
Rainfed,US-NE3,41.1797,-96.4397,2014-08-13,h10v04,2116.0,1779.0,0.4847,0.6387,2112.0,0b0000100001000000,0b00,VI produced with good quality,0b0000,Highest quality,0b01,Low,0b0,No,0b0,No,0b0,No,0b001,Land (Nothing else but land),0b0,No,0b0,No
Rainfed,US-NE3,41.1797,-96.4397,2014-08-29,h10v04,2116.0,1779.0,0.7051,0.8942,2112.0,0b0000100001000000,0b00,VI produced with good quality,0b0000,Highest quality,0b01,Low,0b0,No,0b0,No,0b0,No,0b001,Land (Nothing else but land),0b0,No,0b0,No
Rainfed,US-NE3,41.1797,-96.4397,2014-09-14,h10v04,2116.0,1779.0,0.3442,0.5093,2112.0,0b0000100001000000,0b00,VI produced with good quality,0b0000,Highest quality,0b01,Low,0b0,No,0b0,No,0b0,No,0b001,Land (Nothing else but land),0b0,No,0b0,No
Rainfed,US-NE3,41.1797,-96.4397,2014-09-30,h10v04,2116.0,1779.0,0.2322,0.3479,2112.0,0b0000100001000000,0b00,VI produced with good quality,0b0000,Highest quality,0b01,Low,0b0,No,0b0,No,0b0,No,0b001,Land (Nothing else but land),0b0,No,0b0,No
Rainfed,US-NE3,41.1797,-96.4397,2014-10-16,h10v04,2116.0,1779.0,0.1832,0.2829,2112.0,0b0000100001000000,0b00,VI produced with good quality,0b0000,Highest quality,0b01,Low,0b0,No,0b0,No,0b0,No,0b001,Land (Nothing else but land),0b0,No,0b0,No
Rainfed,US-NE3,41.1797,-96.4397,2014-11-01,h10v04,2116.0,1779.0,0.1932,0.3107,2181.0,0b0000100010000101,0b01,"VI produced, but check other QA",0b0001,Lower quality,0b10,Average,0b0,No,0b0,No,0b0,No,0b001,Land (Nothing else but land),0b0,No,0b0,No
Rainfed,US-NE3,41.1797,-96.4397,2014-11-17,h10v04,2116.0,1779.0,0.14,0.2327,2116.0,0b0000100001000100,0b00,VI produced with good quality,0b0001,Lower quality,0b01,Low,0b0,No,0b0,No,0b0,No,0b001,Land (Nothing else but land),0b0,No,0b0,No
Rainfed,US-NE3,41.1797,-96.4397,2014-12-03,h10v04,2116.0,1779.0,0.2068,0.3162,2189.0,0b0000100010001101,0b01,"VI produced, but check other QA",0b0011,Decreasing quality (0011),0b10,Average,0b0,No,0b0,No,0b0,No,0b001,Land (Nothing else but land),0b0,No,0b0,No
Rainfed,US-NE3,41.1797,-96.4397,2014-12-19,h10v04,2116.0,1779.0,0.1266,0.2265,2120.0,0b0000100001001000,0b00,VI produced with good quality,0b0010,Decreasing quality (0010),0b01,Low,0b0,No,0b0,No,0b0,No,0b001,Land (Nothing else but land),0b0,No,0b0,No
Rainfed,US-NE3,41.1797,-96.4397,2015-01-01,h10v04,2116.0,1779.0,0.108,0.2026,2116.0,0b0000100001000100,0b00,VI produced with good quality,0b0001,Lower quality,0b01,Low,0b0,No,0b0,No,0b0,No,0b001,Land (Nothing else but land),0b0,No,0b0,No
Rainfed,US-NE3,41.1797,-96.4397,2015-01-17,h10v04,2116.0,1779.0,0.1213,0.2116,4164.0,0b0001000001000100,0b00,VI produced with good quality,0b0001,Lower quality,0b01,Low,0b0,No,0b0,No,0b0,No,0b010,Ocean coastlines and lake shorelines,0b0,No,0b0,No
Rainfed,US-NE3,41.1797,-96.4397,2015-02-02,h10v04,2116.0,1779.0,-0.0373,-0.0231,18449.0,0b0100100000010001,0b01,"VI produced, but check other QA",0b0100,Decreasing quality (0100),0b00,Climatology,0b0,No,0b0,No,0b0,No,0b001,Land (Nothing else but land),0b1,Yes,0b0,No
Rainfed,US-NE3,41.1797,-96.4397,2015-02-18,h10v04,2116.0,1779.0,0.1191,0.1888,2185.0,0b0000100010001001,0b01,"VI produced, but check other QA",0b0010,Decreasing quality (0010),0b10,Average,0b0,No,0b0,No,0b0,No,0b001,Land (Nothing else but land),0b0,No,0b0,No
Rainfed,US-NE3,41.1797,-96.4397,2015-03-06,h10v04,2116.0,1779.0,0.1279,0.2127,2112.0,0b0000100001000000,0b00,VI produced with good quality,0b0000,Highest quality,0b01,Low,0b0,No,0b0,No,0b0,No,0b001,Land (Nothing else but land),0b0,No,0b0,No
Rainfed,US-NE3,41.1797,-96.4397,2015-03-22,h10v04,2116.0,1779.0,0.1367,0.2224,2181.0,0b0000100010000101,0b01,"VI produced, but check other QA",0b0001,Lower quality,0b10,Average,0b0,No,0b0,No,0b0,No,0b001,Land (Nothing else but land),0b0,No,0b0,No
Rainfed,US-NE3,41.1797,-96.4397,2015-04-07,h10v04,2116.0,1779.0,0.1353,0.2269,2112.0,0b0000100001000000,0b00,VI produced with good quality,0b0000,Highest quality,0b01,Low,0b0,No,0b0,No,0b0,No,0b001,Land (Nothing else but land),0b0,No,0b0,No
Rainfed,US-NE3,41.1797,-96.4397,2015-04-23,h10v04,2116.0,1779.0,0.2753,0.3972,2181.0,0b0000100010000101,0b01,"VI produced, but check other QA",0b0001,Lower quality,0b10,Average,0b0,No,0b0,No,0b0,No,0b001,Land (Nothing else but land),0b0,No,0b0,No
Rainfed,US-NE3,41.1797,-96.4397,2015-05-09,h10v04,2116.0,1779.0,0.307,0.4106,2181.0,0b0000100010000101,0b01,"VI produced, but check other QA",0b0001,Lower quality,0b10,Average,0b0,No,0b0,No,0b0,No,0b001,Land (Nothing else but land),0b0,No,0b0,No
Rainfed,US-NE3,41.1797,-96.4397,2015-05-25,h10v04,2116.0,1779.0,0.3324,0.5264,2112.0,0b0000100001000000,0b00,VI produced with good quality,0b0000,Highest quality,0b01,Low,0b0,No,0b0,No,0b0,No,0b001,Land (Nothing else but land),0b0,No,0b0,No
Rainfed,US-NE3,41.1797,-96.4397,2015-06-10,h10v04,2116.0,1779.0,0.3635,0.5436,2112.0,0b0000100001000000,0b00,VI produced with good quality,0b0000,Highest quality,0b01,Low,0b0,No,0b0,No,0b0,No,0b001,Land (Nothing else but land),0b0,No,0b0,No
Rainfed,US-NE3,41.1797,-96.4397,2015-06-26,h10v04,2116.0,1779.0,0.5208,0.6459,2112.0,0b0000100001000000,0b00,VI produced with good quality,0b0000,Highest quality,0b01,Low,0b0,No,0b0,No,0b0,No,0b001,Land (Nothing else but land),0b0,No,0b0,No
Rainfed,US-NE3,41.1797,-96.4397,2015-07-12,h10v04,2116.0,1779.0,0.6839,0.8271,2112.0,0b0000100001000000,0b00,VI produced with good quality,0b0000,Highest quality,0b01,Low,0b0,No,0b0,No,0b0,No,0b001,Land (Nothing else but land),0b0,No,0b0,No
Rainfed,US-NE3,41.1797,-96.4397,2015-07-28,h10v04,2116.0,1779.0,0.4995,0.6905,2181.0,0b0000100010000101,0b01,"VI produced, but check other QA",0b0001,Lower quality,0b10,Average,0b0,No,0b0,No,0b0,No,0b001,Land (Nothing else but land),0b0,No,0b0,No
Rainfed,US-NE3,41.1797,-96.4397,2015-08-13,h10v04,2116.0,1779.0,0.6235,0.8513,2112.0,0b0000100001000000,0b00,VI produced with good quality,0b0000,Highest quality,0b01,Low,0b0,No,0b0,No,0b0,No,0b001,Land (Nothing else but land),0b0,No,0b0,No
Rainfed,US-NE3,41.1797,-96.4397,2015-08-29,h10v04,2116.0,1779.0,0.4263,0.7184,2112.0,0b0000100001000000,0b00,VI produced with good quality,0b0000,Highest quality,0b01,Low,0b0,No,0b0,No,0b0,No,0b001,Land (Nothing else but land),0b0,No,0b0,No
Rainfed,US-NE3,41.1797,-96.4397,2015-09-14,h10v04,2116.0,1779.0,0.3984,0.6368,2112.0,0b0000100001000000,0b00,VI produced with good quality,0b0000,Highest quality,0b01,Low,0b0,No,0b0,No,0b0,No,0b001,Land (Nothing else but land),0b0,No,0b0,No
Rainfed,US-NE3,41.1797,-96.4397,2015-09-30,h10v04,2116.0,1779.0,0.1712,0.3315,2112.0,0b0000100001000000,0b00,VI produced with good quality,0b0000,Highest quality,0b01,Low,0b0,No,0b0,No,0b0,No,0b001,Land (Nothing else but land),0b0,No,0b0,No
Rainfed,US-NE3,41.1797,-96.4397,2015-10-16,h10v04,2116.0,1779.0,0.1549,0.3186,2112.0,0b0000100001000000,0b00,VI produced with good quality,0b0000,Highest quality,0b01,Low,0b0,No,0b0,No,0b0,No,0b001,Land (Nothing else but land),0b0,No,0b0,No
Rainfed,US-NE3,41.1797,-96.4397,2015-11-01,h10v04,2116.0,1779.0,0.1981,0.2517,3150.0,0b0000110001001110,0b10,"Pixel produced, but most probably cloudy",0b0011,Decreasing quality (0011),0b01,Low,0b0,No,0b0,No,0b1,Yes,0b001,Land (Nothing else but land),0b0,No,0b0,No
Rainfed,US-NE3,41.1797,-96.4397,2015-11-17,h10v04,2116.0,1779.0,0.1619,0.2264,3154.0,0b0000110001010010,0b10,"Pixel produced, but most probably cloudy",0b0100,Decreasing quality (0100),0b01,Low,0b0,No,0b0,No,0b1,Yes,0b001,Land (Nothing else but land),0b0,No,0b0,No
Rainfed,US-NE3,41.1797,-96.4397,2015-12-03,h10v04,2116.0,1779.0,0.1838,0.299,2116.0,0b0000100001000100,0b00,VI produced with good quality,0b0001,Lower quality,0b01,Low,0b0,No,0b0,No,0b0,No,0b001,Land (Nothing else but land),0b0,No,0b0,No
Rainfed,US-NE3,41.1797,-96.4397,2015-12-19,h10v04,2116.0,1779.0,-0.0068,-0.0064,18453.0,0b0100100000010101,0b01,"VI produced, but check other QA",0b0101,Decreasing quality (0101),0b00,Climatology,0b0,No,0b0,No,0b0,No,0b001,Land (Nothing else but land),0b1,Yes,0b0,No
Rainfed,US-NE3,41.1797,-96.4397,2016-01-01,h10v04,2116.0,1779.0,-0.0038,-0.0027,18449.0,0b0100100000010001,0b01,"VI produced, but check other QA",0b0100,Decreasing quality (0100),0b00,Climatology,0b0,No,0b0,No,0b0,No,0b001,Land (Nothing else but land),0b1,Yes,0b0,No
Rainfed,US-NE3,41.1797,-96.4397,2016-01-17,h10v04,2116.0,1779.0,0.0184,0.0131,18449.0,0b0100100000010001,0b01,"VI produced, but check other QA",0b0100,Decreasing quality (0100),0b00,Climatology,0b0,No,0b0,No,0b0,No,0b001,Land (Nothing else but land),0b1,Yes,0b0,No
Rainfed,US-NE3,41.1797,-96.4397,2016-02-02,h10v04,2116.0,1779.0,-0.0537,-0.0348,18449.0,0b0100100000010001,0b01,"VI produced, but check other QA",0b0100,Decreasing quality (0100),0b00,Climatology,0b0,No,0b0,No,0b0,No,0b001,Land (Nothing else but land),0b1,Yes,0b0,No
Rainfed,US-NE3,41.1797,-96.4397,2016-02-18,h10v04,2116.0,1779.0,0.1347,0.2094,2181.0,0b0000100010000101,0b01,"VI produced, but check other QA",0b0001,Lower quality,0b10,Average,0b0,No,0b0,No,0b0,No,0b001,Land (Nothing else but land),0b0,No,0b0,No
Rainfed,US-NE3,41.1797,-96.4397,2016-03-05,h10v04,2116.0,1779.0,0.1614,0.2426,2112.0,0b0000100001000000,0b00,VI produced with good quality,0b0000,Highest quality,0b01,Low,0b0,No,0b0,No,0b0,No,0b001,Land (Nothing else but land),0b0,No,0b0,No
Rainfed,US-NE3,41.1797,-96.4397,2016-04-06,h10v04,2116.0,1779.0,0.1578,0.2317,2181.0,0b0000100010000101,0b01,"VI produced, but check other QA",0b0001,Lower quality,0b10,Average,0b0,No,0b0,No,0b0,No,0b001,Land (Nothing else but land),0b0,No,0b0,No
Rainfed,US-NE3,41.1797,-96.4397,2016-04-22,h10v04,2116.0,1779.0,0.2093,0.2809,2112.0,0b0000100001000000,0b00,VI produced with good quality,0b0000,Highest quality,0b01,Low,0b0,No,0b0,No,0b0,No,0b001,Land (Nothing else but land),0b0,No,0b0,No
Rainfed,US-NE3,41.1797,-96.4397,2016-05-08,h10v04,2116.0,1779.0,0.2166,0.2946,3150.0,0b0000110001001110,0b10,"Pixel produced, but most probably cloudy",0b0011,Decreasing quality (0011),0b01,Low,0b0,No,0b0,No,0b1,Yes,0b001,Land (Nothing else but land),0b0,No,0b0,No
Rainfed,US-NE3,41.1797,-96.4397,2016-05-24,h10v04,2116.0,1779.0,0.1802,0.2793,2112.0,0b0000100001000000,0b00,VI produced with good quality,0b0000,Highest quality,0b01,Low,0b0,No,0b0,No,0b0,No,0b001,Land (Nothing else but land),0b0,No,0b0,No
Rainfed,US-NE3,41.1797,-96.4397,2016-06-09,h10v04,2116.0,1779.0,0.2128,0.3087,2112.0,0b0000100001000000,0b00,VI produced with good quality,0b0000,Highest quality,0b01,Low,0b0,No,0b0,No,0b0,No,0b001,Land (Nothing else but land),0b0,No,0b0,No
Rainfed,US-NE3,41.1797,-96.4397,2016-06-25,h10v04,2116.0,1779.0,0.3178,0.4362,2112.0,0b0000100001000000,0b00,VI produced with good quality,0b0000,Highest quality,0b01,Low,0b0,No,0b0,No,0b0,No,0b001,Land (Nothing else but land),0b0,No,0b0,No
Rainfed,US-NE3,41.1797,-96.4397,2016-07-11,h10v04,2116.0,1779.0,0.6194,0.7276,2112.0,0b0000100001000000,0b00,VI produced with good quality,0b0000,Highest quality,0b01,Low,0b0,No,0b0,No,0b0,No,0b001,Land (Nothing else but land),0b0,No,0b0,No
Rainfed,US-NE3,41.1797,-96.4397,2016-07-27,h10v04,2116.0,1779.0,0.7914,0.9266,4160.0,0b0001000001000000,0b00,VI produced with good quality,0b0000,Highest quality,0b01,Low,0b0,No,0b0,No,0b0,No,0b010,Ocean coastlines and lake shorelines,0b0,No,0b0,No
Rainfed,US-NE3,41.1797,-96.4397,2016-08-12,h10v04,2116.0,1779.0,0.6033,0.7205,2112.0,0b0000100001000000,0b00,VI produced with good quality,0b0000,Highest quality,0b01,Low,0b0,No,0b0,No,0b0,No,0b001,Land (Nothing else but land),0b0,No,0b0,No
Rainfed,US-NE3,41.1797,-96.4397,2016-08-28,h10v04,2116.0,1779.0,0.5974,0.7596,2181.0,0b0000100010000101,0b01,"VI produced, but check other QA",0b0001,Lower quality,0b10,Average,0b0,No,0b0,No,0b0,No,0b001,Land (Nothing else but land),0b0,No,0b0,No
Rainfed,US-NE3,41.1797,-96.4397,2016-09-13,h10v04,2116.0,1779.0,0.5168,0.7299,4160.0,0b0001000001000000,0b00,VI produced with good quality,0b0000,Highest quality,0b01,Low,0b0,No,0b0,No,0b0,No,0b010,Ocean coastlines and lake shorelines,0b0,No,0b0,No
Rainfed,US-NE3,41.1797,-96.4397,2016-09-29,h10v04,2116.0,1779.0,0.1825,0.3826,2112.0,0b0000100001000000,0b00,VI produced with good quality,0b0000,Highest quality,0b01,Low,0b0,No,0b0,No,0b0,No,0b001,Land (Nothing else but land),0b0,No,0b0,No
Rainfed,US-NE3,41.1797,-96.4397,2016-10-15,h10v04,2116.0,1779.0,0.1725,0.3249,2112.0,0b0000100001000000,0b00,VI produced with good quality,0b0000,Highest quality,0b01,Low,0b0,No,0b0,No,0b0,No,0b001,Land (Nothing else but land),0b0,No,0b0,No
Rainfed,US-NE3,41.1797,-96.4397,2016-10-31,h10v04,2116.0,1779.0,0.2163,0.3085,3150.0,0b0000110001001110,0b10,"Pixel produced, but most probably cloudy",0b0011,Decreasing quality (0011),0b01,Low,0b0,No,0b0,No,0b1,Yes,0b001,Land (Nothing else but land),0b0,No,0b0,No
Rainfed,US-NE3,41.1797,-96.4397,2016-11-16,h10v04,2116.0,1779.0,0.2005,0.3109,2116.0,0b0000100001000100,0b00,VI produced with good quality,0b0001,Lower quality,0b01,Low,0b0,No,0b0,No,0b0,No,0b001,Land (Nothing else but land),0b0,No,0b0,No
Rainfed,US-NE3,41.1797,-96.4397,2016-12-02,h10v04,2116.0,1779.0,0.1828,0.2886,2185.0,0b0000100010001001,0b01,"VI produced, but check other QA",0b0010,Decreasing quality (0010),0b10,Average,0b0,No,0b0,No,0b0,No,0b001,Land (Nothing else but land),0b0,No,0b0,No
Rainfed,US-NE3,41.1797,-96.4397,2016-12-18,h10v04,2116.0,1779.0,0.1697,0.2621,3154.0,0b0000110001010010,0b10,"Pixel produced, but most probably cloudy",0b0100,Decreasing quality (0100),0b01,Low,0b0,No,0b0,No,0b1,Yes,0b001,Land (Nothing else but land),0b0,No,0b0,No
Rainfed,US-NE3,41.1797,-96.4397,2017-01-01,h10v04,2116.0,1779.0,0.1709,0.2352,2518.0,0b0000100111010110,0b10,"Pixel produced, but most probably cloudy",0b0101,Decreasing quality (0101),0b11,High,0b1,Yes,0b0,No,0b0,No,0b001,Land (Nothing else but land),0b0,No,0b0,No
Rainfed,US-NE3,41.1797,-96.4397,2017-01-17,h10v04,2116.0,1779.0,0.1466,0.2649,2116.0,0b0000100001000100,0b00,VI produced with good quality,0b0001,Lower quality,0b01,Low,0b0,No,0b0,No,0b0,No,0b001,Land (Nothing else but land),0b0,No,0b0,No
Rainfed,US-NE3,41.1797,-96.4397,2017-02-02,h10v04,2116.0,1779.0,0.1283,0.2207,2112.0,0b0000100001000000,0b00,VI produced with good quality,0b0000,Highest quality,0b01,Low,0b0,No,0b0,No,0b0,No,0b001,Land (Nothing else but land),0b0,No,0b0,No
Rainfed,US-NE3,41.1797,-96.4397,2017-02-18,h10v04,2116.0,1779.0,0.148,0.2512,2112.0,0b0000100001000000,0b00,VI produced with good quality,0b0000,Highest quality,0b01,Low,0b0,No,0b0,No,0b0,No,0b001,Land (Nothing else but land),0b0,No,0b0,No
Rainfed,US-NE3,41.1797,-96.4397,2017-03-06,h10v04,2116.0,1779.0,0.1689,0.2783,2112.0,0b0000100001000000,0b00,VI produced with good quality,0b0000,Highest quality,0b01,Low,0b0,No,0b0,No,0b0,No,0b001,Land (Nothing else but land),0b0,No,0b0,No
Rainfed,US-NE3,41.1797,-96.4397,2017-03-22,h10v04,2116.0,1779.0,0.1788,0.3007,2116.0,0b0000100001000100,0b00,VI produced with good quality,0b0001,Lower quality,0b01,Low,0b0,No,0b0,No,0b0,No,0b001,Land (Nothing else but land),0b0,No,0b0,No
Rainfed,US-NE3,41.1797,-96.4397,2017-04-07,h10v04,2116.0,1779.0,0.1862,0.3037,2441.0,0b0000100110001001,0b01,"VI produced, but check other QA",0b0010,Decreasing quality (0010),0b10,Average,0b1,Yes,0b0,No,0b0,No,0b001,Land (Nothing else but land),0b0,No,0b0,No
Rainfed,US-NE3,41.1797,-96.4397,2017-04-23,h10v04,2116.0,1779.0,0.296,0.4106,2116.0,0b0000100001000100,0b00,VI produced with good quality,0b0001,Lower quality,0b01,Low,0b0,No,0b0,No,0b0,No,0b001,Land (Nothing else but land),0b0,No,0b0,No
Rainfed,US-NE3,41.1797,-96.4397,2017-05-09,h10v04,2116.0,1779.0,0.2312,0.3342,2112.0,0b0000100001000000,0b00,VI produced with good quality,0b0000,Highest quality,0b01,Low,0b0,No,0b0,No,0b0,No,0b001,Land (Nothing else but land),0b0,No,0b0,No
Rainfed,US-NE3,41.1797,-96.4397,2017-05-25,h10v04,2116.0,1779.0,0.2036,0.2878,2112.0,0b0000100001000000,0b00,VI produced with good quality,0b0000,Highest quality,0b01,Low,0b0,No,0b0,No,0b0,No,0b001,Land (Nothing else but land),0b0,No,0b0,No
Rainfed,US-NE3,41.1797,-96.4397,2017-06-10,h10v04,2116.0,1779.0,0.3219,0.4501,2112.0,0b0000100001000000,0b00,VI produced with good quality,0b0000,Highest quality,0b01,Low,0b0,No,0b0,No,0b0,No,0b001,Land (Nothing else but land),0b0,No,0b0,No
Rainfed,US-NE3,41.1797,-96.4397,2017-06-26,h10v04,2116.0,1779.0,0.484,0.7049,2112.0,0b0000100001000000,0b00,VI produced with good quality,0b0000,Highest quality,0b01,Low,0b0,No,0b0,No,0b0,No,0b001,Land (Nothing else but land),0b0,No,0b0,No
Rainfed,US-NE3,41.1797,-96.4397,2017-07-12,h10v04,2116.0,1779.0,0.591,0.7752,2112.0,0b0000100001000000,0b00,VI produced with good quality,0b0000,Highest quality,0b01,Low,0b0,No,0b0,No,0b0,No,0b001,Land (Nothing else but land),0b0,No,0b0,No
Rainfed,US-NE3,41.1797,-96.4397,2017-07-28,h10v04,2116.0,1779.0,0.6361,0.8318,2112.0,0b0000100001000000,0b00,VI produced with good quality,0b0000,Highest quality,0b01,Low,0b0,No,0b0,No,0b0,No,0b001,Land (Nothing else but land),0b0,No,0b0,No
Rainfed,US-NE3,41.1797,-96.4397,2017-08-13,h10v04,2116.0,1779.0,0.6631,0.8375,2181.0,0b0000100010000101,0b01,"VI produced, but check other QA",0b0001,Lower quality,0b10,Average,0b0,No,0b0,No,0b0,No,0b001,Land (Nothing else but land),0b0,No,0b0,No
Rainfed,US-NE3,41.1797,-96.4397,2017-08-29,h10v04,2116.0,1779.0,0.5324,0.7965,2112.0,0b0000100001000000,0b00,VI produced with good quality,0b0000,Highest quality,0b01,Low,0b0,No,0b0,No,0b0,No,0b001,Land (Nothing else but land),0b0,No,0b0,No
Rainfed,US-NE3,41.1797,-96.4397,2017-09-14,h10v04,2116.0,1779.0,0.3842,0.5553,2116.0,0b0000100001000100,0b00,VI produced with good quality,0b0001,Lower quality,0b01,Low,0b0,No,0b0,No,0b0,No,0b001,Land (Nothing else but land),0b0,No,0b0,No
Rainfed,US-NE3,41.1797,-96.4397,2017-09-30,h10v04,2116.0,1779.0,0.1284,0.3245,2116.0,0b0000100001000100,0b00,VI produced with good quality,0b0001,Lower quality,0b01,Low,0b0,No,0b0,No,0b0,No,0b001,Land (Nothing else but land),0b0,No,0b0,No
Rainfed,US-NE3,41.1797,-96.4397,2017-10-16,h10v04,2116.0,1779.0,0.2298,0.3651,2116.0,0b0000100001000100,0b00,VI produced with good quality,0b0001,Lower quality,0b01,Low,0b0,No,0b0,No,0b0,No,0b001,Land (Nothing else but land),0b0,No,0b0,No
Rainfed,US-NE3,41.1797,-96.4397,2017-11-01,h10v04,2116.0,1779.0,0.2356,0.3388,3154.0,0b0000110001010010,0b10,"Pixel produced, but most probably cloudy",0b0100,Decreasing quality (0100),0b01,Low,0b0,No,0b0,No,0b1,Yes,0b001,Land (Nothing else but land),0b0,No,0b0,No
Rainfed,US-NE3,41.1797,-96.4397,2017-11-17,h10v04,2116.0,1779.0,0.1655,0.2635,2120.0,0b0000100001001000,0b00,VI produced with good quality,0b0010,Decreasing quality (0010),0b01,Low,0b0,No,0b0,No,0b0,No,0b001,Land (Nothing else but land),0b0,No,0b0,No
Rainfed,US-NE3,41.1797,-96.4397,2017-12-03,h10v04,2116.0,1779.0,0.1663,0.2597,3226.0,0b0000110010011010,0b10,"Pixel produced, but most probably cloudy",0b0110,Decreasing quality (0110),0b10,Average,0b0,No,0b0,No,0b1,Yes,0b001,Land (Nothing else but land),0b0,No,0b0,No
Rainfed,US-NE3,41.1797,-96.4397,2017-12-19,h10v04,2116.0,1779.0,0.1724,0.2635,3226.0,0b0000110010011010,0b10,"Pixel produced, but most probably cloudy",0b0110,Decreasing quality (0110),0b10,Average,0b0,No,0b0,No,0b1,Yes,0b001,Land (Nothing else but land),0b0,No,0b0,No
Rainfed,US-NE3,41.1797,-96.4397,2018-01-01,h10v04,2116.0,1779.0,0.0334,0.0326,18453.0,0b0100100000010101,0b01,"VI produced, but check other QA",0b0101,Decreasing quality (0101),0b00,Climatology,0b0,No,0b0,No,0b0,No,0b001,Land (Nothing else but land),0b1,Yes,0b0,No
Rainfed,US-NE3,41.1797,-96.4397,2018-01-17,h10v04,2116.0,1779.0,0.1791,0.2365,2126.0,0b0000100001001110,0b10,"Pixel produced, but most probably cloudy",0b0011,Decreasing quality (0011),0b01,Low,0b0,No,0b0,No,0b0,No,0b001,Land (Nothing else but land),0b0,No,0b0,No
Rainfed,US-NE3,41.1797,-96.4397,2018-02-02,h10v04,2116.0,1779.0,0.1268,0.1958,3222.0,0b0000110010010110,0b10,"Pixel produced, but most probably cloudy",0b0101,Decreasing quality (0101),0b10,Average,0b0,No,0b0,No,0b1,Yes,0b001,Land (Nothing else but land),0b0,No,0b0,No
Rainfed,US-NE3,41.1797,-96.4397,2018-02-18,h10v04,2116.0,1779.0,0.1559,0.2049,2262.0,0b0000100011010110,0b10,"Pixel produced, but most probably cloudy",0b0101,Decreasing quality (0101),0b11,High,0b0,No,0b0,No,0b0,No,0b001,Land (Nothing else but land),0b0,No,0b0,No
Rainfed,US-NE3,41.1797,-96.4397,2018-03-06,h10v04,2116.0,1779.0,0.1361,0.2108,3222.0,0b0000110010010110,0b10,"Pixel produced, but most probably cloudy",0b0101,Decreasing quality (0101),0b10,Average,0b0,No,0b0,No,0b1,Yes,0b001,Land (Nothing else but land),0b0,No,0b0,No
Rainfed,US-NE3,41.1797,-96.4397,2018-03-22,h10v04,2116.0,1779.0,0.1467,0.2146,2116.0,0b0000100001000100,0b00,VI produced with good quality,0b0001,Lower quality,0b01,Low,0b0,No,0b0,No,0b0,No,0b001,Land (Nothing else but land),0b0,No,0b0,No
Rainfed,US-NE3,41.1797,-96.4397,2018-04-07,h10v04,2116.0,1779.0,0.1939,0.2704,3158.0,0b0000110001010110,0b10,"Pixel produced, but most probably cloudy",0b0101,Decreasing quality (0101),0b01,Low,0b0,No,0b0,No,0b1,Yes,0b001,Land (Nothing else but land),0b0,No,0b0,No
Rainfed,US-NE3,41.1797,-96.4397,2018-04-23,h10v04,2116.0,1779.0,0.1987,0.3014,2116.0,0b0000100001000100,0b00,VI produced with good quality,0b0001,Lower quality,0b01,Low,0b0,No,0b0,No,0b0,No,0b001,Land (Nothing else but land),0b0,No,0b0,No
Rainfed,US-NE3,41.1797,-96.4397,2018-05-09,h10v04,2116.0,1779.0,0.2562,0.3582,2185.0,0b0000100010001001,0b01,"VI produced, but check other QA",0b0010,Decreasing quality (0010),0b10,Average,0b0,No,0b0,No,0b0,No,0b001,Land (Nothing else but land),0b0,No,0b0,No
Rainfed,US-NE3,41.1797,-96.4397,2018-05-25,h10v04,2116.0,1779.0,0.2679,0.3807,2185.0,0b0000100010001001,0b01,"VI produced, but check other QA",0b0010,Decreasing quality (0010),0b10,Average,0b0,No,0b0,No,0b0,No,0b001,Land (Nothing else but land),0b0,No,0b0,No
Rainfed,US-NE3,41.1797,-96.4397,2018-06-10,h10v04,2116.0,1779.0,0.4154,0.5361,2116.0,0b0000100001000100,0b00,VI produced with good quality,0b0001,Lower quality,0b01,Low,0b0,No,0b0,No,0b0,No,0b001,Land (Nothing else but land),0b0,No,0b0,No
Rainfed,US-NE3,41.1797,-96.4397,2018-06-26,h10v04,2116.0,1779.0,0.3958,0.5507,2116.0,0b0000100001000100,0b00,VI produced with good quality,0b0001,Lower quality,0b01,Low,0b0,No,0b0,No,0b0,No,0b001,Land (Nothing else but land),0b0,No,0b0,No
Rainfed,US-NE3,41.1797,-96.4397,2018-07-12,h10v04,2116.0,1779.0,0.6268,0.8217,4168.0,0b0001000001001000,0b00,VI produced with good quality,0b0010,Decreasing quality (0010),0b01,Low,0b0,No,0b0,No,0b0,No,0b010,Ocean coastlines and lake shorelines,0b0,No,0b0,No
Rainfed,US-NE3,41.1797,-96.4397,2018-07-28,h10v04,2116.0,1779.0,0.7639,0.8999,2116.0,0b0000100001000100,0b00,VI produced with good quality,0b0001,Lower quality,0b01,Low,0b0,No,0b0,No,0b0,No,0b001,Land (Nothing else but land),0b0,No,0b0,No
Rainfed,US-NE3,41.1797,-96.4397,2018-08-13,h10v04,2116.0,1779.0,0.6969,0.8011,2189.0,0b0000100010001101,0b01,"VI produced, but check other QA",0b0011,Decreasing quality (0011),0b10,Average,0b0,No,0b0,No,0b0,No,0b001,Land (Nothing else but land),0b0,No,0b0,No
Rainfed,US-NE3,41.1797,-96.4397,2018-08-29,h10v04,2116.0,1779.0,0.6135,0.8228,2116.0,0b0000100001000100,0b00,VI produced with good quality,0b0001,Lower quality,0b01,Low,0b0,No,0b0,No,0b0,No,0b001,Land (Nothing else but land),0b0,No,0b0,No
Rainfed,US-NE3,41.1797,-96.4397,2018-09-14,h10v04,2116.0,1779.0,0.5106,0.7264,2116.0,0b0000100001000100,0b00,VI produced with good quality,0b0001,Lower quality,0b01,Low,0b0,No,0b0,No,0b0,No,0b001,Land (Nothing else but land),0b0,No,0b0,No
Rainfed,US-NE3,41.1797,-96.4397,2018-09-30,h10v04,2116.0,1779.0,0.3942,0.5576,4164.0,0b0001000001000100,0b00,VI produced with good quality,0b0001,Lower quality,0b01,Low,0b0,No,0b0,No,0b0,No,0b010,Ocean coastlines and lake shorelines,0b0,No,0b0,No
Rainfed,US-NE3,41.1797,-96.4397,2018-10-16,h10v04,2116.0,1779.0,0.227,0.4209,2116.0,0b0000100001000100,0b00,VI produced with good quality,0b0001,Lower quality,0b01,Low,0b0,No,0b0,No,0b0,No,0b001,Land (Nothing else but land),0b0,No,0b0,No
Rainfed,US-NE3,41.1797,-96.4397,2018-11-01,h10v04,2116.0,1779.0,0.1602,0.2637,3154.0,0b0000110001010010,0b10,"Pixel produced, but most probably cloudy",0b0100,Decreasing quality (0100),0b01,Low,0b0,No,0b0,No,0b1,Yes,0b001,Land (Nothing else but land),0b0,No,0b0,No
Rainfed,US-NE3,41.1797,-96.4397,2018-11-17,h10v04,2116.0,1779.0,0.1694,0.26,2120.0,0b0000100001001000,0b00,VI produced with good quality,0b0010,Decreasing quality (0010),0b01,Low,0b0,No,0b0,No,0b0,No,0b001,Land (Nothing else but land),0b0,No,0b0,No
Rainfed,US-NE3,41.1797,-96.4397,2018-12-03,h10v04,2116.0,1779.0,0.006,0.0058,18453.0,0b0100100000010101,0b01,"VI produced, but check other QA",0b0101,Decreasing quality (0101),0b00,Climatology,0b0,No,0b0,No,0b0,No,0b001,Land (Nothing else but land),0b1,Yes,0b0,No
Rainfed,US-NE3,41.1797,-96.4397,2018-12-19,h10v04,2116.0,1779.0,0.137,0.229,4168.0,0b0001000001001000,0b00,VI produced with good quality,0b0010,Decreasing quality (0010),0b01,Low,0b0,No,0b0,No,0b0,No,0b010,Ocean coastlines and lake shorelines,0b0,No,0b0,No
Rainfed,US-NE3,41.1797,-96.4397,2019-01-01,h10v04,2116.0,1779.0,0.1928,0.2517,2126.0,0b0000100001001110,0b10,"Pixel produced, but most probably cloudy",0b0011,Decreasing quality (0011),0b01,Low,0b0,No,0b0,No,0b0,No,0b001,Land (Nothing else but land),0b0,No,0b0,No
Rainfed,US-NE3,41.1797,-96.4397,2019-01-17,h10v04,2116.0,1779.0,-0.0031,-0.0031,18453.0,0b0100100000010101,0b01,"VI produced, but check other QA",0b0101,Decreasing quality (0101),0b00,Climatology,0b0,No,0b0,No,0b0,No,0b001,Land (Nothing else but land),0b1,Yes,0b0,No
Rainfed,US-NE3,41.1797,-96.4397,2019-02-02,h10v04,2116.0,1779.0,0.1416,0.2179,2116.0,0b0000100001000100,0b00,VI produced with good quality,0b0001,Lower quality,0b01,Low,0b0,No,0b0,No,0b0,No,0b001,Land (Nothing else but land),0b0,No,0b0,No
Rainfed,US-NE3,41.1797,-96.4397,2019-02-18,h10v04,2116.0,1779.0,-0.0173,-0.0157,18449.0,0b0100100000010001,0b01,"VI produced, but check other QA",0b0100,Decreasing quality (0100),0b00,Climatology,0b0,No,0b0,No,0b0,No,0b001,Land (Nothing else but land),0b1,Yes,0b0,No
Rainfed,US-NE3,41.1797,-96.4397,2019-03-06,h10v04,2116.0,1779.0,0.1299,0.2445,2116.0,0b0000100001000100,0b00,VI produced with good quality,0b0001,Lower quality,0b01,Low,0b0,No,0b0,No,0b0,No,0b001,Land (Nothing else but land),0b0,No,0b0,No
Rainfed,US-NE3,41.1797,-96.4397,2019-03-22,h10v04,2116.0,1779.0,0.1353,0.2118,2116.0,0b0000100001000100,0b00,VI produced with good quality,0b0001,Lower quality,0b01,Low,0b0,No,0b0,No,0b0,No,0b001,Land (Nothing else but land),0b0,No,0b0,No
Rainfed,US-NE3,41.1797,-96.4397,2019-04-07,h10v04,2116.0,1779.0,0.1994,0.3026,4164.0,0b0001000001000100,0b00,VI produced with good quality,0b0001,Lower quality,0b01,Low,0b0,No,0b0,No,0b0,No,0b010,Ocean coastlines and lake shorelines,0b0,No,0b0,No
Rainfed,US-NE3,41.1797,-96.4397,2019-04-23,h10v04,2116.0,1779.0,0.1862,0.2889,2116.0,0b0000100001000100,0b00,VI produced with good quality,0b0001,Lower quality,0b01,Low,0b0,No,0b0,No,0b0,No,0b001,Land (Nothing else but land),0b0,No,0b0,No
Rainfed,US-NE3,41.1797,-96.4397,2019-05-09,h10v04,2116.0,1779.0,0.3318,0.4796,2185.0,0b0000100010001001,0b01,"VI produced, but check other QA",0b0010,Decreasing quality (0010),0b10,Average,0b0,No,0b0,No,0b0,No,0b001,Land (Nothing else but land),0b0,No,0b0,No
Rainfed,US-NE3,41.1797,-96.4397,2019-05-25,h10v04,2116.0,1779.0,0.2253,0.3436,2116.0,0b0000100001000100,0b00,VI produced with good quality,0b0001,Lower quality,0b01,Low,0b0,No,0b0,No,0b0,No,0b001,Land (Nothing else but land),0b0,No,0b0,No
Rainfed,US-NE3,41.1797,-96.4397,2019-06-10,h10v04,2116.0,1779.0,0.4811,0.7219,2116.0,0b0000100001000100,0b00,VI produced with good quality,0b0001,Lower quality,0b01,Low,0b0,No,0b0,No,0b0,No,0b001,Land (Nothing else but land),0b0,No,0b0,No
Rainfed,US-NE3,41.1797,-96.4397,2019-06-26,h10v04,2116.0,1779.0,0.6636,0.8685,2116.0,0b0000100001000100,0b00,VI produced with good quality,0b0001,Lower quality,0b01,Low,0b0,No,0b0,No,0b0,No,0b001,Land (Nothing else but land),0b0,No,0b0,No
Rainfed,US-NE3,41.1797,-96.4397,2019-07-12,h10v04,2116.0,1779.0,0.6114,0.7605,2185.0,0b0000100010001001,0b01,"VI produced, but check other QA",0b0010,Decreasing quality (0010),0b10,Average,0b0,No,0b0,No,0b0,No,0b001,Land (Nothing else but land),0b0,No,0b0,No
Rainfed,US-NE3,41.1797,-96.4397,2019-07-28,h10v04,2116.0,1779.0,0.4923,0.6503,2116.0,0b0000100001000100,0b00,VI produced with good quality,0b0001,Lower quality,0b01,Low,0b0,No,0b0,No,0b0,No,0b001,Land (Nothing else but land),0b0,No,0b0,No
Rainfed,US-NE3,41.1797,-96.4397,2019-08-13,h10v04,2116.0,1779.0,0.6845,0.8965999,2116.0,0b0000100001000100,0b00,VI produced with good quality,0b0001,Lower quality,0b01,Low,0b0,No,0b0,No,0b0,No,0b001,Land (Nothing else but land),0b0,No,0b0,No
Rainfed,US-NE3,41.1797,-96.4397,2019-08-29,h10v04,2116.0,1779.0,0.6264,0.8631999,2116.0,0b0000100001000100,0b00,VI produced with good quality,0b0001,Lower quality,0b01,Low,0b0,No,0b0,No,0b0,No,0b001,Land (Nothing else but land),0b0,No,0b0,No
Rainfed,US-NE3,41.1797,-96.4397,2019-09-14,h10v04,2116.0,1779.0,0.3776,0.6241,2116.0,0b0000100001000100,0b00,VI produced with good quality,0b0001,Lower quality,0b01,Low,0b0,No,0b0,No,0b0,No,0b001,Land (Nothing else but land),0b0,No,0b0,No
Rainfed,US-NE3,41.1797,-96.4397,2019-09-30,h10v04,2116.0,1779.0,0.1759,0.3779,2116.0,0b0000100001000100,0b00,VI produced with good quality,0b0001,Lower quality,0b01,Low,0b0,No,0b0,No,0b0,No,0b001,Land (Nothing else but land),0b0,No,0b0,No
Rainfed,US-NE3,41.1797,-96.4397,2019-10-16,h10v04,2116.0,1779.0,0.1504,0.3126,2116.0,0b0000100001000100,0b00,VI produced with good quality,0b0001,Lower quality,0b01,Low,0b0,No,0b0,No,0b0,No,0b001,Land (Nothing else but land),0b0,No,0b0,No
Rainfed,US-NE3,41.1797,-96.4397,2019-11-01,h10v04,2116.0,1779.0,0.178,0.2756,3154.0,0b0000110001010010,0b10,"Pixel produced, but most probably cloudy",0b0100,Decreasing quality (0100),0b01,Low,0b0,No,0b0,No,0b1,Yes,0b001,Land (Nothing else but land),0b0,No,0b0,No
Rainfed,US-NE3,41.1797,-96.4397,2019-11-17,h10v04,2116.0,1779.0,0.2064,0.2732,4174.0,0b0001000001001110,0b10,"Pixel produced, but most probably cloudy",0b0011,Decreasing quality (0011),0b01,Low,0b0,No,0b0,No,0b0,No,0b010,Ocean coastlines and lake shorelines,0b0,No,0b0,No
Rainfed,US-NE3,41.1797,-96.4397,2019-12-03,h10v04,2116.0,1779.0,0.1952,0.242,4118.0,0b0001000000010110,0b10,"Pixel produced, but most probably cloudy",0b0101,Decreasing quality (0101),0b00,Climatology,0b0,No,0b0,No,0b0,No,0b010,Ocean coastlines and lake shorelines,0b0,No,0b0,No
Rainfed,US-NE3,41.1797,-96.4397,2019-12-19,h10v04,2116.0,1779.0,0.1489,0.2186,3158.0,0b0000110001010110,0b10,"Pixel produced, but most probably cloudy",0b0101,Decreasing quality (0101),0b01,Low,0b0,No,0b0,No,0b1,Yes,0b001,Land (Nothing else but land),0b0,No,0b0,No
Rainfed,US-NE3,41.1797,-96.4397,2020-01-01,h10v04,2116.0,1779.0,0.1785,0.2533,3302.0,0b0000110011100110,0b10,"Pixel produced, but most probably cloudy",0b1001,Decreasing quality (1001),0b11,High,0b0,No,0b0,No,0b1,Yes,0b001,Land (Nothing else but land),0b0,No,0b0,No
Rainfed,US-NE3,41.1797,-96.4397,2020-01-17,h10v04,2116.0,1779.0,0.008,0.0078,18457.0,0b0100100000011001,0b01,"VI produced, but check other QA",0b0110,Decreasing quality (0110),0b00,Climatology,0b0,No,0b0,No,0b0,No,0b001,Land (Nothing else but land),0b1,Yes,0b0,No
Rainfed,US-NE3,41.1797,-96.4397,2020-02-02,h10v04,2116.0,1779.0,0.1223,0.1972,2185.0,0b0000100010001001,0b01,"VI produced, but check other QA",0b0010,Decreasing quality (0010),0b10,Average,0b0,No,0b0,No,0b0,No,0b001,Land (Nothing else but land),0b0,No,0b0,No
Rainfed,US-NE3,41.1797,-96.4397,2020-02-18,h10v04,2116.0,1779.0,0.1406,0.1988,2185.0,0b0000100010001001,0b01,"VI produced, but check other QA",0b0010,Decreasing quality (0010),0b10,Average,0b0,No,0b0,No,0b0,No,0b001,Land (Nothing else but land),0b0,No,0b0,No
Rainfed,US-NE3,41.1797,-96.4397,2020-03-05,h10v04,2116.0,1779.0,0.1244,0.2027,3226.0,0b0000110010011010,0b10,"Pixel produced, but most probably cloudy",0b0110,Decreasing quality (0110),0b10,Average,0b0,No,0b0,No,0b1,Yes,0b001,Land (Nothing else but land),0b0,No,0b0,No
Rainfed,US-NE3,41.1797,-96.4397,2020-03-21,h10v04,2116.0,1779.0,0.1585,0.2287,3226.0,0b0000110010011010,0b10,"Pixel produced, but most probably cloudy",0b0110,Decreasing quality (0110),0b10,Average,0b0,No,0b0,No,0b1,Yes,0b001,Land (Nothing else but land),0b0,No,0b0,No
Rainfed,US-NE3,41.1797,-96.4397,2020-04-06,h10v04,2116.0,1779.0,0.1651,0.24,2185.0,0b0000100010001001,0b01,"VI produced, but check other QA",0b0010,Decreasing quality (0010),0b10,Average,0b0,No,0b0,No,0b0,No,0b001,Land (Nothing else but land),0b0,No,0b0,No
Rainfed,US-NE3,41.1797,-96.4397,2020-04-22,h10v04,2116.0,1779.0,0.2669,0.4117,2120.0,0b0000100001001000,0b00,VI produced with good quality,0b0010,Decreasing quality (0010),0b01,Low,0b0,No,0b0,No,0b0,No,0b001,Land (Nothing else but land),0b0,No,0b0,No
Rainfed,US-NE3,41.1797,-96.4397,2020-05-08,h10v04,2116.0,1779.0,0.2258,0.3081,2116.0,0b0000100001000100,0b00,VI produced with good quality,0b0001,Lower quality,0b01,Low,0b0,No,0b0,No,0b0,No,0b001,Land (Nothing else but land),0b0,No,0b0,No
Rainfed,US-NE3,41.1797,-96.4397,2020-05-24,h10v04,2116.0,1779.0,0.2018,0.3102,2185.0,0b0000100010001001,0b01,"VI produced, but check other QA",0b0010,Decreasing quality (0010),0b10,Average,0b0,No,0b0,No,0b0,No,0b001,Land (Nothing else but land),0b0,No,0b0,No
Rainfed,US-NE3,41.1797,-96.4397,2020-06-09,h10v04,2116.0,1779.0,0.2232,0.3428,2116.0,0b0000100001000100,0b00,VI produced with good quality,0b0001,Lower quality,0b01,Low,0b0,No,0b0,No,0b0,No,0b001,Land (Nothing else but land),0b0,No,0b0,No
Rainfed,US-NE3,41.1797,-96.4397,2020-06-25,h10v04,2116.0,1779.0,0.4209,0.6109,2185.0,0b0000100010001001,0b01,"VI produced, but check other QA",0b0010,Decreasing quality (0010),0b10,Average,0b0,No,0b0,No,0b0,No,0b001,Land (Nothing else but land),0b0,No,0b0,No
Rainfed,US-NE3,41.1797,-96.4397,2020-07-11,h10v04,2116.0,1779.0,0.5234,0.6388,2116.0,0b0000100001000100,0b00,VI produced with good quality,0b0001,Lower quality,0b01,Low,0b0,No,0b0,No,0b0,No,0b001,Land (Nothing else but land),0b0,No,0b0,No
Rainfed,US-NE3,41.1797,-96.4397,2020-07-27,h10v04,2116.0,1779.0,0.603,0.785,2120.0,0b0000100001001000,0b00,VI produced with good quality,0b0010,Decreasing quality (0010),0b01,Low,0b0,No,0b0,No,0b0,No,0b001,Land (Nothing else but land),0b0,No,0b0,No
Rainfed,US-NE3,41.1797,-96.4397,2020-08-12,h10v04,2116.0,1779.0,0.5237,0.6798,2116.0,0b0000100001000100,0b00,VI produced with good quality,0b0001,Lower quality,0b01,Low,0b0,No,0b0,No,0b0,No,0b001,Land (Nothing else but land),0b0,No,0b0,No
Rainfed,US-NE3,41.1797,-96.4397,2020-08-28,h10v04,2116.0,1779.0,0.5859,0.7843,2116.0,0b0000100001000100,0b00,VI produced with good quality,0b0001,Lower quality,0b01,Low,0b0,No,0b0,No,0b0,No,0b001,Land (Nothing else but land),0b0,No,0b0,No
Rainfed,US-NE3,41.1797,-96.4397,2020-09-13,h10v04,2116.0,1779.0,0.5197,0.7018,2116.0,0b0000100001000100,0b00,VI produced with good quality,0b0001,Lower quality,0b01,Low,0b0,No,0b0,No,0b0,No,0b001,Land (Nothing else but land),0b0,No,0b0,No
Rainfed,US-NE3,41.1797,-96.4397,2020-09-29,h10v04,2116.0,1779.0,0.2256,0.3608,2116.0,0b0000100001000100,0b00,VI produced with good quality,0b0001,Lower quality,0b01,Low,0b0,No,0b0,No,0b0,No,0b001,Land (Nothing else but land),0b0,No,0b0,No
Rainfed,US-NE3,41.1797,-96.4397,2020-10-15,h10v04,2116.0,1779.0,0.2533,0.3555,2116.0,0b0000100001000100,0b00,VI produced with good quality,0b0001,Lower quality,0b01,Low,0b0,No,0b0,No,0b0,No,0b001,Land (Nothing else but land),0b0,No,0b0,No
Rainfed,US-NE3,41.1797,-96.4397,2020-10-31,h10v04,2116.0,1779.0,0.1629,0.2701,3222.0,0b0000110010010110,0b10,"Pixel produced, but most probably cloudy",0b0101,Decreasing quality (0101),0b10,Average,0b0,No,0b0,No,0b1,Yes,0b001,Land (Nothing else but land),0b0,No,0b0,No
Rainfed,US-NE3,41.1797,-96.4397,2020-11-16,h10v04,2116.0,1779.0,0.1553,0.269,2120.0,0b0000100001001000,0b00,VI produced with good quality,0b0010,Decreasing quality (0010),0b01,Low,0b0,No,0b0,No,0b0,No,0b001,Land (Nothing else but land),0b0,No,0b0,No
Rainfed,US-NE3,41.1797,-96.4397,2020-12-02,h10v04,2116.0,1779.0,-0.0025,-0.0023,18457.0,0b0100100000011001,0b01,"VI produced, but check other QA",0b0110,Decreasing quality (0110),0b00,Climatology,0b0,No,0b0,No,0b0,No,0b001,Land (Nothing else but land),0b1,Yes,0b0,No
Rainfed,US-NE3,41.1797,-96.4397,2020-12-18,h10v04,2116.0,1779.0,-0.0398,-0.037,18453.0,0b0100100000010101,0b01,"VI produced, but check other QA",0b0101,Decreasing quality (0101),0b00,Climatology,0b0,No,0b0,No,0b0,No,0b001,Land (Nothing else but land),0b1,Yes,0b0,No
Rainfed,US-NE3,41.1797,-96.4397,2021-01-01,h10v04,2116.0,1779.0,-0.034,-0.0314,18453.0,0b0100100000010101,0b01,"VI produced, but check other QA",0b0101,Decreasing quality (0101),0b00,Climatology,0b0,No,0b0,No,0b0,No,0b001,Land (Nothing else but land),0b1,Yes,0b0,No
Rainfed,US-NE3,41.1797,-96.4397,2021-01-17,h10v04,2116.0,1779.0,-0.0256,-0.0235,18453.0,0b0100100000010101,0b01,"VI produced, but check other QA",0b0101,Decreasing quality (0101),0b00,Climatology,0b0,No,0b0,No,0b0,No,0b001,Land (Nothing else but land),0b1,Yes,0b0,No
Rainfed,US-NE3,41.1797,-96.4397,2021-02-02,h10v04,2116.0,1779.0,-0.0277,-0.0253,18449.0,0b0100100000010001,0b01,"VI produced, but check other QA",0b0100,Decreasing quality (0100),0b00,Climatology,0b0,No,0b0,No,0b0,No,0b001,Land (Nothing else but land),0b1,Yes,0b0,No
Rainfed,US-NE3,41.1797,-96.4397,2021-02-18,h10v04,2116.0,1779.0,0.1302,0.2458,2116.0,0b0000100001000100,0b00,VI produced with good quality,0b0001,Lower quality,0b01,Low,0b0,No,0b0,No,0b0,No,0b001,Land (Nothing else but land),0b0,No,0b0,No
Rainfed,US-NE3,41.1797,-96.4397,2021-03-06,h10v04,2116.0,1779.0,0.1702,0.2923,2185.0,0b0000100010001001,0b01,"VI produced, but check other QA",0b0010,Decreasing quality (0010),0b10,Average,0b0,No,0b0,No,0b0,No,0b001,Land (Nothing else but land),0b0,No,0b0,No
Rainfed,US-NE3,41.1797,-96.4397,2021-03-22,h10v04,2116.0,1779.0,0.1867,0.2855,2185.0,0b0000100010001001,0b01,"VI produced, but check other QA",0b0010,Decreasing quality (0010),0b10,Average,0b0,No,0b0,No,0b0,No,0b001,Land (Nothing else but land),0b0,No,0b0,No
Rainfed,US-NE3,41.1797,-96.4397,2021-04-07,h10v04,2116.0,1779.0,0.1802,0.2739,2185.0,0b0000100010001001,0b01,"VI produced, but check other QA",0b0010,Decreasing quality (0010),0b10,Average,0b0,No,0b0,No,0b0,No,0b001,Land (Nothing else but land),0b0,No,0b0,No
Rainfed,US-NE3,41.1797,-96.4397,2021-04-23,h10v04,2116.0,1779.0,0.247,0.3663,4168.0,0b0001000001001000,0b00,VI produced with good quality,0b0010,Decreasing quality (0010),0b01,Low,0b0,No,0b0,No,0b0,No,0b010,Ocean coastlines and lake shorelines,0b0,No,0b0,No
Rainfed,US-NE3,41.1797,-96.4397,2021-05-09,h10v04,2116.0,1779.0,0.318,0.4394,3222.0,0b0000110010010110,0b10,"Pixel produced, but most probably cloudy",0b0101,Decreasing quality (0101),0b10,Average,0b0,No,0b0,No,0b1,Yes,0b001,Land (Nothing else but land),0b0,No,0b0,No
Rainfed,US-NE3,41.1797,-96.4397,2021-05-25,h10v04,2116.0,1779.0,0.3143,0.4513,2189.0,0b0000100010001101,0b01,"VI produced, but check other QA",0b0011,Decreasing quality (0011),0b10,Average,0b0,No,0b0,No,0b0,No,0b001,Land (Nothing else but land),0b0,No,0b0,No
Rainfed,US-NE3,41.1797,-96.4397,2021-06-10,h10v04,2116.0,1779.0,0.4187,0.6686,4164.0,0b0001000001000100,0b00,VI produced with good quality,0b0001,Lower quality,0b01,Low,0b0,No,0b0,No,0b0,No,0b010,Ocean coastlines and lake shorelines,0b0,No,0b0,No
Rainfed,US-NE3,41.1797,-96.4397,2021-06-26,h10v04,2116.0,1779.0,0.5828,0.7347,2185.0,0b0000100010001001,0b01,"VI produced, but check other QA",0b0010,Decreasing quality (0010),0b10,Average,0b0,No,0b0,No,0b0,No,0b001,Land (Nothing else but land),0b0,No,0b0,No
Rainfed,US-NE3,41.1797,-96.4397,2021-07-12,h10v04,2116.0,1779.0,0.6419,0.8683,2185.0,0b0000100010001001,0b01,"VI produced, but check other QA",0b0010,Decreasing quality (0010),0b10,Average,0b0,No,0b0,No,0b0,No,0b001,Land (Nothing else but land),0b0,No,0b0,No
Rainfed,US-NE3,41.1797,-96.4397,2021-07-28,h10v04,2116.0,1779.0,0.4993,0.683,2116.0,0b0000100001000100,0b00,VI produced with good quality,0b0001,Lower quality,0b01,Low,0b0,No,0b0,No,0b0,No,0b001,Land (Nothing else but land),0b0,No,0b0,No
Rainfed,US-NE3,41.1797,-96.4397,2021-08-13,h10v04,2116.0,1779.0,0.5859,0.8081,2116.0,0b0000100001000100,0b00,VI produced with good quality,0b0001,Lower quality,0b01,Low,0b0,No,0b0,No,0b0,No,0b001,Land (Nothing else but land),0b0,No,0b0,No
Rainfed,US-NE3,41.1797,-96.4397,2021-08-29,h10v04,2116.0,1779.0,0.4413,0.7361,2185.0,0b0000100010001001,0b01,"VI produced, but check other QA",0b0010,Decreasing quality (0010),0b10,Average,0b0,No,0b0,No,0b0,No,0b001,Land (Nothing else but land),0b0,No,0b0,No
Rainfed,US-NE3,41.1797,-96.4397,2021-09-14,h10v04,2116.0,1779.0,0.2457,0.4906,2116.0,0b0000100001000100,0b00,VI produced with good quality,0b0001,Lower quality,0b01,Low,0b0,No,0b0,No,0b0,No,0b001,Land (Nothing else but land),0b0,No,0b0,No
Rainfed,US-NE3,41.1797,-96.4397,2021-09-30,h10v04,2116.0,1779.0,0.1914,0.3904,2116.0,0b0000100001000100,0b00,VI produced with good quality,0b0001,Lower quality,0b01,Low,0b0,No,0b0,No,0b0,No,0b001,Land (Nothing else but land),0b0,No,0b0,No
Rainfed,US-NE3,41.1797,-96.4397,2021-10-16,h10v04,2116.0,1779.0,0.2094,0.3769,2116.0,0b0000100001000100,0b00,VI produced with good quality,0b0001,Lower quality,0b01,Low,0b0,No,0b0,No,0b0,No,0b001,Land (Nothing else but land),0b0,No,0b0,No
Rainfed,US-NE3,41.1797,-96.4397,2021-11-01,h10v04,2116.0,1779.0,0.2357,0.3812,4237.0,0b0001000010001101,0b01,"VI produced, but check other QA",0b0011,Decreasing quality (0011),0b10,Average,0b0,No,0b0,No,0b0,No,0b010,Ocean coastlines and lake shorelines,0b0,No,0b0,No
Rainfed,US-NE3,41.1797,-96.4397,2021-11-17,h10v04,2116.0,1779.0,0.201,0.3089,3226.0,0b0000110010011010,0b10,"Pixel produced, but most probably cloudy",0b0110,Decreasing quality (0110),0b10,Average,0b0,No,0b0,No,0b1,Yes,0b001,Land (Nothing else but land),0b0,No,0b0,No
Rainfed,US-NE3,41.1797,-96.4397,2021-12-03,h10v04,2116.0,1779.0,0.1571,0.2376,2122.0,0b0000100001001010,0b10,"Pixel produced, but most probably cloudy",0b0010,Decreasing quality (0010),0b01,Low,0b0,No,0b0,No,0b0,No,0b001,Land (Nothing else but land),0b0,No,0b0,No
Rainfed,US-NE3,41.1797,-96.4397,2021-12-19,h10v04,2116.0,1779.0,0.1593,0.2384,2122.0,0b0000100001001010,0b10,"Pixel produced, but most probably cloudy",0b0010,Decreasing quality (0010),0b01,Low,0b0,No,0b0,No,0b0,No,0b001,Land (Nothing else but land),0b0,No,0b0,No
