site,date,value
1,2012-01-01,-0.291707704767765
1,2012-01-02,-0.29953305453355783
1,2012-01-03,-0.3064580346016871
1,2012-01-04,-0.31167799861865536
1,2012-01-05,-0.3145552112510713
1,2012-01-06,-0.3147521782012674
1,2012-01-07,-0.31233165027896526
1,2012-01-08,-0.3077813594934238
1,2012-01-09,-0.3019340094764478
1,2012-01-10,-0.2957881083391586
1,2012-01-11,-0.2902783218182544
1,2012-01-12,-0.2860708656038228
1,2012-01-13,-0.2834508376431605
1,2012-01-14,-0.2823275856833199
1,2012-01-15,-0.28233378521430247
1,2012-01-16,-0.2829629250164557
1,2012-01-17,-0.2836936073407074
1,2012-01-18,-0.2840777440363632
1,2012-01-19,-0.2837994312028571
1,2012-01-20,-0.2827209747435761
1,2012-01-21,-0.28091872418159675
1,2012-01-22,-0.27869102938660956
1,2012-01-23,-0.2765125172081599
1,2012-01-24,-0.2749251460716474
1,2012-01-25,-0.27438890173826447
1,2012-01-26,-0.27514263219831475
1,2012-01-27,-0.2771304041399715
1,2012-01-28,-0.28002445304826795
1,2012-01-29,-0.2833350981873824
1,2012-01-30,-0.2865625028460521
1,2012-01-31,-0.2893317417387894
1,2012-02-01,-0.2914674471305231
1,2012-02-02,-0.29299327343696435
1,2012-02-03,-0.2940704030872466
1,2012-02-04,-0.29490579253537336
1,2012-02-05,-0.2956600051716112
1,2012-02-06,-0.29637646381162863
1,2012-02-07,-0.2969432657035294
1,2012-02-08,-0.29709063476929803
1,2012-02-09,-0.29642227453122405
1,2012-02-10,-0.29447569358264647
1,2012-02-11,-0.29080429473315694
1,2012-02-12,-0.28507228702787446
1,2012-02-13,-0.27715109736372434
1,2012-02-14,-0.2672019271030059
1,2012-02-15,-0.25572322993985774
1,2012-02-16,-0.24353750276358904
1,2012-02-17,-0.2316956829839043
1,2012-02-18,-0.22129507745461316
1,2012-02-19,-0.2132386151250999
1,2012-02-20,-0.2079980476340774
1,2012-02-21,-0.2054631444796825
1,2012-02-22,-0.20494592804529183
1,2012-02-23,-0.20536003415908063
1,2012-02-24,-0.20552513208836795
1,2012-02-25,-0.20448864294042926
1,2012-02-26,-0.2017408081435434
1,2012-02-27,-0.19723827260380877
1,2012-02-28,-0.19123181460893063
1,2012-02-29,-0.18398044570080202
1,2012-03-01,-0.1754894540834103
1,2012-03-02,-0.16540742250937546
1,2012-03-03,-0.1531550290482186
1,2012-03-04,-0.1382565920617089
1,2012-03-05,-0.1207437805940307
1,2012-03-06,-0.10144275022525813
1,2012-03-07,-0.08197641301907263
1,2012-03-08,-0.06441785210866732
1,2012-03-09,-0.05068281392068043
1,2012-03-10,-0.04188382135515819
1,2012-03-11,-0.03791361943208803
1,2012-03-12,-0.03745101793808498
1,2012-03-13,-0.03840994627679104
1,2012-03-14,-0.03866162756470231
1,2012-03-15,-0.036742089830119416
1,2012-03-16,-0.03226808955404226
1,2012-03-17,-0.025917505678313177
1,2012-03-18,-0.01902199201722727
1,2012-03-19,-0.01297311971259001
1,2012-03-20,-0.00869708798767967
1,2012-03-21,-0.0063857174513518265
1,2012-03-22,-0.0055330569546874755
1,2012-03-23,-0.005191480178125958
1,2012-03-24,-0.004291740113854353
1,2012-03-25,-0.0018907698887355897
1,2012-03-26,0.0027103724281559395
1,2012-03-27,0.009952400859152243
1,2012-03-28,0.02003711149770552
1,2012-03-29,0.0329214269921788
1,2012-03-30,0.04827509323429307
1,2012-03-31,0.06543725451268555
1,2012-04-01,0.08342543788464439
1,2012-04-02,0.10103239487462297
1,2012-04-03,0.11700669874678862
1,2012-04-04,0.13027377398736711
1,2012-04-05,0.14013386190578944
1,2012-04-06,0.14637834481939138
1,2012-04-07,0.1492921021747676
1,2012-04-08,0.14954691208795892
1,2012-04-09,0.14802610422226936
1,2012-04-10,0.14564153704172608
1,2012-04-11,0.14320015675997522
1,2012-04-12,0.14134964513950168
1,2012-04-13,0.14059274107058953
1,2012-04-14,0.14132756657922455
1,2012-04-15,0.14386467118362165
1,2012-04-16,0.14839430796727912
1,2012-04-17,0.1549161633145359
1,2012-04-18,0.16317531468681867
1,2012-04-19,0.17265341772519727
1,2012-04-20,0.18264027672002736
1,2012-04-21,0.19237227158407252
1,2012-04-22,0.20119126424846265
1,2012-04-23,0.20866849761200207
1,2012-04-24,0.2146548528702552
1,2012-04-25,0.21925117276734032
1,2012-04-26,0.22272381080885906
1,2012-04-27,0.2254063834313875
1,2012-04-28,0.22762453579551628
1,2012-04-29,0.22966102756998757
1,2012-04-30,0.23175367379672912
1,2012-05-01,0.2341006193087851
1,2012-05-02,0.23684307925533332
1,2012-05-03,0.24000617092511178
1,2012-05-04,0.24339956907436644
1,2012-05-05,0.24650378850840815
1,2012-05-06,0.24838554069424315
1,2012-05-07,0.24768736632143262
1,2012-05-08,0.24272258377386038
1,2012-05-09,0.2316806041103066
1,2012-05-10,0.2129216206805623
1,2012-05-11,0.18532069655753675
1,2012-05-12,0.14860849295886833
1,2012-05-13,0.10364436146144608
1,2012-05-14,0.052545626627392254
1,2012-05-15,-0.0014057396948573804
1,2012-05-16,-0.054130742478748085
1,2012-05-17,-0.1013808694793799
1,2012-05-18,-0.1395138243589857
1,2012-05-19,-0.16621895047182483
1,2012-05-20,-0.18096583113168357
1,2012-05-21,-0.18501105834796835
1,2012-05-22,-0.18094273346002035
1,2012-05-23,-0.17191305335442864
1,2012-05-24,-0.16083645011043238
1,2012-05-25,-0.1498411523882191
1,2012-05-26,-0.14014299841116698
1,2012-05-27,-0.1323079395582154
1,2012-05-28,-0.1266840280574109
1,2012-05-29,-0.12371456927634467
1,2012-05-30,-0.12393557389138393
1,2012-05-31,-0.12765885651507036
1,2012-06-01,-0.1345401392460209
1,2012-06-02,-0.14331292690914607
1,2012-06-03,-0.15189183527925051
1,2012-06-04,-0.1578619833865847
1,2012-06-05,-0.15917791278763654
1,2012-06-06,-0.1547966920273023
1,2012-06-07,-0.14500528790136755
1,2012-06-08,-0.1313408390622789
1,2012-06-09,-0.11616623868057431
1,2012-06-10,-0.10207757304580145
1,2012-06-11,-0.0913442024284442
1,2012-06-12,-0.08552584136635612
1,2012-06-13,-0.08531650109762681
1,2012-06-14,-0.09058205282041927
1,2012-06-15,-0.1005175901392855
1,2012-06-16,-0.1138553920799837
1,2012-06-17,-0.1290831514102469
1,2012-06-18,-0.14465764681505425
1,2012-06-19,-0.15920335986246026
1,2012-06-20,-0.17167125833621086
1,2012-06-21,-0.18142063627515864
1,2012-06-22,-0.1881976651525252
1,2012-06-23,-0.19202324620267244
1,2012-06-24,-0.19304986492062548
1,2012-06-25,-0.19146777233232076
1,2012-06-26,-0.18751349739182888
1,2012-06-27,-0.18156788363072035
1,2012-06-28,-0.17426698244144592
1,2012-06-29,-0.16653121323110145
1,2012-06-30,-0.1594606214194552
1,2012-07-01,-0.15412152419108294
1,2012-07-02,-0.15131440698388987
1,2012-07-03,-0.15142586211592604
1,2012-07-04,-0.15442346701614548
1,2012-07-05,-0.15998021715774005
1,2012-07-06,-0.16765588712630727
1,2012-07-07,-0.17704454657989316
1,2012-07-08,-0.18782587296062622
1,2012-07-09,-0.19971274514952705
1,2012-07-10,-0.2123412832673074
1,2012-07-11,-0.22517682483822224
1,2012-07-12,-0.2375006149956347
1,2012-07-13,-0.24850295200569922
1,2012-07-14,-0.25745755952960486
1,2012-07-15,-0.263911787266262
1,2012-07-16,-0.2678154360969276
1,2012-07-17,-0.2695325177260474
1,2012-07-18,-0.2697261876015746
1,2012-07-19,-0.2691556977566286
1,2012-07-20,-0.2684535991822071
1,2012-07-21,-0.26795002225314035
1,2012-07-22,-0.2675828857562758
1,2012-07-23,-0.2668970498775246
1,2012-07-24,-0.26511169016722874
1,2012-07-25,-0.26123263722110346
1,2012-07-26,-0.2541985882628946
1,2012-07-27,-0.24306104783811236
1,2012-07-28,-0.22719452627170078
1,2012-07-29,-0.20651441437491447
1,2012-07-30,-0.1816551667181671
1,2012-07-31,-0.15404532750961683
1,2012-08-01,-0.12582141072974923
1,2012-08-02,-0.09955481063223019
1,2012-08-03,-0.07782044907571442
1,2012-08-04,-0.06269650087732141
1,2012-08-05,-0.055325575941822955
1,2012-08-06,-0.05566563684088076
1,2012-08-07,-0.06250708557084605
1,2012-08-08,-0.07374847255716578
1,2012-08-09,-0.08684235434309387
1,2012-08-10,-0.09927781688006838
1,2012-08-11,-0.10897253402847507
1,2012-08-12,-0.11449753808244109
1,2012-08-13,-0.115125945522151
1,2012-08-14,-0.11075604284001674
1,2012-08-15,-0.10178449397385184
1,2012-08-16,-0.08899181517239971
1,2012-08-17,-0.073459148478464
1,2012-08-18,-0.05649299885925874
1,2012-08-19,-0.03951940833355949
1,2012-08-20,-0.023928851079832954
1,2012-08-21,-0.01089435826258681
1,2012-08-22,-0.001217487360824722
1,2012-08-23,0.004742051301685097
1,2012-08-24,0.007026196059810734
1,2012-08-25,0.005948443953799552
1,2012-08-26,0.0019336731802636678
1,2012-08-27,-0.004601548509241093
1,2012-08-28,-0.01328023696783105
1,2012-08-29,-0.023709032894086143
1,2012-08-30,-0.03538775409740119
1,2012-08-31,-0.04766177221468209
1,2012-09-01,-0.05977569904641574
1,2012-09-02,-0.07102900930526532
1,2012-09-03,-0.08096911705092653
1,2012-09-04,-0.0895273514776888
1,2012-09-05,-0.09702935061246828
1,2012-09-06,-0.10407994540577639
1,2012-09-07,-0.11138796746725589
1,2012-09-08,-0.11961389604630161
1,2012-09-09,-0.12928246008294864
1,2012-09-10,-0.14073796677753192
1,2012-09-11,-0.1540863686670084
1,2012-09-12,-0.1690954734627188
1,2012-09-13,-0.18509281109042872
1,2012-09-14,-0.2009521338939396
1,2012-09-15,-0.21524627052773815
1,2012-09-16,-0.22656305225669002
1,2012-09-17,-0.23388089852265037
1,2012-09-18,-0.23684670379029263
1,2012-09-19,-0.23582596740311354
1,2012-09-20,-0.2316916070952299
1,2012-09-21,-0.22543257274817266
1,2012-09-22,-0.21774108926366936
1,2012-09-23,-0.20874465955508975
1,2012-09-24,-0.19798707308554134
1,2012-09-25,-0.18466078446738232
1,2012-09-26,-0.16799447798674613
1,2012-09-27,-0.1476452531243727
1,2012-09-28,-0.12395560620929717
1,2012-09-29,-0.0980022332960832
1,2012-09-30,-0.07145139864378357
1,2012-10-01,-0.04629777361986669
1,2012-10-02,-0.0245755693043248
1,2012-10-03,-0.008096613930097488
1,2012-10-04,0.0017753071593166196
1,2012-10-05,0.0043253789371664134
1,2012-10-06,-3.411330945722436e-4
1,2012-10-07,-0.011201509350647516
1,2012-10-08,-0.02636287854274697
1,2012-10-09,-0.04331244139299287
1,2012-10-10,-0.059370094835961174
1,2012-10-11,-0.07225734913300194
1,2012-10-12,-0.08062228047143616
1,2012-10-13,-0.0843399750769494
1,2012-10-14,-0.08446478824743234
1,2012-10-15,-0.08283114240709062
1,2012-10-16,-0.0814348041461149
1,2012-10-17,-0.0818124205962207
1,2012-10-18,-0.084632012468841
1,2012-10-19,-0.089615254903802
1,2012-10-20,-0.09578038863295818
1,2012-10-21,-0.10188272161283417
1,2012-10-22,-0.10687686100694528
1,2012-10-23,-0.11023990298108303
1,2012-10-24,-0.11206031655443073
1,2012-10-25,-0.11288744870537733
1,2012-10-26,-0.11342340163044116
1,2012-10-27,-0.1141936373133505
1,2012-10-28,-0.11533557028296891
1,2012-10-29,-0.11658751978428901
1,2012-10-30,-0.11746833572643307
1,2012-10-31,-0.11754935929032206
1,2012-11-01,-0.1166802094847247
1,2012-11-02,-0.11505731833695149
1,2012-11-03,-0.11310574353905846
1,2012-11-04,-0.11124015980305667
1,2012-11-05,-0.10963347397252243
1,2012-11-06,-0.10812108720048998
1,2012-11-07,-0.10630608258986245
1,2012-11-08,-0.10383397544167455
1,2012-11-09,-0.10071949925996514
1,2012-11-10,-0.0975712677532104
1,2012-11-11,-0.09559043636526757
1,2012-11-12,-0.09630719614549962
1,2012-11-13,-0.10112653593061033
1,2012-11-14,-0.11083868973159401
1,2012-11-15,-0.12527154369131127
1,2012-11-16,-0.14321151235096552
1,2012-11-17,-0.16261929541079856
1,2012-11-18,-0.18106344029347618
1,2012-11-19,-0.19623277051503524
1,2012-11-20,-0.20638832663677015
1,2012-11-21,-0.21066238079152605
1,2012-11-22,-0.20917181919120056
1,2012-11-23,-0.20295554502116867
1,2012-11-24,-0.1937625529733102
1,2012-11-25,-0.1837230459269841
1,2012-11-26,-0.1749480539894939
1,2012-11-27,-0.16912798131572324
1,2012-11-28,-0.16722282541286707
1,2012-11-29,-0.16933246865827997
1,2012-11-30,-0.17479037539072453
1,2012-12-01,-0.1824500276373217
1,2012-12-02,-0.19106278988236486
1,2012-12-03,-0.1996152930801436
1,2012-12-04,-0.20752042839100193
1,2012-12-05,-0.2146255006976865
1,2012-12-06,-0.22107806382820278
1,2012-12-07,-0.22713610042922136
1,2012-12-08,-0.23300804896128252
1,2012-12-09,-0.23877004249324174
1,2012-12-10,-0.24436097650722713
1,2012-12-11,-0.24962619256586174
1,2012-12-12,-0.25437584094472937
1,2012-12-13,-0.2584367138652793
1,2012-12-14,-0.26169026721128213
1,2012-12-15,-0.2640951105278896
1,2012-12-16,-0.2656909634328935
1,2012-12-17,-0.26658086907820444
1,2012-12-18,-0.26689533406212324
1,2012-12-19,-0.26675327829593093
1,2012-12-20,-0.2662417587391104
1,2012-12-21,-0.26543063664058597
1,2012-12-22,-0.26442019337739214
1,2012-12-23,-0.26339822399094287
1,2012-12-24,-0.26267249448815944
1,2012-12-25,-0.26265208954007024
1,2012-12-26,-0.2637743992611067
1,2012-12-27,-0.2663994641474991
1,2012-12-28,-0.2707069341343588
1,2012-12-29,-0.27662699354846515
1,2012-12-30,-0.2838207129617532
1,2012-12-31,-0.28382077239968256
1,2013-01-01,-0.2917081906899977
1,2013-01-02,-0.29953354885371397
1,2013-01-03,-0.30645854084689556
1,2013-01-04,-0.31167853179519306
1,2013-01-05,-0.3145558151924175
1,2013-01-06,-0.31475288816751235
1,2013-01-07,-0.3123324585868629
1,2013-01-08,-0.30778222953999046
1,2013-01-09,-0.3019348943542725
1,2013-01-10,-0.29578897802325377
1,2013-01-11,-0.29027918754279924
1,2013-01-12,-0.28607174447491795
1,2013-01-13,-0.28345176042812015
1,2013-01-14,-0.28232862663652325
1,2013-01-15,-0.2823350282406841
1,2013-01-16,-0.2829644273252093
1,2013-01-17,-0.2836953703724814
1,2013-01-18,-0.28407976060541557
1,2013-01-19,-0.2838017787391811
1,2013-01-20,-0.2827237289731195
1,2013-01-21,-0.2809219404227964
1,2013-01-22,-0.27869468116567614
1,2013-01-23,-0.27651645827000326
1,2013-01-24,-0.27492919957008377
1,2013-01-25,-0.2743928839001706
1,2013-01-26,-0.2751463750654656
1,2013-01-27,-0.27713374548988756
1,2013-01-28,-0.28002731157839583
1,2013-01-29,-0.28333752561753184
1,2013-01-30,-0.2865645846012201
1,2013-01-31,-0.2893335952573541
1,2013-02-01,-0.29146912888264054
1,2013-02-02,-0.2929947188210275
1,2013-02-03,-0.29407161828848716
1,2013-02-04,-0.2949068382277161
1,2013-02-05,-0.29566096638181766
1,2013-02-06,-0.2963774022791443
1,2013-02-07,-0.2969441774685506
1,2013-02-08,-0.2970914905330413
1,2013-02-09,-0.29642304786520113
1,2013-02-10,-0.2944763675167642
1,2013-02-11,-0.29080488303137586
1,2013-02-12,-0.2850727965759868
1,2013-02-13,-0.27715151598615295
1,2013-02-14,-0.26720226589489515
1,2013-02-15,-0.2557235484523195
1,2013-02-16,-0.24353791992556698
1,2013-02-17,-0.2316962938202774
1,2013-02-18,-0.22129591589115918
1,2013-02-19,-0.21323966380502032
1,2013-02-20,-0.2079992127602484
1,2013-02-21,-0.20546427502369038
1,2013-02-22,-0.20494688891117582
1,2013-02-23,-0.20536070204793788
1,2013-02-24,-0.20552546078754294
1,2013-02-25,-0.20448861219667938
1,2013-02-26,-0.2017404117144577
1,2013-02-27,-0.19723754496193982
1,2013-02-28,-0.19123070318761376
1,2013-03-01,-0.18397887485432662
1,2013-03-02,-0.17548746204384552
1,2013-03-03,-0.16540514374689522
1,2013-03-04,-0.15315259713271673
1,2013-03-05,-0.13825409752921186
1,2013-03-06,-0.12074144333077873
1,2013-03-07,-0.10144083717523451
1,2013-03-08,-0.08197521994647096
1,2013-03-09,-0.06441763685802958
1,2013-03-10,-0.05068379983517887
1,2013-03-11,-0.04188611055013019
1,2013-03-12,-0.037917244859703915
1,2013-03-13,-0.03745604250978579
1,2013-03-14,-0.03841632499647678
1,2013-03-15,-0.038669166688041115
1,2013-03-16,-0.03675048312092727
1,2013-03-17,-0.032276868780115195
1,2013-03-18,-0.025926304612204482
1,2013-03-19,-0.01903044260859687
1,2013-03-20,-0.012980949367139102
1,2013-03-21,-0.008704172428570252
1,2013-03-22,-0.006391953143575824
1,2013-03-23,-0.005538385579004163
1,2013-03-24,-0.005195921909080699
1,2013-03-25,-0.004295403736639908
1,2013-03-26,-0.001893873368278655
1,2013-03-27,0.0027077505730967416
1,2013-03-28,0.009950243678768941
1,2013-03-29,0.02003535617227274
1,2013-03-30,0.03292000972841379
1,2013-03-31,0.048273927222035495
1,2013-04-01,0.06543628193787593
1,2013-04-02,0.08342464415699309
1,2013-04-03,0.10103183330971546
1,2013-04-04,0.11700641131043268
1,2013-04-05,0.13027374284632648
1,2013-04-06,0.1401340224501567
1,2013-04-07,0.14637865305046746
1,2013-04-08,0.14929256298592897
1,2013-04-09,0.1495475421357038
1,2013-04-10,0.1480269023066512
1,2013-04-11,0.14564249085020212
1,2013-04-12,0.14320124758200437
1,2013-04-13,0.141350843228522
1,2013-04-14,0.1405940243290199
1,2013-04-15,0.14132894321802097
1,2013-04-16,0.14386615971085184
1,2013-04-17,0.14839593015481495
1,2013-04-18,0.15491798393375644
1,2013-04-19,0.1631774384720273
1,2013-04-20,0.17265592077719513
1,2013-04-21,0.18264321569317007
1,2013-04-22,0.19237564997733228
1,2013-04-23,0.20119498765083302
1,2013-04-24,0.2086724089955412
1,2013-04-25,0.2146587723010018
1,2013-04-26,0.21925498283626316
1,2013-04-27,0.22272745628225468
1,2013-04-28,0.22540981701391535
1,2013-04-29,0.22762774540063632
1,2013-04-30,0.22966402323365795
1,2013-05-01,0.23175642105715194
1,2013-05-02,0.23410304623632486
1,2013-05-03,0.23684516062981537
1,2013-05-04,0.24000795103701458
1,2013-05-05,0.24340111396830671
1,2013-05-06,0.2465051973792253
1,2013-05-07,0.24838694165847552
1,2013-05-08,0.24768896308953092
1,2013-05-09,0.24272471169335094
1,2013-05-10,0.2316837637165882
1,2013-05-11,0.2129264043127639
1,2013-05-12,0.1853277182294173
1,2013-05-13,0.14861827021032778
1,2013-05-14,0.10365717170005884
1,2013-05-15,0.05256131813010977
1,2013-05-16,-0.0013874964897164065
1,2013-05-17,-0.05411022064790294
1,2013-05-18,-0.10135824179430764
1,2013-05-19,-0.13948927386725832
1,2013-05-20,-0.166192605450867
1,2013-05-21,-0.18093802688023744
1,2013-05-22,-0.1849825461524331
1,2013-05-23,-0.18091460474780105
1,2013-05-24,-0.17188612913024512
1,2013-05-25,-0.16081119164625254
1,2013-05-26,-0.1498177770113879
1,2013-05-27,-0.14012158047528983
1,2013-05-28,-0.13228856533605207
1,2013-05-29,-0.12666680811203257
1,2013-05-30,-0.12369971629111905
1,2013-05-31,-0.12392322494374387
1,2013-06-01,-0.12764900046824879
1,2013-06-02,-0.13453247187866582
1,2013-06-03,-0.14330699874152664
1,2013-06-04,-0.1518870718434232
1,2013-06-05,-0.15785789162159933
1,2013-06-06,-0.1591741304686171
1,2013-06-07,-0.15479304131827917
1,2013-06-08,-0.14500178119328655
1,2013-06-09,-0.13133752518325115
1,2013-06-10,-0.11616316866729345
1,2013-06-11,-0.1020748179596514
1,2013-06-12,-0.09134184444674488
1,2013-06-13,-0.08552395687580433
1,2013-06-14,-0.08531512086937379
1,2013-06-15,-0.0905811350391706
1,2013-06-16,-0.10051702540151457
1,2013-06-17,-0.11385502733451557
1,2013-06-18,-0.12908282078570077
1,2013-06-19,-0.1446572143567594
1,2013-06-20,-0.15920273291863485
1,2013-06-21,-0.17167038525728856
1,2013-06-22,-0.18141949201232507
1,2013-06-23,-0.18819622089497942
1,2013-06-24,-0.19202149908386074
1,2013-06-25,-0.1930478490139364
1,2013-06-26,-0.19146558022996896
1,2013-06-27,-0.18751127331924247
1,2013-06-28,-0.18156575989408688
1,2013-06-29,-0.1742650710858031
1,2013-06-30,-0.16652962638223737
1,2013-07-01,-0.1594593959760213
1,2013-07-02,-0.15412063027039058
1,2013-07-03,-0.15131379492666014
1,2013-07-04,-0.1514254628618365
1,2013-07-05,-0.1544231973255122
1,2013-07-06,-0.15998001866394224
1,2013-07-07,-0.1676557342664663
1,2013-07-08,-0.17704446666233026
1,2013-07-09,-0.18782589524354582
1,2013-07-10,-0.19971288885488817
1,2013-07-11,-0.21234151588111505
1,2013-07-12,-0.22517704955181
1,2013-07-13,-0.2375007087867971
1,2013-07-14,-0.24850281349375397
1,2013-07-15,-0.25745711129813376
1,2013-07-16,-0.26391100988532146
1,2013-07-17,-0.2678143221792834
1,2013-07-18,-0.269531082510543
1,2013-07-19,-0.2697244927008564
1,2013-07-20,-0.26915383677712507
1,2013-07-21,-0.2684516561062136
1,2013-07-22,-0.2679480405189199
1,2013-07-23,-0.26758084787128134
1,2013-07-24,-0.2668949025669219
1,2013-07-25,-0.2651093306212262
1,2013-07-26,-0.2612299190773434
1,2013-07-27,-0.25419536479058363
1,2013-07-28,-0.24305722854095738
1,2013-07-29,-0.22719007018906617
1,2013-07-30,-0.20650931937732284
1,2013-07-31,-0.18164945155587559
1,2013-08-01,-0.15403906550987384
1,2013-08-02,-0.12581467114801917
1,2013-08-03,-0.0995475402411775
1,2013-08-04,-0.07781250595472511
1,2013-08-05,-0.06268772422984707
1,2013-08-06,-0.05531580406450867
1,2013-08-07,-0.05565472859171497
1,2013-08-08,-0.062494895849656555
1,2013-08-09,-0.07373493164452966
1,2013-08-10,-0.08682755791661292
1,2013-08-11,-0.09926192902230142
1,2013-08-12,-0.10895574985249201
1,2013-08-13,-0.11448007153465786
1,2013-08-14,-0.11510789578836574
1,2013-08-15,-0.11073721916159832
1,2013-08-16,-0.10176469395286035
1,2013-08-17,-0.08897106059964063
1,2013-08-18,-0.07343766423195387
1,2013-08-19,-0.05647104010219339
1,2013-08-20,-0.039497203677969585
1,2013-08-21,-0.023906734968076323
1,2013-08-22,-0.010872803736005828
1,2013-08-23,-0.0011968743435259554
1,2013-08-24,0.0047614488568151585
1,2013-08-25,0.007044036140477052
1,2013-08-26,0.005964384763791419
1,2013-08-27,0.0019474150274173963
1,2013-08-28,-0.004590117882877617
1,2013-08-29,-0.013270999932292377
1,2013-08-30,-0.023701742401091998
1,2013-08-31,-0.03538207923343995
1,2013-09-01,-0.04765733398343297
1,2013-09-02,-0.05977223127285562
1,2013-09-03,-0.07102631536607244
1,2013-09-04,-0.08096707094187354
1,2013-09-05,-0.08952589678397499
1,2013-09-06,-0.09702845258997782
1,2013-09-07,-0.10407953849523567
1,2013-09-08,-0.11138796573709459
1,2013-09-09,-0.11961423959082237
1,2013-09-10,-0.1292831212004446
1,2013-09-11,-0.1407388757203849
1,2013-09-12,-0.1540874072766506
1,2013-09-13,-0.16909653279885112
1,2013-09-14,-0.18509379402018677
1,2013-09-15,-0.20095299271718742
1,2013-09-16,-0.2152470652789156
1,2013-09-17,-0.22656388583013715
1,2013-09-18,-0.23388186183786153
1,2013-09-19,-0.23684783351173488
1,2013-09-20,-0.23582726165036322
1,2013-09-21,-0.23169303846251632
1,2013-09-22,-0.22543415285806673
1,2013-09-23,-0.21774289396449692
1,2013-09-24,-0.20874681192750894
1,2013-09-25,-0.19798970124725737
1,2013-09-26,-0.1846639892778695
1,2013-09-27,-0.16799831927744793
1,2013-09-28,-0.14764976172266586
1,2013-09-29,-0.12396077454084768
1,2013-09-30,-0.09800808277561684
1,2013-10-01,-0.07145788863973737
1,2013-10-02,-0.04630476736561523
1,2013-10-03,-0.024582870019725322
1,2013-10-04,-0.00810397507211517
1,2013-10-05,0.0017681281060621086
1,2013-10-06,0.004318570616821897
1,2013-10-07,-3.475196069447419e-4
1,2013-10-08,-0.011207567598381596
1,2013-10-09,-0.026368730999523162
1,2013-10-10,-0.0433181637308976
1,2013-10-11,-0.05937570730423212
1,2013-10-12,-0.07226287493133182
1,2013-10-13,-0.08062775797377444
1,2013-10-14,-0.08434550104019119
1,2013-10-15,-0.08447042801463073
1,2013-10-16,-0.0828368631359307
1,2013-10-17,-0.08144054287710206
1,2013-10-18,-0.08181812322326075
1,2013-10-19,-0.0846376464652883
1,2013-10-20,-0.08962077092420549
1,2013-10-21,-0.09578581670516034
1,2013-10-22,-0.10188807345734782
1,2013-10-23,-0.10688219338052858
1,2013-10-24,-0.11024529389926882
1,2013-10-25,-0.11206580187424105
1,2013-10-26,-0.11289311286365322
1,2013-10-27,-0.11342925519069454
1,2013-10-28,-0.11419964870413686
1,2013-10-29,-0.11534163310277619
1,2013-10-30,-0.11659352327949353
1,2013-10-31,-0.11747419243037283
1,2013-11-01,-0.11755493520420324
1,2013-11-02,-0.1166853211346703
1,2013-11-03,-0.11506183243009914
1,2013-11-04,-0.11310959084529594
1,2013-11-05,-0.11124342553200199
1,2013-11-06,-0.10963629735882668
1,2013-11-07,-0.10812358671509999
1,2013-11-08,-0.10630832305535105
1,2013-11-09,-0.10383597590955285
1,2013-11-10,-0.10072126154429244
1,2013-11-11,-0.0975727420119233
1,2013-11-12,-0.09559158044913087
1,2013-11-13,-0.09630797820954932
1,2013-11-14,-0.10112693153680445
1,2013-11-15,-0.11083868402414018
1,2013-11-16,-0.1252711213779644
1,2013-11-17,-0.14321066770960028
1,2013-11-18,-0.16261801648231347
1,2013-11-19,-0.1810617423797253
1,2013-11-20,-0.19623070974936335
1,2013-11-21,-0.20638597201856076
1,2013-11-22,-0.21065982170705813
1,2013-11-23,-0.2091691555252087
1,2013-11-24,-0.20295286898037893
1,2013-11-25,-0.19375994407046396
1,2013-11-26,-0.1837205965512888
1,2013-11-27,-0.17494585455443068
1,2013-11-28,-0.16912605973613207
1,2013-11-29,-0.16722114715637237
1,2013-11-30,-0.1693309721161783
1,2013-12-01,-0.17478901226289112
1,2013-12-02,-0.18244874769510272
1,2013-12-03,-0.19106156988682835
1,2013-12-04,-0.19961416709901547
1,2013-12-05,-0.20751943420226832
1,2013-12-06,-0.21462465610682882
1,2013-12-07,-0.2210773652389844
1,2013-12-08,-0.22713552657091557
1,2013-12-09,-0.23300756008879678
1,2013-12-10,-0.23876959379837737
1,2013-12-11,-0.24436058689528037
1,2013-12-12,-0.2496258976448521
1,2013-12-13,-0.25437559627101697
1,2013-12-14,-0.25843643713461856
1,2013-12-15,-0.2616898625965592
1,2013-12-16,-0.2640944868696092
1,2013-12-17,-0.26569007855139964
1,2013-12-18,-0.26657971014994825
1,2013-12-19,-0.26689386981736773
1,2013-12-20,-0.2667514470802217
1,2013-12-21,-0.2662395105312037
1,2013-12-22,-0.265428009160045
1,2013-12-23,-0.26441724815719847
1,2013-12-24,-0.26339509409732637
1,2013-12-25,-0.2626692475297253
1,2013-12-26,-0.26264879790476087
1,2013-12-27,-0.263771141070917
1,2013-12-28,-0.2663962630015157
1,2013-12-29,-0.2707038105354755
1,2013-12-30,-0.27662391279385024
1,2013-12-31,-0.28381769082048713
1,2014-01-01,-0.2917051936057
1,2014-01-02,-0.2995306958054112
1,2014-01-03,-0.3064559808334626
1,2014-01-04,-0.311676375956415
1,2014-01-05,-0.3145540194941009
1,2014-01-06,-0.31475142275283047
1,2014-01-07,-0.31233128923983244
1,2014-01-08,-0.3077813415027093
1,2014-01-09,-0.30193428897281543
1,2014-01-10,-0.2957886325889695
1,2014-01-11,-0.2902790365008922
1,2014-01-12,-0.2860716941697834
1,2014-01-13,-0.28345172015358494
1,2014-01-14,-0.2823285230041491
1,2014-01-15,-0.28233481977060354
1,2014-01-16,-0.2829640918784142
1,2014-01-17,-0.2836949311355806
1,2014-01-18,-0.2840792429291296
1,2014-01-19,-0.2838012123208508
1,2014-01-20,-0.28272314625859696
1,2014-01-21,-0.28092137058174765
1,2014-01-22,-0.2786941637084751
1,2014-01-23,-0.2765160447711609
1,2014-01-24,-0.274928935888552
1,2014-01-25,-0.2743928069845569
1,2014-01-26,-0.27514650825170206
1,2014-01-27,-0.2771340711517652
1,2014-01-28,-0.280027743186121
1,2014-01-29,-0.2833379581719421
1,2014-01-30,-0.28656496043966984
1,2014-01-31,-0.2893338835928127
1,2014-02-01,-0.29146930728225035
1,2014-02-02,-0.29299478673547874
1,2014-02-03,-0.29407157017865376
1,2014-02-04,-0.29490666692672857
1,2014-02-05,-0.2956607053901744
1,2014-02-06,-0.29637715286402316
1,2014-02-07,-0.2969440384502971
1,2014-02-08,-0.29709152002037664
1,2014-02-09,-0.29642323042093155
1,2014-02-10,-0.2944766494584667
1,2014-02-11,-0.2908051761563115
1,2014-02-12,-0.2850730128542844
1,2014-02-13,-0.27715162644059216
1,2014-02-14,-0.2672022861001494
1,2014-02-15,-0.25572346797540807
1,2014-02-16,-0.24353769044880433
1,2014-02-17,-0.23169587310018822
1,2014-02-18,-0.22129533489151207
1,2014-02-19,-0.21323903719394535
1,2014-02-20,-0.20799872486204746
1,2014-02-21,-0.2054640479369717
1,2014-02-22,-0.20494708410348048
1,2014-02-23,-0.20536145978263431
1,2014-02-24,-0.20552685466095713
1,2014-02-25,-0.20449073672253842
1,2014-02-26,-0.201743355581854
1,2014-02-27,-0.19724132848815168
1,2014-02-28,-0.19123537318395484
1,2014-03-01,-0.18398446962090625
1,2014-03-02,-0.1754938596843124
1,2014-03-03,-0.16541207585918077
1,2014-03-04,-0.1531596970995408
1,2014-03-05,-0.13826099231007688
1,2014-03-06,-0.12074763024929185
1,2014-03-07,-0.10144577793164174
1,2014-03-08,-0.081978529136998
1,2014-03-09,-0.06441916321885928
1,2014-03-10,-0.05068358032236144
1,2014-03-11,-0.04188434843062984
1,2014-03-12,-0.03791425423143155
1,2014-03-13,-0.03745223461802237
1,2014-03-14,-0.03841218118829541
1,2014-03-15,-0.03866509412285325
1,2014-03-16,-0.03674690005637085
1,2014-03-17,-0.03227426064578877
1,2014-03-18,-0.02592499804548266
1,2014-03-19,-0.019030488896243074
1,2014-03-20,-0.012982173575582076
1,2014-03-21,-0.008706256795878047
1,2014-03-22,-0.006394633620548572
1,2014-03-23,-0.005541494601846498
1,2014-03-24,-0.005199330853230274
1,2014-03-25,-0.004298907058413495
1,2014-03-26,-0.0018972552104594901
1,2014-03-27,0.0027045733835138635
1,2014-03-28,0.009947289859350202
1,2014-03-29,0.02003261630976059
1,2014-03-30,0.03291748860317985
1,2014-03-31,0.04827172304432584
1,2014-04-01,0.06543449448195045
1,2014-04-02,0.0834233311348031
1,2014-04-03,0.10103095069712316
1,2014-04-04,0.11700584301182058
1,2014-04-05,0.13027339653664102
1,2014-04-06,0.14013383653352746
1,2014-04-07,0.14637858474393592
1,2014-04-08,0.14929258333863574
1,2014-04-09,0.1495476278110918
1,2014-04-10,0.1480270425409904
1,2014-04-11,0.14564267738029935
1,2014-04-12,0.14320144758907855
1,2014-04-13,0.1413510223115092
1,2014-04-14,0.14059417807996538
1,2014-04-15,0.1413290712160535
1,2014-04-16,0.14386625766002004
1,2014-04-17,0.1483959992915001
1,2014-04-18,0.1549180073608361
1,2014-04-19,0.16317734121173788
1,2014-04-20,0.17265562474914672
1,2014-04-21,0.18264265138176444
1,2014-04-22,0.192374782464819
1,2014-04-23,0.20119384073282284
1,2014-04-24,0.20867103419667427
1,2014-04-25,0.21465724338360406
1,2014-04-26,0.21925334146467385
1,2014-04-27,0.22272568488947006
1,2014-04-28,0.22540791994726295
1,2014-04-29,0.2276257760968099
1,2014-04-30,0.22966205309535548
1,2014-05-01,0.2317544801039154
1,2014-05-02,0.23410115232628376
1,2014-05-03,0.23684331683230442
1,2014-05-04,0.2400061699453109
1,2014-05-05,0.24339940823221998
1,2014-05-06,0.24650356125988887
1,2014-05-07,0.248385328843765
1,2014-05-08,0.24768728687974026
1,2014-05-09,0.2427227894702421
1,2014-05-10,0.23168128664123597
1,2014-05-11,0.21292303333073725
1,2014-05-12,0.1853231352877334
1,2014-05-13,0.14861219977652199
1,2014-05-14,0.10364946307434271
1,2014-05-15,0.0525522812856229
1,2014-05-16,-0.0013973593400403068
1,2014-05-17,-0.0541207551245574
1,2014-05-18,-0.10136962223938203
1,2014-05-19,-0.1395018657080188
1,2014-05-20,-0.16620685508984528
1,2014-05-21,-0.18095389743008722
1,2014-05-22,-0.1849995687937799
1,2014-05-23,-0.18093189096576712
1,2014-05-24,-0.17190320239360568
1,2014-05-25,-0.16082783455413618
1,2014-05-26,-0.14983390760388998
1,2014-05-27,-0.14013707854347665
1,2014-05-28,-0.13230313852341155
1,2014-05-29,-0.12668006231131507
1,2014-05-30,-0.12371130047114001
1,2014-05-31,-0.12393288629589433
1,2014-06-01,-0.1276565869614323
1,2014-06-02,-0.13453810295977076
1,2014-06-03,-0.14331093476665108
1,2014-06-04,-0.15188974732227833
1,2014-06-05,-0.15785974206064587
1,2014-06-06,-0.15917549503935816
1,2014-06-07,-0.1547940689436556
1,2014-06-08,-0.14500246629667882
1,2014-06-09,-0.13133780360512137
1,2014-06-10,-0.1161629660115147
1,2014-06-11,-0.10207406602753415
1,2014-06-12,-0.09134048024002255
1,2014-06-13,-0.0855219189186609
1,2014-06-14,-0.08531243252970601
1,2014-06-15,-0.09057789265527166
1,2014-06-16,-0.10051336620447737
1,2014-06-17,-0.11385112437204793
1,2014-06-18,-0.1290788615850063
1,2014-06-19,-0.14465337908161646
1,2014-06-20,-0.15919915893035666
1,2014-06-21,-0.17166716083403347
1,2014-06-22,-0.181416689539398
1,2014-06-23,-0.18819387088523865
1,2014-06-24,-0.19201953869613184
1,2014-06-25,-0.19304615957370244
1,2014-06-26,-0.1914640240372852
1,2014-06-27,-0.18750974039146223
1,2014-06-28,-0.18156422570227468
1,2014-06-29,-0.17426359600292618
1,2014-06-30,-0.16652831605089038
1,2014-07-01,-0.15945843379138677
1,2014-07-02,-0.15412010176444915
1,2014-07-03,-0.15131369714211046
1,2014-07-04,-0.15142579903749712
1,2014-07-05,-0.1544239670387232
1,2014-07-06,-0.15998121270456214
1,2014-07-07,-0.16765734328412935
1,2014-07-08,-0.17704641209769215
1,2014-07-09,-0.18782801318002235
1,2014-07-10,-0.19971495539291692
1,2014-07-11,-0.21234328920692255
1,2014-07-12,-0.2251783288708919
1,2014-07-13,-0.2375013558051464
1,2014-07-14,-0.2485027151237017
1,2014-07-15,-0.2574562427167741
1,2014-07-16,-0.2639094275780008
1,2014-07-17,-0.2678121334541612
1,2014-07-18,-0.2695284244996244
1,2014-07-19,-0.2697215232347922
1,2014-07-20,-0.2691507003733105
1,2014-07-21,-0.26844850350111465
1,2014-07-22,-0.267944985531011
1,2014-07-23,-0.2675779455265927
1,2014-07-24,-0.2668921153650106
1,2014-07-25,-0.2651065526172611
1,2014-07-26,-0.2612270579564804
1,2014-07-27,-0.25419235245013144
1,2014-07-28,-0.2430539642690799
1,2014-07-29,-0.22718640831200942
1,2014-07-30,-0.20650514793563673
1,2014-07-31,-0.18164467683975807
1,2014-08-01,-0.15403363033950065
1,2014-08-02,-0.12580857811848717
1,2014-08-03,-0.09954093825735977
1,2014-08-04,-0.07780565025206095
1,2014-08-05,-0.0626809446432225
1,2014-08-06,-0.055309421007982154
1,2014-08-07,-0.05564897567436117
1,2014-08-08,-0.062489858324253154
1,2014-08-09,-0.0737305143230006
1,2014-08-10,-0.08682352980979989
1,2014-08-11,-0.09925810356219385
1,2014-08-12,-0.10895205763777165
1,2014-08-13,-0.11447647314555545
1,2014-08-14,-0.11510455109339793
1,2014-08-15,-0.11073443680536335
1,2014-08-16,-0.10176282976087576
1,2014-08-17,-0.08897024696936791
1,2014-08-18,-0.07343773581718713
1,2014-08-19,-0.05647162361771362
1,2014-08-20,-0.03949792003178021
1,2014-08-21,-0.02390735095106641
1,2014-08-22,-0.010873290041459314
1,2014-08-23,-0.0011972364600909982
1,2014-08-24,0.0047611751180768784
1,2014-08-25,0.007043801873269125
1,2014-08-26,0.005964171919208634
1,2014-08-27,0.0019472333695174616
1,2014-08-28,-0.004590311929256261
1,2014-08-29,-0.013271371624990175
1,2014-08-30,-0.023702399854825477
1,2014-08-31,-0.03538304629122595
1,2014-09-01,-0.04765855491245561
1,2014-09-02,-0.059773517382788265
1,2014-09-03,-0.07102740112764194
1,2014-09-04,-0.08096766869142742
1,2014-09-05,-0.08952571495963373
1,2014-09-06,-0.09702726225485828
1,2014-09-07,-0.10407721975928318
1,2014-09-08,-0.11138451543151641
1,2014-09-09,-0.1196097388286748
1,2014-09-10,-0.12927773560242306
1,2014-09-11,-0.1407328699018479
1,2014-09-12,-0.15408116465465996
1,2014-09-13,-0.16909046011360548
1,2014-09-14,-0.185088224869392
1,2014-09-15,-0.20094809766532845
1,2014-09-16,-0.21524284932122517
1,2014-09-17,-0.22656028348818585
1,2014-09-18,-0.23387880397400146
1,2014-09-19,-0.2368452348385229
1,2014-09-20,-0.23582503061232482
1,2014-09-21,-0.2316910698423833
1,2014-09-22,-0.22543230391210053
1,2014-09-23,-0.21774099373129732
1,2014-09-24,-0.2087447278838868
1,2014-09-25,-0.1979873883552134
1,2014-09-26,-0.18466146838905045
1,2014-09-27,-0.167995642016277
1,2014-09-28,-0.14764700716761364
1,2014-09-29,-0.12395807182272088
1,2014-09-30,-0.09800562128083146
1,2014-10-01,-0.07145588332864844
1,2014-10-02,-0.046303371866588484
1,2014-10-03,-0.024582150897006976
1,2014-10-04,-0.008103951657100842
1,2014-10-05,0.0017674639474648502
1,2014-10-06,0.004317281850874217
1,2014-10-07,-3.491960411738229e-4
1,2014-10-08,-0.01120933625971273
1,2014-10-09,-0.026370409463883387
1,2014-10-10,-0.04331969792049358
1,2014-10-11,-0.05937713603182915
1,2014-10-12,-0.07226420330534385
1,2014-10-13,-0.0806289422585246
1,2014-10-14,-0.08434644481298398
1,2014-10-15,-0.08447103282761263
1,2014-10-16,-0.08283708258755337
1,2014-10-17,-0.08144035867711591
1,2014-10-18,-0.08181756593190265
1,2014-10-19,-0.08463679733458467
1,2014-10-20,-0.08961967858297645
1,2014-10-21,-0.09578442154679404
1,2014-10-22,-0.10188633686818786
1,2014-10-23,-0.10688014145053192
1,2014-10-24,-0.1102430057993027
1,2014-10-25,-0.11206343410306009
1,2014-10-26,-0.11289085441435828
1,2014-10-27,-0.11342725532390763
1,2014-10-28,-0.11419798198101065
1,2014-10-29,-0.11534033166685231
1,2014-10-30,-0.11659258468379653
1,2014-10-31,-0.11747355957774923
1,2014-11-01,-0.1175545966499883
1,2014-11-02,-0.11668535298032104
1,2014-11-03,-0.1150623156698742
1,2014-11-04,-0.11311056446788961
1,2014-11-05,-0.11124479472619234
1,2014-11-06,-0.10963792789889841
1,2014-11-07,-0.10812537414433875
1,2014-11-08,-0.10631019403269941
1,2014-11-09,-0.1038378418820659
1,2014-11-10,-0.10072302908550101
1,2014-11-11,-0.09757431882881677
1,2014-11-12,-0.0955929179944487
1,2014-11-13,-0.09630908229129753
1,2014-11-14,-0.10112783532625427
1,2014-11-15,-0.11083946384864894
1,2014-11-16,-0.12527189780449582
1,2014-11-17,-0.14321155713791853
1,2014-11-18,-0.16261911966594791
1,2014-11-19,-0.1810630994036103
1,2014-11-20,-0.19623230850756332
1,2014-11-21,-0.20638778146235318
1,2014-11-22,-0.21066178128994967
1,2014-11-23,-0.2091711718999188
1,2014-11-24,-0.2029548241082842
1,2014-11-25,-0.19376171677684534
1,2014-11-26,-0.18372208931584424
1,2014-11-27,-0.1749470048621674
1,2014-11-28,-0.16912684612425063
1,2014-11-29,-0.16722156898118612
1,2014-11-30,-0.16933104230316548
1,2014-12-01,-0.17478871757049258
1,2014-12-02,-0.18244803952546373
1,2014-12-03,-0.19106039184099016
1,2014-12-04,-0.199612513947807
1,2014-12-05,-0.20751732713402238
1,2014-12-06,-0.21462217927018937
1,2014-12-07,-0.22107465559606143
1,2014-12-08,-0.22713278525019087
1,2014-12-09,-0.23300492302590192
1,2014-12-10,-0.23876716089821295
1,2014-12-11,-0.24435850708506027
1,2014-12-12,-0.24962424690160886
1,2014-12-13,-0.25437442108623615
1,2014-12-14,-0.25843578985899957
1,2014-12-15,-0.26168975295650465
1,2014-12-16,-0.2640948988523026
1,2014-12-17,-0.2656909407856986
1,2014-12-18,-0.2665809595248744
1,2014-12-19,-0.26689548960678405
1,2014-12-20,-0.26675346414508866
1,2014-12-21,-0.2662419334870219
1,2014-12-22,-0.2654307825442658
1,2014-12-23,-0.26442034602212394
1,2014-12-24,-0.2633984424532799
1,2014-12-25,-0.26267278344011896
1,2014-12-26,-0.2626524412201665
1,2014-12-27,-0.2637748012646048
1,2014-12-28,-0.26639990747211517
1,2014-12-29,-0.27070740052704884
1,2014-12-30,-0.2766274427287706
1,2014-12-31,-0.2838211010851899
1,2015-01-01,-0.2917084177387473
1,2015-01-02,-0.29953368050088197
1,2015-01-03,-0.3064586045149432
1,2015-01-04,-0.3116785511845312
1,2015-01-05,-0.3145557927172297
1,2015-01-06,-0.31475284007438986
1,2015-01-07,-0.312332403522788
1,2015-01-08,-0.30778217049377316
1,2015-01-09,-0.30193483091784473
1,2015-01-10,-0.29578890995015517
1,2015-01-11,-0.2902791211096206
1,2015-01-12,-0.2860717055841283
1,2015-01-13,-0.2834517365387585
1,2015-01-14,-0.2823285842452446
1,2015-01-15,-0.2823349647280301
1,2015-01-16,-0.2829643522975699
1,2015-01-17,-0.2836952983522145
1,2015-01-18,-0.2840797048031103
1,2015-01-19,-0.2838017397149946
1,2015-01-20,-0.2827237117360146
1,2015-01-21,-0.2809219399764307
1,2015-01-22,-0.2786946845015677
1,2015-01-23,-0.27651646704378063
1,2015-01-24,-0.27492922246274365
1,2015-01-25,-0.27439294869579844
1,2015-01-26,-0.2751465325732018
1,2015-01-27,-0.27713401816246075
1,2015-01-28,-0.28002764332583674
1,2015-01-29,-0.2833378580404469
1,2015-01-30,-0.2865648938375419
1,2015-01-31,-0.28933387732343857
1,2015-02-01,-0.29146939677430783
1,2015-02-02,-0.2929949911182142
1,2015-02-03,-0.2940719139387355
1,2015-02-04,-0.2949071469785148
1,2015-02-05,-0.29566126448440405
1,2015-02-06,-0.29637768863306097
1,2015-02-07,-0.29694447347652275
1,2015-02-08,-0.2970918162351052
1,2015-02-09,-0.2964234037133545
1,2015-02-10,-0.2944767228943072
1,2015-02-11,-0.2908051690915938
1,2015-02-12,-0.28507296093672835
1,2015-02-13,-0.27715157994514167
1,2015-02-14,-0.26720231969137576
1,2015-02-15,-0.25572365263175917
1,2015-02-16,-0.2435380530847034
1,2015-02-17,-0.23169643289203865
1,2015-02-18,-0.22129606514995653
1,2015-02-19,-0.2132398438579156
1,2015-02-20,-0.207999497712661
1,2015-02-21,-0.20546473017071504
1,2015-02-22,-0.20494754079185246
1,2015-02-23,-0.20536156287042492
1,2015-02-24,-0.20552647941876204
1,2015-02-25,-0.20448977021810255
1,2015-02-26,-0.20174169135128153
1,2015-02-27,-0.19723892131028128
1,2015-02-28,-0.1912321546274814
1,2015-03-01,-0.18398034868738847
1,2015-03-02,-0.17548888882659228
1,2015-03-03,-0.1654064960969368
1,2015-03-04,-0.15315381086321259
1,2015-03-05,-0.13825524138671086
1,2015-03-06,-0.12074250450245105
1,2015-03-07,-0.10144175767938597
1,2015-03-08,-0.08197609652309996
1,2015-03-09,-0.064418641832604
1,2015-03-10,-0.05068523849381888
1,2015-03-11,-0.041888197635487186
1,2015-03-12,-0.037920037173851645
1,2015-03-13,-0.03745946102311737
1,2015-03-14,-0.03842038479750825
1,2015-03-15,-0.03867390821131199
1,2015-03-16,-0.03675577825612055
1,2015-03-17,-0.03228242517148526
1,2015-03-18,-0.025931919016356556
1,2015-03-19,-0.019035967059286157
1,2015-03-20,-0.012986361764864934
1,2015-03-21,-0.008709450802461655
1,2015-03-22,-0.006397075794508
1,2015-03-23,-0.005543399569059405
1,2015-03-24,-0.005200840967037646
1,2015-03-25,-0.004300214451206344
1,2015-03-26,-0.0018984826355452373
1,2015-03-27,0.002703397753479692
1,2015-03-28,0.009946255946243373
1,2015-03-29,0.020031837853717895
1,2015-03-30,0.032917022866912
1,2015-03-31,0.048271499509545415
1,2015-04-01,0.0654344285436278
1,2015-04-02,0.08342334435165254
1,2015-04-03,0.10103101580353313
1,2015-04-04,0.11700596046423775
1,2015-04-05,0.1302735586064981
1,2015-04-06,0.140134023935833
1,2015-04-07,0.14637875063723724
1,2015-04-08,0.14929268082181463
1,2015-04-09,0.14954763691793374
1,2015-04-10,0.14802697486114666
1,2015-04-11,0.14564254882522967
1,2015-04-12,0.143201274957884
1,2015-04-13,0.1413508245838373
1,2015-04-14,0.14059394526413285
1,2015-04-15,0.14132877963159837
1,2015-04-16,0.14386588541004044
1,2015-04-17,0.1483955164046167
1,2015-04-18,0.15491739388490192
1,2015-04-19,0.16317664604757742
1,2015-04-20,0.17265488329562736
1,2015-04-21,0.18264185901361968
1,2015-04-22,0.19237387942834774
1,2015-04-23,0.20119279686798927
1,2015-04-24,0.208669855649009
1,2015-04-25,0.21465596068008927
1,2015-04-26,0.2192520152322236
1,2015-04-27,0.22272440109275865
1,2015-04-28,0.22540670920077419
1,2015-04-29,0.2276246641766344
1,2015-04-30,0.22966104945359095
1,2015-05-01,0.23175358911901353
1,2015-05-02,0.23410035089586262
1,2015-05-03,0.23684256944640383
1,2015-05-04,0.24000546931197744
1,2015-05-05,0.2433987644082362
1,2015-05-06,0.24650299189107405
1,2015-05-07,0.2483848015347768
1,2015-05-08,0.24768673917919992
1,2015-05-09,0.24272213253656463
1,2015-05-10,0.23168043121972756
1,2015-05-11,0.2129219926192931
1,2015-05-12,0.18532205620440853
1,2015-05-13,0.14861127648398423
1,2015-05-14,0.10364893730677864
1,2015-05-15,0.05255227261903034
1,2015-05-16,-0.0013968029826314106
1,2015-05-17,-0.054119540221325986
1,2015-05-18,-0.10136776706589193
1,2015-05-19,-0.13949941523800155
1,2015-05-20,-0.16620380804056803
1,2015-05-21,-0.18095025001645293
1,2015-05-22,-0.1849953939795083
1,2015-05-23,-0.18092722022824728
1,2015-05-24,-0.17189790673994362
1,2015-05-25,-0.1608219954829884
1,2015-05-26,-0.14982767721579282
1,2015-05-27,-0.14013053449027976
1,2015-05-28,-0.13229649284036124
1,2015-05-29,-0.1266735785457793
1,2015-05-30,-0.12370524709075645
1,2015-05-31,-0.12392739671209933
1,2015-06-01,-0.12765167499655145
1,2015-06-02,-0.13453373986169526
1,2015-06-03,-0.1433070758992813
1,2015-06-04,-0.1518863635641927
1,2015-06-05,-0.1578567988165204
1,2015-06-06,-0.15917299862237375
1,2015-06-07,-0.15479204679838418
1,2015-06-08,-0.14500091789672073
1,2015-06-09,-0.13133674576521634
1,2015-06-10,-0.11616242527526231
1,2015-06-11,-0.10207403889581414
1,2015-06-12,-0.09134095248963094
1,2015-06-13,-0.08552288836586902
1,2015-06-14,-0.0853138938705675
1,2015-06-15,-0.09057981421221233
1,2015-06-16,-0.10051568220032704
1,2015-06-17,-0.11385373575448592
1,2015-06-18,-0.12908168403433032
1,2015-06-19,-0.14465631446061902
1,2015-06-20,-0.15920210963747874
1,2015-06-21,-0.17167001047704014
1,2015-06-22,-0.18141925270293358
1,2015-06-23,-0.18819594589425925
1,2015-06-24,-0.1920210203211956
1,2015-06-25,-0.19304701311534211
1,2015-06-26,-0.1914642476025842
1,2015-06-27,-0.1875093846903531
1,2015-06-28,-0.1815634007664444
1,2015-06-29,-0.17426239554535172
1,2015-06-30,-0.1665268223993296
1,2015-07-01,-0.15945671617881224
1,2015-07-02,-0.15411832187088048
1,2015-07-03,-0.15131198761408932
1,2015-07-04,-0.15142421986208338
1,2015-07-05,-0.154422553930959
1,2015-07-06,-0.15998000258686149
1,2015-07-07,-0.1676563283809946
1,2015-07-08,-0.17704554668779438
1,2015-07-09,-0.18782730895971148
1,2015-07-10,-0.19971445613448463
1,2015-07-11,-0.2123430401515733
1,2015-07-12,-0.22517839065156814
1,2015-07-13,-0.23750179215926398
1,2015-07-14,-0.24850359589714674
1,2015-07-15,-0.2574576038408863
1,2015-07-16,-0.2639112838776028
1,2015-07-17,-0.26781449801817636
1,2015-07-18,-0.26953127249711933
1,2015-07-19,-0.2697247399651086
1,2015-07-20,-0.2691541093002102
1,2015-07-21,-0.2684519055328907
1,2015-07-22,-0.26794821851785566
1,2015-07-23,-0.2675809364981422
1,2015-07-24,-0.2668948985571122
1,2015-07-25,-0.26510926677765717
1,2015-07-26,-0.26122991351447566
1,2015-07-27,-0.25419555645891984
1,2015-07-28,-0.24305770664712673
1,2015-07-29,-0.2271908888370837
1,2015-07-30,-0.2065105048069018
1,2015-07-31,-0.18165099180988883
1,2015-08-01,-0.15404093508359784
1,2015-08-02,-0.12581685599737785
1,2015-08-03,-0.09955007417898319
1,2015-08-04,-0.07781543689436708
1,2015-08-05,-0.06269116263687412
1,2015-08-06,-0.05531995331936244
1,2015-08-07,-0.05565977797129984
1,2015-08-08,-0.06250095924064827
1,2015-08-09,-0.07374200629333054
1,2015-08-10,-0.08683558765095414
1,2015-08-11,-0.0992709186815997
1,2015-08-12,-0.10896574272512223
1,2015-08-13,-0.11449094460442771
1,2015-08-14,-0.1151194321366267
1,2015-08-15,-0.11074927619316877
1,2015-08-16,-0.10177717678102391
1,2015-08-17,-0.08898373631060809
1,2015-08-18,-0.07345020316335907
1,2015-08-19,-0.0564831987680078
1,2015-08-20,-0.039508853914683936
1,2015-08-21,-0.02391776388885978
1,2015-08-22,-0.010883128468036433
1,2015-08-23,-0.0012064341397463058
1,2015-08-24,0.00475263230985347
1,2015-08-25,0.007035974569731058
1,2015-08-26,0.005957112163340538
1,2015-08-27,0.0019409555705178605
1,2015-08-28,-0.0045958311037579405
1,2015-08-29,-0.013276145774241237
1,2015-08-30,-0.02370648158618377
1,2015-08-31,-0.03538650962349084
1,2015-09-01,-0.04766148773011607
1,2015-09-02,-0.059776016728148196
1,2015-09-03,-0.07102960581792463
1,2015-09-04,-0.08096975242097222
1,2015-09-05,-0.08952792761428237
1,2015-09-06,-0.09702988406149712
1,2015-09-07,-0.10408052116492202
1,2015-09-08,-0.11138870315629384
1,2015-09-09,-0.11961490914146489
1,2015-09-10,-0.12928384457918216
1,2015-09-11,-0.1407397201180751
1,2015-09-12,-0.15408843299868194
1,2015-09-13,-0.16909778972555184
1,2015-09-14,-0.18509527217306737
1,2015-09-15,-0.20095461035431142
1,2015-09-16,-0.21524868597364774
1,2015-09-17,-0.22656535980485767
1,2015-09-18,-0.2338830810785887
1,2015-09-19,-0.23684876399646157
1,2015-09-20,-0.23582792497064442
1,2015-09-21,-0.23169348227506864
1,2015-09-22,-0.22543441417895527
1,2015-09-23,-0.21774299127351385
1,2015-09-24,-0.20874675075859353
1,2015-09-25,-0.1979894830995267
1,2015-09-26,-0.18466362342210427
1,2015-09-27,-0.16799782262724738
1,2015-09-28,-0.14764915321820565
1,2015-09-29,-0.12396007773538222
1,2015-09-30,-0.09800732340243465
1,2015-10-01,-0.0714570929826563
1,2015-10-02,-0.046303987690445816
1,2015-10-03,-0.024582123605946235
1,2015-10-04,-0.008103238238771265
1,2015-10-05,0.0017688463752293852
1,2015-10-06,0.004319241284716193
1,2015-10-07,-3.468837085536723e-4
1,2015-10-08,-0.011206850432005892
1,2015-10-09,-0.02636781993148721
1,2015-10-10,-0.04331696873707764
1,2015-10-11,-0.05937422596313526
1,2015-10-12,-0.0722611678331043
1,2015-10-13,-0.08062589707060422
1,2015-10-14,-0.08434345440784381
1,2015-10-15,-0.08446819660936372
1,2015-10-16,-0.0828345223098746
1,2015-10-17,-0.08143813691005011
1,2015-10-18,-0.08181567288393868
1,2015-10-19,-0.08463516470442813
1,2015-10-20,-0.08961831910385375
1,2015-10-21,-0.09578343294484236
1,2015-10-22,-0.10188577962206377
1,2015-10-23,-0.10687996954944363
1,2015-10-24,-0.1102431393372621
1,2015-10-25,-0.11206374419534601
1,2015-10-26,-0.11289108279376518
1,2015-10-27,-0.11342716537895796
1,2015-10-28,-0.11419749003942158
1,2015-10-29,-0.11533937018015843
1,2015-10-30,-0.11659112030752303
1,2015-10-31,-0.11747161335053345
1,2015-11-01,-0.11755223215759761
1,2015-11-02,-0.11668259473666405
1,2015-11-03,-0.1150591566488848
1,2015-11-04,-0.1131070462150846
1,2015-11-05,-0.11124105507372657
1,2015-11-06,-0.1096341236027253
1,2015-11-07,-0.10812160001912903
1,2015-11-08,-0.10630651527150957
1,2015-11-09,-0.10383439591997659
1,2015-11-10,-0.10071994338916253
1,2015-11-11,-0.09757163347639945
1,2015-11-12,-0.09559063860476352
1,2015-11-13,-0.0963071833288756
1,2015-11-14,-0.10112627188403536
1,2015-11-15,-0.11083818100468351
1,2015-11-16,-0.125270824328936
1,2015-11-17,-0.1432106427844073
1,2015-11-18,-0.16261833661457997
1,2015-11-19,-0.18106242364830988
1,2015-11-20,-0.19623169322920977
1,2015-11-21,-0.2063871600764467
1,2015-11-22,-0.21066108455966334
1,2015-11-23,-0.20917037493361723
1,2015-11-24,-0.20295398720913804
1,2015-11-25,-0.19376090349108757
1,2015-11-26,-0.18372136155901403
1,2015-11-27,-0.17494639982551322
1,2015-11-28,-0.1691263779607623
1,2015-11-29,-0.16722127987549243
1,2015-11-30,-0.16933099633462323
1,2015-12-01,-0.17478901632077684
1,2015-12-02,-0.18244881919274786
1,2015-12-03,-0.19106178169661545
1,2015-12-04,-0.19961453659693512
1,2015-12-05,-0.2075199480786151
1,2015-12-06,-0.21462526877200852
1,2015-12-07,-0.2210780515991559
1,2015-12-08,-0.22713627500123987
1,2015-12-09,-0.2330083763425615
1,2015-12-10,-0.23877048137550894
1,2015-12-11,-0.2443615143419825
1,2015-12-12,-0.24962682777785108
1,2015-12-13,-0.2543765659031335
1,2015-12-14,-0.2584374966683372
1,2015-12-15,-0.26169107269335334
1,2015-12-16,-0.26409591124504633
1,2015-12-17,-0.2656917325421593
1,2015-12-18,-0.26658159327489256
1,2015-12-19,-0.2668960034131401
1,2015-12-20,-0.26675388272414824
1,2015-12-21,-0.2662422937125037
1,2015-12-22,-0.2654311138345356
1,2015-12-23,-0.26442064484204025
1,2015-12-24,-0.2633986907740715
1,2015-12-25,-0.2626729839184836
1,2015-12-26,-0.26265257668828423
1,2015-12-27,-0.2637748418541229
1,2015-12-28,-0.26639980842820155
1,2015-12-29,-0.27070713562249404
1,2015-12-30,-0.2766270363766192
1,2015-12-31,-0.2838206188641788
1,2016-01-01,-0.29170794307146
1,2016-01-02,-0.2995332646541719
1,2016-01-03,-0.3064582539674871
1,2016-01-04,-0.31167822987240534
1,2016-01-05,-0.3145554777377499
1,2016-01-06,-0.3147525460884649
1,2016-01-07,-0.31233212855093206
1,2016-01-08,-0.3077819277753244
1,2016-01-09,-0.3019346238751334
1,2016-01-10,-0.29578873638393416
1,2016-01-11,-0.2902789696415305
1,2016-01-12,-0.2860715413039043
1,2016-01-13,-0.28345156215203743
1,2016-01-14,-0.2823284225575883
1,2016-01-15,-0.2823347806675304
1,2016-01-16,-0.28296410525655596
1,2016-01-17,-0.28369499310325635
1,2016-01-18,-0.2840793776388287
1,2016-01-19,-0.2838014322761558
1,2016-01-20,-0.2827234586042457
1,2016-01-21,-0.2809217695228209
1,2016-01-22,-0.278694609438451
1,2016-01-23,-0.27651648935447964
1,2016-01-24,-0.2749293632658699
1,2016-01-25,-0.2743932188267412
1,2016-01-26,-0.27514689167253753
1,2016-01-27,-0.27713442577675995
1,2016-01-28,-0.2800280915846314
1,2016-01-29,-0.2833383340449366
1,2016-01-30,-0.2865653641240942
1,2016-01-31,-0.28933432729064945
1,2016-02-01,-0.2914698171420371
1,2016-02-02,-0.2929953568254495
1,2016-02-03,-0.2940721823965755
1,2016-02-04,-0.29490730075071125
1,2016-02-05,-0.29566128737236536
1,2016-02-06,-0.2963775553902472
1,2016-02-07,-0.29694419392149396
1,2016-02-08,-0.29709144943746796
1,2016-02-09,-0.296423022887823
1,2016-02-10,-0.29447636452015036
1,2016-02-11,-0.29080489515074104
1,2016-02-12,-0.2850728546190255
1,2016-02-13,-0.2771516807058585
1,2016-02-14,-0.2672025865087716
1,2016-02-15,-0.2557240022434831
1,2016-02-16,-0.24353841689715197
1,2016-02-17,-0.2316967404085935
1,2016-02-18,-0.22129625829765748
1,2016-02-19,-0.21323989270222832
1,2016-02-20,-0.20799934558422237
1,2016-02-21,-0.2054643221314961
1,2016-02-22,-0.20494688367554065
1,2016-02-23,-0.20536068239539762
1,2016-02-24,-0.20552539700011072
1,2016-02-25,-0.20448846481349267
1,2016-02-26,-0.20174011868711256
1,2016-02-27,-0.19723709125456634
1,2016-02-28,-0.19123017813477652
1,2016-02-29,-0.18397835699553253
1,2016-03-01,-0.17548685843703038
1,2016-03-02,-0.16540423308887395
1,2016-03-03,-0.15315109638904223
1,2016-03-04,-0.1382517092634924
1,2016-03-05,-0.12073781356241584
1,2016-03-06,-0.10143573212069384
1,2016-03-07,-0.08196853735582242
1,2016-03-08,-0.06440944965473816
1,2016-03-09,-0.05067426415716947
1,2016-03-10,-0.04187545307235453
1,2016-03-11,-0.03790581940431794
1,2016-03-12,-0.03744407998723573
1,2016-03-13,-0.03840394265561509
1,2016-03-14,-0.038656477288773805
1,2016-03-15,-0.03673775214059753
1,2016-03-16,-0.032264498877830165
1,2016-03-17,-0.025914672818802383
1,2016-03-18,-0.01901980845304841
1,2016-03-19,-0.012971507387571343
1,2016-03-20,-0.008695912145079886
1,2016-03-21,-0.006384783916070855
1,2016-03-22,-0.005532141853449753
1,2016-03-23,-0.005190402350091495
1,2016-03-24,-0.004290457428488116
1,2016-03-25,-0.0018893554366201945
1,2016-03-26,0.0027118621647769085
1,2016-03-27,0.009953900304907748
1,2016-03-28,0.020038492976656237
1,2016-03-29,0.032922598078071894
1,2016-03-30,0.04827602229353261
1,2016-03-31,0.0654379651553621
1,2016-04-01,0.08342600751934938
1,2016-04-02,0.10103294692068024
1,2016-04-03,0.11700733089595924
1,2016-04-04,0.1302745394592772
1,2016-04-05,0.14013476545377873
1,2016-04-06,0.14637938237090622
1,2016-04-07,0.14929330330903676
1,2016-04-08,0.14954829976995548
1,2016-04-09,0.148027689305967
1,2016-04-10,0.14564330184337912
1,2016-04-11,0.14320205454887336
1,2016-04-12,0.14135162553502786
1,2016-04-13,0.14059477094156
1,2016-04-14,0.1413296378441721
1,2016-04-15,0.1438668012478764
1,2016-04-16,0.14839652658395175
1,2016-04-17,0.15491852691516522
1,2016-04-18,0.1631778863258882
1,2016-04-19,0.17265621771094894
1,2016-04-20,0.18264331159199002
1,2016-04-21,0.19237551798463012
1,2016-04-22,0.20119465281236934
1,2016-04-23,0.20867191235981206
1,2016-04-24,0.2146581625434337
1,2016-04-25,0.21925427361564812
1,2016-04-26,0.222726627564082
1,2016-04-27,0.22540891156370851
1,2016-04-28,0.22762682157683917
1,2016-04-29,0.22966313168510902
1,2016-04-30,0.23175557013326384
1,2016-05-01,0.234102247995078
1,2016-05-02,0.2368444572752062
1,2016-05-03,0.24000740931006895
1,2016-05-04,0.2434007699998446
1,2016-05-05,0.24650503733513648
1,2016-05-06,0.24838685879516434
1,2016-05-07,0.24768879599674545
1,2016-05-08,0.2427241912641639
1,2016-05-09,0.23168249643492217
1,2016-05-10,0.21292399367004522
1,2016-05-11,0.18532376226567288
1,2016-05-12,0.14861250346797325
1,2016-05-13,0.10364962431239658
1,2016-05-14,0.052552447296028176
1,2016-05-15,-0.0013969482703397721
1,2016-05-16,-0.0541196555275814
1,2016-05-17,-0.10136742163017537
1,2016-05-18,-0.13949824700394167
1,2016-05-19,-0.16620155099696524
1,2016-05-20,-0.1809469081540763
1,2016-05-21,-0.1849910380687215
1,2016-05-22,-0.18092206113779413
1,2016-05-23,-0.17189228013251456
1,2016-05-24,-0.16081615174806507
1,2016-05-25,-0.14982183983615507
1,2016-05-26,-0.14012506918836962
1,2016-05-27,-0.1322917817525154
1,2016-05-28,-0.12666972252331538
1,2016-05-29,-0.12370210106286049
1,2016-05-30,-0.12392477362403567
1,2016-05-31,-0.12764956907298064
1,2016-06-01,-0.1345321131566853
1,2016-06-02,-0.14330581753253946
1,2016-06-03,-0.1518853763988919
1,2016-06-04,-0.15785603050517433
1,2016-06-05,-0.15917241582659392
1,2016-06-06,-0.15479158859832198
1,2016-06-07,-0.1450005464366879
1,2016-06-08,-0.13133645371937575
1,2016-06-09,-0.11616221889987725
1,2016-06-10,-0.10207395293205113
1,2016-06-11,-0.09134102781388528
1,2016-06-12,-0.08552315347958069
1,2016-06-13,-0.08531431483049166
1,2016-06-14,-0.09058033104842592
1,2016-06-15,-0.10051624298635607
1,2016-06-16,-0.11385428022128039
1,2016-06-17,-0.12908213880485228
1,2016-06-18,-0.14465663567785314
1,2016-06-19,-0.15920227962350084
1,2016-06-20,-0.17167005509619276
1,2016-06-21,-0.18141925310044962
1,2016-06-22,-0.18819600569481743
1,2016-06-23,-0.1920212169695051
1,2016-06-24,-0.19304739521051395
1,2016-06-25,-0.19146483090834499
1,2016-06-26,-0.187510111941433
1,2016-06-27,-0.18156414593867293
1,2016-06-28,-0.17426306968028754
1,2016-06-29,-0.16652734457459045
1,2016-06-30,-0.1594569465713989
1,2016-07-01,-0.1541180897617072
1,2016-07-02,-0.151311169090381
1,2016-07-03,-0.1514227308273524
1,2016-07-04,-0.15442034729686027
1,2016-07-05,-0.15997707164120256
1,2016-07-06,-0.16765273896678387
1,2016-07-07,-0.1770414525303146
1,2016-07-08,-0.187822874283467
1,2016-07-09,-0.19970989473254333
1,2016-07-10,-0.21233861541348992
1,2016-07-11,-0.225174353358609
1,2016-07-12,-0.2374983290394301
1,2016-07-13,-0.2485008173615206
1,2016-07-14,-0.2574555780651948
1,2016-07-15,-0.26391000127410635
1,2016-07-16,-0.2678138552625554
1,2016-07-17,-0.2695311206021919
1,2016-07-18,-0.26972496371866733
1,2016-07-19,-0.2691546220155911
1,2016-07-20,-0.26845265163769205
1,2016-07-21,-0.2679491861574391
1,2016-07-22,-0.2675821256479837
1,2016-07-23,-0.2668962985201474
1,2016-07-24,-0.2651108335969354
1,2016-07-25,-0.2612315506772266
1,2016-07-26,-0.2541971734107299
1,2016-07-27,-0.24305926185351684
1,2016-07-28,-0.22719237163192907
1,2016-07-29,-0.20651192505852106
1,2016-07-30,-0.1816523253046416
1,2016-07-31,-0.1540421628396896
1,2016-08-01,-0.1258179188397487
1,2016-08-02,-0.09955095278950211
1,2016-08-03,-0.0778161252235547
1,2016-08-04,-0.06269162062136488
1,2016-08-05,-0.055320075587640495
1,2016-08-06,-0.055659393214656044
1,2016-08-07,-0.06249999179438021
1,2016-08-08,-0.07374042958843414
1,2016-08-09,-0.08683340338351184
1,2016-08-10,-0.09926802598242135
1,2016-08-11,-0.10896210003204446
1,2016-08-12,-0.11448668988637248
1,2016-08-13,-0.11511488359504739
1,2016-08-14,-0.11074466930397447
1,2016-08-15,-0.1017727876798087
1,2016-08-16,-0.08897987322891909
1,2016-08-17,-0.07344701507734654
1,2016-08-18,-0.056480694212776565
1,2016-08-19,-0.03950687678333772
1,2016-08-20,-0.023916130956150358
1,2016-08-21,-0.010881674097031203
1,2016-08-22,-0.0012050080914397256
1,2016-08-23,0.004754099311173133
1,2016-08-24,0.0070374754054223325
1,2016-08-25,0.005958629368974772
1,2016-08-26,0.0019424865660488198
1,2016-08-27,-0.0045942309384992075
1,2016-08-28,-0.013274308453766499
1,2016-08-29,-0.023704292540160193
1,2016-08-30,-0.03538396011550649
1,2016-08-31,-0.047658681458104174
1,2016-09-01,-0.05977312039127085
1,2016-09-02,-0.07102676916590692
1,2016-09-03,-0.0809670935208335
1,2016-09-04,-0.08952548114529034
1,2016-09-05,-0.09702762376449534
1,2016-09-06,-0.10407840033102163
1,2016-09-07,-0.11138666048032733
1,2016-09-08,-0.11961291492853293
1,2016-09-09,-0.12928190795862152
1,2016-09-10,-0.14073789495680447
1,2016-09-11,-0.15408672728440512
1,2016-09-12,-0.16909620358019725
1,2016-09-13,-0.18509384317174435
1,2016-09-14,-0.20095338534869425
1,2016-09-15,-0.21524768998692173
1,2016-09-16,-0.22656459781016858
1,2016-09-17,-0.23388252222569536
1,2016-09-18,-0.23684833501585745
1,2016-09-19,-0.23582751305662025
1,2016-09-20,-0.23169297547052028
1,2016-09-21,-0.225433711373117
1,2016-09-22,-0.21774201419032008
1,2016-09-23,-0.20874545063556812
1,2016-09-24,-0.1979878328424507
1,2016-09-25,-0.18466158236416427
1,2016-09-26,-0.1679953307214578
1,2016-09-27,-0.14764617781187966
1,2016-09-28,-0.12395662349006689
1,2016-09-29,-0.09800340526699478
1,2016-09-30,-0.07145273149292679
1,2016-10-01,-0.04629920377692562
1,2016-10-02,-0.024576941308560855
1,2016-10-03,-0.008097743836673957
1,2016-10-04,0.0017745870587869165
1,2016-10-05,0.004325215793007477
1,2016-10-06,-3.406587493123415e-4
1,2016-10-07,-0.011200396061205856
1,2016-10-08,-0.026361211743264907
1,2016-10-09,-0.04331034881469313
1,2016-10-10,-0.05936772669369631
1,2016-10-11,-0.07225487372005912
1,2016-10-12,-0.08061980503993187
1,2016-10-13,-0.08433758240596943
1,2016-10-14,-0.08446252093952226
1,2016-10-15,-0.0828290182111313
1,2016-10-16,-0.08143278271997532
1,2016-10-17,-0.08181046421043868
1,2016-10-18,-0.08463013771063874
1,2016-10-19,-0.08961348277803055
1,2016-10-20,-0.0957787389474739
1,2016-10-21,-0.10188123307347594
1,2016-10-22,-0.10687560397118005
1,2016-10-23,-0.11023892366693057
1,2016-10-24,-0.11205960601002121
1,2016-10-25,-0.11288701681827303
1,2016-10-26,-0.11342326176145025
1,2016-10-27,-0.11419382233296556
1,2016-10-28,-0.11533605826622392
1,2016-10-29,-0.1165882616212093
1,2016-10-30,-0.11746918645166887
1,2016-10-31,-0.11755014832904195
1,2016-11-01,-0.11668076260431964
1,2016-11-02,-0.11505752705305976
1,2016-11-03,-0.11310561920378032
1,2016-11-04,-0.11123975921321325
1,2016-11-05,-0.10963287376528728
1,2016-11-06,-0.10812036224365949
1,2016-11-07,-0.10630528594759728
1,2016-11-08,-0.1038331335651586
1,2016-11-09,-0.1007185982646466
1,2016-11-10,-0.0975702145790153
1,2016-11-11,-0.09558914295477443
1,2016-11-12,-0.09630560751823325
1,2016-11-13,-0.10112464492580912
1,2016-11-14,-0.11083654118301968
1,2016-11-15,-0.12526922251088643
1,2016-11-16,-0.14320905756925334
1,2016-11-17,-0.1626166971455421
1,2016-11-18,-0.18106067204719106
1,2016-11-19,-0.19622980565787637
1,2016-11-20,-0.20638517072486623
1,2016-11-21,-0.21065910232687052
1,2016-11-22,-0.20916851143112478
1,2016-11-23,-0.20295228886254463
1,2016-11-24,-0.19375942994463038
1,2016-11-25,-0.18372014156843028
1,2016-11-26,-0.17494542836139404
1,2016-11-27,-0.16912565681030192
1,2016-11-28,-0.16722078700746962
1,2016-11-29,-0.1693306603965126
1,2016-11-30,-0.17478878174071635
1,2016-12-01,-0.1824486356280834
1,2016-12-02,-0.19106158838182993
1,2016-12-03,-0.19961429511094805
1,2016-12-04,-0.2075196842231737
1,2016-12-05,-0.214625039000032
1,2016-12-06,-0.22107785145749867
1,2016-12-07,-0.22713608841544766
1,2016-12-08,-0.23300818732598047
1,2016-12-09,-0.2387703007336767
1,2016-12-10,-0.2443613611182239
1,2016-12-11,-0.24962672364019273
1,2016-12-12,-0.25437649343126134
1,2016-12-13,-0.25843745288153314
1,2016-12-14,-0.2616910868492086
1,2016-12-15,-0.26409602540916666
1,2016-12-16,-0.26569196760947245
1,2016-12-17,-0.266581927243945
1,2016-12-18,-0.2668963946254712
1,2016-12-19,-0.2667543035139672
1,2016-12-20,-0.2662427156998203
1,2016-12-21,-0.26543151220541
1,2016-12-22,-0.2644210040593369
1,2016-12-23,-0.26339900738464816
1,2016-12-24,-0.26267324307029444
1,2016-12-25,-0.2626527892018589
1,2016-12-26,-0.2637750467393436
1,2016-12-27,-0.26640004145911667
1,2016-12-28,-0.2707073706397304
1,2016-12-29,-0.27662722240590526
1,2016-12-30,-0.2838206669756947
1,2016-12-31,-0.28382032561192166
1,2017-01-01,-0.2917073500276179
1,2017-01-02,-0.29953215492023016
1,2017-01-03,-0.3064564803805385
1,2017-01-04,-0.3116758971933261
1,2017-01-05,-0.31455290689553844
1,2017-01-06,-0.3147500628443352
1,2017-01-07,-0.3123300296094168
1,2017-01-08,-0.3077803852265522
1,2017-01-09,-0.30193367310629415
1,2017-01-10,-0.2957883703083515
1,2017-01-11,-0.2902790977592397
1,2017-01-12,-0.2860720169726141
1,2017-01-13,-0.28345221870104925
1,2017-01-14,-0.28232909504364967
1,2017-01-15,-0.2823353726865843
1,2017-01-16,-0.2829645179706134
1,2017-01-17,-0.28369507882171346
1,2017-01-18,-0.28407904856392124
1,2017-01-19,-0.2838007870071135
1,2017-01-20,-0.28272266502555016
1,2017-01-21,-0.2809209842512947
1,2017-01-22,-0.27869396147917164
1,2017-01-23,-0.2765160201173621
1,2017-01-24,-0.2749290518929893
1,2017-01-25,-0.27439298340356216
1,2017-01-26,-0.27514669757879806
1,2017-01-27,-0.27713429328620715
1,2017-01-28,-0.28002803745954646
1,2017-01-29,-0.2833383396077
1,2017-01-30,-0.2865653922910841
1,2017-01-31,-0.2893343373411166
1,2017-02-01,-0.29146978025098613
1,2017-02-02,-0.29299526879534565
1,2017-02-03,-0.29407206840950273
1,2017-02-04,-0.294907180547054
1,2017-02-05,-0.29566117774614775
1,2017-02-06,-0.2963774873909112
1,2017-02-07,-0.29694419351975126
1,2017-02-08,-0.2970915082061944
1,2017-02-09,-0.29642310849901654
1,2017-02-10,-0.29447649555801036
1,2017-02-11,-0.29080503613375824
1,2017-02-12,-0.28507294975962644
1,2017-02-13,-0.27715168042154015
1,2017-02-14,-0.2672024484203487
1,2017-02-15,-0.25572371511587194
1,2017-02-16,-0.243538020413993
1,2017-02-17,-0.23169630171393005
1,2017-02-18,-0.22129585250815473
1,2017-02-19,-0.21323955773648642
1,2017-02-20,-0.20799910228734825
1,2017-02-21,-0.2054641835089706
1,2017-02-22,-0.20494680978883292
1,2017-02-23,-0.2053606377431561
1,2017-02-24,-0.20552532565354448
1,2017-02-25,-0.20448823774002697
1,2017-02-26,-0.2017395514754154
1,2017-02-27,-0.19723599125650246
1,2017-02-28,-0.19122852852124622
1,2017-03-01,-0.18397623061999302
1,2017-03-02,-0.17548432334347716
1,2017-03-03,-0.16540130925458327
1,2017-03-04,-0.1531477241173614
1,2017-03-05,-0.1382479938532587
1,2017-03-06,-0.12073396359866498
1,2017-03-07,-0.1014318691802387
1,2017-03-08,-0.08196475705582318
1,2017-03-09,-0.06440562875858116
1,2017-03-10,-0.05067021657384117
1,2017-03-11,-0.041871239750368806
1,2017-03-12,-0.03790179729108221
1,2017-03-13,-0.037440540698969564
1,2017-03-14,-0.03840087272398278
1,2017-03-15,-0.03865377455870239
1,2017-03-16,-0.036735335527059654
1,2017-03-17,-0.03226238210772205
1,2017-03-18,-0.025912861118221178
1,2017-03-19,-0.019018248966720004
1,2017-03-20,-0.012970115136115555
1,2017-03-21,-0.008694680841129267
1,2017-03-22,-0.006383761221483349
1,2017-03-23,-0.005531494067133552
1,2017-03-24,-0.005190174337946911
1,2017-03-25,-0.004290560549895628
1,2017-03-26,-0.0018897325002058517
1,2017-03-27,0.0027112037634731798
1,2017-03-28,0.009952985850811967
1,2017-03-29,0.020037420948353257
1,2017-03-30,0.03292150405593692
1,2017-03-31,0.04827504193590035
1,2017-04-01,0.06543720381814341
1,2017-04-02,0.0834254895007975
1,2017-04-03,0.10103264675613596
1,2017-04-04,0.11700720749966735
1,2017-04-05,0.13027451983508267
1,2017-04-06,0.14013478526195047
1,2017-04-07,0.14637939059536068
1,2017-04-08,0.14929326633882808
1,2017-04-09,0.14954818264555286
1,2017-04-10,0.14802746150682902
1,2017-04-11,0.14564294652114473
1,2017-04-12,0.1432015857558344
1,2017-04-13,0.14135108111193811
1,2017-04-14,0.140594203522842
1,2017-04-15,0.1413291026380162
1,2017-04-16,0.14386631454729776
1,2017-04-17,0.14839607903419985
1,2017-04-18,0.1549181161010083
1,2017-04-19,0.16317748854973002
1,2017-04-20,0.17265580426800375
1,2017-04-21,0.1826428505214111
1,2017-04-22,0.19237498003428657
1,2017-04-23,0.20119399678524985
1,2017-04-24,0.2086710896390972
1,2017-04-25,0.21465715397216706
1,2017-04-26,0.2192531272674022
1,2017-04-27,0.22272543507516376
1,2017-04-28,0.22540768424067154
1,2017-04-29,0.227625523607978
1,2017-04-30,0.22966171814151956
1,2017-05-01,0.23175404057703478
1,2017-05-02,0.23410062170577736
1,2017-05-03,0.23684273233625028
1,2017-05-04,0.2400055343657824
1,2017-05-05,0.24339873913308854
1,2017-05-06,0.24650290107761358
1,2017-05-07,0.24838475208751332
1,2017-05-08,0.24768680378345234
1,2017-05-09,0.24272232626387952
1,2017-05-10,0.2316807287500044
1,2017-05-11,0.21292238228724833
1,2017-05-12,0.18532259311297206
1,2017-05-13,0.1486120488021605
1,2017-05-14,0.10365005810846707
1,2017-05-15,0.052553961443795934
1,2017-05-16,-0.0013942961545246823
1,2017-05-17,-0.054116058266360394
1,2017-05-18,-0.10136306415878236
1,2017-05-19,-0.13949317281408458
1,2017-05-20,-0.1661959982841997
1,2017-05-21,-0.18094132609587468
1,2017-05-22,-0.18498592999924024
1,2017-05-23,-0.18091784565418817
1,2017-05-24,-0.17188918287548083
1,2017-05-25,-0.16081432056025988
1,2017-05-26,-0.14982132277992782
1,2017-05-27,-0.14012562728178626
1,2017-05-28,-0.13229296794802176
1,2017-05-29,-0.12667146602211257
1,2017-05-30,-0.12370448852651685
1,2017-05-31,-0.12392779967683921
1,2017-06-01,-0.12765298243587883
1,2017-06-02,-0.1345357382642158
1,2017-06-03,-0.1433095195853197
1,2017-06-04,-0.1518889994950851
1,2017-06-05,-0.15785949579905295
1,2017-06-06,-0.15917574087105793
1,2017-06-07,-0.15479483239664785
1,2017-06-08,-0.14500373603438488
1,2017-06-09,-0.13133955121254623
1,2017-06-10,-0.11616514386874656
1,2017-06-11,-0.1020765870557491
1,2017-06-12,-0.09134328546943525
1,2017-06-13,-0.08552498470400922
1,2017-06-14,-0.08531574312843758
1,2017-06-15,-0.09058139670707455
1,2017-06-16,-0.10051700001979659
1,2017-06-17,-0.11385481848965495
1,2017-06-18,-0.12908254176102296
1,2017-06-19,-0.14465697554460905
1,2017-06-20,-0.15920262033699092
1,2017-06-21,-0.1716704354106031
1,2017-06-22,-0.18141967582566051
1,2017-06-23,-0.18819645193111986
1,2017-06-24,-0.19202164747855924
1,2017-06-25,-0.19304772360742797
1,2017-06-26,-0.19146498992187813
1,2017-06-27,-0.18751007219900637
1,2017-06-28,-0.1815639436584582
1,2017-06-29,-0.1742626798753735
1,2017-06-30,-0.166526691418186
1,2017-07-01,-0.15945602245513765
1,2017-07-02,-0.15411696185556867
1,2017-07-03,-0.15130990878682465
1,2017-07-04,-0.1514214010775785
1,2017-07-05,-0.154419004215254
1,2017-07-06,-0.15997580853632154
1,2017-07-07,-0.167651633483961
1,2017-07-08,-0.1770405606794813
1,2017-07-09,-0.18782223126865233
1,2017-07-10,-0.19970948217867585
1,2017-07-11,-0.21233837789966278
1,2017-07-12,-0.22517424330989427
1,2017-07-13,-0.23749831776821653
1,2017-07-14,-0.24850083328196723
1,2017-07-15,-0.25745551660830635
1,2017-07-16,-0.26390979112927593
1,2017-07-17,-0.2678134563805787
1,2017-07-18,-0.2695305056510829
1,2017-07-19,-0.26972409439164446
1,2017-07-20,-0.2691534974567999
1,2017-07-21,-0.2684513205091414
1,2017-07-22,-0.26794771722176547
1,2017-07-23,-0.2675805819577761
1,2017-07-24,-0.2668947208098034
1,2017-07-25,-0.2651092962367004
1,2017-07-26,-0.2612301241951478
1,2017-07-27,-0.2541959055379709
1,2017-07-28,-0.24305816450707493
1,2017-07-29,-0.22719147634623385
1,2017-07-30,-0.20651133714319495
1,2017-07-31,-0.1816522035237706
1,2017-08-01,-0.15404255785522178
1,2017-08-02,-0.1258188480498488
1,2017-08-03,-0.09955236345288136
1,2017-08-04,-0.07781793421619734
1,2017-08-05,-0.06269366151801871
1,2017-08-06,-0.05532213951469731
1,2017-08-07,-0.05566135234557805
1,2017-08-08,-0.06250161291014376
1,2017-08-09,-0.07374160116463731
1,2017-08-10,-0.0868340183815001
1,2017-08-11,-0.09926801427795148
1,2017-08-12,-0.10896141054916463
1,2017-08-13,-0.11448548984234891
1,2017-08-14,-0.1151133150936069
1,2017-08-15,-0.1107428204016233
1,2017-08-16,-0.10177055157510609
1,2017-08-17,-0.08897713483082383
1,2017-08-18,-0.07344380280811404
1,2017-08-19,-0.05647703464123731
1,2017-08-20,-0.039502792404927746
1,2017-08-21,-0.02391169557885785
1,2017-08-22,-0.010876958390556593
1,2017-08-23,-0.0012001219497472886
1,2017-08-24,0.00475912336139572
1,2017-08-25,0.007042691739987932
1,2017-08-26,0.005964042375948356
1,2017-08-27,0.0019480058605659527
1,2017-08-28,-0.004588824201652623
1,2017-08-29,-0.013269335321414824
1,2017-08-30,-0.02370004460303028
1,2017-08-31,-0.03538059103374625
1,2017-09-01,-0.047656234459542104
1,2017-09-02,-0.05977153310043799
1,2017-09-03,-0.07102594239211676
1,2017-09-04,-0.08096687166943974
1,2017-09-05,-0.08952566972089654
1,2017-09-06,-0.09702803770132828
1,2017-09-07,-0.10407885821947141
1,2017-09-08,-0.11138702295218478
1,2017-09-09,-0.11961310949362747
1,2017-09-10,-0.12928194344040972
1,2017-09-11,-0.14073778931258893
1,2017-09-12,-0.15408651250142869
1,2017-09-13,-0.1690959206467571
1,2017-09-14,-0.18509354523479157
1,2017-09-15,-0.2009531209367289
1,2017-09-16,-0.21524746775103165
1,2017-09-17,-0.22656437016473097
1,2017-09-18,-0.23388219932435314
1,2017-09-19,-0.23684783931932957
1,2017-09-20,-0.2358267930762108
1,2017-09-21,-0.2316919615194636
1,2017-09-22,-0.22543232582746756
1,2017-09-23,-0.21774022365866633
1,2017-09-24,-0.20874330148324594
1,2017-09-25,-0.19798536776080872
1,2017-09-26,-0.18465880339075352
1,2017-09-27,-0.1679922799936724
1,2017-09-28,-0.14764296582299327
1,2017-09-29,-0.12395339345461179
1,2017-09-30,-0.09800027369833589
1,2017-10-01,-0.07144975502506005
1,2017-10-02,-0.046296380818709355
1,2017-10-03,-0.02457428933887565
1,2017-10-04,-0.008095303882676848
1,2017-10-05,0.0017767395325971734
1,2017-10-06,0.004327082666078473
1,2017-10-07,-3.390396583852938e-4
1,2017-10-08,-0.011199050600824628
1,2017-10-09,-0.026360173170628068
1,2017-10-10,-0.04330960349592812
1,2017-10-11,-0.05936722813538265
1,2017-10-12,-0.07225456209232536
1,2017-10-13,-0.08061960472038718
1,2017-10-14,-0.08433734648814958
1,2017-10-15,-0.08446210072026243
1,2017-10-16,-0.08282828370805312
1,2017-10-17,-0.0814316200624668
1,2017-10-18,-0.08180886185842771
1,2017-10-19,-0.0846281248209342
1,2017-10-20,-0.08961110147192976
1,2017-10-21,-0.095776082800604
1,2017-10-22,-0.1018784539959342
1,2017-10-23,-0.10687284524666418
1,2017-10-24,-0.11023622129726256
1,2017-10-25,-0.11205698841332629
1,2017-10-26,-0.11288456497518949
1,2017-10-27,-0.11342105782568922
1,2017-10-28,-0.11419191994400632
1,2017-10-29,-0.11533443083555339
1,2017-10-30,-0.1165868567621825
1,2017-10-31,-0.11746805868413399
1,2017-11-01,-0.11754929677534662
1,2017-11-02,-0.11668019708303713
1,2017-11-03,-0.11505719467440337
1,2017-11-04,-0.11310541642731226
1,2017-11-05,-0.11123962011421268
1,2017-11-06,-0.10963279542644967
1,2017-11-07,-0.10812042288382946
1,2017-11-08,-0.10630553425438398
1,2017-11-09,-0.10383355367751539
1,2017-11-10,-0.10071913736793885
1,2017-11-11,-0.09757080718976306
1,2017-11-12,-0.09558976190099769
1,2017-11-13,-0.09630622618985715
1,2017-11-14,-0.10112521125789516
1,2017-11-15,-0.11083701467543709
1,2017-11-16,-0.12526954252653177
1,2017-11-17,-0.14320921921124494
1,2017-11-18,-0.16261678687965636
1,2017-11-19,-0.18106082507585586
1,2017-11-20,-0.1962301492070307
1,2017-11-21,-0.20638576908717668
1,2017-11-22,-0.210659939559541
1,2017-11-23,-0.20916956706473258
1,2017-11-24,-0.2029535349167528
1,2017-11-25,-0.19376080697176226
1,2017-11-26,-0.1837216191829332
1,2017-11-27,-0.17494696252209632
1,2017-11-28,-0.16912716368921218
1,2017-11-29,-0.1672221921973553
1,2017-11-30,-0.16933192472943098
1,2017-12-01,-0.17478984973377934
1,2017-12-02,-0.1824494903779633
1,2017-12-03,-0.19106227155710975
1,2017-12-04,-0.19961487186051807
1,2017-12-05,-0.20752016561925182
1,2017-12-06,-0.21462542109553914
1,2017-12-07,-0.22107816467110647
1,2017-12-08,-0.22713637649148974
1,2017-12-09,-0.23300845750959442
1,2017-12-10,-0.23877051394761453
1,2017-12-11,-0.24436148570436828
1,2017-12-12,-0.2496267206370318
1,2017-12-13,-0.25437634478058496
1,2017-12-14,-0.25843716098447
1,2017-12-15,-0.2616906494244276
1,2017-12-16,-0.26409544872916974
1,2017-12-17,-0.2656912995501009
1,2017-12-18,-0.26658120751689507
1,2017-12-19,-0.26689565320892944
1,2017-12-20,-0.2667535710788644
1,2017-12-21,-0.2662420348225464
1,2017-12-22,-0.2654309272517694
1,2017-12-23,-0.26442057751631015
1,2017-12-24,-0.2633987468969541
1,2017-12-25,-0.2626731242559508
1,2017-12-26,-0.26265278199460756
1,2017-12-27,-0.2637751302852001
1,2017-12-28,-0.26640022673722996
1,2017-12-29,-0.2707076996273069
1,2017-12-30,-0.27662775486229496
1,2017-12-31,-0.2838214778347597
1,2018-01-01,-0.29170887726046874
1,2018-01-02,-0.2995342007338764
1,2018-01-03,-0.3064591430353449
1,2018-01-04,-0.3116790544738121
1,2018-01-05,-0.31455623547626826
1,2018-01-06,-0.3147532043479198
1,2018-01-07,-0.3123327034720736
1,2018-01-08,-0.30778243700778485
1,2018-01-09,-0.30193510373678667
1,2018-01-10,-0.29578919992182423
1,2018-01-11,-0.2902794097176998
1,2018-01-12,-0.2860719616577039
1,2018-01-13,-0.28345197155872703
1,2018-01-14,-0.28232884374754436
1,2018-01-15,-0.28233525310365426
1,2018-01-16,-0.2829646190735578
1,2018-01-17,-0.2836954619432546
1,2018-01-18,-0.28407968976585846
1,2018-01-19,-0.2838015170428741
1,2018-01-20,-0.28272332411333034
1,2018-01-21,-0.28092150263386845
1,2018-01-22,-0.278694289949331
1,2018-01-23,-0.2765161909218416
1,2018-01-24,-0.27492911682970284
1,2018-01-25,-0.27439302431164986
1,2018-01-26,-0.2751467210264171
1,2018-01-27,-0.2771342399096038
1,2018-01-28,-0.28002787063155904
1,2018-01-29,-0.28333808260802684
1,2018-01-30,-0.28656509209947445
1,2018-01-31,-0.2893340160697442
1,2018-02-01,-0.29146944603951985
1,2018-02-02,-0.29299494114884267
1,2018-02-03,-0.29407176498923704
1,2018-02-04,-0.2949069326120308
1,2018-02-05,-0.2956610278570294
1,2018-02-06,-0.296377439051283
1,2018-02-07,-0.296944205491517
1,2018-02-08,-0.2970915282187145
1,2018-02-09,-0.2964231327473299
1,2018-02-10,-0.29447656320960763
1,2018-02-11,-0.2908052056723909
1,2018-02-12,-0.2850732338391673
1,2018-02-13,-0.2771520725771322
1,2018-02-14,-0.26720292729739337
1,2018-02-15,-0.25572424200805677
1,2018-02-16,-0.24353854420160356
1,2018-02-17,-0.23169681922285146
1,2018-02-18,-0.22129638306899785
1,2018-02-19,-0.21324015606465485
1,2018-02-20,-0.20799985957043174
1,2018-02-21,-0.2054651742280952
1,2018-02-22,-0.2049481380008212
1,2018-02-23,-0.20536238636431223
1,2018-02-24,-0.20552761005141734
1,2018-02-25,-0.20449125190461898
1,2018-02-26,-0.20174353687916952
1,2018-02-27,-0.19724108494297812
1,2018-02-28,-0.19123462590339182
1,2018-03-01,-0.18398315767133305
1,2018-03-02,-0.17549194087263986
1,2018-03-03,-0.16540956471921772
1,2018-03-04,-0.15315677519266196
1,2018-03-05,-0.13825787280032636
1,2018-03-06,-0.12074452396042452
1,2018-03-07,-0.10144301163471785
1,2018-03-08,-0.08197646913075729
1,2018-03-09,-0.0644180134369617
1,2018-03-10,-0.05068336253808601
1,2018-03-11,-0.04188481125538859
1,2018-03-12,-0.03791497136066839
1,2018-03-13,-0.037452813233758396
1,2018-03-14,-0.038412248604325586
1,2018-03-15,-0.03866449274895033
1,2018-03-16,-0.03674552729949535
1,2018-03-17,-0.032271940110982
1,2018-03-18,-0.025921442704238087
1,2018-03-19,-0.019025738456881096
1,2018-03-20,-0.012976549485001803
1,2018-03-21,-0.00870019576819423
1,2018-03-22,-0.006388421030053835
1,2018-03-23,-0.005535358272811964
1,2018-03-24,-0.00519338055911968
1,2018-03-25,-0.00429324603624731
1,2018-03-26,-0.0018920177855265567
1,2018-03-27,0.002709267025746782
1,2018-03-28,0.009951396673002195
1,2018-03-29,0.020036164790640593
1,2018-03-30,0.032920528690217284
1,2018-03-31,0.04827430915372326
1,2018-04-01,0.065436631441909393
1,2018-04-02,0.08342498182185146
1,2018-04-03,0.10103215145727065
1,2018-04-04,0.11700670372457582
1,2018-04-05,0.13027400564364716
1,2018-04-06,0.14013425784026268
1,2018-04-07,0.14637886130050137
1,2018-04-08,0.1492927402558726
1,2018-04-09,0.1495476706969343
1,2018-04-10,0.14802698490655286
1,2018-04-11,0.14564253406870606
1,2018-04-12,0.14320125698196154
1,2018-04-13,0.14135084101741757
1,2018-04-14,0.1405940496835365
1,2018-04-15,0.14132900682704402
1,2018-04-16,0.14386625730925845
1,2018-04-17,0.14839607310163744
1,2018-04-18,0.15491816637539388
1,2018-04-19,0.16317760860486313
1,2018-04-20,0.17265599648134777
1,2018-04-21,0.18264311359806656
1,2018-04-22,0.19237529146491061
1,2018-04-23,0.20119434115723134
1,2018-04-24,0.20867151419852997
1,2018-04-25,0.21465770559303055
1,2018-04-26,0.2192538553560862
1,2018-04-27,0.22272635048301143
1,2018-04-28,0.2254087869422174
1,2018-04-29,0.22762678610301681
1,2018-04-30,0.22966308032393376
1,2018-05-01,0.23175548734073362
1,2018-05-02,0.23410211972740919
1,2018-05-03,0.2368442584026159
1,2018-05-04,0.24000708174044627
1,2018-05-05,0.24340028331716984
1,2018-05-06,0.2465044479637938
1,2018-05-07,0.24838627609687666
1,2018-05-08,0.24768836563976643
1,2018-05-09,0.2427241219846136
1,2018-05-10,0.23168306422662352
1,2018-05-11,0.2129255701019296
1,2018-05-12,0.1853268302552363
1,2018-05-13,0.1486173353789626
1,2018-05-14,0.10365596314411399
1,2018-05-15,0.0525596381063501
1,2018-05-16,-0.0013897799059667817
1,2018-05-17,-0.05411332024472935
1,2018-05-18,-0.10136265921378741
1,2018-05-19,-0.13949539654332582
1,2018-05-20,-0.16620060641971854
1,2018-05-21,-0.18094784592452004
1,2018-05-22,-0.18499377132148423
1,2018-05-23,-0.18092643201998238
1,2018-05-24,-0.1718981762817167
1,2018-05-25,-0.16082355167473833
1,2018-05-26,-0.14983055400911025
1,2018-05-27,-0.14013470974907052
1,2018-05-28,-0.1323017226191434
1,2018-05-29,-0.12667941789689519
1,2018-05-30,-0.1237112266171978
1,2018-05-31,-0.12393315659192745
1,2018-06-01,-0.12765704024721142
1,2018-06-02,-0.13453865140236912
1,2018-06-03,-0.1433114883822839
1,2018-06-04,-0.15189014922882266
1,2018-06-05,-0.15785986892510795
1,2018-06-06,-0.1591753228082753
1,2018-06-07,-0.1547936190737214
1,2018-06-08,-0.1450018010159413
1,2018-06-09,-0.1313370537085792
1,2018-06-10,-0.11616230584467702
1,2018-06-11,-0.10207361085287321
1,2018-06-12,-0.09134031166623971
1,2018-06-13,-0.08552210175933662
1,2018-06-14,-0.08531294080331236
1,2018-06-15,-0.09057864544080275
1,2018-06-16,-0.10051426572065758
1,2018-06-17,-0.11385205517216287
1,2018-06-18,-0.12907969794641647
1,2018-06-19,-0.14465401067608583
1,2018-06-20,-0.15919947942005408
1,2018-06-21,-0.17166707001500206
1,2018-06-22,-0.18141608688478617
1,2018-06-23,-0.18819272107989943
1,2018-06-24,-0.19201788488660373
1,2018-06-25,-0.19304409504465328
1,2018-06-26,-0.1914616536757638
1,2018-06-27,-0.1875071769676652
1,2018-06-28,-0.18156157886452562
1,2018-06-29,-0.1742609157192953
1,2018-06-30,-0.16652558071408574
1,2018-07-01,-0.15945559578430077
1,2018-07-02,-0.15411717117460433
1,2018-07-03,-0.1513107062700549
1,2018-07-04,-0.1514227501465926
1,2018-07-05,-0.1544208865033953
1,2018-07-06,-0.15997816572227172
1,2018-07-07,-0.16765436280888416
1,2018-07-08,-0.17704350873466082
1,2018-07-09,-0.18782523308136137
1,2018-07-10,-0.19971238978134354
1,2018-07-11,-0.212341071681411
1,2018-07-12,-0.22517661697336835
1,2018-07-13,-0.23750031298183177
1,2018-07-14,-0.24850249298348281
1,2018-07-15,-0.25745689159920077
1,2018-07-16,-0.26391090345641155
1,2018-07-17,-0.26781436048720203
1,2018-07-18,-0.2695312909504802
1,2018-07-19,-0.26972487515834415
1,2018-07-20,-0.2691543585972424
1,2018-07-21,-0.2684522941618173
1,2018-07-22,-0.2679487787382787
1,2018-07-23,-0.26758166730454347
1,2018-07-24,-0.26689577602533765
1,2018-07-25,-0.2651102439070664
1,2018-07-26,-0.26123089263577304
1,2018-07-27,-0.2541964362750443
1,2018-07-28,-0.2430584285437956
1,2018-07-29,-0.22719138686035634
1,2018-07-30,-0.20651071793600145
1,2018-07-31,-0.18165095169752032
1,2018-08-01,-0.1540406557543794
1,2018-08-02,-0.1258163309491439
1,2018-08-03,-0.09954936085189639
1,2018-08-04,-0.07781458412684512
1,2018-08-05,-0.0626900926945359
1,2018-08-06,-0.05531848807909604
1,2018-08-07,-0.05565768612235425
1,2018-08-08,-0.062498080256867795
1,2018-08-09,-0.07373825587791209
1,2018-08-10,-0.08683086750943816
1,2018-08-11,-0.0992649952580403
1,2018-08-12,-0.10895834599392898
1,2018-08-13,-0.11448202147012614
1,2018-08-14,-0.11510913333816786
1,2018-08-15,-0.11073788025679396
1,2018-08-16,-0.10176507586357719
1,2018-08-17,-0.08897139391964219
1,2018-08-18,-0.07343792934930564
1,2018-08-19,-0.056471157326592976
1,2018-08-20,-0.03949717836551223
1,2018-08-21,-0.023906637640747117
1,2018-08-22,-0.010872717578377227
1,2018-08-23,-0.0011968544492249116
1,2018-08-24,0.004761354544210079
1,2018-08-25,0.007043819616116948
1,2018-08-26,0.005964122070926546
1,2018-08-27,0.0019472105970212191
1,2018-08-28,-0.004590278186314161
1,2018-08-29,-0.01327118780481002
1,2018-08-30,-0.023702069221231175
1,2018-08-31,-0.035382583048502364
1,2018-09-01,-0.047657966642789214
1,2018-09-02,-0.05977279008246706
1,2018-09-03,-0.07102659777935709
1,2018-09-04,-0.08096694011515637
1,2018-09-05,-0.08952528649450436
1,2018-09-06,-0.09702736302749541
1,2018-09-07,-0.1040780125080565
1,2018-09-08,-0.11138604582602427
1,2018-09-09,-0.11961195442333016
1,2018-09-10,-0.12928051793588932
1,2018-09-11,-0.1407360832661805
1,2018-09-12,-0.15408458812498416
1,2018-09-13,-0.16909387899144568
1,2018-09-14,-0.18509146330396964
1,2018-09-15,-0.20095102832173542
1,2018-09-16,-0.21524535964422672
1,2018-09-17,-0.2265623043265881
1,2018-09-18,-0.2338803122032884
1,2018-09-19,-0.2368462639628237
1,2018-09-20,-0.2358256545864666
1,2018-09-21,-0.23169138090344515
1,2018-09-22,-0.22543241522168345
1,2018-09-23,-0.21774099151193343
1,2018-09-24,-0.20874464136742082
1,2018-09-25,-0.19798721910359057
1,2018-09-26,-0.18466118569591958
1,2018-09-27,-0.1679952521929488
1,2018-09-28,-0.14764653397579486
1,2018-09-29,-0.12395748664947387
1,2018-09-30,-0.09800477062955586
1,2018-10-01,-0.07145458929747205
1,2018-10-02,-0.04630153690121748
1,2018-10-03,-0.024579750770035876
1,2018-10-04,-0.008100982432606926
1,2018-10-05,0.0017709450042819172
1,2018-10-06,0.004321198703960619
1,2018-10-07,-3.449514523184269e-4
1,2018-10-08,-0.011204890983324944
1,2018-10-09,-0.02636588698444726
1,2018-10-10,-0.04331517887536549
1,2018-10-11,-0.059372735670898784
1,2018-10-12,-0.07226010081228197
1,2018-10-13,-0.0806252185930278
1,2018-10-14,-0.08434310154728754
1,2018-10-15,-0.08446805486772224
1,2018-10-16,-0.0828344344486091
1,2018-10-17,-0.08143798757923376
1,2018-10-18,-0.08181540666343878
1,2018-10-19,-0.08463476998008979
1,2018-10-20,-0.08961776573814967
1,2018-10-21,-0.09578256148490616
1,2018-10-22,-0.10188453076057884
1,2018-10-23,-0.10687839533010067
1,2018-10-24,-0.1102412853453583
1,2018-10-25,-0.1120617393628364
1,2018-10-26,-0.11288912601741802
1,2018-10-27,-0.11342547895462789
1,2018-10-28,-0.11419615778471329
1,2018-10-29,-0.11533846802530921
1,2018-10-30,-0.11659072535782071
1,2018-10-31,-0.11747173808942253
1,2018-11-01,-0.11755280890667656
1,2018-11-02,-0.11668357386857921
1,2018-11-03,-0.11506049538655816
1,2018-11-04,-0.11310870122676132
1,2018-11-05,-0.11124293457317246
1,2018-11-06,-0.1096361211601381
1,2018-11-07,-0.10812363748827565
1,2018-11-08,-0.10630855511893754
1,2018-11-09,-0.103836378385582
1,2018-11-10,-0.10072180246998025
1,2018-11-11,-0.09757339545352987
1,2018-11-12,-0.09559232224121855
1,2018-11-13,-0.09630877203903408
1,2018-11-14,-0.10112774382518329
1,2018-11-15,-0.11083952432930641
1,2018-11-16,-0.125272028328563
1,2018-11-17,-0.14321167734369197
1,2018-11-18,-0.16261915622445858
1,2018-11-19,-0.18106300495880737
1,2018-11-20,-0.19623206890976513
1,2018-11-21,-0.20638741566209307
1,2018-11-22,-0.21066134065947084
1,2018-11-23,-0.20917072254513952
1,2018-11-24,-0.20295442071606637
1,2018-11-25,-0.19376142158399956
1,2018-11-26,-0.18372195624187015
1,2018-11-27,-0.17494706020392337
1,2018-11-28,-0.1691270599688194
1,2018-11-29,-0.1672218998004244
1,2018-11-30,-0.1693314492469754
1,2018-12-01,-0.17478917962427593
1,2018-12-02,-0.1824485556420542
1,2018-12-03,-0.19106095405717477
1,2018-12-04,-0.1996130831472257
1,2018-12-05,-0.2075179024786587
1,2018-12-06,-0.21462281476022865
1,2018-12-07,-0.22107541219033913
1,2018-12-08,-0.2271336853370794
1,2018-12-09,-0.23300599592358057
1,2018-12-10,-0.23876836195395146
1,2018-12-11,-0.24435965772809506
1,2018-12-12,-0.24962522714772364
1,2018-12-13,-0.2543752070684035
1,2018-12-14,-0.25843634138213156
1,2018-12-15,-0.2616900644564189
1,2018-12-16,-0.2640950402237002
1,2018-12-17,-0.2656910149079853
1,2018-12-18,-0.26658102328170025
1,2018-12-19,-0.26689552546982837
1,2018-12-20,-0.26675343650348105
1,2018-12-21,-0.26624180353447735
1,2018-12-22,-0.26543052291314717
1,2018-12-23,-0.2644199332127333
1,2018-12-24,-0.26339791193588513
1,2018-12-25,-0.2626722173789606
1,2018-12-26,-0.2626519100225113
1,2018-12-27,-0.2637743485712698
1,2018-12-28,-0.2663995392948394
1,2018-12-29,-0.2707071063848279
1,2018-12-30,-0.27662720464773843
1,2018-12-31,-0.2838209149569918
1,2019-01-01,-0.29170829299499196
1,2019-01-02,-0.29953360570239135
1,2019-01-03,-0.3064585744294388
1,2019-01-04,-0.31167855979102044
1,2019-01-05,-0.31455584664392483
1,2019-01-06,-0.3147529166286337
1,2019-01-07,-0.31233245545164323
1,2019-01-08,-0.3077821768066436
1,2019-01-09,-0.3019347756440739
1,2019-01-10,-0.2957887825354097
1,2019-01-11,-0.2902788691503331
1,2019-01-12,-0.28607127378070285
1,2019-01-13,-0.2834511542609184
1,2019-01-14,-0.2823279088736912
1,2019-01-15,-0.2823342263912486
1,2019-01-16,-0.2829635550916037
1,2019-01-17,-0.2836944750272775
1,2019-01-18,-0.2840788546735324
1,2019-01-19,-0.28380084539409794
1,2019-01-20,-0.2827227519777288
1,2019-01-21,-0.28092093586201394
1,2019-01-22,-0.27869366032108905
1,2019-01-23,-0.2765154621826345
1,2019-01-24,-0.2749283040878264
1,2019-01-25,-0.27439217669758
1,2019-01-26,-0.27514586027337523
1,2019-01-27,-0.27713337623750395
1,2019-01-28,-0.28002701223714327
1,2019-01-29,-0.28333722570077347
1,2019-01-30,-0.2865642183433892
1,2019-01-31,-0.2893331119154594
1,2019-02-01,-0.291468560695013
1,2019-02-02,-0.2929941421259059
1,2019-02-03,-0.2940711275455462
1,2019-02-04,-0.294906513331314
1,2019-02-05,-0.29566078367353216
1,2019-02-06,-0.29637729802148105
1,2019-02-07,-0.2969441254602397
1,2019-02-08,-0.2970914782617837
1,2019-02-09,-0.2964230624050662
1,2019-02-10,-0.29447639959278965
1,2019-02-11,-0.29080493372999966
1,2019-02-12,-0.2850728921469261
1,2019-02-13,-0.27715168684971847
1,2019-02-14,-0.26720252248317866
1,2019-02-15,-0.2557238730072339
1,2019-02-16,-0.24353829614235453
1,2019-02-17,-0.23169673545881703
1,2019-02-18,-0.22129645893293637
1,2019-02-19,-0.21324031412655067
1,2019-02-20,-0.20800000766881474
1,2019-02-21,-0.20546527530678216
1,2019-02-22,-0.2049481719304204
1,2019-02-23,-0.20536235336186376
1,2019-02-24,-0.20552750313098767
1,2019-02-25,-0.20449103804044427
1,2019-02-26,-0.2017431455094939
1,2019-02-27,-0.1972404325868436
1,2019-02-28,-0.19123367341689768
1,2019-03-01,-0.18398193311624975
1,2019-03-02,-0.1754906677453384
1,2019-03-03,-0.16540867201313425
1,2019-03-04,-0.15315658449675107
1,2019-03-05,-0.1382585719743037
1,2019-03-06,-0.12074619236027895
1,2019-03-07,-0.10144553386892688
1,2019-03-08,-0.08197954441048377
1,2019-03-09,-0.06442125911274105
1,2019-03-10,-0.05068658440412222
1,2019-03-11,-0.04188811322907989
1,2019-03-12,-0.037918766669191084
1,2019-03-13,-0.037457352363731954
1,2019-03-14,-0.03841773791930281
1,2019-03-15,-0.038670915995950225
1,2019-03-16,-0.036752623579547665
1,2019-03-17,-0.032279259583103063
1,2019-03-18,-0.02592894337408643
1,2019-03-19,-0.019033415670873438
1,2019-03-20,-0.012984279805066121
1,2019-03-21,-0.008707798606752857
1,2019-03-22,-0.00639582760482799
1,2019-03-23,-0.005542526797086406
1,2019-03-24,-0.005200320058593259
1,2019-03-25,-0.004299999836582881
1,2019-03-26,-0.0018985390849545745
1,2019-03-27,0.002703117334833428
1,2019-03-28,0.00994579709715129
1,2019-03-29,0.02003125524532085
1,2019-03-30,0.0329163475788895
1,2019-03-31,0.048270797295944454
1,2019-04-01,0.06543377613336702
1,2019-04-02,0.08342280512956218
1,2019-04-03,0.10103058939648335
1,2019-04-04,0.11700561358076478
1,2019-04-05,0.13027323020970244
1,2019-04-06,0.14013369003146084
1,2019-04-07,0.14637843912950624
1,2019-04-08,0.1492924333206085
1,2019-04-09,0.1495474630967705
1,2019-04-10,0.14802685886607014
1,2019-04-11,0.14564249161044973
1,2019-04-12,0.1432012913567349
1,2019-04-13,0.14135092811156744
1,2019-04-14,0.14059415175881596
1,2019-04-15,0.1413291003014585
1,2019-04-16,0.14386633257465437
1,2019-04-17,0.14839610816389204
1,2019-04-18,0.15491813099335008
1,2019-04-19,0.16317748038945795
1,2019-04-20,0.1726557756532723
1,2019-04-21,0.18264280852788314
1,2019-04-22,0.19237492853112168
1,2019-04-23,0.20119395424159528
1,2019-04-24,0.20867110136075254
1,2019-04-25,0.21465727170902427
1,2019-04-26,0.2192533858948229
1,2019-04-27,0.22272584388977704
1,2019-04-28,0.22540821074549475
1,2019-04-29,0.22762612239992475
1,2019-04-30,0.22966234377973158
1,2019-05-01,0.23175465182403737
1,2019-05-02,0.2341011784756581
1,2019-05-03,0.23684322122679302
1,2019-05-04,0.2400060051723061
1,2019-05-05,0.2433991965566886
1,2019-05-06,0.24650328288309065
1,2019-05-07,0.24838495162618682
1,2019-05-08,0.24768678801062924
1,2019-05-09,0.24272217028240825
1,2019-05-10,0.23168052586762017
1,2019-05-11,0.2129220517903649
1,2019-05-12,0.18532184011060493
1,2019-05-13,0.14861052121359328
1,2019-05-14,0.10364745881510656
1,2019-05-15,0.05255006014615767
1,2019-05-16,-0.0013995565463225752
1,2019-05-17,-0.05412252858709489
1,2019-05-18,-0.10137070198098196
1,2019-05-19,-0.1395019553149691
1,2019-05-20,-0.16620558597990637
1,2019-05-21,-0.18095111281036608
1,2019-05-22,-0.18499542255848025
1,2019-05-23,-0.1809267191935455
1,2019-05-24,-0.17189703457211078
1,2019-05-25,-0.1608207100137415
1,2019-05-26,-0.14982601181273578
1,2019-05-27,-0.14012870658956694
1,2019-05-28,-0.1322948422479894
1,2019-05-29,-0.12667235618633488
1,2019-05-30,-0.12370461085737432
1,2019-05-31,-0.1239274150531323
1,2019-06-01,-0.12765239628328734
1,2019-06-02,-0.13453509886670492
1,2019-06-03,-0.143308879105427
1,2019-06-04,-0.15188839444488567
1,2019-06-05,-0.15785889141896076
1,2019-06-06,-0.15917507097000239
1,2019-06-07,-0.15479402504581885
1,2019-06-08,-0.1450027710950211
1,2019-06-09,-0.13133841587834513
1,2019-06-10,-0.11616385211637513
1,2019-06-11,-0.1020751884014522
1,2019-06-12,-0.09134181338011937
1,2019-06-13,-0.08552347897028771
1,2019-06-14,-0.08531422263443206
1,2019-06-15,-0.09057992140992654
1,2019-06-16,-0.10051564783612475
1,2019-06-17,-0.1138536253750336
1,2019-06-18,-0.12908152867916184
1,2019-06-19,-0.14465617030637415
1,2019-06-20,-0.15920203177700323
1,2019-06-21,-0.17167006433057977
1,2019-06-22,-0.1814195387008056
1,2019-06-23,-0.18819659242748876
1,2019-06-24,-0.1920221500987452
1,2019-06-25,-0.1930487289553425
1,2019-06-26,-0.1914666126309115
1,2019-06-27,-0.18751235512353392
1,2019-06-28,-0.1815668105596929
1,2019-06-29,-0.17426609696672984
1,2019-06-30,-0.16653066610394568
1,2019-07-01,-0.15946054079935057
1,2019-07-02,-0.15412195815611326
1,2019-07-03,-0.1513153083556218
1,2019-07-04,-0.1514271728224761
1,2019-07-05,-0.1544251062913069
1,2019-07-06,-0.15998214807720085
1,2019-07-07,-0.16765808974111004
1,2019-07-08,-0.17704700089365238
1,2019-07-09,-0.18782849626588213
1,2019-07-10,-0.19971537909946746
1,2019-07-11,-0.21234370805634142
1,2019-07-12,-0.22517880401493728
1,2019-07-13,-0.2375019468400236
1,2019-07-14,-0.2485034912551534
1,2019-07-15,-0.25745725312358725
1,2019-07-16,-0.26391069354830865
1,2019-07-17,-0.26781367508740617
1,2019-07-18,-0.26953025796318664
1,2019-07-19,-0.26972362210978873
1,2019-07-20,-0.2691529868141753
1,2019-07-21,-0.26845088345401386
1,2019-07-22,-0.26794743315860403
1,2019-07-23,-0.2675804755071452
1,2019-07-24,-0.26689475675188723
1,2019-07-25,-0.26510936514877975
1,2019-07-26,-0.26123009430727195
1,2019-07-27,-0.2541956487291414
1,2019-07-28,-0.24305758351589832
1,2019-07-29,-0.22719047563578407
1,2019-07-30,-0.20650980597390736
1,2019-07-31,-0.18165004506014057
1,2019-08-01,-0.1540397920207124
1,2019-08-02,-0.12581558475166818
1,2019-08-03,-0.0995487142320177
1,2019-08-04,-0.0778140191314103
1,2019-08-05,-0.06268970574128908
1,2019-08-06,-0.055318407134494145
1,2019-08-07,-0.055658050735474786
1,2019-08-08,-0.06249897364846326
1,2019-08-09,-0.07373976050438083
1,2019-08-10,-0.08683306984690727
1,2019-08-11,-0.09926803627434407
1,2019-08-12,-0.10896235349734866
1,2019-08-13,-0.11448705621500074
1,2019-08-14,-0.11511515950826781
1,2019-08-15,-0.11074472394255126
1,2019-08-16,-0.10177236611824546
1,2019-08-17,-0.08897867484063585
1,2019-08-18,-0.07344495760032405
1,2019-08-19,-0.05647794592242397
1,2019-08-20,-0.03950386914594666
1,2019-08-21,-0.023913350672879967
1,2019-08-22,-0.010879497713994157
1,2019-08-23,-0.0012036279457373561
1,2019-08-24,0.00475477667505232
1,2019-08-25,0.007037547465580121
1,2019-08-26,0.00595816762838673
1,2019-08-27,0.0019415827259636875
1,2019-08-28,-0.004595511129233674
1,2019-08-29,-0.013275952453003732
1,2019-08-30,-0.023706297167681897
1,2019-08-31,-0.03538629501871875
1,2019-09-01,-0.047661260783057414
1,2019-09-02,-0.05977582431241749
1,2019-09-03,-0.07102946251792308
1,2019-09-04,-0.08096961651188474
1,2019-09-05,-0.08952765856175549
1,2019-09-06,-0.09702931874294231
1,2019-09-07,-0.10407951737089924
1,2019-09-08,-0.11138719546628356
1,2019-09-09,-0.11961295075556365
1,2019-09-10,-0.1292815949915174
1,2019-09-11,-0.14073737578788892
1,2019-09-12,-0.15408614583687735
1,2019-09-13,-0.16909564081952994
1,2019-09-14,-0.18509330633915608
1,2019-09-15,-0.2009528875623226
1,2019-09-16,-0.215247259866157
1,2019-09-17,-0.2265642393201752
1,2019-09-18,-0.2338822599311065
1,2019-09-19,-0.23684820520379654
1,2019-09-20,-0.23582756097919494
1,2019-09-21,-0.2316932246903725
1,2019-09-22,-0.2254341851748621
1,2019-09-23,-0.2177427396369674
1,2019-09-24,-0.2087464661838744
1,2019-09-25,-0.19798919057888748
1,2019-09-26,-0.18466337361427676
1,2019-09-27,-0.16799766166682842
1,2019-09-28,-0.1476491208959006
1,2019-09-29,-0.12396020773028439
1,2019-09-30,-0.09800766696147728
1,2019-10-01,-0.07145769343739689
1,2019-10-02,-0.046304834952523306
1,2019-10-03,-0.02458318381744381
1,2019-10-04,-0.008104483441761578
1,2019-10-05,0.0017674818719952915
1,2019-10-06,0.004317863948951055
1,2019-10-07,-3.4814473336979517e-4
1,2019-10-08,-0.011207934966936067
1,2019-10-09,-0.026368700204523574
1,2019-10-10,-0.04331767846766522
1,2019-10-11,-0.059374791292032304
1,2019-10-12,-0.07226159779274392
1,2019-10-13,-0.08062615952874944
1,2019-10-14,-0.08434359941755397
1,2019-10-15,-0.08446822426456023
1,2019-10-16,-0.08283438095354827
1,2019-10-17,-0.08143778356094698
1,2019-10-18,-0.0818151165048764
1,2019-10-19,-0.08463448713256692
1,2019-10-20,-0.08961754387866798
1,2019-10-21,-0.09578257236664041
1,2019-10-22,-0.1018849539614332
1,2019-10-23,-0.10687931109470593
1,2019-10-24,-0.11024272252827214
1,2019-10-25,-0.11206358031178201
1,2019-10-26,-0.11289122426136794
1,2019-10-27,-0.11342772351579915
1,2019-10-28,-0.11419848207218998
1,2019-10-29,-0.11534083614807825
1,2019-10-30,-0.11659305583111435
1,2019-10-31,-0.11747397736779916
1,2019-11-01,-0.11755492132346748
1,2019-11-02,-0.11668552695781105
1,2019-11-03,-0.11506230638508948
1,2019-11-04,-0.1131103874731987
1,2019-11-05,-0.1112444633211919
1,2019-11-06,-0.10963744662800884
1,2019-11-07,-0.10812473171044171
1,2019-11-08,-0.10630940464555022
1,2019-11-09,-0.1038370048454276
1,2019-11-10,-0.10072227974197404
1,2019-11-11,-0.09757374169399755
1,2019-11-12,-0.09559251545826035
1,2019-11-13,-0.09630877733114661
1,2019-11-14,-0.10112750349897943
1,2019-11-15,-0.11083894606627404
1,2019-11-16,-0.12527101193516835
1,2019-11-17,-0.14321017886581902
1,2019-11-18,-0.16261720218580167
1,2019-11-19,-0.18106068661037272
1,2019-11-20,-0.19622947761135157
1,2019-11-21,-0.20638466708176537
1,2019-11-22,-0.2106585070516332
1,2019-11-23,-0.20916788831066824
1,2019-11-24,-0.2029517533836553
1,2019-11-25,-0.1937590584893435
1,2019-11-26,-0.1837199473459177
1,2019-11-27,-0.17494537834311924
1,2019-11-28,-0.16912568917253107
1,2019-11-29,-0.167220853075824
1,2019-11-30,-0.16933071477163242
1,2019-12-01,-0.17478875580890418
1,2019-12-02,-0.1824484910341027
1,2019-12-03,-0.19106131209330068
1,2019-12-04,-0.19961392420969157
1,2019-12-05,-0.20751921546065222
1,2019-12-06,-0.2146244826994469
1,2019-12-07,-0.22107725460449174
1,2019-12-08,-0.22713550810627792
1,2019-12-09,-0.2330076785333952
1,2019-12-10,-0.23876990542673182
1,2019-12-11,-0.24436111163268298
1,2019-12-12,-0.24962658903569024
1,2019-12-13,-0.25437641747756073
1,2019-12-14,-0.258437396828201
1,2019-12-15,-0.2616910067542585
1,2019-12-16,-0.2640958776985683
1,2019-12-17,-0.26569173111703515
1,2019-12-18,-0.26658161605113057
1,2019-12-19,-0.26689604370251485
1,2019-12-20,-0.26675393765082406
1,2019-12-21,-0.2662423579968509
1,2019-12-22,-0.2654311776825579
1,2019-12-23,-0.26442069743130875
1,2019-12-24,-0.26339873865095187
1,2019-12-25,-0.2626730436877939
1,2019-12-26,-0.2626526810335572
1,2019-12-27,-0.2637750435068393
1,2019-12-28,-0.2664001691498679
1,2019-12-29,-0.27070769047452814
1,2019-12-30,-0.2766277866111359
1,2019-12-31,-0.2838215262480015
1,2020-01-01,-0.2917089128779069
1,2020-01-02,-0.2995342075636422
1,2020-01-03,-0.30645912633900935
1,2020-01-04,-0.3116790409851283
1,2020-01-05,-0.3145562601059881
1,2020-01-06,-0.3147533025233978
1,2020-01-07,-0.3123328843162367
1,2020-01-08,-0.3077826795454512
1,2020-01-09,-0.30193534177206116
1,2020-01-10,-0.29578935286197594
1,2020-01-11,-0.2902794227285926
1,2020-01-12,-0.2860717557972628
1,2020-01-13,-0.28345142046644173
1,2020-01-14,-0.28232782479203256
1,2020-01-15,-0.28233367730450404
1,2020-01-16,-0.28296249011342384
1,2020-01-17,-0.2836928717659809
1,2020-01-18,-0.2840768044273439
1,2020-01-19,-0.28379846263957414
1,2020-01-20,-0.28272015090107694
1,2020-01-21,-0.28091819721076244
1,2020-01-22,-0.2786909208205497
1,2020-01-23,-0.2765128095253305
1,2020-01-24,-0.27492572021543527
1,2020-01-25,-0.2743895372793916
1,2020-01-26,-0.2751432415925638
1,2020-01-27,-0.27713094663508575
1,2020-01-28,-0.2800247503616936
1,2020-01-29,-0.2833350971774809
1,2020-01-30,-0.28656224036466055
1,2020-01-31,-0.28933141407594987
1,2020-02-01,-0.2914672070769935
1,2020-02-02,-0.29299305220222466
1,2020-02-03,-0.29407020110147836
1,2020-02-04,-0.29490568302919423
1,2020-02-05,-0.29566005524183675
1,2020-02-06,-0.2963767170945629
1,2020-02-07,-0.2969437141301494
1,2020-02-08,-0.29709124749721155
1,2020-02-09,-0.2964229938117797
1,2020-02-10,-0.29447646278824596
1,2020-02-11,-0.2908050948472538
1,2020-02-12,-0.2850731053151048
1,2020-02-13,-0.2771519290116421
1,2020-02-14,-0.26720277905878903
1,2020-02-15,-0.2557241303673619
1,2020-02-16,-0.2435384927327433
1,2020-02-17,-0.2316967856949823
1,2020-02-18,-0.22129629631697745
1,2020-02-19,-0.21323995479716348
1,2020-02-20,-0.2079995052212794
1,2020-02-21,-0.20546466529800925
1,2020-02-22,-0.20494747514964995
1,2020-02-23,-0.20536153783745645
1,2020-02-24,-0.20552653253387762
1,2020-02-25,-0.2044898879963878
1,2020-02-26,-0.2017418485218802
1,2020-02-27,-0.19723904280933166
1,2020-02-28,-0.1912323013065687
1,2020-02-29,-0.18398071359608487
1,2020-03-01,-0.1754895601694403
1,2020-03-02,-0.16540741447364182
1,2020-03-03,-0.153154958786889
1,2020-03-04,-0.13825643916034752
1,2020-03-05,-0.12074357376182203
1,2020-03-06,-0.10144260273300931
1,2020-03-07,-0.08197656779166412
1,2020-03-08,-0.0644185166262899
1,2020-03-09,-0.05068412347092382
1,2020-03-10,-0.04188582280186075
1,2020-03-11,-0.037916315565771914
1,2020-03-12,-0.03745449057403618
1,2020-03-13,-0.03841413340784148
1,2020-03-14,-0.03866622268448031
1,2020-03-15,-0.03674685690270399
1,2020-03-16,-0.03227281635137082
1,2020-03-17,-0.025922083612693016
1,2020-03-18,-0.019026374113027756
1,2020-03-19,-0.012977189133817478
1,2020-03-20,-0.008700808698130415
1,2020-03-21,-0.006389073576427221
1,2020-03-22,-0.005536089796766711
1,2020-03-23,-0.005194193336622169
1,2020-03-24,-0.004294117978080982
1,2020-03-25,-0.001892822101894187
1,2020-03-26,0.0027086544162877144
1,2020-03-27,0.00995105737611281
1,2020-03-28,0.020036056586607454
1,2020-03-29,0.03292051865946687
1,2020-03-30,0.0482742418868022
1,2020-03-31,0.06543647224586534
1,2020-04-01,0.0834248081302165
1,2020-04-02,0.10103197953276807
1,2020-04-03,0.11700649955716837
1,2020-04-04,0.13027374457728993
1,2020-04-05,0.1401339389289557
1,2020-04-06,0.14637850911979616
1,2020-04-07,0.1492924013654718
1,2020-04-08,0.14954739483230228
1,2020-04-09,0.14802678362394922
1,2020-04-10,0.14564239967511822
1,2020-04-11,0.14320115824634017
1,2020-04-12,0.1413507392205348
1,2020-04-13,0.1405938909702466
1,2020-04-14,0.14132874851411925
1,2020-04-15,0.1438658751464755
1,2020-04-16,0.14839554522154555
1,2020-04-17,0.1549174883091605
1,2020-04-18,0.16317679212380276
1,2020-04-19,0.17265507157954688
1,2020-04-20,0.18264211812033695
1,2020-04-21,0.19237427457201686
1,2020-04-22,0.20119335752881465
1,2020-04-23,0.2086705875346937
1,2020-04-24,0.2146568512986068
1,2020-04-25,0.219253037673854
1,2020-04-26,0.22272551582265912
1,2020-04-27,0.2254079000707181
1,2020-04-28,0.22762588727747768
1,2020-04-29,0.22966225158713816
1,2020-04-30,0.2317547373977556
1,2020-05-01,0.23410144927320983
1,2020-05-02,0.23684364841999836
1,2020-05-03,0.2400065373270619
1,2020-05-04,0.24339980519715865
1,2020-05-05,0.24650397327787596
1,2020-05-06,0.2483857385137842
1,2020-05-07,0.24768769390236656
1,2020-05-08,0.2427232212821821
1,2020-05-09,0.23168178725649338
1,2020-05-10,0.2129236379824655
1,2020-05-11,0.18532386133656034
1,2020-05-12,0.14861297050192232
1,2020-05-13,0.10365003544304106
1,2020-05-14,0.052552255353056646
1,2020-05-15,-0.0013982829232203765
1,2020-05-16,-0.05412266913045738
1,2020-05-17,-0.10137259750630352
1,2020-05-18,-0.13950550699606737
1,2020-05-19,-0.166210511753733
1,2020-05-20,-0.18095702811198533
1,2020-05-21,-0.18500162423613972
1,2020-05-22,-0.18093253397638942
1,2020-05-23,-0.17190218004904603
1,2020-05-24,-0.160825121409372
1,2020-05-25,-0.149829642416097
1,2020-05-26,-0.1401315147867597
1,2020-05-27,-0.1322966557179406
1,2020-05-28,-0.12667321175985896
1,2020-05-29,-0.1237047398605768
1,2020-05-30,-0.12392706332679358
1,2020-05-31,-0.12765161632786204
1,2020-06-01,-0.13453404805467412
1,2020-06-02,-0.14330780050333297
1,2020-06-03,-0.15188747524540866
1,2020-06-04,-0.15785826533475342
1,2020-06-05,-0.15917473943138366
1,2020-06-06,-0.154793960640259
1,2020-06-07,-0.14500290777592773
1,2020-06-08,-0.13133870719400254
1,2020-06-09,-0.11616425311719074
1,2020-06-10,-0.10207562995009309
1,2020-06-11,-0.09134225112072918
1,2020-06-12,-0.08552390719011176
1,2020-06-13,-0.08531467033097667
1,2020-06-14,-0.09058038069130732
1,2020-06-15,-0.10051609188723876
1,2020-06-16,-0.11385405463795602
1,2020-06-17,-0.1290819326545184
1,2020-06-18,-0.14465651803410917
1,2020-06-19,-0.1592022740265649
1,2020-06-20,-0.17167015672928626
1,2020-06-21,-0.18141944354616923
1,2020-06-22,-0.18819629161065599
1,2020-06-23,-0.1920215999521105
1,2020-06-24,-0.19304784393064708
1,2020-06-25,-0.19146534804042376
1,2020-06-26,-0.1875107760723979
1,2020-06-27,-0.18156506070312317
1,2020-06-28,-0.17426422834160366
1,2020-06-29,-0.16652872712050487
1,2020-06-30,-0.15945861777543818
1,2020-07-01,-0.15412010944814725
1,2020-07-02,-0.15131356530408052
1,2020-07-03,-0.1514255095555299
1,2020-07-04,-0.15442348991344598
1,2020-07-05,-0.1599805672062403
1,2020-07-06,-0.167656499895615
1,2020-07-07,-0.17704534290074989
1,2020-07-08,-0.18782677047135823
1,2020-07-09,-0.19971363871984754
1,2020-07-10,-0.21234207989671802
1,2020-07-11,-0.22517745370860984
1,2020-07-12,-0.2375010289906409
1,2020-07-13,-0.24850312533085422
1,2020-07-14,-0.2574574789212947
1,2020-07-15,-0.2639114825027775
1,2020-07-16,-0.2678149436247397
1,2020-07-17,-0.2695318836291855
1,2020-07-18,-0.2697254763102543
1,2020-07-19,-0.2691549635551718
1,2020-07-20,-0.2684528704291509
1,2020-07-21,-0.2679493117139026
1,2020-07-22,-0.267582182357107
1,2020-07-23,-0.2668963015501304
1,2020-07-24,-0.2651108208488064
1,2020-07-25,-0.2612315513679258
1,2020-07-26,-0.25419720646748756
1,2020-07-27,-0.24305932921858647
1,2020-07-28,-0.22719245562514775
1,2020-07-29,-0.20651199922817715
1,2020-07-30,-0.18165244281191545
1,2020-07-31,-0.15404231465204088
1,2020-08-01,-0.12581813397440814
1,2020-08-02,-0.09955131824534796
1,2020-08-03,-0.07781672180243733
1,2020-08-04,-0.06269247142118879
1,2020-08-05,-0.055321178445788335
1,2020-08-06,-0.055660764836847954
1,2020-08-07,-0.06250160709643225
1,2020-08-08,-0.07374232033137092
1,2020-08-09,-0.08683553352858014
1,2020-08-10,-0.09927029056599772
1,2020-08-11,-0.10896437653605373
1,2020-08-12,-0.11448871456487687
1,2020-08-13,-0.11511631121090492
1,2020-08-14,-0.11074530596950777
1,2020-08-15,-0.10177237368361387
1,2020-08-16,-0.08897820125054175
1,2020-08-17,-0.07344407557555134
1,2020-08-18,-0.056476537720900305
1,2020-08-19,-0.03950165934787866
1,2020-08-20,-0.023910173697297553
1,2020-08-21,-0.010875401233093072
1,2020-08-22,-0.0011988768103852198
1,2020-08-23,0.004759738357580421
1,2020-08-24,0.007042436800472671
1,2020-08-25,0.005962838557970744
1,2020-08-26,0.0019459234265821778
1,2020-08-27,-0.004591530200304626
1,2020-08-28,-0.01327237227346073
1,2020-08-29,-0.023703163762005253
1,2020-08-30,-0.03538364551954558
1,2020-08-31,-0.047659100919451525
1,2020-09-01,-0.05977410988337956
1,2020-09-02,-0.07102816020778024
1,2020-09-03,-0.08096869017653083
1,2020-09-04,-0.08952712309645551
1,2020-09-05,-0.0970291943263772
1,2020-09-06,-0.1040798054137428
1,2020-09-07,-0.1113878488850845
1,2020-09-08,-0.1196138544027649
1,2020-09-09,-0.12928256295334975
1,2020-09-10,-0.14073826435128586
1,2020-09-11,-0.15408686291498233
1,2020-09-12,-0.169096172335123
1,2020-09-13,-0.1850937081137937
1,2020-09-14,-0.2009532267940424
1,2020-09-15,-0.21524754724765577
1,2020-09-16,-0.22656450484519886
1,2020-09-17,-0.23388249542542772
1,2020-09-18,-0.23684839009680778
1,2020-09-19,-0.23582768744864477
1,2020-09-20,-0.23169330807726288
1,2020-09-21,-0.22543421710317735
1,2020-09-22,-0.21774267096645356
1,2020-09-23,-0.20874619292644994
1,2020-09-24,-0.1979885803298992
1,2020-09-25,-0.18466223304812246
1,2020-09-26,-0.16799582874199215
1,2020-09-27,-0.14764652491651475
1,2020-09-28,-0.12395688786269904
1,2020-09-29,-0.09800367011299212
1,2020-09-30,-0.07145313914994168
1,2020-10-01,-0.04629990563381887
1,2020-10-02,-0.024578099167727217
1,2020-10-03,-0.008099474953748114
1,2020-10-04,0.0017721677944155085
1,2020-10-05,0.004322026221626552
1,2020-10-06,-3.4463026628352486e-4
1,2020-10-07,-0.011205106797068994
1,2020-10-08,-0.026366515856064175
1,2020-10-09,-0.04331600496025896
1,2020-10-10,-0.059373544587230744
1,2020-10-11,-0.07226076001118698
1,2020-10-12,-0.08062573605929063
1,2020-10-13,-0.08434354316636464
1,2020-10-14,-0.08446846901031346
1,2020-10-15,-0.08283491190616356
1,2020-10-16,-0.08143861406347969
1,2020-10-17,-0.08181626739278482
1,2020-10-18,-0.08463590741904964
1,2020-10-19,-0.08961916318821693
1,2020-10-20,-0.09578426126471615
1,2020-10-21,-0.10188647157891328
1,2020-10-22,-0.10688043250190571
1,2020-10-23,-0.11024324802627246
1,2020-10-24,-0.11206338568203653
1,2020-10-25,-0.11289030050972494
1,2020-10-26,-0.11342608830437195
1,2020-10-27,-0.11419618173404683
1,2020-10-28,-0.11533798358102768
1,2020-10-29,-0.11658978654712515
1,2020-10-30,-0.11747043715845516
1,2020-10-31,-0.11755125701207217
1,2020-11-01,-0.1166818622189081
1,2020-11-02,-0.1150587060890461
1,2020-11-03,-0.11310690583961414
1,2020-11-04,-0.11124120332842892
1,2020-11-05,-0.1096344798042398
1,2020-11-06,-0.10812211218040742
1,2020-11-07,-0.10630721032494747
1,2020-11-08,-0.10383526943780559
1,2020-11-09,-0.10072091298576777
1,2020-11-10,-0.09757263408556548
1,2020-11-11,-0.0955915609861698
1,2020-11-12,-0.09630792929388865
1,2020-11-13,-0.10112676282744568
1,2020-11-14,-0.1108383656206838
1,2020-11-15,-0.12527066825747044
1,2020-11-16,-0.14321011380696486
1,2020-11-17,-0.16261746280741957
1,2020-11-18,-0.18106132287402488
1,2020-11-19,-0.1962305329315439
1,2020-11-20,-0.20638611403955087
1,2020-11-21,-0.21066037364872636
1,2020-11-22,-0.2091702113435285
1,2020-11-23,-0.20295437293266705
1,2020-11-24,-0.19376172249207319
1,2020-11-25,-0.18372242053498555
1,2020-11-26,-0.17494752800536392
1,2020-11-27,-0.16912747586994223
1,2020-11-28,-0.16722229129200733
1,2020-11-29,-0.16933188874317784
1,2020-11-30,-0.17478973551693983
1,2020-12-01,-0.18244933451130008
1,2020-12-02,-0.19106206995527078
1,2020-12-03,-0.199614603281358
1,2020-12-04,-0.20751981167065403
1,2020-12-05,-0.21462498939516952
1,2020-12-06,-0.22107769819491396
1,2020-12-07,-0.22713592106082967
1,2020-12-08,-0.23300805599196367
1,2020-12-09,-0.23877018840854006
1,2020-12-10,-0.24436121488868878
1,2020-12-11,-0.24962651186162746
1,2020-12-12,-0.25437623140018534
1,2020-12-13,-0.2584371707209733
1,2020-12-14,-0.2616908145329701
1,2020-12-15,-0.26409574608509484
1,2020-12-16,-0.2656916794428027
1,2020-12-17,-0.26658164075480023
1,2020-12-18,-0.2668961244931844
1,2020-12-19,-0.2667540459006561
1,2020-12-20,-0.2662424636485249
1,2020-12-21,-0.26543127852521037
1,2020-12-22,-0.26442081292371833
1,2020-12-23,-0.2633988799250914
1,2020-12-24,-0.2626732007888108
1,2020-12-25,-0.26265284379368375
1,2020-12-26,-0.2637751958102938
1,2020-12-27,-0.2664003054672371
1,2020-12-28,-0.27070780451415527
1,2020-12-29,-0.27662786574673953
1,2020-12-30,-0.28382156315011664
1,2020-12-31,-0.28382152578648284
1,2021-01-01,-0.29170888953090557
1,2021-01-02,-0.2995341786206608
1,2021-01-03,-0.30645910593445047
1,2021-01-04,-0.3116790292522837
1,2021-01-05,-0.31455624724855047
1,2021-01-06,-0.3147532648400636
1,2021-01-07,-0.31233279550382376
1,2021-01-08,-0.3077825364924209
1,2021-01-09,-0.30193519821519393
1,2021-01-10,-0.29578929040257546
1,2021-01-11,-0.29027946922377335
1,2021-01-12,-0.2860718977889847
1,2021-01-13,-0.28345166540349526
1,2021-01-14,-0.28232819148852967
1,2021-01-15,NA
1,2021-01-16,NA
1,2021-01-17,NA
1,2021-01-18,NA
1,2021-01-19,NA
1,2021-01-20,NA
1,2021-01-21,NA
1,2021-01-22,NA
1,2021-01-23,NA
1,2021-01-24,NA
1,2021-01-25,NA
1,2021-01-26,NA
1,2021-01-27,NA
1,2021-01-28,NA
1,2021-01-29,NA
1,2021-01-30,NA
1,2021-01-31,NA
1,2021-02-01,NA
1,2021-02-02,NA
1,2021-02-03,NA
1,2021-02-04,NA
1,2021-02-05,NA
1,2021-02-06,NA
1,2021-02-07,NA
1,2021-02-08,NA
1,2021-02-09,NA
1,2021-02-10,NA
1,2021-02-11,NA
1,2021-02-12,NA
1,2021-02-13,NA
1,2021-02-14,NA
1,2021-02-15,NA
1,2021-02-16,NA
1,2021-02-17,NA
1,2021-02-18,NA
1,2021-02-19,NA
1,2021-02-20,NA
1,2021-02-21,NA
1,2021-02-22,NA
1,2021-02-23,NA
1,2021-02-24,NA
1,2021-02-25,NA
1,2021-02-26,NA
1,2021-02-27,NA
1,2021-02-28,NA
1,2021-03-01,NA
1,2021-03-02,NA
1,2021-03-03,NA
1,2021-03-04,NA
1,2021-03-05,NA
1,2021-03-06,NA
1,2021-03-07,NA
1,2021-03-08,NA
1,2021-03-09,NA
1,2021-03-10,NA
1,2021-03-11,NA
1,2021-03-12,NA
1,2021-03-13,NA
1,2021-03-14,NA
1,2021-03-15,NA
1,2021-03-16,NA
1,2021-03-17,NA
1,2021-03-18,NA
1,2021-03-19,NA
1,2021-03-20,NA
1,2021-03-21,NA
1,2021-03-22,NA
1,2021-03-23,NA
1,2021-03-24,NA
1,2021-03-25,NA
1,2021-03-26,NA
1,2021-03-27,NA
1,2021-03-28,NA
1,2021-03-29,NA
1,2021-03-30,NA
1,2021-03-31,NA
1,2021-04-01,NA
1,2021-04-02,NA
1,2021-04-03,NA
1,2021-04-04,NA
1,2021-04-05,NA
1,2021-04-06,NA
1,2021-04-07,NA
1,2021-04-08,NA
1,2021-04-09,NA
1,2021-04-10,NA
1,2021-04-11,NA
1,2021-04-12,NA
1,2021-04-13,NA
1,2021-04-14,NA
1,2021-04-15,NA
1,2021-04-16,NA
1,2021-04-17,NA
1,2021-04-18,NA
1,2021-04-19,NA
1,2021-04-20,NA
1,2021-04-21,NA
1,2021-04-22,NA
1,2021-04-23,NA
1,2021-04-24,NA
1,2021-04-25,NA
1,2021-04-26,NA
1,2021-04-27,NA
1,2021-04-28,NA
1,2021-04-29,NA
1,2021-04-30,NA
1,2021-05-01,NA
1,2021-05-02,NA
1,2021-05-03,NA
1,2021-05-04,NA
1,2021-05-05,NA
1,2021-05-06,NA
1,2021-05-07,NA
1,2021-05-08,NA
1,2021-05-09,NA
1,2021-05-10,NA
1,2021-05-11,NA
1,2021-05-12,NA
1,2021-05-13,NA
1,2021-05-14,NA
1,2021-05-15,NA
1,2021-05-16,NA
1,2021-05-17,NA
1,2021-05-18,NA
1,2021-05-19,NA
1,2021-05-20,NA
1,2021-05-21,NA
1,2021-05-22,NA
1,2021-05-23,NA
1,2021-05-24,NA
1,2021-05-25,NA
1,2021-05-26,NA
1,2021-05-27,NA
1,2021-05-28,NA
1,2021-05-29,NA
1,2021-05-30,NA
1,2021-05-31,NA
1,2021-06-01,NA
1,2021-06-02,NA
1,2021-06-03,NA
1,2021-06-04,NA
1,2021-06-05,NA
1,2021-06-06,NA
1,2021-06-07,NA
1,2021-06-08,NA
1,2021-06-09,NA
1,2021-06-10,NA
1,2021-06-11,NA
1,2021-06-12,NA
1,2021-06-13,NA
1,2021-06-14,NA
1,2021-06-15,NA
1,2021-06-16,NA
1,2021-06-17,NA
1,2021-06-18,NA
1,2021-06-19,NA
1,2021-06-20,NA
1,2021-06-21,NA
1,2021-06-22,NA
1,2021-06-23,NA
1,2021-06-24,NA
1,2021-06-25,NA
1,2021-06-26,NA
1,2021-06-27,NA
1,2021-06-28,NA
1,2021-06-29,NA
1,2021-06-30,NA
1,2021-07-01,NA
1,2021-07-02,NA
1,2021-07-03,NA
1,2021-07-04,NA
1,2021-07-05,NA
1,2021-07-06,NA
1,2021-07-07,NA
1,2021-07-08,NA
1,2021-07-09,NA
1,2021-07-10,NA
1,2021-07-11,NA
1,2021-07-12,NA
1,2021-07-13,NA
1,2021-07-14,NA
1,2021-07-15,NA
1,2021-07-16,NA
1,2021-07-17,NA
1,2021-07-18,NA
1,2021-07-19,NA
1,2021-07-20,NA
1,2021-07-21,NA
1,2021-07-22,NA
1,2021-07-23,NA
1,2021-07-24,NA
1,2021-07-25,NA
1,2021-07-26,NA
1,2021-07-27,NA
1,2021-07-28,NA
1,2021-07-29,NA
1,2021-07-30,NA
1,2021-07-31,NA
1,2021-08-01,NA
1,2021-08-02,NA
1,2021-08-03,NA
1,2021-08-04,NA
1,2021-08-05,NA
1,2021-08-06,NA
1,2021-08-07,NA
1,2021-08-08,NA
1,2021-08-09,NA
1,2021-08-10,NA
1,2021-08-11,NA
1,2021-08-12,NA
1,2021-08-13,NA
1,2021-08-14,NA
1,2021-08-15,NA
1,2021-08-16,NA
1,2021-08-17,NA
1,2021-08-18,NA
1,2021-08-19,NA
1,2021-08-20,NA
1,2021-08-21,NA
1,2021-08-22,NA
1,2021-08-23,NA
1,2021-08-24,NA
1,2021-08-25,NA
1,2021-08-26,NA
1,2021-08-27,NA
1,2021-08-28,NA
1,2021-08-29,NA
1,2021-08-30,NA
1,2021-08-31,NA
1,2021-09-01,NA
1,2021-09-02,NA
1,2021-09-03,NA
1,2021-09-04,NA
1,2021-09-05,NA
1,2021-09-06,NA
1,2021-09-07,NA
1,2021-09-08,NA
1,2021-09-09,NA
1,2021-09-10,NA
1,2021-09-11,NA
1,2021-09-12,NA
1,2021-09-13,NA
1,2021-09-14,NA
1,2021-09-15,NA
1,2021-09-16,NA
1,2021-09-17,NA
1,2021-09-18,NA
1,2021-09-19,NA
1,2021-09-20,NA
1,2021-09-21,NA
1,2021-09-22,NA
1,2021-09-23,NA
1,2021-09-24,NA
1,2021-09-25,NA
1,2021-09-26,NA
1,2021-09-27,NA
1,2021-09-28,NA
1,2021-09-29,NA
1,2021-09-30,NA
1,2021-10-01,NA
1,2021-10-02,NA
1,2021-10-03,NA
1,2021-10-04,NA
1,2021-10-05,NA
1,2021-10-06,NA
1,2021-10-07,NA
1,2021-10-08,NA
1,2021-10-09,NA
1,2021-10-10,NA
1,2021-10-11,NA
1,2021-10-12,NA
1,2021-10-13,NA
1,2021-10-14,NA
1,2021-10-15,NA
1,2021-10-16,NA
1,2021-10-17,NA
1,2021-10-18,NA
1,2021-10-19,NA
1,2021-10-20,NA
1,2021-10-21,NA
1,2021-10-22,NA
1,2021-10-23,NA
1,2021-10-24,NA
1,2021-10-25,NA
1,2021-10-26,NA
1,2021-10-27,NA
1,2021-10-28,NA
1,2021-10-29,NA
1,2021-10-30,NA
1,2021-10-31,NA
1,2021-11-01,NA
1,2021-11-02,NA
1,2021-11-03,NA
1,2021-11-04,NA
1,2021-11-05,NA
1,2021-11-06,NA
1,2021-11-07,NA
1,2021-11-08,NA
1,2021-11-09,NA
1,2021-11-10,NA
1,2021-11-11,NA
1,2021-11-12,NA
1,2021-11-13,NA
1,2021-11-14,NA
1,2021-11-15,NA
1,2021-11-16,NA
1,2021-11-17,NA
1,2021-11-18,NA
1,2021-11-19,NA
1,2021-11-20,NA
1,2021-11-21,NA
1,2021-11-22,NA
1,2021-11-23,NA
1,2021-11-24,NA
1,2021-11-25,NA
1,2021-11-26,NA
1,2021-11-27,NA
1,2021-11-28,NA
1,2021-11-29,NA
1,2021-11-30,NA
1,2021-12-01,NA
1,2021-12-02,NA
1,2021-12-03,NA
1,2021-12-04,NA
1,2021-12-05,NA
1,2021-12-06,NA
1,2021-12-07,NA
1,2021-12-08,NA
1,2021-12-09,NA
1,2021-12-10,NA
1,2021-12-11,NA
1,2021-12-12,NA
1,2021-12-13,NA
1,2021-12-14,NA
1,2021-12-15,NA
1,2021-12-16,NA
1,2021-12-17,NA
1,2021-12-18,NA
1,2021-12-19,NA
1,2021-12-20,NA
1,2021-12-21,NA
1,2021-12-22,NA
1,2021-12-23,NA
1,2021-12-24,NA
1,2021-12-25,NA
1,2021-12-26,NA
1,2021-12-27,NA
1,2021-12-28,NA
1,2021-12-29,NA
1,2021-12-30,NA
1,2021-12-31,NA
1,2022-01-01,NA
1,2022-01-02,NA
1,2022-01-03,NA
1,2022-01-04,NA
1,2022-01-05,NA
1,2022-01-06,NA
1,2022-01-07,NA
1,2022-01-08,NA
1,2022-01-09,NA
1,2022-01-10,NA
1,2022-01-11,NA
1,2022-01-12,NA
1,2022-01-13,NA
1,2022-01-14,NA
1,2022-01-15,NA
1,2022-01-16,NA
1,2022-01-17,NA
1,2022-01-18,NA
1,2022-01-19,NA
1,2022-01-20,NA
1,2022-01-21,NA
1,2022-01-22,NA
1,2022-01-23,NA
1,2022-01-24,NA
1,2022-01-25,NA
1,2022-01-26,NA
