site,date,value
1,2012-01-01,0.060649270462021225
1,2012-01-02,0.060727601001846924
1,2012-01-03,0.060818472514066475
1,2012-01-04,0.060879384753932717
1,2012-01-05,0.06088894716817187
1,2012-01-06,0.06086729698764044
1,2012-01-07,0.0608635294448771
1,2012-01-08,0.06091635354227105
1,2012-01-09,0.0610197835303741
1,2012-01-10,0.0611247742983328
1,2012-01-11,0.06117740791600114
1,2012-01-12,0.061160909428509914
1,2012-01-13,0.06110547077000732
1,2012-01-14,0.0610604304426055
1,2012-01-15,0.06105619536580335
1,2012-01-16,0.061087148025395575
1,2012-01-17,0.0611240268248886
1,2012-01-18,0.06114080130185905
1,2012-01-19,0.061134569803362404
1,2012-01-20,0.06112608077565577
1,2012-01-21,0.061143141491731647
1,2012-01-22,0.06119976447233535
1,2012-01-23,0.061284891601322236
1,2012-01-24,0.06136706604346686
1,2012-01-25,0.06141157092322449
1,2012-01-26,0.061399425224190105
1,2012-01-27,0.06133619994970097
1,2012-01-28,0.061245285333415625
1,2012-01-29,0.06115226949021188
1,2012-01-30,0.061073960075772614
1,2012-01-31,0.06101903144315602
1,2012-02-01,0.060993688270449764
1,2012-02-02,0.061001293984300965
1,2012-02-03,0.06103496990828584
1,2012-02-04,0.061073587905775044
1,2012-02-05,0.061089643721242703
1,2012-02-06,0.061065016091897795
1,2012-02-07,0.06100304093920711
1,2012-02-08,0.0609290916317388
1,2012-02-09,0.06087980082240097
1,2012-02-10,0.06088657969321912
1,2012-02-11,0.060962055224662505
1,2012-02-12,0.061096909772579734
1,2012-02-13,0.06126672177688285
1,2012-02-14,0.061440092440641816
1,2012-02-15,0.06158181784594169
1,2012-02-16,0.061655990624777876
1,2012-02-17,0.06163709018439716
1,2012-02-18,0.06152512651003289
1,2012-02-19,0.06134949448734271
1,2012-02-20,0.0611537261020833
1,2012-02-21,0.060973212301322514
1,2012-02-22,0.060825129966250044
1,2012-02-23,0.06071452700716102
1,2012-02-24,0.060642684281822616
1,2012-02-25,0.060606129557369236
1,2012-02-26,0.060591911584151364
1,2012-02-27,0.06058202373887673
1,2012-02-28,0.060567535974673285
1,2012-02-29,0.0605583690848914
1,2012-03-01,0.060576781209942955
1,2012-03-02,0.06063872777186472
1,2012-03-03,0.06073963697469593
1,2012-03-04,0.06085780868187914
1,2012-03-05,0.06097188968341885
1,2012-03-06,0.06107337438547142
1,2012-03-07,0.06115928006845092
1,2012-03-08,0.0612154926599929
1,2012-03-09,0.06121856509385225
1,2012-03-10,0.061163044906357183
1,2012-03-11,0.06108187150790656
1,2012-03-12,0.06102544719075115
1,2012-03-13,0.061014190657023154
1,2012-03-14,0.06101838060130461
1,2012-03-15,0.06099199989910003
1,2012-03-16,0.06092536752426857
1,2012-03-17,0.06086124337982479
1,2012-03-18,0.06085987789216429
1,2012-03-19,0.06094707933166918
1,2012-03-20,0.06108805660749803
1,2012-03-21,0.061204445540341414
1,2012-03-22,0.061221695670107365
1,2012-03-23,0.061115631890114396
1,2012-03-24,0.060927679390265894
1,2012-03-25,0.060740157309431324
1,2012-03-26,0.06063161319127702
1,2012-03-27,0.06064249819566044
1,2012-03-28,0.060767278992337956
1,2012-03-29,0.06096875141578892
1,2012-03-30,0.0612003259900479
1,2012-03-31,0.06142290363519914
1,2012-04-01,0.061610417067456395
1,2012-04-02,0.061748397245757994
1,2012-04-03,0.0618343560757603
1,2012-04-04,0.06188088162963037
1,2012-04-05,0.061912029390783066
1,2012-04-06,0.061947419758830925
1,2012-04-07,0.06198480370801077
1,2012-04-08,0.06199975354609097
1,2012-04-09,0.06196737628568817
1,2012-04-10,0.061888509306097295
1,2012-04-11,0.06179651104873498
1,2012-04-12,0.061738069355552996
1,2012-04-13,0.061744551110827356
1,2012-04-14,0.061816091206428156
1,2012-04-15,0.06192567705535545
1,2012-04-16,0.06203350955858512
1,2012-04-17,0.062099971658261977
1,2012-04-18,0.062095127217431136
1,2012-04-19,0.062008033458510935
1,2012-04-20,0.061854158722853894
1,2012-04-21,0.06167340645515118
1,2012-04-22,0.061515001765487874
1,2012-04-23,0.061416147611649034
1,2012-04-24,0.06138763484611883
1,2012-04-25,0.061414821690162824
1,2012-04-26,0.061470973293234955
1,2012-04-27,0.06153211373227999
1,2012-04-28,0.06158433898093505
1,2012-04-29,0.06162266553965405
1,2012-04-30,0.06164630909496028
1,2012-05-01,0.06165455867966708
1,2012-05-02,0.06164444326615489
1,2012-05-03,0.0616112597961536
1,2012-05-04,0.06155341381039812
1,2012-05-05,0.06147911999758749
1,2012-05-06,0.06140778662725693
1,2012-05-07,0.061361914985213574
1,2012-05-08,0.06135479646440527
1,2012-05-09,0.061383007688513055
1,2012-05-10,0.06142573801275257
1,2012-05-11,0.06144708068813592
1,2012-05-12,0.0614026436110298
1,2012-05-13,0.06125780445668668
1,2012-05-14,0.06101492293579628
1,2012-05-15,0.06072752990206639
1,2012-05-16,0.060479508081875626
1,2012-05-17,0.06033774852439497
1,2012-05-18,0.06031700497993389
1,2012-05-19,0.06038618538347908
1,2012-05-20,0.06050226266081197
1,2012-05-21,0.06063242088245879
1,2012-05-22,0.06074827685926238
1,2012-05-23,0.06081571451007106
1,2012-05-24,0.06080653284634845
1,2012-05-25,0.06072285303264929
1,2012-05-26,0.06060405568755434
1,2012-05-27,0.06050652315339101
1,2012-05-28,0.06047450972100073
1,2012-05-29,0.060520131412952455
1,2012-05-30,0.06061737114049558
1,2012-05-31,0.06071381858861358
1,2012-06-01,0.06076035893105749
1,2012-06-02,0.06073981436480211
1,2012-06-03,0.06066925026946844
1,2012-06-04,0.06057780383630677
1,2012-06-05,0.06048809597841397
1,2012-06-06,0.06041720947474717
1,2012-06-07,0.06038358087279236
1,2012-06-08,0.06040256189489323
1,2012-06-09,0.060475299135589966
1,2012-06-10,0.060586876621503354
1,2012-06-11,0.060716612984324944
1,2012-06-12,0.060848273749916144
1,2012-06-13,0.060970671095810135
1,2012-06-14,0.06107266520428423
1,2012-06-15,0.06114276839391514
1,2012-06-16,0.06117637742496913
1,2012-06-17,0.06118267552323451
1,2012-06-18,0.06118129446827002
1,2012-06-19,0.061188701000132226
1,2012-06-20,0.06120514605903964
1,2012-06-21,0.06121277400293287
1,2012-06-22,0.061185759339127045
1,2012-06-23,0.06110567732155258
1,2012-06-24,0.060974598935541774
1,2012-06-25,0.06081984766094523
1,2012-06-26,0.06068593691590281
1,2012-06-27,0.06061487495316537
1,2012-06-28,0.06062509136411772
1,2012-06-29,0.06070292136542068
1,2012-06-30,0.060812503660299805
1,2012-07-01,0.060915527480191266
1,2012-07-02,0.060985282150480845
1,2012-07-03,0.061007697489679213
1,2012-07-04,0.06097659001541505
1,2012-07-05,0.060894318626327285
1,2012-07-06,0.06077848283403304
1,2012-07-07,0.06066410442058537
1,2012-07-08,0.06059268970100009
1,2012-07-09,0.06059185553439439
1,2012-07-10,0.06065836276720249
1,2012-07-11,0.0607559926715654
1,2012-07-12,0.060831168479465965
1,2012-07-13,0.06083970222520173
1,2012-07-14,0.06077108177956628
1,2012-07-15,0.060655752300063176
1,2012-07-16,0.060549126676925816
1,2012-07-17,0.06050068605719697
1,2012-07-18,0.06052746864707863
1,2012-07-19,0.060609389161509014
1,2012-07-20,0.060709047624586114
1,2012-07-21,0.060800654904753726
1,2012-07-22,0.06088537317336547
1,2012-07-23,0.06098177759424946
1,2012-07-24,0.0611023900160543
1,2012-07-25,0.061239405399723626
1,2012-07-26,0.061371305433349246
1,2012-07-27,0.06147897314071126
1,2012-07-28,0.061552052792299757
1,2012-07-29,0.061582807408277915
1,2012-07-30,0.0615632708306613
1,2012-07-31,0.06149605280445278
1,2012-08-01,0.061405956577414926
1,2012-08-02,0.06133104152341046
1,2012-08-03,0.06129332365423778
1,2012-08-04,0.06127623264527428
1,2012-08-05,0.0612339978009511
1,2012-08-06,0.06112777109543474
1,2012-08-07,0.06095795186159539
1,2012-08-08,0.06076647441710302
1,2012-08-09,0.06060859674704296
1,2012-08-10,0.06051680403938179
1,2012-08-11,0.060483810677554
1,2012-08-12,0.06047598399115621
1,2012-08-13,0.06046429539727392
1,2012-08-14,0.06044637078686004
1,2012-08-15,0.060442606501825674
1,2012-08-16,0.060473069999573116
1,2012-08-17,0.06053746044092037
1,2012-08-18,0.06061462297712302
1,2012-08-19,0.06067955819150915
1,2012-08-20,0.060722644543854364
1,2012-08-21,0.0607564732371415
1,2012-08-22,0.060805801563737605
1,2012-08-23,0.06088749031154058
1,2012-08-24,0.06099389054663135
1,2012-08-25,0.06109117487812917
1,2012-08-26,0.06113448392906573
1,2012-08-27,0.06109118979189271
1,2012-08-28,0.06095930404073002
1,2012-08-29,0.0607715835182023
1,2012-08-30,0.06058337966619497
1,2012-08-31,0.06044992784986835
1,2012-09-01,0.060404702743384546
1,2012-09-02,0.060450833074797
1,2012-09-03,0.060568168353902135
1,2012-09-04,0.06072554725632185
1,2012-09-05,0.0608866868120682
1,2012-09-06,0.06101180642983393
1,2012-09-07,0.06106629340628957
1,2012-09-08,0.06103789399497986
1,2012-09-09,0.060948181865188765
1,2012-09-10,0.060844117392848854
1,2012-09-11,0.06077253533354161
1,2012-09-12,0.06075638085165299
1,2012-09-13,0.060790082819125256
1,2012-09-14,0.060853860532937336
1,2012-09-15,0.06093163113599046
1,2012-09-16,0.06101913488716425
1,2012-09-17,0.061120372438503094
1,2012-09-18,0.06123676611920889
1,2012-09-19,0.06135528666471942
1,2012-09-20,0.06144521104501791
1,2012-09-21,0.06147152638436547
1,2012-09-22,0.06141944589675973
1,2012-09-23,0.06131105822422459
1,2012-09-24,0.06119891929289775
1,2012-09-25,0.061139602709985315
1,2012-09-26,0.061164074863050616
1,2012-09-27,0.06126142092020021
1,2012-09-28,0.061384228925931046
1,2012-09-29,0.0614744670813226
1,2012-09-30,0.06149704106878812
1,2012-10-01,0.06145873284666681
1,2012-10-02,0.06139649152007913
1,2012-10-03,0.06134345079283465
1,2012-10-04,0.06130201657627618
1,2012-10-05,0.06124748686444373
1,2012-10-06,0.06115704914181745
1,2012-10-07,0.06103589258809724
1,2012-10-08,0.060916604442396466
1,2012-10-09,0.06083435571882207
1,2012-10-10,0.06080251433796107
1,2012-10-11,0.06081043392906286
1,2012-10-12,0.060841326328439596
1,2012-10-13,0.060888276296327655
1,2012-10-14,0.06095144246531921
1,2012-10-15,0.06102308241650577
1,2012-10-16,0.061081204202780855
1,2012-10-17,0.06110073330108154
1,2012-10-18,0.06106971768059922
1,2012-10-19,0.06099427582679986
1,2012-10-20,0.060891019955548374
1,2012-10-21,0.06077799368326225
1,2012-10-22,0.06067215867883148
1,2012-10-23,0.06059130369475874
1,2012-10-24,0.06055349689877271
1,2012-10-25,0.06057085177537108
1,2012-10-26,0.060641185074615654
1,2012-10-27,0.06074453545206056
1,2012-10-28,0.06084864337455195
1,2012-10-29,0.06092118869095411
1,2012-10-30,0.06094220075462144
1,2012-10-31,0.060910055061234404
1,2012-11-01,0.060838374273478074
1,2012-11-02,0.06074732773495118
1,2012-11-03,0.06065698634002034
1,2012-11-04,0.06058694354167925
1,2012-11-05,0.06055729696146811
1,2012-11-06,0.06058299397553854
1,2012-11-07,0.06066283184408967
1,2012-11-08,0.060774856069542714
1,2012-11-09,0.060885945397695186
1,2012-11-10,0.06096827887875122
1,2012-11-11,0.06100873292533175
1,2012-11-12,0.061007226684073136
1,2012-11-13,0.06097164770475379
1,2012-11-14,0.060914593279093245
1,2012-11-15,0.06084830710553279
1,2012-11-16,0.06077628883369064
1,2012-11-17,0.060690514651879385
1,2012-11-18,0.060582189954867964
1,2012-11-19,0.060457848856861285
1,2012-11-20,0.060343186816648124
1,2012-11-21,0.060268945234051456
1,2012-11-22,0.06025164922241044
1,2012-11-23,0.060285279905663666
1,2012-11-24,0.060348096994394466
1,2012-11-25,0.06041741960832933
1,2012-11-26,0.06048269682535079
1,2012-11-27,0.06055031823049762
1,2012-11-28,0.06063775076482379
1,2012-11-29,0.06075931341701923
1,2012-11-30,0.06091147655186468
1,2012-12-01,0.061068539859148153
1,2012-12-02,0.06119464477382436
1,2012-12-03,0.0612658734250546
1,2012-12-04,0.06128642856966672
1,2012-12-05,0.06128563329554634
1,2012-12-06,0.061296783603583295
1,2012-12-07,0.06133332134167819
1,2012-12-08,0.06138044857440281
1,2012-12-09,0.06140822692804401
1,2012-12-10,0.06139477422925617
1,2012-12-11,0.0613410066992478
1,2012-12-12,0.061267962200925466
1,2012-12-13,0.06120295211113278
1,2012-12-14,0.06116598873741586
1,2012-12-15,0.06116182860214002
1,2012-12-16,0.06117739621591163
1,2012-12-17,0.06118575508864519
1,2012-12-18,0.061159065520091274
1,2012-12-19,0.06108640151502223
1,2012-12-20,0.06098344473490354
1,2012-12-21,0.06088341494118598
1,2012-12-22,0.06081445949114714
1,2012-12-23,0.06078236556692545
1,2012-12-24,0.06077227223559882
1,2012-12-25,0.0607639477718877
1,2012-12-26,0.06074437178536393
1,2012-12-27,0.06071014267531041
1,2012-12-28,0.06066614016818966
1,2012-12-29,0.06062677620917456
1,2012-12-30,0.060614779784511554
1,2012-12-31,0.06061477600979592
1,2013-01-01,0.06064927234940183
1,2013-01-02,0.06072758520661949
1,2013-01-03,0.0608184450410691
1,2013-01-04,0.060879350672304634
1,2013-01-05,0.06088890924224054
1,2013-01-06,0.060867256321429426
1,2013-01-07,0.06086348729547355
1,2013-01-08,0.06091631204782734
1,2013-01-09,0.06101974495284209
1,2013-01-10,0.06112473967660352
1,2013-01-11,0.061177376003458815
1,2013-01-12,0.06116087876612654
1,2013-01-13,0.06110543991331097
1,2013-01-14,0.06106039679284722
1,2013-01-15,0.06105615468301535
1,2013-01-16,0.06108709611058266
1,2013-01-17,0.061123960746929364
1,2013-01-18,0.06114071876603314
1,2013-01-19,0.06113446627495701
1,2013-01-20,0.06112595396014149
1,2013-01-21,0.06114299182202309
1,2013-01-22,0.061199597087672586
1,2013-01-23,0.06128471638717251
1,2013-01-24,0.06136689119451344
1,2013-01-25,0.06141140180537659
1,2013-01-26,0.06139926559010088
1,2013-01-27,0.061336054514377195
1,2013-01-28,0.06124515734638273
1,2013-01-29,0.0611521571389314
1,2013-01-30,0.06107386021254292
1,2013-01-31,0.061018939810449306
1,2013-02-01,0.06099360394306439
1,2013-02-02,0.06100122136591234
1,2013-02-03,0.061034909410676956
1,2013-02-04,0.061073536759274856
1,2013-02-05,0.06108959753187644
1,2013-02-06,0.0610649713256473
1,2013-02-07,0.061002996806506365
1,2013-02-08,0.06092904856167852
1,2013-02-09,0.060879759617502575
1,2013-02-10,0.0608865416325885
1,2013-02-11,0.06096202121122783
1,2013-02-12,0.06109688111576916
1,2013-02-13,0.061266699978816966
1,2013-02-14,0.06144007701545129
1,2013-02-15,0.06158180590687708
1,2013-02-16,0.0616559767400577
1,2013-02-17,0.061637069882319755
1,2013-02-18,0.061525097956627244
1,2013-02-19,0.061349458405090734
1,2013-02-20,0.061153686905210704
1,2013-02-21,0.06097317641844778
1,2013-02-22,0.06082510127549333
1,2013-02-23,0.0607145064736981
1,2013-02-24,0.060642669420829944
1,2013-02-25,0.060606118855832364
1,2013-02-26,0.06059190488240238
1,2013-02-27,0.06058202002451678
1,2013-02-28,0.06056753440268733
1,2013-03-01,0.06055836654980998
1,2013-03-02,0.06057677100399518
1,2013-03-03,0.06063870450109865
1,2013-03-04,0.060739598884481556
1,2013-03-05,0.06085775732587906
1,2013-03-06,0.060971829130261536
1,2013-03-07,0.06107331141726704
1,2013-03-08,0.061159224064486206
1,2013-03-09,0.06121545329567573
1,2013-03-10,0.06121854806925379
1,2013-03-11,0.06116304741584693
1,2013-03-12,0.061081884465875896
1,2013-03-13,0.06102545880289784
1,2013-03-14,0.0610141890509999
1,2013-03-15,0.061018358403593785
1,2013-03-16,0.06099195478527238
1,2013-03-17,0.06092530413012741
1,2013-03-18,0.06086116801955338
1,2013-03-19,0.060859798671994175
1,2013-03-20,0.060947003104473874
1,2013-03-21,0.06108798743585827
1,2013-03-22,0.06120438421424905
1,2013-03-23,0.06122163771704274
1,2013-03-24,0.06111557240821042
1,2013-03-25,0.06092761644466093
1,2013-03-26,0.06074008884018599
1,2013-03-27,0.06063153727016499
1,2013-03-28,0.06064241443929188
1,2013-03-29,0.06076718754782684
1,2013-03-30,0.060968652243475155
1,2013-03-31,0.06120021900024556
1,2013-04-01,0.061422790571533444
1,2013-04-02,0.06161029899875115
1,2013-04-03,0.06174827603363983
1,2013-04-04,0.06183423598501369
1,2013-04-05,0.06188076759632763
1,2013-04-06,0.06191192546135864
1,2013-04-07,0.0619473264606871
1,2013-04-08,0.06198471695467079
1,2013-04-09,0.06199966800982985
1,2013-04-10,0.06196728685166371
1,2013-04-11,0.06188841242047336
1,2013-04-12,0.061796406443547114
1,2013-04-13,0.06173796171603948
1,2013-04-14,0.061744447724240606
1,2013-04-15,0.06181599608643658
1,2013-04-16,0.06192558897580537
1,2013-04-17,0.06203342198199845
1,2013-04-18,0.06209987103512865
1,2013-04-19,0.06209499678843981
1,2013-04-20,0.062007862958271695
1,2013-04-21,0.06185394661957362
1,2013-04-22,0.061673161224279564
1,2013-04-23,0.06151474036979004
1,2013-04-24,0.06141588894339278
1,2013-04-25,0.06138739484803271
1,2013-04-26,0.06141460844192846
1,2013-04-27,0.061470788932407525
1,2013-04-28,0.06153195876546587
1,2013-04-29,0.061584210378394136
1,2013-04-30,0.06162255787552448
1,2013-05-01,0.061646220139722825
1,2013-05-02,0.06165448934427347
1,2013-05-03,0.06164439368405782
1,2013-05-04,0.06161122940434889
1,2013-05-05,0.061553401673098244
1,2013-05-06,0.06147912463012689
1,2013-05-07,0.06140780637452602
1,2013-05-08,0.06136194929719843
1,2013-05-09,0.06135484443601816
1,2013-05-10,0.061383062641182866
1,2013-05-11,0.06142579390675496
1,2013-05-12,0.06144713523463516
1,2013-05-13,0.06140269859023051
1,2013-05-14,0.061257862422501294
1,2013-05-15,0.0610149836925695
1,2013-05-16,0.06072759114628651
1,2013-05-17,0.06047957001588537
1,2013-05-18,0.06033781534650038
1,2013-05-19,0.060317080522816285
1,2013-05-20,0.06038626934631392
1,2013-05-21,0.06050234407739051
1,2013-05-22,0.0606324850870186
1,2013-05-23,0.06074831240786574
1,2013-05-24,0.060815727498817
1,2013-05-25,0.06080653952842477
1,2013-05-26,0.060722867791710836
1,2013-05-27,0.06060408401769415
1,2013-05-28,0.06050656178009973
1,2013-05-29,0.06047454896978563
1,2013-05-30,0.060520164139778704
1,2013-05-31,0.0606173944482794
1,2013-06-01,0.060713833435780934
1,2013-06-02,0.06076037040584043
1,2013-06-03,0.06073982494604825
1,2013-06-04,0.06066926086195597
1,2013-06-05,0.06057781466814866
1,2013-06-06,0.06048810806013636
1,2013-06-07,0.060417222094303835
1,2013-06-08,0.0603835897841867
1,2013-06-09,0.060402562349205
1,2013-06-10,0.0604752881391498
1,2013-06-11,0.06058685339188399
1,2013-06-12,0.06071657993927419
1,2013-06-13,0.06084823526999391
1,2013-06-14,0.06097063179616866
1,2013-06-15,0.061072629982364
1,2013-06-16,0.06114274042297702
1,2013-06-17,0.061176358997361645
1,2013-06-18,0.061182666989053634
1,2013-06-19,0.061181293636063186
1,2013-06-20,0.06118870535922629
1,2013-06-21,0.06120515342439617
1,2013-06-22,0.06121278042006863
1,2013-06-23,0.06118576124070116
1,2013-06-24,0.06110567196241575
1,2013-06-25,0.060974585418107616
1,2013-06-26,0.06081982712974941
1,2013-06-27,0.060685912207544206
1,2013-06-28,0.060614848875616106
1,2013-06-29,0.060625066696055725
1,2013-06-30,0.06070290080726521
1,2013-07-01,0.06081248923040284
1,2013-07-02,0.06091551994479641
1,2013-07-03,0.060985282386500514
1,2013-07-04,0.061007705673486734
1,2013-07-05,0.06097660483168614
1,2013-07-06,0.06089433712798734
1,2013-07-07,0.06077850153586485
1,2013-07-08,0.06066411908184365
1,2013-07-09,0.06059269620558119
1,2013-07-10,0.060591851795247544
1,2013-07-11,0.06065835091530075
1,2013-07-12,0.06075597750894483
1,2013-07-13,0.060831154555802416
1,2013-07-14,0.060839692587149094
1,2013-07-15,0.06077107752670702
1,2013-07-16,0.060655752638666106
1,2013-07-17,0.060549129219735466
1,2013-07-18,0.0605006872633462
1,2013-07-19,0.06052746370076591
1,2013-07-20,0.060609372370520234
1,2013-07-21,0.06070901598332572
1,2013-07-22,0.06080060892441336
1,2013-07-23,0.06088531717099433
1,2013-07-24,0.060981719262409854
1,2013-07-25,0.06110233875368738
1,2013-07-26,0.06123936891200463
1,2013-07-27,0.06137128733345094
1,2013-07-28,0.06147897148293429
1,2013-07-29,0.06155206133626221
1,2013-07-30,0.06158281913247508
1,2013-07-31,0.06156327993546318
1,2013-08-01,0.06149605510332807
1,2013-08-02,0.06140594832884145
1,2013-08-03,0.06133101874527867
1,2013-08-04,0.06129328417003115
1,2013-08-05,0.06127617775758258
1,2013-08-06,0.06123393487663478
1,2013-08-07,0.06112771133407753
1,2013-08-08,0.06095790469709036
1,2013-08-09,0.06076644425355985
1,2013-08-10,0.060608582522472046
1,2013-08-11,0.06051680179097266
1,2013-08-12,0.060483817572872335
1,2013-08-13,0.06047599847475239
1,2013-08-14,0.06046431737740542
1,2013-08-15,0.060446399769805335
1,2013-08-16,0.060442638357145646
1,2013-08-17,0.060473096948610125
1,2013-08-18,0.060537473510563815
1,2013-08-19,0.060614615614377906
1,2013-08-20,0.06067952753617623
1,2013-08-21,0.060722593171121546
1,2013-08-22,0.06075641053141317
1,2013-08-23,0.060805738239227386
1,2013-08-24,0.060887436151383645
1,2013-08-25,0.06099385088026581
1,2013-08-26,0.061091148012324625
1,2013-08-27,0.061134462262652144
1,2013-08-28,0.06109116508329304
1,2013-08-29,0.06095927200979172
1,2013-08-30,0.06077154659373523
1,2013-08-31,0.06058334563935034
1,2013-09-01,0.06044990514979727
1,2013-09-02,0.06040469593668898
1,2013-09-03,0.06045083926216114
1,2013-09-04,0.06056817838124476
1,2013-09-05,0.06072554984443952
1,2013-09-06,0.06088667319227276
1,2013-09-07,0.06101177327821218
1,2013-09-08,0.061066243181604286
1,2013-09-09,0.06103783367524856
1,2013-09-10,0.06094811921202795
1,2013-09-11,0.06084405878360746
1,2013-09-12,0.06077248369344787
1,2013-09-13,0.06075633675909072
1,2013-09-14,0.06079004563907569
1,2013-09-15,0.06085382782907988
1,2013-09-16,0.06093160017416219
1,2013-09-17,0.06101910353902359
1,2013-09-18,0.06112033900723395
1,2013-09-19,0.06123673027576767
1,2013-09-20,0.06135524921167294
1,2013-09-21,0.06144517404904523
1,2013-09-22,0.061471490587572876
1,2013-09-23,0.06141940941519414
1,2013-09-24,0.06131101828247378
1,2013-09-25,0.0611988754852635
1,2013-09-26,0.06113955714806728
1,2013-09-27,0.06116403066880821
1,2013-09-28,0.061261380202097565
1,2013-09-29,0.06138419264291167
1,2013-09-30,0.06147443443416795
1,2013-10-01,0.06149700963515622
1,2013-10-02,0.06145869989870823
1,2013-10-03,0.06139645486549388
1,2013-10-04,0.06134340769995214
1,2013-10-05,0.06130196399188642
1,2013-10-06,0.06124742429926471
1,2013-10-07,0.06115698045885677
1,2013-10-08,0.061035822901171
1,2013-10-09,0.060916537947211934
1,2013-10-10,0.06083429467364102
1,2013-10-11,0.06080245971087612
1,2013-10-12,0.06081038590570156
1,2013-10-13,0.06084128356115
1,2013-10-14,0.060888238719511475
1,2013-10-15,0.06095141047964868
1,2013-10-16,0.06102305440925636
1,2013-10-17,0.06108117765334136
1,2013-10-18,0.061100706129439165
1,2013-10-19,0.06106968928330285
1,2013-10-20,0.06099424803279195
1,2013-10-21,0.06089099676511488
1,2013-10-22,0.060777977579751806
1,2013-10-23,0.06067214949054003
1,2013-10-24,0.060591295594414646
1,2013-10-25,0.060553479376792056
1,2013-10-26,0.06057081497090952
1,2013-10-27,0.06064112417435106
1,2013-10-28,0.060744454315484565
1,2013-10-29,0.060848550909937654
1,2013-10-30,0.06092109461820309
1,2013-10-31,0.06094211219110213
1,2013-11-01,0.06090997618914995
1,2013-11-02,0.06083830799686629
1,2013-11-03,0.06074727694409203
1,2013-11-04,0.06065695299604744
1,2013-11-05,0.06058692873263415
1,2013-11-06,0.060557298797088446
1,2013-11-07,0.06058300548496174
1,2013-11-08,0.06066284293595742
1,2013-11-09,0.060774857539152266
1,2013-11-10,0.06088593223271505
1,2013-11-11,0.0609682537902571
1,2013-11-12,0.061008703639557155
1,2013-11-13,0.06100719935582856
1,2013-11-14,0.06097162365871328
1,2013-11-15,0.06091457274998521
1,2013-11-16,0.06084829197215835
1,2013-11-17,0.06077627965385163
1,2013-11-18,0.06069051252738631
1,2013-11-19,0.06058219645907086
1,2013-11-20,0.06045786485971193
1,2013-11-21,0.06034321106759707
1,2013-11-22,0.06026897199152193
1,2013-11-23,0.0602516706949056
1,2013-11-24,0.06028528954382081
1,2013-11-25,0.06034809097701747
1,2013-11-26,0.06041739777560953
1,2013-11-27,0.06048266294934585
1,2013-11-28,0.06055028000876982
1,2013-11-29,0.06063771467038803
1,2013-11-30,0.060759280524636076
1,2013-12-01,0.060911443686186104
1,2013-12-02,0.061068505039636976
1,2013-12-03,0.06119460858417655
1,2013-12-04,0.06126583503164404
1,2013-12-05,0.061286387618520566
1,2013-12-06,0.06128559137859653
1,2013-12-07,0.06129674316024891
1,2013-12-08,0.06133328415952337
1,2013-12-09,0.06138041520983136
1,2013-12-10,0.06140819514226172
1,2013-12-11,0.06139473740780042
1,2013-12-12,0.06134095983073723
1,2013-12-13,0.06126790749678143
1,2013-12-14,0.061202895482874727
1,2013-12-15,0.06116593639435314
1,2013-12-16,0.061161784770940524
1,2013-12-17,0.06117736177117661
1,2013-12-18,0.061185728579564974
1,2013-12-19,0.06115904609114263
1,2013-12-20,0.06108638942499841
1,2013-12-21,0.06098344042060226
1,2013-12-22,0.06088341453115372
1,2013-12-23,0.060814455956142974
1,2013-12-24,0.06078234787909861
1,2013-12-25,0.06077223638888646
1,2013-12-26,0.060763896125269966
1,2013-12-27,0.060744312952422705
1,2013-12-28,0.06071009023744074
1,2013-12-29,0.06066610836496999
1,2013-12-30,0.060626776738951935
1,2013-12-31,0.060614815700196056
1,2014-01-01,0.060649344349821485
1,2014-01-02,0.06072768177431782
1,2014-01-03,0.06081855269402941
1,2014-01-04,0.060879457469386264
1,2014-01-05,0.06088901038642357
1,2014-01-06,0.0608673469883081
1,2014-01-07,0.06086356391251787
1,2014-01-08,0.060916371140027334
1,2014-01-09,0.06101978430488638
1,2014-01-10,0.06112476038082777
1,2014-01-11,0.06117738293038169
1,2014-01-12,0.061160878347910244
1,2014-01-13,0.06110543706038851
1,2014-01-14,0.0610603947343805
1,2014-01-15,0.06105615500655273
1,2014-01-16,0.061087099150988325
1,2014-01-17,0.06112396605720762
1,2014-01-18,0.061140726204040804
1,2014-01-19,0.06113447439467598
1,2014-01-20,0.06112596023680235
1,2014-01-21,0.06114299357567648
1,2014-01-22,0.06119959201270542
1,2014-01-23,0.06128470339940126
1,2014-01-24,0.06136687097075919
1,2014-01-25,0.0614113754342011
1,2014-01-26,0.06139923360741422
1,2014-01-27,0.061336018166940315
1,2014-01-28,0.0612451208958984
1,2014-01-29,0.061152126882140494
1,2014-01-30,0.06107384067861455
1,2014-01-31,0.06101893283326098
1,2014-02-01,0.06099360866297139
1,2014-02-02,0.061001234242811175
1,2014-02-03,0.061034926463663056
1,2014-02-04,0.061073555118479915
1,2014-02-05,0.061089615189755156
1,2014-02-06,0.06106498584037933
1,2014-02-07,0.06100300669571746
1,2014-02-08,0.060929053184404114
1,2014-02-09,0.060879760005597056
1,2014-02-10,0.06088653917276197
1,2014-02-11,0.060962017974645295
1,2014-02-12,0.06109687980147081
1,2014-02-13,0.061266702048981346
1,2014-02-14,0.061440082993162594
1,2014-02-15,0.06158181789735917
1,2014-02-16,0.06165599892099834
1,2014-02-17,0.061637107108386435
1,2014-02-18,0.0615251528533018
1,2014-02-19,0.06134953092009243
1,2014-02-20,0.061153775232690236
1,2014-02-21,0.06097328605394407
1,2014-02-22,0.06082523445061321
1,2014-02-23,0.060714664053204706
1,2014-02-24,0.06064284918024681
1,2014-02-25,0.06060631021782939
1,2014-02-26,0.06059209372917746
1,2014-02-27,0.060582201129890094
1,2014-02-28,0.060567710562318716
1,2014-03-01,0.06055854120495688
1,2014-03-02,0.060576943312257374
1,2014-03-03,0.06063886887261324
1,2014-03-04,0.0607397473886915
1,2014-03-05,0.060857881601762705
1,2014-03-06,0.06097192398281151
1,2014-03-07,0.06107337399355576
1,2014-03-08,0.061159253336863374
1,2014-03-09,0.06121544938041517
1,2014-03-10,0.06121851440312748
1,2014-03-11,0.06116299235894912
1,2014-03-12,0.06108181936781079
1,2014-03-13,0.06102539412493331
1,2014-03-14,0.061014130030439435
1,2014-03-15,0.06101830429535508
1,2014-03-16,0.06099190328784732
1,2014-03-17,0.060925254216960746
1,2014-03-18,0.06086112393877295
1,2014-03-19,0.06085976977699739
1,2014-03-20,0.06094699798536054
1,2014-03-21,0.061088009937562845
1,2014-03-22,0.06120443550246788
1,2014-03-23,0.06122171851430996
1,2014-03-24,0.06111568240168647
1,2014-03-25,0.06092774265899664
1,2014-03-26,0.060740210330849045
1,2014-03-27,0.06063163869593387
1,2014-03-28,0.060642490563927544
1,2014-03-29,0.06076724099333142
1,2014-03-30,0.060968690757364274
1,2014-03-31,0.06120024996200335
1,2014-04-01,0.06142282025947351
1,2014-04-02,0.061610330563171944
1,2014-04-03,0.061748309309947916
1,2014-04-04,0.06183426981199192
1,2014-04-05,0.06188079961185969
1,2014-04-06,0.06191195254070752
1,2014-04-07,0.06194734589595868
1,2014-04-08,0.061984727047632596
1,2014-04-09,0.0619996690860268
1,2014-04-10,0.06196728037233559
1,2014-04-11,0.06188840056225347
1,2014-04-12,0.06179639313407923
1,2014-04-13,0.06173795053604662
1,2014-04-14,0.061744438323661194
1,2014-04-15,0.061815985345964775
1,2014-04-16,0.06192557322558706
1,2014-04-17,0.06203339840406951
1,2014-04-18,0.06209984091461469
1,2014-04-19,0.062094968861729494
1,2014-04-20,0.06200784589574826
1,2014-04-21,0.06185394620339992
1,2014-04-22,0.061673178552699104
1,2014-04-23,0.061514770965035506
1,2014-04-24,0.061415926077593504
1,2014-04-25,0.061387431203729574
1,2014-04-26,0.06141463960846869
1,2014-04-27,0.061470814927217655
1,2014-04-28,0.06153197944390886
1,2014-04-29,0.06158422530746055
1,2014-04-30,0.06162256813918928
1,2014-05-01,0.061646227813514864
1,2014-05-02,0.06165449517175483
1,2014-05-03,0.06164439665180562
1,2014-05-04,0.06161122569657489
1,2014-05-05,0.06155338818105452
1,2014-05-06,0.06147909944622787
1,2014-05-07,0.06140776981411587
1,2014-05-08,0.061361900923447954
1,2014-05-09,0.061354784000412874
1,2014-05-10,0.06138299582476697
1,2014-05-11,0.06142572518195914
1,2014-05-12,0.061447066457007087
1,2014-05-13,0.06140263028224591
1,2014-05-14,0.06125779633972665
1,2014-05-15,0.061014923829294306
1,2014-05-16,0.060727540061696526
1,2014-05-17,0.060479524594416544
1,2014-05-18,0.060337767350713944
1,2014-05-19,0.06031702322012702
1,2014-05-20,0.06038619958699622
1,2014-05-21,0.06050226828060534
1,2014-05-22,0.0606324147598815
1,2014-05-23,0.06074825838571608
1,2014-05-24,0.06081568896780515
1,2014-05-25,0.06080650874608487
1,2014-05-26,0.06072283756463902
1,2014-05-27,0.06060405197390932
1,2014-05-28,0.06050653007651748
1,2014-05-29,0.06047452198973334
1,2014-05-30,0.06052014628124426
1,2014-05-31,0.06061738807578764
1,2014-06-01,0.060713837938770575
1,2014-06-02,0.060760381874577836
1,2014-06-03,0.06073984174203761
1,2014-06-04,0.06066928279149526
1,2014-06-05,0.06057784131525293
1,2014-06-06,0.060488136280365895
1,2014-06-07,0.06041724937244419
1,2014-06-08,0.06038361731689695
1,2014-06-09,0.06040259244500308
1,2014-06-10,0.06047532336191646
1,2014-06-11,0.06058689536402885
1,2014-06-12,0.06071662889263278
1,2014-06-13,0.06084829234430769
1,2014-06-14,0.060970695693068996
1,2014-06-15,0.06107269830184248
1,2014-06-16,0.06114281097010147
1,2014-06-17,0.06117642848154531
1,2014-06-18,0.06118273203331695
1,2014-06-19,0.06118135234670824
1,2014-06-20,0.061188756918227706
1,2014-06-21,0.06120519748296982
1,2014-06-22,0.06121281893720878
1,2014-06-23,0.061185797877320224
1,2014-06-24,0.06110571182312183
1,2014-06-25,0.060974631929274714
1,2014-06-26,0.060819880979669706
1,2014-06-27,0.06068597335231433
1,2014-06-28,0.060614916091342626
1,2014-06-29,0.06062513758957395
1,2014-06-30,0.06070297266595754
1,2014-07-01,0.060812557987074994
1,2014-07-02,0.060915581827193734
1,2014-07-03,0.06098533536952607
1,2014-07-04,0.06100775052803179
1,2014-07-05,0.06097664433278329
1,2014-07-06,0.06089437568125821
1,2014-07-07,0.0607785442289576
1,2014-07-08,0.060664170293831816
1,2014-07-09,0.060592758636884674
1,2014-07-10,0.060591925026824915
1,2014-07-11,0.060658433413621544
1,2014-07-12,0.060756067776330976
1,2014-07-13,0.06083125266880309
1,2014-07-14,0.060839799256394746
1,2014-07-15,0.06077118699976472
1,2014-07-16,0.06065585544769801
1,2014-07-17,0.060549218561747074
1,2014-07-18,0.060500761524315945
1,2014-07-19,0.06052752737057784
1,2014-07-20,0.06060943525006165
1,2014-07-21,0.06070908723773327
1,2014-07-22,0.060800694025243164
1,2014-07-23,0.0608854157114901
1,2014-07-24,0.060981825769797826
1,2014-07-25,0.06110244781091696
1,2014-07-26,0.0612394758094851
1,2014-07-27,0.06137138911430415
1,2014-07-28,0.06147906786859537
1,2014-07-29,0.06155215190481215
1,2014-07-30,0.06158290210937227
1,2014-07-31,0.06156335418091112
1,2014-08-01,0.06149611995946508
1,2014-08-02,0.06140600509260898
1,2014-08-03,0.06133107086530437
1,2014-08-04,0.06129333584653572
1,2014-08-05,0.06127623374555193
1,2014-08-06,0.061233999473074736
1,2014-08-07,0.061127786056426534
1,2014-08-08,0.06095798891318195
1,2014-08-09,0.06076653541396417
1,2014-08-10,0.06060867729666802
1,2014-08-11,0.06051689735520485
1,2014-08-12,0.06048391090081726
1,2014-08-13,0.060476087271311985
1,2014-08-14,0.060464397426624426
1,2014-08-15,0.060446466497525435
1,2014-08-16,0.06044268831536141
1,2014-08-17,0.06047313085707592
1,2014-08-18,0.06053749451952061
1,2014-08-19,0.060614629652411364
1,2014-08-20,0.06067954127107763
1,2014-08-21,0.0607226118383141
1,2014-08-22,0.060756437045636116
1,2014-08-23,0.06080577378698318
1,2014-08-24,0.06088748045132181
1,2014-08-25,0.060993902580964876
1,2014-08-26,0.061091202760208824
1,2014-08-27,0.06113451530074314
1,2014-08-28,0.061091212988036735
1,2014-08-29,0.06095931320217626
1,2014-08-30,0.06077158296355698
1,2014-08-31,0.0605833783804057
1,2014-09-01,0.06044993432320923
1,2014-09-02,0.060404721969012413
1,2014-09-03,0.060450864311050116
1,2014-09-04,0.06056820481101871
1,2014-09-05,0.06072558032187525
1,2014-09-06,0.06088670871675845
1,2014-09-07,0.061011813359530535
1,2014-09-08,0.06106628753976021
1,2014-09-09,0.06103788137746437
1,2014-09-10,0.06094817060759905
1,2014-09-11,0.06084411428057833
1,2014-09-12,0.060772539684612735
1,2014-09-13,0.06075638776460152
1,2014-09-14,0.06079008722585403
1,2014-09-15,0.06085385872458105
1,2014-09-16,0.06093162217246455
1,2014-09-17,0.061019119268441564
1,2014-09-18,0.06112035062243141
1,2014-09-19,0.061236738897094564
1,2014-09-20,0.06135525367473237
1,2014-09-21,0.061445171900388375
1,2014-09-22,0.0614714806761203
1,2014-09-23,0.061419393913920636
1,2014-09-24,0.06131100224831322
1,2014-09-25,0.06119886413374065
1,2014-09-26,0.061139553130057284
1,2014-09-27,0.06116403408408472
1,2014-09-28,0.061261388546913716
1,2014-09-29,0.06138420271762148
1,2014-09-30,0.061474443907152
1,2014-10-01,0.061497018161512484
1,2014-10-02,0.06145870969465145
1,2014-10-03,0.06139646997297827
1,2014-10-04,0.06134343211370313
1,2014-10-05,0.06130199992182487
1,2014-10-06,0.061247470703660815
1,2014-10-07,0.06115703083070767
1,2014-10-08,0.0610358691990155
1,2014-10-09,0.0609165745828608
1,2014-10-10,0.06083431945361476
1,2014-10-11,0.060802474402908195
1,2014-10-12,0.06081039397352175
1,2014-10-13,0.060841288398196615
1,2014-10-14,0.060888242130777655
1,2014-10-15,0.06095141220071143
1,2014-10-16,0.06102305496176702
1,2014-10-17,0.06108117850604055
1,2014-10-18,0.061100708870811885
1,2014-10-19,0.06106969450904502
1,2014-10-20,0.060994254522477746
1,2014-10-21,0.060891001963896726
1,2014-10-22,0.06077798066339704
1,2014-10-23,0.06067215104814567
1,2014-10-24,0.06059129719448858
1,2014-10-25,0.0605534835437804
1,2014-10-26,0.06057082335650219
1,2014-10-27,0.060641137957995736
1,2014-10-28,0.06074447385924966
1,2014-10-29,0.06084857494596334
1,2014-10-30,0.06092112064236986
1,2014-10-31,0.06094213890036185
1,2014-11-01,0.060910003199770184
1,2014-11-02,0.06083833561891595
1,2014-11-03,0.06074730434126934
1,2014-11-04,0.06065697878483792
1,2014-11-05,0.06058695033994189
1,2014-11-06,0.060557314723511405
1,2014-11-07,0.06058301564644475
1,2014-11-08,0.06066284749525066
1,2014-11-09,0.06077485882703837
1,2014-11-10,0.060885935390758573
1,2014-11-11,0.060968265022018624
1,2014-11-12,0.06100872407895011
1,2014-11-13,0.061007225622283966
1,2014-11-14,0.06097165312215354
1,2014-11-15,0.060914601607987666
1,2014-11-16,0.06084831608514694
1,2014-11-17,0.060776299192378896
1,2014-11-18,0.06069052778368905
1,2014-11-19,0.060582206953171416
1,2014-11-20,0.0604578693378272
1,2014-11-21,0.060343208943719105
1,2014-11-22,0.060268964550403904
1,2014-11-23,0.06025166037340045
1,2014-11-24,0.06028527973178806
1,2014-11-25,0.06034808664053228
1,2014-11-26,0.060417405367823133
1,2014-11-27,0.060482688968234825
1,2014-11-28,0.0605503280993397
1,2014-11-29,0.06063778486296278
1,2014-11-30,0.06075936865870171
1,2014-12-01,0.060911544653779015
1,2014-12-02,0.06106861385634417
1,2014-12-03,0.061194719992957405
1,2014-12-04,0.0612659473737277
1,2014-12-05,0.06128650692873446
1,2014-12-06,0.06128572440929815
1,2014-12-07,0.06129689208760482
1,2014-12-08,0.06133344086750553
1,2014-12-09,0.0613805686666861
1,2014-12-10,0.06140833555470366
1,2014-12-11,0.06139485544981872
1,2014-12-12,0.0613410522921461
1,2014-12-13,0.06126797401500658
1,2014-12-14,0.06120293582849402
1,2014-12-15,0.06116595240147907
1,2014-12-16,0.061161779507434295
1,2014-12-17,0.061177340113716595
1,2014-12-18,0.06118569423460511
1,2014-12-19,0.06115899992304474
1,2014-12-20,0.061086329931197864
1,2014-12-21,0.060983366855782976
1,2014-12-22,0.0608833295835025
1,2014-12-23,0.06081436389836361
1,2014-12-24,0.06078225686029565
1,2014-12-25,0.06077215231056854
1,2014-12-26,0.06076382181784615
1,2014-12-27,0.06074424764159115
1,2014-12-28,0.06071002631110578
1,2014-12-29,0.060666038757393285
1,2014-12-30,0.060626696455701574
1,2014-12-31,0.060614723999845986
1,2015-01-01,0.06064924242065379
1,2015-01-02,0.06072757230679348
1,2015-01-03,0.060818443315474625
1,2015-01-04,0.060879355270919144
1,2015-01-05,0.06088891698186828
1,2015-01-06,0.060867264567852894
1,2015-01-07,0.06086349416305152
1,2015-01-08,0.06091631636372878
1,2015-01-09,0.06101974617571458
1,2015-01-10,0.06112473784535147
1,2015-01-11,0.061177371680296265
1,2015-01-12,0.061160872028757335
1,2015-01-13,0.06110543184591305
1,2015-01-14,0.061060388426670636
1,2015-01-15,0.061056146177690576
1,2015-01-16,0.061087087585357594
1,2015-01-17,0.061123952889422746
1,2015-01-18,0.0611407123831881
1,2015-01-19,0.06113446142698997
1,2015-01-20,0.061125948688667865
1,2015-01-21,0.061142984258395774
1,2015-01-22,0.06119958683230915
1,2015-01-23,0.06128470437706235
1,2015-01-24,0.06136687959952077
1,2015-01-25,0.061411391566492224
1,2015-01-26,0.06139925502517971
1,2015-01-27,0.061336042250611615
1,2015-01-28,0.06124514558734724
1,2015-01-29,0.061152149391518376
1,2015-01-30,0.061073859154094016
1,2015-01-31,0.061018946242607876
1,2015-02-01,0.06099361555189351
1,2015-02-02,0.06100123368765371
1,2015-02-03,0.06103491780358826
1,2015-02-04,0.06107353970633049
1,2015-02-05,0.06108959633177109
1,2015-02-06,0.06106496791847607
1,2015-02-07,0.06100299297757676
1,2015-02-08,0.060929045743863736
1,2015-02-09,0.06087975894310235
1,2015-02-10,0.0608865440139297
1,2015-02-11,0.060962027727612146
1,2015-02-12,0.06109689171568455
1,2015-02-13,0.06126671191134697
1,2015-02-14,0.06144008560077479
1,2015-02-15,0.06158180862548535
1,2015-02-16,0.061655975028368094
1,2015-02-17,0.0616370652146533
1,2015-02-18,0.061525090529174466
1,2015-02-19,0.061349447625874944
1,2015-02-20,0.06115367069767168
1,2015-02-21,0.06097315419850509
1,2015-02-22,0.060825074079019215
1,2015-02-23,0.06071447639817849
1,2015-02-24,0.06064264018456405
1,2015-02-25,0.06060609185145607
1,2015-02-26,0.060591879997151606
1,2015-02-27,0.06058199700034087
1,2015-02-28,0.06056751257572581
1,2015-03-01,0.06055834608567951
1,2015-03-02,0.06057675358527027
1,2015-03-03,0.06063869115979779
1,2015-03-04,0.060739589575350805
1,2015-03-05,0.060857750592826394
1,2015-03-06,0.060971824135432916
1,2015-03-07,0.0610733071967981
1,2015-03-08,0.06115922054070748
1,2015-03-09,0.061215452654495114
1,2015-03-10,0.06121855667420083
1,2015-03-11,0.06116306967610758
1,2015-03-12,0.061081918509434195
1,2015-03-13,0.06102549920349883
1,2015-03-14,0.06101423444150001
1,2015-03-15,0.06101841216598683
1,2015-03-16,0.06099202153220566
1,2015-03-17,0.060925384878680384
1,2015-03-18,0.06086126348913787
1,2015-03-19,0.06085990730471774
1,2015-03-20,0.06094712420875331
1,2015-03-21,0.061088119366055196
1,2015-03-22,0.06120452322820351
1,2015-03-23,0.06122178179314432
1,2015-03-24,0.06111571662515589
1,2015-03-25,0.06092775280474267
1,2015-03-26,0.06074020609800652
1,2015-03-27,0.06063162838464952
1,2015-03-28,0.06064247664286004
1,2015-03-29,0.0607672264121136
1,2015-03-30,0.06096867974421977
1,2015-03-31,0.06120024723709423
1,2015-04-01,0.061422826647262015
1,2015-04-02,0.06161034341481169
1,2015-04-03,0.06174832595915816
1,2015-04-04,0.061834287447033426
1,2015-04-05,0.06188081524181074
1,2015-04-06,0.061911964912384675
1,2015-04-07,0.061947356439888746
1,2015-04-08,0.061984737616919576
1,2015-04-09,0.06199967987063472
1,2015-04-10,0.06196729047948716
1,2015-04-11,0.0618884093330232
1,2015-04-12,0.06179639988583059
1,2015-04-13,0.06173795349556411
1,2015-04-14,0.061744437320944735
1,2015-04-15,0.061815982970797566
1,2015-04-16,0.061925574244080184
1,2015-04-17,0.0620334102421735
1,2015-04-18,0.06209987137296258
1,2015-04-19,0.06209501844102896
1,2015-04-20,0.062007912165645045
1,2015-04-21,0.06185402575238055
1,2015-04-22,0.061673269972221174
1,2015-04-23,0.06151487127477842
1,2015-04-24,0.061416031276582156
1,2015-04-25,0.061387537458421786
1,2015-04-26,0.061414742903414254
1,2015-04-27,0.06147091136658678
1,2015-04-28,0.06153206894446226
1,2015-04-29,0.06158430760982653
1,2015-04-30,0.06162264289764067
1,2015-05-01,0.06164629519650977
1,2015-05-02,0.0616545564127193
1,2015-05-03,0.061644452866912336
1,2015-05-04,0.061611277038188125
1,2015-05-05,0.0615534347218002
1,2015-05-06,0.06147914105800978
1,2015-05-07,0.061407806478150126
1,2015-05-08,0.061361932822378264
1,2015-05-09,0.061354812178686456
1,2015-05-10,0.06138302124081091
1,2015-05-11,0.061425747713957174
1,2015-05-12,0.06144708621089821
1,2015-05-13,0.06140264774897063
1,2015-05-14,0.0612578109896299
1,2015-05-15,0.06101493697591503
1,2015-05-16,0.06072755362365956
1,2015-05-17,0.06047953916966323
1,2015-05-18,0.06033778313710749
1,2015-05-19,0.06031704086889463
1,2015-05-20,0.06038622001502091
1,2015-05-21,0.060502288668589074
1,2015-05-22,0.06063243014882241
1,2015-05-23,0.060748264814048956
1,2015-05-24,0.060815685230946735
1,2015-05-25,0.060806496956051996
1,2015-05-26,0.06072282070347314
1,2015-05-27,0.06060403222370317
1,2015-05-28,0.060506508029392364
1,2015-05-29,0.06047449883803895
1,2015-05-30,0.060520122990741984
1,2015-05-31,0.06061736555730268
1,2015-06-01,0.0607138191781159
1,2015-06-02,0.060760371243023706
1,2015-06-03,0.06073984280197319
1,2015-06-04,0.06066929569709674
1,2015-06-05,0.06057786440451469
1,2015-06-06,0.060488167353056316
1,2015-06-07,0.06041728564232149
1,2015-06-08,0.060383656054331034
1,2015-06-09,0.060402630450447824
1,2015-06-10,0.06047535700337939
1,2015-06-11,0.06058692444497714
1,2015-06-12,0.06071665490640486
1,2015-06-13,0.06084831692578443
1,2015-06-14,0.06097072036652654
1,2015-06-15,0.06107272443703929
1,2015-06-16,0.06114283937468797
1,2015-06-17,0.06117645778906557
1,2015-06-18,0.06118275748577874
1,2015-06-19,0.06118137028886419
1,2015-06-20,0.06118876660605133
1,2015-06-21,0.06120520121459963
1,2015-06-22,0.06121281954493689
1,2015-06-23,0.06118579623740048
1,2015-06-24,0.06110570710080997
1,2015-06-25,0.06097462270393333
1,2015-06-26,0.06081986938654384
1,2015-06-27,0.06068596166943821
1,2015-06-28,0.06061490509564785
1,2015-06-29,0.06062512759876629
1,2015-06-30,0.06070296517537884
1,2015-07-01,0.06081255644307704
1,2015-07-02,0.06091558761015824
1,2015-07-03,0.06098534766515989
1,2015-07-04,0.06100776779755208
1,2015-07-05,0.06097666565835274
1,2015-07-06,0.06089439894141017
1,2015-07-07,0.060778563304013836
1,2015-07-08,0.06066417971418702
1,2015-07-09,0.06059275434590678
1,2015-07-10,0.06059190806730619
1,2015-07-11,0.060658406532408074
1,2015-07-12,0.060756032934571255
1,2015-07-13,0.06083121123066081
1,2015-07-14,0.060839752299002396
1,2015-07-15,0.06077114046567901
1,2015-07-16,0.06065581559019843
1,2015-07-17,0.06054918826238164
1,2015-07-18,0.060500739671923966
1,2015-07-19,0.06052751117557362
1,2015-07-20,0.06060941946323135
1,2015-07-21,0.06070906543996857
1,2015-07-22,0.060800660582022
1,2015-07-23,0.060885367206270136
1,2015-07-24,0.060981764254474755
1,2015-07-25,0.061102376111702064
1,2015-07-26,0.06123939539650415
1,2015-07-27,0.061371300674862884
1,2015-07-28,0.06147897179651149
1,2015-07-29,0.061552050240463584
1,2015-07-30,0.06158279863976683
1,2015-07-31,0.06156325201201665
1,2015-08-01,0.061496021771755546
1,2015-08-02,0.06140591300568335
1,2015-08-03,0.06133098539457015
1,2015-08-04,0.06129325565039057
1,2015-08-05,0.06127615686882365
1,2015-08-06,0.061233922656306644
1,2015-08-07,0.06112770672044172
1,2015-08-08,0.06095790463938727
1,2015-08-09,0.06076644443966093
1,2015-08-10,0.06060858013240717
1,2015-08-11,0.06051679718635869
1,2015-08-12,0.06048381292038496
1,2015-08-13,0.06047599529271668
1,2015-08-14,0.060464315724697924
1,2015-08-15,0.06044639803547731
1,2015-08-16,0.060442636271562676
1,2015-08-17,0.06047309493927277
1,2015-08-18,0.06053747155987211
1,2015-08-19,0.060614614049640185
1,2015-08-20,0.0606795268099002
1,2015-08-21,0.060722595749671135
1,2015-08-22,0.06075641849935777
1,2015-08-23,0.06080575043462873
1,2015-08-24,0.060887449009514455
1,2015-08-25,0.06099386145436341
1,2015-08-26,0.06109115533944632
1,2015-08-27,0.06113446665342007
1,2015-08-28,0.061091166607553544
1,2015-08-29,0.06095927011294234
1,2015-08-30,0.060771542047770494
1,2015-08-31,0.06058333785538498
1,2015-09-01,0.06044989120790403
1,2015-09-02,0.060404674186317016
1,2015-09-03,0.06045081072760443
1,2015-09-04,0.0605681471227575
1,2015-09-05,0.06072552205158262
1,2015-09-06,0.060886653428780364
1,2015-09-07,0.06101176280049247
1,2015-09-08,0.06106624149434001
1,2015-09-09,0.061037838361819315
1,2015-09-10,0.06094812711230304
1,2015-09-11,0.06084406665024922
1,2015-09-12,0.06077249029381503
1,2015-09-13,0.06075634254696061
1,2015-09-14,0.06079005041010468
1,2015-09-15,0.06085383004603607
1,2015-09-16,0.06093159864862471
1,2015-09-17,0.06101909780552562
1,2015-09-18,0.061120329164427487
1,2015-09-19,0.061236717584962096
1,2015-09-20,0.061355233897520324
1,2015-09-21,0.06144515627112878
1,2015-09-22,0.06147147336373464
1,2015-09-23,0.0614193983313124
1,2015-09-24,0.06131101763956307
1,2015-09-25,0.061198885608109384
1,2015-09-26,0.06113957557591203
1,2015-09-27,0.061164054317476055
1,2015-09-28,0.06126140609807577
1,2015-09-29,0.06138421831697756
1,2015-09-30,0.061474459417700446
1,2015-10-01,0.06149703499370266
1,2015-10-02,0.061458727116428524
1,2015-10-03,0.06139648441317037
1,2015-10-04,0.06134343865933411
1,2015-10-05,0.06130199606211732
1,2015-10-06,0.06124745801240023
1,2015-10-07,0.06115701493436671
1,2015-10-08,0.06103585564259529
1,2015-10-09,0.06091656633788604
1,2015-10-10,0.06083431789472252
1,2015-10-11,0.06080247947328574
1,2015-10-12,0.0608104027378192
1,2015-10-13,0.06084129545235954
1,2015-10-14,0.06088824425489344
1,2015-10-15,0.06095140965891484
1,2015-10-16,0.06102305043882971
1,2015-10-17,0.06108117481281608
1,2015-10-18,0.06110070651269228
1,2015-10-19,0.06106969205907775
1,2015-10-20,0.06099425008695007
1,2015-10-21,0.06089099465893278
1,2015-10-22,0.06077796941013858
1,2015-10-23,0.060672135041747004
1,2015-10-24,0.06059127728542687
1,2015-10-25,0.06055346145706241
1,2015-10-26,0.060570799977439
1,2015-10-27,0.06064111175670737
1,2015-10-28,0.06074444375822471
1,2015-10-29,0.06084854123768592
1,2015-10-30,0.06092108560167192
1,2015-10-31,0.060942105230837436
1,2015-11-01,0.06090997242963418
1,2015-11-02,0.06083830731337995
1,2015-11-03,0.06074727647584551
1,2015-11-04,0.060656950500731124
1,2015-11-05,0.06058692127236448
1,2015-11-06,0.060557284834867164
1,2015-11-07,0.06058298629757203
1,2015-11-08,0.06066282176256032
1,2015-11-09,0.06077483635905674
1,2015-11-10,0.06088591182964184
1,2015-11-11,0.060968235025874486
1,2015-11-12,0.0610086851082915
1,2015-11-13,0.061007179249292505
1,2015-11-14,0.06097160284330444
1,2015-11-15,0.060914552566798674
1,2015-11-16,0.06084827240091567
1,2015-11-17,0.06077626182815137
1,2015-11-18,0.06069049560326713
1,2015-11-19,0.06058217855827693
1,2015-11-20,0.060457843838667764
1,2015-11-21,0.06034318586399857
1,2015-11-22,0.060268944616294576
1,2015-11-23,0.060251644238906187
1,2015-11-24,0.060285265804462904
1,2015-11-25,0.060348072785140115
1,2015-11-26,0.0604173878192794
1,2015-11-27,0.06048266257862169
1,2015-11-28,0.06055028797964443
1,2015-11-29,0.06063772934199738
1,2015-11-30,0.06075930321546582
1,2015-12-01,0.0609114770165885
1,2015-12-02,0.06106854914597336
1,2015-12-03,0.06119465829251364
1,2015-12-04,0.06126588413298348
1,2015-12-05,0.06128643008129268
1,2015-12-06,0.061285624636423924
1,2015-12-07,0.0612967654586071
1,2015-12-08,0.06133329578736357
1,2015-12-09,0.061380416705401446
1,2015-12-10,0.061408189242745236
1,2015-12-11,0.06139472943923569
1,2015-12-12,0.06134095375165694
1,2015-12-13,0.061267901290062834
1,2015-12-14,0.06120288544324965
1,2015-12-15,0.06116591848016514
1,2015-12-16,0.06116175567193745
1,2015-12-17,0.0611773211695273
1,2015-12-18,0.06118567715226204
1,2015-12-19,0.0611589837833506
1,2015-12-20,0.06108631530888891
1,2015-12-21,0.06098335469031636
1,2015-12-22,0.06088332096278842
1,2015-12-23,0.060814359776658264
1,2015-12-24,0.06078225713770365
1,2015-12-25,0.060772156461736906
1,2015-12-26,0.06076383119174664
1,2015-12-27,0.060744263980720865
1,2015-12-28,0.06071005041888947
1,2015-12-29,0.060666066812860873
1,2015-12-30,0.06062672200744415
1,2015-12-31,0.06061474221007914
1,2016-01-01,0.06064925123741561
1,2016-01-02,0.060727573355705534
1,2016-01-03,0.060818440478991334
1,2016-01-04,0.060879353072078486
1,2016-01-05,0.06088891739559277
1,2016-01-06,0.060867266537939946
1,2016-01-07,0.0608634966095842
1,2016-01-08,0.06091631765367662
1,2016-01-09,0.06101974537736861
1,2016-01-10,0.061124734436723574
1,2016-01-11,0.061177365376609075
1,2016-01-12,0.061160863483403216
1,2016-01-13,0.0611054209792866
1,2016-01-14,0.06106037549852529
1,2016-01-15,0.06105613403447488
1,2016-01-16,0.06108707921541451
1,2016-01-17,0.061123949339855085
1,2016-01-18,0.06114071267420147
1,2016-01-19,0.061134463465875276
1,2016-01-20,0.06112595025879931
1,2016-01-21,0.06114298305111825
1,2016-01-22,0.06119958105688638
1,2016-01-23,0.06128469263837277
1,2016-01-24,0.061366859993713115
1,2016-01-25,0.06141136358682952
1,2016-01-26,0.06139922113714847
1,2016-01-27,0.06133600497199062
1,2016-01-28,0.0612451058345534
1,2016-01-29,0.061152107869142214
1,2016-01-30,0.06107381700832307
1,2016-01-31,0.061018904055311005
1,2016-02-01,0.06099357496857658
1,2016-02-02,0.06100119802861819
1,2016-02-03,0.061034890885294464
1,2016-02-04,0.06107352276364143
1,2016-02-05,0.061089589039607775
1,2016-02-06,0.06106496923855358
1,2016-02-07,0.06100299984588237
1,2016-02-08,0.060929053489275783
1,2016-02-09,0.06087976358330051
1,2016-02-10,0.06088654463603673
1,2016-02-11,0.06096202333620344
1,2016-02-12,0.06109688063684273
1,2016-02-13,0.06126669375919789
1,2016-02-14,0.06144006237527237
1,2016-02-15,0.06158178291014594
1,2016-02-16,0.061655947923517446
1,2016-02-17,0.06163703774316737
1,2016-02-18,0.061525063177076796
1,2016-02-19,0.06134942001819876
1,2016-02-20,0.06115364420751279
1,2016-02-21,0.060973131269378346
1,2016-02-22,0.060825056370056814
1,2016-02-23,0.060714464814849003
1,2016-02-24,0.060642634592495165
1,2016-02-25,0.06060609169982216
1,2016-02-26,0.06059188483946242
1,2016-02-27,0.0605820046178726
1,2016-02-28,0.06056751900195011
1,2016-02-29,0.06055834807257985
1,2016-03-01,0.06057675119122748
1,2016-03-02,0.060638686193920835
1,2016-03-03,0.06073958332197836
1,2016-03-04,0.060857744066575514
1,2016-03-05,0.060971815663473886
1,2016-03-06,0.06107329180088979
1,2016-03-07,0.06115919151735924
1,2016-03-08,0.06121540457296274
1,2016-03-09,0.06121848855521128
1,2016-03-10,0.061162989370835724
1,2016-03-11,0.06108184127359645
1,2016-03-12,0.061025441047888956
1,2016-03-13,0.061014202507931034
1,2016-03-14,0.06101840253327363
1,2016-03-15,0.06099202295711823
1,2016-03-16,0.0609253842316274
1,2016-03-17,0.06086124670004092
1,2016-03-18,0.0608598655366921
1,2016-03-19,0.060947051829151826
1,2016-03-20,0.06108801869843706
1,2016-03-21,0.06120440389130155
1,2016-03-22,0.06122165684334884
1,2016-03-23,0.0611156011402358
1,2016-03-24,0.0609276594426312
1,2016-03-25,0.0607401477236021
1,2016-03-26,0.060631614012295214
1,2016-03-27,0.06064250572167454
1,2016-03-28,0.060767285578543724
1,2016-03-29,0.06096874945631632
1,2016-03-30,0.06120031062738799
1,2016-03-31,0.061422871845006444
1,2016-04-01,0.061610365401826184
1,2016-04-02,0.06174832606471214
1,2016-04-03,0.061834268079500695
1,2016-04-04,0.06188078183536039
1,2016-04-05,0.06191192297137132
1,2016-04-06,0.06194730973314839
1,2016-04-07,0.061984688037650774
1,2016-04-08,0.061999628843151515
1,2016-04-09,0.06196723847148209
1,2016-04-10,0.061888356377668145
1,2016-04-11,0.06179634472121612
1,2016-04-12,0.06173789568289798
1,2016-04-13,0.06174437805166437
1,2016-04-14,0.0618159240157067
1,2016-04-15,0.06192551536939377
1,2016-04-16,0.06203334910406699
1,2016-04-17,0.06209980435074687
1,2016-04-18,0.06209494434810774
1,2016-04-19,0.06200783120581629
1,2016-04-20,0.06185393732830448
1,2016-04-21,0.0616731711050487
1,2016-04-22,0.06151476208716606
1,2016-04-23,0.061415916075580355
1,2016-04-24,0.06138742246482168
1,2016-04-25,0.061414634908132086
1,2016-04-26,0.0614708146497768
1,2016-04-27,0.061531980406248216
1,2016-04-28,0.06158422558752686
1,2016-04-29,0.06162256663726661
1,2016-04-30,0.06164622432180902
1,2016-05-01,0.0616544896314298
1,2016-05-02,0.06164438797765595
1,2016-05-03,0.06161121301926083
1,2016-05-04,0.06155337141396691
1,2016-05-05,0.06147907888714481
1,2016-05-06,0.06140774625580584
1,2016-05-07,0.061361875116898265
1,2016-05-08,0.061354757396813724
1,2016-05-09,0.06138296981337227
1,2016-05-10,0.06142570093857
1,2016-05-11,0.061447044969474625
1,2016-05-12,0.06140260992267326
1,2016-05-13,0.06125777358664462
1,2016-05-14,0.06101489622765971
1,2016-05-15,0.060727506653038874
1,2016-05-16,0.060479487670774094
1,2016-05-17,0.06033773237747239
1,2016-05-18,0.06031699497570912
1,2016-05-19,0.060386180377352314
1,2016-05-20,0.06050225533131843
1,2016-05-21,0.06063240257866424
1,2016-05-22,0.06074824288056821
1,2016-05-23,0.06081566982138655
1,2016-05-24,0.06080648923412273
1,2016-05-25,0.060722820600973615
1,2016-05-26,0.06060403769223254
1,2016-05-27,0.06050651480525507
1,2016-05-28,0.06047450377026268
1,2016-05-29,0.060520125240902035
1,2016-05-30,0.06061736701987472
1,2016-05-31,0.060713821175206927
1,2016-06-01,0.060760374580003315
1,2016-06-02,0.06073984651827311
1,2016-06-03,0.06066929729680505
1,2016-06-04,0.060577860750085574
1,2016-06-05,0.060488156036694996
1,2016-06-06,0.06041726657894067
1,2016-06-07,0.06038363028633723
1,2016-06-08,0.06040260043507314
1,2016-06-09,0.06047532488467062
1,2016-06-10,0.06058688908276795
1,2016-06-11,0.060716614152836565
1,2016-06-12,0.060848267564336214
1,2016-06-13,0.06097066002191884
1,2016-06-14,0.06107265315247353
1,2016-06-15,0.06114275933127634
1,2016-06-16,0.06117637357616403
1,2016-06-17,0.06118267707395236
1,2016-06-18,0.06118129907415103
1,2016-06-19,0.061188706692602415
1,2016-06-20,0.06120515130067315
1,2016-06-21,0.06121277720148854
1,2016-06-22,0.06118575879848695
1,2016-06-23,0.06110567131397944
1,2016-06-24,0.06097458699134179
1,2016-06-25,0.06081983164788997
1,2016-06-26,0.060685919980945385
1,2016-06-27,0.06061485969650642
1,2016-06-28,0.06062507881433929
1,2016-06-29,0.06070291222190582
1,2016-06-30,0.06081249802938475
1,2016-07-01,0.060915524338262465
1,2016-07-02,0.06098528077021451
1,2016-07-03,0.06100769747207984
1,2016-07-04,0.06097659077187956
1,2016-07-05,0.0608943204035868
1,2016-07-06,0.06077848549594123
1,2016-07-07,0.060664106836525344
1,2016-07-08,0.06059269035290629
1,2016-07-09,0.06059185345753486
1,2016-07-10,0.06065835846297294
1,2016-07-11,0.06075598813268992
1,2016-07-12,0.06083116653564188
1,2016-07-13,0.060839706049393504
1,2016-07-14,0.06077109280203452
1,2016-07-15,0.06065577010337301
1,2016-07-16,0.06054914988398928
1,2016-07-17,0.06050071105119181
1,2016-07-18,0.060527489838516385
1,2016-07-19,0.06060939951049085
1,2016-07-20,0.06070904170012483
1,2016-07-21,0.060800629463376575
1,2016-07-22,0.06088532858512112
1,2016-07-23,0.060981720056765984
1,2016-07-24,0.061102329519266835
1,2016-07-25,0.06123935182149276
1,2016-07-26,0.06137126496856727
1,2016-07-27,0.06147894679413237
1,2016-07-28,0.06155203659379917
1,2016-07-29,0.061582796152910506
1,2016-07-30,0.06156325992446389
1,2016-07-31,0.06149603842197579
1,2016-08-01,0.06140593549015342
1,2016-08-02,0.06133101053335534
1,2016-08-03,0.061293280311628846
1,2016-08-04,0.0612761764033292
1,2016-08-05,0.06123393231914192
1,2016-08-06,0.06112770304088994
1,2016-08-07,0.06095788712796691
1,2016-08-08,0.06076641623398435
1,2016-08-09,0.060608545621306506
1,2016-08-10,0.060516758646738375
1,2016-08-11,0.06048376926668539
1,2016-08-12,0.06047594483063685
1,2016-08-13,0.06046425782719198
1,2016-08-14,0.06044633383013384
1,2016-08-15,0.06044256828878019
1,2016-08-16,0.060473028321638804
1,2016-08-17,0.06053741181041192
1,2016-08-18,0.06061456312214551
1,2016-08-19,0.06067948370545759
1,2016-08-20,0.06072255526502937
1,2016-08-21,0.060756374139751726
1,2016-08-22,0.0608056989816246
1,2016-08-23,0.06088739091323812
1,2016-08-24,0.06099379961906579
1,2016-08-25,0.06109109298442449
1,2016-08-26,0.06113440849145269
1,2016-08-27,0.06109111798988918
1,2016-08-28,0.06095923429875307
1,2016-08-29,0.06077151708947333
1,2016-08-30,0.06058331852772498
1,2016-08-31,0.060449873332904025
1,2016-09-01,0.06040465439161012
1,2016-09-02,0.060450787714019925
1,2016-09-03,0.060568122181125915
1,2016-09-04,0.06072549616136303
1,2016-09-05,0.06088662776855954
1,2016-09-06,0.06101173833620067
1,2016-09-07,0.061066218486104856
1,2016-09-08,0.061037815937525254
1,2016-09-09,0.06094810450075605
1,2016-09-10,0.06084404361593212
1,2016-09-11,0.06077246658064664
1,2016-09-12,0.06075631876564193
1,2016-09-13,0.060790028781685254
1,2016-09-14,0.06085381338666755
1,2016-09-15,0.06093158818131015
1,2016-09-16,0.06101909313433876
1,2016-09-17,0.061120329545196875
1,2016-09-18,0.06123672024971475
1,2016-09-19,0.06135523592839839
1,2016-09-20,0.061445155075710675
1,2016-09-21,0.06147146665291835
1,2016-09-22,0.06141938384276571
1,2016-09-23,0.06131099521117342
1,2016-09-24,0.06119885696796809
1,2016-09-25,0.061139541588498623
1,2016-09-26,0.061164015388416614
1,2016-09-27,0.06126136321860695
1,2016-09-28,0.06138417347137144
1,2016-09-29,0.061474414197775835
1,2016-09-30,0.061496990324909843
1,2016-10-01,0.06145868394527825
1,2016-10-02,0.06139644356849421
1,2016-10-03,0.061343401505466945
1,2016-10-04,0.06130196403118882
1,2016-10-05,0.061247432314938434
1,2016-10-06,0.06115699608016292
1,2016-10-07,0.06103584511977199
1,2016-10-08,0.06091656562469085
1,2016-10-09,0.06083432629496287
1,2016-10-10,0.06080249415811736
1,2016-10-11,0.060810420522604665
1,2016-10-12,0.06084131514630012
1,2016-10-13,0.060888263568184706
1,2016-10-14,0.060951425923233965
1,2016-10-15,0.06102306169864519
1,2016-10-16,0.06108118031942262
1,2016-10-17,0.061100707182097556
1,2016-10-18,0.06106968986885876
1,2016-10-19,0.06099424752903207
1,2016-10-20,0.060890992346978416
1,2016-10-21,0.06077796713653447
1,2016-10-22,0.060672132485921126
1,2016-10-23,0.06059127434362934
1,2016-10-24,0.06055345933403273
1,2016-10-25,0.06057080192600253
1,2016-10-26,0.060641121811850225
1,2016-10-27,0.06074446257137554
1,2016-10-28,0.060848566488581377
1,2016-10-29,0.060921113059818115
1,2016-10-30,0.06094212988304062
1,2016-10-31,0.06090999123112511
1,2016-11-01,0.06083831946377272
1,2016-11-02,0.06074728310598334
1,2016-11-03,0.060656951597979326
1,2016-11-04,0.06058691845399545
1,2016-11-05,0.06055728024039483
1,2016-11-06,0.0605829814579341
1,2016-11-07,0.060662818280242614
1,2016-11-08,0.06077483825776253
1,2016-11-09,0.060885924449543216
1,2016-11-10,0.0609682621992053
1,2016-11-11,0.06100872941357612
1,2016-11-12,0.06100724146106911
1,2016-11-13,0.06097167889357974
1,2016-11-14,0.06091463537256824
1,2016-11-15,0.06084835515350779
1,2016-11-16,0.06077634488996015
1,2016-11-17,0.06069058508606274
1,2016-11-18,0.06058228039799038
1,2016-11-19,0.06045796277442165
1,2016-11-20,0.060343323530773554
1,2016-11-21,0.06026909796207126
1,2016-11-22,0.06025180712888327
1,2016-11-23,0.06028543132361001
1,2016-11-24,0.06034822964133951
1,2016-11-25,0.06041752428319911
1,2016-11-26,0.06048277013652899
1,2016-11-27,0.060550362611689675
1,2016-11-28,0.0606377742295096
1,2016-11-29,0.06075932844665022
1,2016-11-30,0.0609114913620943
1,2016-12-01,0.061068558270545976
1,2016-12-02,0.061194667012886256
1,2016-12-03,0.06126589488319939
1,2016-12-04,0.06128643950482863
1,2016-12-05,0.06128562768864006
1,2016-12-06,0.06129676450069903
1,2016-12-07,0.061333294030271074
1,2016-12-08,0.06138041739096562
1,2016-12-09,0.06140819309201564
1,2016-12-10,0.0613947360465071
1,2016-12-11,0.061340961730986396
1,2016-12-12,0.06126791141690759
1,2016-12-13,0.06120289768705048
1,2016-12-14,0.061165931031164675
1,2016-12-15,0.06116176602764768
1,2016-12-16,0.061177327818314683
1,2016-12-17,0.06118568115582989
1,2016-12-18,0.0611589880682252
1,2016-12-19,0.061086321744172715
1,2016-12-20,0.06098336286434701
1,2016-12-21,0.060883329394348366
1,2016-12-22,0.06081436525716725
1,2016-12-23,0.06078225592416858
1,2016-12-24,0.06077214472773453
1,2016-12-25,0.06076380518604391
1,2016-12-26,0.06074422094775095
1,2016-12-27,0.060709992856789026
1,2016-12-28,0.06066600479368773
1,2016-12-29,0.06062666805589247
1,2016-12-30,0.06061470802635657
1,2016-12-31,0.06061472305351725
1,2017-01-01,0.06064926378399468
1,2017-01-02,0.0607276256784381
1,2017-01-03,0.06081853525223376
1,2017-01-04,0.06087948148041811
1,2017-01-05,0.06088906212030637
1,2017-01-06,0.06086741067783087
1,2017-01-07,0.06086362453692209
1,2017-01-08,0.06091641948854336
1,2017-01-09,0.06101981864409644
1,2017-01-10,0.06112477942725408
1,2017-01-11,0.061177386658369394
1,2017-01-12,0.06116086771344232
1,2017-01-13,0.061105414449700815
1,2017-01-14,0.06106036404609564
1,2017-01-15,0.06105612146010113
1,2017-01-16,0.0610870699261583
1,2017-01-17,0.06112395097457723
1,2017-01-18,0.061140731469802104
1,2017-01-19,0.06113449699332876
1,2017-01-20,0.06112599105692837
1,2017-01-21,0.06114302286809701
1,2017-01-22,0.06119961287925
1,2017-01-23,0.061284714497314055
1,2017-01-24,0.06136687351100212
1,2017-01-25,0.0614113733131419
1,2017-01-26,0.06139922947862706
1,2017-01-27,0.0613360116959219
1,2017-01-28,0.06124511016277353
1,2017-01-29,0.061152110241440516
1,2017-01-30,0.06107381896859079
1,2017-01-31,0.06101890751129087
1,2017-02-01,0.06099358080136263
1,2017-02-02,0.061001205147584524
1,2017-02-03,0.061034896813492806
1,2017-02-04,0.061073526105380714
1,2017-02-05,0.06108959002115585
1,2017-02-06,0.06106496876348005
1,2017-02-07,0.0610029991742352
1,2017-02-08,0.060929054389141736
1,2017-02-09,0.06087976717896517
1,2017-02-10,0.06088654817937571
1,2017-02-11,0.06096202607696366
1,2017-02-12,0.06109688303433746
1,2017-02-13,0.061266696925595616
1,2017-02-14,0.061440068085563994
1,2017-02-15,0.061581792455813536
1,2017-02-16,0.06165596097599452
1,2017-02-17,0.061637052758538896
1,2017-02-18,0.06152507794807918
1,2017-02-19,0.06134943363939028
1,2017-02-20,0.06115365610557877
1,2017-02-21,0.060973140688552696
1,2017-02-22,0.06082506391560142
1,2017-02-23,0.06071447070303954
1,2017-02-24,0.06064263986437039
1,2017-02-25,0.060606100061118315
1,2017-02-26,0.0605919021289048
1,2017-02-27,0.06058203668313322
1,2017-02-28,0.06056756449727162
1,2017-03-01,0.060558401790667946
1,2017-03-02,0.06057680892221136
1,2017-03-03,0.060638746834765764
1,2017-03-04,0.060739649022551384
1,2017-03-05,0.06085781367427356
1,2017-03-06,0.06097188502392703
1,2017-03-07,0.061073357701029195
1,2017-03-08,0.061159252063371035
1,2017-03-09,0.061215463688756515
1,2017-03-10,0.06121855349797714
1,2017-03-11,0.061163064485830455
1,2017-03-12,0.06108192320387563
1,2017-03-13,0.06102552432830031
1,2017-03-14,0.06101428532158326
1,2017-03-15,0.06101848450570687
1,2017-03-16,0.06099210336551584
1,2017-03-17,0.06092546005605324
1,2017-03-18,0.06086131547772539
1,2017-03-19,0.06085992737556398
1,2017-03-20,0.06094710843748917
1,2017-03-21,0.06108806954695601
1,2017-03-22,0.06120444714574377
1,2017-03-23,0.06122168670439621
1,2017-03-24,0.061115615253855046
1,2017-03-25,0.06092765875931327
1,2017-03-26,0.0607401313780662
1,2017-03-27,0.06063157756343746
1,2017-03-28,0.06064244721317792
1,2017-03-29,0.06076720822817683
1,2017-03-30,0.06096866157062453
1,2017-03-31,0.061200221925289434
1,2017-04-01,0.06142279170035874
1,2017-04-02,0.06161030014340432
1,2017-04-03,0.06174827704431213
1,2017-04-04,0.06183423597954221
1,2017-04-05,0.061880764557252596
1,2017-04-06,0.06191191750949285
1,2017-04-07,0.06194731262583029
1,2017-04-08,0.061984697968042034
1,2017-04-09,0.0619996475898974
1,2017-04-10,0.06196726871457901
1,2017-04-11,0.061888400222782886
1,2017-04-12,0.06179640107529806
1,2017-04-13,0.06173795856375621
1,2017-04-14,0.06174443790976184
1,2017-04-15,0.06181597279120701
1,2017-04-16,0.06192555229137352
1,2017-04-17,0.06203337848365978
1,2017-04-18,0.06209983072732149
1,2017-04-19,0.06209497126602417
1,2017-04-20,0.06200785935080826
1,2017-04-21,0.06185396616470131
1,2017-04-22,0.06167320047211351
1,2017-04-23,0.06151479417677215
1,2017-04-24,0.06141595384823894
1,2017-04-25,0.06138746677622592
1,2017-04-26,0.06141468215045375
1,2017-04-27,0.06147085891082453
1,2017-04-28,0.06153202096077697
1,2017-04-29,0.061584263688622215
1,2017-04-30,0.06162260408766381
1,2017-05-01,0.06164626135171804
1,2017-05-02,0.061654526172301376
1,2017-05-03,0.061644424874224286
1,2017-05-04,0.061611253089593435
1,2017-05-05,0.06155341572714175
1,2017-05-06,0.061479126824586616
1,2017-05-07,0.06140779448185705
1,2017-05-08,0.06136192169696142
1,2017-05-09,0.06135480228272385
1,2017-05-10,0.061383012933539656
1,2017-05-11,0.0614257384710385
1,2017-05-12,0.06144707062718032
1,2017-05-13,0.061402622054235
1,2017-05-14,0.0612577758695343
1,2017-05-15,0.06101489622479491
1,2017-05-16,0.06072751336692592
1,2017-05-17,0.06047950667556529
1,2017-05-18,0.06033776485078282
1,2017-05-19,0.060317039277108714
1,2017-05-20,0.060386231159865016
1,2017-05-21,0.06050230471501902
1,2017-05-22,0.06063244487058068
1,2017-05-23,0.06074827638058164
1,2017-05-24,0.060815695868167444
1,2017-05-25,0.06080650800517939
1,2017-05-26,0.0607228309871556
1,2017-05-27,0.06060403950949765
1,2017-05-28,0.06050651099409382
1,2017-05-29,0.060474495306616464
1,2017-05-30,0.060520111983722494
1,2017-05-31,0.06061734939433412
1,2017-06-01,0.06071380014074866
1,2017-06-02,0.06076034859703216
1,2017-06-03,0.06073981534013095
1,2017-06-04,0.06066926365304897
1,2017-06-05,0.06057783055344347
1,2017-06-06,0.060488136375137815
1,2017-06-07,0.06041726019316888
1,2017-06-08,0.06038363306841367
1,2017-06-09,0.06040260557112522
1,2017-06-10,0.06047532724150822
1,2017-06-11,0.060586887369993424
1,2017-06-12,0.06071661090519309
1,2017-06-13,0.060848266442825656
1,2017-06-14,0.0609706656937228
1,2017-06-15,0.061072667638564546
1,2017-06-16,0.061142782355699345
1,2017-06-17,0.061176405221985246
1,2017-06-18,0.06118271667193505
1,2017-06-19,0.06118134558922516
1,2017-06-20,0.06118875864538714
1,2017-06-21,0.061205206520848314
1,2017-06-22,0.061212832644417195
1,2017-06-23,0.06118581250126618
1,2017-06-24,0.06110572325767079
1,2017-06-25,0.06097463723297368
1,2017-06-26,0.06081988031906257
1,2017-06-27,0.06068596688885221
1,2017-06-28,0.06061490450709473
1,2017-06-29,0.060625122373711315
1,2017-06-30,0.06070295577212256
1,2017-07-01,0.06081254185162962
1,2017-07-02,0.06091556640318275
1,2017-07-03,0.06098531992419149
1,2017-07-04,0.061007733957578275
1,2017-07-05,0.06097662464616579
1,2017-07-06,0.060894350502149766
1,2017-07-07,0.06077851089961635
1,2017-07-08,0.06066412794615236
1,2017-07-09,0.06059270839059476
1,2017-07-10,0.06059187055632693
1,2017-07-11,0.06065837712904056
1,2017-07-12,0.06075600962217868
1,2017-07-13,0.060831190162505794
1,2017-07-14,0.06083973090094092
1,2017-07-15,0.060771118646305564
1,2017-07-16,0.06065579565726803
1,2017-07-17,0.06054917362042019
1,2017-07-18,0.06050073193800618
1,2017-07-19,0.06052750750673997
1,2017-07-20,0.06060941501615286
1,2017-07-21,0.06070905719825258
1,2017-07-22,0.06080064773941064
1,2017-07-23,0.06088535224348454
1,2017-07-24,0.060981750058937315
1,2017-07-25,0.06110236440916399
1,2017-07-26,0.06123938920877577
1,2017-07-27,0.06137130276242493
1,2017-07-28,0.061478984174449657
1,2017-07-29,0.06155207408888483
1,2017-07-30,0.0615828346537597
1,2017-07-31,0.06156330193381903
1,2017-08-01,0.06149608779881792
1,2017-08-02,0.06140599428083177
1,2017-08-03,0.061331077327027986
1,2017-08-04,0.06129335222846131
1,2017-08-05,0.06127625048498776
1,2017-08-06,0.06123400477732117
1,2017-08-07,0.0611277705174542
1,2017-08-08,0.06095794630226828
1,2017-08-09,0.0607664662910493
1,2017-08-10,0.060608588481150534
1,2017-08-11,0.060516797782052316
1,2017-08-12,0.06048380579240126
1,2017-08-13,0.060475976752073675
1,2017-08-14,0.060464285131269495
1,2017-08-15,0.06044636037438382
1,2017-08-16,0.06044259760226756
1,2017-08-17,0.06047306113749656
1,2017-08-18,0.06053744677737703
1,2017-08-19,0.060614599067066434
1,2017-08-20,0.060679521198244116
1,2017-08-21,0.06072259633320497
1,2017-08-22,0.06075642013795297
1,2017-08-23,0.060805749321995
1,2017-08-24,0.06088744331913624
1,2017-08-25,0.06099385201054435
1,2017-08-26,0.06109114400224916
1,2017-08-27,0.06113445492834468
1,2017-08-28,0.06109115580641823
1,2017-08-29,0.060959261619003384
1,2017-08-30,0.06077153515727488
1,2017-08-31,0.06058332963088983
1,2017-09-01,0.06044987829884587
1,2017-09-02,0.06040465526560462
1,2017-09-03,0.0604507874416014
1,2017-09-04,0.06056812331727314
1,2017-09-05,0.0607255006063771
1,2017-09-06,0.06088663709027689
1,2017-09-07,0.06101175356319866
1,2017-09-08,0.06106623928910615
1,2017-09-09,0.06103784161863537
1,2017-09-10,0.06094813401700571
1,2017-09-11,0.060844076581184646
1,2017-09-12,0.06077250237477529
1,2017-09-13,0.06075635576100033
1,2017-09-14,0.06079006481174482
1,2017-09-15,0.06085384722276188
1,2017-09-16,0.06093162047457876
1,2017-09-17,0.0610191259067714
1,2017-09-18,0.06112036414180107
1,2017-09-19,0.061236756400682206
1,2017-09-20,0.06135527266881815
1,2017-09-21,0.061445192063453405
1,2017-09-22,0.06147150311121944
1,2017-09-23,0.06141942103341779
1,2017-09-24,0.06131103654196999
1,2017-09-25,0.06119890734989259
1,2017-09-26,0.06113960413239304
1,2017-09-27,0.061164087385431054
1,2017-09-28,0.061261435257910606
1,2017-09-29,0.06138423505752261
1,2017-09-30,0.06147445955381204
1,2017-10-01,0.061497020070468526
1,2017-10-02,0.06145870263390057
1,2017-10-03,0.06139645616723981
1,2017-10-04,0.06134341160037938
1,2017-10-05,0.06130197281224874
1,2017-10-06,0.061247440433161035
1,2017-10-07,0.061157004268922725
1,2017-10-08,0.06103585339835972
1,2017-10-09,0.06091657498838955
1,2017-10-10,0.06083433857781698
1,2017-10-11,0.060802510066590515
1,2017-10-12,0.060810438744085295
1,2017-10-13,0.06084133276148436
1,2017-10-14,0.06088827903119755
1,2017-10-15,0.06095143893629618
1,2017-10-16,0.06102307274329747
1,2017-10-17,0.06108119070659387
1,2017-10-18,0.06110071816032857
1,2017-10-19,0.06106970277333615
1,2017-10-20,0.060994263411674424
1,2017-10-21,0.06089101104973429
1,2017-10-22,0.06077798572973629
1,2017-10-23,0.060672147163136354
1,2017-10-24,0.06059128399304659
1,2017-10-25,0.060553464313788975
1,2017-10-26,0.06057080278546861
1,2017-10-27,0.0606411193502238
1,2017-10-28,0.06074445883904687
1,2017-10-29,0.06084856397112125
1,2017-10-30,0.060921112591357594
1,2017-10-31,0.06094212934782259
1,2017-11-01,0.060909987991069975
1,2017-11-02,0.060838310666629286
1,2017-11-03,0.06074726841755912
1,2017-11-04,0.06065693410889083
1,2017-11-05,0.06058690092996632
1,2017-11-06,0.06055726309732786
1,2017-11-07,0.06058296301264173
1,2017-11-08,0.060662796315911614
1,2017-11-09,0.06077481092604452
1,2017-11-10,0.0608858892230074
1,2017-11-11,0.06096821642832579
1,2017-11-12,0.06100867042490749
1,2017-11-13,0.06100717022419034
1,2017-11-14,0.06097160133415075
1,2017-11-15,0.06091455929460798
1,2017-11-16,0.06084828853923154
1,2017-11-17,0.06077628750027352
1,2017-11-18,0.06069052860917095
1,2017-11-19,0.06058221595149828
1,2017-11-20,0.06045788375826156
1,2017-11-21,0.06034322942840806
1,2017-11-22,0.060268995129840255
1,2017-11-23,0.06025170309599075
1,2017-11-24,0.06028533320922682
1,2017-11-25,0.06034814472468259
1,2017-11-26,0.060417455459392595
1,2017-11-27,0.060482717413678534
1,2017-11-28,0.060550323217711595
1,2017-11-29,0.06063774012707746
1,2017-11-30,0.06075928831833203
1,2017-12-01,0.06091144142376293
1,2017-12-02,0.06106849827939716
1,2017-12-03,0.06119459888813365
1,2017-12-04,0.06126582314829079
1,2017-12-05,0.061286373776923114
1,2017-12-06,0.06128557634035842
1,2017-12-07,0.061296727518257606
1,2017-12-08,0.0613332670127623
1,2017-12-09,0.06138039689534636
1,2017-12-10,0.06140817836790382
1,2017-12-11,0.06139472667203344
1,2017-12-12,0.06134095943602288
1,2017-12-13,0.06126791766269203
1,2017-12-14,0.06120291285227618
1,2017-12-15,0.06116595566768741
1,2017-12-16,0.06116180068876975
1,2017-12-17,0.061177370945125584
1,2017-12-18,0.06118573214891205
1,2017-12-19,0.061159045903473
1,2017-12-20,0.06108638430331532
1,2017-12-21,0.06098342709841173
1,2017-12-22,0.060883392384512014
1,2017-12-23,0.06081442317376722
1,2017-12-24,0.06078230910500004
1,2017-12-25,0.06077219723833126
1,2017-12-26,0.060763858697795825
1,2017-12-27,0.0607442730650568
1,2017-12-28,0.06071003849903696
1,2017-12-29,0.060666038635774126
1,2017-12-30,0.06062668285689776
1,2017-12-31,0.0606146980010911
1,2018-01-01,0.06064920876575459
1,2018-01-02,0.060727536459645494
1,2018-01-03,0.060818409852298416
1,2018-01-04,0.060879327146001784
1,2018-01-05,0.060888894132206925
1,2018-01-06,0.06086724609793968
1,2018-01-07,0.0608634786998579
1,2018-01-08,0.060916302789186
1,2018-01-09,0.06101973354371436
1,2018-01-10,0.06112472625826872
1,2018-01-11,0.06117736214731744
1,2018-01-12,0.061160865960796215
1,2018-01-13,0.061105428849354125
1,2018-01-14,0.06106038699344349
1,2018-01-15,0.061056146685508496
1,2018-01-16,0.06108709150705006
1,2018-01-17,0.06112396175234329
1,2018-01-18,0.061140726857572256
1,2018-01-19,0.06113448109876987
1,2018-01-20,0.061125971895351613
1,2018-01-21,0.06114300718663226
1,2018-01-22,0.06119960648377365
1,2018-01-23,0.061284717341250294
1,2018-01-24,0.06136688254214881
1,2018-01-25,0.06141138310028204
1,2018-01-26,0.06139923831521794
1,2018-01-27,0.06133602195238031
1,2018-01-28,0.0612451242713731
1,2018-01-29,0.061152128565041625
1,2018-01-30,0.061073840618422436
1,2018-01-31,0.061018931935273725
1,2018-02-01,0.06099360717413368
1,2018-02-02,0.061001231592701134
1,2018-02-03,0.06103492154099954
1,2018-02-04,0.06107354701893937
1,2018-02-05,0.061089604762159105
1,2018-02-06,0.06106497701246683
1,2018-02-07,0.06100300276757513
1,2018-02-08,0.06092905577422574
1,2018-02-09,0.06087976718998795
1,2018-02-10,0.06088654665948119
1,2018-02-11,0.06096202183817009
1,2018-02-12,0.06109687603104497
1,2018-02-13,0.061266687224483786
1,2018-02-14,0.06144005626673082
1,2018-02-15,0.06158177982214487
1,2018-02-16,0.0616559494756523
1,2018-02-17,0.061637042609768204
1,2018-02-18,0.06152506868968689
1,2018-02-19,0.061349423766128695
1,2018-02-20,0.06115364402410931
1,2018-02-21,0.06097312725559777
1,2018-02-22,0.06082505072014917
1,2018-02-23,0.060714459845463614
1,2018-02-24,0.06064263060144542
1,2018-02-25,0.06060608745184886
1,2018-02-26,0.060591878257883355
1,2018-02-27,0.06058199595742594
1,2018-02-28,0.06056751113527149
1,2018-03-01,0.06055834428796485
1,2018-03-02,0.06057675178853491
1,2018-03-03,0.06063868899976197
1,2018-03-04,0.06073958764176997
1,2018-03-05,0.06085774855394893
1,2018-03-06,0.060971819441667116
1,2018-03-07,0.06107329776367188
1,2018-03-08,0.061159204183603294
1,2018-03-09,0.06121542540347106
1,2018-03-10,0.0612185119010717
1,2018-03-11,0.06116300372115357
1,2018-03-12,0.061081835365639076
1,2018-03-13,0.06102540949541919
1,2018-03-14,0.061014144801290485
1,2018-03-15,0.061018321154476945
1,2018-03-16,0.06099192391464191
1,2018-03-17,0.06092527653272958
1,2018-03-18,0.06086114082027527
1,2018-03-19,0.06085976960080162
1,2018-03-20,0.060946970773301475
1,2018-03-21,0.061087950945988616
1,2018-03-22,0.061204346347758586
1,2018-03-23,0.0612216045388909
1,2018-03-24,0.061115549629037064
1,2018-03-25,0.060927606673978625
1,2018-03-26,0.0607400901733333
1,2018-03-27,0.060631545481475424
1,2018-03-28,0.06064242430581035
1,2018-03-29,0.06076719495330515
1,2018-03-30,0.06096865733765829
1,2018-03-31,0.06120022509585002
1,2018-04-01,0.061422799400781276
1,2018-04-02,0.061610310858766164
1,2018-04-03,0.06174829065302786
1,2018-04-04,0.061834252340820316
1,2018-04-05,0.0618807834030543
1,2018-04-06,0.06191193699125094
1,2018-04-07,0.0619473294128872
1,2018-04-08,0.061984708066861786
1,2018-04-09,0.06199964714695684
1,2018-04-10,0.061967255117406375
1,2018-04-11,0.06188837257934187
1,2018-04-12,0.06179636190830642
1,2018-04-13,0.06173791398120562
1,2018-04-14,0.06174439613937435
1,2018-04-15,0.06181594214861784
1,2018-04-16,0.06192553522326634
1,2018-04-17,0.062033370064641935
1,2018-04-18,0.062099823303481724
1,2018-04-19,0.06209495733799981
1,2018-04-20,0.06200783513207606
1,2018-04-21,0.061853931123222156
1,2018-04-22,0.06167315807517206
1,2018-04-23,0.061514748868564416
1,2018-04-24,0.06141590732801649
1,2018-04-25,0.06138742135898925
1,2018-04-26,0.06141463992502068
1,2018-04-27,0.0614708225205623
1,2018-04-28,0.06153199106607387
1,2018-04-29,0.061584240623706
1,2018-04-30,0.06162258956282858
1,2018-05-01,0.06164625278446994
1,2018-05-02,0.06165452147021125
1,2018-05-03,0.06164442185866399
1,2018-05-04,0.061611250905162875
1,2018-05-05,0.0615534151704379
1,2018-05-06,0.0614791261143409
1,2018-05-07,0.06140779462482101
1,2018-05-08,0.0613619237286185
1,2018-05-09,0.061354806467381146
1,2018-05-10,0.061383021191335284
1,2018-05-11,0.061425758457580276
1,2018-05-12,0.06144710875307291
1,2018-05-13,0.06140267729877997
1,2018-05-14,0.061257840734225806
1,2018-05-15,0.06101496060868615
1,2018-05-16,0.06072756555883442
1,2018-05-17,0.06047953740512405
1,2018-05-18,0.060337768737943664
1,2018-05-19,0.06031701728843462
1,2018-05-20,0.060386191460953045
1,2018-05-21,0.060502260563302095
1,2018-05-22,0.060632409534068635
1,2018-05-23,0.060748259385324056
1,2018-05-24,0.06081570066137716
1,2018-05-25,0.0608065348942973
1,2018-05-26,0.06072287707152986
1,2018-05-27,0.06060410056187053
1,2018-05-28,0.060506584516709816
1,2018-05-29,0.060474580929143505
1,2018-05-30,0.06052020927411738
1,2018-05-31,0.06061745363279925
1,2018-06-01,0.06071390586856924
1,2018-06-02,0.06076045114193609
1,2018-06-03,0.060739910233266046
1,2018-06-04,0.06066934518100336
1,2018-06-05,0.06057789273191596
1,2018-06-06,0.060488179086749756
1,2018-06-07,0.06041729018789797
1,2018-06-08,0.06038366009711042
1,2018-06-09,0.06040263403169989
1,2018-06-10,0.060475354875657944
1,2018-06-11,0.0605869102566012
1,2018-06-12,0.06071662459494918
1,2018-06-13,0.0608482684236029
1,2018-06-14,0.060970656338008446
1,2018-06-15,0.06107264906763437
1,2018-06-16,0.061142757017058305
1,2018-06-17,0.06117637431078535
1,2018-06-18,0.06118268181222357
1,2018-06-19,0.061181308609884924
1,2018-06-20,0.06118872088625243
1,2018-06-21,0.061205169195398194
1,2018-06-22,0.06121279694943355
1,2018-06-23,0.06118577779332852
1,2018-06-24,0.06110568866198163
1,2018-06-25,0.060974603506054985
1,2018-06-26,0.06081984855335182
1,2018-06-27,0.060685937536795305
1,2018-06-28,0.06061487696979799
1,2018-06-29,0.06062509546123925
1,2018-06-30,0.060702928823023625
1,2018-07-01,0.06081251506735074
1,2018-07-02,0.06091554240345219
1,2018-07-03,0.06098530029534977
1,2018-07-04,0.06100771874225587
1,2018-07-05,0.060976613211208626
1,2018-07-06,0.060894341657773875
1,2018-07-07,0.060778501856137486
1,2018-07-08,0.0606641138539351
1,2018-07-09,0.060592686152976555
1,2018-07-10,0.0605918391688171
1,2018-07-11,0.060658337400410406
1,2018-07-12,0.060755963975926544
1,2018-07-13,0.06083114203799541
1,2018-07-14,0.06083968172333811
1,2018-07-15,0.060771067931081224
1,2018-07-16,0.06065574333050626
1,2018-07-17,0.06054911890880228
1,2018-07-18,0.0605006753036626
1,2018-07-19,0.0605274513386393
1,2018-07-20,0.06060936200491538
1,2018-07-21,0.06070900785963686
1,2018-07-22,0.06080060167165514
1,2018-07-23,0.060885309142547445
1,2018-07-24,0.060981709565329584
1,2018-07-25,0.06110232709384455
1,2018-07-26,0.061239355078087414
1,2018-07-27,0.061371271106808394
1,2018-07-28,0.06147895325116861
1,2018-07-29,0.061552042064155765
1,2018-07-30,0.06158280017325943
1,2018-07-31,0.06156326163255537
1,2018-08-01,0.06149603781444997
1,2018-08-02,0.06140593312696763
1,2018-08-03,0.06133100698303449
1,2018-08-04,0.061293275440109596
1,2018-08-05,0.06127617077061095
1,2018-08-06,0.06123392698667352
1,2018-08-07,0.06112769825277731
1,2018-08-08,0.06095788205596427
1,2018-08-09,0.06076641036451561
1,2018-08-10,0.06060854003213435
1,2018-08-11,0.06051675513413582
1,2018-08-12,0.06048377102455925
1,2018-08-13,0.06047595582255431
1,2018-08-14,0.060464281052021535
1,2018-08-15,0.06044637093434755
1,2018-08-16,0.06044261806039598
1,2018-08-17,0.06047308581872338
1,2018-08-18,0.060537470997110036
1,2018-08-19,0.060614619211659705
1,2018-08-20,0.060679534982362934
1,2018-08-21,0.06072260150370771
1,2018-08-22,0.060756417766470616
1,2018-08-23,0.06080574236158994
1,2018-08-24,0.06088743577940388
1,2018-08-25,0.060993845909502305
1,2018-08-26,0.06109113836176121
1,2018-08-27,0.061134449756356304
1,2018-08-28,0.06109115101898506
1,2018-08-29,0.06095925794272198
1,2018-08-30,0.06077153451134753
1,2018-08-31,0.060583336084329746
1,2018-09-01,0.060449894545007085
1,2018-09-02,0.060404680018560704
1,2018-09-03,0.0604508164518661
1,2018-09-04,0.06056815010596418
1,2018-09-05,0.060725518921151654
1,2018-09-06,0.060886641797331366
1,2018-09-07,0.06101174275606765
1,2018-09-08,0.06106621413624845
1,2018-09-09,0.06103780508741879
1,2018-09-10,0.060948090637688766
1,2018-09-11,0.060844030288500175
1,2018-09-12,0.06077245662783114
1,2018-09-13,0.06075631348694105
1,2018-09-14,0.060790028201288766
1,2018-09-15,0.06085381693875447
1,2018-09-16,0.06093159581181013
1,2018-09-17,0.061019105152607486
1,2018-09-18,0.06112034532268779
1,2018-09-19,0.061236739722971924
1,2018-09-20,0.06135525887459021
1,2018-09-21,0.0614451813160083
1,2018-09-22,0.06147149387210043
1,2018-09-23,0.06141940915177124
1,2018-09-24,0.0613110171166664
1,2018-09-25,0.06119887676586468
1,2018-09-26,0.061139564155299274
1,2018-09-27,0.0611640448453196
1,2018-09-28,0.06126139910487242
1,2018-09-29,0.061384210174811056
1,2018-09-30,0.06147444474729137
1,2018-10-01,0.061497010323286264
1,2018-10-02,0.06145869115582314
1,2018-10-03,0.061396440177254326
1,2018-10-04,0.06134339195458322
1,2018-10-05,0.06130195253939129
1,2018-10-06,0.061247420375460056
1,2018-10-07,0.06115698144301958
1,2018-10-08,0.06103582329212883
1,2018-10-09,0.06091653315082115
1,2018-10-10,0.06083428391054451
1,2018-10-11,0.06080244590165982
1,2018-10-12,0.06081037270575655
1,2018-10-13,0.06084127362100863
1,2018-10-14,0.0608882331056159
1,2018-10-15,0.060951408632926765
1,2018-10-16,0.061023056517847486
1,2018-10-17,0.06108118399774325
1,2018-10-18,0.061100716146504835
1,2018-10-19,0.0610697013850041
1,2018-10-20,0.060994259437082025
1,2018-10-21,0.060891003454983716
1,2018-10-22,0.060777976800340076
1,2018-10-23,0.060672139554928915
1,2018-10-24,0.06059127852852738
1,2018-10-25,0.0605534607425173
1,2018-10-26,0.06057080139354416
1,2018-10-27,0.06064112064141731
1,2018-10-28,0.06074446296765808
1,2018-10-29,0.060848571044220055
1,2018-10-30,0.060921124194617225
1,2018-10-31,0.06094214980034755
1,2018-11-01,0.06091002143728194
1,2018-11-02,0.06083836114123367
1,2018-11-03,0.060747337344905075
1,2018-11-04,0.06065702220216689
1,2018-11-05,0.060587005130133924
1,2018-11-06,0.060557377066279824
1,2018-11-07,0.06058307877452427
1,2018-11-08,0.06066290194369761
1,2018-11-09,0.06077489571907475
1,2018-11-10,0.06088594930462281
1,2018-11-11,0.06096825502441397
1,2018-11-12,0.06100869449148321
1,2018-11-13,0.06100718497299323
1,2018-11-14,0.06097160913781369
1,2018-11-15,0.06091456038684858
1,2018-11-16,0.06084828077182746
1,2018-11-17,0.060776269505151546
1,2018-11-18,0.060690502248863916
1,2018-11-19,0.06058218513495784
1,2018-11-20,0.06045785172756195
1,2018-11-21,0.06034319555258302
1,2018-11-22,0.06026895565011029
1,2018-11-23,0.060251656196179185
1,2018-11-24,0.06028528016698678
1,2018-11-25,0.06034809175151071
1,2018-11-26,0.06041741382304759
1,2018-11-27,0.06048269710665292
1,2018-11-28,0.06055033286305264
1,2018-11-29,0.06063778388043623
1,2018-11-30,0.060759359111332935
1,2018-12-01,0.06091152224220658
1,2018-12-02,0.061068575536688624
1,2018-12-03,0.06119466830691586
1,2018-12-04,0.0612658881128817
1,2018-12-05,0.06128644286852155
1,2018-12-06,0.061285656033569114
1,2018-12-07,0.06129681949375163
1,2018-12-08,0.06133336546084343
1,2018-12-09,0.06138049034056177
1,2018-12-10,0.06140825708612127
1,2018-12-11,0.061394785555036906
1,2018-12-12,0.061340995991684355
1,2018-12-13,0.06126793116243476
1,2018-12-14,0.06120290648129596
1,2018-12-15,0.06116593446233607
1,2018-12-16,0.06116176781598431
1,2018-12-17,0.06117732937325299
1,2018-12-18,0.061185682226850356
1,2018-12-19,0.061158987829657986
1,2018-12-20,0.0610863196034945
1,2018-12-21,0.06098335963469102
1,2018-12-22,0.06088332588720711
1,2018-12-23,0.06081436280734913
1,2018-12-24,0.06078225458315561
1,2018-12-25,0.060772145044739274
1,2018-12-26,0.06076380824670924
1,2018-12-27,0.06074422835592048
1,2018-12-28,0.06071000501024612
1,2018-12-29,0.06066601915481761
1,2018-12-30,0.06062668088152417
1,2018-12-31,0.06061471442895032
1,2019-01-01,0.06064923981465116
1,2019-01-02,0.0607275763113496
1,2019-01-03,0.060818451366905286
1,2019-01-04,0.06087936447459428
1,2019-01-05,0.06088892443993823
1,2019-01-06,0.060867269754806136
1,2019-01-07,0.060863498829235
1,2019-01-08,0.06091632185023632
1,2019-01-09,0.06101975377007931
1,2019-01-10,0.061124748228169906
1,2019-01-11,0.0611773867868591
1,2019-01-12,0.06116089397305779
1,2019-01-13,0.061105459454553104
1,2019-01-14,0.0610604193993542
1,2019-01-15,0.0610561793150629
1,2019-01-16,0.06108712296335315
1,2019-01-17,0.06112398950520422
1,2019-01-18,0.06114075026923596
1,2019-01-19,0.061134501178227114
1,2019-01-20,0.06112599120202514
1,2019-01-21,0.061143028231498794
1,2019-01-22,0.06119963014234673
1,2019-01-23,0.06128474383676488
1,2019-01-24,0.06136691139352499
1,2019-01-25,0.0614114138458163
1,2019-01-26,0.06139927190124524
1,2019-01-27,0.06133605868836554
1,2019-01-28,0.0612451633167153
1,2019-01-29,0.06115216841282598
1,2019-01-30,0.061073879880568366
1,2019-01-31,0.06101896930880217
1,2019-02-01,0.06099363976693338
1,2019-02-02,0.06100125771254536
1,2019-02-03,0.061034940509794425
1,2019-02-04,0.061073558894248335
1,2019-02-05,0.061089612479578836
1,2019-02-06,0.061064983046886644
1,2019-02-07,0.0610030074475494
1,2019-02-08,0.060929059128664156
1,2019-02-09,0.06087977050663882
1,2019-02-10,0.06088655262694062
1,2019-02-11,0.06096203123571461
1,2019-02-12,0.061096888250839254
1,2019-02-13,0.061266702970124765
1,2019-02-14,0.06144007640658192
1,2019-02-15,0.06158180378552478
1,2019-02-16,0.06165597445544193
1,2019-02-17,0.06163706630827821
1,2019-02-18,0.06152508982967489
1,2019-02-19,0.061349445158643615
1,2019-02-20,0.06115366979364717
1,2019-02-21,0.060973158118674126
1,2019-02-22,0.060825083800154875
1,2019-02-23,0.060714490886149594
1,2019-02-24,0.06064265632220421
1,2019-02-25,0.06060610595262302
1,2019-02-26,0.060591889973981225
1,2019-02-27,0.06058200394456336
1,2019-02-28,0.060567518572157045
1,2019-03-01,0.060558352316920715
1,2019-03-02,0.06057676096995009
1,2019-03-03,0.06063870120625142
1,2019-03-04,0.06073960594894802
1,2019-03-05,0.06085777882504621
1,2019-03-06,0.060971867148335426
1,2019-03-07,0.061073363379796616
1,2019-03-08,0.061159282128058406
1,2019-03-09,0.061215504741275684
1,2019-03-10,0.06121858468364562
1,2019-03-11,0.06116306777612313
1,2019-03-12,0.06108189385741307
1,2019-03-13,0.061025461582509224
1,2019-03-14,0.06101418906264959
1,2019-03-15,0.06101835808190719
1,2019-03-16,0.06099195717638353
1,2019-03-17,0.060925310433485126
1,2019-03-18,0.06086118210886398
1,2019-03-19,0.06085982692627994
1,2019-03-20,0.06094704990263623
1,2019-03-21,0.061088054150790425
1,2019-03-22,0.06120447069850499
1,2019-03-23,0.06122174585103985
1,2019-03-24,0.06111570288296139
1,2019-03-25,0.060927764139498006
1,2019-03-26,0.06074024120916141
1,2019-03-27,0.0606316794262416
1,2019-03-28,0.060642531973432175
1,2019-03-29,0.06076727511426991
1,2019-03-30,0.06096871730885312
1,2019-03-31,0.061200271777982526
1,2019-04-01,0.0614228381084011
1,2019-04-02,0.06161034453444353
1,2019-04-03,0.06174832056062885
1,2019-04-04,0.06183427968713522
1,2019-04-05,0.06188080969083759
1,2019-04-06,0.06191196308046599
1,2019-04-07,0.06194735622018252
1,2019-04-08,0.06198473571489269
1,2019-04-09,0.06199967500453661
1,2019-04-10,0.061967282865782784
1,2019-04-11,0.06188839877090608
1,2019-04-12,0.06179638574088756
1,2019-04-13,0.06173793544551412
1,2019-04-14,0.061744415108635584
1,2019-04-15,0.06181595670364066
1,2019-04-16,0.06192554361516174
1,2019-04-17,0.06203337230046841
1,2019-04-18,0.06209982220190243
1,2019-04-19,0.06209495731766963
1,2019-04-20,0.06200784048765583
1,2019-04-21,0.0618539452334558
1,2019-04-22,0.061673180641301915
1,2019-04-23,0.06151477574534589
1,2019-04-24,0.061415933605414544
1,2019-04-25,0.0613874409258249
1,2019-04-26,0.061414648923040195
1,2019-04-27,0.06147081964259424
1,2019-04-28,0.06153198035485287
1,2019-04-29,0.061584226836585855
1,2019-04-30,0.06162257466173231
1,2019-05-01,0.06164624090426615
1,2019-05-02,0.061654514648960344
1,2019-05-03,0.061644420699350715
1,2019-05-04,0.061611251907872464
1,2019-05-05,0.06155341498510268
1,2019-05-06,0.06147912694627292
1,2019-05-07,0.06140779792406648
1,2019-05-08,0.06136192866405299
1,2019-05-09,0.061354809564619556
1,2019-05-10,0.06138301707983946
1,2019-05-11,0.06142574046264333
1,2019-05-12,0.06144707488453028
1,2019-05-13,0.06140263102773024
1,2019-05-14,0.06125778884870899
1,2019-05-15,0.061014908481005055
1,2019-05-16,0.06072751882348694
1,2019-05-17,0.060479501485025206
1,2019-05-18,0.060337747010614166
1,2019-05-19,0.06031700857543361
1,2019-05-20,0.060386192417956265
1,2019-05-21,0.060502267273889236
1,2019-05-22,0.06063241629844456
1,2019-05-23,0.06074825748115292
1,2019-05-24,0.060815684614239245
1,2019-05-25,0.060806503881097033
1,2019-05-26,0.06072283551550955
1,2019-05-27,0.06060405355512023
1,2019-05-28,0.06050653320124073
1,2019-05-29,0.06047452415206435
1,2019-05-30,0.06052014497272171
1,2019-05-31,0.06061738322798364
1,2019-06-01,0.06071383146873487
1,2019-06-02,0.06076037633719292
1,2019-06-03,0.060739838652000326
1,2019-06-04,0.060669281189126796
1,2019-06-05,0.060577840258815206
1,2019-06-06,0.060488133623905364
1,2019-06-07,0.060417243137882486
1,2019-06-08,0.060383604924297056
1,2019-06-09,0.06040257382290599
1,2019-06-10,0.06047529977134034
1,2019-06-11,0.06058687009225799
1,2019-06-12,0.06071660569695788
1,2019-06-13,0.06084827199952645
1,2019-06-14,0.06097067879685221
1,2019-06-15,0.06107268389844913
1,2019-06-16,0.06114279715318255
1,2019-06-17,0.061176413744755596
1,2019-06-18,0.061182716286433396
1,2019-06-19,0.06118133572191681
1,2019-06-20,0.06118874041497072
1,2019-06-21,0.06120518138748899
1,2019-06-22,0.0612128037662292
1,2019-06-23,0.061185782224115394
1,2019-06-24,0.06110569375391015
1,2019-06-25,0.06097461250534545
1,2019-06-26,0.060819863195138595
1,2019-06-27,0.06068595823223796
1,2019-06-28,0.06061490370929546
1,2019-06-29,0.060625128304268534
1,2019-06-30,0.060702967079961145
1,2019-07-01,0.06081255882800024
1,2019-07-02,0.06091559225529232
1,2019-07-03,0.060985355989904545
1,2019-07-04,0.061007779287677755
1,2019-07-05,0.060976679075781505
1,2019-07-06,0.06089441239774551
1,2019-07-07,0.060778576884898246
1,2019-07-08,0.06066419451685446
1,2019-07-09,0.06059277411794108
1,2019-07-10,0.06059193420043955
1,2019-07-11,0.06065843774298406
1,2019-07-12,0.060756067314808086
1,2019-07-13,0.06083124621009521
1,2019-07-14,0.060839785482639665
1,2019-07-15,0.06077116865279906
1,2019-07-16,0.060655836440904366
1,2019-07-17,0.06054920033337048
1,2019-07-18,0.06050074338878674
1,2019-07-19,0.06052750777450605
1,2019-07-20,0.06060941196797144
1,2019-07-21,0.06070905653757718
1,2019-07-22,0.06080065177169199
1,2019-07-23,0.06088536091998674
1,2019-07-24,0.06098176057378167
1,2019-07-25,0.06110237384906375
1,2019-07-26,0.06123939507973762
1,2019-07-27,0.061371303327064815
1,2019-07-28,0.0614789776987301
1,2019-07-29,0.061552058738278806
1,2019-07-30,0.06158280849030495
1,2019-07-31,0.06156326214392192
1,2019-08-01,0.061496031146143035
1,2019-08-02,0.061405920942257705
1,2019-08-03,0.06133099234673701
1,2019-08-04,0.061293262789461976
1,2019-08-05,0.06127616444101152
1,2019-08-06,0.06123393026255803
1,2019-08-07,0.06112771353982052
1,2019-08-08,0.06095791096421394
1,2019-08-09,0.06076645218068491
1,2019-08-10,0.06060859016923252
1,2019-08-11,0.060516808115589286
1,2019-08-12,0.06048382263246043
1,2019-08-13,0.060476003437015695
1,2019-08-14,0.060464322544025895
1,2019-08-15,0.06044640305789205
1,2019-08-16,0.060442637848447604
1,2019-08-17,0.060473092890920795
1,2019-08-18,0.060537466280704305
1,2019-08-19,0.06061460597359722
1,2019-08-20,0.060679517726866736
1,2019-08-21,0.06072258539531647
1,2019-08-22,0.060756406150961756
1,2019-08-23,0.06080573755174277
1,2019-08-24,0.0608874381898868
1,2019-08-25,0.060993854156626885
1,2019-08-26,0.06109115197552573
1,2019-08-27,0.06113446791168472
1,2019-08-28,0.06109117373922137
1,2019-08-29,0.06095928333711859
1,2019-08-30,0.0607715604030383
1,2019-08-31,0.0605833611351393
1,2019-09-01,0.060449919262663625
1,2019-09-02,0.060404704690041104
1,2019-09-03,0.06045084131428796
1,2019-09-04,0.060568176302626044
1,2019-09-05,0.060725546979903164
1,2019-09-06,0.06088667192333867
1,2019-09-07,0.061011774029580655
1,2019-09-08,0.061066244503953995
1,2019-09-09,0.061037832538443706
1,2019-09-10,0.06094811361455519
1,2019-09-11,0.06084404807763884
1,2019-09-12,0.06077246797584329
1,2019-09-13,0.060756316425800455
1,2019-09-14,0.06079002096707344
1,2019-09-15,0.060853798846804225
1,2019-09-16,0.0609315681445837
1,2019-09-17,0.06101907118440437
1,2019-09-18,0.06112030890219651
1,2019-09-19,0.06123670320262722
1,2019-09-20,0.06135522397058367
1,2019-09-21,0.061445147924554175
1,2019-09-22,0.0614714623766051
1,2019-09-23,0.061419380807536145
1,2019-09-24,0.06131099318640407
1,2019-09-25,0.061198856874258356
1,2019-09-26,0.06113954478083198
1,2019-09-27,0.061164023374239124
1,2019-09-28,0.06126137668537721
1,2019-09-29,0.061384193320840545
1,2019-09-30,0.06147444247898409
1,2019-10-01,0.06149702882728759
1,2019-10-02,0.06145873153298859
1,2019-10-03,0.06139649663616633
1,2019-10-04,0.06134345606191184
1,2019-10-05,0.061302016077196333
1,2019-10-06,0.06124747837148209
1,2019-10-07,0.0611570341224306
1,2019-10-08,0.06103587410348541
1,2019-10-09,0.06091658588619402
1,2019-10-10,0.06083434043447472
1,2019-10-11,0.060802505219740455
1,2019-10-12,0.06081043202083962
1,2019-10-13,0.06084132995051942
1,2019-10-14,0.060888283009556905
1,2019-10-15,0.060951451849026235
1,2019-10-16,0.06102309456697875
1,2019-10-17,0.061081218528618246
1,2019-10-18,0.0611007485418995
1,2019-10-19,0.06106973197847599
1,2019-10-20,0.06099428984784821
1,2019-10-21,0.0608910350843301
1,2019-10-22,0.06077800948306319
1,2019-10-23,0.06067217264509087
1,2019-10-24,0.06059130950398021
1,2019-10-25,0.06055348590637017
1,2019-10-26,0.06057081563008226
1,2019-10-27,0.060641120943466846
1,2019-10-28,0.06074445054602529
1,2019-10-29,0.06084854875744793
1,2019-10-30,0.060921094353083724
1,2019-10-31,0.060942113493831704
1,2019-11-01,0.060909978505164934
1,2019-11-02,0.06083830939321312
1,2019-11-03,0.0607472762977473
1,2019-11-04,0.06065695128250422
1,2019-11-05,0.060586925758600335
1,2019-11-06,0.06055729441714062
1,2019-11-07,0.06058299963560001
1,2019-11-08,0.06066283405206023
1,2019-11-09,0.06077484470596623
1,2019-11-10,0.06088591561504177
1,2019-11-11,0.0609682371302258
1,2019-11-12,0.06100869177382154
1,2019-11-13,0.06100719979327685
1,2019-11-14,0.0609716449584778
1,2019-11-15,0.06091461996731422
1,2019-11-16,0.06084836674649374
1,2019-11-17,0.06077638090784331
1,2019-11-18,0.06069063586858858
1,2019-11-19,0.06058233552397151
1,2019-11-20,0.060458012926059644
1,2019-11-21,0.06034336188713386
1,2019-11-22,0.06026912400704548
1,2019-11-23,0.06025182361033492
1,2019-11-24,0.060285441704357415
1,2019-11-25,0.06034824133441879
1,2019-11-26,0.060417547484111246
1,2019-11-27,0.06048281378149209
1,2019-11-28,0.060550427766038355
1,2019-11-29,0.06063784902997485
1,2019-11-30,0.06075939492913497
1,2019-12-01,0.06091153624976268
1,2019-12-02,0.06106857482884672
1,2019-12-03,0.061194658495221536
1,2019-12-04,0.06126587062676604
1,2019-12-05,0.06128641597449097
1,2019-12-06,0.06128561712693157
1,2019-12-07,0.06129676832850664
1,2019-12-08,0.06133330704533732
1,2019-12-09,0.061380431517529796
1,2019-12-10,0.061408201243867734
1,2019-12-11,0.061394733602786446
1,2019-12-12,0.06134095014109586
1,2019-12-13,0.06126789415824825
1,2019-12-14,0.0612028776759786
1,2019-12-15,0.061165911747426485
1,2019-12-16,0.06116175077452331
1,2019-12-17,0.0611773180468746
1,2019-12-18,0.06118567553526059
1,2019-12-19,0.06115898319408358
1,2019-12-20,0.06108631497591579
1,2019-12-21,0.060983354318894824
1,2019-12-22,0.060883320902466675
1,2019-12-23,0.06081436013854663
1,2019-12-24,0.06078225658602452
1,2019-12-25,0.06077215198502578
1,2019-12-26,0.06076381804585851
1,2019-12-27,0.06074423821133649
1,2019-12-28,0.060710010618838774
1,2019-12-29,0.06066601523634065
1,2019-12-30,0.060626662563501514
1,2019-12-31,0.06061468121803564
1,2020-01-01,0.06064919642682241
1,2020-01-02,0.06072752936313557
1,2020-01-03,0.0608184077128557
1,2020-01-04,0.06087932858566309
1,2020-01-05,0.06088889733950069
1,2020-01-06,0.06086724869135411
1,2020-01-07,0.06086347830528394
1,2020-01-08,0.06091629781936074
1,2020-01-09,0.061019724932330176
1,2020-01-10,0.06112471662547559
1,2020-01-11,0.061177353609882155
1,2020-01-12,0.061160861273701614
1,2020-01-13,0.06110543289150007
1,2020-01-14,0.061060405291436026
1,2020-01-15,0.06105618423910862
1,2020-01-16,0.061087151436066134
1,2020-01-17,0.061124045238996574
1,2020-01-18,0.061140831918648934
1,2020-01-19,0.06113460489176627
1,2020-01-20,0.06112611083342605
1,2020-01-21,0.06114315732553433
1,2020-01-22,0.06119975916509284
1,2020-01-23,0.0612848666220251
1,2020-01-24,0.06136702824079961
1,2020-01-25,0.061411530988103286
1,2020-01-26,0.06139938703319293
1,2020-01-27,0.06133616519673361
1,2020-01-28,0.06124526245573223
1,2020-01-29,0.061152261477032094
1,2020-01-30,0.06107396547790063
1,2020-01-31,0.06101904129465747
1,2020-02-01,0.06099369575482778
1,2020-02-02,0.0610013019483299
1,2020-02-03,0.061034977539382786
1,2020-02-04,0.06107359160611681
1,2020-02-05,0.061089641247877184
1,2020-02-06,0.061065007060766244
1,2020-02-07,0.0610030267000935
1,2020-02-08,0.06092907307312597
1,2020-02-09,0.06087977906121724
1,2020-02-10,0.060886555855152236
1,2020-02-11,0.060962029048262985
1,2020-02-12,0.06109688144418991
1,2020-02-13,0.061266691647083815
1,2020-02-14,0.0614400606092838
1,2020-02-15,0.06158178330412034
1,2020-02-16,0.06165595146879384
1,2020-02-17,0.06163704480929999
1,2020-02-18,0.061525073883199305
1,2020-02-19,0.06134943448043801
1,2020-02-20,0.061153661026985835
1,2020-02-21,0.06097314818097168
1,2020-02-22,0.06082507122967466
1,2020-02-23,0.06071447680724455
1,2020-02-24,0.060642642529722866
1,2020-02-25,0.06060609403956516
1,2020-02-26,0.06059188072631259
1,2020-02-27,0.06058199727963267
1,2020-02-28,0.06056751277938554
1,2020-02-29,0.06055834600754062
1,2020-03-01,0.06057675501862502
1,2020-03-02,0.0606386968836443
1,2020-03-03,0.060739601415010135
1,2020-03-04,0.0608577698769095
1,2020-03-05,0.06097185044489335
1,2020-03-06,0.06107333913549
1,2020-03-07,0.06115925514782986
1,2020-03-08,0.061215483951150854
1,2020-03-09,0.06121857482240939
1,2020-03-10,0.061163068583080744
1,2020-03-11,0.06108190013146221
1,2020-03-12,0.06102547116892178
1,2020-03-13,0.061014200319172374
1,2020-03-14,0.06101837068089726
1,2020-03-15,0.06099197163950105
1,2020-03-16,0.060925326563807766
1,2020-03-17,0.06086119426483573
1,2020-03-18,0.06085982523671954
1,2020-03-19,0.06094702803775894
1,2020-03-20,0.06108800903214972
1,2020-03-21,0.06120440392211702
1,2020-03-22,0.06122166115923114
1,2020-03-23,0.06111560499333309
1,2020-03-24,0.06092765982756271
1,2020-03-25,0.060740142097262126
1,2020-03-26,0.06063159840896382
1,2020-03-27,0.060642483026147054
1,2020-03-28,0.06076725986142321
1,2020-03-29,0.06096872342248629
1,2020-03-30,0.061200286759432884
1,2020-03-31,0.0614228550001228
1,2020-04-01,0.06161036283759632
1,2020-04-02,0.06174834013811995
1,2020-04-03,0.06183429984572525
1,2020-04-04,0.061880828559140795
1,2020-04-05,0.0619119789437635
1,2020-04-06,0.06194736813691775
1,2020-04-07,0.06198474369117282
1,2020-04-08,0.06199967912105585
1,2020-04-09,0.061967284850975926
1,2020-04-10,0.061888401026808995
1,2020-04-11,0.0617963905018102
1,2020-04-12,0.061737944054495134
1,2020-04-13,0.061744429089461955
1,2020-04-14,0.06181597735587708
1,2020-04-15,0.061925571494868825
1,2020-04-16,0.062033407593203346
1,2020-04-17,0.06209986394790727
1,2020-04-18,0.0620950034845529
1,2020-04-19,0.06200788800284294
1,2020-04-20,0.06185399080338053
1,2020-04-21,0.06167322241659703
1,2020-04-22,0.06151481260271962
1,2020-04-23,0.061415964403673196
1,2020-04-24,0.06138746558655133
1,2020-04-25,0.061414669733243554
1,2020-04-26,0.06147084089200123
1,2020-04-27,0.06153200281451821
1,2020-04-28,0.06158424805971741
1,2020-04-29,0.061622592633605464
1,2020-04-30,0.06164625523099146
1,2020-05-01,0.061654525592460346
1,2020-05-02,0.06164442904811724
1,2020-05-03,0.06161125955091219
1,2020-05-04,0.061553423085775175
1,2020-05-05,0.061479135759756026
1,2020-05-06,0.061407808191421734
1,2020-05-07,0.061361941375925794
1,2020-05-08,0.06135482588899755
1,2020-05-09,0.06138303682847836
1,2020-05-10,0.061425764203215244
1,2020-05-11,0.06144710310932301
1,2020-05-12,0.061402662161725054
1,2020-05-13,0.06125782077992947
1,2020-05-14,0.06101494146640253
1,2020-05-15,0.06072755239776955
1,2020-05-16,0.06047953241946502
1,2020-05-17,0.06033777147298848
1,2020-05-18,0.06031702435598864
1,2020-05-19,0.060386199791778776
1,2020-05-20,0.06050226820629441
1,2020-05-21,0.06063241452843944
1,2020-05-22,0.0607482568100164
1,2020-05-23,0.06081568476836659
1,2020-05-24,0.06080650311463482
1,2020-05-25,0.06072283319076622
1,2020-05-26,0.060604051712052444
1,2020-05-27,0.0605065374230028
1,2020-05-28,0.060474539831421446
1,2020-05-29,0.06052017330744464
1,2020-05-30,0.060617422391012206
1,2020-05-31,0.06071388149855475
1,2020-06-01,0.060760436662161195
1,2020-06-02,0.060739907421807716
1,2020-06-03,0.060669355489770864
1,2020-06-04,0.06057791433217136
1,2020-06-05,0.060488204054740626
1,2020-06-06,0.060417307863546876
1,2020-06-07,0.06038366384392998
1,2020-06-08,0.06040262730653236
1,2020-06-09,0.0604753485138902
1,2020-06-10,0.06058691409225117
1,2020-06-11,0.06071664410938091
1,2020-06-12,0.06084830432274022
1,2020-06-13,0.06097070486582315
1,2020-06-14,0.061072704312971335
1,2020-06-15,0.06114281306097347
1,2020-06-16,0.061176427328263415
1,2020-06-17,0.06118272914790345
1,2020-06-18,0.06118134929278785
1,2020-06-19,0.06118875515522895
1,2020-06-20,0.0612051986032603
1,2020-06-21,0.061212825076329594
1,2020-06-22,0.061185808630518805
1,2020-06-23,0.061105724256989145
1,2020-06-24,0.060974643333140024
1,2020-06-25,0.06081989059157484
1,2020-06-26,0.06068598021506287
1,2020-06-27,0.06061492053872034
1,2020-06-28,0.0606251398400559
1,2020-06-29,0.060702972695453085
1,2020-06-30,0.060812558218340834
1,2020-07-01,0.06091558389412487
1,2020-07-02,0.0609853386601569
1,2020-07-03,0.061007751899098794
1,2020-07-04,0.06097663986063023
1,2020-07-05,0.06089436347397471
1,2020-07-06,0.060778522772894514
1,2020-07-07,0.060664138481916575
1,2020-07-08,0.06059271689257047
1,2020-07-09,0.060591875681782384
1,2020-07-10,0.06065837723621329
1,2020-07-11,0.060756004305720306
1,2020-07-12,0.06083118033443695
1,2020-07-13,0.06083971561224828
1,2020-07-14,0.06077109577698961
1,2020-07-15,0.060655763855645126
1,2020-07-16,0.060549132966510065
1,2020-07-17,0.060500685186263996
1,2020-07-18,0.060527458829849175
1,2020-07-19,0.06060936901680983
1,2020-07-20,0.06070901721889789
1,2020-07-21,0.060800615370203696
1,2020-07-22,0.060885327600220855
1,2020-07-23,0.06098173128524274
1,2020-07-24,0.06110234952206699
1,2020-07-25,0.061239375642474635
1,2020-07-26,0.06137128853118129
1,2020-07-27,0.06147896836942932
1,2020-07-28,0.06155205606885884
1,2020-07-29,0.0615828140816314
1,2020-07-30,0.061563277031687215
1,2020-07-31,0.06149605594708358
1,2020-08-01,0.061405953877789424
1,2020-08-02,0.06133103003485185
1,2020-08-03,0.0612933014067613
1,2020-08-04,0.06127620001047415
1,2020-08-05,0.061233958269991576
1,2020-08-06,0.06112772978325465
1,2020-08-07,0.06095791265151204
1,2020-08-08,0.06076644030882179
1,2020-08-09,0.060608567882672645
1,2020-08-10,0.060516778977321134
1,2020-08-11,0.060483789897678705
1,2020-08-12,0.06047596859520462
1,2020-08-13,0.060464286206461826
1,2020-08-14,0.06044636529818444
1,2020-08-15,0.06044260000635814
1,2020-08-16,0.06047305894377681
1,2020-08-17,0.060537440747136115
1,2020-08-18,0.0606145912015947
1,2020-08-19,0.06067951397323104
1,2020-08-20,0.06072259157330223
1,2020-08-21,0.06075641985255879
1,2020-08-22,0.06080575513018738
1,2020-08-23,0.06088745443779928
1,2020-08-24,0.060993865172337396
1,2020-08-25,0.06109115608967185
1,2020-08-26,0.061134464624563664
1,2020-08-27,0.0610911638928118
1,2020-08-28,0.06095926846013736
1,2020-08-29,0.06077154039505081
1,2020-08-30,0.06058333453152549
1,2020-08-31,0.060449885273318765
1,2020-09-01,0.06040466491488846
1,2020-09-02,0.06045079841260878
1,2020-09-03,0.0605681332795268
1,2020-09-04,0.06072550724034287
1,2020-09-05,0.060886638654179745
1,2020-09-06,0.06101174852648949
1,2020-09-07,0.0610662264334379
1,2020-09-08,0.06103782131877012
1,2020-09-09,0.060948107517372174
1,2020-09-10,0.060844044393222864
1,2020-09-11,0.06077246377299788
1,2020-09-12,0.06075630998796826
1,2020-09-13,0.06079001301089803
1,2020-09-14,0.06085379151627819
1,2020-09-15,0.06093156230613383
1,2020-09-16,0.06101906659270824
1,2020-09-17,0.06112030514763323
1,2020-09-18,0.06123669997860024
1,2020-09-19,0.06135522118448552
1,2020-09-20,0.061445147327560935
1,2020-09-21,0.06147146569537545
1,2020-09-22,0.06141938840942307
1,2020-09-23,0.06131100381088177
1,2020-09-24,0.061198868272912696
1,2020-09-25,0.06113955575786194
1,2020-09-26,0.06116403237684742
1,2020-09-27,0.06126138184530264
1,2020-09-28,0.06138419126016874
1,2020-09-29,0.06147442969438181
1,2020-09-30,0.06149700379006012
1,2020-10-01,0.06145869661331541
1,2020-10-02,0.06139645850669547
1,2020-10-03,0.061343423344760624
1,2020-10-04,0.06130199580752109
1,2020-10-05,0.061247473561964166
1,2020-10-06,0.06115704533837761
1,2020-10-07,0.06103589784920113
1,2020-10-08,0.060916614404721486
1,2020-10-09,0.06083436212875373
1,2020-10-10,0.060802513158060796
1,2020-10-11,0.06081042494868959
1,2020-10-12,0.06084131128897713
1,2020-10-13,0.06088825900864478
1,2020-10-14,0.06095142653550582
1,2020-10-15,0.061023070079220115
1,2020-10-16,0.06108119505924306
1,2020-10-17,0.06110072653543231
1,2020-10-18,0.061069711591884436
1,2020-10-19,0.06099426862262442
1,2020-10-20,0.06089101057755177
1,2020-10-21,0.06077798030607018
1,2020-10-22,0.060672138576233194
1,2020-10-23,0.06059127247633546
1,2020-10-24,0.06055344864883831
1,2020-10-25,0.0605707822573724
1,2020-10-26,0.060641094285825835
1,2020-10-27,0.06074442969723112
1,2020-10-28,0.06084853200071928
1,2020-10-29,0.0609210808687178
1,2020-10-30,0.06094210275145087
1,2020-10-31,0.060909969767608214
1,2020-11-01,0.060838302105624444
1,2020-11-02,0.060747267341679755
1,2020-11-03,0.060656936154579705
1,2020-11-04,0.060586901589819664
1,2020-11-05,0.060557260536003236
1,2020-11-06,0.06058295765184282
1,2020-11-07,0.060662786936941084
1,2020-11-08,0.060774796176318466
1,2020-11-09,0.060885870701718914
1,2020-11-10,0.060968199554266155
1,2020-11-11,0.061008663383325015
1,2020-11-12,0.06100718028183527
1,2020-11-13,0.0609716328088136
1,2020-11-14,0.06091460939342789
1,2020-11-15,0.06084834905090383
1,2020-11-16,0.06077634946677456
1,2020-11-17,0.06069058463452365
1,2020-11-18,0.06058226053118066
1,2020-11-19,0.06045791375993617
1,2020-11-20,0.060343241891081555
1,2020-11-21,0.060268982851343834
1,2020-11-22,0.06025165976832139
1,2020-11-23,0.06028526145934995
1,2020-11-24,0.060348054133113914
1,2020-11-25,0.060417360568993904
1,2020-11-26,0.06048263062433315
1,2020-11-27,0.06055025175777326
1,2020-11-28,0.06063768925734405
1,2020-11-29,0.060759261131953464
1,2020-11-30,0.0609114373097873
1,2020-12-01,0.061068515575736476
1,2020-12-02,0.06119463474874851
1,2020-12-03,0.06126587221945407
1,2020-12-04,0.061286429692814705
1,2020-12-05,0.061285631500873156
1,2020-12-06,0.061296774872408505
1,2020-12-07,0.06133330331611281
1,2020-12-08,0.061380421499433076
1,2020-12-09,0.061408192655693125
1,2020-12-10,0.06139473393288596
1,2020-12-11,0.0613409602250651
1,2020-12-12,0.06126791094902587
1,2020-12-13,0.061202897859583084
1,2020-12-14,0.06116593064460741
1,2020-12-15,0.06116176640473444
1,2020-12-16,0.06117732867777732
1,2020-12-17,0.06118568088532654
1,2020-12-18,0.06115898332431858
1,2020-12-19,0.061086310592830075
1,2020-12-20,0.06098334617856848
1,2020-12-21,0.06088330896333124
1,2020-12-22,0.060814344167285955
1,2020-12-23,0.060782237680847194
1,2020-12-24,0.06077213259091123
1,2020-12-25,0.06076380040349111
1,2020-12-26,0.06074422208127565
1,2020-12-27,0.060709995999947496
1,2020-12-28,0.0606660032974469
1,2020-12-29,0.06062665489932544
1,2020-12-30,0.060614678266473807
1,2020-12-31,0.060614680128547024
1,2021-01-01,0.06064919958924105
1,2021-01-02,0.060727534722898956
1,2021-01-03,0.06081841317105024
1,2021-01-04,0.060879333319910973
1,2021-01-05,0.06088890172008435
1,2021-01-06,0.06086725417928304
1,2021-01-07,0.060863486530830985
1,2021-01-08,0.06091630943771218
1,2021-01-09,0.06101973740466579
1,2021-01-10,0.06112472528508028
1,2021-01-11,0.061177356116000316
1,2021-01-12,0.06116085803684053
1,2021-01-13,0.061105424180031426
1,2021-01-14,0.061060390719064835
1,2021-01-15,NA
1,2021-01-16,NA
1,2021-01-17,NA
1,2021-01-18,NA
1,2021-01-19,NA
1,2021-01-20,NA
1,2021-01-21,NA
1,2021-01-22,NA
1,2021-01-23,NA
1,2021-01-24,NA
1,2021-01-25,NA
1,2021-01-26,NA
1,2021-01-27,NA
1,2021-01-28,NA
1,2021-01-29,NA
1,2021-01-30,NA
1,2021-01-31,NA
1,2021-02-01,NA
1,2021-02-02,NA
1,2021-02-03,NA
1,2021-02-04,NA
1,2021-02-05,NA
1,2021-02-06,NA
1,2021-02-07,NA
1,2021-02-08,NA
1,2021-02-09,NA
1,2021-02-10,NA
1,2021-02-11,NA
1,2021-02-12,NA
1,2021-02-13,NA
1,2021-02-14,NA
1,2021-02-15,NA
1,2021-02-16,NA
1,2021-02-17,NA
1,2021-02-18,NA
1,2021-02-19,NA
1,2021-02-20,NA
1,2021-02-21,NA
1,2021-02-22,NA
1,2021-02-23,NA
1,2021-02-24,NA
1,2021-02-25,NA
1,2021-02-26,NA
1,2021-02-27,NA
1,2021-02-28,NA
1,2021-03-01,NA
1,2021-03-02,NA
1,2021-03-03,NA
1,2021-03-04,NA
1,2021-03-05,NA
1,2021-03-06,NA
1,2021-03-07,NA
1,2021-03-08,NA
1,2021-03-09,NA
1,2021-03-10,NA
1,2021-03-11,NA
1,2021-03-12,NA
1,2021-03-13,NA
1,2021-03-14,NA
1,2021-03-15,NA
1,2021-03-16,NA
1,2021-03-17,NA
1,2021-03-18,NA
1,2021-03-19,NA
1,2021-03-20,NA
1,2021-03-21,NA
1,2021-03-22,NA
1,2021-03-23,NA
1,2021-03-24,NA
1,2021-03-25,NA
1,2021-03-26,NA
1,2021-03-27,NA
1,2021-03-28,NA
1,2021-03-29,NA
1,2021-03-30,NA
1,2021-03-31,NA
1,2021-04-01,NA
1,2021-04-02,NA
1,2021-04-03,NA
1,2021-04-04,NA
1,2021-04-05,NA
1,2021-04-06,NA
1,2021-04-07,NA
1,2021-04-08,NA
1,2021-04-09,NA
1,2021-04-10,NA
1,2021-04-11,NA
1,2021-04-12,NA
1,2021-04-13,NA
1,2021-04-14,NA
1,2021-04-15,NA
1,2021-04-16,NA
1,2021-04-17,NA
1,2021-04-18,NA
1,2021-04-19,NA
1,2021-04-20,NA
1,2021-04-21,NA
1,2021-04-22,NA
1,2021-04-23,NA
1,2021-04-24,NA
1,2021-04-25,NA
1,2021-04-26,NA
1,2021-04-27,NA
1,2021-04-28,NA
1,2021-04-29,NA
1,2021-04-30,NA
1,2021-05-01,NA
1,2021-05-02,NA
1,2021-05-03,NA
1,2021-05-04,NA
1,2021-05-05,NA
1,2021-05-06,NA
1,2021-05-07,NA
1,2021-05-08,NA
1,2021-05-09,NA
1,2021-05-10,NA
1,2021-05-11,NA
1,2021-05-12,NA
1,2021-05-13,NA
1,2021-05-14,NA
1,2021-05-15,NA
1,2021-05-16,NA
1,2021-05-17,NA
1,2021-05-18,NA
1,2021-05-19,NA
1,2021-05-20,NA
1,2021-05-21,NA
1,2021-05-22,NA
1,2021-05-23,NA
1,2021-05-24,NA
1,2021-05-25,NA
1,2021-05-26,NA
1,2021-05-27,NA
1,2021-05-28,NA
1,2021-05-29,NA
1,2021-05-30,NA
1,2021-05-31,NA
1,2021-06-01,NA
1,2021-06-02,NA
1,2021-06-03,NA
1,2021-06-04,NA
1,2021-06-05,NA
1,2021-06-06,NA
1,2021-06-07,NA
1,2021-06-08,NA
1,2021-06-09,NA
1,2021-06-10,NA
1,2021-06-11,NA
1,2021-06-12,NA
1,2021-06-13,NA
1,2021-06-14,NA
1,2021-06-15,NA
1,2021-06-16,NA
1,2021-06-17,NA
1,2021-06-18,NA
1,2021-06-19,NA
1,2021-06-20,NA
1,2021-06-21,NA
1,2021-06-22,NA
1,2021-06-23,NA
1,2021-06-24,NA
1,2021-06-25,NA
1,2021-06-26,NA
1,2021-06-27,NA
1,2021-06-28,NA
1,2021-06-29,NA
1,2021-06-30,NA
1,2021-07-01,NA
1,2021-07-02,NA
1,2021-07-03,NA
1,2021-07-04,NA
1,2021-07-05,NA
1,2021-07-06,NA
1,2021-07-07,NA
1,2021-07-08,NA
1,2021-07-09,NA
1,2021-07-10,NA
1,2021-07-11,NA
1,2021-07-12,NA
1,2021-07-13,NA
1,2021-07-14,NA
1,2021-07-15,NA
1,2021-07-16,NA
1,2021-07-17,NA
1,2021-07-18,NA
1,2021-07-19,NA
1,2021-07-20,NA
1,2021-07-21,NA
1,2021-07-22,NA
1,2021-07-23,NA
1,2021-07-24,NA
1,2021-07-25,NA
1,2021-07-26,NA
1,2021-07-27,NA
1,2021-07-28,NA
1,2021-07-29,NA
1,2021-07-30,NA
1,2021-07-31,NA
1,2021-08-01,NA
1,2021-08-02,NA
1,2021-08-03,NA
1,2021-08-04,NA
1,2021-08-05,NA
1,2021-08-06,NA
1,2021-08-07,NA
1,2021-08-08,NA
1,2021-08-09,NA
1,2021-08-10,NA
1,2021-08-11,NA
1,2021-08-12,NA
1,2021-08-13,NA
1,2021-08-14,NA
1,2021-08-15,NA
1,2021-08-16,NA
1,2021-08-17,NA
1,2021-08-18,NA
1,2021-08-19,NA
1,2021-08-20,NA
1,2021-08-21,NA
1,2021-08-22,NA
1,2021-08-23,NA
1,2021-08-24,NA
1,2021-08-25,NA
1,2021-08-26,NA
1,2021-08-27,NA
1,2021-08-28,NA
1,2021-08-29,NA
1,2021-08-30,NA
1,2021-08-31,NA
1,2021-09-01,NA
1,2021-09-02,NA
1,2021-09-03,NA
1,2021-09-04,NA
1,2021-09-05,NA
1,2021-09-06,NA
1,2021-09-07,NA
1,2021-09-08,NA
1,2021-09-09,NA
1,2021-09-10,NA
1,2021-09-11,NA
1,2021-09-12,NA
1,2021-09-13,NA
1,2021-09-14,NA
1,2021-09-15,NA
1,2021-09-16,NA
1,2021-09-17,NA
1,2021-09-18,NA
1,2021-09-19,NA
1,2021-09-20,NA
1,2021-09-21,NA
1,2021-09-22,NA
1,2021-09-23,NA
1,2021-09-24,NA
1,2021-09-25,NA
1,2021-09-26,NA
1,2021-09-27,NA
1,2021-09-28,NA
1,2021-09-29,NA
1,2021-09-30,NA
1,2021-10-01,NA
1,2021-10-02,NA
1,2021-10-03,NA
1,2021-10-04,NA
1,2021-10-05,NA
1,2021-10-06,NA
1,2021-10-07,NA
1,2021-10-08,NA
1,2021-10-09,NA
1,2021-10-10,NA
1,2021-10-11,NA
1,2021-10-12,NA
1,2021-10-13,NA
1,2021-10-14,NA
1,2021-10-15,NA
1,2021-10-16,NA
1,2021-10-17,NA
1,2021-10-18,NA
1,2021-10-19,NA
1,2021-10-20,NA
1,2021-10-21,NA
1,2021-10-22,NA
1,2021-10-23,NA
1,2021-10-24,NA
1,2021-10-25,NA
1,2021-10-26,NA
1,2021-10-27,NA
1,2021-10-28,NA
1,2021-10-29,NA
1,2021-10-30,NA
1,2021-10-31,NA
1,2021-11-01,NA
1,2021-11-02,NA
1,2021-11-03,NA
1,2021-11-04,NA
1,2021-11-05,NA
1,2021-11-06,NA
1,2021-11-07,NA
1,2021-11-08,NA
1,2021-11-09,NA
1,2021-11-10,NA
1,2021-11-11,NA
1,2021-11-12,NA
1,2021-11-13,NA
1,2021-11-14,NA
1,2021-11-15,NA
1,2021-11-16,NA
1,2021-11-17,NA
1,2021-11-18,NA
1,2021-11-19,NA
1,2021-11-20,NA
1,2021-11-21,NA
1,2021-11-22,NA
1,2021-11-23,NA
1,2021-11-24,NA
1,2021-11-25,NA
1,2021-11-26,NA
1,2021-11-27,NA
1,2021-11-28,NA
1,2021-11-29,NA
1,2021-11-30,NA
1,2021-12-01,NA
1,2021-12-02,NA
1,2021-12-03,NA
1,2021-12-04,NA
1,2021-12-05,NA
1,2021-12-06,NA
1,2021-12-07,NA
1,2021-12-08,NA
1,2021-12-09,NA
1,2021-12-10,NA
1,2021-12-11,NA
1,2021-12-12,NA
1,2021-12-13,NA
1,2021-12-14,NA
1,2021-12-15,NA
1,2021-12-16,NA
1,2021-12-17,NA
1,2021-12-18,NA
1,2021-12-19,NA
1,2021-12-20,NA
1,2021-12-21,NA
1,2021-12-22,NA
1,2021-12-23,NA
1,2021-12-24,NA
1,2021-12-25,NA
1,2021-12-26,NA
1,2021-12-27,NA
1,2021-12-28,NA
1,2021-12-29,NA
1,2021-12-30,NA
1,2021-12-31,NA
1,2022-01-01,NA
1,2022-01-02,NA
1,2022-01-03,NA
1,2022-01-04,NA
1,2022-01-05,NA
1,2022-01-06,NA
1,2022-01-07,NA
1,2022-01-08,NA
1,2022-01-09,NA
1,2022-01-10,NA
1,2022-01-11,NA
1,2022-01-12,NA
1,2022-01-13,NA
1,2022-01-14,NA
1,2022-01-15,NA
1,2022-01-16,NA
1,2022-01-17,NA
1,2022-01-18,NA
1,2022-01-19,NA
1,2022-01-20,NA
1,2022-01-21,NA
1,2022-01-22,NA
1,2022-01-23,NA
1,2022-01-24,NA
1,2022-01-25,NA
1,2022-01-26,NA
