site,date,value
1,2012-01-01,-0.2528379333886334
1,2012-01-02,-0.25160431254540483
1,2012-01-03,-0.25101153859684255
1,2012-01-04,-0.25110919229482404
1,2012-01-05,-0.25195764749213384
1,2012-01-06,-0.25360172753112914
1,2012-01-07,-0.2560266873427873
1,2012-01-08,-0.25911220052619377
1,2012-01-09,-0.2626029771361583
1,2012-01-10,-0.2661120157166468
1,2012-01-11,-0.2691635829799617
1,2012-01-12,-0.27127108706011727
1,2012-01-13,-0.2720329036246079
1,2012-01-14,-0.2712217309568874
1,2012-01-15,-0.26884214635370635
1,2012-01-16,-0.2651384740419992
1,2012-01-17,-0.26054878602878345
1,2012-01-18,-0.2556171192012161
1,2012-01-19,-0.25088907360842994
1,2012-01-20,-0.24682096606915999
1,2012-01-21,-0.24372652931927288
1,2012-01-22,-0.24177095201875365
1,2012-01-23,-0.24100289728892854
1,2012-01-24,-0.24140097344099243
1,2012-01-25,-0.24290765831343955
1,2012-01-26,-0.2454305426047793
1,2012-01-27,-0.24880942338729498
1,2012-01-28,-0.2527673264299186
1,2012-01-29,-0.25687670058581746
1,2012-01-30,-0.26057145336782317
1,2012-01-31,-0.2632203521595401
1,2012-02-01,-0.2642526768934318
1,2012-02-02,-0.26330281234231495
1,2012-02-03,-0.26032743192141955
1,2012-02-04,-0.25565157344473777
1,2012-02-05,-0.24992240929992782
1,2012-02-06,-0.24397692801674875
1,2012-02-07,-0.23865952011448577
1,2012-02-08,-0.23464148050409583
1,2012-02-09,-0.23229207740435456
1,2012-02-10,-0.23163360065309704
1,2012-02-11,-0.2323853243521192
1,2012-02-12,-0.23407502794032342
1,2012-02-13,-0.23618019653683167
1,2012-02-14,-0.2382577762599171
1,2012-02-15,-0.24003058198151717
1,2012-02-16,-0.24141603651577412
1,2012-02-17,-0.24249881422154354
1,2012-02-18,-0.24346357905720326
1,2012-02-19,-0.24450854807599282
1,2012-02-20,-0.24576209392168488
1,2012-02-21,-0.24722067765968622
1,2012-02-22,-0.24872163636926573
1,2012-02-23,-0.2499581922068053
1,2012-02-24,-0.2505369454158716
1,2012-02-25,-0.2500696061010265
1,2012-02-26,-0.24828131363088318
1,2012-02-27,-0.24511002893114428
1,2012-02-28,-0.24076828727022043
1,2012-02-29,-0.2357434762896803
1,2012-03-01,-0.23072497077020032
1,2012-03-02,-0.22646662848040683
1,2012-03-03,-0.22361292206684646
1,2012-03-04,-0.22253198548336425
1,2012-03-05,-0.22320236799364013
1,2012-03-06,-0.22518952675058845
1,2012-03-07,-0.22772594447438727
1,2012-03-08,-0.2298799028512481
1,2012-03-09,-0.2307727055971112
1,2012-03-10,-0.22978887218087
1,2012-03-11,-0.22672557928179704
1,2012-03-12,-0.221844891039619
1,2012-03-13,-0.21581960544535783
1,2012-03-14,-0.20959190659959073
1,2012-03-15,-0.2041845054679912
1,2012-03-16,-0.2005114406310511
1,2012-03-17,-0.1992285278493227
1,2012-03-18,-0.20064686336343374
1,2012-03-19,-0.20471325962048884
1,2012-03-20,-0.2110467217441039
1,2012-03-21,-0.21901335821720713
1,2012-03-22,-0.22782293244993093
1,2012-03-23,-0.2366354259460194
1,2012-03-24,-0.24466959321722545
1,2012-03-25,-0.2513051569666898
1,2012-03-26,-0.2561659543678651
1,2012-03-27,-0.25916698763960233
1,2012-03-28,-0.2605090820624961
1,2012-03-29,-0.260613826426089
1,2012-03-30,-0.260007904414098
1,2012-03-31,-0.2591841655149491
1,2012-04-01,-0.2584785070046156
1,2012-04-02,-0.25800066064846655
1,2012-04-03,-0.25764126772342094
1,2012-04-04,-0.25715274617901757
1,2012-04-05,-0.256275848552715
1,2012-04-06,-0.25486840232349384
1,2012-04-07,-0.25299299594524693
1,2012-04-08,-0.2509363012799964
1,2012-04-09,-0.24915701539833793
1,2012-04-10,-0.24818324321595953
1,2012-04-11,-0.2484931482157027
1,2012-04-12,-0.250413193063718
1,2012-04-13,-0.25405744523556173
1,2012-04-14,-0.2593150660754909
1,2012-04-15,-0.2658789880585487
1,2012-04-16,-0.2733011315432264
1,2012-04-17,-0.2810590455874733
1,2012-04-18,-0.2886233046059409
1,2012-04-19,-0.295519495107145
1,2012-04-20,-0.30138136369681573
1,2012-04-21,-0.3059905479235597
1,2012-04-22,-0.3092963876693308
1,2012-04-23,-0.3114097103476234
1,2012-04-24,-0.3125681070073206
1,2012-04-25,-0.3130778256916223
1,2012-04-26,-0.3132458618956121
1,2012-04-27,-0.31332102350679464
1,2012-04-28,-0.3134606770694964
1,2012-04-29,-0.31373125699302956
1,2012-04-30,-0.3141387843666897
1,2012-05-01,-0.3146731553373417
1,2012-05-02,-0.3153466757243806
1,2012-05-03,-0.3162111545201341
1,2012-05-04,-0.31734890680347916
1,2012-05-05,-0.31884525705224087
1,2012-05-06,-0.32075793437560457
1,2012-05-07,-0.32309798115039284
1,2012-05-08,-0.32582890041943396
1,2012-05-09,-0.32888059122327634
1,2012-05-10,-0.33216660100742024
1,2012-05-11,-0.3355937410228048
1,2012-05-12,-0.33905987073395455
1,2012-05-13,-0.3424456852756262
1,2012-05-14,-0.3456134211539947
1,2012-05-15,-0.348423263830261
1,2012-05-16,-0.35077011569638494
1,2012-05-17,-0.3526292776509683
1,2012-05-18,-0.35409077621930835
1,2012-05-19,-0.355360023695115
1,2012-05-20,-0.35671303386299114
1,2012-05-21,-0.35841215118053765
1,2012-05-22,-0.36060608689393303
1,2012-05-23,-0.3632490693044894
1,2012-05-24,-0.36607049885258724
1,2012-05-25,-0.36861229531442374
1,2012-05-26,-0.37032833375333873
1,2012-05-27,-0.3707193304662234
1,2012-05-28,-0.3694643074029422
1,2012-05-29,-0.3665103576911915
1,2012-05-30,-0.3620963650182651
1,2012-05-31,-0.3567058633828107
1,2012-06-01,-0.3509649800249463
1,2012-06-02,-0.3455151110355213
1,2012-06-03,-0.3408944927760039
1,2012-06-04,-0.33745773880583413
1,2012-06-05,-0.3353497848501647
1,2012-06-06,-0.3345347986798182
1,2012-06-07,-0.3348654800830194
1,2012-06-08,-0.3361678132079645
1,2012-06-09,-0.3383120715657068
1,2012-06-10,-0.3412458723547572
1,2012-06-11,-0.34497676972282226
1,2012-06-12,-0.3495089751704759
1,2012-06-13,-0.35475574720197967
1,2012-06-14,-0.3604612162942109
1,2012-06-15,-0.36616629675614293
1,2012-06-16,-0.3712429645122889
1,2012-06-17,-0.3749992691713513
1,2012-06-18,-0.3768330949812978
1,2012-06-19,-0.37639262375172317
1,2012-06-20,-0.3736938704349831
1,2012-06-21,-0.36915463690216377
1,2012-06-22,-0.36352783831257784
1,2012-06-23,-0.3577483486727122
1,2012-06-24,-0.35273278602061764
1,2012-06-25,-0.34918689223290533
1,2012-06-26,-0.3474692155705989
1,2012-06-27,-0.3475417786045213
1,2012-06-28,-0.3490089299712885
1,2012-06-29,-0.35122050874013994
1,2012-06-30,-0.35339949083647104
1,2012-07-01,-0.3547547377515982
1,2012-07-02,-0.3545525706333333
1,2012-07-03,-0.3521413148623532
1,2012-07-04,-0.34694325425019035
1,2012-07-05,-0.3384388178303527
1,2012-07-06,-0.3261685330660787
1,2012-07-07,-0.3097668779897326
1,2012-07-08,-0.2890278544924524
1,2012-07-09,-0.2639867590630041
1,2012-07-10,-0.23498995308803086
1,2012-07-11,-0.20272733609291496
1,2012-07-12,-0.16820913532194465
1,2012-07-13,-0.1326827326415156
1,2012-07-14,-0.09750127858789
1,2012-07-15,-0.06396861861206715
1,2012-07-16,-0.0331924385707621
1,2012-07-17,-0.00597237675628806
1,2012-07-18,0.01726135820847444
1,2012-07-19,0.036455969035121404
1,2012-07-20,0.05190106791831013
1,2012-07-21,0.0641642904211988
1,2012-07-22,0.07401269923424526
1,2012-07-23,0.08232836991630497
1,2012-07-24,0.09002351674577999
1,2012-07-25,0.09796012986007878
1,2012-07-26,0.10688125563099589
1,2012-07-27,0.1173627208937538
1,2012-07-28,0.12979089433103955
1,2012-07-29,0.14436459651590425
1,2012-07-30,0.16110862013102642
1,2012-07-31,0.17988187550755497
1,2012-08-01,0.20036568828740411
1,2012-08-02,0.22203124726923765
1,2012-08-03,0.24410321711394403
1,2012-08-04,0.2655463319836911
1,2012-08-05,0.2851074451427742
1,2012-08-06,0.3014312878993109
1,2012-08-07,0.31324640266839626
1,2012-08-08,0.31959079656926853
1,2012-08-09,0.3200275116203747
1,2012-08-10,0.31479417150816225
1,2012-08-11,0.3048387649265509
1,2012-08-12,0.2917195070674862
1,2012-08-13,0.277376526149045
1,2012-08-14,0.2638159482412138
1,2012-08-15,0.25276982903919437
1,2012-08-16,0.2454049530354249
1,2012-08-17,0.242142747322503
1,2012-08-18,0.24262953791395844
1,2012-08-19,0.2458619558197499
1,2012-08-20,0.25043524349272345
1,2012-08-21,0.25485718392145285
1,2012-08-22,0.25785599699753786
1,2012-08-23,0.25861488956889456
1,2012-08-24,0.2568884764594706
1,2012-08-25,0.2529855958218597
1,2012-08-26,0.24763756263965045
1,2012-08-27,0.24179382105479924
1,2012-08-28,0.23640119061657033
1,2012-08-29,0.23222021878557356
1,2012-08-30,0.2297146100086332
1,2012-08-31,0.22902621559422578
1,2012-09-01,0.23001937610034068
1,2012-09-02,0.2323648275301022
1,2012-09-03,0.23562574133900668
1,2012-09-04,0.23931769217516957
1,2012-09-05,0.24292888012124544
1,2012-09-06,0.24590943340744997
1,2012-09-07,0.24765186975547474
1,2012-09-08,0.24748899390682608
1,2012-09-09,0.24473191545594755
1,2012-09-10,0.2387562664338877
1,2012-09-11,0.2291261418887965
1,2012-09-12,0.21572758186872598
1,2012-09-13,0.19887364123350412
1,2012-09-14,0.17934384622549795
1,2012-09-15,0.15833247823719152
1,2012-09-16,0.13730248460069497
1,2012-09-17,0.11776700969063654
1,2012-09-18,0.10104148889597857
1,2012-09-19,0.08801871781665253
1,2012-09-20,0.0790186045157876
1,2012-09-21,0.07374483145826212
1,2012-09-22,0.07135768655649324
1,2012-09-23,0.07064466195062427
1,2012-09-24,0.07024876226464434
1,2012-09-25,0.0689064387863347
1,2012-09-26,0.06564195264147862
1,2012-09-27,0.05987935982356812
1,2012-09-28,0.05145337458219478
1,2012-09-29,0.0405278537748642
1,2012-09-30,0.027457848127559286
1,2012-10-01,0.012646471596194203
1,2012-10-02,-0.003552470170480683
1,2012-10-03,-0.020854168110959134
1,2012-10-04,-0.03898468095053084
1,2012-10-05,-0.057577663157773296
1,2012-10-06,-0.07608306347803502
1,2012-10-07,-0.09374399020603888
1,2012-10-08,-0.10967690445018079
1,2012-10-09,-0.12305035231644239
1,2012-10-10,-0.13331530092073365
1,2012-10-11,-0.14041163446092111
1,2012-10-12,-0.14487024494335055
1,2012-10-13,-0.14775716925731994
1,2012-10-14,-0.1504505548294289
1,2012-10-15,-0.1542967807735415
1,2012-10-16,-0.16023454319036257
1,2012-10-17,-0.16849573799762488
1,2012-10-18,-0.17847611414731906
1,2012-10-19,-0.18882688297829514
1,2012-10-20,-0.19775712752369956
1,2012-10-21,-0.20347640224200997
1,2012-10-22,-0.204665090095114
1,2012-10-23,-0.2008477848611138
1,2012-10-24,-0.19256958141197514
1,2012-10-25,-0.18132579116323175
1,2012-10-26,-0.1692611758526686
1,2012-10-27,-0.1587155129885836
1,2012-10-28,-0.15173140332019205
1,2012-10-29,-0.14964749635629138
1,2012-10-30,-0.1528739223264113
1,2012-10-31,-0.16089398247791745
1,2012-11-01,-0.17247376809948264
1,2012-11-02,-0.18600714547417155
1,2012-11-03,-0.19989352149884537
1,2012-11-04,-0.21284816327519443
1,2012-11-05,-0.22407636972890613
1,2012-11-06,-0.2332908413104429
1,2012-11-07,-0.24060136109983568
1,2012-11-08,-0.2463384546170359
1,2012-11-09,-0.250880608078689
1,2012-11-10,-0.2545376822022246
1,2012-11-11,-0.2575114657619466
1,2012-11-12,-0.25992125296455915
1,2012-11-13,-0.26186105543706645
1,2012-11-14,-0.2634514041513371
1,2012-11-15,-0.26486010717594016
1,2012-11-16,-0.2662859753704652
1,2012-11-17,-0.2679176999109293
1,2012-11-18,-0.269889088045139
1,2012-11-19,-0.2722504487599854
1,2012-11-20,-0.27496587719618987
1,2012-11-21,-0.27793430579091105
1,2012-11-22,-0.2810224563805003
1,2012-11-23,-0.2840942513208397
1,2012-11-24,-0.28702466753725375
1,2012-11-25,-0.28969323238862793
1,2012-11-26,-0.29196236918604374
1,2012-11-27,-0.293653786392737
1,2012-11-28,-0.29453973951606194
1,2012-11-29,-0.2943630238148997
1,2012-11-30,-0.29289037570374593
1,2012-12-01,-0.28999108182862043
1,2012-12-02,-0.28571951346120134
1,2012-12-03,-0.2803723283117211
1,2012-12-04,-0.27449242254208467
1,2012-12-05,-0.26880493663483346
1,2012-12-06,-0.26409100214588677
1,2012-12-07,-0.2610266376156798
1,2012-12-08,-0.26002943386753535
1,2012-12-09,-0.26115785731804414
1,2012-12-10,-0.26409497684624883
1,2012-12-11,-0.26822468536135186
1,2012-12-12,-0.27277974122908666
1,2012-12-13,-0.27701898617531645
1,2012-12-14,-0.2803827858599105
1,2012-12-15,-0.28258411777449377
1,2012-12-16,-0.2836151168884338
1,2012-12-17,-0.28367667844855143
1,2012-12-18,-0.283062418339865
1,2012-12-19,-0.28204045384940046
1,2012-12-20,-0.2807717186193049
1,2012-12-21,-0.2792863870316356
1,2012-12-22,-0.27751661841154535
1,2012-12-23,-0.27536436827736177
1,2012-12-24,-0.2727730361298086
1,2012-12-25,-0.2697749874283682
1,2012-12-26,-0.26650022629456926
1,2012-12-27,-0.26314838176232225
1,2012-12-28,-0.25994001746204487
1,2012-12-29,-0.25706903766725303
1,2012-12-30,-0.25467417238393597
1,2012-12-31,-0.25467394475919913
1,2013-01-01,-0.2528370122689618
1,2013-01-02,-0.2516033978258765
1,2013-01-03,-0.25101058148600724
1,2013-01-04,-0.2511081473057335
1,2013-01-05,-0.25195649919906676
1,2013-01-06,-0.25360052023770857
1,2013-01-07,-0.25602551258419465
1,2013-01-08,-0.25911112602960074
1,2013-01-09,-0.26260201696486735
1,2013-01-10,-0.26611116385034544
1,2013-01-11,-0.26916284743307933
1,2013-01-12,-0.2712704440777123
1,2013-01-13,-0.2720323167269142
1,2013-01-14,-0.27122117504170334
1,2013-01-15,-0.26884161807324025
1,2013-01-16,-0.2651379263611563
1,2013-01-17,-0.2605481062175465
1,2013-01-18,-0.25561621714886185
1,2013-01-19,-0.2508879403990172
1,2013-01-20,-0.24681962487299988
1,2013-01-21,-0.24372508966062748
1,2013-01-22,-0.24176953262758444
1,2013-01-23,-0.24100150085903366
1,2013-01-24,-0.2413996443474438
1,2013-01-25,-0.2429064428867981
1,2013-01-26,-0.24542949855153548
1,2013-01-27,-0.24880860524997078
1,2013-01-28,-0.25276676571308704
1,2013-01-29,-0.256876410241377
1,2013-01-30,-0.2605714399865209
1,2013-01-31,-0.263220558007973
1,2013-02-01,-0.2642530108107185
1,2013-02-02,-0.2633032189999292
1,2013-02-03,-0.2603277588357479
1,2013-02-04,-0.2556518213284777
1,2013-02-05,-0.24992260518011317
1,2013-02-06,-0.24397706262661334
1,2013-02-07,-0.23865962713118766
1,2013-02-08,-0.2346415716295502
1,2013-02-09,-0.23229213670710136
1,2013-02-10,-0.23163358646214594
1,2013-02-11,-0.2323851716990663
1,2013-02-12,-0.23407471397406895
1,2013-02-13,-0.23617975233694574
1,2013-02-14,-0.2382572383373713
1,2013-02-15,-0.24003006344375052
1,2013-02-16,-0.24141557348149809
1,2013-02-17,-0.24249850027045713
1,2013-02-18,-0.24346349707939358
1,2013-02-19,-0.24450875640815464
1,2013-02-20,-0.24576256243770658
1,2013-02-21,-0.24722131423111815
1,2013-02-22,-0.24872225917680463
1,2013-02-23,-0.24995873501517585
1,2013-02-24,-0.25053735701594926
1,2013-02-25,-0.25006985505590607
1,2013-02-26,-0.24828141551186028
1,2013-02-27,-0.24511005414012807
1,2013-02-28,-0.24076839587623633
1,2013-03-01,-0.23574380322183686
1,2013-03-02,-0.23072560832587688
1,2013-03-03,-0.22646759535818892
1,2013-03-04,-0.22361421767514308
1,2013-03-05,-0.2225336413800462
1,2013-03-06,-0.22320439284774077
1,2013-03-07,-0.22519186747147502
1,2013-03-08,-0.227728464800833
1,2013-03-09,-0.22988244566293412
1,2013-03-10,-0.23077517244246618
1,2013-03-11,-0.22979113927528594
1,2013-03-12,-0.2267274965568648
1,2013-03-13,-0.22184636238419728
1,2013-03-14,-0.21582063976308732
1,2013-03-15,-0.20959256332645362
1,2013-03-16,-0.20418484725799424
1,2013-03-17,-0.20051150969968806
1,2013-03-18,-0.199228375719032
1,2013-03-19,-0.20064654872345047
1,2013-03-20,-0.20471283930214199
1,2013-03-21,-0.21104624360261298
1,2013-03-22,-0.21901284384872993
1,2013-03-23,-0.22782243325743878
1,2013-03-24,-0.23663496466836895
1,2013-03-25,-0.24466910401951028
1,2013-03-26,-0.2513045235784066
1,2013-03-27,-0.2561651145808373
1,2013-03-28,-0.2591659957233533
1,2013-03-29,-0.26050809745825954
1,2013-03-30,-0.2606130145626725
1,2013-03-31,-0.26000737296629617
1,2013-04-01,-0.2591839575353713
1,2013-04-02,-0.25847861743521994
1,2013-04-03,-0.25800101407266446
1,2013-04-04,-0.25764174402370366
1,2013-04-05,-0.25715317166430246
1,2013-04-06,-0.25627604021058487
1,2013-04-07,-0.25486820810797284
1,2013-04-08,-0.25299231029962665
1,2013-04-09,-0.2509350569224099
1,2013-04-10,-0.24915528755225483
1,2013-04-11,-0.24818123190070937
1,2013-04-12,-0.24849107163688142
1,2013-04-13,-0.2504112145812684
1,2013-04-14,-0.2540556539848439
1,2013-04-15,-0.2593135210432294
1,2013-04-16,-0.26587769038586345
1,2013-04-17,-0.2733000583684597
1,2013-04-18,-0.28105819751970196
1,2013-04-19,-0.2886226487048673
1,2013-04-20,-0.2955190407564186
1,2013-04-21,-0.3013811828374046
1,2013-04-22,-0.30599072265874083
1,2013-04-23,-0.3092970544308362
1,2013-04-24,-0.3114109842706597
1,2013-04-25,-0.31256999650454237
1,2013-04-26,-0.3130802233867312
1,2013-04-27,-0.31324856823950936
1,2013-04-28,-0.31332364479527725
1,2013-04-29,-0.3134627857141784
1,2013-04-30,-0.31373273487437336
1,2013-05-01,-0.31413968103510137
1,2013-05-02,-0.3146735840481707
1,2013-05-03,-0.3153467539683716
1,2013-05-04,-0.31621095686653367
1,2013-05-05,-0.31734844750492636
1,2013-05-06,-0.3188444974074569
1,2013-05-07,-0.3207568143569285
1,2013-05-08,-0.32309653412083006
1,2013-05-09,-0.32582734909888217
1,2013-05-10,-0.3288792748230056
1,2013-05-11,-0.3321658837576657
1,2013-05-12,-0.33559391759414997
1,2013-05-13,-0.3390610782821158
1,2013-05-14,-0.3424479535694383
1,2013-05-15,-0.34561661011466177
1,2013-05-16,-0.34842723472365295
1,2013-05-17,-0.350774655630377
1,2013-05-18,-0.3526341814591297
1,2013-05-19,-0.3540957547571332
1,2013-05-20,-0.3553646719817705
1,2013-05-21,-0.35671694162566653
1,2013-05-22,-0.358414988758784
1,2013-05-23,-0.3606077509124242
1,2013-05-24,-0.3632496256061007
1,2013-05-25,-0.36607012321328436
1,2013-05-26,-0.3686111830683926
1,2013-05-27,-0.37032667407073494
1,2013-05-28,-0.3707172287376528
1,2013-05-29,-0.3694617829621785
1,2013-05-30,-0.36650746093529546
1,2013-05-31,-0.3620931412725218
1,2013-06-01,-0.3567024044851091
1,2013-06-02,-0.3509614232101073
1,2013-06-03,-0.34551153098310255
1,2013-06-04,-0.3408909275403058
1,2013-06-05,-0.33745423560943927
1,2013-06-06,-0.3353463768848978
1,2013-06-07,-0.3345315391821111
1,2013-06-08,-0.33486242712966435
1,2013-06-09,-0.33616494881541076
1,2013-06-10,-0.3383093646339024
1,2013-06-11,-0.3412433628519391
1,2013-06-12,-0.34497459206090514
1,2013-06-13,-0.34950723607046325
1,2013-06-14,-0.3547545585604498
1,2013-06-15,-0.36046069555521343
1,2013-06-16,-0.366166588089707
1,2013-06-17,-0.3712439656256745
1,2013-06-18,-0.37500065680221345
1,2013-06-19,-0.37683454200483096
1,2013-06-20,-0.3763939759020714
1,2013-06-21,-0.37369517254796347
1,2013-06-22,-0.3691559330478884
1,2013-06-23,-0.3635292452669527
1,2013-06-24,-0.3577499624825015
1,2013-06-25,-0.3527347155948345
1,2013-06-26,-0.3491890716587214
1,2013-06-27,-0.34747155972135996
1,2013-06-28,-0.34754415713223963
1,2013-06-29,-0.34901125976809344
1,2013-06-30,-0.35122274327266384
1,2013-07-01,-0.35340172740081655
1,2013-07-02,-0.3547572582237898
1,2013-07-03,-0.3545558203499651
1,2013-07-04,-0.352145990155873
1,2013-07-05,-0.34695022149005217
1,2013-07-06,-0.33844915059756725
1,2013-07-07,-0.32618329768198334
1,2013-07-08,-0.3097872399936015
1,2013-07-09,-0.2890551156141004
1,2013-07-10,-0.2640214813464882
1,2013-07-11,-0.23503174032406435
1,2013-07-12,-0.2027751207859477
1,2013-07-13,-0.16826141053710378
1,2013-07-14,-0.1327382275944607
1,2013-07-15,-0.09755901093257084
1,2013-07-16,-0.06402759091983398
1,2013-07-17,-0.03325161866444851
1,2013-07-18,-0.00603042151593031
1,2013-07-19,0.01720608321706027
1,2013-07-20,0.03640512790673251
1,2013-07-21,0.05185584761756698
1,2013-07-22,0.06412544067465598
1,2013-07-23,0.07398051556964244
1,2013-07-24,0.08230267835217188
1,2013-07-25,0.09000378572256494
1,2013-07-26,0.09794557319254131
1,2013-07-27,0.10687095496796215
1,2013-07-28,0.11735559650309274
1,2013-07-29,0.12978559705910908
1,2013-07-30,0.14435965635808243
1,2013-07-31,0.16110265197792317
1,2013-08-01,0.1798738707172743
1,2013-08-02,0.20035522819391235
1,2013-08-03,0.22201849848843347
1,2013-08-04,0.2440883000863186
1,2013-08-05,0.2655295179754937
1,2013-08-06,0.2850892926506714
1,2013-08-07,0.30141250595578095
1,2013-08-08,0.31322750384619086
1,2013-08-09,0.31957203978137527
1,2013-08-10,0.3200089653845383
1,2013-08-11,0.3147754386101765
1,2013-08-12,0.3048191144822519
1,2013-08-13,0.29169806159480327
1,2013-08-14,0.27735235701235395
1,2013-08-15,0.26378808858521097
1,2013-08-16,0.2527376497096186
1,2013-08-17,0.24536770021860757
1,2013-08-18,0.24209963840318094
1,2013-08-19,0.24258014105354833
1,2013-08-20,0.24580625548547677
1,2013-08-21,0.2503740653508398
1,2013-08-22,0.25479186355141625
1,2013-08-23,0.25778747304253674
1,2013-08-24,0.2585446845908226
1,2013-08-25,0.2568179761415634
1,2013-08-26,0.25291602798605145
1,2013-08-27,0.24757014931691876
1,2013-08-28,0.2417295692526629
1,2013-08-29,0.2363407172394555
1,2013-08-30,0.2321634856392883
1,2013-08-31,0.2296615679782413
1,2013-09-01,0.22897663665321175
1,2013-09-02,0.2299731949529388
1,2013-09-03,0.2323220087678813
1,2013-09-04,0.23558644807545212
1,2013-09-05,0.2392818721985578
1,2013-09-06,0.24289675615576112
1,2013-09-07,0.24588104280830883
1,2013-09-08,0.24762707690084174
1,2013-09-09,0.247467425947039
1,2013-09-10,0.24471291423001199
1,2013-09-11,0.23873876914814376
1,2013-09-12,0.22910871641311317
1,2013-09-13,0.21570879951084332
1,2013-09-14,0.1988523519240872
1,2013-09-15,0.17931920188237885
1,2013-09-16,0.1583040608257875
1,2013-09-17,0.13727015553744773
1,2013-09-18,0.11773052711913423
1,2013-09-19,0.10100030329237566
1,2013-09-20,0.0879726493674136
1,2013-09-21,0.07896812324665041
1,2013-09-22,0.07369126281005019
1,2013-09-23,0.07130290227629264
1,2013-09-24,0.07059038613173602
1,2013-09-25,0.07019647941699267
1,2013-09-26,0.06885701442459233
1,2013-09-27,0.06559581235603273
1,2013-09-28,0.05983662131816801
1,2013-09-29,0.05141410209674643
1,2013-09-30,0.040491685733364154
1,2013-10-01,0.02742432398839132
1,2013-10-02,0.012615278970205122
1,2013-10-03,-0.003581637660676297
1,2013-10-04,-0.02088179037622777
1,2013-10-05,-0.039011134340999544
1,2013-10-06,-0.05760320423841623
1,2013-10-07,-0.07610769312839666
1,2013-10-08,-0.09376765928730844
1,2013-10-09,-0.10969950381758271
1,2013-10-10,-0.1230717677995241
1,2013-10-11,-0.13333572010213246
1,2013-10-12,-0.1404310617878787
1,2013-10-13,-0.14488855570936485
1,2013-10-14,-0.14777409507146302
1,2013-10-15,-0.15046588067873826
1,2013-10-16,-0.15431033250218004
1,2013-10-17,-0.16024639600024332
1,2013-10-18,-0.16850595104152896
1,2013-10-19,-0.1784848373869951
1,2013-10-20,-0.18883427283038323
1,2013-10-21,-0.197763285008693
1,2013-10-22,-0.2034814607723412
1,2013-10-23,-0.20466920290290977
1,2013-10-24,-0.2008511556362693
1,2013-10-25,-0.19257239547032656
1,2013-10-26,-0.18132820774543396
1,2013-10-27,-0.169263330874811
1,2013-10-28,-0.1587175126419845
1,2013-10-29,-0.15173329118131204
1,2013-10-30,-0.1496493480713114
1,2013-10-31,-0.15287591087693658
1,2013-11-01,-0.1608963419210649
1,2013-11-02,-0.17247664243258115
1,2013-11-03,-0.18601044287258775
1,2013-11-04,-0.19989697457887529
1,2013-11-05,-0.21285152680832398
1,2013-11-06,-0.2240794775326852
1,2013-11-07,-0.23329363829888697
1,2013-11-08,-0.24060383442060065
1,2013-11-09,-0.24634060777005157
1,2013-11-10,-0.25088245067848014
1,2013-11-11,-0.25453924610298434
1,2013-11-12,-0.2575127686929426
1,2013-11-13,-0.25992228470196577
1,2013-11-14,-0.261861852689395
1,2013-11-15,-0.2634520755655154
1,2013-11-16,-0.264860735845992
1,2013-11-17,-0.26628660879302624
1,2013-11-18,-0.26791837072183944
1,2013-11-19,-0.26988988261230185
1,2013-11-20,-0.2722514930874312
1,2013-11-21,-0.27496733887629876
1,2013-11-22,-0.2779362992755177
1,2013-11-23,-0.28102498207195764
1,2013-11-24,-0.28409724851694
1,2013-11-25,-0.287027982713003
1,2013-11-26,-0.2896966503206647
1,2013-11-27,-0.2919657071532605
1,2013-11-28,-0.2936570152699652
1,2013-11-29,-0.2945429651284287
1,2013-11-30,-0.2943662649331125
1,2013-12-01,-0.2928934887102925
1,2013-12-02,-0.28999389561846384
1,2013-12-03,-0.2857219983976715
1,2013-12-04,-0.2803745478238606
1,2013-12-05,-0.2744944636262056
1,2013-12-06,-0.2688068918228662
1,2013-12-07,-0.2640929720147164
1,2013-12-08,-0.2610287368527574
1,2013-12-09,-0.2600317725757251
1,2013-12-10,-0.2611604832842561
1,2013-12-11,-0.2640979643677337
1,2013-12-12,-0.26822811731081564
1,2013-12-13,-0.2727836126752129
1,2013-12-14,-0.2770231650302556
1,2013-12-15,-0.2803870490769511
1,2013-12-16,-0.28258824598826593
1,2013-12-17,-0.2836189800048308
1,2013-12-18,-0.28368019319714677
1,2013-12-19,-0.2830655704580949
1,2013-12-20,-0.2820432470353503
1,2013-12-21,-0.2807741814424303
1,2013-12-22,-0.27928853697220957
1,2013-12-23,-0.2775185069672461
1,2013-12-24,-0.27536605508636247
1,2013-12-25,-0.27277456668725
1,2013-12-26,-0.2697763949641511
1,2013-12-27,-0.2665015102281206
1,2013-12-28,-0.2631495311528111
1,2013-12-29,-0.2599410499659479
1,2013-12-30,-0.257069999080569
1,2013-12-31,-0.2546751467965511
1,2014-01-01,-0.2528383554117019
1,2014-01-02,-0.25160497525158715
1,2014-01-03,-0.25101243747236107
1,2014-01-04,-0.25111029531632695
1,2014-01-05,-0.25195887794115196
1,2014-01-06,-0.25360301852954675
1,2014-01-07,-0.25602803677458413
1,2014-01-08,-0.25911360438970527
1,2014-01-09,-0.2626044219485586
1,2014-01-10,-0.2661134617940274
1,2014-01-11,-0.2691650066865925
1,2014-01-12,-0.27127248860357317
1,2014-01-13,-0.2720342806067244
1,2014-01-14,-0.27122308341676843
1,2014-01-15,-0.2688434958359375
1,2014-01-16,-0.2651398297822475
1,2014-01-17,-0.2605501380456643
1,2014-01-18,-0.255618417466636
1,2014-01-19,-0.2508902759675191
1,2014-01-20,-0.24682203990936477
1,2014-01-21,-0.24372752955546892
1,2014-01-22,-0.24177192315569493
1,2014-01-23,-0.24100377310565427
1,2014-01-24,-0.24140170989379187
1,2014-01-25,-0.24290826728253792
1,2014-01-26,-0.24543110649450506
1,2014-01-27,-0.24881003048065686
1,2014-01-28,-0.25276807062823303
1,2014-01-29,-0.25687765482373465
1,2014-01-30,-0.26057265917261346
1,2014-01-31,-0.26322180176965554
1,2014-02-01,-0.26425429883836304
1,2014-02-02,-0.2633045130549523
1,2014-02-03,-0.26032899165763984
1,2014-02-04,-0.2556529150705373
1,2014-02-05,-0.24992351382159142
1,2014-02-06,-0.24397780192741678
1,2014-02-07,-0.23866024205643316
1,2014-02-08,-0.23464212684601793
1,2014-02-09,-0.232292708660711
1,2014-02-10,-0.23163425055155915
1,2014-02-11,-0.23238600206567492
1,2014-02-12,-0.23407577450814904
1,2014-02-13,-0.23618107641221844
1,2014-02-14,-0.23825878500232162
1,2014-02-15,-0.24003172849158114
1,2014-02-16,-0.2414172378519414
1,2014-02-17,-0.2425000654042863
1,2014-02-18,-0.24346488894992038
1,2014-02-19,-0.24450993926452425
1,2014-02-20,-0.24576355895719376
1,2014-02-21,-0.24722218955536446
1,2014-02-22,-0.24872316273502285
1,2014-02-23,-0.24995969323061204
1,2014-02-24,-0.2505383712031395
1,2014-02-25,-0.2500709029888074
1,2014-02-26,-0.2482824501799641
1,2014-02-27,-0.24511101338788244
1,2014-02-28,-0.24076923428346925
1,2014-03-01,-0.23574448459841235
1,2014-03-02,-0.23072612643021465
1,2014-03-03,-0.22646797738082067
1,2014-03-04,-0.22361450603989177
1,2014-03-05,-0.2225338699692601
1,2014-03-06,-0.2232045779602323
1,2014-03-07,-0.22519202134222555
1,2014-03-08,-0.2277286040612998
1,2014-03-09,-0.22988262707898222
1,2014-03-10,-0.23077538788540194
1,2014-03-11,-0.22979136755819596
1,2014-03-12,-0.2267277224312319
1,2014-03-13,-0.2218465834494117
1,2014-03-14,-0.21582085749517263
1,2014-03-15,-0.20959278216170255
1,2014-03-16,-0.20418511254256835
1,2014-03-17,-0.20051188351758942
1,2014-03-18,-0.19922890935026735
1,2014-03-19,-0.20064728146420263
1,2014-03-20,-0.20471379420425215
1,2014-03-21,-0.21104744249767698
1,2014-03-22,-0.21901429659078145
1,2014-03-23,-0.2278240900913192
1,2014-03-24,-0.23663675520374056
1,2014-03-25,-0.24467099236662695
1,2014-03-26,-0.25130648031269837
1,2014-03-27,-0.2561670727227437
1,2014-03-28,-0.25916784782203545
1,2014-03-29,-0.2605097161517108
1,2014-03-30,-0.2606142971224754
1,2014-03-31,-0.2600083347095947
1,2014-04-01,-0.2591847164708748
1,2014-04-02,-0.25847935475573597
1,2014-04-03,-0.258001913177533
1,2014-04-04,-0.25764292831616586
1,2014-04-05,-0.25715469991323203
1,2014-04-06,-0.25627790081825025
1,2014-04-07,-0.2548703190434405
1,2014-04-08,-0.2529945863768649
1,2014-04-09,-0.2509374215303463
1,2014-04-10,-0.24915765603000511
1,2014-04-11,-0.24818351632743077
1,2014-04-12,-0.2484932104192776
1,2014-04-13,-0.25041321625784774
1,2014-04-14,-0.2540575954243272
1,2014-04-15,-0.2593154900107756
1,2014-04-16,-0.2658798176865003
1,2014-04-17,-0.27330245634036493
1,2014-04-18,-0.28106092309065606
1,2014-04-19,-0.2886257350102123
1,2014-04-20,-0.2955224862902302
1,2014-04-21,-0.3013849493628282
1,2014-04-22,-0.30599475514405244
1,2014-04-23,-0.3093012555973561
1,2014-04-24,-0.3114152482500747
1,2014-04-25,-0.31257421439241084
1,2014-04-26,-0.3130842418514761
1,2014-04-27,-0.3132522671161265
1,2014-04-28,-0.3133271010366998
1,2014-04-29,-0.31346613650709404
1,2014-04-30,-0.31373603161431435
1,2014-05-01,-0.31414291096079944
1,2014-05-02,-0.31467672570557476
1,2014-05-03,-0.31534975944844684
1,2014-05-04,-0.31621374347703085
1,2014-05-05,-0.3173509317619816
1,2014-05-06,-0.3188466786254052
1,2014-05-07,-0.3207587942429008
1,2014-05-08,-0.32309839658750944
1,2014-05-09,-0.32582913520232154
1,2014-05-10,-0.32888099745065924
1,2014-05-11,-0.33216755356995886
1,2014-05-12,-0.33559550838491875
1,2014-05-13,-0.3390625509849108
1,2014-05-14,-0.34244934000690536
1,2014-05-15,-0.3456180383983432
1,2014-05-16,-0.3484288127639666
1,2014-05-17,-0.35077643495348637
1,2014-05-18,-0.35263613903066243
1,2014-05-19,-0.35409785807463495
1,2014-05-20,-0.3553669305558364
1,2014-05-21,-0.3567193678944183
1,2014-05-22,-0.35841759079859103
1,2014-05-23,-0.3606105489601776
1,2014-05-24,-0.36325265350763053
1,2014-05-25,-0.36607341810392013
1,2014-05-26,-0.36861478534380465
1,2014-05-27,-0.37033055850400637
1,2014-05-28,-0.37072138478958616
1,2014-05-29,-0.36946618043446566
1,2014-05-30,-0.36651203176512914
1,2014-05-31,-0.36209782974481225
1,2014-06-01,-0.356707186193063
1,2014-06-02,-0.3509662723884202
1,2014-06-03,-0.3455164936944399
1,2014-06-04,-0.3408960701961293
1,2014-06-05,-0.33745962342375085
1,2014-06-06,-0.3353520655428076
1,2014-06-07,-0.33453747104176423
1,2014-06-08,-0.33486849503636457
1,2014-06-09,-0.33617108031357695
1,2014-06-10,-0.3383154536541244
1,2014-06-11,-0.3412492466539929
1,2014-06-12,-0.3449801078688529
1,2014-06-13,-0.3495123072258343
1,2014-06-14,-0.3547591525039051
1,2014-06-15,-0.3604647566656253
1,2014-06-16,-0.36617001256960807
1,2014-06-17,-0.37124675925260847
1,2014-06-18,-0.3750029275260467
1,2014-06-19,-0.3768364383875078
1,2014-06-20,-0.37639566751062353
1,2014-06-21,-0.37369677618784103
1,2014-06-22,-0.3691575275182805
1,2014-06-23,-0.3635308360056461
1,2014-06-24,-0.35775146057297585
1,2014-06-25,-0.35273603734126363
1,2014-06-26,-0.3491902282194198
1,2014-06-27,-0.34747260163468563
1,2014-06-28,-0.34754511673259336
1,2014-06-29,-0.34901209367091324
1,2014-06-30,-0.3512233701941108
1,2014-07-01,-0.3534020435487071
1,2014-07-02,-0.35475716870637397
1,2014-07-03,-0.3545551993258806
1,2014-07-04,-0.3521446473369668
1,2014-07-05,-0.3469478819791528
1,2014-07-06,-0.33844524238548795
1,2014-07-07,-0.3261769540065564
1,2014-07-08,-0.3097773443668136
1,2014-07-09,-0.28904060656993497
1,2014-07-10,-0.2640016108210308
1,2014-07-11,-0.23500616910308558
1,2014-07-12,-0.2027439777535237
1,2014-07-13,-0.16822537686258204
1,2014-07-14,-0.1326978829901049
1,2014-07-15,-0.09751500020302231
1,2014-07-16,-0.06398105004825785
1,2014-07-17,-0.03320407311067918
1,2014-07-18,-0.005983636234123943
1,2014-07-19,0.01725039238225859
1,2014-07-20,0.03644548173138647
1,2014-07-21,0.051891145310132863
1,2014-07-22,0.06415517058588643
1,2014-07-23,0.07400453903651169
1,2014-07-24,0.08232103411993896
1,2014-07-25,0.09001664745896655
1,2014-07-26,0.09795334709864462
1,2014-07-27,0.10687430928266553
1,2014-07-28,0.11735532311830583
1,2014-07-29,0.1297828274373087
1,2014-07-30,0.14435555625390561
1,2014-07-31,0.16109850392870292
1,2014-08-01,0.17987059019646995
1,2014-08-02,0.2003533457760318
1,2014-08-03,0.22201848848498038
1,2014-08-04,0.24409080113942247
1,2014-08-05,0.26553502255850386
1,2014-08-06,0.28509764749692157
1,2014-08-07,0.3014231879932013
1,2014-08-08,0.3132399124747209
1,2014-08-09,0.3195857147374254
1,2014-08-10,0.32002370218019693
1,2014-08-11,0.3147915167367447
1,2014-08-12,0.3048369825795757
1,2014-08-13,0.29171837462456707
1,2014-08-14,0.277375787694207
1,2014-08-15,0.263815302360764
1,2014-08-16,0.2527692183228171
1,2014-08-17,0.24540456505236333
1,2014-08-18,0.24214270206432867
1,2014-08-19,0.24263006772912937
1,2014-08-20,0.2458632993220319
1,2014-08-21,0.25043798670195316
1,2014-08-22,0.2548621829762369
1,2014-08-23,0.25786390434441947
1,2014-08-24,0.25862619229219863
1,2014-08-25,0.25690320369810027
1,2014-08-26,0.253003543551745
1,2014-08-27,0.24765828177782725
1,2014-08-28,0.24181648677470105
1,2014-08-29,0.23642462849505924
1,2014-08-30,0.23224312149013004
1,2014-08-31,0.22973609287384705
1,2014-09-01,0.2290454266043845
1,2014-09-02,0.23003584730505341
1,2014-09-03,0.23237838685804338
1,2014-09-04,0.23563645815223003
1,2014-09-05,0.23932551438820637
1,2014-09-06,0.24293398712510833
1,2014-09-07,0.24591229363120787
1,2014-09-08,0.24765304003091196
1,2014-09-09,0.24748883326823967
1,2014-09-10,0.24473060143394124
1,2014-09-11,0.2387536894943615
1,2014-09-12,0.22912216715107298
1,2014-09-13,0.2157221225969353
1,2014-09-14,0.19886697966291592
1,2014-09-15,0.17933634433324233
1,2014-09-16,0.1583243858397601
1,2014-09-17,0.13729403844717242
1,2014-09-18,0.11775833919636007
1,2014-09-19,0.10103247200508475
1,2014-09-20,0.08800929572411294
1,2014-09-21,0.07900904414473797
1,2014-09-22,0.07373625902897993
1,2014-09-23,0.07135158832984788
1,2014-09-24,0.07064181490675364
1,2014-09-25,0.07024958327030142
1,2014-09-26,0.06891052724299201
1,2014-09-27,0.06564871045183586
1,2014-09-28,0.05988809119649903
1,2014-09-29,0.051463370033201464
1,2014-09-30,0.040538780814080216
1,2014-10-01,0.027469841167146233
1,2014-10-02,0.012659721036455693
1,2014-10-03,-0.0035376133953556586
1,2014-10-04,-0.02083721119954261
1,2014-10-05,-0.038965354259118054
1,2014-10-06,-0.057556171750010994
1,2014-10-07,-0.07605981602223283
1,2014-10-08,-0.0937194265374533
1,2014-10-09,-0.10965157502836884
1,2014-10-10,-0.1230249495705881
1,2014-10-11,-0.13329070827478626
1,2014-10-12,-0.14038846542663183
1,2014-10-13,-0.14484897101847732
1,2014-10-14,-0.1477378888120082
1,2014-10-15,-0.15043301145044113
1,2014-10-16,-0.15428054725703846
1,2014-10-17,-0.16021931484626387
1,2014-10-18,-0.1684811670508201
1,2014-10-19,-0.1784620438491222
1,2014-10-20,-0.18881327555953628
1,2014-10-21,-0.19774405274288165
1,2014-10-22,-0.20346406789937213
1,2014-10-23,-0.20465375154138016
1,2014-10-24,-0.2008377428957888
1,2014-10-25,-0.19256100412978847
1,2014-10-26,-0.18131870109575057
1,2014-10-27,-0.16925544593388886
1,2014-10-28,-0.1587108896670095
1,2014-10-29,-0.15172756387187472
1,2014-10-30,-0.14964421944197592
1,2014-10-31,-0.15287112814794282
1,2014-11-01,-0.16089167185654724
1,2014-11-02,-0.1724719542023883
1,2014-11-03,-0.18600571556683046
1,2014-11-04,-0.19989218083218732
1,2014-11-05,-0.2128465979977137
1,2014-11-06,-0.22407434314526062
1,2014-11-07,-0.233288274245688
1,2014-11-08,-0.24059832976632992
1,2014-11-09,-0.24633512791321646
1,2014-11-10,-0.25087717904913065
1,2014-11-11,-0.25453426941738183
1,2014-11-12,-0.2575080179363517
1,2014-11-13,-0.2599176839944904
1,2014-11-14,-0.26185734312743647
1,2014-11-15,-0.26344757937124197
1,2014-11-16,-0.2648562685339001
1,2014-11-17,-0.2662822169371623
1,2014-11-18,-0.26791410159909196
1,2014-11-19,-0.2698857475065495
1,2014-11-20,-0.27224750425226313
1,2014-11-21,-0.27496352764661475
1,2014-11-22,-0.2779327463650392
1,2014-11-23,-0.28102177412616836
1,2014-11-24,-0.284094456478781
1,2014-11-25,-0.28702562911705864
1,2014-11-26,-0.289694659836277
1,2014-11-27,-0.2919639440113472
1,2014-11-28,-0.2936553084380888
1,2014-11-29,-0.2945411371242016
1,2014-11-30,-0.2943643040488741
1,2014-12-01,-0.29289148803970694
1,2014-12-02,-0.2899919685103055
1,2014-12-03,-0.2857202039460074
1,2014-12-04,-0.2803729262447678
1,2014-12-05,-0.2744930631246117
1,2014-12-06,-0.2688057469749181
1,2014-12-07,-0.26409206125522106
1,2014-12-08,-0.26102800381978647
1,2014-12-09,-0.2600311657280208
1,2014-12-10,-0.2611599581230629
1,2014-12-11,-0.2640974970994283
1,2014-12-12,-0.26822768870851577
1,2014-12-13,-0.27278322620539897
1,2014-12-14,-0.27702286279195804
1,2014-12-15,-0.28038686517333167
1,2014-12-16,-0.2825881895167551
1,2014-12-17,-0.28361900619600927
1,2014-12-18,-0.28368022592096026
1,2014-12-19,-0.28306552156620385
1,2014-12-20,-0.2820430774970443
1,2014-12-21,-0.28077390624849435
1,2014-12-22,-0.2792882206744462
1,2014-12-23,-0.27751818425039143
1,2014-12-24,-0.2753657247352662
1,2014-12-25,-0.2727742413706943
1,2014-12-26,-0.2697760878364932
1,2014-12-27,-0.2665012384598429
1,2014-12-28,-0.26314931241668205
1,2014-12-29,-0.25994088429361817
1,2014-12-30,-0.25706987820581556
1,2014-12-31,-0.25467504951037834
1,2015-01-01,-0.25283826386052705
1,2015-01-02,-0.2516048920228656
1,2015-01-03,-0.251012401856419
1,2015-01-04,-0.25111036307638995
1,2015-01-05,-0.25195907216774416
1,2015-01-06,-0.25360331178841783
1,2015-01-07,-0.2560283679666038
1,2015-01-08,-0.25911390580370414
1,2015-01-09,-0.26260461876162067
1,2015-01-10,-0.26611350405566825
1,2015-01-11,-0.26916490042588054
1,2015-01-12,-0.2712722308536983
1,2015-01-13,-0.27203387055194916
1,2015-01-14,-0.2712225060308622
1,2015-01-15,-0.2688427534680219
1,2015-01-16,-0.26513899867542035
1,2015-01-17,-0.26054933132667146
1,2015-01-18,-0.2556177339571392
1,2015-01-19,-0.25088979045309295
1,2015-01-20,-0.24682177595957253
1,2015-01-21,-0.24372746581741908
1,2015-01-22,-0.24177202817050691
1,2015-01-23,-0.24100398936004677
1,2015-01-24,-0.24140201620293367
1,2015-01-25,-0.2429086191341921
1,2015-01-26,-0.24543144646966417
1,2015-01-27,-0.24881030284263897
1,2015-01-28,-0.2527682008692658
1,2015-01-29,-0.25687757721405674
1,2015-01-30,-0.26057230199995907
1,2015-01-31,-0.26322107802542416
1,2015-02-01,-0.26425310872016283
1,2015-02-02,-0.26330278231615256
1,2015-02-03,-0.2603269014101139
1,2015-02-04,-0.2556506351847016
1,2015-02-05,-0.24992117515280277
1,2015-02-06,-0.2439754824195003
1,2015-02-07,-0.23865799512552818
1,2015-02-08,-0.23463997273403286
1,2015-02-09,-0.2322906394706382
1,2015-02-10,-0.23163225857599118
1,2015-02-11,-0.23238409671166624
1,2015-02-12,-0.23407397282735573
1,2015-02-13,-0.23617940727071524
1,2015-02-14,-0.23825732018860965
1,2015-02-15,-0.24003041864203362
1,2015-02-16,-0.24141593133736827
1,2015-02-17,-0.2424985174661792
1,2015-02-18,-0.24346298032587016
1,2015-02-19,-0.2445075222826949
1,2015-02-20,-0.2457605137862466
1,2015-02-21,-0.24721864996972245
1,2015-02-22,-0.24871928962910045
1,2015-02-23,-0.24995572705387023
1,2015-02-24,-0.2505344225015568
1,2015-02-25,-0.2500670402415227
1,2015-02-26,-0.24827877857790162
1,2015-02-27,-0.24510773065545893
1,2015-02-28,-0.2407664313230618
1,2015-03-01,-0.23574222417591845
1,2015-03-02,-0.2307243747319652
1,2015-03-03,-0.22646668849415313
1,2015-03-04,-0.22361360401225563
1,2015-03-05,-0.22253325481013558
1,2015-03-06,-0.22320408912490589
1,2015-03-07,-0.22519150478032698
1,2015-03-08,-0.22772797528139677
1,2015-03-09,-0.22988186767261795
1,2015-03-10,-0.2307745312596448
1,2015-03-11,-0.2297904721568508
1,2015-03-12,-0.22672683282762351
1,2015-03-13,-0.22184574878939872
1,2015-03-14,-0.2158201362191011
1,2015-03-15,-0.20959221784107548
1,2015-03-16,-0.20418468058323874
1,2015-03-17,-0.20051149542158014
1,2015-03-18,-0.1992284552185711
1,2015-03-19,-0.200646549299723
1,2015-03-20,-0.2047124683463478
1,2015-03-21,-0.21104540992668244
1,2015-03-22,-0.21901163809020005
1,2015-03-23,-0.22782092361432577
1,2015-03-24,-0.23663323780897821
1,2015-03-25,-0.24466731409378822
1,2015-03-26,-0.25130264068625696
1,2015-03-27,-0.25616316421788815
1,2015-03-28,-0.2591639532393557
1,2015-03-29,-0.26050591500173753
1,2015-03-30,-0.2606106923335829
1,2015-03-31,-0.26000498949111484
1,2015-04-01,-0.25918166704570134
1,2015-04-02,-0.2584766179155079
1,2015-04-03,-0.2579993784071817
1,2015-04-04,-0.2576402147172588
1,2015-04-05,-0.2571515403887092
1,2015-04-06,-0.25627423874360983
1,2015-04-07,-0.2548662386113477
1,2015-04-08,-0.2529902113712086
1,2015-04-09,-0.2509328911825569
1,2015-04-10,-0.2491531632027626
1,2015-04-11,-0.2481792926870986
1,2015-04-12,-0.24848939465479272
1,2015-04-13,-0.25040985638013213
1,2015-04-14,-0.25405462577776305
1,2015-04-15,-0.2593127588265022
1,2015-04-16,-0.2658771113962716
1,2015-04-17,-0.27329953023781073
1,2015-04-18,-0.28105758892185845
1,2015-04-19,-0.2886219047860446
1,2015-04-20,-0.2955181833362086
1,2015-04-21,-0.30138028069564377
1,2015-04-22,-0.3059898686008239
1,2015-04-23,-0.3092962674288212
1,2015-04-24,-0.31141020342461556
1,2015-04-25,-0.31256910490002304
1,2015-04-26,-0.31307909134273815
1,2015-04-27,-0.31324711181003867
1,2015-04-28,-0.3133219416388634
1,2015-04-29,-0.31346099882717543
1,2015-04-30,-0.3137309767071052
1,2015-05-01,-0.3141379584598676
1,2015-05-02,-0.31467184175860363
1,2015-05-03,-0.3153449135828588
1,2015-05-04,-0.3162090209599355
1,2015-05-05,-0.3173465207409908
1,2015-05-06,-0.3188427592204716
1,2015-05-07,-0.3207554591153984
1,2015-05-08,-0.32309565302446724
1,2015-05-09,-0.32582695974562326
1,2015-05-10,-0.3288793385725004
1,2015-05-11,-0.33216630012510534
1,2015-05-12,-0.33559451242504096
1,2015-05-13,-0.3390616719903446
1,2015-05-14,-0.34244847192551836
1,2015-05-15,-0.3456171116210774
1,2015-05-16,-0.34842778542339076
1,2015-05-17,-0.3507753075774163
1,2015-05-18,-0.35263492987365397
1,2015-05-19,-0.3540965961576233
1,2015-05-20,-0.35536563353633144
1,2015-05-21,-0.35671806896168623
1,2015-05-22,-0.35841632537295676
1,2015-05-23,-0.3606093083923626
1,2015-05-24,-0.36325131659594934
1,2015-05-25,-0.36607179940307016
1,2015-05-26,-0.3686126885310795
1,2015-05-27,-0.37032788699917135
1,2015-05-28,-0.37071821823544315
1,2015-05-29,-0.3694627379860577
1,2015-05-30,-0.36650857946922744
1,2015-05-31,-0.36209460799090626
1,2015-06-01,-0.3567043748591917
1,2015-06-02,-0.3509639849887395
1,2015-06-03,-0.3455147420678823
1,2015-06-04,-0.3408947783812037
1,2015-06-05,-0.33745861919509457
1,2015-06-06,-0.335351136148732
1,2015-06-07,-0.33453644338608185
1,2015-06-08,-0.3348671948365129
1,2015-06-09,-0.33616925716772905
1,2015-06-10,-0.3383128563868861
1,2015-06-11,-0.34124573943244757
1,2015-06-12,-0.3449757178973306
1,2015-06-13,-0.349507161832661
1,2015-06-14,-0.3547534344906973
1,2015-06-15,-0.36045873699627046
1,2015-06-16,-0.3661640299821073
1,2015-06-17,-0.3712410085533381
1,2015-06-18,-0.3749975784585926
1,2015-06-19,-0.37683164985180123
1,2015-06-20,-0.37639145437869553
1,2015-06-21,-0.37369306211484743
1,2015-06-22,-0.3691542142660383
1,2015-06-23,-0.3635278531855014
1,2015-06-24,-0.3577487617228344
1,2015-06-25,-0.3527336128203443
1,2015-06-26,-0.34918803401131565
1,2015-06-27,-0.34747064081465806
1,2015-06-28,-0.347543431179733
1,2015-06-29,-0.3490107474361636
1,2015-06-30,-0.35122238720121163
1,2015-07-01,-0.3534014754272452
1,2015-07-02,-0.35475708304238224
1,2015-07-03,-0.35455563366603937
1,2015-07-04,-0.35214559053731437
1,2015-07-05,-0.3469493620868449
1,2015-07-06,-0.33844740838611725
1,2015-07-07,-0.3261800442630236
1,2015-07-08,-0.3097816194142552
1,2015-07-09,-0.2890462596759119
1,2015-07-10,-0.2640087929539825
1,2015-07-11,-0.23501507991582105
1,2015-07-12,-0.2027542356226509
1,2015-07-13,-0.16823633581648093
1,2015-07-14,-0.13270915446193124
1,2015-07-15,-0.09752617294226772
1,2015-07-16,-0.06399168028804143
1,2015-07-17,-0.03321355842422682
1,2015-07-18,-0.005991223043088829
1,2015-07-19,0.017245121388536268
1,2015-07-20,0.03644239205723383
1,2015-07-21,0.05188978936950094
1,2015-07-22,0.06415494604299984
1,2015-07-23,0.07400501411776339
1,2015-07-24,0.08232215485032478
1,2015-07-25,0.0900186009331761
1,2015-07-26,0.09795650534193974
1,2015-07-27,0.10687893824250262
1,2015-07-28,0.11736159977375635
1,2015-07-29,0.12979071584739027
1,2015-07-30,0.14436491729564502
1,2015-07-31,0.16110881674937463
1,2015-08-01,0.1798811447949081
1,2015-08-02,0.20036348586078404
1,2015-08-03,0.22202720125548128
1,2015-08-04,0.2440970298058637
1,2015-08-05,0.26553778078103835
1,2015-08-06,0.2850964148471551
1,2015-08-07,0.3014179935082021
1,2015-08-08,0.3132312924457066
1,2015-08-09,0.3195747081138535
1,2015-08-10,0.320011487386028
1,2015-08-11,0.31477893948928976
1,2015-08-12,0.3048246256538722
1,2015-08-13,0.29170631684178977
1,2015-08-14,0.27736386857032913
1,2015-08-15,0.2638031080964941
1,2015-08-16,0.25275592285403237
1,2015-08-17,0.24538904645173035
1,2015-08-18,0.2421239063780834
1,2015-08-19,0.2426076521530923
1,2015-08-20,0.24583757644149218
1,2015-08-21,0.250409620828488
1,2015-08-22,0.2548318794414211
1,2015-08-23,0.2578329281168856
1,2015-08-24,0.2585956359366685
1,2015-08-25,0.2568738069678929
1,2015-08-26,0.25297554343165235
1,2015-08-27,0.2476317614860293
1,2015-08-28,0.2417917975986671
1,2015-08-29,0.23640219391654085
1,2015-08-30,0.23222312259168432
1,2015-08-31,0.22971837272999515
1,2015-09-01,0.22902966752678702
1,2015-09-02,0.23002133007852338
1,2015-09-03,0.2323644421349066
1,2015-09-04,0.2356226185972673
1,2015-09-05,0.23931157139759823
1,2015-09-06,0.24292010682866227
1,2015-09-07,0.24589891543962494
1,2015-09-08,0.24764058213351772
1,2015-09-09,0.24747766479042468
1,2015-09-10,0.24472092919241342
1,2015-09-11,0.23874561322633817
1,2015-09-12,0.229115454352931
1,2015-09-13,0.21571635772750786
1,2015-09-14,0.19886152444701807
1,2015-09-15,0.17933065960640363
1,2015-09-16,0.1583180484338572
1,2015-09-17,0.13728660495937997
1,2015-09-18,0.1177493569416607
1,2015-09-19,0.10102153914366786
1,2015-09-20,0.08799648198820421
1,2015-09-21,0.07899492573389386
1,2015-09-22,0.07372126010363188
1,2015-09-23,0.07133614980927712
1,2015-09-24,0.07062620578008531
1,2015-09-25,0.07023382844982068
1,2015-09-26,0.06889488187299303
1,2015-09-27,0.06563328888022338
1,2015-09-28,0.05987313202545244
1,2015-09-29,0.05144906287743957
1,2015-09-30,0.040525082573566594
1,2015-10-01,0.02745648422024205
1,2015-10-02,0.012646596335079446
1,2015-10-03,-0.0035507005908635273
1,2015-10-04,-0.02085060878678114
1,2015-10-05,-0.03897917698474827
1,2015-10-06,-0.05757028188405558
1,2015-10-07,-0.07607415539034025
1,2015-10-08,-0.09373400740901093
1,2015-10-09,-0.10966611845115026
1,2015-10-10,-0.12303891608416546
1,2015-10-11,-0.13330355496352483
1,2015-10-12,-0.14039981318148168
1,2015-10-13,-0.1448586569732137
1,2015-10-14,-0.14774612368642978
1,2015-10-15,-0.1504403606975845
1,2015-10-16,-0.1542875911759234
1,2015-10-17,-0.16022643303616227
1,2015-10-18,-0.16848845199290866
1,2015-10-19,-0.1784692503470693
1,2015-10-20,-0.18882010634084512
1,2015-10-21,-0.19775017163467018
1,2015-10-22,-0.20346926227610435
1,2015-10-23,-0.2046579902703753
1,2015-10-24,-0.2008409756397777
1,2015-10-25,-0.19256323820598303
1,2015-10-26,-0.18131993765448876
1,2015-10-27,-0.16925575706324414
1,2015-10-28,-0.1587104147530446
1,2015-10-29,-0.15172650753525746
1,2015-10-30,-0.14964279079371784
1,2015-10-31,-0.152869558908491
1,2015-11-01,-0.16089020262902848
1,2015-11-02,-0.17247066899063734
1,2015-11-03,-0.1860045383395696
1,2015-11-04,-0.19989108612986714
1,2015-11-05,-0.21284567114829972
1,2015-11-06,-0.22407365362972184
1,2015-11-07,-0.23328781255613248
1,2015-11-08,-0.24059799909219148
1,2015-11-09,-0.24633475675382707
1,2015-11-10,-0.2508766562286377
1,2015-11-11,-0.25453358741706356
1,2015-11-12,-0.2575072835076275
1,2015-11-13,-0.2599169558857518
1,2015-11-14,-0.26185658661118905
1,2015-11-15,-0.2634466891436713
1,2015-11-16,-0.26485509334829327
1,2015-11-17,-0.2662807082710265
1,2015-11-18,-0.26791226679740193
1,2015-11-19,-0.2698836526718624
1,2015-11-20,-0.2722451671442835
1,2015-11-21,-0.274960941156835
1,2015-11-22,-0.27792990737322526
1,2015-11-23,-0.28101872392142324
1,2015-11-24,-0.2840912515208378
1,2015-11-25,-0.28702233635948665
1,2015-11-26,-0.289691467779252
1,2015-11-27,-0.29196104584541915
1,2015-11-28,-0.29365288974903886
1,2015-11-29,-0.29453938582400513
1,2015-11-30,-0.29436324588913426
1,2015-12-01,-0.29289099906277744
1,2015-12-02,-0.28999188057947684
1,2015-12-03,-0.2857203792102501
1,2015-12-04,-0.28037320266157845
1,2015-12-05,-0.27449328267294376
1,2015-12-06,-0.26880578616100115
1,2015-12-07,-0.26409184000052105
1,2015-12-08,-0.26102748569099826
1,2015-12-09,-0.2600303344763428
1,2015-12-10,-0.26115882163932386
1,2015-12-11,-0.26409609639982395
1,2015-12-12,-0.26822612837008136
1,2015-12-13,-0.27278160554541114
1,2015-12-14,-0.27702118708346046
1,2015-12-15,-0.28038512323713466
1,2015-12-16,-0.28258640278014574
1,2015-12-17,-0.2836172255571208
1,2015-12-18,-0.2836785230261833
1,2015-12-19,-0.2830639870029279
1,2015-12-20,-0.28204174004863913
1,2015-12-21,-0.28077272858301017
1,2015-12-22,-0.27928713066177197
1,2015-12-23,-0.27751711346803587
1,2015-12-24,-0.2753646236974077
1,2015-12-25,-0.2727730542474108
1,2015-12-26,-0.2697747720570716
1,2015-12-27,-0.26649974097410817
1,2015-12-28,-0.2631475893171877
1,2015-12-29,-0.25993896835147834
1,2015-12-30,-0.257067836131455
1,2015-12-31,-0.25467294406770263
1,2016-01-01,-0.25283612914572207
1,2016-01-02,-0.2516027240582782
1,2016-01-03,-0.25101014169599684
1,2016-01-04,-0.2511079297305059
1,2016-01-05,-0.2519564444166184
1,2016-01-06,-0.25360046657395613
1,2016-01-07,-0.25602532641281345
1,2016-01-08,-0.25911070806769804
1,2016-01-09,-0.26260133630146076
1,2016-01-10,-0.26611026870492704
1,2016-01-11,-0.2691618108393653
1,2016-01-12,-0.2712693479672571
1,2016-01-13,-0.2720312337517768
1,2016-01-14,-0.2712201719316473
1,2016-01-15,-0.26884075586157036
1,2016-01-16,-0.2651373318028005
1,2016-01-17,-0.2605478852046264
1,2016-01-18,-0.2556163964067273
1,2016-01-19,-0.25088846264748965
1,2016-01-20,-0.24682040521661563
1,2016-01-21,-0.24372602771426413
1,2016-01-22,-0.24177050349000084
1,2016-01-23,-0.24100240438267193
1,2016-01-24,-0.2414003680124165
1,2016-01-25,-0.24290690681608992
1,2016-01-26,-0.24542968763296083
1,2016-01-27,-0.2488085664701551
1,2016-01-28,-0.2527665679144108
1,2016-01-29,-0.2568761094289852
1,2016-01-30,-0.2605711015958793
1,2016-01-31,-0.26322026859127634
1,2016-02-01,-0.2642528146137667
1,2016-02-02,-0.26330308718941225
1,2016-02-03,-0.26032764099452055
1,2016-02-04,-0.25565164339105495
1,2016-02-05,-0.2499222969107815
1,2016-02-06,-0.24397658619832732
1,2016-02-07,-0.2386590034354991
1,2016-02-08,-0.23464084348654554
1,2016-02-09,-0.23229134824785677
1,2016-02-10,-0.2316328005207289
1,2016-02-11,-0.23238448151140195
1,2016-02-12,-0.23407419403808316
1,2016-02-13,-0.2361794379561989
1,2016-02-14,-0.23825708367958665
1,2016-02-15,-0.24002995022948803
1,2016-02-16,-0.24141536739110708
1,2016-02-17,-0.24249810887442122
1,2016-02-18,-0.24346286947095863
1,2016-02-19,-0.24450786459532736
1,2016-02-20,-0.2457614557276395
1,2016-02-21,-0.24722010861498603
1,2016-02-22,-0.24872114744770119
1,2016-02-23,-0.24995775635595657
1,2016-02-24,-0.25053652255466063
1,2016-02-25,-0.25006917133186823
1,2016-02-26,-0.248280879847916
1,2016-02-27,-0.24510964944103733
1,2016-02-28,-0.24076810260766088
1,2016-02-29,-0.23574359693458755
1,2016-03-01,-0.23072546531463728
1,2016-03-02,-0.22646750971337193
1,2016-03-03,-0.22361419267342494
1,2016-03-04,-0.22253366249282985
1,2016-03-05,-0.22320441462650822
1,2016-03-06,-0.22519187296347937
1,2016-03-07,-0.22772844434936954
1,2016-03-08,-0.22988245199810642
1,2016-03-09,-0.23077521817599625
1,2016-03-10,-0.22979122445078148
1,2016-03-11,-0.2267276223627416
1,2016-03-12,-0.2218465314347759
1,2016-03-13,-0.2158208449416839
1,2016-03-14,-0.2095927977615081
1,2016-03-15,-0.20418512470172087
1,2016-03-16,-0.20051185977745667
1,2016-03-17,-0.1992288312060661
1,2016-03-18,-0.20064711570386037
1,2016-03-19,-0.204713515177156
1,2016-03-20,-0.2110470532202422
1,2016-03-21,-0.2190138148919271
1,2016-03-22,-0.22782350639661617
1,2016-03-23,-0.23663603623392113
1,2016-03-24,-0.24467011977473466
1,2016-03-25,-0.25130549290567805
1,2016-03-26,-0.2561660277852795
1,2016-03-27,-0.2591667869220053
1,2016-03-28,-0.26050865047188043
1,2016-03-29,-0.2606132549575393
1,2016-03-30,-0.2600073017717244
1,2016-03-31,-0.2591836332329617
1,2016-04-01,-0.25847812084312294
1,2016-04-02,-0.2580004318254535
1,2016-04-03,-0.2576411663329658
1,2016-04-04,-0.2571526719585755
1,2016-04-05,-0.25627566935194585
1,2016-04-06,-0.2548679907316136
1,2016-04-07,-0.25299228998174894
1,2016-04-08,-0.25093528290938594
1,2016-04-09,-0.24915574309048896
1,2016-04-10,-0.24818179551288594
1,2016-04-11,-0.2484915850706061
1,2016-04-12,-0.2504115712246419
1,2016-04-13,-0.2540557939438611
1,2016-04-14,-0.2593133879515724
1,2016-04-15,-0.2658772914108099
1,2016-04-16,-0.27329942856555534
1,2016-04-17,-0.28105734976471797
1,2016-04-18,-0.2886215777119151
1,2016-04-19,-0.29551774855111057
1,2016-04-20,-0.30137966523948995
1,2016-04-21,-0.3059890197583897
1,2016-04-22,-0.30929527801945084
1,2016-04-23,-0.31140927189958045
1,2016-04-24,-0.3125684955268916
1,2016-04-25,-0.3130789993179463
1,2016-04-26,-0.31324763142718454
1,2016-04-27,-0.31332313344551005
1,2016-04-28,-0.3134628778842297
1,2016-04-29,-0.3137334714599453
1,2016-04-30,-0.31414101033755076
1,2016-05-01,-0.31467542356287753
1,2016-05-02,-0.31534892566112505
1,2016-05-03,-0.31621323196046874
1,2016-05-04,-0.3173506495596971
1,2016-05-05,-0.3188465481274266
1,2016-05-06,-0.32075872971934405
1,2016-05-07,-0.3230983308106033
1,2016-05-08,-0.3258290144411823
1,2016-05-09,-0.32888075480786527
1,2016-05-10,-0.3321670874253357
1,2016-05-11,-0.33559469026197664
1,2016-05-12,-0.33906125735206616
1,2016-05-13,-0.34244743686128076
1,2016-05-14,-0.3456155180985247
1,2016-05-15,-0.3484257834408848
1,2016-05-16,-0.3507729739156851
1,2016-05-17,-0.35263225482139404
1,2016-05-18,-0.3540935083965178
1,2016-05-19,-0.35536216656219755
1,2016-05-20,-0.3567144384314157
1,2016-05-21,-0.35841275843777676
1,2016-05-22,-0.36060593781794503
1,2016-05-23,-0.36324820383525647
1,2016-05-24,-0.36606902716420314
1,2016-05-25,-0.3686103964278712
1,2016-05-26,-0.37032624286489074
1,2016-05-27,-0.37071731876640684
1,2016-05-28,-0.3694624576944939
1,2016-05-29,-0.36650868800797
1,2016-05-30,-0.3620948049687485
1,2016-05-31,-0.3567043919192582
1,2016-06-01,-0.35096365895099996
1,2016-06-02,-0.3455140674360969
1,2016-06-03,-0.3408938600669706
1,2016-06-04,-0.33745766610683825
1,2016-06-05,-0.33535039522590393
1,2016-06-06,-0.3345361024825499
1,2016-06-07,-0.3348673886912179
1,2016-06-08,-0.33617012135861546
1,2016-06-09,-0.3383145343391233
1,2016-06-10,-0.341248271450484
1,2016-06-11,-0.344978989168136
1,2016-06-12,-0.3495110112167529
1,2016-06-13,-0.3547576952302104
1,2016-06-14,-0.36046320832474743
1,2016-06-15,-0.36616843911083696
1,2016-06-16,-0.37124524939856185
1,2016-06-17,-0.3750015242730786
1,2016-06-18,-0.3768351337841945
1,2016-06-19,-0.3763944093841673
1,2016-06-20,-0.3736954975490352
1,2016-06-21,-0.36915618059480065
1,2016-06-22,-0.36352937138925134
1,2016-06-23,-0.3577498319711492
1,2016-06-24,-0.35273420235997716
1,2016-06-25,-0.34918820510269305
1,2016-06-26,-0.34747041120226685
1,2016-06-27,-0.3475427594738242
1,2016-06-28,-0.3490095282938699
1,2016-06-29,-0.35122056331570406
1,2016-06-30,-0.3533989512916608
1,2016-07-01,-0.3547538162231465
1,2016-07-02,-0.35455161753037234
1,2016-07-03,-0.352140915900184
1,2016-07-04,-0.34694427912587683
1,2016-07-05,-0.3384422311175737
1,2016-07-06,-0.32617519537835965
1,2016-07-07,-0.30977776051926054
1,2016-07-08,-0.28904423481336844
1,2016-07-09,-0.2640092406354006
1,2016-07-10,-0.2350181785318405
1,2016-07-11,-0.20275976414547928
1,2016-07-12,-0.16824396462485786
1,2016-07-13,-0.13271829953723732
1,2016-07-14,-0.0975361094110329
1,2016-07-15,-0.06400172681046262
1,2016-07-16,-0.03322357440960085
1,2016-07-17,-0.006001488477911195
1,2016-07-18,0.017234243797052896
1,2016-07-19,0.03643121630803599
1,2016-07-20,0.05187902063129895
1,2016-07-21,0.06414525551652189
1,2016-07-22,0.07399680189035625
1,2016-07-23,0.08231555450078948
1,2016-07-24,0.09001370866477454
1,2016-07-25,0.09795321508883012
1,2016-07-26,0.1068770686709094
1,2016-07-27,0.11736115463472792
1,2016-07-28,0.12979189883840195
1,2016-07-29,0.14436784907495706
1,2016-07-30,0.16111340592021328
1,2016-07-31,0.17988719455217755
1,2016-08-01,0.20037056282465449
1,2016-08-02,0.22203549333674014
1,2016-08-03,0.24410700732003185
1,2016-08-04,0.26554977675608304
1,2016-08-05,0.285109990276707
1,2016-08-06,0.30143238825019203
1,2016-08-07,0.3132457328757167
1,2016-08-08,0.31958836613750913
1,2016-08-09,0.32002354997929366
1,2016-08-10,0.31478898245355097
1,2016-08-11,0.3048328238221919
1,2016-08-12,0.29171308103922194
1,2016-08-13,0.27736955326703305
1,2016-08-14,0.26380795755460523
1,2016-08-15,0.2527602645731519
1,2016-08-16,0.24539318616972286
1,2016-08-17,0.24212840515716144
1,2016-08-18,0.24261243521993664
1,2016-08-19,0.24584225253497313
1,2016-08-20,0.25041353518379184
1,2016-08-21,0.25483502186236284
1,2016-08-22,0.25783551878691535
1,2016-08-23,0.25859779463881594
1,2016-08-24,0.2568756406968646
1,2016-08-25,0.25297766949131734
1,2016-08-26,0.24763478747609058
1,2016-08-27,0.2417956044814208
1,2016-08-28,0.23640645900619933
1,2016-08-29,0.23222759921583874
1,2016-08-30,0.22972304271188093
1,2016-08-31,0.22903454955702113
1,2016-09-01,0.23002649910559217
1,2016-09-02,0.23236978157778282
1,2016-09-03,0.23562792024586196
1,2016-09-04,0.23931664416050744
1,2016-09-05,0.24292452896260594
1,2016-09-06,0.2459020473342313
1,2016-09-07,0.2476417793922719
1,2016-09-08,0.247476551961743
1,2016-09-09,0.24471726727792406
1,2016-09-10,0.2387394077510762
1,2016-09-11,0.2291070230244744
1,2016-09-12,0.21570621505889764
1,2016-09-13,0.1988501019430014
1,2016-09-14,0.17931821335197715
1,2016-09-15,0.15830485169225075
1,2016-09-16,0.1372730301045057
1,2016-09-17,0.11773591977719691
1,2016-09-18,0.10100863254112805
1,2016-09-19,0.08798416425179843
1,2016-09-20,0.0789827997529318
1,2016-09-21,0.07370868303258982
1,2016-09-22,0.07132256253934104
1,2016-09-23,0.0706119879419563
1,2016-09-24,0.07021970088756348
1,2016-09-25,0.06888147735397876
1,2016-09-26,0.06562100880585175
1,2016-09-27,0.059862368812812046
1,2016-09-28,0.051440429049736794
1,2016-09-29,0.040519302769066484
1,2016-09-30,0.027454039765335038
1,2016-10-01,0.0126476263221602
1,2016-10-02,-0.003546488551548825
1,2016-10-03,-0.020843760053848054
1,2016-10-04,-0.03897047991696731
1,2016-10-05,-0.057560776362449356
1,2016-10-06,-0.07606452656294739
1,2016-10-07,-0.09372467878007741
1,2016-10-08,-0.10965735471252286
1,2016-10-09,-0.12303083607331207
1,2016-10-10,-0.13329614855622632
1,2016-10-11,-0.14039307474084087
1,2016-10-12,-0.14485254260147978
1,2016-10-13,-0.14774047268633092
1,2016-10-14,-0.15043483286538187
1,2016-10-15,-0.15428179057392663
1,2016-10-16,-0.16022008752858036
1,2016-10-17,-0.1684817095405131
1,2016-10-18,-0.17846255690621096
1,2016-10-19,-0.18881393426334878
1,2016-10-20,-0.1977449634950151
1,2016-10-21,-0.20346521528677677
1,2016-10-22,-0.20465504440492552
1,2016-10-23,-0.20083903724493818
1,2016-10-24,-0.19256222810822698
1,2016-10-25,-0.18131976214500684
1,2016-10-26,-0.16925629022063096
1,2016-10-27,-0.15871150063050088
1,2016-10-28,-0.15172792824208928
1,2016-10-29,-0.14964429663911877
1,2016-10-30,-0.15287089515463623
1,2016-10-31,-0.16089119870013263
1,2016-11-01,-0.1724713086513028
1,2016-11-02,-0.18600499100854043
1,2016-11-03,-0.1998915028355631
1,2016-11-04,-0.21284608170230734
1,2016-11-05,-0.22407400323767687
1,2016-11-06,-0.2332880221549908
1,2016-11-07,-0.2405980116919465
1,2016-11-08,-0.24633461098652626
1,2016-11-09,-0.2508763585080726
1,2016-11-10,-0.2545331697411112
1,2016-11-11,-0.2575067299542618
1,2016-11-12,-0.2599162365752734
1,2016-11-13,-0.2618557472362912
1,2016-11-14,-0.26344586798369996
1,2016-11-15,-0.26485450779898084
1,2016-11-16,-0.26628054741375023
1,2016-11-17,-0.2679126728444353
1,2016-11-18,-0.2698846708072354
1,2016-11-19,-0.27224675534482695
1,2016-11-20,-0.2749629593809858
1,2016-11-21,-0.27793222688793207
1,2016-11-22,-0.28102120887563675
1,2016-11-23,-0.2840937902642488
1,2016-11-24,-0.28702485216796003
1,2016-11-25,-0.28969379259039846
1,2016-11-26,-0.2919629570678571
1,2016-11-27,-0.29365416586837034
1,2016-11-28,-0.2945398825635761
1,2016-11-29,-0.2943630062485879
1,2016-11-30,-0.2928902583181653
1,2016-12-01,-0.2899909044676975
1,2016-12-02,-0.2857193861578919
1,2016-12-03,-0.280372370082329
1,2016-12-04,-0.2744927061239936
1,2016-12-05,-0.2688055241973579
1,2016-12-06,-0.2640919209189742
1,2016-12-07,-0.26102791209896775
1,2016-12-08,-0.26003110335443647
1,2016-12-09,-0.2611599188535949
1,2016-12-10,-0.2640974494893414
1,2016-12-11,-0.26822759346787745
1,2016-12-12,-0.2727830839379449
1,2016-12-13,-0.27702268847695477
1,2016-12-14,-0.2803866811254516
1,2016-12-15,-0.28258802775633907
1,2016-12-16,-0.2836188716183908
1,2016-12-17,-0.28368007641841514
1,2016-12-18,-0.28306530649476325
1,2016-12-19,-0.282042777424679
1,2016-12-20,-0.28077353219110907
1,2016-12-21,-0.27928777954725964
1,2016-12-22,-0.277517731851262
1,2016-12-23,-0.275365325396496
1,2016-12-24,-0.27277389171079086
1,2016-12-25,-0.269775747418006
1,2016-12-26,-0.2665008521314601
1,2016-12-27,-0.26314882990711613
1,2016-12-28,-0.25994029993642837
1,2016-12-29,-0.25706920367810415
1,2016-12-30,-0.25467430670797525
1,2016-12-31,-0.2546742249578958
1,2017-01-01,-0.2528373053777925
1,2017-01-02,-0.25160379315784553
1,2017-01-03,-0.25101118418473256
1,2017-01-04,-0.25110907966740514
1,2017-01-05,-0.25195782378529835
1,2017-01-06,-0.2536022070092266
1,2017-01-07,-0.25602746024842754
1,2017-01-08,-0.259113159883676
1,2017-01-09,-0.26260397751058223
1,2017-01-10,-0.26611290863274806
1,2017-01-11,-0.26916430111112916
1,2017-01-12,-0.2712716088156216
1,2017-01-13,-0.27203322860920093
1,2017-01-14,-0.27122183280830237
1,2017-01-15,-0.2688420231617431
1,2017-01-16,-0.26513826562093595
1,2017-01-17,-0.260548608811183
1,2017-01-18,-0.2556170091318638
1,2017-01-19,-0.25088905028695774
1,2017-01-20,-0.2468210040164492
1,2017-01-21,-0.2437266555278647
1,2017-01-22,-0.24177113350505905
1,2017-01-23,-0.24100297104804672
1,2017-01-24,-0.24140086520527526
1,2017-01-25,-0.24290734130573322
1,2017-01-26,-0.24543005732513845
1,2017-01-27,-0.24880884409466514
1,2017-01-28,-0.25276673365435026
1,2017-01-29,-0.25687617303125665
1,2017-01-30,-0.26057110169453324
1,2017-01-31,-0.26322022723993227
1,2017-02-01,-0.26425277096148775
1,2017-02-02,-0.2633031077277638
1,2017-02-03,-0.2603277921569733
1,2017-02-04,-0.25565195093050735
1,2017-02-05,-0.24992276712697342
1,2017-02-06,-0.2439772086014878
1,2017-02-07,-0.23865974016064562
1,2017-02-08,-0.23464165796470757
1,2017-02-09,-0.23229220656165359
1,2017-02-10,-0.23163370527484364
1,2017-02-11,-0.2323854048818451
1,2017-02-12,-0.23407512522749802
1,2017-02-13,-0.2361803910074091
1,2017-02-14,-0.23825809500040085
1,2017-02-15,-0.24003104386775342
1,2017-02-16,-0.24141655718968486
1,2017-02-17,-0.2424993362789878
1,2017-02-18,-0.2434640823942123
1,2017-02-19,-0.24450902381864315
1,2017-02-20,-0.2457625051655456
1,2017-02-21,-0.24722098378264176
1,2017-02-22,-0.24872181735203966
1,2017-02-23,-0.24995823637904935
1,2017-02-24,-0.2505368502350253
1,2017-02-25,-0.25006935958501797
1,2017-02-26,-0.24828090135515826
1,2017-02-27,-0.24510947980478062
1,2017-02-28,-0.2407677459425943
1,2017-03-01,-0.23574305726098127
1,2017-03-02,-0.23072474098872814
1,2017-03-03,-0.22646659537070707
1,2017-03-04,-0.22361307355763416
1,2017-03-05,-0.22253233574691691
1,2017-03-06,-0.22320290772862036
1,2017-03-07,-0.22519020882602733
1,2017-03-08,-0.22772666993406546
1,2017-03-09,-0.22988056571793122
1,2017-03-10,-0.2307731944633808
1,2017-03-11,-0.22978909053212337
1,2017-03-12,-0.22672546508670485
1,2017-03-13,-0.22184442284910771
1,2017-03-14,-0.21581882888212903
1,2017-03-15,-0.20959088788223376
1,2017-03-16,-0.20418335261988166
1,2017-03-17,-0.20051024362776532
1,2017-03-18,-0.1992273562026223
1,2017-03-19,-0.20064576500009274
1,2017-03-20,-0.2047122872766234
1,2017-03-21,-0.21104595962488107
1,2017-03-22,-0.21901288675328753
1,2017-03-23,-0.22782282605165274
1,2017-03-24,-0.23663563375038943
1,2017-03-25,-0.24466991068638483
1,2017-03-26,-0.2513053431843539
1,2017-03-27,-0.2561658288187874
1,2017-03-28,-0.25916647650928704
1,2017-03-29,-0.26050820582509726
1,2017-03-30,-0.2606126780855251
1,2017-03-31,-0.2600065968899384
1,2017-04-01,-0.2591828109063243
1,2017-04-02,-0.2584772098187925
1,2017-04-03,-0.2579994264081551
1,2017-04-04,-0.25764002368391037
1,2017-04-05,-0.2571513987821959
1,2017-04-06,-0.2562742702756515
1,2017-04-07,-0.2548664690671541
1,2017-04-08,-0.252990621615421
1,2017-04-09,-0.25093343753657993
1,2017-04-10,-0.24915375330505424
1,2017-04-11,-0.24817979344298935
1,2017-04-12,-0.24848971746348814
1,2017-04-13,-0.25040994313529535
1,2017-04-14,-0.2540544520210674
1,2017-04-15,-0.25931236234003535
1,2017-04-16,-0.26587651215565034
1,2017-04-17,-0.27329879009927505
1,2017-04-18,-0.28105672366324397
1,2017-04-19,-0.2886208274797643
1,2017-04-20,-0.2955167030492395
1,2017-04-21,-0.30137824091489224
1,2017-04-22,-0.30598717585340063
1,2017-04-23,-0.30929291928422137
1,2017-04-24,-0.311406326168293
1,2017-04-25,-0.31256488815503003
1,2017-04-26,-0.313074693938875
1,2017-04-27,-0.313242627736923
1,2017-04-28,-0.3133173864328783
1,2017-04-29,-0.31345629465245545
1,2017-04-30,-0.31372608639472904
1,2017-05-01,-0.31413294981468676
1,2017-05-02,-0.31466683428453196
1,2017-05-03,-0.3153400623569643
1,2017-05-04,-0.31620441120288584
1,2017-05-05,-0.3173421401976149
1,2017-05-06,-0.31883853080038704
1,2017-05-07,-0.3207513909069105
1,2017-05-08,-0.3230918375040017
1,2017-05-09,-0.32582346327097333
1,2017-05-10,-0.32887620201480183
1,2017-05-11,-0.33216359185801025
1,2017-05-12,-0.3355923356253782
1,2017-05-13,-0.33906008950418487
1,2017-05-14,-0.34244743178366965
1,2017-05-15,-0.34561649325059235
1,2017-05-16,-0.3484274434913289
1,2017-05-17,-0.35077510737555523
1,2017-05-18,-0.3526347878557769
1,2017-05-19,-0.3540964795281509
1,2017-05-20,-0.35536554862646597
1,2017-05-21,-0.35671802982265993
1,2017-05-22,-0.3584163334957851
1,2017-05-23,-0.36060935275971384
1,2017-05-24,-0.3632513949693595
1,2017-05-25,-0.36607194783291563
1,2017-05-26,-0.36861297594231135
1,2017-05-27,-0.3703284140491328
1,2017-05-28,-0.37071897246066093
1,2017-05-29,-0.36946358599321216
1,2017-05-30,-0.36650928681437084
1,2017-05-31,-0.36209488407225643
1,2017-06-01,-0.3567038784524953
1,2017-06-02,-0.35096249028857585
1,2017-06-03,-0.34551220299860774
1,2017-06-04,-0.3408913334649183
1,2017-06-05,-0.3374545613966019
1,2017-06-06,-0.33534680865644517
1,2017-06-07,-0.3345321848804478
1,2017-06-08,-0.33486331094286953
1,2017-06-09,-0.3361659985548682
1,2017-06-10,-0.3383104262994993
1,2017-06-11,-0.34124427818496234
1,2017-06-12,-0.344975197817983
1,2017-06-13,-0.34950740639312616
1,2017-06-14,-0.35475416860785103
1,2017-06-15,-0.3604595253329169
1,2017-06-16,-0.36616434171731765
1,2017-06-17,-0.37124045875609346
1,2017-06-18,-0.3749959505158237
1,2017-06-19,-0.37682907376701824
1,2017-06-20,-0.3763881983026329
1,2017-06-21,-0.37368931688627977
1,2017-06-22,-0.3691501415324572
1,2017-06-23,-0.3635235586873505
1,2017-06-24,-0.3577443157574056
1,2017-06-25,-0.3527291111913363
1,2017-06-26,-0.349183624952266
1,2017-06-27,-0.3474663857749832
1,2017-06-28,-0.34753919084017576
1,2017-06-29,-0.3490062662134365
1,2017-06-30,-0.3512175102764856
1,2017-07-01,-0.3533961047326275
1,2017-07-02,-0.3547510648783813
1,2017-07-03,-0.35454866442464944
1,2017-07-04,-0.35213751103956786
1,2017-07-05,-0.3469402187620893
1,2017-07-06,-0.33843719631994945
1,2017-07-07,-0.32616876503614084
1,2017-07-08,-0.30976926012949946
1,2017-07-09,-0.289032681538498
1,2017-07-10,-0.26399371472141453
1,2017-07-11,-0.23499764963565312
1,2017-07-12,-0.20273425258418487
1,2017-07-13,-0.1682143090943611
1,2017-07-14,-0.13268578418714247
1,2017-07-15,-0.09750203303157108
1,2017-07-16,-0.06396725224150296
1,2017-07-17,-0.033189653077027835
1,2017-07-18,-0.005969322344455417
1,2017-07-19,0.017263693709325807
1,2017-07-20,0.036456846074163295
1,2017-07-21,0.05190019044899051
1,2017-07-22,0.06416182885835747
1,2017-07-23,0.07400914334616084
1,2017-07-24,0.08232419844874382
1,2017-07-25,0.09001930517546784
1,2017-07-26,0.09795663905044048
1,2017-07-27,0.10687924563538903
1,2017-07-28,0.11736294484204848
1,2017-07-29,0.12979398694620073
1,2017-07-30,0.14437084043908147
1,2017-07-31,0.16111766457927446
1,2017-08-01,0.1798926545730265
1,2017-08-02,0.20037676356385983
1,2017-08-03,0.22204140226190192
1,2017-08-04,0.24411131849242124
1,2017-08-05,0.2655515149445529
1,2017-08-06,0.2851094688221222
1,2017-08-07,0.30143054544486725
1,2017-08-08,0.3132438017482309
1,2017-08-09,0.3195873706763426
1,2017-08-10,0.3200240764765223
1,2017-08-11,0.31479129711424997
1,2017-08-12,0.30483702137513013
1,2017-08-13,0.2917193833293381
1,2017-08-14,0.27737844249993665
1,2017-08-15,0.2638197792315565
1,2017-08-16,0.2527750675074571
1,2017-08-17,0.24541069616088698
1,2017-08-18,0.24214811664853816
1,2017-08-19,0.24263405304572022
1,2017-08-20,0.24586538489875653
1,2017-08-21,0.2504377395747048
1,2017-08-22,0.25485943898190233
1,2017-08-23,0.25785851042234015
1,2017-08-24,0.2586176723631365
1,2017-08-25,0.25689107017001356
1,2017-08-26,0.25298751930211655
1,2017-08-27,0.24763844300609814
1,2017-08-28,0.24179347869562096
1,2017-08-29,0.23639976657956333
1,2017-08-30,0.2322177254030194
1,2017-08-31,0.22971126839375536
1,2017-09-01,0.22902207892792686
1,2017-09-02,0.23001453149746912
1,2017-09-03,0.23235929718474246
1,2017-09-04,0.23561962174038822
1,2017-09-05,0.23931061388114108
1,2017-09-06,0.24292007604878266
1,2017-09-07,0.24589846785996172
1,2017-09-08,0.2476386007349311
1,2017-09-09,0.24747341438564596
1,2017-09-10,0.24471375998725065
1,2017-09-11,0.23873529536777552
1,2017-09-12,0.2291022325648636
1,2017-09-13,0.21570044713135844
1,2017-09-14,0.19884296512539887
1,2017-09-15,0.17930937523128607
1,2017-09-16,0.1582942288064518
1,2017-09-17,0.13726058665028085
1,2017-09-18,0.11772156602019071
1,2017-09-19,0.10099232025273455
1,2017-09-20,0.08796587305150258
1,2017-09-21,0.07896319379253414
1,2017-09-22,0.07368951224774449
1,2017-09-23,0.07130571601754522
1,2017-09-24,0.07059812457327543
1,2017-09-25,0.07020871678550518
1,2017-09-26,0.06887320538839709
1,2017-09-27,0.06561550455274116
1,2017-09-28,0.05985954604282602
1,2017-09-29,0.051439506736593824
1,2017-09-30,0.040519130359802265
1,2017-10-01,0.027453668149283555
1,2017-10-02,0.012646270866428826
1,2017-10-03,-0.003549485121993481
1,2017-10-04,-0.02084885114592395
1,2017-10-05,-0.03897786753699013
1,2017-10-06,-0.05757039647399141
1,2017-10-07,-0.07607638956730611
1,2017-10-08,-0.09373857847368931
1,2017-10-09,-0.109672842074624
1,2017-10-10,-0.12304736944172709
1,2017-10-11,-0.133313162546522
1,2017-10-12,-0.14041016896019978
1,2017-10-13,-0.14486932713752917
1,2017-10-14,-0.14775656195787415
1,2017-10-15,-0.1504500116551272
1,2017-10-16,-0.15429597315651536
1,2017-10-17,-0.16023336487596535
1,2017-10-18,-0.16849420057138648
1,2017-10-19,-0.17847409315728932
1,2017-10-20,-0.188824108305879
1,2017-10-21,-0.19775340479284775
1,2017-10-22,-0.20347176312842313
1,2017-10-23,-0.2046597016635752
1,2017-10-24,-0.20084195286512635
1,2017-10-25,-0.19256372435154068
1,2017-10-26,-0.1813203282609773
1,2017-10-27,-0.16925644046345817
1,2017-10-28,-0.1587116913644768
1,2017-10-29,-0.1517285160361003
1,2017-10-30,-0.14964549716664396
1,2017-10-31,-0.15287275343724083
1,2017-11-01,-0.16089359175062667
1,2017-11-02,-0.1724740562719202
1,2017-11-03,-0.18600789301285284
1,2017-11-04,-0.19989443928138817
1,2017-11-05,-0.2128489965101825
1,2017-11-06,-0.22407692197355825
1,2017-11-07,-0.23329105557348306
1,2017-11-08,-0.2406012642327076
1,2017-11-09,-0.24633807699406746
1,2017-11-10,-0.2508799425241026
1,2017-11-11,-0.2545367456048411
1,2017-11-12,-0.2575102759699749
1,2017-11-13,-0.2599197622707922
1,2017-11-14,-0.26185920721745815
1,2017-11-15,-0.26344919872480327
1,2017-11-16,-0.2648576142369039
1,2017-11-17,-0.2662833514254827
1,2017-11-18,-0.2679151815979779
1,2017-11-19,-0.2698868691928955
1,2017-11-20,-0.27224871750300955
1,2017-11-21,-0.2749648894740052
1,2017-11-22,-0.27793429681541687
1,2017-11-23,-0.2810235343910474
1,2017-11-24,-0.2840962834514842
1,2017-11-25,-0.287027298269423
1,2017-11-26,-0.2896959965570609
1,2017-11-27,-0.2919648358694374
1,2017-11-28,-0.2936557280449672
1,2017-11-29,-0.29454114289267674
1,2017-11-30,-0.29436391567038855
1,2017-12-01,-0.29289075110734525
1,2017-12-02,-0.28999100063668876
1,2017-12-03,-0.2857190874145099
1,2017-12-04,-0.2803716664994366
1,2017-12-05,-0.2744916363563885
1,2017-12-06,-0.26880421022782675
1,2017-12-07,-0.26409057431067023
1,2017-12-08,-0.2610267057363762
1,2017-12-09,-0.2600301207259615
1,2017-12-10,-0.261159192847324
1,2017-12-11,-0.264096984459236
1,2017-12-12,-0.2682273452172863
1,2017-12-13,-0.27278296230417914
1,2017-12-14,-0.2770225949834759
1,2017-12-15,-0.2803865543376518
1,2017-12-16,-0.28258786439641426
1,2017-12-17,-0.2836186946174854
1,2017-12-18,-0.28367995014595204
1,2017-12-19,-0.2830653322405703
1,2017-12-20,-0.2820430153619611
1,2017-12-21,-0.28077396447850733
1,2017-12-22,-0.2792882933601822
1,2017-12-23,-0.2775181627687976
1,2017-12-24,-0.2753655447181121
1,2017-12-25,-0.272773837596685
1,2017-12-26,-0.269775402517383
1,2017-12-27,-0.2665002466119215
1,2017-12-28,-0.2631479932431745
1,2017-12-29,-0.25993927557005947
1,2017-12-30,-0.25706805884773787
1,2017-12-31,-0.25467309175478536
1,2018-01-01,-0.25283625944255494
1,2018-01-02,-0.25160296402807686
1,2018-01-03,-0.25101066678567746
1,2018-01-04,-0.25110886699769314
1,2018-01-05,-0.25195777181202617
1,2018-01-06,-0.25360213349252075
1,2018-01-07,-0.2560272706022662
1,2018-01-08,-0.2591128632891815
1,2018-01-09,-0.26260360669129684
1,2018-01-10,-0.2661125193098549
1,2018-01-11,-0.2691639487953271
1,2018-01-12,-0.2712713288585193
1,2018-01-13,-0.2720330443892128
1,2018-01-14,-0.27122175736612897
1,2018-01-15,-0.2688421065650749
1,2018-01-16,-0.2651384457971983
1,2018-01-17,-0.2605488226913439
1,2018-01-18,-0.25561725233977134
1,2018-01-19,-0.2508893022568003
1,2018-01-20,-0.24682126098415993
1,2018-01-21,-0.24372693184643093
1,2018-01-22,-0.24177149022050518
1,2018-01-23,-0.24100342829552582
1,2018-01-24,-0.24140137978000278
1,2018-01-25,-0.2429079025133731
1,2018-01-26,-0.24543065861434687
1,2018-01-27,-0.2488094528381571
1,2018-01-28,-0.2527672782803844
1,2018-01-29,-0.2568766240085274
1,2018-01-30,-0.2605714672490833
1,2018-01-31,-0.26322055163281394
1,2018-02-01,-0.2642530743664992
1,2018-02-02,-0.2633033654305567
1,2018-02-03,-0.2603279814687129
1,2018-02-04,-0.2556520598288171
1,2018-02-05,-0.2499228259224335
1,2018-02-06,-0.2439772474045652
1,2018-02-07,-0.2386597325770221
1,2018-02-08,-0.23464158321613254
1,2018-02-09,-0.23229207068545754
1,2018-02-10,-0.2316334878719782
1,2018-02-11,-0.23238510448637528
1,2018-02-12,-0.23407472979652566
1,2018-02-13,-0.2361799858956579
1,2018-02-14,-0.23825771295319031
1,2018-02-15,-0.2400307162495084
1,2018-02-16,-0.24141624862642194
1,2018-02-17,-0.2424989968068318
1,2018-02-18,-0.24346365950595736
1,2018-02-19,-0.24450851301540807
1,2018-02-20,-0.2457619047848389
1,2018-02-21,-0.24722032011042994
1,2018-02-22,-0.2487211269747818
1,2018-02-23,-0.24995754545452464
1,2018-02-24,-0.2505362165981105
1,2018-02-25,-0.25006885577217797
1,2018-02-26,-0.24828061159617348
1,2018-02-27,-0.24510940902307274
1,2018-02-28,-0.24076788122755904
1,2018-03-01,-0.23574339023851323
1,2018-03-02,-0.23072529062746805
1,2018-03-03,-0.22646735183445169
1,2018-03-04,-0.22361400292537265
1,2018-03-05,-0.2225333924076374
1,2018-03-06,-0.22320405239958802
1,2018-03-07,-0.22519140270670224
1,2018-03-08,-0.22772788069672256
1,2018-03-09,-0.22988180736901812
1,2018-03-10,-0.23077450982946654
1,2018-03-11,-0.22979047282962614
1,2018-03-12,-0.22672685419917923
1,2018-03-13,-0.22184578209048875
1,2018-03-14,-0.2158201490705409
1,2018-03-15,-0.20959216438320952
1,2018-03-16,-0.20418454984552895
1,2018-03-17,-0.20051133886526054
1,2018-03-18,-0.19922836397012345
1,2018-03-19,-0.2006467082921842
1,2018-03-20,-0.20471316496375136
1,2018-03-21,-0.21104672955970816
1,2018-03-22,-0.21901347371888027
1,2018-03-23,-0.2278231435746166
1,2018-03-24,-0.2366356816749022
1,2018-03-25,-0.24466981568384588
1,2018-03-26,-0.2513052630593791
1,2018-03-27,-0.25616588270837876
1,2018-03-28,-0.2591667078445541
1,2018-03-29,-0.2605086024150165
1,2018-03-30,-0.26061319052693865
1,2018-03-31,-0.2600071914737318
1,2018-04-01,-0.2591834728755551
1,2018-04-02,-0.25847791138286774
1,2018-04-03,-0.2580001622509743
1,2018-04-04,-0.25764080215210305
1,2018-04-05,-0.25715217226323384
1,2018-04-06,-0.25627495945475764
1,2018-04-07,-0.2548670045593713
1,2018-04-08,-0.25299099824166404
1,2018-04-09,-0.2509336632040988
1,2018-04-10,-0.24915380512403326
1,2018-04-11,-0.24817960261238742
1,2018-04-12,-0.24848923806230805
1,2018-04-13,-0.25040911820666234
1,2018-04-14,-0.25405325581287036
1,2018-04-15,-0.25931079606278934
1,2018-04-16,-0.26587464232306846
1,2018-04-17,-0.27329668059585616
1,2018-04-18,-0.2810544653772685
1,2018-04-19,-0.28861851537233485
1,2018-04-20,-0.2955145255115671
1,2018-04-21,-0.3013764058913475
1,2018-04-22,-0.3059857661829742
1,2018-04-23,-0.30929194793595755
1,2018-04-24,-0.3114057126865639
1,2018-04-25,-0.31256451222593457
1,2018-04-26,-0.31307452480852005
1,2018-04-27,-0.31324276820363484
1,2018-04-28,-0.3133180391515034
1,2018-04-29,-0.31345767766281535
1,2018-04-30,-0.31372825862995163
1,2018-05-01,-0.31413582169821774
1,2018-05-02,-0.31467033140289213
1,2018-05-03,-0.3153440897370247
1,2018-05-04,-0.3162087554141445
1,2018-05-05,-0.3173465077798442
1,2018-05-06,-0.3188426905214146
1,2018-05-07,-0.3207551127608118
1,2018-05-08,-0.3230949506125682
1,2018-05-09,-0.3258258885510843
1,2018-05-10,-0.32887785430819727
1,2018-05-11,-0.3321643978420525
1,2018-05-12,-0.33559215810480875
1,2018-05-13,-0.3390588295074232
1,2018-05-14,-0.3424451188468555
1,2018-05-15,-0.34561325565548373
1,2018-05-16,-0.3484233979756462
1,2018-05-17,-0.3507703251346458
1,2018-05-18,-0.352629382658086
1,2018-05-19,-0.35409051461638136
1,2018-05-20,-0.35535908650289627
1,2018-05-21,-0.3567111548379905
1,2018-05-22,-0.35840909829437084
1,2018-05-23,-0.36060173532250234
1,2018-05-24,-0.36324337556084774
1,2018-05-25,-0.3660634638329395
1,2018-05-26,-0.36860404648837347
1,2018-05-27,-0.3703191102576209
1,2018-05-28,-0.3707094135894102
1,2018-05-29,-0.36945387482000075
1,2018-05-30,-0.36649957581100157
1,2018-05-31,-0.36208532767881985
1,2018-06-01,-0.3566946152082414
1,2018-06-02,-0.3509535940090107
1,2018-06-03,-0.3455035498038075
1,2018-06-04,-0.34088271691801914
1,2018-06-05,-0.3374458442114543
1,2018-06-06,-0.3353380090442247
1,2018-06-07,-0.33452355340294915
1,2018-06-08,-0.33485524956388946
1,2018-06-09,-0.3361590073335692
1,2018-06-10,-0.3383047753185017
1,2018-06-11,-0.3412398833965297
1,2018-06-12,-0.3449718343600336
1,2018-06-13,-0.3495049141485883
1,2018-06-14,-0.3547524840963733
1,2018-06-15,-0.3604587176145535
1,2018-06-16,-0.36616452162944735
1,2018-06-17,-0.3712417165275469
1,2018-06-18,-0.3749981733694464
1,2018-06-19,-0.376831847371992
1,2018-06-20,-0.37639111578146495
1,2018-06-21,-0.37369217156682855
1,2018-06-22,-0.369152837415296
1,2018-06-23,-0.3635260136985546
1,2018-06-24,-0.3577464640312904
1,2018-06-25,-0.35273082689057245
1,2018-06-26,-0.34918474204690375
1,2018-06-27,-0.3474667664547267
1,2018-06-28,-0.3475388483690749
1,2018-06-29,-0.34900534936922795
1,2018-06-30,-0.35121605720706595
1,2018-07-01,-0.3533939072889989
1,2018-07-02,-0.35474788023135445
1,2018-07-03,-0.35454436946412826
1,2018-07-04,-0.3521318827180795
1,2018-07-05,-0.3469329290108713
1,2018-07-06,-0.33842811705763554
1,2018-07-07,-0.32615772883839644
1,2018-07-08,-0.30975615051456284
1,2018-07-09,-0.2890181079567768
1,2018-07-10,-0.26397882446295645
1,2018-07-11,-0.23498412309277217
1,2018-07-12,-0.2027235585014987
1,2018-07-13,-0.1682075630161313
1,2018-07-14,-0.13268334316957928
1,2018-07-15,-0.09750371014442945
1,2018-07-16,-0.06397270768943032
1,2018-07-17,-0.033198373970398556
1,2018-07-18,-0.005980287122115224
1,2018-07-19,0.01725138008420619
1,2018-07-20,0.036444318458426446
1,2018-07-21,0.05188828565484162
1,2018-07-22,0.0641508194337271
1,2018-07-23,0.07399873242177604
1,2018-07-24,0.08231397650441173
1,2018-07-25,0.09000891482771357
1,2018-07-26,0.09794549360928333
1,2018-07-27,0.10686675651613865
1,2018-07-28,0.11734831546441853
1,2018-07-29,0.12977652921729066
1,2018-07-30,0.14435004002660817
1,2018-07-31,0.16109357548629785
1,2018-08-01,0.17986574943678074
1,2018-08-02,0.20034772326849343
1,2018-08-03,0.2220111647241416
1,2018-08-04,0.2440810825085127
1,2018-08-05,0.2655223241825497
1,2018-08-06,0.2850818039830328
1,2018-08-07,0.3014043692055094
1,2018-08-08,0.31321896273190936
1,2018-08-09,0.3195637369594756
1,2018-08-10,0.3200017723577613
1,2018-08-11,0.31477023670507637
1,2018-08-12,0.3048170015038254
1,2018-08-13,0.29170001931235223
1,2018-08-14,0.27735930065127506
1,2018-08-15,0.2638007619096315
1,2018-08-16,0.2527565314701482
1,2018-08-17,0.2453932909320776
1,2018-08-18,0.24213277863884003
1,2018-08-19,0.24262149938625213
1,2018-08-20,0.24585569698385543
1,2018-08-21,0.2504304453730154
1,2018-08-22,0.25485367664879843
1,2018-08-23,0.25785337237995837
1,2018-08-24,0.25861257965685774
1,2018-08-25,0.25688578354228225
1,2018-08-26,0.2529818689463951
1,2018-08-27,0.24763224554782326
1,2018-08-28,0.24178643590377782
1,2018-08-29,0.23639138567224546
1,2018-08-30,0.23220770987573874
1,2018-08-31,0.22969964712097657
1,2018-09-01,0.22900952799858548
1,2018-09-02,0.230001892273258
1,2018-09-03,0.2323471661051336
1,2018-09-04,0.2356083967148636
1,2018-09-05,0.2393010166699508
1,2018-09-06,0.24291340824354654
1,2018-09-07,0.2458958130177254
1,2018-09-08,0.24764050540850643
1,2018-09-09,0.24747982756741177
1,2018-09-10,0.24472450637282836
1,2018-09-11,0.23875000765321291
1,2018-09-12,0.22912043852221897
1,2018-09-13,0.21572194791401508
1,2018-09-14,0.19886771835047823
1,2018-09-15,0.17933770491120146
1,2018-09-16,0.15832657784353865
1,2018-09-17,0.1372971332671369
1,2018-09-18,0.11776217122677772
1,2018-09-19,0.10103632981703768
1,2018-09-20,0.08801232379589966
1,2018-09-21,0.07901066335309843
1,2018-09-22,0.07373599952120238
1,2018-09-23,0.07134942922783166
1,2018-09-24,0.0706381164330296
1,2018-09-25,0.07024475945941665
1,2018-09-26,0.06890533733512079
1,2018-09-27,0.06564383528118449
1,2018-09-28,0.05988373891961243
1,2018-09-29,0.05145940445107893
1,2018-09-30,0.040534832702877964
1,2018-10-01,0.027465278648256063
1,2018-10-02,0.012654026538719318
1,2018-10-03,-0.003544916943558088
1,2018-10-04,-0.02084679058645781
1,2018-10-05,-0.03897758057166601
1,2018-10-06,-0.05757118105233645
1,2018-10-07,-0.07607765941034504
1,2018-10-08,-0.09374004981670037
1,2018-10-09,-0.10967448494407141
1,2018-10-10,-0.12304929883678249
1,2018-10-11,-0.1333154995100931
1,2018-10-12,-0.14041282907845243
1,2018-10-13,-0.1448720126379076
1,2018-10-14,-0.1477590659508811
1,2018-10-15,-0.15045230869266366
1,2018-10-16,-0.15429812477603205
1,2018-10-17,-0.1602352888411971
1,2018-10-18,-0.16849568874211165
1,2018-10-19,-0.1784751347940811
1,2018-10-20,-0.18882493465718328
1,2018-10-21,-0.19775434853694163
1,2018-10-22,-0.20347305486183967
1,2018-10-23,-0.20466136500196783
1,2018-10-24,-0.2008439456338817
1,2018-10-25,-0.19256582714208767
1,2018-10-26,-0.18132239160580968
1,2018-10-27,-0.16925834939819656
1,2018-10-28,-0.15871328273623223
1,2018-10-29,-0.15172967013784147
1,2018-10-30,-0.14964616915697376
1,2018-10-31,-0.15287300912414725
1,2018-11-01,-0.16089357762625506
1,2018-11-02,-0.1724739246568792
1,2018-11-03,-0.18600774357886357
1,2018-11-04,-0.1998942878865954
1,2018-11-05,-0.2128488720228704
1,2018-11-06,-0.22407686601034174
1,2018-11-07,-0.23329100551083876
1,2018-11-08,-0.24060112876396442
1,2018-11-09,-0.24633781091083515
1,2018-11-10,-0.2508796088677811
1,2018-11-11,-0.25453643661418934
1,2018-11-12,-0.2575100401038017
1,2018-11-13,-0.2599196182007214
1,2018-11-14,-0.26185918298241845
1,2018-11-15,-0.26344932411571464
1,2018-11-16,-0.2648578562867835
1,2018-11-17,-0.26628365995866515
1,2018-11-18,-0.26791552789720113
1,2018-11-19,-0.26988727749169766
1,2018-11-20,-0.2722491336373308
1,2018-11-21,-0.2749650912441883
1,2018-11-22,-0.2779340001970626
1,2018-11-23,-0.28102257185829915
1,2018-11-24,-0.284094770297668
1,2018-11-25,-0.28702555243736927
1,2018-11-26,-0.28969429601305985
1,2018-11-27,-0.29196337700247055
1,2018-11-28,-0.29365465191007173
1,2018-11-29,-0.2945405578083374
1,2018-11-30,-0.29436389367910215
1,2018-12-01,-0.2928912651969532
1,2018-12-02,-0.2899919211175777
1,2018-12-03,-0.28572026391273053
1,2018-12-04,-0.2803729521102348
1,2018-12-05,-0.2744929031839534
1,2018-12-06,-0.2688052985069511
1,2018-12-07,-0.26409132628106347
1,2018-12-08,-0.26102705020077327
1,2018-12-09,-0.26003002243309625
1,2018-12-10,-0.2611586723419943
1,2018-12-11,-0.264096110597133
1,2018-12-12,-0.2682262632940544
1,2018-12-13,-0.27278184177956977
1,2018-12-14,-0.2770215510810771
1,2018-12-15,-0.28038561680506424
1,2018-12-16,-0.2825869228608865
1,2018-12-17,-0.2836176346356211
1,2018-12-18,-0.2836786572864642
1,2018-12-19,-0.2830636919402158
1,2018-12-20,-0.2820409703667313
1,2018-12-21,-0.28077157833694133
1,2018-12-22,-0.2792857573219455
1,2018-12-23,-0.2775156879659272
1,2018-12-24,-0.2753632674226327
1,2018-12-25,-0.27277182631931624
1,2018-12-26,-0.2697736775262755
1,2018-12-27,-0.2664987933603273
1,2018-12-28,-0.26314678912069517
1,2018-12-29,-0.25993830297666554
1,2018-12-30,-0.257067361466437
1,2018-12-31,-0.2546727083085386
1,2019-01-01,-0.2528361316944958
1,2019-01-02,-0.251602922149186
1,2019-01-03,-0.2510105112531028
1,2019-01-04,-0.2511084750473173
1,2019-01-05,-0.2519571424578648
1,2019-01-06,-0.25360131804463076
1,2019-01-07,-0.2560262886483518
1,2019-01-08,-0.25911175484288806
1,2019-01-09,-0.26260243533903976
1,2019-01-10,-0.2661113278803518
1,2019-01-11,-0.26916274725507805
1,2019-01-12,-0.2712701378529235
1,2019-01-13,-0.2720318937680673
1,2019-01-14,-0.27122072911833633
1,2019-01-15,-0.2688412074498094
1,2019-01-16,-0.26513765532782907
1,2019-01-17,-0.26054813625096096
1,2019-01-18,-0.2556166193382247
1,2019-01-19,-0.2508886736051584
1,2019-01-20,-0.24682059334295792
1,2019-01-21,-0.24372620266005904
1,2019-01-22,-0.241770696256968
1,2019-01-23,-0.24100258826068446
1,2019-01-24,-0.24140051795286857
1,2019-01-25,-0.2429069650645295
1,2019-01-26,-0.24542958720160188
1,2019-01-27,-0.248808236984992
1,2019-01-28,-0.2527659233223384
1,2019-01-29,-0.2568750903493394
1,2019-01-30,-0.26056965892387574
1,2019-01-31,-0.26321842723758626
1,2019-02-01,-0.2642506282068196
1,2019-02-02,-0.2633006461157934
1,2019-02-03,-0.2603250104609649
1,2019-02-04,-0.25564892258351435
1,2019-02-05,-0.24991964300433278
1,2019-02-06,-0.24397419487224542
1,2019-02-07,-0.23865701493776967
1,2019-02-08,-0.23463930779458728
1,2019-02-09,-0.2322902832884435
1,2019-02-10,-0.2316322016806857
1,2019-02-11,-0.23238433713468007
1,2019-02-12,-0.23407447037588658
1,2019-02-13,-0.23618008809593186
1,2019-02-14,-0.2382580414339714
1,2019-02-15,-0.24003117970878993
1,2019-02-16,-0.241416817104979
1,2019-02-17,-0.24249970935880893
1,2019-02-18,-0.2434645459539158
1,2019-02-19,-0.2445095622903699
1,2019-02-20,-0.24576310148767636
1,2019-02-21,-0.2472216075997174
1,2019-02-22,-0.24872242331857422
1,2019-02-23,-0.2499587851802247
1,2019-02-24,-0.25053734157158547
1,2019-02-25,-0.2500698271047557
1,2019-02-26,-0.24828139371813135
1,2019-02-27,-0.24511002715132632
1,2019-02-28,-0.24076835819163722
1,2019-03-01,-0.23574374863505193
1,2019-03-02,-0.23072553556306624
1,2019-03-03,-0.22646751907422916
1,2019-03-04,-0.2236141436576801
1,2019-03-05,-0.22253355000695044
1,2019-03-06,-0.2232042200147146
1,2019-03-07,-0.2251915301677666
1,2019-03-08,-0.2277278850018998
1,2019-03-09,-0.2298816268576039
1,2019-03-10,-0.23077411215782326
1,2019-03-11,-0.2297898443157107
1,2019-03-12,-0.22672599083193729
1,2019-03-13,-0.22184467566018434
1,2019-03-14,-0.21581882114096954
1,2019-03-15,-0.2095906564193677
1,2019-03-16,-0.20418289863691003
1,2019-03-17,-0.20050954986691535
1,2019-03-18,-0.19922641826649803
1,2019-03-19,-0.2006446006892983
1,2019-03-20,-0.20471091341642222
1,2019-03-21,-0.21104438515505702
1,2019-03-22,-0.21901110600144907
1,2019-03-23,-0.2278208136381404
1,2019-03-24,-0.23663343701605127
1,2019-03-25,-0.24466771843118432
1,2019-03-26,-0.25130336207057313
1,2019-03-27,-0.256164192100745
1,2019-03-28,-0.25916520673422777
1,2019-03-29,-0.2605072650781893
1,2019-03-30,-0.2606119737906111
1,2019-03-31,-0.26000604564880164
1,2019-04-01,-0.25918235294735414
1,2019-04-02,-0.25847681451904564
1,2019-04-03,-0.2579991245940115
1,2019-04-04,-0.2576398120982923
1,2019-04-05,-0.25715120579403716
1,2019-04-06,-0.25627408053320266
1,2019-04-07,-0.254866334164716
1,2019-04-08,-0.25299064683049477
1,2019-04-09,-0.25093373673459873
1,2019-04-10,-0.24915442159692983
1,2019-04-11,-0.24818080199852632
1,2019-04-12,-0.24849098414059953
1,2019-04-13,-0.25041134158264056
1,2019-04-14,-0.2540558829716763
1,2019-04-15,-0.25931375484561636
1,2019-04-16,-0.2658779104826277
1,2019-04-17,-0.27330028823119723
1,2019-04-18,-0.2810584511047101
1,2019-04-19,-0.2886229583338292
1,2019-04-20,-0.2955194753803582
1,2019-04-21,-0.30138181070116565
1,2019-04-22,-0.3059915871767727
1,2019-04-23,-0.3092980727948893
1,2019-04-24,-0.31141205945559997
1,2019-04-25,-0.31257099121145776
1,2019-04-26,-0.31308110429286545
1,2019-04-27,-0.3132493119303025
1,2019-04-28,-0.31332431077183426
1,2019-04-29,-0.31346342749612605
1,2019-04-30,-0.31373332697617906
1,2019-05-01,-0.31414018517778963
1,2019-05-02,-0.31467396483131316
1,2019-05-03,-0.3153470153756208
1,2019-05-04,-0.31621111494954557
1,2019-05-05,-0.31734851718935464
1,2019-05-06,-0.3188445750867829
1,2019-05-07,-0.32075705212501604
1,2019-05-08,-0.3230969532855132
1,2019-05-09,-0.325827901137947
1,2019-05-10,-0.3288798512802888
1,2019-05-11,-0.3321663549805378
1,2019-05-12,-0.3355941183418045
1,2019-05-13,-0.3390608237896073
1,2019-05-14,-0.3424471057788614
1,2019-05-15,-0.34561514437489155
1,2019-05-16,-0.3484251474941765
1,2019-05-17,-0.35077205412763013
1,2019-05-18,-0.3526312481979344
1,2019-05-19,-0.35409266704239817
1,2019-05-20,-0.3553616300044433
1,2019-05-21,-0.3567140816327582
1,2019-05-22,-0.35841238434130446
1,2019-05-23,-0.36060540255544926
1,2019-05-24,-0.3632474684068594
1,2019-05-25,-0.36606808710937466
1,2019-05-26,-0.36860929498424433
1,2019-05-27,-0.3703250603456527
1,2019-05-28,-0.3707161378147682
1,2019-05-29,-0.3694614622125861
1,2019-05-30,-0.36650791928359977
1,2019-05-31,-0.3620942196034713
1,2019-06-01,-0.35670391549444264
1,2019-06-02,-0.3509632504745905
1,2019-06-03,-0.34551374600251955
1,2019-06-04,-0.3408936759507859
1,2019-06-05,-0.3374576224477342
1,2019-06-06,-0.3353504142929659
1,2019-06-07,-0.33453613119959535
1,2019-06-08,-0.33486739667175247
1,2019-06-09,-0.3361700877831467
1,2019-06-10,-0.3383144577115878
1,2019-06-11,-0.34124818473088514
1,2019-06-12,-0.34497892250208423
1,2019-06-13,-0.34951093071822226
1,2019-06-14,-0.35475757032329036
1,2019-06-15,-0.36046303017170234
1,2019-06-16,-0.36616823573974044
1,2019-06-17,-0.3712450392773824
1,2019-06-18,-0.3750013352104175
1,2019-06-19,-0.3768350109268898
1,2019-06-20,-0.3763943711112324
1,2019-06-21,-0.37369554253191106
1,2019-06-22,-0.3691562887863939
1,2019-06-23,-0.3635295058618153
1,2019-06-24,-0.3577499379277104
1,2019-06-25,-0.3527342300350314
1,2019-06-26,-0.34918804325349084
1,2019-06-27,-0.3474699675333192
1,2019-06-28,-0.34754209733358615
1,2019-06-29,-0.3490088054628092
1,2019-06-30,-0.35121995093681613
1,2019-07-01,-0.35339863895418405
1,2019-07-02,-0.354753847594967
1,2019-07-03,-0.3545519580999755
1,2019-07-04,-0.35214145046556566
1,2019-07-05,-0.34694479942625844
1,2019-07-06,-0.33844259967837564
1,2019-07-07,-0.32617530864756755
1,2019-07-08,-0.309777478139378
1,2019-07-09,-0.28904332964584944
1,2019-07-10,-0.2640076223122861
1,2019-07-11,-0.23501564553547835
1,2019-07-12,-0.20275634970527917
1,2019-07-13,-0.16823972170848886
1,2019-07-14,-0.13271285780926245
1,2019-07-15,-0.09752910826610965
1,2019-07-16,-0.06399309914580567
1,2019-07-17,-0.033213312362813684
1,2019-07-18,-0.005989821323087776
1,2019-07-19,0.017246821508325714
1,2019-07-20,0.036443743961657775
1,2019-07-21,0.05189049785599667
1,2019-07-22,0.06415500885426212
1,2019-07-23,0.07400462072422215
1,2019-07-24,0.08232141017171278
1,2019-07-25,0.09001761250660137
1,2019-07-26,0.09795545013247912
1,2019-07-27,0.10687803092104564
1,2019-07-28,0.11736111027046446
1,2019-07-29,0.12979108418483035
1,2019-07-30,0.14436663347522105
1,2019-07-31,0.1611124344555221
1,2019-08-01,0.17988686990949068
1,2019-08-02,0.20037088310996864
1,2019-08-03,0.2220360082748602
1,2019-08-04,0.2441069973719442
1,2019-08-05,0.26554881275611836
1,2019-08-06,0.28510842042457174
1,2019-08-07,0.3014308608039363
1,2019-08-08,0.3132449919342708
1,2019-08-09,0.31958905685252975
1,2019-08-10,0.32002595456000893
1,2019-08-11,0.31479286060535955
1,2019-08-12,0.304837533578186
1,2019-08-13,0.2917178204451673
1,2019-08-14,0.2773734876241169
1,2019-08-15,0.26381038366763865
1,2019-08-16,0.25276045446655876
1,2019-08-17,0.24539048123274643
1,2019-08-18,0.2421222660611571
1,2019-08-19,0.2426024823337637
1,2019-08-20,0.24582814190073685
1,2019-08-21,0.25039524553251324
1,2019-08-22,0.2548126424095456
1,2019-08-23,0.2578092905360461
1,2019-08-24,0.25856803582403093
1,2019-08-25,0.25684270608775456
1,2019-08-26,0.25294189245160786
1,2019-08-27,0.24759704705230004
1,2019-08-28,0.24175710851790508
1,2019-08-29,0.23636833727358447
1,2019-08-30,0.23219068213897973
1,2019-08-31,0.2296877606198179
1,2019-09-01,0.22900169349824165
1,2019-09-02,0.2299974235660317
1,2019-09-03,0.23234572803040304
1,2019-09-04,0.23560948938591805
1,2019-09-05,0.2393038527122533
1,2019-09-06,0.2429168626206415
1,2019-09-07,0.24589876800067917
1,2019-09-08,0.24764206643676986
1,2019-09-09,0.24747953909078146
1,2019-09-10,0.24472219410777102
1,2019-09-11,0.23874575497516182
1,2019-09-12,0.22911456050557738
1,2019-09-13,0.21571490039050553
1,2019-09-14,0.1988600341796674
1,2019-09-15,0.17932956436726655
1,2019-09-16,0.15831768956120887
1,2019-09-17,0.13728716006314068
1,2019-09-18,0.11775079615863797
1,2019-09-19,0.10102378389619314
1,2019-09-20,0.08799933693837103
1,2019-09-21,0.07899810005333333
1,2019-09-22,0.07372455857166547
1,2019-09-23,0.07133922310399222
1,2019-09-24,0.07062910509170019
1,2019-09-25,0.07023645492884159
1,2019-09-26,0.06889676554213521
1,2019-09-27,0.0656338044592678
1,2019-09-28,0.05987186146122118
1,2019-09-29,0.05144585313210645
1,2019-09-30,0.04051979285513589
1,2019-10-01,0.02744892302267422
1,2019-10-02,0.01263650213633643
1,2019-10-03,-0.003563567553483723
1,2019-10-04,-0.020866237103910754
1,2019-10-05,-0.03899750984030614
1,2019-10-06,-0.05759130738136208
1,2019-10-07,-0.07609743642493276
1,2019-10-08,-0.09375870627033328
1,2019-10-09,-0.10969154715887623
1,2019-10-10,-0.12306455698338371
1,2019-10-11,-0.13332873557439912
1,2019-10-12,-0.14042411291705345
1,2019-10-13,-0.14488162970148286
1,2019-10-14,-0.14776718391093183
1,2019-10-15,-0.15045901324093128
1,2019-10-16,-0.15430364726549403
1,2019-10-17,-0.16023999383772003
1,2019-10-18,-0.16849997231988292
1,2019-10-19,-0.17847930271439863
1,2019-10-20,-0.18882920003078335
1,2019-10-21,-0.1977587861571156
1,2019-10-22,-0.20347773503385927
1,2019-10-23,-0.20466641508462313
1,2019-10-24,-0.20084941193757555
1,2019-10-25,-0.19257160438645946
1,2019-10-26,-0.1813280662933758
1,2019-10-27,-0.16926344723435893
1,2019-10-28,-0.1587175249650392
1,2019-10-29,-0.15173294472591825
1,2019-10-30,-0.1496484946829304
1,2019-10-31,-0.15287445274583775
1,2019-11-01,-0.16089425637521232
1,2019-11-02,-0.17247397368577225
1,2019-11-03,-0.18600733173999548
1,2019-11-04,-0.19989366439839493
1,2019-11-05,-0.21284825154476225
1,2019-11-06,-0.2240764636907585
1,2019-11-07,-0.23329108026619655
1,2019-11-08,-0.24060175740862724
1,2019-11-09,-0.24633889375344323
1,2019-11-10,-0.2508809157056833
1,2019-11-11,-0.2545377264082817
1,2019-11-12,-0.2575111401839489
1,2019-11-13,-0.25992049139511736
1,2019-11-14,-0.26185990044546265
1,2019-11-15,-0.2634499426066516
1,2019-11-16,-0.264858413122802
1,2019-11-17,-0.2662840491522866
1,2019-11-18,-0.2679155174422325
1,2019-11-19,-0.26988668526761617
1,2019-11-20,-0.2722478917913097
1,2019-11-21,-0.27496329843892414
1,2019-11-22,-0.2779318352196742
1,2019-11-23,-0.28102003572922024
1,2019-11-24,-0.2840917967343707
1,2019-11-25,-0.28702203816913324
1,2019-11-26,-0.2896901810579695
1,2019-11-27,-0.2919585008496522
1,2019-11-28,-0.29364874071539604
1,2019-11-29,-0.2945332925216252
1,2019-11-30,-0.2943554017081698
1,2019-12-01,-0.29288201059002683
1,2019-12-02,-0.2899825259676409
1,2019-12-03,-0.2857112219189745
1,2019-12-04,-0.2803647285314439
1,2019-12-05,-0.2744857925995901
1,2019-12-06,-0.2687991751180726
1,2019-12-07,-0.2640859003930402
1,2019-12-08,-0.2610218830149842
1,2019-12-09,-0.2600248089206935
1,2019-12-10,-0.2611532941356102
1,2019-12-11,-0.2640907495209656
1,2019-12-12,-0.2682212345794055
1,2019-12-13,-0.27277741353509916
1,2019-12-14,-0.2770176427021737
1,2019-12-15,-0.2803821221977063
1,2019-12-16,-0.2825838235874577
1,2019-12-17,-0.2836149744685129
1,2019-12-18,-0.28367654127789244
1,2019-12-19,-0.2830622492576512
1,2019-12-20,-0.28204022953499086
1,2019-12-21,-0.2807713922940217
1,2019-12-22,-0.27928586179569087
1,2019-12-23,-0.277515816599266
1,2019-12-24,-0.27536325590207344
1,2019-12-25,-0.2727716254303914
1,2019-12-26,-0.2697733335993204
1,2019-12-27,-0.2664983626620721
1,2019-12-28,-0.26314640014340357
1,2019-12-29,-0.2599380256972316
1,2019-12-30,-0.25706711840786567
1,2019-12-31,-0.2546723535337774
1,2020-01-01,-0.2528355704700573
1,2020-01-02,-0.25160216903954713
1,2020-01-03,-0.25100964070456555
1,2020-01-04,-0.2511074929872274
1,2020-01-05,-0.2519560067268263
1,2020-01-06,-0.25359999513932413
1,2020-01-07,-0.2560247678347227
1,2020-01-08,-0.2591099453349217
1,2020-01-09,-0.2626002180415715
1,2020-01-10,-0.26610864334198553
1,2020-01-11,-0.2691596503468761
1,2020-01-12,-0.2712667718385006
1,2020-01-13,-0.27202840164738795
1,2020-01-14,-0.27121719732881505
1,2020-01-15,-0.2688377232808888
1,2020-01-16,-0.265134238510581
1,2020-01-17,-0.26054475031356933
1,2020-01-18,-0.2556132118219674
1,2020-01-19,-0.25088515953894797
1,2020-01-20,-0.24681692802787358
1,2020-01-21,-0.2437224435506717
1,2020-01-22,-0.24176695949085417
1,2020-01-23,-0.24099901350158434
1,2020-01-24,-0.24139720618783117
1,2020-01-25,-0.24290399378901173
1,2020-01-26,-0.24542696131392558
1,2020-01-27,-0.24880590870205352
1,2020-01-28,-0.2527639040544657
1,2020-01-29,-0.25687343193732753
1,2020-01-30,-0.2605683793709077
1,2020-01-31,-0.26321747745192714
1,2020-02-01,-0.26424995348210273
1,2020-02-02,-0.26330018088429225
1,2020-02-03,-0.2603247101711737
1,2020-02-04,-0.2556487047672342
1,2020-02-05,-0.24991936963416717
1,2020-02-06,-0.24397370376149508
1,2020-02-07,-0.23865619469600263
1,2020-02-08,-0.23463817513663937
1,2020-02-09,-0.2322889152732459
1,2020-02-10,-0.23163064799759783
1,2020-02-11,-0.23238254732250335
1,2020-02-12,-0.23407240172635935
1,2020-02-13,-0.2361776931070788
1,2020-02-14,-0.2382553415944362
1,2020-02-15,-0.2400282153152041
1,2020-02-16,-0.24141365699157522
1,2020-02-17,-0.2424964185240705
1,2020-02-18,-0.24346119538408734
1,2020-02-19,-0.24450618231250756
1,2020-02-20,-0.24575970342292092
1,2020-02-21,-0.24721823075790364
1,2020-02-22,-0.24871914773535517
1,2020-02-23,-0.24995571455161397
1,2020-02-24,-0.25053452525765174
1,2020-02-25,-0.2500672817689484
1,2020-02-26,-0.24827912173051
1,2020-02-27,-0.24510797315329777
1,2020-02-28,-0.24076643895274605
1,2020-02-29,-0.235741891330962
1,2020-03-01,-0.23072363183222286
1,2020-03-02,-0.22646546778822896
1,2020-03-03,-0.2236118877594631
1,2020-03-04,-0.22253109623775963
1,2020-03-05,-0.22320165137356507
1,2020-03-06,-0.225188957169588
1,2020-03-07,-0.2277254153724476
1,2020-03-08,-0.22987932822606316
1,2020-03-09,-0.23077206035562844
1,2020-03-10,-0.22978814796931515
1,2020-03-11,-0.22672474137124102
1,2020-03-12,-0.22184391537690493
1,2020-03-13,-0.21581847945958454
1,2020-03-14,-0.20959062810385629
1,2020-03-15,-0.20418311007370796
1,2020-03-16,-0.20050997190341757
1,2020-03-17,-0.1992270188731486
1,2020-03-18,-0.20064535108118794
1,2020-03-19,-0.20471178825766917
1,2020-03-20,-0.21104533942741177
1,2020-03-21,-0.21901214807057448
1,2020-03-22,-0.22782195998673752
1,2020-03-23,-0.23663469155767683
1,2020-03-24,-0.24466899583428192
1,2020-03-25,-0.25130443664413465
1,2020-03-26,-0.2561648163808759
1,2020-03-27,-0.2591653491737813
1,2020-03-28,-0.26050701972908813
1,2020-03-29,-0.2606114767420146
1,2020-03-30,-0.26000545657957247
1,2020-03-31,-0.2591817898403075
1,2020-04-01,-0.2584763594656428
1,2020-04-02,-0.25799885817125046
1,2020-04-03,-0.25763987152131523
1,2020-04-04,-0.25715171301420603
1,2020-04-05,-0.2562750759732822
1,2020-04-06,-0.2548677799644744
1,2020-04-07,-0.25299238992902595
1,2020-04-08,-0.2509356309280166
1,2020-04-09,-0.24915626109857242
1,2020-04-10,-0.24818235205085798
1,2020-04-11,-0.24849213672616052
1,2020-04-12,-0.2504120912028601
1,2020-04-13,-0.25405625522390773
1,2020-04-14,-0.25931378124982596
1,2020-04-15,-0.265877606312192
1,2020-04-16,-0.2732996655524146
1,2020-04-17,-0.28105753686008544
1,2020-04-18,-0.28862181308037926
1,2020-04-19,-0.29551815567955225
1,2020-04-20,-0.3013803874866994
1,2020-04-21,-0.30599019350655526
1,2020-04-22,-0.30929691519605
1,2020-04-23,-0.3114112916317786
1,2020-04-24,-0.3125707069608604
1,2020-04-25,-0.31308124096988116
1,2020-04-26,-0.31324981105541866
1,2020-04-27,-0.3133251723866722
1,2020-04-28,-0.31346466564253067
1,2020-04-29,-0.31373494497846444
1,2020-04-30,-0.3141421368823831
1,2020-05-01,-0.314676159556353
1,2020-05-02,-0.31534927946552094
1,2020-05-03,-0.3162132879770321
1,2020-05-04,-0.3173504840787861
1,2020-05-05,-0.318846232627729
1,2020-05-06,-0.3207583503194337
1,2020-05-07,-0.32309795902377747
1,2020-05-08,-0.3258287071928409
1,2020-05-09,-0.3288805824310439
1,2020-05-10,-0.33216714827070754
1,2020-05-11,-0.33559509540773674
1,2020-05-12,-0.33906209734765114
1,2020-05-13,-0.3424487985990827
1,2020-05-14,-0.3456173719121933
1,2020-05-15,-0.34842799613962355
1,2020-05-16,-0.3507754554707395
1,2020-05-17,-0.35263502024066357
1,2020-05-18,-0.35409664381761724
1,2020-05-19,-0.3553656828363812
1,2020-05-20,-0.35671813492737936
1,2020-05-21,-0.3584163785866989
1,2020-05-22,-0.3606093323082264
1,2020-05-23,-0.3632513405787607
1,2020-05-24,-0.36607189118464123
1,2020-05-25,-0.36861294079102586
1,2020-05-26,-0.3703283864399824
1,2020-05-27,-0.3707189329141569
1,2020-05-28,-0.36946344728196084
1,2020-05-29,-0.36650886029126173
1,2020-05-30,-0.3620942374235503
1,2020-05-31,-0.35670326128489493
1,2020-06-01,-0.350962232622905
1,2020-06-02,-0.3455125708987686
1,2020-06-03,-0.34089250952906563
1,2020-06-04,-0.33745663213490446
1,2020-06-05,-0.335349659125478
1,2020-06-06,-0.33453555891009373
1,2020-06-07,-0.334866888546035
1,2020-06-08,-0.33616955963777206
1,2020-06-09,-0.33831383298257994
1,2020-06-10,-0.34124752064703
1,2020-06-11,-0.34497835136181676
1,2020-06-12,-0.3495105836623975
1,2020-06-13,-0.3547573230863829
1,2020-06-14,-0.3604627397602687
1,2020-06-15,-0.36616781115933855
1,2020-06-16,-0.37124453735141943
1,2020-06-17,-0.37500094810564105
1,2020-06-18,-0.376834881617639
1,2020-06-19,-0.37639456046836645
1,2020-06-20,-0.37369602377946637
1,2020-06-21,-0.36915704113395
1,2020-06-22,-0.36353053258744006
1,2020-06-23,-0.3577512809946988
1,2020-06-24,-0.35273596212155295
1,2020-06-25,-0.3491902427718005
1,2020-06-26,-0.3474726784911714
1,2020-06-27,-0.34754523804335247
1,2020-06-28,-0.349012308606977
1,2020-06-29,-0.35122376265403743
1,2020-06-30,-0.35340273029367825
1,2020-07-01,-0.354758306003791
1,2020-07-02,-0.3545569071594983
1,2020-07-03,-0.3521470051772302
1,2020-07-04,-0.346950965254508
1,2020-07-05,-0.3384492370182746
1,2020-07-06,-0.32618208149708466
1,2020-07-07,-0.30978386855452184
1,2020-07-08,-0.28904876592167594
1,2020-07-09,-0.2640115720321033
1,2020-07-10,-0.23501774623494848
1,2020-07-11,-0.2027566111874984
1,2020-07-12,-0.16823814870677564
1,2020-07-13,-0.13270971638638093
1,2020-07-14,-0.09752480281762049
1,2020-07-15,-0.06398820222498985
1,2020-07-16,-0.03320852529335929
1,2020-07-17,-0.005985823089672993
1,2020-07-18,0.017249597859576714
1,2020-07-19,0.03644519319843786
1,2020-07-20,0.051890636297813215
1,2020-07-21,0.06415401147122295
1,2020-07-22,0.07400252030191529
1,2020-07-23,0.08231816799001099
1,2020-07-24,0.09001320644056526
1,2020-07-25,0.09794985867038208
1,2020-07-26,0.10687131819692253
1,2020-07-27,0.11735337459183784
1,2020-07-28,0.12978250625226345
1,2020-07-29,0.14435753047814576
1,2020-07-30,0.1611030754405661
1,2020-07-31,0.17987761677883315
1,2020-08-01,0.20036216066203708
1,2020-08-02,0.22202808290076795
1,2020-08-03,0.24409989212307698
1,2020-08-04,0.26554249524835793
1,2020-08-05,0.2851028889942362
1,2020-08-06,0.301425954340301
1,2020-08-07,0.31324014549905127
1,2020-08-08,0.31958348571713296
1,2020-08-09,0.32001916315569723
1,2020-08-10,0.314784766111981
1,2020-08-11,0.3048283364624623
1,2020-08-12,0.291708129995733
1,2020-08-13,0.2773639495547412
1,2020-08-14,0.2638015954337477
1,2020-08-15,0.25275296574046247
1,2020-08-16,0.24538488211366402
1,2020-08-17,0.24211906354385665
1,2020-08-18,0.24260249513075516
1,2020-08-19,0.24583220703296815
1,2020-08-20,0.2504040420902669
1,2020-08-21,0.2548262757888921
1,2020-08-22,0.2578268061999296
1,2020-08-23,0.2585883603710543
1,2020-08-24,0.2568653898721163
1,2020-08-25,0.25296675244750194
1,2020-08-26,0.24762344549714863
1,2020-08-27,0.24178412680028963
1,2020-08-28,0.23639473008279221
1,2020-08-29,0.23221562871442475
1,2020-08-30,0.2297109327539545
1,2020-08-31,0.22902254419746695
1,2020-09-01,0.2300149186294627
1,2020-09-02,0.23235900184261704
1,2020-09-03,0.23561833586595324
1,2020-09-04,0.23930875206695076
1,2020-09-05,0.24291889365945454
1,2020-09-06,0.24589929519265485
1,2020-09-07,0.2476422177238234
1,2020-09-08,0.24748004154283132
1,2020-09-09,0.24472353693530338
1,2020-09-10,0.2387479668484606
1,2020-09-11,0.22911709335120012
1,2020-09-12,0.21571707350150937
1,2020-09-13,0.19886146914205546
1,2020-09-14,0.17933006206982216
1,2020-09-15,0.15831697991623433
1,2020-09-16,0.1372851364799211
1,2020-09-17,0.11774750886530902
1,2020-09-18,0.10101983725489301
1,2020-09-19,0.08799536961759703
1,2020-09-20,0.07899460911970158
1,2020-09-21,0.07372180117542787
1,2020-09-22,0.07133725627166479
1,2020-09-23,0.07062765000799327
1,2020-09-24,0.07023539536230265
1,2020-09-25,0.06889626143779792
1,2020-09-26,0.065634421252465
1,2020-09-27,0.059874150037580114
1,2020-09-28,0.05144983329998276
1,2020-09-29,0.040525291726771134
1,2020-09-30,0.02745587246974904
1,2020-10-01,0.012645068372917116
1,2020-10-02,-0.003553163846561555
1,2020-10-03,-0.020853956580948456
1,2020-10-04,-0.03898344585089526
1,2020-10-05,-0.05757558381750655
1,2020-10-06,-0.076080474806103
1,2020-10-07,-0.09374119155121703
1,2020-10-08,-0.10967406393379113
1,2020-10-09,-0.12304768718801888
1,2020-10-10,-0.1333130480368691
1,2020-10-11,-0.14040991695745828
1,2020-10-12,-0.14486920451040924
1,2020-10-13,-0.14775693694587627
1,2020-10-14,-0.15045120602705764
1,2020-10-15,-0.15429820072933592
1,2020-10-16,-0.16023649301976395
1,2020-10-17,-0.16849782106176722
1,2020-10-18,-0.1784779086172679
1,2020-10-19,-0.18882813910104615
1,2020-10-20,-0.19775779835174156
1,2020-10-21,-0.20347666867047023
1,2020-10-22,-0.2046651391768938
1,2020-10-23,-0.2008478444281775
1,2020-10-24,-0.19256984372658228
1,2020-10-25,-0.18132632421750886
1,2020-10-26,-0.16926193632743972
1,2020-10-27,-0.15871640888910257
1,2020-10-28,-0.15173235077598207
1,2020-10-29,-0.14964848289339097
1,2020-10-30,-0.152874947820701
1,2020-10-31,-0.16089507683733575
1,2020-11-01,-0.17247487893133803
1,2020-11-02,-0.18600806239345538
1,2020-11-03,-0.1998939140125619
1,2020-11-04,-0.21284777130765659
1,2020-11-05,-0.22407500219987003
1,2020-11-06,-0.2332884083310013
1,2020-11-07,-0.2405979162950126
1,2020-11-08,-0.24633413553423855
1,2020-11-09,-0.2508756524858512
1,2020-11-10,-0.2545323800903919
1,2020-11-11,-0.25750612640353676
1,2020-11-12,-0.259916167179211
1,2020-11-13,-0.2618564918911698
1,2020-11-14,-0.263447446726664
1,2020-11-15,-0.2648566981423064
1,2020-11-16,-0.26628302934170045
1,2020-11-17,-0.2679151668762684
1,2020-11-18,-0.26988701295498163
1,2020-11-19,-0.27224893683007184
1,2020-11-20,-0.2749650416449045
1,2020-11-21,-0.27793418811630066
1,2020-11-22,-0.2810229964443246
1,2020-11-23,-0.2840953298196184
1,2020-11-24,-0.2870261009697803
1,2020-11-25,-0.2896948080063123
1,2020-11-26,-0.29196391119308546
1,2020-11-27,-0.2936552412911435
1,2020-11-28,-0.29454111952468887
1,2020-11-29,-0.29436428968923106
1,2020-11-30,-0.2928913942848817
1,2020-12-01,-0.28999174121965843
1,2020-12-02,-0.28571982376967653
1,2020-12-03,-0.2803723331807277
1,2020-12-04,-0.2744921780546745
1,2020-12-05,-0.2688045452047353
1,2020-12-06,-0.2640905750745974
1,2020-12-07,-0.26102631241927243
1,2020-12-08,-0.26002933445566234
1,2020-12-09,-0.261158032187939
1,2020-12-10,-0.2640954699333808
1,2020-12-11,-0.26822548511930766
1,2020-12-12,-0.27278071514643915
1,2020-12-13,-0.27701986771832066
1,2020-12-14,-0.2803832418651562
1,2020-12-15,-0.2825838700324882
1,2020-12-16,-0.2836140051356367
1,2020-12-17,-0.2836745546138978
1,2020-12-18,-0.2830592281782686
1,2020-12-19,-0.2820363286002809
1,2020-12-20,-0.28076691851833513
1,2020-12-21,-0.2792812454087231
1,2020-12-22,-0.2775114544378649
1,2020-12-23,-0.27535943889483333
1,2020-12-24,-0.27276853006309837
1,2020-12-25,-0.2697710022420482
1,2020-12-26,-0.2664967375419319
1,2020-12-27,-0.2631452547530419
1,2020-12-28,-0.25993711202644254
1,2020-12-29,-0.25706626728826804
1,2020-12-30,-0.25467156182425205
1,2020-12-31,-0.25467159181824156
1,2021-01-01,-0.25283500591350655
1,2021-01-02,-0.25160184481338216
1,2021-01-03,-0.25100958765284526
1,2021-01-04,-0.2511077719755719
1,2021-01-05,-0.25195665942828765
1,2021-01-06,-0.2536010166450356
1,2021-01-07,-0.25602612280295844
1,2021-01-08,-0.2591116612040162
1,2021-01-09,-0.2626023329450212
1,2021-01-10,-0.2661111164165364
1,2021-01-11,-0.269162312528396
1,2021-01-12,-0.2712693319680904
1,2021-01-13,-0.2720305807491143
1,2021-01-14,-0.27121877321161986
1,2021-01-15,NA
1,2021-01-16,NA
1,2021-01-17,NA
1,2021-01-18,NA
1,2021-01-19,NA
1,2021-01-20,NA
1,2021-01-21,NA
1,2021-01-22,NA
1,2021-01-23,NA
1,2021-01-24,NA
1,2021-01-25,NA
1,2021-01-26,NA
1,2021-01-27,NA
1,2021-01-28,NA
1,2021-01-29,NA
1,2021-01-30,NA
1,2021-01-31,NA
1,2021-02-01,NA
1,2021-02-02,NA
1,2021-02-03,NA
1,2021-02-04,NA
1,2021-02-05,NA
1,2021-02-06,NA
1,2021-02-07,NA
1,2021-02-08,NA
1,2021-02-09,NA
1,2021-02-10,NA
1,2021-02-11,NA
1,2021-02-12,NA
1,2021-02-13,NA
1,2021-02-14,NA
1,2021-02-15,NA
1,2021-02-16,NA
1,2021-02-17,NA
1,2021-02-18,NA
1,2021-02-19,NA
1,2021-02-20,NA
1,2021-02-21,NA
1,2021-02-22,NA
1,2021-02-23,NA
1,2021-02-24,NA
1,2021-02-25,NA
1,2021-02-26,NA
1,2021-02-27,NA
1,2021-02-28,NA
1,2021-03-01,NA
1,2021-03-02,NA
1,2021-03-03,NA
1,2021-03-04,NA
1,2021-03-05,NA
1,2021-03-06,NA
1,2021-03-07,NA
1,2021-03-08,NA
1,2021-03-09,NA
1,2021-03-10,NA
1,2021-03-11,NA
1,2021-03-12,NA
1,2021-03-13,NA
1,2021-03-14,NA
1,2021-03-15,NA
1,2021-03-16,NA
1,2021-03-17,NA
1,2021-03-18,NA
1,2021-03-19,NA
1,2021-03-20,NA
1,2021-03-21,NA
1,2021-03-22,NA
1,2021-03-23,NA
1,2021-03-24,NA
1,2021-03-25,NA
1,2021-03-26,NA
1,2021-03-27,NA
1,2021-03-28,NA
1,2021-03-29,NA
1,2021-03-30,NA
1,2021-03-31,NA
1,2021-04-01,NA
1,2021-04-02,NA
1,2021-04-03,NA
1,2021-04-04,NA
1,2021-04-05,NA
1,2021-04-06,NA
1,2021-04-07,NA
1,2021-04-08,NA
1,2021-04-09,NA
1,2021-04-10,NA
1,2021-04-11,NA
1,2021-04-12,NA
1,2021-04-13,NA
1,2021-04-14,NA
1,2021-04-15,NA
1,2021-04-16,NA
1,2021-04-17,NA
1,2021-04-18,NA
1,2021-04-19,NA
1,2021-04-20,NA
1,2021-04-21,NA
1,2021-04-22,NA
1,2021-04-23,NA
1,2021-04-24,NA
1,2021-04-25,NA
1,2021-04-26,NA
1,2021-04-27,NA
1,2021-04-28,NA
1,2021-04-29,NA
1,2021-04-30,NA
1,2021-05-01,NA
1,2021-05-02,NA
1,2021-05-03,NA
1,2021-05-04,NA
1,2021-05-05,NA
1,2021-05-06,NA
1,2021-05-07,NA
1,2021-05-08,NA
1,2021-05-09,NA
1,2021-05-10,NA
1,2021-05-11,NA
1,2021-05-12,NA
1,2021-05-13,NA
1,2021-05-14,NA
1,2021-05-15,NA
1,2021-05-16,NA
1,2021-05-17,NA
1,2021-05-18,NA
1,2021-05-19,NA
1,2021-05-20,NA
1,2021-05-21,NA
1,2021-05-22,NA
1,2021-05-23,NA
1,2021-05-24,NA
1,2021-05-25,NA
1,2021-05-26,NA
1,2021-05-27,NA
1,2021-05-28,NA
1,2021-05-29,NA
1,2021-05-30,NA
1,2021-05-31,NA
1,2021-06-01,NA
1,2021-06-02,NA
1,2021-06-03,NA
1,2021-06-04,NA
1,2021-06-05,NA
1,2021-06-06,NA
1,2021-06-07,NA
1,2021-06-08,NA
1,2021-06-09,NA
1,2021-06-10,NA
1,2021-06-11,NA
1,2021-06-12,NA
1,2021-06-13,NA
1,2021-06-14,NA
1,2021-06-15,NA
1,2021-06-16,NA
1,2021-06-17,NA
1,2021-06-18,NA
1,2021-06-19,NA
1,2021-06-20,NA
1,2021-06-21,NA
1,2021-06-22,NA
1,2021-06-23,NA
1,2021-06-24,NA
1,2021-06-25,NA
1,2021-06-26,NA
1,2021-06-27,NA
1,2021-06-28,NA
1,2021-06-29,NA
1,2021-06-30,NA
1,2021-07-01,NA
1,2021-07-02,NA
1,2021-07-03,NA
1,2021-07-04,NA
1,2021-07-05,NA
1,2021-07-06,NA
1,2021-07-07,NA
1,2021-07-08,NA
1,2021-07-09,NA
1,2021-07-10,NA
1,2021-07-11,NA
1,2021-07-12,NA
1,2021-07-13,NA
1,2021-07-14,NA
1,2021-07-15,NA
1,2021-07-16,NA
1,2021-07-17,NA
1,2021-07-18,NA
1,2021-07-19,NA
1,2021-07-20,NA
1,2021-07-21,NA
1,2021-07-22,NA
1,2021-07-23,NA
1,2021-07-24,NA
1,2021-07-25,NA
1,2021-07-26,NA
1,2021-07-27,NA
1,2021-07-28,NA
1,2021-07-29,NA
1,2021-07-30,NA
1,2021-07-31,NA
1,2021-08-01,NA
1,2021-08-02,NA
1,2021-08-03,NA
1,2021-08-04,NA
1,2021-08-05,NA
1,2021-08-06,NA
1,2021-08-07,NA
1,2021-08-08,NA
1,2021-08-09,NA
1,2021-08-10,NA
1,2021-08-11,NA
1,2021-08-12,NA
1,2021-08-13,NA
1,2021-08-14,NA
1,2021-08-15,NA
1,2021-08-16,NA
1,2021-08-17,NA
1,2021-08-18,NA
1,2021-08-19,NA
1,2021-08-20,NA
1,2021-08-21,NA
1,2021-08-22,NA
1,2021-08-23,NA
1,2021-08-24,NA
1,2021-08-25,NA
1,2021-08-26,NA
1,2021-08-27,NA
1,2021-08-28,NA
1,2021-08-29,NA
1,2021-08-30,NA
1,2021-08-31,NA
1,2021-09-01,NA
1,2021-09-02,NA
1,2021-09-03,NA
1,2021-09-04,NA
1,2021-09-05,NA
1,2021-09-06,NA
1,2021-09-07,NA
1,2021-09-08,NA
1,2021-09-09,NA
1,2021-09-10,NA
1,2021-09-11,NA
1,2021-09-12,NA
1,2021-09-13,NA
1,2021-09-14,NA
1,2021-09-15,NA
1,2021-09-16,NA
1,2021-09-17,NA
1,2021-09-18,NA
1,2021-09-19,NA
1,2021-09-20,NA
1,2021-09-21,NA
1,2021-09-22,NA
1,2021-09-23,NA
1,2021-09-24,NA
1,2021-09-25,NA
1,2021-09-26,NA
1,2021-09-27,NA
1,2021-09-28,NA
1,2021-09-29,NA
1,2021-09-30,NA
1,2021-10-01,NA
1,2021-10-02,NA
1,2021-10-03,NA
1,2021-10-04,NA
1,2021-10-05,NA
1,2021-10-06,NA
1,2021-10-07,NA
1,2021-10-08,NA
1,2021-10-09,NA
1,2021-10-10,NA
1,2021-10-11,NA
1,2021-10-12,NA
1,2021-10-13,NA
1,2021-10-14,NA
1,2021-10-15,NA
1,2021-10-16,NA
1,2021-10-17,NA
1,2021-10-18,NA
1,2021-10-19,NA
1,2021-10-20,NA
1,2021-10-21,NA
1,2021-10-22,NA
1,2021-10-23,NA
1,2021-10-24,NA
1,2021-10-25,NA
1,2021-10-26,NA
1,2021-10-27,NA
1,2021-10-28,NA
1,2021-10-29,NA
1,2021-10-30,NA
1,2021-10-31,NA
1,2021-11-01,NA
1,2021-11-02,NA
1,2021-11-03,NA
1,2021-11-04,NA
1,2021-11-05,NA
1,2021-11-06,NA
1,2021-11-07,NA
1,2021-11-08,NA
1,2021-11-09,NA
1,2021-11-10,NA
1,2021-11-11,NA
1,2021-11-12,NA
1,2021-11-13,NA
1,2021-11-14,NA
1,2021-11-15,NA
1,2021-11-16,NA
1,2021-11-17,NA
1,2021-11-18,NA
1,2021-11-19,NA
1,2021-11-20,NA
1,2021-11-21,NA
1,2021-11-22,NA
1,2021-11-23,NA
1,2021-11-24,NA
1,2021-11-25,NA
1,2021-11-26,NA
1,2021-11-27,NA
1,2021-11-28,NA
1,2021-11-29,NA
1,2021-11-30,NA
1,2021-12-01,NA
1,2021-12-02,NA
1,2021-12-03,NA
1,2021-12-04,NA
1,2021-12-05,NA
1,2021-12-06,NA
1,2021-12-07,NA
1,2021-12-08,NA
1,2021-12-09,NA
1,2021-12-10,NA
1,2021-12-11,NA
1,2021-12-12,NA
1,2021-12-13,NA
1,2021-12-14,NA
1,2021-12-15,NA
1,2021-12-16,NA
1,2021-12-17,NA
1,2021-12-18,NA
1,2021-12-19,NA
1,2021-12-20,NA
1,2021-12-21,NA
1,2021-12-22,NA
1,2021-12-23,NA
1,2021-12-24,NA
1,2021-12-25,NA
1,2021-12-26,NA
1,2021-12-27,NA
1,2021-12-28,NA
1,2021-12-29,NA
1,2021-12-30,NA
1,2021-12-31,NA
1,2022-01-01,NA
1,2022-01-02,NA
1,2022-01-03,NA
1,2022-01-04,NA
1,2022-01-05,NA
1,2022-01-06,NA
1,2022-01-07,NA
1,2022-01-08,NA
1,2022-01-09,NA
1,2022-01-10,NA
1,2022-01-11,NA
1,2022-01-12,NA
1,2022-01-13,NA
1,2022-01-14,NA
1,2022-01-15,NA
1,2022-01-16,NA
1,2022-01-17,NA
1,2022-01-18,NA
1,2022-01-19,NA
1,2022-01-20,NA
1,2022-01-21,NA
1,2022-01-22,NA
1,2022-01-23,NA
1,2022-01-24,NA
1,2022-01-25,NA
1,2022-01-26,NA
