site,date,value
1,2012-01-01,0.019105388671019092
1,2012-01-02,0.019070696331913495
1,2012-01-03,0.01906273039209796
1,2012-01-04,0.01907192859405189
1,2012-01-05,0.019077889575976333
1,2012-01-06,0.019061116769289906
1,2012-01-07,0.01901561509362031
1,2012-01-08,0.018954049706003534
1,2012-01-09,0.018901383512826612
1,2012-01-10,0.01888049683126398
1,2012-01-11,0.018898885296160132
1,2012-01-12,0.018944874046601674
1,2012-01-13,0.018995342974465264
1,2012-01-14,0.019029428070025535
1,2012-01-15,0.019039305254064148
1,2012-01-16,0.01903175306885857
1,2012-01-17,0.01902044992036089
1,2012-01-18,0.019014704220555952
1,2012-01-19,0.0190122767475238
1,2012-01-20,0.019001154483056587
1,2012-01-21,0.018969130504548338
1,2012-01-22,0.01891441653861212
1,2012-01-23,0.01884930175600845
1,2012-01-24,0.018793598314212522
1,2012-01-25,0.018762319484552814
1,2012-01-26,0.018756729797030424
1,2012-01-27,0.018765432289544203
1,2012-01-28,0.018774336903950226
1,2012-01-29,0.01877765161776984
1,2012-01-30,0.018781906673823984
1,2012-01-31,0.01880098019065894
1,2012-02-01,0.01884669966341163
1,2012-02-02,0.018921629150508247
1,2012-02-03,0.019017536742887257
1,2012-02-04,0.01911851646331248
1,2012-02-05,0.019205555430985326
1,2012-02-06,0.0192605991353962
1,2012-02-07,0.019270274155185663
1,2012-02-08,0.01922994806876198
1,2012-02-09,0.019147264087735556
1,2012-02-10,0.01904257633872773
1,2012-02-11,0.018944187022184162
1,2012-02-12,0.01887915739143115
1,2012-02-13,0.018863585250759703
1,2012-02-14,0.018897079750079523
1,2012-02-15,0.018963998875387453
1,2012-02-16,0.019040479524806087
1,2012-02-17,0.01910381718158369
1,2012-02-18,0.019140279748820446
1,2012-02-19,0.0191486019445857
1,2012-02-20,0.019138092227959088
1,2012-02-21,0.019122186057057598
1,2012-02-22,0.01911028451540161
1,2012-02-23,0.019102121823128194
1,2012-02-24,0.019088284942158217
1,2012-02-25,0.019057195561616076
1,2012-02-26,0.01900445056270588
1,2012-02-27,0.01893821288348248
1,2012-02-28,0.01887659991082465
1,2012-02-29,0.018838442592895344
1,2012-03-01,0.01883331014557557
1,2012-03-02,0.018856821908806696
1,2012-03-03,0.018893336776999465
1,2012-03-04,0.01892353221968421
1,2012-03-05,0.0189324191888032
1,2012-03-06,0.01891442575538048
1,2012-03-07,0.018874368346803186
1,2012-03-08,0.018824736526596476
1,2012-03-09,0.01878049743625261
1,2012-03-10,0.018753340572084647
1,2012-03-11,0.018747769846857158
1,2012-03-12,0.018760864758918933
1,2012-03-13,0.01878550968566937
1,2012-03-14,0.01881462739117771
1,2012-03-15,0.018843417006168824
1,2012-03-16,0.018868517491250653
1,2012-03-17,0.018885916011778837
1,2012-03-18,0.018890619852594662
1,2012-03-19,0.018879359279576673
1,2012-03-20,0.018854314309604797
1,2012-03-21,0.018824129039926328
1,2012-03-22,0.01880018793819799
1,2012-03-23,0.018790083496023305
1,2012-03-24,0.01879303652676549
1,2012-03-25,0.01880105396337355
1,2012-03-26,0.01880527962687077
1,2012-03-27,0.018802764575240674
1,2012-03-28,0.01879833008239692
1,2012-03-29,0.018800022764548386
1,2012-03-30,0.018811858066848427
1,2012-03-31,0.018829860386292984
1,2012-04-01,0.018844800128259155
1,2012-04-02,0.01884950293270754
1,2012-04-03,0.01884468094753838
1,2012-04-04,0.01883824136900941
1,2012-04-05,0.01883828969678407
1,2012-04-06,0.01884528655575216
1,2012-04-07,0.018849788064853212
1,2012-04-08,0.01883812859007668
1,2012-04-09,0.018802530440196887
1,2012-04-10,0.01874881373923578
1,2012-04-11,0.018696266774607603
1,2012-04-12,0.01866905842990686
1,2012-04-13,0.018683680740198515
1,2012-04-14,0.01873942468195473
1,2012-04-15,0.018817490654859582
1,2012-04-16,0.018889692458521568
1,2012-04-17,0.018932221359026974
1,2012-04-18,0.018936848739304624
1,2012-04-19,0.018913420735820096
1,2012-04-20,0.018882787172502524
1,2012-04-21,0.018864958398490738
1,2012-04-22,0.018869510742098302
1,2012-04-23,0.01889294623322434
1,2012-04-24,0.01892302395199047
1,2012-04-25,0.018946439588331813
1,2012-04-26,0.01895548869037518
1,2012-04-27,0.018950925573728086
1,2012-04-28,0.018940429172782873
1,2012-04-29,0.01893375164514254
1,2012-04-30,0.018936699132103964
1,2012-05-01,0.01894675468592843
1,2012-05-02,0.018952907942622096
1,2012-05-03,0.018940566415577446
1,2012-05-04,0.01889960498972676
1,2012-05-05,0.018831401790331128
1,2012-05-06,0.018750884048019802
1,2012-05-07,0.018682289564690546
1,2012-05-08,0.018650622309005244
1,2012-05-09,0.01867247280702031
1,2012-05-10,0.018749419818116404
1,2012-05-11,0.018865957427223377
1,2012-05-12,0.01899293407698506
1,2012-05-13,0.019096489959960106
1,2012-05-14,0.019150341555720266
1,2012-05-15,0.019146472430528264
1,2012-05-16,0.019098223420026084
1,2012-05-17,0.01903293311398285
1,2012-05-18,0.01897755036825917
1,2012-05-19,0.018945726137825702
1,2012-05-20,0.01893423824608462
1,2012-05-21,0.018930120372955064
1,2012-05-22,0.01892238483328994
1,2012-05-23,0.01890955828140937
1,2012-05-24,0.018898348077408055
1,2012-05-25,0.0188958598607006
1,2012-05-26,0.018902278627222595
1,2012-05-27,0.018909726656137226
1,2012-05-28,0.01890783017057085
1,2012-05-29,0.018891606596742924
1,2012-05-30,0.018865951121780796
1,2012-05-31,0.018843685469092285
1,2012-06-01,0.01883859080115649
1,2012-06-02,0.018858011568011365
1,2012-06-03,0.018899494712765415
1,2012-06-04,0.018952873270735617
1,2012-06-05,0.01900563251790178
1,2012-06-06,0.01904791813739771
1,2012-06-07,0.019074823470305622
1,2012-06-08,0.019085995673320384
1,2012-06-09,0.019084024500940756
1,2012-06-10,0.01907278249606807
1,2012-06-11,0.01905598283503541
1,2012-06-12,0.019035903610363725
1,2012-06-13,0.019012687869789397
1,2012-06-14,0.01898487549966524
1,2012-06-15,0.018951360939174346
1,2012-06-16,0.01891402015162659
1,2012-06-17,0.018879651297557146
1,2012-06-18,0.018859828065276165
1,2012-06-19,0.018867837341512372
1,2012-06-20,0.018913097497041727
1,2012-06-21,0.018995192722888337
1,2012-06-22,0.019101007069672233
1,2012-06-23,0.019207814299510188
1,2012-06-24,0.019292065610727122
1,2012-06-25,0.019339574734080475
1,2012-06-26,0.01935117287625016
1,2012-06-27,0.019340217706030643
1,2012-06-28,0.019323419837516363
1,2012-06-29,0.019310528932873668
1,2012-06-30,0.019298928050568095
1,2012-07-01,0.019276019419376213
1,2012-07-02,0.01922774017942208
1,2012-07-03,0.019148140533953903
1,2012-07-04,0.019044359819929503
1,2012-07-05,0.01893398024560301
1,2012-07-06,0.01883630609658423
1,2012-07-07,0.018763081642188664
1,2012-07-08,0.018714536537679436
1,2012-07-09,0.018682873559888277
1,2012-07-10,0.018659971330736005
1,2012-07-11,0.018643352178212606
1,2012-07-12,0.01863657029601829
1,2012-07-13,0.018645048254686363
1,2012-07-14,0.018671648697956154
1,2012-07-15,0.018715286733787636
1,2012-07-16,0.018772206086312897
1,2012-07-17,0.01883711179101078
1,2012-07-18,0.01890246270565046
1,2012-07-19,0.01895731911525736
1,2012-07-20,0.018988694973143105
1,2012-07-21,0.01898647790220053
1,2012-07-22,0.018949353256657496
1,2012-07-23,0.018887269768212155
1,2012-07-24,0.018817884031006375
1,2012-07-25,0.018758676056699855
1,2012-07-26,0.01871956549241263
1,2012-07-27,0.01870035096973988
1,2012-07-28,0.018693674564744744
1,2012-07-29,0.01869061330365241
1,2012-07-30,0.018685073140897172
1,2012-07-31,0.018675129870231854
1,2012-08-01,0.018662051751385796
1,2012-08-02,0.018648752819297617
1,2012-08-03,0.01863858613243714
1,2012-08-04,0.01863434782815811
1,2012-08-05,0.018637386435211973
1,2012-08-06,0.01864735715151704
1,2012-08-07,0.018663203868377845
1,2012-08-08,0.01868488438373258
1,2012-08-09,0.018714346648863955
1,2012-08-10,0.018754535537452297
1,2012-08-11,0.018806736370122038
1,2012-08-12,0.01886799119183547
1,2012-08-13,0.018930454244629448
1,2012-08-14,0.018983372593149764
1,2012-08-15,0.019016822460039492
1,2012-08-16,0.019025379158335232
1,2012-08-17,0.01900996075303758
1,2012-08-18,0.01897709359561353
1,2012-08-19,0.018936328208028905
1,2012-08-20,0.018897451534546385
1,2012-08-21,0.01886875240092022
1,2012-08-22,0.018856183759388887
1,2012-08-23,0.018862301012646052
1,2012-08-24,0.01888454236138157
1,2012-08-25,0.018914131257163798
1,2012-08-26,0.018937665484452738
1,2012-08-27,0.01894202168394868
1,2012-08-28,0.018920513647495335
1,2012-08-29,0.01887666450530622
1,2012-08-30,0.01882296147712769
1,2012-08-31,0.018774871787235765
1,2012-09-01,0.018743251170680007
1,2012-09-02,0.01872933208669356
1,2012-09-03,0.018725181078388217
1,2012-09-04,0.018719434356115734
1,2012-09-05,0.018704854336249875
1,2012-09-06,0.018682851124203738
1,2012-09-07,0.01866200603861832
1,2012-09-08,0.01865182229344114
1,2012-09-09,0.018656318791074836
1,2012-09-10,0.01867189113466192
1,2012-09-11,0.01869028443622457
1,2012-09-12,0.018703786369248777
1,2012-09-13,0.01870888043013903
1,2012-09-14,0.01870673753622596
1,2012-09-15,0.01870147216321838
1,2012-09-16,0.01869791618786145
1,2012-09-17,0.01869983313800356
1,2012-09-18,0.01870866546920826
1,2012-09-19,0.01872295985539836
1,2012-09-20,0.018738972687013352
1,2012-09-21,0.018752554954358305
1,2012-09-22,0.01876136177368076
1,2012-09-23,0.018765797230085278
1,2012-09-24,0.018767867886592512
1,2012-09-25,0.018768845537440012
1,2012-09-26,0.0187677326396191
1,2012-09-27,0.01876196945418977
1,2012-09-28,0.018749891148594166
1,2012-09-29,0.018732872984947944
1,2012-09-30,0.01871529784070396
1,2012-10-01,0.018702291430470974
1,2012-10-02,0.018696900635225847
1,2012-10-03,0.01869862959308506
1,2012-10-04,0.018704056382422726
1,2012-10-05,0.018708923039362908
1,2012-10-06,0.018710561291147988
1,2012-10-07,0.018709676495855563
1,2012-10-08,0.018710721783745075
1,2012-10-09,0.018720288586769693
1,2012-10-10,0.018743676248510217
1,2012-10-11,0.018781104601846812
1,2012-10-12,0.018825868665674064
1,2012-10-13,0.01886599346729337
1,2012-10-14,0.018888840347606763
1,2012-10-15,0.01888631064391756
1,2012-10-16,0.01885815794911743
1,2012-10-17,0.018812294782618488
1,2012-10-18,0.018762407274547185
1,2012-10-19,0.01872374785976482
1,2012-10-20,0.018708071497233594
1,2012-10-21,0.01871912735219714
1,2012-10-22,0.018750787154556938
1,2012-10-23,0.018789557694174168
1,2012-10-24,0.01882113710123632
1,2012-10-25,0.0188378424647587
1,2012-10-26,0.01884250504064494
1,2012-10-27,0.01884624156750803
1,2012-10-28,0.01886143014298959
1,2012-10-29,0.01889441919588358
1,2012-10-30,0.018942526878819844
1,2012-10-31,0.018996797658925816
1,2012-11-01,0.019047990995573454
1,2012-11-02,0.019091322219498066
1,2012-11-03,0.01912685713869272
1,2012-11-04,0.019155940637352865
1,2012-11-05,0.01917699242124326
1,2012-11-06,0.01918433062962781
1,2012-11-07,0.019171304513419724
1,2012-11-08,0.019135833243635984
1,2012-11-09,0.01908453829743924
1,2012-11-10,0.019032175493405388
1,2012-11-11,0.018995652111301248
1,2012-11-12,0.018985298478201917
1,2012-11-13,0.018998337697119144
1,2012-11-14,0.019019010946287256
1,2012-11-15,0.019026238940705025
1,2012-11-16,0.01900490436345329
1,2012-11-17,0.018954161907750955
1,2012-11-18,0.01888787205877641
1,2012-11-19,0.01882727805310135
1,2012-11-20,0.018790723836244413
1,2012-11-21,0.01878624573331838
1,2012-11-22,0.018810085037680887
1,2012-11-23,0.018850218039424167
1,2012-11-24,0.018891842524954055
1,2012-11-25,0.018922226395018116
1,2012-11-26,0.018933957860599867
1,2012-11-27,0.018926591396477507
1,2012-11-28,0.018906468548151617
1,2012-11-29,0.01888412788962637
1,2012-11-30,0.018869437799227982
1,2012-12-01,0.018866302943077055
1,2012-12-02,0.01887003721111941
1,2012-12-03,0.018869697443264694
1,2012-12-04,0.01885476124708297
1,2012-12-05,0.018822341060994344
1,2012-12-06,0.01878016345018561
1,2012-12-07,0.018742910908677288
1,2012-12-08,0.018723850873632625
1,2012-12-09,0.018726980157552593
1,2012-12-10,0.018744796807840657
1,2012-12-11,0.018763219430137586
1,2012-12-12,0.01877051577893463
1,2012-12-13,0.01876448247127204
1,2012-12-14,0.01875331295550072
1,2012-12-15,0.018749870892645813
1,2012-12-16,0.018763545982339296
1,2012-12-17,0.018795339420432596
1,2012-12-18,0.01883916910055926
1,2012-12-19,0.018887610503313862
1,2012-12-20,0.018937222821964722
1,2012-12-21,0.018989564873788292
1,2012-12-22,0.019047858435601542
1,2012-12-23,0.019112476388246754
1,2012-12-24,0.01917857322364981
1,2012-12-25,0.019236866726178387
1,2012-12-26,0.019276459610706183
1,2012-12-27,0.01928830492898375
1,2012-12-28,0.019268658519947187
1,2012-12-29,0.019221914645126174
1,2012-12-30,0.019161286152761636
1,2012-12-31,0.019161292667781694
1,2013-01-01,0.019105417217660056
1,2013-01-02,0.01907072181976025
1,2013-01-03,0.019062753192557944
1,2013-01-04,0.019071946054333155
1,2013-01-05,0.01907789814990646
1,2013-01-06,0.019061113933278438
1,2013-01-07,0.019015599730539488
1,2013-01-08,0.018954023801246687
1,2013-01-09,0.01890135133720261
1,2013-01-10,0.018880462758987276
1,2013-01-11,0.01889885226171418
1,2013-01-12,0.018944845105155952
1,2013-01-13,0.01899531978885252
1,2013-01-14,0.019029409921371324
1,2013-01-15,0.019039288977488116
1,2013-01-16,0.01903173544098911
1,2013-01-17,0.019020429969539527
1,2013-01-18,0.019014683450805796
1,2013-01-19,0.019012257456304634
1,2013-01-20,0.019001138897726574
1,2013-01-21,0.018969119066937153
1,2013-01-22,0.018914408442734596
1,2013-01-23,0.01884929676304947
1,2013-01-24,0.018793595775697513
1,2013-01-25,0.018762318399769058
1,2013-01-26,0.018756728558140305
1,2013-01-27,0.01876542929423743
1,2013-01-28,0.018774330433297473
1,2013-01-29,0.018777640470003767
1,2013-01-30,0.01878189046796336
1,2013-01-31,0.018800961716773916
1,2013-02-01,0.018846683162515837
1,2013-02-02,0.018921616284573426
1,2013-02-03,0.01901753109355418
1,2013-02-04,0.01911851459850965
1,2013-02-05,0.019205552499498776
1,2013-02-06,0.019260592568431933
1,2013-02-07,0.019270261720551806
1,2013-02-08,0.01922993049603623
1,2013-02-09,0.019147245069662908
1,2013-02-10,0.019042561538268166
1,2013-02-11,0.018944183099090767
1,2013-02-12,0.01887916896616399
1,2013-02-13,0.01886361435108364
1,2013-02-14,0.01889712479623083
1,2013-02-15,0.018964052724577272
1,2013-02-16,0.019040536359709825
1,2013-02-17,0.019103871189183386
1,2013-02-18,0.019140326887624546
1,2013-02-19,0.01914863970634278
1,2013-02-20,0.019138120752412707
1,2013-02-21,0.019122206473190295
1,2013-02-22,0.019110299063342502
1,2013-02-23,0.019102129487038825
1,2013-02-24,0.019088283827446723
1,2013-02-25,0.019057185012088005
1,2013-02-26,0.019004430488514606
1,2013-02-27,0.018938183184415962
1,2013-02-28,0.01887655873160274
1,2013-03-01,0.01883838828773863
1,2013-03-02,0.01883324245526736
1,2013-03-03,0.018856742939304026
1,2013-03-04,0.018893248938039828
1,2013-03-05,0.018923436249758122
1,2013-03-06,0.01893231641868078
1,2013-03-07,0.018914318040468624
1,2013-03-08,0.01887425950676825
1,2013-03-09,0.018824630239535175
1,2013-03-10,0.018780394465484216
1,2013-03-11,0.018753243320953166
1,2013-03-12,0.01874768271736856
1,2013-03-13,0.018760790474893402
1,2013-03-14,0.018785447157340623
1,2013-03-15,0.018814574216904193
1,2013-03-16,0.01884337144768633
1,2013-03-17,0.018868479617901827
1,2013-03-18,0.018885886214057134
1,2013-03-19,0.018890598166298282
1,2013-03-20,0.018879345916464646
1,2013-03-21,0.01885430738401216
1,2013-03-22,0.0188241258231979
1,2013-03-23,0.018800185387625217
1,2013-03-24,0.018790078884349363
1,2013-03-25,0.018793029735392763
1,2013-03-26,0.018801047401670587
1,2013-03-27,0.018805276853383908
1,2013-03-28,0.018802766766611852
1,2013-03-29,0.018798334586156727
1,2013-03-30,0.018800025945860957
1,2013-03-31,0.018811857543270232
1,2013-04-01,0.018829855272582182
1,2013-04-02,0.0188447908980795
1,2013-04-03,0.018849492078374167
1,2013-04-04,0.01884467136722185
1,2013-04-05,0.018838235898231578
1,2013-04-06,0.018838289738558955
1,2013-04-07,0.01884529048376646
1,2013-04-08,0.018849791800540694
1,2013-04-09,0.018838125447376515
1,2013-04-10,0.01880251075369133
1,2013-04-11,0.01874876790554242
1,2013-04-12,0.018696189270514967
1,2013-04-13,0.018668950168387325
1,2013-04-14,0.018683548871815482
1,2013-04-15,0.018739279720925386
1,2013-04-16,0.018817343428366152
1,2013-04-17,0.018889551286155663
1,2013-04-18,0.01893209076406697
1,2013-04-19,0.0189367302294593
1,2013-04-20,0.0189133127182315
1,2013-04-21,0.01888268733845881
1,2013-04-22,0.018864867086191082
1,2013-04-23,0.018869430862053303
1,2013-04-24,0.018892878763809583
1,2013-04-25,0.0189229664902936
1,2013-04-26,0.018946388984150676
1,2013-04-27,0.018955442814824676
1,2013-04-28,0.01895088395140988
1,2013-04-29,0.018940392599853882
1,2013-04-30,0.01893371986846816
1,2013-05-01,0.0189366718200367
1,2013-05-02,0.01894673066010232
1,2013-05-03,0.018952886330038558
1,2013-05-04,0.018940545814267944
1,2013-05-05,0.0188995828912418
1,2013-05-06,0.018831375574843406
1,2013-05-07,0.018750851255475216
1,2013-05-08,0.018682245163763527
1,2013-05-09,0.01865055964462373
1,2013-05-10,0.018672384937130915
1,2013-05-11,0.018749304844409096
1,2013-05-12,0.01886582124110692
1,2013-05-13,0.018992786993031276
1,2013-05-14,0.01909633781804233
1,2013-05-15,0.01915018683564461
1,2013-05-16,0.019146312109514334
1,2013-05-17,0.019098054925380147
1,2013-05-18,0.019032754468190978
1,2013-05-19,0.018977364546462167
1,2013-05-20,0.018945542341529682
1,2013-05-21,0.018934066628270792
1,2013-05-22,0.018929968806047068
1,2013-05-23,0.01892225448911882
1,2013-05-24,0.01890944744064745
1,2013-05-25,0.018898254296549052
1,2013-05-26,0.018895782147531043
1,2013-05-27,0.018902217094186425
1,2013-05-28,0.018909682957633865
1,2013-05-29,0.018907805923692265
1,2013-05-30,0.018891599992174383
1,2013-05-31,0.018865956957712305
1,2013-06-01,0.018843696692330204
1,2013-06-02,0.018838600647276667
1,2013-06-03,0.018858016712162876
1,2013-06-04,0.018899494796920224
1,2013-06-05,0.018952867184884252
1,2013-06-06,0.019005618305104967
1,2013-06-07,0.019047894621448964
1,2013-06-08,0.019074790123184006
1,2013-06-09,0.019085951204539736
1,2013-06-10,0.019083965054976226
1,2013-06-11,0.019072703866204157
1,2013-06-12,0.019055879909727277
1,2013-06-13,0.019035775283070853
1,2013-06-14,0.019012535987199576
1,2013-06-15,0.018984705126463247
1,2013-06-16,0.018951177625482374
1,2013-06-17,0.018913835199344444
1,2013-06-18,0.018879479428186817
1,2013-06-19,0.018859677638901465
1,2013-06-20,0.018867705959169836
1,2013-06-21,0.018912975938275088
1,2013-06-22,0.018995072548314288
1,2013-06-23,0.019100879996107337
1,2013-06-24,0.019207675707524772
1,2013-06-25,0.01929191121968388
1,2013-06-26,0.019339405692696512
1,2013-06-27,0.019350991578061374
1,2013-06-28,0.01934003037658262
1,2013-06-29,0.019323235323958937
1,2013-06-30,0.01931035767335295
1,2013-07-01,0.019298779568147635
1,2013-07-02,0.019275901587660297
1,2013-07-03,0.019227660484148323
1,2013-07-04,0.019148104190622343
1,2013-07-05,0.01904436716495788
1,2013-07-06,0.018934029301461392
1,2013-07-07,0.018836397842441475
1,2013-07-08,0.018763217063759313
1,2013-07-09,0.018714711062209954
1,2013-07-10,0.018683076576708608
1,2013-07-11,0.018660188653799
1,2013-07-12,0.018643571582530865
1,2013-07-13,0.018636782560947574
1,2013-07-14,0.01864525926159972
1,2013-07-15,0.018671879614575976
1,2013-07-16,0.018715558361443632
1,2013-07-17,0.018772530222197527
1,2013-07-18,0.018837486130286785
1,2013-07-19,0.018902867107724885
1,2013-07-20,0.018957724143537507
1,2013-07-21,0.018989070258393154
1,2013-07-22,0.018986800046145433
1,2013-07-23,0.018949607229878773
1,2013-07-24,0.018887450015694
1,2013-07-25,0.018817991775285352
1,2013-07-26,0.018758715714113597
1,2013-07-27,0.018719544559853616
1,2013-07-28,0.01870027650996549
1,2013-07-29,0.018693560807697913
1,2013-07-30,0.018690482043763237
1,2013-07-31,0.01868494599538232
1,2013-08-01,0.018675020261172792
1,2013-08-02,0.018661965021287807
1,2013-08-03,0.01864869045137771
1,2013-08-04,0.018638546771156454
1,2013-08-05,0.018634328776861647
1,2013-08-06,0.01863738301697066
1,2013-08-07,0.018647365924909322
1,2013-08-08,0.018663222411787556
1,2013-08-09,0.018684910675585722
1,2013-08-10,0.0187143778856771
1,2013-08-11,0.01875456895361974
1,2013-08-12,0.01880677113955196
1,2013-08-13,0.01886802780384275
1,2013-08-14,0.01893049559078685
1,2013-08-15,0.018983423290404165
1,2013-08-16,0.01901688827260976
1,2013-08-17,0.019025468081835535
1,2013-08-18,0.019010079230317212
1,2013-08-19,0.01897724433242854
1,2013-08-20,0.018936510073681315
1,2013-08-21,0.018897662845963815
1,2013-08-22,0.018868994501753316
1,2013-08-23,0.018856463646819498
1,2013-08-24,0.01886261937509668
1,2013-08-25,0.018884895274629845
1,2013-08-26,0.018914516781070152
1,2013-08-27,0.01893808351878283
1,2013-08-28,0.018942469085145505
1,2013-08-29,0.018920984204953466
1,2013-08-30,0.018877155109693858
1,2013-08-31,0.018823465294732798
1,2013-09-01,0.018775373816406496
1,2013-09-02,0.018743729454267354
1,2013-09-03,0.018729765109659794
1,2013-09-04,0.01872555043391106
1,2013-09-05,0.018719730694905026
1,2013-09-06,0.01870507317466406
1,2013-09-07,0.018683002449552195
1,2013-09-08,0.018662105965875777
1,2013-09-09,0.0186518887803866
1,2013-09-10,0.01865636545637451
1,2013-09-11,0.01867192585513261
1,2013-09-12,0.018690311433154184
1,2013-09-13,0.01870380519170277
1,2013-09-14,0.01870889149908112
1,2013-09-15,0.0187067397804972
1,2013-09-16,0.01870146255701613
1,2013-09-17,0.018697890151175123
1,2013-09-18,0.018699786195253
1,2013-09-19,0.01870859241808473
1,2013-09-20,0.01872285824732091
1,2013-09-21,0.018738848393374537
1,2013-09-22,0.01875242962005533
1,2013-09-23,0.018761266859691657
1,2013-09-24,0.01876575798231286
1,2013-09-25,0.018767897233262502
1,2013-09-26,0.018768940726231174
1,2013-09-27,0.018767880359716695
1,2013-09-28,0.018762152802231917
1,2013-09-29,0.018750094317523044
1,2013-09-30,0.01873308537900248
1,2013-10-01,0.01871551481038632
1,2013-10-02,0.018702514525137773
1,2013-10-03,0.018697135783568325
1,2013-10-04,0.018698882747465975
1,2013-10-05,0.018704328935432762
1,2013-10-06,0.01870921003535738
1,2013-10-07,0.01871085465565101
1,2013-10-08,0.018709970914889573
1,2013-10-09,0.018711011418794183
1,2013-10-10,0.018720566730350552
1,2013-10-11,0.01874394313797471
1,2013-10-12,0.018781362478937275
1,2013-10-13,0.018826119699264957
1,2013-10-14,0.01886623666010429
1,2013-10-15,0.018889072058930877
1,2013-10-16,0.018886523339715706
1,2013-10-17,0.018858344464599493
1,2013-10-18,0.01881245068987373
1,2013-10-19,0.01876253707936627
1,2013-10-20,0.018723859662541996
1,2013-10-21,0.018708171149611517
1,2013-10-22,0.018719217291291577
1,2013-10-23,0.018750867615195486
1,2013-10-24,0.018789628134654617
1,2013-10-25,0.01882120029445717
1,2013-10-26,0.018837902158084497
1,2013-10-27,0.018842562002034775
1,2013-10-28,0.018846291960221508
1,2013-10-29,0.018861469411290965
1,2013-10-30,0.018894439922841077
1,2013-10-31,0.018942522804045032
1,2013-11-01,0.018996770305309614
1,2013-11-02,0.01904795196346965
1,2013-11-03,0.019091287742060307
1,2013-11-04,0.019126840035948892
1,2013-11-05,0.01915594571747994
1,2013-11-06,0.019177018546159153
1,2013-11-07,0.019184372958964115
1,2013-11-08,0.019171359061673738
1,2013-11-09,0.01913589546620045
1,2013-11-10,0.019084605168295715
1,2013-11-11,0.01903224417270331
1,2013-11-12,0.018995722004796208
1,2013-11-13,0.018985370723611332
1,2013-11-14,0.018998412344130935
1,2013-11-15,0.019019085158330392
1,2013-11-16,0.019026310741367968
1,2013-11-17,0.01900497292845218
1,2013-11-18,0.018954226522170124
1,2013-11-19,0.01888793129314835
1,2013-11-20,0.018827329817043142
1,2013-11-21,0.018790764576788774
1,2013-11-22,0.0187862758006657
1,2013-11-23,0.01881010655495735
1,2013-11-24,0.018850231418745
1,2013-11-25,0.018891847065306954
1,2013-11-26,0.01892222249599267
1,2013-11-27,0.01893394644312914
1,2013-11-28,0.018926572713195682
1,2013-11-29,0.018906441154117486
1,2013-11-30,0.018884094152848002
1,2013-12-01,0.018869404360991045
1,2013-12-02,0.01886627616772764
1,2013-12-03,0.01887001917598664
1,2013-12-04,0.01886968775246601
1,2013-12-05,0.018854758512403452
1,2013-12-06,0.018822344618974772
1,2013-12-07,0.01878017243734299
1,2013-12-08,0.018742923935669942
1,2013-12-09,0.0187238640747283
1,2013-12-10,0.018726989009178272
1,2013-12-11,0.018744795686568914
1,2013-12-12,0.01876320368510245
1,2013-12-13,0.018770484754337083
1,2013-12-14,0.018764441414008834
1,2013-12-15,0.018753270561211368
1,2013-12-16,0.01874983365677349
1,2013-12-17,0.018763515155910612
1,2013-12-18,0.018795312948976493
1,2013-12-19,0.018839142036814
1,2013-12-20,0.018887578834081938
1,2013-12-21,0.01893718456762328
1,2013-12-22,0.018989521433301897
1,2013-12-23,0.019047811923816597
1,2013-12-24,0.019112428306367547
1,2013-12-25,0.01917852491113429
1,2013-12-26,0.019236819482591733
1,2013-12-27,0.01927641654194355
1,2013-12-28,0.019288269347788503
1,2013-12-29,0.019268631609710214
1,2013-12-30,0.019221895305199084
1,2013-12-31,0.019161271167706398
1,2014-01-01,0.019105393743523654
1,2014-01-02,0.019070689774753614
1,2014-01-03,0.019062709683678167
1,2014-01-04,0.019071892498227674
1,2014-01-05,0.019077840295143752
1,2014-01-06,0.019061057970981142
1,2014-01-07,0.01901554952389672
1,2014-01-08,0.01895398050696605
1,2014-01-09,0.01890131375016877
1,2014-01-10,0.018880429799049338
1,2014-01-11,0.018898823643579966
1,2014-01-12,0.018944819820546476
1,2014-01-13,0.01899529758657196
1,2014-01-14,0.019029391760173292
1,2014-01-15,0.019039277367013063
1,2014-01-16,0.019031732070197198
1,2014-01-17,0.019020433163958714
1,2014-01-18,0.0190146908379978
1,2014-01-19,0.01901226760293481
1,2014-01-20,0.019001150613210886
1,2014-01-21,0.01896913137156445
1,2014-01-22,0.018914421440247117
1,2014-01-23,0.01884931032047757
1,2014-01-24,0.018793611698193637
1,2014-01-25,0.018762336511651767
1,2014-01-26,0.018756747720937852
1,2014-01-27,0.01876544808666796
1,2014-01-28,0.018774346217870615
1,2014-01-29,0.01877765056631613
1,2014-01-30,0.01878189384184722
1,2014-01-31,0.018800957194864958
1,2014-02-01,0.018846669907708273
1,2014-02-02,0.01892159569421738
1,2014-02-03,0.019017506722616956
1,2014-02-04,0.01911849151516437
1,2014-02-05,0.019205535772117182
1,2014-02-06,0.019260584851784564
1,2014-02-07,0.01927026317928227
1,2014-02-08,0.01922993924055284
1,2014-02-09,0.019147256232813662
1,2014-02-10,0.019042568538361376
1,2014-02-11,0.018944179373499657
1,2014-02-12,0.01887914891026091
1,2014-02-13,0.01886357464516701
1,2014-02-14,0.018897067909714137
1,2014-02-15,0.01896398634504153
1,2014-02-16,0.01904046847582852
1,2014-02-17,0.019103808033625238
1,2014-02-18,0.019140273276278683
1,2014-02-19,0.01914859819456166
1,2014-02-20,0.019138090889662247
1,2014-02-21,0.0191221869879992
1,2014-02-22,0.019110286905350136
1,2014-02-23,0.019102122741442573
1,2014-02-24,0.019088282576739873
1,2014-02-25,0.019057189024967024
1,2014-02-26,0.019004439296873246
1,2014-02-27,0.018938195206287697
1,2014-02-28,0.018876571931075354
1,2014-03-01,0.018838401408894343
1,2014-03-02,0.018833255250778728
1,2014-03-03,0.018856755566631776
1,2014-03-04,0.018893262648786924
1,2014-03-05,0.018923451240699406
1,2014-03-06,0.018932332350539437
1,2014-03-07,0.018914335049823497
1,2014-03-08,0.018874277709480622
1,2014-03-09,0.018824647326367957
1,2014-03-10,0.018780410626833104
1,2014-03-11,0.018753258778785142
1,2014-03-12,0.018747697040237283
1,2014-03-13,0.018760802585545445
1,2014-03-14,0.018785456830468707
1,2014-03-15,0.018814582065249517
1,2014-03-16,0.018843377549330506
1,2014-03-17,0.018868483999970015
1,2014-03-18,0.018885889060750304
1,2014-03-19,0.018890599393077887
1,2014-03-20,0.018879344977285363
1,2014-03-21,0.018854304319739466
1,2014-03-22,0.018824120720579603
1,2014-03-23,0.018800179011768125
1,2014-03-24,0.018790072215006552
1,2014-03-25,0.018793022037685545
1,2014-03-26,0.018801036244747146
1,2014-03-27,0.018805260108125384
1,2014-03-28,0.0188027442913733
1,2014-03-29,0.018798309092100837
1,2014-03-30,0.018800000716104937
1,2014-03-31,0.01881183466752891
1,2014-04-01,0.018829835611411733
1,2014-04-02,0.018844774241681763
1,2014-04-03,0.01884947778569375
1,2014-04-04,0.018844659419479003
1,2014-04-05,0.0188382267748063
1,2014-04-06,0.018838284305738043
1,2014-04-07,0.018845290786916883
1,2014-04-08,0.018849800043143967
1,2014-04-09,0.01883814298347111
1,2014-04-10,0.01880253896028394
1,2014-04-11,0.01874880848994357
1,2014-04-12,0.018696244555152928
1,2014-04-13,0.01866901976760582
1,2014-04-14,0.01868362812096493
1,2014-04-15,0.018739362748080697
1,2014-04-16,0.01881742566772785
1,2014-04-17,0.01888963029296122
1,2014-04-18,0.018932166545492155
1,2014-04-19,0.018936804026463708
1,2014-04-20,0.01891338579325168
1,2014-04-21,0.018882760027027868
1,2014-04-22,0.018864939851122097
1,2014-04-23,0.018869503506308345
1,2014-04-24,0.01889294947374969
1,2014-04-25,0.01892303263600741
1,2014-04-26,0.018946447613539277
1,2014-04-27,0.0189554938037235
1,2014-04-28,0.018950929191108586
1,2014-04-29,0.018940432778790612
1,2014-04-30,0.01893375473199015
1,2014-05-01,0.018936701010835028
1,2014-05-02,0.018946755624456586
1,2014-05-03,0.01895290879592357
1,2014-05-04,0.01894056694152623
1,2014-05-05,0.018899604157244253
1,2014-05-06,0.018831398514355165
1,2014-05-07,0.018750876891424583
1,2014-05-08,0.018682274328694386
1,2014-05-09,0.018650592205828886
1,2014-05-10,0.018672418305278025
1,2014-05-11,0.018749333667977694
1,2014-05-12,0.018865840583005576
1,2014-05-13,0.018992794040528446
1,2014-05-14,0.0190963314117543
1,2014-05-15,0.019150167774078772
1,2014-05-16,0.01914628293561316
1,2014-05-17,0.019098019163127884
1,2014-05-18,0.01903271699099996
1,2014-05-19,0.018977329551661013
1,2014-05-20,0.018945512326775948
1,2014-05-21,0.018934043187987516
1,2014-05-22,0.01892995360627253
1,2014-05-23,0.018922248245751123
1,2014-05-24,0.018909449728788486
1,2014-05-25,0.018898262258520468
1,2014-05-26,0.018895790586910564
1,2014-05-27,0.0189022214397091
1,2014-05-28,0.018909679597703125
1,2014-05-29,0.018907793698914398
1,2014-05-30,0.018891582905819906
1,2014-05-31,0.018865943147015136
1,2014-06-01,0.01884369510889294
1,2014-06-02,0.018838618635266195
1,2014-06-03,0.018858056128534025
1,2014-06-04,0.018899552141684185
1,2014-06-05,0.018952933943100197
1,2014-06-06,0.019005683788961752
1,2014-06-07,0.019047951051284224
1,2014-06-08,0.019074833927858883
1,2014-06-09,0.019085982473146825
1,2014-06-10,0.019083989573755816
1,2014-06-11,0.019072729930547337
1,2014-06-12,0.0190559141711368
1,2014-06-13,0.01903582007385847
1,2014-06-14,0.019012590634046762
1,2014-06-15,0.018984767141194105
1,2014-06-16,0.01895124364539439
1,2014-06-17,0.018913900491975333
1,2014-06-18,0.01887953955053788
1,2014-06-19,0.018859730741795564
1,2014-06-20,0.01886775154971283
1,2014-06-21,0.01891301307239298
1,2014-06-22,0.01899510064611447
1,2014-06-23,0.019100899750926305
1,2014-06-24,0.01920768894365971
1,2014-06-25,0.019291919322391746
1,2014-06-26,0.019339409663804562
1,2014-06-27,0.01935099280884528
1,2014-06-28,0.01934002899556396
1,2014-06-29,0.019323230641843128
1,2014-06-30,0.019310350265116273
1,2014-07-01,0.0192987708567703
1,2014-07-02,0.019275892895607372
1,2014-07-03,0.01922765134978245
1,2014-07-04,0.019148089009195218
1,2014-07-05,0.019044339775364735
1,2014-07-06,0.01893397922865932
1,2014-07-07,0.01883631310846217
1,2014-07-08,0.018763089104381046
1,2014-07-09,0.018714539207641108
1,2014-07-10,0.018682869013753167
1,2014-07-11,0.01865996034999058
1,2014-07-12,0.018643338041027607
1,2014-07-13,0.01863655511090265
1,2014-07-14,0.018645034559489553
1,2014-07-15,0.018671640504991864
1,2014-07-16,0.0187152874385808
1,2014-07-17,0.018772213197777648
1,2014-07-18,0.018837119281596013
1,2014-07-19,0.018902464120312792
1,2014-07-20,0.018957309573116688
1,2014-07-21,0.018988672093505812
1,2014-07-22,0.018986444146330862
1,2014-07-23,0.018949312590210033
1,2014-07-24,0.018887224238244082
1,2014-07-25,0.018817833157926796
1,2014-07-26,0.018758618436530625
1,2014-07-27,0.018719500792253874
1,2014-07-28,0.018700280462721208
1,2014-07-29,0.018693600950211196
1,2014-07-30,0.018690543089574883
1,2014-07-31,0.018685011112999854
1,2014-08-01,0.018675077044524518
1,2014-08-02,0.01866200678845342
1,2014-08-03,0.018648713250461482
1,2014-08-04,0.018638547272718978
1,2014-08-05,0.018634307142282563
1,2014-08-06,0.01863734312743878
1,2014-08-07,0.01864731316266348
1,2014-08-08,0.018663162204118844
1,2014-08-09,0.018684848310580638
1,2014-08-10,0.018714317925746377
1,2014-08-11,0.01875451463592825
1,2014-08-12,0.018806722222819677
1,2014-08-13,0.018867981288992034
1,2014-08-14,0.018930446636356856
1,2014-08-15,0.0189833656292298
1,2014-08-16,0.019016813282466898
1,2014-08-17,0.019025366828346713
1,2014-08-18,0.019009942662655915
1,2014-08-19,0.01897706993865033
1,2014-08-20,0.018936306572277007
1,2014-08-21,0.018897449611369712
1,2014-08-22,0.018868791817860543
1,2014-08-23,0.018856273750365322
1,2014-08-24,0.018862443691392422
1,2014-08-25,0.018884728084673827
1,2014-08-26,0.018914348916281257
1,2014-08-27,0.01893790187772316
1,2014-08-28,0.01894225885492793
1,2014-08-29,0.01892072989629418
1,2014-08-30,0.018876849719847818
1,2014-08-31,0.018823111484906077
1,2014-09-01,0.01877498942592048
1,2014-09-02,0.01874334465015753
1,2014-09-03,0.01872941142013189
1,2014-09-04,0.018725252602952755
1,2014-09-05,0.018719502858825832
1,2014-09-06,0.018704923129041106
1,2014-09-07,0.018682915594931557
1,2014-09-08,0.01866205856825249
1,2014-09-09,0.018651854748950918
1,2014-09-10,0.01865632769827672
1,2014-09-11,0.01867187613403755
1,2014-09-12,0.018690249035057623
1,2014-09-13,0.018703735690209954
1,2014-09-14,0.018708820437581476
1,2014-09-15,0.018706671784353236
1,2014-09-16,0.01870140245905099
1,2014-09-17,0.018697844836472896
1,2014-09-18,0.018699764632109643
1,2014-09-19,0.018708603068328594
1,2014-09-20,0.01872289883274522
1,2014-09-21,0.018738904397542878
1,2014-09-22,0.018752482174301317
1,2014-09-23,0.0187612945928192
1,2014-09-24,0.018765740980259356
1,2014-09-25,0.018767830602930507
1,2014-09-26,0.01876882527876601
1,2014-09-27,0.018767724426256793
1,2014-09-28,0.01876196688606649
1,2014-09-29,0.018749889081773444
1,2014-09-30,0.01873286771662455
1,2014-10-01,0.01871528876324654
1,2014-10-02,0.018702281501918876
1,2014-10-03,0.018696898911671374
1,2014-10-04,0.01869864858007091
1,2014-10-05,0.018704104315974537
1,2014-10-06,0.01870900293257169
1,2014-10-07,0.018710671291803503
1,2014-10-08,0.01870981150443059
1,2014-10-09,0.01871087242914378
1,2014-10-10,0.01872044214273289
1,2014-10-11,0.018743818618688086
1,2014-10-12,0.01878122461933691
1,2014-10-13,0.018825960244034094
1,2014-10-14,0.0188660567505789
1,2014-10-15,0.018888881595653516
1,2014-10-16,0.018886337930369687
1,2014-10-17,0.018858180988828663
1,2014-10-18,0.018812324913575172
1,2014-10-19,0.01876245099049599
1,2014-10-20,0.01872380529799381
1,2014-10-21,0.018708136760955906
1,2014-10-22,0.018719191576587847
1,2014-10-23,0.018750839768043974
1,2014-10-24,0.01878958885537177
1,2014-10-25,0.018821140199624612
1,2014-10-26,0.018837814795102773
1,2014-10-27,0.018842446046519974
1,2014-10-28,0.018846152389603757
1,2014-10-29,0.018861314499030044
1,2014-10-30,0.01889427715978847
1,2014-10-31,0.01894235672808018
1,2014-11-01,0.018996601702160224
1,2014-11-02,0.01904777767105204
1,2014-11-03,0.019091107042305166
1,2014-11-04,0.019126657398510133
1,2014-11-05,0.019155769956838358
1,2014-11-06,0.019176860454973233
1,2014-11-07,0.019184241680468048
1,2014-11-08,0.019171256923734885
1,2014-11-09,0.019135818870238085
1,2014-11-10,0.01908454579071287
1,2014-11-11,0.019032193176591106
1,2014-11-12,0.018995672547724392
1,2014-11-13,0.0189853170033764
1,2014-11-14,0.0189983504084344
1,2014-11-15,0.019019014728544396
1,2014-11-16,0.019026232354016914
1,2014-11-17,0.01900488994941819
1,2014-11-18,0.018954145432987235
1,2014-11-19,0.018887859574463966
1,2014-11-20,0.01882727245091193
1,2014-11-21,0.018790722584916767
1,2014-11-22,0.01878624300982951
1,2014-11-23,0.018810075414990534
1,2014-11-24,0.01885019723632984
1,2014-11-25,0.01889180834900054
1,2014-11-26,0.018922180902705914
1,2014-11-27,0.018933906840980144
1,2014-11-28,0.018926541240773472
1,2014-11-29,0.018906423388525308
1,2014-11-30,0.01888408853318898
1,2014-12-01,0.018869404609351933
1,2014-12-02,0.01886627624653092
1,2014-12-03,0.01887001663033614
1,2014-12-04,0.018869682185716472
1,2014-12-05,0.01885475144543893
1,2014-12-06,0.018822337877739247
1,2014-12-07,0.018780168654037626
1,2014-12-08,0.01874292583346938
1,2014-12-09,0.01872387344004397
1,2014-12-10,0.018727005304650636
1,2014-12-11,0.018744817181948956
1,2014-12-12,0.0187632288901829
1,2014-12-13,0.01877051274273396
1,2014-12-14,0.01876446932631925
1,2014-12-15,0.018753294246400397
1,2014-12-16,0.01874985065167759
1,2014-12-17,0.018763525372335388
1,2014-12-18,0.01879531715145916
1,2014-12-19,0.018839142598288033
1,2014-12-20,0.01888757764758218
1,2014-12-21,0.01893718276476834
1,2014-12-22,0.018989518899592085
1,2014-12-23,0.019047808753030273
1,2014-12-24,0.01911242517080435
1,2014-12-25,0.019178521547142703
1,2014-12-26,0.019236815128492724
1,2014-12-27,0.0192764094924583
1,2014-12-28,0.01928825846406499
1,2014-12-29,0.01926861700440803
1,2014-12-30,0.01922187778130015
1,2014-12-31,0.01916125242194174
1,2015-01-01,0.019105375647973037
1,2015-01-02,0.01907067445331585
1,2015-01-03,0.019062697621792503
1,2015-01-04,0.01907188290880504
1,2015-01-05,0.01907783237537652
1,2015-01-06,0.019061051762305867
1,2015-01-07,0.019015545407213223
1,2015-01-08,0.018953979256789173
1,2015-01-09,0.018901317075813173
1,2015-01-10,0.018880439058399246
1,2015-01-11,0.018898837553440427
1,2015-01-12,0.018944836522803134
1,2015-01-13,0.01899531576849822
1,2015-01-14,0.01902941098893132
1,2015-01-15,0.019039296072711976
1,2015-01-16,0.019031748739994983
1,2015-01-17,0.019020447847778486
1,2015-01-18,0.019014703247458013
1,2015-01-19,0.01901227694562641
1,2015-01-20,0.01900115517534607
1,2015-01-21,0.018969129368964582
1,2015-01-22,0.018914411160643983
1,2015-01-23,0.01884929229831679
1,2015-01-24,0.01879358595489015
1,2015-01-25,0.018762304419255207
1,2015-01-26,0.01875671125625493
1,2015-01-27,0.01876541052333289
1,2015-01-28,0.01877431258255727
1,2015-01-29,0.018777625495508102
1,2015-01-30,0.0187818805088534
1,2015-01-31,0.018800958027181635
1,2015-02-01,0.01884668849138176
1,2015-02-02,0.018921634510362585
1,2015-02-03,0.019017557823231834
1,2015-02-04,0.0191185473344384
1,2015-02-05,0.019205590306378813
1,2015-02-06,0.01926063457202397
1,2015-02-07,0.01927030651090915
1,2015-02-08,0.019229975843398514
1,2015-02-09,0.01914728776400498
1,2015-02-10,0.019042597255466278
1,2015-02-11,0.018944206158969572
1,2015-02-12,0.018879173749691457
1,2015-02-13,0.018863596203632906
1,2015-02-14,0.018897083009887284
1,2015-02-15,0.018963994799059778
1,2015-02-16,0.019040473375328253
1,2015-02-17,0.019103814388907087
1,2015-02-18,0.019140282047766004
1,2015-02-19,0.019148612031715955
1,2015-02-20,0.019138113836535173
1,2015-02-21,0.01912221784128222
1,2015-02-22,0.019110324681253944
1,2015-02-23,0.019102165275711132
1,2015-02-24,0.01908832924912248
1,2015-02-25,0.019057239544859578
1,2015-02-26,0.01900449132020709
1,2015-02-27,0.018938243505190765
1,2015-02-28,0.018876614485695938
1,2015-03-01,0.018838436381380854
1,2015-03-02,0.01883328322574378
1,2015-03-03,0.018856776637875747
1,2015-03-04,0.018893274956424663
1,2015-03-05,0.01892345557155025
1,2015-03-06,0.018932333247104284
1,2015-03-07,0.01891433830220389
1,2015-03-08,0.018874286158427418
1,2015-03-09,0.018824661121901336
1,2015-03-10,0.018780426826548437
1,2015-03-11,0.018753273419853632
1,2015-03-12,0.018747707412231987
1,2015-03-13,0.0187608080790818
1,2015-03-14,0.018785457400702046
1,2015-03-15,0.018814578328344562
1,2015-03-16,0.01884337114707482
1,2015-03-17,0.018868476565918522
1,2015-03-18,0.018885881252129366
1,2015-03-19,0.018890594478270812
1,2015-03-20,0.018879351109906718
1,2015-03-21,0.01885432581230344
1,2015-03-22,0.01882415740724616
1,2015-03-23,0.018800230295480655
1,2015-03-24,0.01879013642546216
1,2015-03-25,0.018793095415482998
1,2015-03-26,0.018801121567495745
1,2015-03-27,0.01880535553301449
1,2015-03-28,0.01880284585102394
1,2015-03-29,0.018798411074646033
1,2015-03-30,0.018800097445540443
1,2015-03-31,0.018811921717914126
1,2015-04-01,0.018829908930982724
1,2015-04-02,0.018844830263929597
1,2015-04-03,0.018849516749576932
1,2015-04-04,0.018844688604947275
1,2015-04-05,0.018838249933501253
1,2015-04-06,0.0188383008954486
1,2015-04-07,0.018845299008706726
1,2015-04-08,0.01884979878698144
1,2015-04-09,0.018838133158574723
1,2015-04-10,0.018802522113333286
1,2015-04-11,0.018748785125624515
1,2015-04-12,0.018696213416803296
1,2015-04-13,0.018668979985033626
1,2015-04-14,0.0186835818213995
1,2015-04-15,0.01873931229015237
1,2015-04-16,0.018817372008596688
1,2015-04-17,0.018889574563844096
1,2015-04-18,0.018932108952009308
1,2015-04-19,0.01893674473842012
1,2015-04-20,0.018913324751614266
1,2015-04-21,0.0188826973015477
1,2015-04-22,0.0188648744335941
1,2015-04-23,0.0188694344051711
1,2015-04-24,0.01889287781296589
1,2015-04-25,0.018922961522239445
1,2015-04-26,0.018946381563314626
1,2015-04-27,0.018955435209532055
1,2015-04-28,0.01895087838830922
1,2015-04-29,0.018940390222777673
1,2015-04-30,0.018933720102285754
1,2015-05-01,0.01893667382527049
1,2015-05-02,0.01894673411609701
1,2015-05-03,0.01895289091038784
1,2015-05-04,0.018940551195254573
1,2015-05-05,0.018899588835207995
1,2015-05-06,0.01883138165198809
1,2015-05-07,0.018750856786050926
1,2015-05-08,0.018682249729803656
1,2015-05-09,0.018650563259304878
1,2015-05-10,0.018672387606723122
1,2015-05-11,0.018749305956174068
1,2015-05-12,0.018865819565582916
1,2015-05-13,0.01899278114527643
1,2015-05-14,0.01909632641097433
1,2015-05-15,0.01915016905934929
1,2015-05-16,0.019146288899948925
1,2015-05-17,0.019098028008018356
1,2015-05-18,0.019032727089459793
1,2015-05-19,0.018977339690995267
1,2015-05-20,0.01894552105239157
1,2015-05-21,0.018934048485781854
1,2015-05-22,0.018929953746017584
1,2015-05-23,0.018922243454565776
1,2015-05-24,0.018909442935348776
1,2015-05-25,0.01889825889512521
1,2015-05-26,0.018895796724549708
1,2015-05-27,0.0189022395446055
1,2015-05-28,0.018909705625878792
1,2015-05-29,0.018907820225996998
1,2015-05-30,0.018891601946100286
1,2015-05-31,0.018865948133641706
1,2015-06-01,0.01884368159148898
1,2015-06-02,0.018838583304812057
1,2015-06-03,0.01885799743108667
1,2015-06-04,0.018899469669770932
1,2015-06-05,0.01895283092888018
1,2015-06-06,0.019005567292633464
1,2015-06-07,0.019047828101519837
1,2015-06-08,0.01907471153407984
1,2015-06-09,0.019085869052761512
1,2015-06-10,0.019083890966862298
1,2015-06-11,0.019072648010218237
1,2015-06-12,0.019055847073006085
1,2015-06-13,0.01903576462209503
1,2015-06-14,0.01901254416720376
1,2015-06-15,0.018984728643352176
1,2015-06-16,0.0189512137286774
1,2015-06-17,0.0189138817058936
1,2015-06-18,0.018879531199045906
1,2015-06-19,0.018859727616068942
1,2015-06-20,0.018867748673192224
1,2015-06-21,0.018913007499190317
1,2015-06-22,0.018995091219725237
1,2015-06-23,0.01910088687586332
1,2015-06-24,0.019207674973572154
1,2015-06-25,0.019291907576350662
1,2015-06-26,0.019339403883383496
1,2015-06-27,0.019350994171102313
1,2015-06-28,0.019340038857394718
1,2015-06-29,0.01932324956669354
1,2015-06-30,0.019310377211129562
1,2015-07-01,0.019298802984225184
1,2015-07-02,0.019275924978811716
1,2015-07-03,0.01922767970330186
1,2015-07-04,0.019148116877807826
1,2015-07-05,0.01904437327101665
1,2015-07-06,0.0189340273987846
1,2015-07-07,0.01883638236255735
1,2015-07-08,0.018763181022604596
1,2015-07-09,0.01871464675057112
1,2015-07-10,0.018682981272666543
1,2015-07-11,0.018660067150799396
1,2015-07-12,0.01864342414932962
1,2015-07-13,0.0186366099790497
1,2015-07-14,0.01864505512897648
1,2015-07-15,0.01867163073010033
1,2015-07-16,0.01871525488429746
1,2015-07-17,0.0187721684966121
1,2015-07-18,0.018837072742541927
1,2015-07-19,0.018902424634722408
1,2015-07-20,0.01895728389806424
1,2015-07-21,0.018988664194854763
1,2015-07-22,0.018986455545172466
1,2015-07-23,0.01894934158423906
1,2015-07-24,0.01888726664835942
1,2015-07-25,0.01881788112648206
1,2015-07-26,0.018758664280294927
1,2015-07-27,0.018719538823811437
1,2015-07-28,0.018700306722249486
1,2015-07-29,0.018693616469785217
1,2015-07-30,0.018690550903789342
1,2015-07-31,0.018685015378781287
1,2015-08-01,0.018675085339360634
1,2015-08-02,0.01866202781323443
1,2015-08-03,0.018648755901879525
1,2015-08-04,0.018638613184817812
1,2015-08-05,0.018634395030895475
1,2015-08-06,0.018637448290088305
1,2015-08-07,0.018647432470513862
1,2015-08-08,0.018663295987214664
1,2015-08-09,0.018684997450596298
1,2015-08-10,0.01871448141692077
1,2015-08-11,0.018754688578363984
1,2015-08-12,0.01880690014020827
1,2015-08-13,0.018868152174098176
1,2015-08-14,0.018930597328480955
1,2015-08-15,0.018983486978670937
1,2015-08-16,0.019016906490928943
1,2015-08-17,0.019025438437868917
1,2015-08-18,0.01901000293814066
1,2015-08-19,0.01897712326192274
1,2015-08-20,0.018936351454485904
1,2015-08-21,0.018897479495879447
1,2015-08-22,0.018868799730854348
1,2015-08-23,0.018856256356808685
1,2015-08-24,0.018862398149403402
1,2015-08-25,0.018884655916309362
1,2015-08-26,0.018914246646063903
1,2015-08-27,0.018937768030094008
1,2015-08-28,0.018942100668196352
1,2015-08-29,0.018920566872865273
1,2015-08-30,0.018876697439900746
1,2015-08-31,0.018822985120162703
1,2015-09-01,0.018774896647357563
1,2015-09-02,0.018743283320640076
1,2015-09-03,0.018729371664733506
1,2015-09-04,0.01872522361296774
1,2015-09-05,0.018719475086937897
1,2015-09-06,0.018704887039811977
1,2015-09-07,0.018682872085001478
1,2015-09-08,0.01866201479677969
1,2015-09-09,0.01865182024440835
1,2015-09-10,0.018656307605714035
1,2015-09-11,0.01867187001900672
1,2015-09-12,0.018690254182378973
1,2015-09-13,0.01870374836596844
1,2015-09-14,0.018708837696047878
1,2015-09-15,0.018706690701464877
1,2015-09-16,0.018701419572089345
1,2015-09-17,0.018697856082022037
1,2015-09-18,0.018699767596274376
1,2015-09-19,0.01870859471928036
1,2015-09-20,0.018722883122743863
1,2015-09-21,0.018738891032993893
1,2015-09-22,0.01875247827938157
1,2015-09-23,0.01876130319628225
1,2015-09-24,0.018765761815599864
1,2015-09-25,0.018767855252190494
1,2015-09-26,0.018768851130079634
1,2015-09-27,0.0187677510615725
1,2015-09-28,0.018761995927791097
1,2015-09-29,0.018749922949217415
1,2015-09-30,0.01873290759173691
1,2015-10-01,0.018715333632812765
1,2015-10-02,0.018702330893212857
1,2015-10-03,0.01869695258635143
1,2015-10-04,0.018698696034959758
1,2015-10-05,0.018704136668052228
1,2015-10-06,0.018709014207667855
1,2015-10-07,0.01871065801250469
1,2015-10-08,0.01870977249531401
1,2015-10-09,0.01871081211443077
1,2015-10-10,0.018720368554819445
1,2015-10-11,0.018743742014233948
1,2015-10-12,0.01878115317513671
1,2015-10-13,0.018825899132106295
1,2015-10-14,0.018866007388382476
1,2015-10-15,0.01888884138691121
1,2015-10-16,0.01888630310333135
1,2015-10-17,0.018858148254399222
1,2015-10-18,0.01881229254356448
1,2015-10-19,0.0187624207682312
1,2015-10-20,0.018723779660194957
1,2015-10-21,0.01870811842064721
1,2015-10-22,0.018719182855966042
1,2015-10-23,0.01875084088530842
1,2015-10-24,0.01878960136245206
1,2015-10-25,0.018821166961076333
1,2015-10-26,0.018837857345245197
1,2015-10-27,0.018842504052885335
1,2015-10-28,0.018846222672323186
1,2015-10-29,0.018861390368825896
1,2015-10-30,0.018894350907275804
1,2015-10-31,0.018942420381183024
1,2015-11-01,0.018996651483952312
1,2015-11-02,0.01904781832580712
1,2015-11-03,0.019091146288956074
1,2015-11-04,0.01912669900903428
1,2015-11-05,0.019155812408182916
1,2015-11-06,0.019176900271061552
1,2015-11-07,0.019184276332269722
1,2015-11-08,0.019171286827919614
1,2015-11-09,0.019135847849946905
1,2015-11-10,0.019084577719464882
1,2015-11-11,0.019032230785627754
1,2015-11-12,0.01899571645866275
1,2015-11-13,0.018985368965105515
1,2015-11-14,0.018998414597614553
1,2015-11-15,0.019019096371365778
1,2015-11-16,0.019026336270348353
1,2015-11-17,0.01900501594304787
1,2015-11-18,0.018954290800931427
1,2015-11-19,0.018888020129799423
1,2015-11-20,0.01882744554639452
1,2015-11-21,0.01879090661292108
1,2015-11-22,0.01878643734868412
1,2015-11-23,0.018810276571105348
1,2015-11-24,0.018850399689215036
1,2015-11-25,0.018892007636423156
1,2015-11-26,0.01892237061072047
1,2015-11-27,0.01893408148004843
1,2015-11-28,0.01892669636330241
1,2015-11-29,0.018906553394358667
1,2015-11-30,0.018884192287183195
1,2015-12-01,0.01886948650763166
1,2015-12-02,0.01886634271752723
1,2015-12-03,0.018870074375203136
1,2015-12-04,0.018869738649871456
1,2015-12-05,0.01885481278310741
1,2015-12-06,0.01882240834715105
1,2015-12-07,0.018780249670991556
1,2015-12-08,0.018743015391901957
1,2015-12-09,0.018723969230455217
1,2015-12-10,0.018727105231069893
1,2015-12-11,0.01874491834980748
1,2015-12-12,0.01876332562931654
1,2015-12-13,0.018770601318490253
1,2015-12-14,0.018764551911832135
1,2015-12-15,0.01875337479340164
1,2015-12-16,0.018749930980743863
1,2015-12-17,0.018763605398501713
1,2015-12-18,0.018795395204862432
1,2015-12-19,0.01883921608844301
1,2015-12-20,0.018887645299929007
1,2015-12-21,0.018937244492774695
1,2015-12-22,0.01898957490313121
1,2015-12-23,0.019047859849313512
1,2015-12-24,0.019112473059621615
1,2015-12-25,0.019178569371771384
1,2015-12-26,0.01923686636913371
1,2015-12-27,0.019276468170971523
1,2015-12-28,0.019288327868804772
1,2015-12-29,0.01926869769194742
1,2015-12-30,0.019221969795252068
1,2015-12-31,0.01916135573647623
1,2016-01-01,0.019105490078930126
1,2016-01-02,0.019070799323811217
1,2016-01-03,0.019062833353485086
1,2016-01-04,0.019072030675793446
1,2016-01-05,0.01907799195141618
1,2016-01-06,0.019061225028452426
1,2016-01-07,0.019015732659498706
1,2016-01-08,0.01895417797355879
1,2016-01-09,0.01890151995264522
1,2016-01-10,0.018880634238465244
1,2016-01-11,0.01889901603089821
1,2016-01-12,0.018944994621770666
1,2016-01-13,0.018995452840225708
1,2016-01-14,0.01902952791069506
1,2016-01-15,0.019039395678085214
1,2016-01-16,0.01903183472650143
1,2016-01-17,0.01902052607733175
1,2016-01-18,0.01901478005161159
1,2016-01-19,0.019012357016631364
1,2016-01-20,0.019001241695364227
1,2016-01-21,0.01896922462580347
1,2016-01-22,0.018914515918537052
1,2016-01-23,0.018849403435230085
1,2016-01-24,0.018793699616059197
1,2016-01-25,0.01876241851838022
1,2016-01-26,0.01875682402631967
1,2016-01-27,0.01876551864670967
1,2016-01-28,0.018774412221754896
1,2016-01-29,0.01877771324742348
1,2016-01-30,0.018781952251664572
1,2016-01-31,0.018801009737404346
1,2016-02-01,0.01884671584619871
1,2016-02-02,0.01892163502569282
1,2016-02-03,0.01901753982157754
1,2016-02-04,0.019118519416089306
1,2016-02-05,0.019205560568821108
1,2016-02-06,0.019260610043941515
1,2016-02-07,0.019270291571540126
1,2016-02-08,0.019229972249947568
1,2016-02-09,0.019147294762691558
1,2016-02-10,0.0190426117060763
1,2016-02-11,0.018944224473077316
1,2016-02-12,0.018879194102415276
1,2016-02-13,0.018863618802442347
1,2016-02-14,0.018897110979305035
1,2016-02-15,0.01896402832400097
1,2016-02-16,0.019040509787205208
1,2016-02-17,0.019103848447398743
1,2016-02-18,0.019140311280600102
1,2016-02-19,0.0191486340452713
1,2016-02-20,0.01913812568847798
1,2016-02-21,0.01912222165747451
1,2016-02-22,0.019110322513758757
1,2016-02-23,0.01910216188287981
1,2016-02-24,0.01908832586615319
1,2016-02-25,0.019057234767406582
1,2016-02-26,0.019004484646316572
1,2016-02-27,0.018938237959080576
1,2016-02-28,0.01887660999887962
1,2016-02-29,0.01883843263390619
1,2016-03-01,0.018833278029749847
1,2016-03-02,0.018856769290764894
1,2016-03-03,0.018893266609603592
1,2016-03-04,0.018923447129449728
1,2016-03-05,0.01893232359397579
1,2016-03-06,0.018914324004024558
1,2016-03-07,0.018874265990354373
1,2016-03-08,0.018824635885639738
1,2016-03-09,0.018780399318270503
1,2016-03-10,0.018753247584701337
1,2016-03-11,0.018747686372740813
1,2016-03-12,0.018760793819311554
1,2016-03-13,0.018785450920121096
1,2016-03-14,0.01881457973524419
1,2016-03-15,0.018843379662947995
1,2016-03-16,0.018868490550027338
1,2016-03-17,0.018885899012477215
1,2016-03-18,0.01889061195319749
1,2016-03-19,0.018879359233704505
1,2016-03-20,0.018854318550612363
1,2016-03-21,0.018824131554868926
1,2016-03-22,0.01880018559100681
1,2016-03-23,0.01879007646526777
1,2016-03-24,0.018793028217902685
1,2016-03-25,0.018801047103732208
1,2016-03-26,0.018805276576590226
1,2016-03-27,0.018802765788433144
1,2016-03-28,0.018798334628473395
1,2016-03-29,0.01880002876051649
1,2016-03-30,0.018811863815362456
1,2016-03-31,0.018829864511711317
1,2016-04-01,0.01884480249871674
1,2016-04-02,0.018849505721835275
1,2016-04-03,0.018844686995727212
1,2016-04-04,0.018838254165177912
1,2016-04-05,0.01883831112946253
1,2016-04-06,0.01884531559753968
1,2016-04-07,0.01884981936317208
1,2016-04-08,0.018838153017472162
1,2016-04-09,0.018802536620822347
1,2016-04-10,0.018748791634657275
1,2016-04-11,0.01869621062824224
1,2016-04-12,0.018668968268088885
1,2016-04-13,0.018683563301942804
1,2016-04-14,0.0187392898810574
1,2016-04-15,0.018817349412456184
1,2016-04-16,0.018889554364727047
1,2016-04-17,0.01893209332810972
1,2016-04-18,0.018936734847579767
1,2016-04-19,0.018913320831716422
1,2016-04-20,0.018882699738138255
1,2016-04-21,0.018864883517860153
1,2016-04-22,0.018869448523003714
1,2016-04-23,0.01889289565117726
1,2016-04-24,0.018922981766484097
1,2016-04-25,0.01894640372118297
1,2016-04-26,0.01895545849069218
1,2016-04-27,0.018950901465899
1,2016-04-28,0.018940412191019034
1,2016-04-29,0.018933741676596314
1,2016-04-30,0.018936696661521913
1,2016-05-01,0.0189467593463567
1,2016-05-02,0.018952919363440363
1,2016-05-03,0.01894058476693676
1,2016-05-04,0.018899629063296234
1,2016-05-05,0.018831428417555425
1,2016-05-06,0.01875090951996307
1,2016-05-07,0.01868230767987464
1,2016-05-08,0.018650624946330074
1,2016-05-09,0.018672452268233126
1,2016-05-10,0.01874937306715846
1,2016-05-11,0.018865889207567946
1,2016-05-12,0.018992854188725553
1,2016-05-13,0.0190964057870717
1,2016-05-14,0.019150254521399474
1,2016-05-15,0.019146378619613914
1,2016-05-16,0.019098122703162652
1,2016-05-17,0.019032828707419035
1,2016-05-18,0.018977450059960318
1,2016-05-19,0.018945638002485148
1,2016-05-20,0.01893416385688424
1,2016-05-21,0.018930058833443567
1,2016-05-22,0.018922332679156623
1,2016-05-23,0.018909514023206682
1,2016-05-24,0.01889831028016121
1,2016-05-25,0.018895826687565422
1,2016-05-26,0.018902247209182505
1,2016-05-27,0.018909693462149817
1,2016-05-28,0.018907796324121408
1,2016-05-29,0.018891573745306502
1,2016-05-30,0.01886592088320726
1,2016-05-31,0.01884365832045505
1,2016-06-01,0.018838565706535935
1,2016-06-02,0.01885798574617323
1,2016-06-03,0.018899464814321462
1,2016-06-04,0.01895283394646293
1,2016-06-05,0.019005577186101644
1,2016-06-06,0.019047842963002663
1,2016-06-07,0.019074729030460976
1,2016-06-08,0.019085886772835802
1,2016-06-09,0.019083906248317208
1,2016-06-10,0.01907266004049891
1,2016-06-11,0.01905585731389317
1,2016-06-12,0.019035774474023725
1,2016-06-13,0.01901255228001882
1,2016-06-14,0.01898473118482366
1,2016-06-15,0.018951207945215046
1,2016-06-16,0.018913866043291705
1,2016-06-17,0.01887950868481579
1,2016-06-18,0.01885970541911996
1,2016-06-19,0.018867733445388633
1,2016-06-20,0.018913004991276784
1,2016-06-21,0.018995104489820894
1,2016-06-22,0.01910091745966928
1,2016-06-23,0.019207722787760444
1,2016-06-24,0.019291971919322873
1,2016-06-25,0.01933948111983665
1,2016-06-26,0.0193510811140624
1,2016-06-27,0.019340133453072835
1,2016-06-28,0.01932335183943037
1,2016-06-29,0.01931048771078814
1,2016-06-30,0.01929892024753512
1,2016-07-01,0.019276044857258767
1,2016-07-02,0.019227797966841834
1,2016-07-03,0.019148228581785626
1,2016-07-04,0.01904447338540917
1,2016-07-05,0.018934111603585192
1,2016-07-06,0.018836449460445485
1,2016-07-07,0.018763233396920646
1,2016-07-08,0.01871469297198254
1,2016-07-09,0.018683031769736933
1,2016-07-10,0.018660125333732822
1,2016-07-11,0.018643491938501944
1,2016-07-12,0.018636688810935657
1,2016-07-13,0.01864514353662981
1,2016-07-14,0.018671724601429133
1,2016-07-15,0.01871535226820077
1,2016-07-16,0.018772269665349995
1,2016-07-17,0.018837175309825004
1,2016-07-18,0.01890252041613465
1,2016-07-19,0.018957364108081205
1,2016-07-20,0.018988720456500265
1,2016-07-21,0.018986479957839194
1,2016-07-22,0.018949330569482763
1,2016-07-23,0.018887222365809992
1,2016-07-24,0.01881781139158443
1,2016-07-25,0.018758579432312905
1,2016-07-26,0.018719451581168868
1,2016-07-27,0.018700227760908746
1,2016-07-28,0.018693550764020486
1,2016-07-29,0.01869049909722951
1,2016-07-30,0.01868497718878032
1,2016-07-31,0.018675054067192564
1,2016-08-01,0.018661993619781346
1,2016-08-02,0.01864871051126324
1,2016-08-03,0.018638559398556753
1,2016-08-04,0.018634340392514385
1,2016-08-05,0.018637398506326855
1,2016-08-06,0.018647388659839028
1,2016-08-07,0.018663252471553468
1,2016-08-08,0.018684945414763468
1,2016-08-09,0.018714411211262532
1,2016-08-10,0.018754594073240736
1,2016-08-11,0.018806784064127245
1,2016-08-12,0.01886802500363341
1,2016-08-13,0.018930476216796416
1,2016-08-14,0.018983384490380485
1,2016-08-15,0.0190168234964163
1,2016-08-16,0.019025367596299716
1,2016-08-17,0.019009934985225983
1,2016-08-18,0.018977056856615684
1,2016-08-19,0.018936294325388296
1,2016-08-20,0.018897443619820924
1,2016-08-21,0.018868796602418338
1,2016-08-22,0.018856295309193846
1,2016-08-23,0.018862480835965055
1,2016-08-24,0.01888477353035345
1,2016-08-25,0.018914387847210598
1,2016-08-26,0.018937919624324225
1,2016-08-27,0.018942254951789896
1,2016-08-28,0.018920717049070772
1,2016-08-29,0.018876839847980005
1,2016-08-30,0.01882311903336049
1,2016-08-31,0.01877502498707066
1,2016-09-01,0.018743411465917896
1,2016-09-02,0.01872950709268204
1,2016-09-03,0.0187253714763498
1,2016-09-04,0.018719634168375774
1,2016-09-05,0.018705052736104948
1,2016-09-06,0.01868303652574669
1,2016-09-07,0.018662168625105172
1,2016-09-08,0.01865195509942575
1,2016-09-09,0.01865642243977579
1,2016-09-10,0.01867196596205702
1,2016-09-11,0.0186903301735923
1,2016-09-12,0.018703804863362792
1,2016-09-13,0.01870887693167743
1,2016-09-14,0.018706717418303907
1,2016-09-15,0.018701437943360672
1,2016-09-16,0.018697869691452023
1,2016-09-17,0.0186997755565845
1,2016-09-18,0.01870859431193066
1,2016-09-19,0.018722870319232244
1,2016-09-20,0.018738863511980598
1,2016-09-21,0.01875243601386431
1,2016-09-22,0.018761252242661775
1,2016-09-23,0.018765712941629816
1,2016-09-24,0.018767817113688946
1,2016-09-25,0.01876882415245143
1,2016-09-26,0.018767730181270672
1,2016-09-27,0.01876197470986447
1,2016-09-28,0.018749896726746797
1,2016-09-29,0.018732877850310175
1,2016-09-30,0.01871531195726133
1,2016-10-01,0.018702331667448377
1,2016-10-02,0.018696982868319806
1,2016-10-03,0.01869876125663673
1,2016-10-04,0.018704236675826432
1,2016-10-05,0.018709141048350218
1,2016-10-06,0.018710800708330956
1,2016-10-07,0.018709919094810276
1,2016-10-08,0.01871095442972238
1,2016-10-09,0.018720504135414498
1,2016-10-10,0.01874386987724309
1,2016-10-11,0.01878127313800413
1,2016-10-12,0.01882601190251311
1,2016-10-13,0.018866113612178336
1,2016-10-14,0.018888942941509952
1,2016-10-15,0.01888640318294307
1,2016-10-16,0.018858250281688638
1,2016-10-17,0.01881239687305628
1,2016-10-18,0.018762523094685752
1,2016-10-19,0.01872387323670763
1,2016-10-20,0.018708197043516363
1,2016-10-21,0.018719242477444248
1,2016-10-22,0.018750880316343657
1,2016-10-23,0.018789619184010044
1,2016-10-24,0.018821162189347592
1,2016-10-25,0.0188378323638785
1,2016-10-26,0.018842463490217436
1,2016-10-27,0.018846173784893745
1,2016-10-28,0.018861342600773507
1,2016-10-29,0.018894313102669872
1,2016-10-30,0.018942399692116963
1,2016-10-31,0.018996647885279504
1,2016-11-01,0.019047823467976312
1,2016-11-02,0.019091149112647105
1,2016-11-03,0.019126694153555557
1,2016-11-04,0.01915580045613272
1,2016-11-05,0.019176885556610825
1,2016-11-06,0.019184263919078962
1,2016-11-07,0.019171280101701913
1,2016-11-08,0.019135846036425506
1,2016-11-09,0.01908457829179461
1,2016-11-10,0.019032228799524868
1,2016-11-11,0.018995708185880814
1,2016-11-12,0.018985352436247393
1,2016-11-13,0.018998387011561774
1,2016-11-14,0.019019054025252318
1,2016-11-15,0.019026274370782442
1,2016-11-16,0.01900493216743342
1,2016-11-17,0.018954184315983967
1,2016-11-18,0.01888789262766765
1,2016-11-19,0.0188273008755096
1,2016-11-20,0.018790750310406012
1,2016-11-21,0.018786272757082362
1,2016-11-22,0.01881010815575297
1,2016-11-23,0.018850232533857744
1,2016-11-24,0.01889184624741125
1,2016-11-25,0.01892222212212877
1,2016-11-26,0.0189339533563736
1,2016-11-27,0.018926595151277228
1,2016-11-28,0.018906484585315173
1,2016-11-29,0.018884155563917013
1,2016-11-30,0.01886947481495095
1,2016-12-01,0.018866346990795573
1,2016-12-02,0.018870085007829728
1,2016-12-03,0.018869746935913794
1,2016-12-04,0.018854812022315783
1,2016-12-05,0.018822392315834647
1,2016-12-06,0.01878021369108638
1,2016-12-07,0.018742957842836312
1,2016-12-08,0.01872389201282497
1,2016-12-09,0.018727013160247302
1,2016-12-10,0.01874482012562544
1,2016-12-11,0.01876323273151949
1,2016-12-12,0.018770519389921567
1,2016-12-13,0.01876447983395859
1,2016-12-14,0.018753309191447968
1,2016-12-15,0.018749868290587536
1,2016-12-16,0.018763542936896582
1,2016-12-17,0.018795334311490972
1,2016-12-18,0.01883916070699924
1,2016-12-19,0.01888759748826606
1,2016-12-20,0.018937202967807744
1,2016-12-21,0.018989537979009173
1,2016-12-22,0.019047825010510142
1,2016-12-23,0.01911243787542925
1,2016-12-24,0.019178532456792744
1,2016-12-25,0.019236827389209087
1,2016-12-26,0.019276426299215818
1,2016-12-27,0.019288282527246785
1,2016-12-28,0.019268648958236427
1,2016-12-29,0.019221917591891867
1,2016-12-30,0.019161299115767038
1,2016-12-31,0.019161303576732524
1,2017-01-01,0.019105436104411073
1,2017-01-02,0.019070741487637485
1,2017-01-03,0.019062766438756415
1,2017-01-04,0.01907194834484779
1,2017-01-05,0.01907789041501445
1,2017-01-06,0.01906110162177371
1,2017-01-07,0.01901559026168233
1,2017-01-08,0.01895402440772637
1,2017-01-09,0.018901364588734277
1,2017-01-10,0.01888048780347074
1,2017-01-11,0.01889888467095249
1,2017-01-12,0.01894487894795321
1,2017-01-13,0.01899535109909933
1,2017-01-14,0.019029439739443682
1,2017-01-15,0.01903932169380567
1,2017-01-16,0.019031773201429746
1,2017-01-17,0.019020472186311015
1,2017-01-18,0.019014727585069346
1,2017-01-19,0.01901230101247242
1,2017-01-20,0.019001180639946057
1,2017-01-21,0.01896915882417436
1,2017-01-22,0.01891444663423149
1,2017-01-23,0.01884933377320657
1,2017-01-24,0.018793631501945712
1,2017-01-25,0.018762352672661534
1,2017-01-26,0.01875676094674164
1,2017-01-27,0.01876545989923405
1,2017-01-28,0.018774358918308687
1,2017-01-29,0.01877766636231265
1,2017-01-30,0.018781911950345183
1,2017-01-31,0.018800976442968357
1,2017-02-01,0.018846688349789847
1,2017-02-02,0.01892161052269492
1,2017-02-03,0.019017515340388317
1,2017-02-04,0.019118494086775965
1,2017-02-05,0.01920553451096014
1,2017-02-06,0.019260583623567546
1,2017-02-07,0.019270265193904696
1,2017-02-08,0.01922994629378817
1,2017-02-09,0.019147269843874153
1,2017-02-10,0.01904258702476895
1,2017-02-11,0.018944200212921845
1,2017-02-12,0.018879169311151692
1,2017-02-13,0.018863591773537434
1,2017-02-14,0.0188970800138661
1,2017-02-15,0.018963993239557025
1,2017-02-16,0.019040471396802823
1,2017-02-17,0.019103808318109265
1,2017-02-18,0.01914027084043141
1,2017-02-19,0.019148592833155634
1,2017-02-20,0.019138083936314613
1,2017-02-21,0.019122180215060722
1,2017-02-22,0.0191102824044858
1,2017-02-23,0.019102123241538916
1,2017-02-24,0.019088287541628658
1,2017-02-25,0.01905719782928651
1,2017-02-26,0.019004451410489873
1,2017-02-27,0.01893821003786451
1,2017-02-28,0.0188765877934865
1,2017-03-01,0.0188384170563555
1,2017-03-02,0.01883327120582395
1,2017-03-03,0.01885677382655006
1,2017-03-04,0.018893285343750833
1,2017-03-05,0.018923481381157264
1,2017-03-06,0.018932372382945626
1,2017-03-07,0.018914385076442712
1,2017-03-08,0.01887433594042343
1,2017-03-09,0.018824712894753914
1,2017-03-10,0.01878048112430587
1,2017-03-11,0.018753328423423306
1,2017-03-12,0.018747759086711134
1,2017-03-13,0.018760854328083196
1,2017-03-14,0.018785498645883372
1,2017-03-15,0.018814616045783827
1,2017-03-16,0.018843405192511223
1,2017-03-17,0.01886850620068375
1,2017-03-18,0.018885906098895216
1,2017-03-19,0.01889061154529305
1,2017-03-20,0.01887935257558539
1,2017-03-21,0.01885430829945841
1,2017-03-22,0.018824122736056065
1,2017-03-23,0.01880018136960244
1,2017-03-24,0.018790078053010667
1,2017-03-25,0.018793033894173975
1,2017-03-26,0.01880105516257174
1,2017-03-27,0.018805285907319315
1,2017-03-28,0.01880277623901015
1,2017-03-29,0.018798345892514924
1,2017-03-30,0.018800040513962193
1,2017-03-31,0.01881187620485482
1,2017-04-01,0.01882987737737821
1,2017-04-02,0.018844814936833626
1,2017-04-03,0.018849516968511455
1,2017-04-04,0.018844696972467653
1,2017-04-05,0.01883826185717197
1,2017-04-06,0.018838316907128536
1,2017-04-07,0.018845320767397183
1,2017-04-08,0.018849827109025375
1,2017-04-09,0.018838167260705963
1,2017-04-10,0.01880256072367175
1,2017-04-11,0.01874882640145185
1,2017-04-12,0.018696254156631658
1,2017-04-13,0.01866901844416608
1,2017-04-14,0.018683617909232692
1,2017-04-15,0.01873934599181181
1,2017-04-16,0.018817402710116737
1,2017-04-17,0.018889600371537047
1,2017-04-18,0.01893212863996489
1,2017-04-19,0.01893675827340762
1,2017-04-20,0.018913334834155245
1,2017-04-21,0.018882707534698572
1,2017-04-22,0.018864887081683206
1,2017-04-23,0.01886945061326007
1,2017-04-24,0.018892897893652533
1,2017-04-25,0.01892298549689186
1,2017-04-26,0.018946410103880366
1,2017-04-27,0.01895546914879171
1,2017-04-28,0.01895091883284724
1,2017-04-29,0.018940438491042242
1,2017-04-30,0.018933776345257607
1,2017-05-01,0.018936736083087075
1,2017-05-02,0.01894679922724605
1,2017-05-03,0.01895295540323904
1,2017-05-04,0.01894061303235876
1,2017-05-05,0.018899647930837687
1,2017-05-06,0.018831439318152555
1,2017-05-07,0.018750912969915226
1,2017-05-08,0.01868230268434875
1,2017-05-09,0.018650611198852352
1,2017-05-10,0.018672429449032853
1,2017-05-11,0.018749340853433348
1,2017-05-12,0.018865846870456664
1,2017-05-13,0.018992800923584484
1,2017-05-14,0.019096339808136853
1,2017-05-15,0.019150177221916385
1,2017-05-16,0.019146293006695108
1,2017-05-17,0.019098029679022896
1,2017-05-18,0.01903272798281692
1,2017-05-19,0.018977341054273282
1,2017-05-20,0.018945523509516334
1,2017-05-21,0.01893405212951804
1,2017-05-22,0.01892995810132032
1,2017-05-23,0.01892224744709821
1,2017-05-24,0.01890944447519644
1,2017-05-25,0.018898255207359427
1,2017-05-26,0.018895784843177072
1,2017-05-27,0.018902216846959228
1,2017-05-28,0.018909672703216522
1,2017-05-29,0.01890778009116305
1,2017-05-30,0.018891558356029816
1,2017-05-31,0.018865905388789652
1,2017-06-01,0.018843647185009738
1,2017-06-02,0.0188385670584865
1,2017-06-03,0.018858007426502642
1,2017-06-04,0.018899510295302773
1,2017-06-05,0.01895290212986156
1,2017-06-06,0.01900566398716251
1,2017-06-07,0.01904794053705274
1,2017-06-08,0.01907482791313142
1,2017-06-09,0.01908598013275998
1,2017-06-10,0.019083989865584648
1,2017-06-11,0.019072729478928817
1,2017-06-12,0.019055909466457133
1,2017-06-13,0.019035808589953275
1,2017-06-14,0.0190125711802028
1,2017-06-15,0.018984743357391552
1,2017-06-16,0.01895122422934298
1,2017-06-17,0.018913897747097414
1,2017-06-18,0.018879561691776615
1,2017-06-19,0.018859774769957715
1,2017-06-20,0.018867808632519134
1,2017-06-21,0.018913075275271852
1,2017-06-22,0.018995161035054733
1,2017-06-23,0.019100953501830973
1,2017-06-24,0.019207734368328552
1,2017-06-25,0.01929195542990428
1,2017-06-26,0.019339435727728366
1,2017-06-27,0.019351008225716476
1,2017-06-28,0.019340036194101892
1,2017-06-29,0.01932323274275026
1,2017-06-30,0.01931034769122136
1,2017-07-01,0.019298760463082317
1,2017-07-02,0.019275870197806143
1,2017-07-03,0.019227613861170955
1,2017-07-04,0.019148037080476465
1,2017-07-05,0.019044276369941156
1,2017-07-06,0.018933912233330907
1,2017-07-07,0.018836251371140735
1,2017-07-08,0.01876303920595871
1,2017-07-09,0.018714503898082317
1,2017-07-10,0.0186828481563487
1,2017-07-11,0.01865995382863032
1,2017-07-12,0.018643345786006845
1,2017-07-13,0.018636578648729207
1,2017-07-14,0.018645073459640605
1,2017-07-15,0.01867169254421016
1,2017-07-16,0.01871534884136896
1,2017-07-17,0.01877228010064417
1,2017-07-18,0.018837186849438536
1,2017-07-19,0.01890253007463729
1,2017-07-20,0.018957372624759574
1,2017-07-21,0.01898873216603221
1,2017-07-22,0.018986500907285583
1,2017-07-23,0.01894936415078433
1,2017-07-24,0.01888726796798903
1,2017-07-25,0.018817866597939444
1,2017-07-26,0.01875864111881999
1,2017-07-27,0.018719518377238266
1,2017-07-28,0.018700302217935758
1,2017-07-29,0.0186936408872421
1,2017-07-30,0.01869061566875948
1,2017-07-31,0.018685125318679226
1,2017-08-01,0.018675231558226094
1,2017-08-02,0.01866219686876756
1,2017-08-03,0.018648931484733948
1,2017-08-04,0.018638785253519374
1,2017-08-05,0.018634550027028938
1,2017-08-06,0.01863757395071477
1,2017-08-07,0.01864751525331586
1,2017-08-08,0.018663326767248654
1,2017-08-09,0.018684978988240748
1,2017-08-10,0.018714423122248153
1,2017-08-11,0.018754606416074363
1,2017-08-12,0.01880681294101048
1,2017-08-13,0.018868082240981018
1,2017-08-14,0.018930564974341316
1,2017-08-15,0.018983490109550014
1,2017-08-16,0.01901692708596145
1,2017-08-17,0.01902545546912014
1,2017-08-18,0.01901000123406707
1,2017-08-19,0.018977098407265598
1,2017-08-20,0.01893630169008994
1,2017-08-21,0.01889740177356036
1,2017-08-22,0.01886869246150715
1,2017-08-23,0.018856127047668755
1,2017-08-24,0.018862257359548447
1,2017-08-25,0.018884516996096057
1,2017-08-26,0.018914124041563028
1,2017-08-27,0.01893767614973152
1,2017-08-28,0.018942049912570508
1,2017-08-29,0.01892055782539012
1,2017-08-30,0.018876720498580978
1,2017-08-31,0.018823022525747087
1,2017-09-01,0.01877493111076186
1,2017-09-02,0.018743303954130316
1,2017-09-03,0.018729376274050823
1,2017-09-04,0.018725215183622915
1,2017-09-05,0.01871946042616816
1,2017-09-06,0.018704877212681232
1,2017-09-07,0.01868287633912178
1,2017-09-08,0.018662040762588407
1,2017-09-09,0.018651872078967565
1,2017-09-10,0.01865638862196123
1,2017-09-11,0.01867198179949984
1,2017-09-12,0.018690389819304647
1,2017-09-13,0.01870390035376656
1,2017-09-14,0.018709000427616907
1,2017-09-15,0.01870686113493944
1,2017-09-16,0.018701594363867122
1,2017-09-17,0.01869803246192864
1,2017-09-18,0.018699939849487514
1,2017-09-19,0.018708759931981463
1,2017-09-20,0.018723042132376445
1,2017-09-21,0.018739044529686284
1,2017-09-22,0.01875262408030874
1,2017-09-23,0.018761438405695687
1,2017-09-24,0.01876588835837074
1,2017-09-25,0.01876797291600178
1,2017-09-26,0.018768950145216953
1,2017-09-27,0.018767819226895924
1,2017-09-28,0.018762025782090345
1,2017-09-29,0.01874991568171257
1,2017-09-30,0.018732869447168687
1,2017-10-01,0.018715273747012467
1,2017-10-02,0.01870225843419625
1,2017-10-03,0.018696872979561963
1,2017-10-04,0.01869861776106012
1,2017-10-05,0.018704065053086305
1,2017-10-06,0.01870895176290717
1,2017-10-07,0.018710604391174487
1,2017-10-08,0.018709730361782428
1,2017-10-09,0.018710784175756185
1,2017-10-10,0.018720354838855813
1,2017-10-11,0.018743740332653414
1,2017-10-12,0.018781160090067705
1,2017-10-13,0.0188259130860834
1,2017-10-14,0.018866026157692912
1,2017-10-15,0.01888886257919467
1,2017-10-16,0.018886323640876605
1,2017-10-17,0.0188581652297232
1,2017-10-18,0.018812303381489405
1,2017-10-19,0.018762422929622113
1,2017-10-20,0.018723773786216646
1,2017-10-21,0.018708109181708878
1,2017-10-22,0.01871917916696925
1,2017-10-23,0.018750854141219277
1,2017-10-24,0.018789637807480566
1,2017-10-25,0.018821225199757863
1,2017-10-26,0.018837932588479857
1,2017-10-27,0.01884259096266834
1,2017-10-28,0.018846315848452738
1,2017-10-29,0.0188614853030828
1,2017-10-30,0.018894444330317964
1,2017-10-31,0.018942514707304885
1,2017-11-01,0.018996750405877217
1,2017-11-02,0.019047918093811705
1,2017-11-03,0.01909123894300638
1,2017-11-04,0.019126779048064625
1,2017-11-05,0.01915587957507642
1,2017-11-06,0.019176953758042417
1,2017-11-07,0.019184311263993874
1,2017-11-08,0.019171298464032073
1,2017-11-09,0.019135834511695527
1,2017-11-10,0.01908454519173889
1,2017-11-11,0.019032185852330394
1,2017-11-12,0.018995663378318588
1,2017-11-13,0.018985310037057477
1,2017-11-14,0.018998349907358585
1,2017-11-15,0.019019022585087107
1,2017-11-16,0.019026248016716055
1,2017-11-17,0.0190049109083813
1,2017-11-18,0.018954169373930005
1,2017-11-19,0.01888788860013849
1,2017-11-20,0.018827309646565215
1,2017-11-21,0.018790767303813516
1,2017-11-22,0.01878629167404719
1,2017-11-23,0.01881012190497867
1,2017-11-24,0.01885024028037187
1,2017-11-25,0.018891851768156245
1,2017-11-26,0.018922229569871562
1,2017-11-27,0.018933962910925764
1,2017-11-28,0.018926604243239158
1,2017-11-29,0.01890649140422901
1,2017-11-30,0.018884159561252098
1,2017-12-01,0.01886947554430854
1,2017-12-02,0.01886634273468032
1,2017-12-03,0.0188700772440349
1,2017-12-04,0.018869738653938196
1,2017-12-05,0.018854805651364652
1,2017-12-06,0.01882238870724835
1,2017-12-07,0.018780211723366875
1,2017-12-08,0.018742957235025153
1,2017-12-09,0.018723892172084332
1,2017-12-10,0.018727013697471612
1,2017-12-11,0.018744820402427698
1,2017-12-12,0.018763232996733353
1,2017-12-13,0.018770522192458967
1,2017-12-14,0.01876448626825081
1,2017-12-15,0.018753316975296065
1,2017-12-16,0.018749873419605604
1,2017-12-17,0.018763543794765494
1,2017-12-18,0.018795330109790228
1,2017-12-19,0.0188391502233232
1,2017-12-20,0.01888758084646962
1,2017-12-21,0.018937183122639863
1,2017-12-22,0.018989520196023253
1,2017-12-23,0.019047814430906796
1,2017-12-24,0.0191124369046455
1,2017-12-25,0.01917854047099352
1,2017-12-26,0.019236840891054232
1,2017-12-27,0.019276439937486935
1,2017-12-28,0.019288291436522893
1,2017-12-29,0.019268650288414152
1,2017-12-30,0.01922191086640223
1,2017-12-31,0.019161286937536954
1,2018-01-01,0.019105413205787507
1,2018-01-02,0.019070714475206307
1,2018-01-03,0.019062737647432645
1,2018-01-04,0.01907192054306106
1,2018-01-05,0.019077866810398462
1,2018-01-06,0.01906108339846745
1,2018-01-07,0.019015574194122246
1,2018-01-08,0.018954004768884838
1,2018-01-09,0.01890133843295242
1,2018-01-10,0.018880454778467524
1,2018-01-11,0.01889884745471949
1,2018-01-12,0.018944842535383734
1,2018-01-13,0.018995319692767684
1,2018-01-14,0.019029414119956387
1,2018-01-15,0.0190392982649502
1,2018-01-16,0.01903174863667117
1,2018-01-17,0.01902044392271199
1,2018-01-18,0.01901469404873254
1,2018-01-19,0.019012262916570623
1,2018-01-20,0.019001140301509477
1,2018-01-21,0.0189691184904607
1,2018-01-22,0.01891440898622629
1,2018-01-23,0.018849301987392562
1,2018-01-24,0.018793607279527006
1,2018-01-25,0.018762336632150437
1,2018-01-26,0.018756752729902418
1,2018-01-27,0.018765459865448815
1,2018-01-28,0.01877436881221986
1,2018-01-29,0.018777684045534364
1,2018-01-30,0.018781933105637624
1,2018-01-31,0.018800996761195364
1,2018-02-01,0.018846707070563448
1,2018-02-02,0.01892163003221523
1,2018-02-03,0.01901753768515309
1,2018-02-04,0.01911851951704999
1,2018-02-05,0.019205559991750564
1,2018-02-06,0.01926060509051121
1,2018-02-07,0.019270281121076906
1,2018-02-08,0.019229955603859223
1,2018-02-09,0.019147272033428715
1,2018-02-10,0.019042584556621785
1,2018-02-11,0.0189441957141403
1,2018-02-12,0.018879165558370853
1,2018-02-13,0.018863587337425977
1,2018-02-14,0.01889707405142216
1,2018-02-15,0.018963984614312788
1,2018-02-16,0.01904046064929137
1,2018-02-17,0.019103797996588765
1,2018-02-18,0.019140263099504107
1,2018-02-19,0.01914858877897668
1,2018-02-20,0.019138083811162537
1,2018-02-21,0.019122183095876807
1,2018-02-22,0.019110285848920387
1,2018-02-23,0.019102125000200067
1,2018-02-24,0.01908828650668427
1,2018-02-25,0.019057192306959073
1,2018-02-26,0.01900443989038685
1,2018-02-27,0.0189381924674687
1,2018-02-28,0.018876566361252817
1,2018-03-01,0.018838393335578785
1,2018-03-02,0.01883324488341438
1,2018-03-03,0.018856743816814642
1,2018-03-04,0.018893250152789635
1,2018-03-05,0.018923439542999625
1,2018-03-06,0.01893232299492898
1,2018-03-07,0.018914328820464812
1,2018-03-08,0.01887427505323423
1,2018-03-09,0.018824649354066778
1,2018-03-10,0.018780417856841803
1,2018-03-11,0.018753271976061418
1,2018-03-12,0.018747716950673177
1,2018-03-13,0.01876082989015227
1,2018-03-14,0.01878549170639894
1,2018-03-15,0.018814625050071664
1,2018-03-16,0.018843429442647653
1,2018-03-17,0.018868544679917044
1,2018-03-18,0.018885956775952124
1,2018-03-19,0.018890672481449926
1,2018-03-20,0.01887942102978003
1,2018-03-21,0.018854380842984287
1,2018-03-22,0.01882419498761327
1,2018-03-23,0.018800247615242235
1,2018-03-24,0.018790132385167267
1,2018-03-25,0.018793071646466514
1,2018-03-26,0.01880107453369237
1,2018-03-27,0.018805288305218146
1,2018-03-28,0.018802765963152255
1,2018-03-29,0.018798328635069524
1,2018-03-30,0.018800021565682702
1,2018-03-31,0.018811858188423226
1,2018-04-01,0.018829860835092645
1,2018-04-02,0.01884479954591992
1,2018-04-03,0.018849501691473047
1,2018-04-04,0.018844680398730003
1,2018-04-05,0.018838243491564984
1,2018-04-06,0.01883829615497456
1,2018-04-07,0.018845297314875987
1,2018-04-08,0.01884980051117438
1,2018-04-09,0.01883813671593634
1,2018-04-10,0.018802524688394554
1,2018-04-11,0.01874878428918778
1,2018-04-12,0.018696207501174445
1,2018-04-13,0.018668969565197462
1,2018-04-14,0.018683568776133974
1,2018-04-15,0.0187392994153308
1,2018-04-16,0.018817362982727973
1,2018-04-17,0.018889571871085198
1,2018-04-18,0.01893211382585327
1,2018-04-19,0.018936757489212263
1,2018-04-20,0.018913344949700917
1,2018-04-21,0.018882723595600715
1,2018-04-22,0.018864905629844473
1,2018-04-23,0.0188694696495723
1,2018-04-24,0.018892917185662973
1,2018-04-25,0.018923005933491638
1,2018-04-26,0.01894643146727047
1,2018-04-27,0.01895548915450064
1,2018-04-28,0.01895093320622271
1,2018-04-29,0.018940442053350593
1,2018-04-30,0.018933765927088557
1,2018-05-01,0.01893671123800276
1,2018-05-02,0.018946760819127696
1,2018-05-03,0.018952906013421974
1,2018-05-04,0.01894055674464102
1,2018-05-05,0.018899589253751556
1,2018-05-06,0.018831380960536975
1,2018-05-07,0.018750857918335005
1,2018-05-08,0.0186822546914025
1,2018-05-09,0.018650573822458976
1,2018-05-10,0.01867240618725366
1,2018-05-11,0.018749334482400168
1,2018-05-12,0.01886586017937843
1,2018-05-13,0.018992835871521885
1,2018-05-14,0.019096396469066364
1,2018-05-15,0.019150254185891023
1,2018-05-16,0.01914638851134017
1,2018-05-17,0.01909814137574594
1,2018-05-18,0.019032850243065426
1,2018-05-19,0.018977468927980627
1,2018-05-20,0.01894565346485829
1,2018-05-21,0.018934182891172574
1,2018-05-22,0.018930091141241633
1,2018-05-23,0.018922387108710536
1,2018-05-24,0.018909595648696608
1,2018-05-25,0.018898422735109808
1,2018-05-26,0.018895970830882004
1,2018-05-27,0.01890242150723127
1,2018-05-28,0.018909894859003826
1,2018-05-29,0.018908017044234077
1,2018-05-30,0.018891803381204535
1,2018-05-31,0.018866148086921834
1,2018-06-01,0.018843874817946242
1,2018-06-02,0.018838766805181144
1,2018-06-03,0.018858173690812642
1,2018-06-04,0.018899645235420925
1,2018-06-05,0.018953012629902084
1,2018-06-06,0.019005758238849493
1,2018-06-07,0.019048024662724806
1,2018-06-08,0.019074902771280555
1,2018-06-09,0.019086038153535517
1,2018-06-10,0.019084024592318803
1,2018-06-11,0.019072741623778335
1,2018-06-12,0.0190559046182066
1,2018-06-13,0.019035794259990593
1,2018-06-14,0.019012554460263422
1,2018-06-15,0.018984726436938403
1,2018-06-16,0.018951205001721007
1,2018-06-17,0.018913870378859894
1,2018-06-18,0.018879522368390553
1,2018-06-19,0.018859725583812322
1,2018-06-20,0.018867755063807088
1,2018-06-21,0.01891302141819147
1,2018-06-22,0.018995109183819144
1,2018-06-23,0.01910090524511312
1,2018-06-24,0.019207690191170055
1,2018-06-25,0.019291916010798753
1,2018-06-26,0.01933940187924757
1,2018-06-27,0.01935098030114411
1,2018-06-28,0.019340012978811664
1,2018-06-29,0.01932321247815457
1,2018-06-30,0.01931033215840717
1,2018-07-01,0.019298756187829925
1,2018-07-02,0.019275884770028628
1,2018-07-03,0.019227654299688347
1,2018-07-04,0.019148110848184564
1,2018-07-05,0.019044390707660695
1,2018-07-06,0.018934071436074108
1,2018-07-07,0.018836458570837572
1,2018-07-08,0.018763296734906693
1,2018-07-09,0.018714807661645422
1,2018-07-10,0.01868319089692483
1,2018-07-11,0.01866032531974517
1,2018-07-12,0.018643734236804085
1,2018-07-13,0.018636970045778616
1,2018-07-14,0.018645459280932693
1,2018-07-15,0.018672070524675382
1,2018-07-16,0.018715719347464223
1,2018-07-17,0.018772642496079534
1,2018-07-18,0.01883753881922891
1,2018-07-19,0.018902860915393397
1,2018-07-20,0.01895767181143289
1,2018-07-21,0.018988989208469927
1,2018-07-22,0.018986711274929062
1,2018-07-23,0.018949528455273333
1,2018-07-24,0.018887389607119717
1,2018-07-25,0.018817954278015955
1,2018-07-26,0.01875870509093474
1,2018-07-27,0.018719562159830075
1,2018-07-28,0.018700322031764697
1,2018-07-29,0.018693628621733772
1,2018-07-30,0.01869056299381643
1,2018-07-31,0.018685031741230596
1,2018-08-01,0.018675105395878647
1,2018-08-02,0.01866204752879341
1,2018-08-03,0.018648769608933635
1,2018-08-04,0.018638623487544637
1,2018-08-05,0.0186344069382869
1,2018-08-06,0.018637467376046515
1,2018-08-07,0.018647462373802135
1,2018-08-08,0.018663337568322547
1,2018-08-09,0.01868504976295892
1,2018-08-10,0.01871454339126207
1,2018-08-11,0.01875476187244687
1,2018-08-12,0.018806989432428034
1,2018-08-13,0.01886826543069487
1,2018-08-14,0.01893073913418905
1,2018-08-15,0.018983654795755346
1,2018-08-16,0.019017089600444365
1,2018-08-17,0.019025625006285577
1,2018-08-18,0.0190101862513236
1,2018-08-19,0.018977304719077985
1,2018-08-20,0.01893652881433985
1,2018-08-21,0.018897644604290952
1,2018-08-22,0.01886893959904557
1,2018-08-23,0.018856363399834097
1,2018-08-24,0.018862467970577702
1,2018-08-25,0.018884693421246986
1,2018-08-26,0.018914269477278627
1,2018-08-27,0.018937800133592107
1,2018-08-28,0.018942164647025334
1,2018-08-29,0.018920673233229733
1,2018-08-30,0.01887684328292987
1,2018-08-31,0.018823157866122715
1,2018-09-01,0.018775075455011548
1,2018-09-02,0.018743447292148496
1,2018-09-03,0.018729508029477232
1,2018-09-04,0.01872532789176396
1,2018-09-05,0.018719550107714655
1,2018-09-06,0.0187049399804032
1,2018-09-07,0.0186829106665465
1,2018-09-08,0.018662045270889764
1,2018-09-09,0.018651847032200214
1,2018-09-10,0.01865633274969522
1,2018-09-11,0.01867189656548793
1,2018-09-12,0.018690284131163026
1,2018-09-13,0.0187037824835258
1,2018-09-14,0.018708878080883565
1,2018-09-15,0.018706743417848948
1,2018-09-16,0.01870149159258502
1,2018-09-17,0.018697950409592805
1,2018-09-18,0.018699880143739106
1,2018-09-19,0.01870871911640802
1,2018-09-20,0.01872301150731674
1,2018-09-21,0.0187390169419342
1,2018-09-22,0.018752599734844243
1,2018-09-23,0.01876141956469579
1,2018-09-24,0.018765872386530144
1,2018-09-25,0.018767955961462843
1,2018-09-26,0.0187689359084579
1,2018-09-27,0.018767815146472144
1,2018-09-28,0.018762038888038863
1,2018-09-29,0.018749947631026092
1,2018-09-30,0.0187329180814977
1,2018-10-01,0.01871533308990482
1,2018-10-02,0.01870231972466387
1,2018-10-03,0.018696926980915768
1,2018-10-04,0.018698657262872682
1,2018-10-05,0.018704086556203245
1,2018-10-06,0.018708956896689475
1,2018-10-07,0.01871060112113623
1,2018-10-08,0.018709725717129772
1,2018-10-09,0.01871078397070832
1,2018-10-10,0.018720367339226593
1,2018-10-11,0.018743775674165162
1,2018-10-12,0.0187812265449382
1,2018-10-13,0.01882600764910512
1,2018-10-14,0.01886613724131145
1,2018-10-15,0.018888979716351346
1,2018-10-16,0.01888644023555616
1,2018-10-17,0.01885827335905367
1,2018-10-18,0.018812391826165915
1,2018-10-19,0.018762484883907662
1,2018-10-20,0.018723808243266096
1,2018-10-21,0.018708117988548902
1,2018-10-22,0.01871916469664702
1,2018-10-23,0.01875082043813741
1,2018-10-24,0.018789589281346875
1,2018-10-25,0.018821167685299227
1,2018-10-26,0.01883786834608461
1,2018-10-27,0.01884252115232788
1,2018-10-28,0.018846244389607223
1,2018-10-29,0.01886141696932758
1,2018-10-30,0.018894381962318515
1,2018-10-31,0.018942456555222142
1,2018-11-01,0.018996693394930382
1,2018-11-02,0.01904786325172961
1,2018-11-03,0.01909119031882613
1,2018-11-04,0.019126742960579993
1,2018-11-05,0.019155856760574193
1,2018-11-06,0.01917694261558379
1,2018-11-07,0.01918431415532122
1,2018-11-08,0.019171317589864522
1,2018-11-09,0.019135871444320187
1,2018-11-10,0.019084595502371363
1,2018-11-11,0.01903224416195616
1,2018-11-12,0.018995727722633086
1,2018-11-13,0.018985381196136478
1,2018-11-14,0.01899842844278998
1,2018-11-15,0.019019107796315913
1,2018-11-16,0.019026338633840883
1,2018-11-17,0.01900500161999082
1,2018-11-18,0.01895424906667134
1,2018-11-19,0.018887944162506817
1,2018-11-20,0.01882733442311976
1,2018-11-21,0.018790768231150546
1,2018-11-22,0.0187862851378468
1,2018-11-23,0.01881012444642541
1,2018-11-24,0.01885025622802905
1,2018-11-25,0.018891874405171906
1,2018-11-26,0.0189222510495532
1,2018-11-27,0.018933977345647453
1,2018-11-28,0.018926606367019577
1,2018-11-29,0.018906476428948178
1,2018-11-30,0.018884126347600203
1,2018-12-01,0.018869427813724568
1,2018-12-02,0.018866287062066715
1,2018-12-03,0.018870018985586757
1,2018-12-04,0.018869681458839594
1,2018-12-05,0.01885475232930212
1,2018-12-06,0.01882234285806915
1,2018-12-07,0.01878017721551447
1,2018-12-08,0.01874293427994223
1,2018-12-09,0.018723878774206303
1,2018-12-10,0.018727006647714216
1,2018-12-11,0.01874481611557954
1,2018-12-12,0.018763225009200288
1,2018-12-13,0.018770503807179692
1,2018-12-14,0.01876445479274751
1,2018-12-15,0.018753275943387358
1,2018-12-16,0.018749831539611204
1,2018-12-17,0.01876350957031539
1,2018-12-18,0.018795311323421538
1,2018-12-19,0.01883915427997868
1,2018-12-20,0.0188876129353855
1,2018-12-21,0.01893724362780502
1,2018-12-22,0.018989602515081302
1,2018-12-23,0.01904790830220271
1,2018-12-24,0.019112533566057327
1,2018-12-25,0.019178634685591375
1,2018-12-26,0.019236931491027145
1,2018-12-27,0.01927652916859494
1,2018-12-28,0.01928838275586034
1,2018-12-29,0.01926874532013919
1,2018-12-30,0.019222005167880838
1,2018-12-31,0.01916137251894552
1,2019-01-01,0.01910548406262392
1,2019-01-02,0.019070769858658944
1,2019-01-03,0.0190627804673073
1,2019-01-04,0.019071953929575367
1,2019-01-05,0.01907789221926751
1,2019-01-06,0.01906110199248979
1,2019-01-07,0.019015589468369988
1,2019-01-08,0.01895402003666332
1,2019-01-09,0.018901355678934962
1,2019-01-10,0.018880475439609922
1,2019-01-11,0.018898871895112444
1,2019-01-12,0.018944868140178147
1,2019-01-13,0.018995341537497372
1,2019-01-14,0.019029428081205797
1,2019-01-15,0.01903930453596466
1,2019-01-16,0.01903175042902587
1,2019-01-17,0.019020445153046277
1,2019-01-18,0.019014698997488907
1,2019-01-19,0.019012273611341005
1,2019-01-20,0.019001155683835553
1,2019-01-21,0.018969134914111684
1,2019-01-22,0.01891442317078043
1,2019-01-23,0.018849311192391464
1,2019-01-24,0.018793613010443827
1,2019-01-25,0.018762341638256456
1,2019-01-26,0.01875675965551583
1,2019-01-27,0.018765468918188415
1,2019-01-28,0.018774379675528603
1,2019-01-29,0.01877770135975796
1,2019-01-30,0.01878196451264931
1,2019-01-31,0.018801045716644694
1,2019-02-01,0.018846772973675152
1,2019-02-02,0.01892170871336739
1,2019-02-03,0.019017625298284706
1,2019-02-04,0.019118610577451327
1,2019-02-05,0.01920564939624996
1,2019-02-06,0.019260688088561677
1,2019-02-07,0.019270353580004704
1,2019-02-08,0.01923001708629735
1,2019-02-09,0.019147323567745792
1,2019-02-10,0.019042626645913014
1,2019-02-11,0.018944227520524465
1,2019-02-12,0.018879186844751126
1,2019-02-13,0.018863602762831784
1,2019-02-14,0.018897086652861664
1,2019-02-15,0.018963995252712043
1,2019-02-16,0.019040468497643705
1,2019-02-17,0.01910380147172309
1,2019-02-18,0.019140261832381128
1,2019-02-19,0.019148583984129858
1,2019-02-20,0.019138076960979612
1,2019-02-21,0.019122176701757143
1,2019-02-22,0.019110282108547278
1,2019-02-23,0.01910212431897044
1,2019-02-24,0.019088289514269243
1,2019-02-25,0.01905719906654038
1,2019-02-26,0.019004450863718977
1,2019-02-27,0.018938208366279304
1,2019-02-28,0.01887658751284854
1,2019-03-01,0.018838419749692834
1,2019-03-02,0.018833275667053107
1,2019-03-03,0.018856776233073465
1,2019-03-04,0.018893281308512942
1,2019-03-05,0.018923468015150286
1,2019-03-06,0.01893235018882661
1,2019-03-07,0.018914358023140097
1,2019-03-08,0.018874309578088975
1,2019-03-09,0.018824689166351875
1,2019-03-10,0.01878045967658136
1,2019-03-11,0.018753311488193664
1,2019-03-12,0.01874775127998085
1,2019-03-13,0.01876085922524511
1,2019-03-14,0.01878551700083993
1,2019-03-15,0.018814647314205693
1,2019-03-16,0.018843450444651903
1,2019-03-17,0.018868567392590303
1,2019-03-18,0.01888598476110561
1,2019-03-19,0.018890706920898195
1,2019-03-20,0.01887946071958021
1,2019-03-21,0.018854422180632095
1,2019-03-22,0.018824235310451156
1,2019-03-23,0.018800288780806335
1,2019-03-24,0.0187901772405667
1,2019-03-25,0.018793122152791924
1,2019-03-26,0.018801131785249208
1,2019-03-27,0.01880535247364398
1,2019-03-28,0.01880283487732803
1,2019-03-29,0.018798398533265714
1,2019-03-30,0.018800089310164855
1,2019-03-31,0.018811922057897734
1,2019-04-01,0.01882992069100292
1,2019-04-02,0.01884485541873068
1,2019-04-03,0.018849552728197286
1,2019-04-04,0.018844727687984647
1,2019-04-05,0.01883828861926505
1,2019-04-06,0.018838338065166393
1,2019-04-07,0.01884533394014419
1,2019-04-08,0.018849829988731005
1,2019-04-09,0.018838159562179373
1,2019-04-10,0.0188025445358574
1,2019-04-11,0.01874880815437999
1,2019-04-12,0.018696243899842105
1,2019-04-13,0.01866902608631275
1,2019-04-14,0.018683652273477295
1,2019-04-15,0.0187394130426459
1,2019-04-16,0.018817506560118567
1,2019-04-17,0.018889743210343812
1,2019-04-18,0.01893231235185334
1,2019-04-19,0.01893697999030545
1,2019-04-20,0.01891358543190241
1,2019-04-21,0.018882974581138027
1,2019-04-22,0.018865158038975736
1,2019-04-23,0.018869716596282345
1,2019-04-24,0.0188931527322231
1,2019-04-25,0.018923229518691083
1,2019-04-26,0.018946639416192988
1,2019-04-27,0.01895567841520158
1,2019-04-28,0.018951102634912453
1,2019-04-29,0.018940594314616588
1,2019-04-30,0.018933903831155195
1,2019-05-01,0.018936837534212728
1,2019-05-02,0.0189468786300179
1,2019-05-03,0.018953018388836066
1,2019-05-04,0.018940664984373738
1,2019-05-05,0.018899692077471542
1,2019-05-06,0.01883147585286053
1,2019-05-07,0.01875094140915443
1,2019-05-08,0.018682324740915617
1,2019-05-09,0.01865062874096438
1,2019-05-10,0.018672446928530415
1,2019-05-11,0.01874936337102944
1,2019-05-12,0.01886587910408522
1,2019-05-13,0.0189928470246813
1,2019-05-14,0.019096403736686845
1,2019-05-15,0.019150262480430842
1,2019-05-16,0.019146402186995135
1,2019-05-17,0.01909816131416053
1,2019-05-18,0.01903287644751352
1,2019-05-19,0.018977499815051188
1,2019-05-20,0.018945685935111485
1,2019-05-21,0.01893421477489867
1,2019-05-22,0.01893012092034907
1,2019-05-23,0.018922412645156633
1,2019-05-24,0.01890961469343232
1,2019-05-25,0.018898431724400814
1,2019-05-26,0.01889596616821843
1,2019-05-27,0.01890239940978245
1,2019-05-28,0.018909854129084577
1,2019-05-29,0.01890796030908533
1,2019-05-30,0.01889174377909418
1,2019-05-31,0.018866103675343138
1,2019-06-01,0.018843859716256774
1,2019-06-02,0.018838786406248836
1,2019-06-03,0.018858219533011308
1,2019-06-04,0.018899700616829832
1,2019-06-05,0.018953060749133464
1,2019-06-06,0.0190057891659302
1,2019-06-07,0.019048036646670357
1,2019-06-08,0.019074903077685744
1,2019-06-09,0.019086042178261257
1,2019-06-10,0.019084044794803943
1,2019-06-11,0.019072782038924818
1,2019-06-12,0.01905596405317412
1,2019-06-13,0.019035868833183374
1,2019-06-14,0.0190126388226534
1,2019-06-15,0.01898481404040525
1,2019-06-16,0.018951286468108716
1,2019-06-17,0.018913937032266022
1,2019-06-18,0.01887956917144003
1,2019-06-19,0.01885975405787603
1,2019-06-20,0.018867772287868175
1,2019-06-21,0.01891303680025105
1,2019-06-22,0.01899513255137779
1,2019-06-23,0.019100944730244603
1,2019-06-24,0.01920775175069196
1,2019-06-25,0.019292004658536473
1,2019-06-26,0.019339521059979298
1,2019-06-27,0.019351131302550326
1,2019-06-28,0.019340190935248386
1,2019-06-29,0.01932340969976405
1,2019-06-30,0.019310540291041813
1,2019-07-01,0.019298965410654234
1,2019-07-02,0.01927608640554292
1,2019-07-03,0.019227841082686985
1,2019-07-04,0.019148279142752037
1,2019-07-05,0.019044540550811673
1,2019-07-06,0.018934202299912772
1,2019-07-07,0.018836563292650096
1,2019-07-08,0.01876336362610027
1,2019-07-09,0.01871482774740345
1,2019-07-10,0.018683156155571624
1,2019-07-11,0.018660228532608597
1,2019-07-12,0.018643571862966363
1,2019-07-13,0.01863675028924274
1,2019-07-14,0.018645190060880966
1,2019-07-15,0.01867175794245835
1,2019-07-16,0.018715371426364594
1,2019-07-17,0.01877227210052973
1,2019-07-18,0.018837162092359753
1,2019-07-19,0.01890249877915035
1,2019-07-20,0.018957343899998026
1,2019-07-21,0.018988709006785176
1,2019-07-22,0.018986481114773093
1,2019-07-23,0.018949344265435406
1,2019-07-24,0.018887245422540364
1,2019-07-25,0.018817840672220944
1,2019-07-26,0.018758612061383684
1,2019-07-27,0.01871948459149026
1,2019-07-28,0.01870025766195723
1,2019-07-29,0.01869357572009641
1,2019-07-30,0.0186905191807935
1,2019-07-31,0.018684993496041812
1,2019-08-01,0.01867506926915451
1,2019-08-02,0.018662010967822697
1,2019-08-03,0.018648730250341843
1,2019-08-04,0.018638578747501144
1,2019-08-05,0.018634352793790446
1,2019-08-06,0.018637398973586215
1,2019-08-07,0.01864737291045692
1,2019-08-08,0.018663219305426505
1,2019-08-09,0.018684896933632105
1,2019-08-10,0.01871435604426976
1,2019-08-11,0.01875454176756948
1,2019-08-12,0.01880673884034654
1,2019-08-13,0.018867990407824442
1,2019-08-14,0.018930453984547544
1,2019-08-15,0.018983378426066753
1,2019-08-16,0.01901684034716356
1,2019-08-17,0.019025415614905984
1,2019-08-18,0.019010020117394076
1,2019-08-19,0.018977179725775742
1,2019-08-20,0.01893644310875345
1,2019-08-21,0.018897594295542327
1,2019-08-22,0.01886891836389234
1,2019-08-23,0.018856362492709496
1,2019-08-24,0.018862485671976282
1,2019-08-25,0.018884731917841933
1,2019-08-26,0.018914325816107077
1,2019-08-27,0.018937861304041376
1,2019-08-28,0.018942215785934826
1,2019-08-29,0.01892070493610432
1,2019-08-30,0.018876855047410254
1,2019-08-31,0.018823153577565116
1,2019-09-01,0.018775058363106886
1,2019-09-02,0.01874341605179662
1,2019-09-03,0.01872946297065206
1,2019-09-04,0.01872527395147032
1,2019-09-05,0.018719490490444832
1,2019-09-06,0.018704880033585843
1,2019-09-07,0.018682855867097125
1,2019-09-08,0.018661996181596915
1,2019-09-09,0.01865179879522712
1,2019-09-10,0.01865628155535232
1,2019-09-11,0.018671841622907602
1,2019-09-12,0.018690227386060843
1,2019-09-13,0.01870372980295913
1,2019-09-14,0.018708834690334557
1,2019-09-15,0.018706709395873853
1,2019-09-16,0.01870146417115582
1,2019-09-17,0.01869792733454458
1,2019-09-18,0.018699857575400478
1,2019-09-19,0.018708692636112318
1,2019-09-20,0.018722979260504244
1,2019-09-21,0.018738982673948378
1,2019-09-22,0.01875256366923833
1,2019-09-23,0.018761380152073678
1,2019-09-24,0.01876583347414316
1,2019-09-25,0.018767922855062
1,2019-09-26,0.018768914357845806
1,2019-09-27,0.018767810908436038
1,2019-09-28,0.018762055345787013
1,2019-09-29,0.018749987541147397
1,2019-09-30,0.01873298480231435
1,2019-10-01,0.018715432673938364
1,2019-10-02,0.018702457260922543
1,2019-10-03,0.01869710155739748
1,2019-10-04,0.018698859803598426
1,2019-10-05,0.018704305127945357
1,2019-10-06,0.01870918068357811
1,2019-10-07,0.01871081498489547
1,2019-10-08,0.018709912689214164
1,2019-10-09,0.018710931288528198
1,2019-10-10,0.018720472627099676
1,2019-10-11,0.018743845672899252
1,2019-10-12,0.01878126932035749
1,2019-10-13,0.018826033526656835
1,2019-10-14,0.018866155278631492
1,2019-10-15,0.01888899276726644
1,2019-10-16,0.01888644717094469
1,2019-10-17,0.018858274308678005
1,2019-10-18,0.018812392539384586
1,2019-10-19,0.018762490667832105
1,2019-10-20,0.01872382202274864
1,2019-10-21,0.01870813919757511
1,2019-10-22,0.01871918902331485
1,2019-10-23,0.018750841625246588
1,2019-10-24,0.01878960407187854
1,2019-10-25,0.018821176160691493
1,2019-10-26,0.01883787785241887
1,2019-10-27,0.018842541249722608
1,2019-10-28,0.018846281069984417
1,2019-10-29,0.018861473982754246
1,2019-10-30,0.018894461554301512
1,2019-10-31,0.018942559150253453
1,2019-11-01,0.01899681590981219
1,2019-11-02,0.01904799884363388
1,2019-11-03,0.019091330535103184
1,2019-11-04,0.01912687437933329
1,2019-11-05,0.019155969019274556
1,2019-11-06,0.01917702970505399
1,2019-11-07,0.019184372006585338
1,2019-11-08,0.019171348290442886
1,2019-11-09,0.019135879788921523
1,2019-11-10,0.01908458933913082
1,2019-11-11,0.0190322316988359
1,2019-11-12,0.01899571549440103
1,2019-11-13,0.018985371416095364
1,2019-11-14,0.018998419134202083
1,2019-11-15,0.01901909755101575
1,2019-11-16,0.01902632893136185
1,2019-11-17,0.01900500205929961
1,2019-11-18,0.01895427456119892
1,2019-11-19,0.018888006247530523
1,2019-11-20,0.018827438724862332
1,2019-11-21,0.018790911147980788
1,2019-11-22,0.018786455305257438
1,2019-11-23,0.018810313918769445
1,2019-11-24,0.01885045826441751
1,2019-11-25,0.01889208396472925
1,2019-11-26,0.018922464962322357
1,2019-11-27,0.018934202028605986
1,2019-11-28,0.018926856555667632
1,2019-11-29,0.018906770379076086
1,2019-11-30,0.018884464027029278
1,2019-12-01,0.018869796161016306
1,2019-12-02,0.018866666438648785
1,2019-12-03,0.018870394486040037
1,2019-12-04,0.018870038455418302
1,2019-12-05,0.018855078781453538
1,2019-12-06,0.018822636417016383
1,2019-12-07,0.01878043685563226
1,2019-12-08,0.01874316656098621
1,2019-12-09,0.018724092205347143
1,2019-12-10,0.01872720782207431
1,2019-12-11,0.018745001164788843
1,2019-12-12,0.018763386685057157
1,2019-12-13,0.018770636781579385
1,2019-12-14,0.01876456728030269
1,2019-12-15,0.018753374933892304
1,2019-12-16,0.01874992090732269
1,2019-12-17,0.018763589305167135
1,2019-12-18,0.01879537811407998
1,2019-12-19,0.018839202260891877
1,2019-12-20,0.018887637167908363
1,2019-12-21,0.01893724373582719
1,2019-12-22,0.0189895836656134
1,2019-12-23,0.019047879636964908
1,2019-12-24,0.01911250394365091
1,2019-12-25,0.019178609993270115
1,2019-12-26,0.019236914641313777
1,2019-12-27,0.019276522235439447
1,2019-12-28,0.01928838338879338
1,2019-12-29,0.019268751291386256
1,2019-12-30,0.019222018592478875
1,2019-12-31,0.019161398873030356
1,2020-01-01,0.01910552705795978
1,2020-01-02,0.019070828105750916
1,2020-01-03,0.019062849798598888
1,2020-01-04,0.01907203445183955
1,2020-01-05,0.01907798761050138
1,2020-01-06,0.019061215810772768
1,2020-01-07,0.019015722582788334
1,2020-01-08,0.018954173799531536
1,2020-01-09,0.018901529959291473
1,2020-01-10,0.01888066535499956
1,2020-01-11,0.018899068490712094
1,2020-01-12,0.018945061947784548
1,2020-01-13,0.018995528454376003
1,2020-01-14,0.01902960840037426
1,2020-01-15,0.019039479117337183
1,2020-01-16,0.0190319213078511
1,2020-01-17,0.01902061364427237
1,2020-01-18,0.019014864927972358
1,2020-01-19,0.019012438543404852
1,2020-01-20,0.01900132156974279
1,2020-01-21,0.0189693022848182
1,2020-01-22,0.018914588760518318
1,2020-01-23,0.018849469216502636
1,2020-01-24,0.018793756844515654
1,2020-01-25,0.01876246777100267
1,2020-01-26,0.01875686875627875
1,2020-01-27,0.018765564158366447
1,2020-01-28,0.018774462328207186
1,2020-01-29,0.018777769905040362
1,2020-01-30,0.0187820166956443
1,2020-01-31,0.018801081695596654
1,2020-02-01,0.018846794189772777
1,2020-02-02,0.018921717783840556
1,2020-02-03,0.019017625505823726
1,2020-02-04,0.01911860830698806
1,2020-02-05,0.01920565433022007
1,2020-02-06,0.019260710538461352
1,2020-02-07,0.019270400123863964
1,2020-02-08,0.019230087030214407
1,2020-02-09,0.019147410502628925
1,2020-02-10,0.019042722816877047
1,2020-02-11,0.01894432804913618
1,2020-02-12,0.018879287686323007
1,2020-02-13,0.01886370290655724
1,2020-02-14,0.01889718699251319
1,2020-02-15,0.01896409729963628
1,2020-02-16,0.019040573504881652
1,2020-02-17,0.019103910422089112
1,2020-02-18,0.019140374226590432
1,2020-02-19,0.01914869989095389
1,2020-02-20,0.01913819630654897
1,2020-02-21,0.019122297978441213
1,2020-02-22,0.01911040335825059
1,2020-02-23,0.01910224370593652
1,2020-02-24,0.019088407734691535
1,2020-02-25,0.019057317709677755
1,2020-02-26,0.019004570843882143
1,2020-02-27,0.018938329441315797
1,2020-02-28,0.018876706647794724
1,2020-02-29,0.01883853393252668
1,2020-03-01,0.018833385600322747
1,2020-03-02,0.018856884772617658
1,2020-03-03,0.01889339096948412
1,2020-03-04,0.01892357965305216
1,2020-03-05,0.018932461885625966
1,2020-03-06,0.01891446665417176
1,2020-03-07,0.018874411520739976
1,2020-03-08,0.01882478263838912
1,2020-03-09,0.01878054387213842
1,2020-03-10,0.018753384713549884
1,2020-03-11,0.018747811433240384
1,2020-03-12,0.018760904946968755
1,2020-03-13,0.018785550872583587
1,2020-03-14,0.018814672161792403
1,2020-03-15,0.018843465732485094
1,2020-03-16,0.01886856951687959
1,2020-03-17,0.018885971333376123
1,2020-03-18,0.0188906776849585
1,2020-03-19,0.018879418484034297
1,2020-03-20,0.018854372860089414
1,2020-03-21,0.018824182350227852
1,2020-03-22,0.018800231520790477
1,2020-03-23,0.01879011499641796
1,2020-03-24,0.018793057496803843
1,2020-03-25,0.01880107025769421
1,2020-03-26,0.01880529969861095
1,2020-03-27,0.0188027923882771
1,2020-03-28,0.018798365510599154
1,2020-03-29,0.0188000641704906
1,2020-03-30,0.018811902850671847
1,2020-03-31,0.018829906714667315
1,2020-04-01,0.01884484730181444
1,2020-04-02,0.018849551862193673
1,2020-04-03,0.018844733199332088
1,2020-04-04,0.018838298555155703
1,2020-04-05,0.01883835223086658
1,2020-04-06,0.018845353396632576
1,2020-04-07,0.018849857573187138
1,2020-04-08,0.018838195474934802
1,2020-04-09,0.01880258541761537
1,2020-04-10,0.018748847732693728
1,2020-04-11,0.018696272359319723
1,2020-04-12,0.018669033949886702
1,2020-04-13,0.018683630640088343
1,2020-04-14,0.01873935742054513
1,2020-04-15,0.018817415425941886
1,2020-04-16,0.018889617235123154
1,2020-04-17,0.018932152158152544
1,2020-04-18,0.018936789575085874
1,2020-04-19,0.018913372830244513
1,2020-04-20,0.01888274989705256
1,2020-04-21,0.01886493082290687
1,2020-04-22,0.01886949396901663
1,2020-04-23,0.01889294056189691
1,2020-04-24,0.01892302808075846
1,2020-04-25,0.018946452675469686
1,2020-04-26,0.018955510448280664
1,2020-04-27,0.018950955054646425
1,2020-04-28,0.018940466566583634
1,2020-04-29,0.01893379745735705
1,2020-04-30,0.01893675600552813
1,2020-05-01,0.01894682592478963
1,2020-05-02,0.018952994683502873
1,2020-05-03,0.01894066454856188
1,2020-05-04,0.01889970822017001
1,2020-05-05,0.018831503356985753
1,2020-05-06,0.018750975650037825
1,2020-05-07,0.01868236051373287
1,2020-05-08,0.01865066179721917
1,2020-05-09,0.018672471076042932
1,2020-05-10,0.018749371824182477
1,2020-05-11,0.01886586837803287
1,2020-05-12,0.0189928162459106
1,2020-05-13,0.019096352579923464
1,2020-05-14,0.01915019076809467
1,2020-05-15,0.019146308824264043
1,2020-05-16,0.019098048063502536
1,2020-05-17,0.01903274731040047
1,2020-05-18,0.018977358835225257
1,2020-05-19,0.018945537399400313
1,2020-05-20,0.018934062124283897
1,2020-05-21,0.01892996564456363
1,2020-05-22,0.018922254742016566
1,2020-05-23,0.018909453623799696
1,2020-05-24,0.018898267655633176
1,2020-05-25,0.01889580155359987
1,2020-05-26,0.01890223973981031
1,2020-05-27,0.018909704724548518
1,2020-05-28,0.018907826525965645
1,2020-05-29,0.018891628602541646
1,2020-05-30,0.018866001165511206
1,2020-05-31,0.018843763944912183
1,2020-06-01,0.018838693509197074
1,2020-06-02,0.01885813092038387
1,2020-06-03,0.018899618186363158
1,2020-06-04,0.018952982685263325
1,2020-06-05,0.0190057125443541
1,2020-06-06,0.019047962475564815
1,2020-06-07,0.019074835892852544
1,2020-06-08,0.019085984349369124
1,2020-06-09,0.01908399882197443
1,2020-06-10,0.01907274689129723
1,2020-06-11,0.019055935200409692
1,2020-06-12,0.019035840031917224
1,2020-06-13,0.019012608931568004
1,2020-06-14,0.018984780407194264
1,2020-06-15,0.018951251009778035
1,2020-06-16,0.01891390289393231
1,2020-06-17,0.018879537301639562
1,2020-06-18,0.01885972337475685
1,2020-06-19,0.01886773976543392
1,2020-06-20,0.018912999567921977
1,2020-06-21,0.01899508697471853
1,2020-06-22,0.019100887754032677
1,2020-06-23,0.01920767981372936
1,2020-06-24,0.019291912712004946
1,2020-06-25,0.01933940426070121
1,2020-06-26,0.019350987785609168
1,2020-06-27,0.01934002602700974
1,2020-06-28,0.01932323310151005
1,2020-06-29,0.01931036092491254
1,2020-06-30,0.01929878918591482
1,2020-07-01,0.019275911749416876
1,2020-07-02,0.019227664131012172
1,2020-07-03,0.0191480948430606
1,2020-07-04,0.01904434329611198
1,2020-07-05,0.0189339880683998
1,2020-07-06,0.018836333378962476
1,2020-07-07,0.018763124011322768
1,2020-07-08,0.018714588223059592
1,2020-07-09,0.018682929150156603
1,2020-07-10,0.018660025666529433
1,2020-07-11,0.018643400813621046
1,2020-07-12,0.0186366088481319
1,2020-07-13,0.018645074732066384
1,2020-07-14,0.01867166545563068
1,2020-07-15,0.018715298138575483
1,2020-07-16,0.018772213442578504
1,2020-07-17,0.018837113988396662
1,2020-07-18,0.0189024580965543
1,2020-07-19,0.01895730682626157
1,2020-07-20,0.018988674082775985
1,2020-07-21,0.018986448627078663
1,2020-07-22,0.01894931557587799
1,2020-07-23,0.018887222589877576
1,2020-07-24,0.018817827012850973
1,2020-07-25,0.01875861123084348
1,2020-07-26,0.018719496380320937
1,2020-07-27,0.018700278638567932
1,2020-07-28,0.018693598699167317
1,2020-07-29,0.01869053420171908
1,2020-07-30,0.01868499480356426
1,2020-07-31,0.01867505421536264
1,2020-08-01,0.01866198146800674
1,2020-08-02,0.018648690787041882
1,2020-08-03,0.01863853351663301
1,2020-08-04,0.018634305206749226
1,2020-08-05,0.018637352246814013
1,2020-08-06,0.01864733183208746
1,2020-08-07,0.018663190793312495
1,2020-08-08,0.018684887188066192
1,2020-08-09,0.018714365657320157
1,2020-08-10,0.018754568174898546
1,2020-08-11,0.018806778617402337
1,2020-08-12,0.01886803734035215
1,2020-08-13,0.018930502658833018
1,2020-08-14,0.018983422290524504
1,2020-08-15,0.019016873017750718
1,2020-08-16,0.019025430266089532
1,2020-08-17,0.01901000894801888
1,2020-08-18,0.018977131687565738
1,2020-08-19,0.018936346163299183
1,2020-08-20,0.018897441762580125
1,2020-08-21,0.01886871916178611
1,2020-08-22,0.01885614132289798
1,2020-08-23,0.018862262680891556
1,2020-08-24,0.01888451335735484
1,2020-08-25,0.018914110446309265
1,2020-08-26,0.01893764863762226
1,2020-08-27,0.018942005549406435
1,2020-08-28,0.018920495702166893
1,2020-08-29,0.018876645855749878
1,2020-08-30,0.018822945261947173
1,2020-08-31,0.018774860023192393
1,2020-09-01,0.01874324576719193
1,2020-09-02,0.018729334047002454
1,2020-09-03,0.018725188529592637
1,2020-09-04,0.01871944428108059
1,2020-09-05,0.01870486323155917
1,2020-09-06,0.018682857696810856
1,2020-09-07,0.01866201152354703
1,2020-09-08,0.018651828038514496
1,2020-09-09,0.018656321914649537
1,2020-09-10,0.01867188969418875
1,2020-09-11,0.018690279967920765
1,2020-09-12,0.018703781748777296
1,2020-09-13,0.018708878583103303
1,2020-09-14,0.018706737915219925
1,2020-09-15,0.018701470760587084
1,2020-09-16,0.01869790659952305
1,2020-09-17,0.018699810018608393
1,2020-09-18,0.01870862492727322
1,2020-09-19,0.018722900464563423
1,2020-09-20,0.018738900954739134
1,2020-09-21,0.01875248742113587
1,2020-09-22,0.018761318255235058
1,2020-09-23,0.018765789492475166
1,2020-09-24,0.01876790010341981
1,2020-09-25,0.01876891197857427
1,2020-09-26,0.018767823067115195
1,2020-09-27,0.018762075662398313
1,2020-09-28,0.018750006592601797
1,2020-09-29,0.01873299011964795
1,2020-09-30,0.018715409389454995
1,2020-10-01,0.018702390472663692
1,2020-10-02,0.01869698499528384
1,2020-10-03,0.018698704838562043
1,2020-10-04,0.018704129637377068
1,2020-10-05,0.018708997959281083
1,2020-10-06,0.018710637431066757
1,2020-10-07,0.018709751602821397
1,2020-10-08,0.018710793673243777
1,2020-10-09,0.018720357557850443
1,2020-10-10,0.018743743135329952
1,2020-10-11,0.01878116878312632
1,2020-10-12,0.018825932701083993
1,2020-10-13,0.01886606104689445
1,2020-10-14,0.01888891273812248
1,2020-10-15,0.018886387846427655
1,2020-10-16,0.018858239890237546
1,2020-10-17,0.018812382250925654
1,2020-10-18,0.018762499430257117
1,2020-10-19,0.018723843008629493
1,2020-10-20,0.018708167046832244
1,2020-10-21,0.018719217987371656
1,2020-10-22,0.01875086735110921
1,2020-10-23,0.018789623532850203
1,2020-10-24,0.01882118517037093
1,2020-10-25,0.018837872152968737
1,2020-10-26,0.018842517591918247
1,2020-10-27,0.018846238823458754
1,2020-10-28,0.018861414303104982
1,2020-10-29,0.018894387691792736
1,2020-10-30,0.018942480254773512
1,2020-10-31,0.01899674154640795
1,2020-11-01,0.01904793820843121
1,2020-11-02,0.01909128944551001
1,2020-11-03,0.019126860203635493
1,2020-11-04,0.01915598760974112
1,2020-11-05,0.01917708782445795
1,2020-11-06,0.01918447634121761
1,2020-11-07,0.0191714958006789
1,2020-11-08,0.01913606069530993
1,2020-11-09,0.019084790542655744
1,2020-11-10,0.019032440255098145
1,2020-11-11,0.01899591509110998
1,2020-11-12,0.018985543851959028
1,2020-11-13,0.018998550548090912
1,2020-11-14,0.019019185318163975
1,2020-11-15,0.01902637658499894
1,2020-11-16,0.01900501036259253
1,2020-11-17,0.01895424214932216
1,2020-11-18,0.018887930148655942
1,2020-11-19,0.01882731587844585
1,2020-11-20,0.018790744882689753
1,2020-11-21,0.01878625567697317
1,2020-11-22,0.01881008833042101
1,2020-11-23,0.018850216860194047
1,2020-11-24,0.01889183887004417
1,2020-11-25,0.018922221953612674
1,2020-11-26,0.018933954303642312
1,2020-11-27,0.018926589087187248
1,2020-11-28,0.01890646724690474
1,2020-11-29,0.018884128475146734
1,2020-11-30,0.01886944414998211
1,2020-12-01,0.018866319627484165
1,2020-12-02,0.018870066786237732
1,2020-12-03,0.01886974188623425
1,2020-12-04,0.018854822062232383
1,2020-12-05,0.018822415508953905
1,2020-12-06,0.018780244898127185
1,2020-12-07,0.0187429899897595
1,2020-12-08,0.018723919669883387
1,2020-12-09,0.01872703386477358
1,2020-12-10,0.018744832297444
1,2020-12-11,0.018763236891167923
1,2020-12-12,0.018770520479608924
1,2020-12-13,0.018764484210606995
1,2020-12-14,0.01875332306617706
1,2020-12-15,0.018749898289648837
1,2020-12-16,0.018763595623020008
1,2020-12-17,0.018795415930073407
1,2020-12-18,0.018839276168415867
1,2020-12-19,0.01888774771370559
1,2020-12-20,0.018937386023487043
1,2020-12-21,0.01898974655803473
1,2020-12-22,0.01904804900696112
1,2020-12-23,0.019112665615944074
1,2020-12-24,0.019178752278852525
1,2020-12-25,0.019237030677584588
1,2020-12-26,0.019276609477490797
1,2020-12-27,0.019288447070688775
1,2020-12-28,0.019268799892830615
1,2020-12-29,0.019222059780489745
1,2020-12-30,0.019161433453375995
1,2020-12-31,0.019161430001101685
1,2021-01-01,0.01910554509736997
1,2021-01-02,0.01907083067877564
1,2021-01-03,0.019062835120497106
1,2021-01-04,0.0190719992315778
1,2021-01-05,0.019077929321090946
1,2021-01-06,0.019061133771738865
1,2021-01-07,0.019015616985005854
1,2021-01-08,0.018954042815930577
1,2021-01-09,0.018901373372985232
1,2021-01-10,0.01888049001684557
1,2021-01-11,0.018898888170415226
1,2021-01-12,0.018944894405137906
1,2021-01-13,0.018995387593631806
1,2021-01-14,0.019029502290681132
1,2021-01-15,NA
1,2021-01-16,NA
1,2021-01-17,NA
1,2021-01-18,NA
1,2021-01-19,NA
1,2021-01-20,NA
1,2021-01-21,NA
1,2021-01-22,NA
1,2021-01-23,NA
1,2021-01-24,NA
1,2021-01-25,NA
1,2021-01-26,NA
1,2021-01-27,NA
1,2021-01-28,NA
1,2021-01-29,NA
1,2021-01-30,NA
1,2021-01-31,NA
1,2021-02-01,NA
1,2021-02-02,NA
1,2021-02-03,NA
1,2021-02-04,NA
1,2021-02-05,NA
1,2021-02-06,NA
1,2021-02-07,NA
1,2021-02-08,NA
1,2021-02-09,NA
1,2021-02-10,NA
1,2021-02-11,NA
1,2021-02-12,NA
1,2021-02-13,NA
1,2021-02-14,NA
1,2021-02-15,NA
1,2021-02-16,NA
1,2021-02-17,NA
1,2021-02-18,NA
1,2021-02-19,NA
1,2021-02-20,NA
1,2021-02-21,NA
1,2021-02-22,NA
1,2021-02-23,NA
1,2021-02-24,NA
1,2021-02-25,NA
1,2021-02-26,NA
1,2021-02-27,NA
1,2021-02-28,NA
1,2021-03-01,NA
1,2021-03-02,NA
1,2021-03-03,NA
1,2021-03-04,NA
1,2021-03-05,NA
1,2021-03-06,NA
1,2021-03-07,NA
1,2021-03-08,NA
1,2021-03-09,NA
1,2021-03-10,NA
1,2021-03-11,NA
1,2021-03-12,NA
1,2021-03-13,NA
1,2021-03-14,NA
1,2021-03-15,NA
1,2021-03-16,NA
1,2021-03-17,NA
1,2021-03-18,NA
1,2021-03-19,NA
1,2021-03-20,NA
1,2021-03-21,NA
1,2021-03-22,NA
1,2021-03-23,NA
1,2021-03-24,NA
1,2021-03-25,NA
1,2021-03-26,NA
1,2021-03-27,NA
1,2021-03-28,NA
1,2021-03-29,NA
1,2021-03-30,NA
1,2021-03-31,NA
1,2021-04-01,NA
1,2021-04-02,NA
1,2021-04-03,NA
1,2021-04-04,NA
1,2021-04-05,NA
1,2021-04-06,NA
1,2021-04-07,NA
1,2021-04-08,NA
1,2021-04-09,NA
1,2021-04-10,NA
1,2021-04-11,NA
1,2021-04-12,NA
1,2021-04-13,NA
1,2021-04-14,NA
1,2021-04-15,NA
1,2021-04-16,NA
1,2021-04-17,NA
1,2021-04-18,NA
1,2021-04-19,NA
1,2021-04-20,NA
1,2021-04-21,NA
1,2021-04-22,NA
1,2021-04-23,NA
1,2021-04-24,NA
1,2021-04-25,NA
1,2021-04-26,NA
1,2021-04-27,NA
1,2021-04-28,NA
1,2021-04-29,NA
1,2021-04-30,NA
1,2021-05-01,NA
1,2021-05-02,NA
1,2021-05-03,NA
1,2021-05-04,NA
1,2021-05-05,NA
1,2021-05-06,NA
1,2021-05-07,NA
1,2021-05-08,NA
1,2021-05-09,NA
1,2021-05-10,NA
1,2021-05-11,NA
1,2021-05-12,NA
1,2021-05-13,NA
1,2021-05-14,NA
1,2021-05-15,NA
1,2021-05-16,NA
1,2021-05-17,NA
1,2021-05-18,NA
1,2021-05-19,NA
1,2021-05-20,NA
1,2021-05-21,NA
1,2021-05-22,NA
1,2021-05-23,NA
1,2021-05-24,NA
1,2021-05-25,NA
1,2021-05-26,NA
1,2021-05-27,NA
1,2021-05-28,NA
1,2021-05-29,NA
1,2021-05-30,NA
1,2021-05-31,NA
1,2021-06-01,NA
1,2021-06-02,NA
1,2021-06-03,NA
1,2021-06-04,NA
1,2021-06-05,NA
1,2021-06-06,NA
1,2021-06-07,NA
1,2021-06-08,NA
1,2021-06-09,NA
1,2021-06-10,NA
1,2021-06-11,NA
1,2021-06-12,NA
1,2021-06-13,NA
1,2021-06-14,NA
1,2021-06-15,NA
1,2021-06-16,NA
1,2021-06-17,NA
1,2021-06-18,NA
1,2021-06-19,NA
1,2021-06-20,NA
1,2021-06-21,NA
1,2021-06-22,NA
1,2021-06-23,NA
1,2021-06-24,NA
1,2021-06-25,NA
1,2021-06-26,NA
1,2021-06-27,NA
1,2021-06-28,NA
1,2021-06-29,NA
1,2021-06-30,NA
1,2021-07-01,NA
1,2021-07-02,NA
1,2021-07-03,NA
1,2021-07-04,NA
1,2021-07-05,NA
1,2021-07-06,NA
1,2021-07-07,NA
1,2021-07-08,NA
1,2021-07-09,NA
1,2021-07-10,NA
1,2021-07-11,NA
1,2021-07-12,NA
1,2021-07-13,NA
1,2021-07-14,NA
1,2021-07-15,NA
1,2021-07-16,NA
1,2021-07-17,NA
1,2021-07-18,NA
1,2021-07-19,NA
1,2021-07-20,NA
1,2021-07-21,NA
1,2021-07-22,NA
1,2021-07-23,NA
1,2021-07-24,NA
1,2021-07-25,NA
1,2021-07-26,NA
1,2021-07-27,NA
1,2021-07-28,NA
1,2021-07-29,NA
1,2021-07-30,NA
1,2021-07-31,NA
1,2021-08-01,NA
1,2021-08-02,NA
1,2021-08-03,NA
1,2021-08-04,NA
1,2021-08-05,NA
1,2021-08-06,NA
1,2021-08-07,NA
1,2021-08-08,NA
1,2021-08-09,NA
1,2021-08-10,NA
1,2021-08-11,NA
1,2021-08-12,NA
1,2021-08-13,NA
1,2021-08-14,NA
1,2021-08-15,NA
1,2021-08-16,NA
1,2021-08-17,NA
1,2021-08-18,NA
1,2021-08-19,NA
1,2021-08-20,NA
1,2021-08-21,NA
1,2021-08-22,NA
1,2021-08-23,NA
1,2021-08-24,NA
1,2021-08-25,NA
1,2021-08-26,NA
1,2021-08-27,NA
1,2021-08-28,NA
1,2021-08-29,NA
1,2021-08-30,NA
1,2021-08-31,NA
1,2021-09-01,NA
1,2021-09-02,NA
1,2021-09-03,NA
1,2021-09-04,NA
1,2021-09-05,NA
1,2021-09-06,NA
1,2021-09-07,NA
1,2021-09-08,NA
1,2021-09-09,NA
1,2021-09-10,NA
1,2021-09-11,NA
1,2021-09-12,NA
1,2021-09-13,NA
1,2021-09-14,NA
1,2021-09-15,NA
1,2021-09-16,NA
1,2021-09-17,NA
1,2021-09-18,NA
1,2021-09-19,NA
1,2021-09-20,NA
1,2021-09-21,NA
1,2021-09-22,NA
1,2021-09-23,NA
1,2021-09-24,NA
1,2021-09-25,NA
1,2021-09-26,NA
1,2021-09-27,NA
1,2021-09-28,NA
1,2021-09-29,NA
1,2021-09-30,NA
1,2021-10-01,NA
1,2021-10-02,NA
1,2021-10-03,NA
1,2021-10-04,NA
1,2021-10-05,NA
1,2021-10-06,NA
1,2021-10-07,NA
1,2021-10-08,NA
1,2021-10-09,NA
1,2021-10-10,NA
1,2021-10-11,NA
1,2021-10-12,NA
1,2021-10-13,NA
1,2021-10-14,NA
1,2021-10-15,NA
1,2021-10-16,NA
1,2021-10-17,NA
1,2021-10-18,NA
1,2021-10-19,NA
1,2021-10-20,NA
1,2021-10-21,NA
1,2021-10-22,NA
1,2021-10-23,NA
1,2021-10-24,NA
1,2021-10-25,NA
1,2021-10-26,NA
1,2021-10-27,NA
1,2021-10-28,NA
1,2021-10-29,NA
1,2021-10-30,NA
1,2021-10-31,NA
1,2021-11-01,NA
1,2021-11-02,NA
1,2021-11-03,NA
1,2021-11-04,NA
1,2021-11-05,NA
1,2021-11-06,NA
1,2021-11-07,NA
1,2021-11-08,NA
1,2021-11-09,NA
1,2021-11-10,NA
1,2021-11-11,NA
1,2021-11-12,NA
1,2021-11-13,NA
1,2021-11-14,NA
1,2021-11-15,NA
1,2021-11-16,NA
1,2021-11-17,NA
1,2021-11-18,NA
1,2021-11-19,NA
1,2021-11-20,NA
1,2021-11-21,NA
1,2021-11-22,NA
1,2021-11-23,NA
1,2021-11-24,NA
1,2021-11-25,NA
1,2021-11-26,NA
1,2021-11-27,NA
1,2021-11-28,NA
1,2021-11-29,NA
1,2021-11-30,NA
1,2021-12-01,NA
1,2021-12-02,NA
1,2021-12-03,NA
1,2021-12-04,NA
1,2021-12-05,NA
1,2021-12-06,NA
1,2021-12-07,NA
1,2021-12-08,NA
1,2021-12-09,NA
1,2021-12-10,NA
1,2021-12-11,NA
1,2021-12-12,NA
1,2021-12-13,NA
1,2021-12-14,NA
1,2021-12-15,NA
1,2021-12-16,NA
1,2021-12-17,NA
1,2021-12-18,NA
1,2021-12-19,NA
1,2021-12-20,NA
1,2021-12-21,NA
1,2021-12-22,NA
1,2021-12-23,NA
1,2021-12-24,NA
1,2021-12-25,NA
1,2021-12-26,NA
1,2021-12-27,NA
1,2021-12-28,NA
1,2021-12-29,NA
1,2021-12-30,NA
1,2021-12-31,NA
1,2022-01-01,NA
1,2022-01-02,NA
1,2022-01-03,NA
1,2022-01-04,NA
1,2022-01-05,NA
1,2022-01-06,NA
1,2022-01-07,NA
1,2022-01-08,NA
1,2022-01-09,NA
1,2022-01-10,NA
1,2022-01-11,NA
1,2022-01-12,NA
1,2022-01-13,NA
1,2022-01-14,NA
1,2022-01-15,NA
1,2022-01-16,NA
1,2022-01-17,NA
1,2022-01-18,NA
1,2022-01-19,NA
1,2022-01-20,NA
1,2022-01-21,NA
1,2022-01-22,NA
1,2022-01-23,NA
1,2022-01-24,NA
1,2022-01-25,NA
1,2022-01-26,NA
