site,date,value
1,2011-01-01,-0.21778276978700886
1,2011-01-02,-0.2200718512487096
1,2011-01-03,-0.22227003502639964
1,2011-01-04,-0.22434952981512668
1,2011-01-05,-0.22628279051947725
1,2011-01-06,-0.22804298961954528
1,2011-01-07,-0.22960426460633088
1,2011-01-08,-0.23094179578173119
1,2011-01-09,-0.23203219130930136
1,2011-01-10,-0.23285363508231235
1,2011-01-11,-0.23338625595543416
1,2011-01-12,-0.23361188070688854
1,2011-01-13,-0.2335142907292913
1,2011-01-14,-0.23307966297224103
1,2011-01-15,-0.23229632632615912
1,2011-01-16,-0.2311549290771049
1,2011-01-17,-0.22964831320923443
1,2011-01-18,-0.22777185474945583
1,2011-01-19,-0.22552338502777086
1,2011-01-20,-0.2229031546919744
1,2011-01-21,-0.21991356667552972
1,2011-01-22,-0.2165592495904347
1,2011-01-23,-0.21284679707948573
1,2011-01-24,-0.2087846651725526
1,2011-01-25,-0.2043829347729401
1,2011-01-26,-0.19965340126516723
1,2011-01-27,-0.19460925551451316
1,2011-01-28,-0.18926456682816525
1,2011-01-29,-0.18363455778786333
1,2011-01-30,-0.1777351781576172
1,2011-01-31,-0.17158286294096617
1,2011-02-01,-0.16519436738719157
1,2011-02-02,-0.15858661612527006
1,2011-02-03,-0.15177620316003168
1,2011-02-04,-0.14477935803988787
1,2011-02-05,-0.1376116038332843
1,2011-02-06,-0.1302878484030574
1,2011-02-07,-0.12282224211776424
1,2011-02-08,-0.11522794500872718
1,2011-02-09,-0.10751706478887993
1,2011-02-10,-0.09970048185849045
1,2011-02-11,-0.09178774965389383
1,2011-02-12,-0.08378717386166504
1,2011-02-13,-0.07570572385156042
1,2011-02-14,-0.06754907732883579
1,2011-02-15,-0.059321649725456595
1,2011-02-16,-0.051026653851293145
1,2011-02-17,-0.04266639248339023
1,2011-02-18,-0.03424228174142172
1,2011-02-19,-0.025754909783367853
1,2011-02-20,-0.017204081150948333
1,2011-02-21,-0.008588912481538747
1,2011-02-22,9.181772259011802e-5
1,2011-02-23,0.00883955389162319
1,2011-02-24,0.017655725062461058
1,2011-02-25,0.026541717091959086
1,2011-02-26,0.0354987282408841
1,2011-02-27,0.04452759460440692
1,2011-02-28,0.05362855122835838
1,2011-03-01,0.0628009669480883
1,2011-03-02,0.07204323400227837
1,2011-03-03,0.08135278130805147
1,2011-03-04,0.09072591502853734
1,2011-03-05,0.10015764891733427
1,2011-03-06,0.10964145828958657
1,2011-03-07,0.11916935250683877
1,2011-03-08,0.1287320100362578
1,2011-03-09,0.13831852837011577
1,2011-03-10,0.147916441292231
1,2011-03-11,0.1575115333680086
1,2011-03-12,0.16708787994492172
1,2011-03-13,0.176627774225924
1,2011-03-14,0.18611196868026414
1,2011-03-15,0.19551974374169404
1,2011-03-16,0.2048288858357863
1,2011-03-17,0.21401573298601292
1,2011-03-18,0.2230551923396231
1,2011-03-19,0.23192081847357893
1,2011-03-20,0.2405849501403257
1,2011-03-21,0.24901877629066768
1,2011-03-22,0.2571923970496353
1,2011-03-23,0.26507501020013047
1,2011-03-24,0.2726350878241795
1,2011-03-25,0.27984048378349
1,2011-03-26,0.28665858753622625
1,2011-03-27,0.2930564990190069
1,2011-03-28,0.2990011634570102
1,2011-03-29,0.30445953936527387
1,2011-03-30,0.3093988509303393
1,2011-03-31,0.3137867320827621
1,2011-04-01,0.3175914036657138
1,2011-04-02,0.3207820035684244
1,2011-04-03,0.32332879637811873
1,2011-04-04,0.3252033405777981
1,2011-04-05,0.32637881077484876
1,2011-04-06,0.3268301127656933
1,2011-04-07,0.3265341370829431
1,2011-04-08,0.3254701790224222
1,2011-04-09,0.3236200437504035
1,2011-04-10,0.32096829176556235
1,2011-04-11,0.3175024255538692
1,2011-04-12,0.31321312089588327
1,2011-04-13,0.30809434701268146
1,2011-04-14,0.3021435774738679
1,2011-04-15,0.29536192574962267
1,2011-04-16,0.28775435595057414
1,2011-04-17,0.2793296877204097
1,2011-04-18,0.27010070657488167
1,2011-04-19,0.2600842255751126
1,2011-04-20,0.24930101816024347
1,2011-04-21,0.23777574402112114
1,2011-04-22,0.22553691489682326
1,2011-04-23,0.21261683939564976
1,2011-04-24,0.19905155997844662
1,2011-04-25,0.1848805866267539
1,2011-04-26,0.17014660292810155
1,2011-04-27,0.154895300906414
1,2011-04-28,0.13917513029960416
1,2011-04-29,0.12303696151108098
1,2011-04-30,0.10653371931248767
1,2011-05-01,0.08972007310965795
1,2011-05-02,0.07265207063728936
1,2011-05-03,0.05538672917689939
1,2011-05-04,0.03798168528738066
1,2011-05-05,0.020494811500310583
1,2011-05-06,0.0029837916000811666
1,2011-05-07,-0.014494239429788522
1,2011-05-08,-0.031883139726681727
1,2011-05-09,-0.049128176055019415
1,2011-05-10,-0.06617632793275087
1,2011-05-11,-0.08297662361281187
1,2011-05-12,-0.0994804575710599
1,2011-05-13,-0.11564191549027071
1,2011-05-14,-0.1314180021004968
1,2011-05-15,-0.1467689398942
1,2011-05-16,-0.16165834936910461
1,2011-05-17,-0.17605335170723022
1,2011-05-18,-0.18992470832116132
1,2011-05-19,-0.2032469141502856
1,2011-05-20,-0.21599837015295226
1,2011-05-21,-0.22816130311781063
1,2011-05-22,-0.2397218074713258
1,2011-05-23,-0.25066973543375
1,2011-05-24,-0.2609986271791518
1,2011-05-25,-0.27070563899304056
1,2011-05-26,-0.2797914424790504
1,2011-05-27,-0.2882600013329902
1,2011-05-28,-0.2961185285526883
1,2011-05-29,-0.3033771633532192
1,2011-05-30,-0.31004880111767547
1,2011-05-31,-0.3161489338709194
1,2011-06-01,-0.3216953193060007
1,2011-06-02,-0.32670768482631385
1,2011-06-03,-0.3312075958632261
1,2011-06-04,-0.3352181841450876
1,2011-06-05,-0.33876386552731325
1,2011-06-06,-0.3418701000885424
1,2011-06-07,-0.34456317961679367
1,2011-06-08,-0.34687001732014394
1,2011-06-09,-0.34881786862783415
1,2011-06-10,-0.35043412306591987
1,2011-06-11,-0.3517461295589001
1,2011-06-12,-0.35278102576825227
1,2011-06-13,-0.3535655770190131
1,2011-06-14,-0.35412591586654674
1,2011-06-15,-0.3544874597077781
1,2011-06-16,-0.354674830919672
1,2011-06-17,-0.3547116912855908
1,2011-06-18,-0.3546207163323557
1,2011-06-19,-0.3544234626917756
1,2011-06-20,-0.35414029834235766
1,2011-06-21,-0.353790314973253
1,2011-06-22,-0.35339130120182005
1,2011-06-23,-0.35295974626648635
1,2011-06-24,-0.352510803645616
1,2011-06-25,-0.3520583691078657
1,2011-06-26,-0.35161504060605264
1,2011-06-27,-0.3511921189139288
1,2011-06-28,-0.35079961872410675
1,2011-06-29,-0.35044628992481885
1,2011-06-30,-0.3501396620847096
1,2011-07-01,-0.3498860846778578
1,2011-07-02,-0.34969077563498047
1,2011-07-03,-0.3495579215997772
1,2011-07-04,-0.349490723503434
1,2011-07-05,-0.34949143530205307
1,2011-07-06,-0.34956144308699205
1,2011-07-07,-0.34970132157197314
1,2011-07-08,-0.34991088481542
1,2011-07-09,-0.3501892458913952
1,2011-07-10,-0.35053489887997563
1,2011-07-11,-0.350945807156475
1,2011-07-12,-0.35141946779873495
1,2011-07-13,-0.3519529628381493
1,2011-07-14,-0.35254300045867143
1,2011-07-15,-0.3531860018280957
1,2011-07-16,-0.353878184460584
1,2011-07-17,-0.3546156213760677
1,2011-07-18,-0.35539430288983687
1,2011-07-19,-0.35621017592840626
1,2011-07-20,-0.3570591603356853
1,2011-07-21,-0.35793720558729397
1,2011-07-22,-0.3588403685632959
1,2011-07-23,-0.35976487961675874
1,2011-07-24,-0.36070712529573895
1,2011-07-25,-0.36166369891507505
1,2011-07-26,-0.36263145418119974
1,2011-07-27,-0.363607524863811
1,2011-07-28,-0.36458933957806705
1,2011-07-29,-0.3655745611867727
1,2011-07-30,-0.36656116144570855
1,2011-07-31,-0.3675474018396681
1,2011-08-01,-0.36853165004428157
1,2011-08-02,-0.36951247557348166
1,2011-08-03,-0.3704887337937022
1,2011-08-04,-0.3714595846870374
1,2011-08-05,-0.37242440448534236
1,2011-08-06,-0.3733827542808475
1,2011-08-07,-0.3743343421257071
1,2011-08-08,-0.3752790469634113
1,2011-08-09,-0.37621689109813555
1,2011-08-10,-0.3771479853538467
1,2011-08-11,-0.3780724373976107
1,2011-08-12,-0.3789903431730868
1,2011-08-13,-0.3799017563602222
1,2011-08-14,-0.3808066818950181
1,2011-08-15,-0.38170501044737937
1,2011-08-16,-0.3825965199002706
1,2011-08-17,-0.3834808945126588
1,2011-08-18,-0.38435769638298195
1,2011-08-19,-0.38522634028210984
1,2011-08-20,-0.38608609665798643
1,2011-08-21,-0.3869360802307812
1,2011-08-22,-0.3877752606319343
1,2011-08-23,-0.3886024322380732
1,2011-08-24,-0.38941623987912044
1,2011-08-25,-0.3902151934030996
1,2011-08-26,-0.39099767750445763
1,2011-08-27,-0.39176198900202924
1,2011-08-28,-0.39250629866643016
1,2011-08-29,-0.3932286721606237
1,2011-08-30,-0.39392710310360785
1,2011-08-31,-0.3945995539213138
1,2011-09-01,-0.3952439285627407
1,2011-09-02,-0.3958581219723658
1,2011-09-03,-0.3964400775009941
1,2011-09-04,-0.39698779681738067
1,2011-09-05,-0.39749931959354867
1,2011-09-06,-0.397972747343216
1,2011-09-07,-0.39840624353249754
1,2011-09-08,-0.3987979923266475
1,2011-09-09,-0.3991461361195978
1,2011-09-10,-0.39944872934498377
1,2011-09-11,-0.39970381172194785
1,2011-09-12,-0.39990941788202433
1,2011-09-13,-0.4000636430211861
1,2011-09-14,-0.40016463273647646
1,2011-09-15,-0.4002105209321282
1,2011-09-16,-0.40019940537960436
1,2011-09-17,-0.40012934883881507
1,2011-09-18,-0.39999835119522764
1,2011-09-19,-0.39980433901290063
1,2011-09-20,-0.3995451217693549
1,2011-09-21,-0.3992184387045546
1,2011-09-22,-0.3988219646915835
1,2011-09-23,-0.3983533012429663
1,2011-09-24,-0.3978099621163059
1,2011-09-25,-0.39718934924672067
1,2011-09-26,-0.39648880075397624
1,2011-09-27,-0.39570558946490175
1,2011-09-28,-0.3948369462696098
1,2011-09-29,-0.3938801198648567
1,2011-09-30,-0.39283238432836315
1,2011-10-01,-0.39169108045522394
1,2011-10-02,-0.39045365933780357
1,2011-10-03,-0.38911771579888177
1,2011-10-04,-0.38768099809796625
1,2011-10-05,-0.3861414464939968
1,2011-10-06,-0.3844972997997117
1,2011-10-07,-0.3827471104366839
1,2011-10-08,-0.38088976540328767
1,2011-10-09,-0.37892450589481813
1,2011-10-10,-0.37685091079965505
1,2011-10-11,-0.37466898233369006
1,2011-10-12,-0.37237921750036984
1,2011-10-13,-0.36998261907674246
1,2011-10-14,-0.3674806966557955
1,2011-10-15,-0.3648754832131487
1,2011-10-16,-0.362169513018742
1,2011-10-17,-0.3593658266757307
1,2011-10-18,-0.35646796874955067
1,2011-10-19,-0.35347993504332714
1,2011-10-20,-0.3504061234305471
1,2011-10-21,-0.3472513459700523
1,2011-10-22,-0.344020673497406
1,2011-10-23,-0.3407194816746594
1,2011-10-24,-0.3373534309560769
1,2011-10-25,-0.33392839331670143
1,2011-10-26,-0.3304503417850333
1,2011-10-27,-0.32692530634138545
1,2011-10-28,-0.3233592922422898
1,2011-10-29,-0.3197580617445401
1,2011-10-30,-0.31612727686498693
1,2011-10-31,-0.3124724544829409
1,2011-11-01,-0.3087989229063877
1,2011-11-02,-0.3051117491190932
1,2011-11-03,-0.30141573026068297
1,2011-11-04,-0.2977152428086943
1,2011-11-05,-0.2940143500167785
1,2011-11-06,-0.2903167399285237
1,2011-11-07,-0.28662571183122315
1,2011-11-08,-0.2829442355906243
1,2011-11-09,-0.2792749319540457
1,2011-11-10,-0.27562012165087973
1,2011-11-11,-0.2719819567097977
1,2011-11-12,-0.2683624642943986
1,2011-11-13,-0.2647635429682065
1,2011-11-14,-0.2611870604617567
1,2011-11-15,-0.2576349335547206
1,2011-11-16,-0.2541092715472246
1,2011-11-17,-0.2506124220920041
1,2011-11-18,-0.24714696448416212
1,2011-11-19,-0.24371586837040687
1,2011-11-20,-0.24032256603271898
1,2011-11-21,-0.23697090916127264
1,2011-11-22,-0.2336653412110701
1,2011-11-23,-0.23041096061776659
1,2011-11-24,-0.22721360868753543
1,2011-11-25,-0.22407979640265818
1,2011-11-26,-0.2210166961166549
1,2011-11-27,-0.21803216079111995
1,2011-11-28,-0.21513475283384859
1,2011-11-29,-0.21233370009110447
1,2011-11-30,-0.20963884024425233
1,2011-12-01,-0.20706050007903262
1,2011-12-02,-0.20460936615235542
1,2011-12-03,-0.20229639376227077
1,2011-12-04,-0.2001326605243298
1,2011-12-05,-0.1981292162021954
1,2011-12-06,-0.19629694189335467
1,2011-12-07,-0.19464638890490496
1,2011-12-08,-0.19318757593777436
1,2011-12-09,-0.1919298163170472
1,2011-12-10,-0.1908815417511544
1,2011-12-11,-0.19005014183600258
1,2011-12-12,-0.18944176359960221
1,2011-12-13,-0.18906113112959202
1,2011-12-14,-0.18891141542691964
1,2011-12-15,-0.1889941256918391
1,2011-12-16,-0.1893088851001516
1,2011-12-17,-0.18985338918437417
1,2011-12-18,-0.19062331414436767
1,2011-12-19,-0.1916122600906123
1,2011-12-20,-0.19281168194910484
1,2011-12-21,-0.19421094043245074
1,2011-12-22,-0.19579726651495186
1,2011-12-23,-0.19755583483589756
1,2011-12-24,-0.19946979233273257
1,2011-12-25,-0.20152035956127023
1,2011-12-26,-0.20368697450131895
1,2011-12-27,-0.20594743042958363
1,2011-12-28,-0.20827807278373306
1,2011-12-29,-0.21065393896538434
1,2011-12-30,-0.2130490077195997
1,2011-12-31,-0.2154363983524695
1,2012-01-01,-0.21778867505502095
1,2012-01-02,-0.22007800216239148
1,2012-01-03,-0.22227639619914075
1,2012-01-04,-0.22435596665547916
1,2012-01-05,-0.2262892771380545
1,2012-01-06,-0.22804954377215025
1,2012-01-07,-0.22961089175150237
1,2012-01-08,-0.23094857664232224
1,2012-01-09,-0.2320392609356265
1,2012-01-10,-0.2328611137096491
1,2012-01-11,-0.23339403310849854
1,2012-01-12,-0.23361984646804462
1,2012-01-13,-0.23352240485252188
1,2012-01-14,-0.23308770060855252
1,2012-01-15,-0.23230402178554288
1,2012-01-16,-0.23116206071299294
1,2012-01-17,-0.2296549402578503
1,2012-01-18,-0.22777818040232314
1,2012-01-19,-0.22552965748138215
1,2012-01-20,-0.22290956656382577
1,2012-01-21,-0.21992028193441335
1,2012-01-22,-0.21656629199124522
1,2012-01-23,-0.2128541629754378
1,2012-01-24,-0.20879233344002993
1,2012-01-25,-0.2043910706239449
1,2012-01-26,-0.1996622240194963
1,2012-01-27,-0.19461893315924583
1,2012-01-28,-0.18927540788657207
1,2012-01-29,-0.18364678411694937
1,2012-01-30,-0.17774883860664292
1,2012-01-31,-0.17159791158355792
1,2012-02-01,-0.1652106605102677
1,2012-02-02,-0.1586037875376854
1,2012-02-03,-0.15179379419418323
1,2012-02-04,-0.14479692887880827
1,2012-02-05,-0.1376289243539427
1,2012-02-06,-0.13030487466821564
1,2012-02-07,-0.12283877424652137
1,2012-02-08,-0.11524368556482191
1,2012-02-09,-0.10753163078682414
1,2012-02-10,-0.09971351151078388
1,2012-02-11,-0.09179909641861714
1,2012-02-12,-0.08379672888028368
1,2012-02-13,-0.07571346556537328
1,2012-02-14,-0.0675549652474001
1,2012-02-15,-0.05932571172557729
1,2012-02-16,-0.0510292400918103
1,2012-02-17,-0.042668012830763866
1,2012-02-18,-0.034243472219094385
1,2012-02-19,-0.025756000359322816
1,2012-02-20,-0.017205148065529335
1,2012-02-21,-0.008590214049261845
1,2012-02-22,9.001510222018652e-5
1,2012-02-23,0.008837072532609833
1,2012-02-24,0.01765268680206718
1,2012-02-25,0.026538511321670493
1,2012-02-26,0.03549576248902548
1,2012-02-27,0.044525095030096065
1,2012-02-28,0.053626517279182266
1,2012-02-29,0.06279923989408683
1,2012-03-01,0.07204171656316578
1,2012-03-02,0.08135141989607216
1,2012-03-03,0.09072467234213151
1,2012-03-04,0.10015639925851316
1,2012-03-05,0.10964010294003702
1,2012-03-06,0.1191679112260366
1,2012-03-07,0.1287304778386239
1,2012-03-08,0.13831685849978376
1,2012-03-09,0.14791439361481198
1,2012-03-10,0.15750878111922575
1,2012-03-11,0.16708414730414486
1,2012-03-12,0.17662301716451317
1,2012-03-13,0.18610632532563964
1,2012-03-14,0.19551350280331545
1,2012-03-15,0.20482243636385408
1,2012-03-16,0.21400943166904265
1,2012-03-17,0.22304931303621184
1,2012-03-18,0.23191554602695394
1,2012-03-19,0.2405803600430685
1,2012-03-20,0.24901487907831793
1,2012-03-21,0.25718922006794753
1,2012-03-22,0.2650726128041362
1,2012-03-23,0.2726334852774187
1,2012-03-24,0.2798396347044165
1,2012-03-25,0.2866583937476734
1,2012-03-26,0.2930568285617216
1,2012-03-27,0.2990018488992029
1,2012-03-28,0.30446039669655794
1,2012-03-29,0.30939965864843255
1,2012-03-30,0.31378724084714293
1,2012-03-31,0.31759149721531105
1,2012-04-01,0.3207816528356765
1,2012-04-02,0.3233280733970118
1,2012-04-03,0.3252023469205364
1,2012-04-04,0.3263775910074183
1,2012-04-05,0.3268287248491784
1,2012-04-06,0.32653271063854705
1,2012-04-07,0.32546879617592483
1,2012-04-08,0.3236187629994974
1,2012-04-09,0.3209671630324971
1,2012-04-10,0.3175014973114069
1,2012-04-11,0.31321238121423745
1,2012-04-12,0.3080937998915782
1,2012-04-13,0.3021432286979357
1,2012-04-14,0.2953618099318899
1,2012-04-15,0.2877544704618007
1,2012-04-16,0.2793300528820476
1,2012-04-17,0.2701013709202891
1,2012-04-18,0.2600851532554003
1,2012-04-19,0.24930212358550005
1,2012-04-20,0.23777696632947032
1,2012-04-21,0.22553825407760147
1,2012-04-22,0.21261834853660375
1,2012-04-23,0.1990532463001721
1,2012-04-24,0.18488242730135046
1,2012-04-25,0.17014859485452913
1,2012-04-26,0.15489745058636742
1,2012-04-27,0.13917741769185266
1,2012-04-28,0.12303933089196235
1,2012-04-29,0.1065361124143349
1,2012-04-30,0.0897225048518681
1,2012-05-01,0.07265456156781544
1,2012-05-02,0.05538935251554745
1,2012-05-03,0.037984550565233095
1,2012-05-04,0.020498031270802786
1,2012-05-05,0.00298745101667053
1,2012-05-06,-0.014490144842052721
1,2012-05-07,-0.03187868920220166
1,2012-05-08,-0.04912345556450805
1,2012-05-09,-0.06617140897220304
1,2012-05-10,-0.08297157621680826
1,2012-05-11,-0.0994753526204597
1,2012-05-12,-0.11563685187354947
1,2012-05-13,-0.13141305338446005
1,2012-05-14,-0.14676416294799444
1,2012-05-15,-0.16165374041299482
1,2012-05-16,-0.17604887495994923
1,2012-05-17,-0.1899203192601917
1,2012-05-18,-0.20324259509432271
1,2012-05-19,-0.21599405861691712
1,2012-05-20,-0.228156959843175
1,2012-05-21,-0.23971741985328696
1,2012-05-22,-0.2506653185047037
1,2012-05-23,-0.2609942196932506
1,2012-05-24,-0.2707013151666923
1,2012-05-25,-0.279787270914896
1,2012-05-26,-0.28825609424371995
1,2012-05-27,-0.2961150061914698
1,2012-05-28,-0.3033741892665079
1,2012-05-29,-0.3100465589478551
1,2012-05-30,-0.3161474960032487
1,2012-05-31,-0.3216946160825043
1,2012-06-01,-0.3267075970438296
1,2012-06-02,-0.33120793813183824
1,2012-06-03,-0.33521875439699
1,2012-06-04,-0.3387645077838437
1,2012-06-05,-0.34187073315627864
1,2012-06-06,-0.34456375478593965
1,2012-06-07,-0.34687046999992394
1,2012-06-08,-0.3488181471258503
1,2012-06-09,-0.3504342507068967
1,2012-06-10,-0.3517461999629985
1,2012-06-11,-0.35278113982181564
1,2012-06-12,-0.35356576704222753
1,2012-06-13,-0.35412621236555747
1,2012-06-14,-0.35448788189626007
1,2012-06-15,-0.3546753673141886
1,2012-06-16,-0.3547123340599011
1,2012-06-17,-0.3546214140838232
1,2012-06-18,-0.35442413247786325
1,2012-06-19,-0.354140862792356
1,2012-06-20,-0.35379074636940006
1,2012-06-21,-0.3533916469882616
1,2012-06-22,-0.3529600649839639
1,2012-06-23,-0.352511188386346
1,2012-06-24,-0.3520588707494304
1,2012-06-25,-0.3516156721889528
1,2012-06-26,-0.351192873040301
1,2012-06-27,-0.3508004680972201
1,2012-06-28,-0.35044719446413103
1,2012-06-29,-0.35014056927568216
1,2012-06-30,-0.3498869346014578
1,2012-07-01,-0.3496915008907599
1,2012-07-02,-0.349558428429379
1,2012-07-03,-0.34949091348240985
1,2012-07-04,-0.3494912539700085
1,2012-07-05,-0.3495608944405363
1,2012-07-06,-0.34970042937513984
1,2012-07-07,-0.3499096670393152
1,2012-07-08,-0.35018774408662917
1,2012-07-09,-0.3505331895315233
1,2012-07-10,-0.35094395876171725
1,2012-07-11,-0.351417549866329
1,2012-07-12,-0.35195105959133194
1,2012-07-13,-0.35254121455199966
1,2012-07-14,-0.35318444144806177
1,2012-07-15,-0.3538769465657639
1,2012-07-16,-0.3546147737190605
1,2012-07-17,-0.35539387280251244
1,2012-07-18,-0.3562101363246302
1,2012-07-19,-0.3570594775889805
1,2012-07-20,-0.3579378767323624
1,2012-07-21,-0.35884144260586387
1,2012-07-22,-0.3597663964471528
1,2012-07-23,-0.36070913472346205
1,2012-07-24,-0.3616662634764918
1,2012-07-25,-0.3626345980166297
1,2012-07-26,-0.3636112096160141
1,2012-07-27,-0.3645934483762722
1,2012-07-28,-0.36557893120746227
1,2012-07-29,-0.3665655580432997
1,2012-07-30,-0.3675515066698217
1,2012-07-31,-0.3685352095220241
1,2012-08-01,-0.3695153795298206
1,2012-08-02,-0.3704909844845233
1,2012-08-03,-0.37146122204794163
1,2012-08-04,-0.3724255046703552
1,2012-08-05,-0.3733834257643792
1,2012-08-06,-0.37433472993537537
1,2012-08-07,-0.37527928261205745
1,2012-08-08,-0.3762170617065082
1,2012-08-09,-0.3771480791352484
1,2012-08-10,-0.37807237153844825
1,2012-08-11,-0.37899002697833917
1,2012-08-12,-0.3799011286893482
1,2012-08-13,-0.380805731742142
1,2012-08-14,-0.38170377171330083
1,2012-08-15,-0.3825950277380618
1,2012-08-16,-0.38347918227747835
1,2012-08-17,-0.38435581569337096
1,2012-08-18,-0.38522437724505654
1,2012-08-19,-0.38608414928988455
1,2012-08-20,-0.3869342427852649
1,2012-08-21,-0.3877735916401381
1,2012-08-22,-0.3886009506528454
1,2012-08-23,-0.389414970168351
1,2012-08-24,-0.3902141403476155
1,2012-08-25,-0.3909968205776246
1,2012-08-26,-0.39176128240701236
1,2012-08-27,-0.3925057289408269
1,2012-08-28,-0.39322827851324155
1,2012-08-29,-0.39392694824591495
1,2012-08-30,-0.39459971058999405
1,2012-08-31,-0.39524450482861245
1,2012-09-01,-0.3958592891167853
1,2012-09-02,-0.39644202571734694
1,2012-09-03,-0.39699066096719865
1,2012-09-04,-0.39750315276434084
1,2012-09-05,-0.3979774818819175
1,2012-09-06,-0.39841164936201184
1,2012-09-07,-0.39880370364396484
1,2012-09-08,-0.399151737423787
1,2012-09-09,-0.39945388611767624
1,2012-09-10,-0.3997083324105995
1,2012-09-11,-0.3999132468591745
1,2012-09-12,-0.40006678700628223
1,2012-09-13,-0.40016712097079127
1,2012-09-14,-0.4002123950880025
1,2012-09-15,-0.4002007531588948
1,2012-09-16,-0.400130301588991
1,2012-09-17,-0.3999990193647728
1,2012-09-18,-0.3998047965743132
1,2012-09-19,-0.39954543586825386
1,2012-09-20,-0.39921865514172644
1,2012-09-21,-0.3988220993362918
1,2012-09-22,-0.3983533291942202
1,2012-09-23,-0.39780982636549156
1,2012-09-24,-0.39718905823134043
1,2012-09-25,-0.39648843346120205
1,2012-09-26,-0.3957052149994408
1,2012-09-27,-0.3948366225607141
1,2012-09-28,-0.3938798889835682
1,2012-09-29,-0.3928323167780683
1,2012-09-30,-0.39169126040175306
1,2012-10-01,-0.3904541485918483
1,2012-10-02,-0.38911852594702806
1,2012-10-03,-0.3876821056255154
1,2012-10-04,-0.38614282101324593
1,2012-10-05,-0.38449888094160717
1,2012-10-06,-0.38274880120847565
1,2012-10-07,-0.38089141944379423
1,2012-10-08,-0.37892595240386906
1,2012-10-09,-0.37685204269059547
1,2012-10-10,-0.3746697962113626
1,2012-10-11,-0.3723797987415188
1,2012-10-12,-0.3699830812794482
1,2012-10-13,-0.3674811555555767
1,2012-10-14,-0.36487603328516116
1,2012-10-15,-0.36217023837994133
1,2012-10-16,-0.35936680120060804
1,2012-10-17,-0.3564692561303313
1,2012-10-18,-0.35348159245913874
1,2012-10-19,-0.3504082004807962
1,2012-10-20,-0.34725381743967504
1,2012-10-21,-0.3440235186432813
1,2012-10-22,-0.34072266812260515
1,2012-10-23,-0.3373569108095017
1,2012-10-24,-0.3339320845357311
1,2012-10-25,-0.3304541287387117
1,2012-10-26,-0.3269290245370054
1,2012-10-27,-0.3233627266522861
1,2012-10-28,-0.3197611420719823
1,2012-10-29,-0.3161300447602395
1,2012-10-30,-0.3124749778435174
1,2012-10-31,-0.30880122547994504
1,2012-11-01,-0.30511384544126674
1,2012-11-02,-0.3014176171425992
1,2012-11-03,-0.2977169773987188
1,2012-11-04,-0.2940159815894499
1,2012-11-05,-0.29031827772071084
1,2012-11-06,-0.2866271446555075
1,2012-11-07,-0.28294551655594075
1,2012-11-08,-0.2792760655016731
1,2012-11-09,-0.2756211643856962
1,2012-11-10,-0.2719829830992302
1,2012-11-11,-0.2683635162420921
1,2012-11-12,-0.2647646695529288
1,2012-11-13,-0.2611883324896663
1,2012-11-14,-0.2576364494709546
1,2012-11-15,-0.2541110976127326
1,2012-11-16,-0.2506145215656866
1,2012-11-17,-0.24714926011966287
1,2012-11-18,-0.24371821788653383
1,2012-11-19,-0.2403247860817023
1,2012-11-20,-0.23697288845661593
1,2012-11-21,-0.23366700790379916
1,2012-11-22,-0.23041222171544584
1,2012-11-23,-0.22721435138833876
1,2012-11-24,-0.22407991355365645
1,2012-11-25,-0.22101616140875377
1,2012-11-26,-0.21803103975919408
1,2012-11-27,-0.21513313338829398
1,2012-11-28,-0.2123316983179184
1,2012-11-29,-0.20963653540307328
1,2012-11-30,-0.20705790242448555
1,2012-12-01,-0.20460646105457916
1,2012-12-02,-0.20229316115719242
1,2012-12-03,-0.20012911483650678
1,2012-12-04,-0.19812543221529827
1,2012-12-05,-0.196292968218686
1,2012-12-06,-0.19464219420751444
1,2012-12-07,-0.19318316527886292
1,2012-12-08,-0.19192522609976848
1,2012-12-09,-0.1908767842862719
1,2012-12-10,-0.19004521057300391
1,2012-12-11,-0.18943663760247775
1,2012-12-12,-0.18905574726520707
1,2012-12-13,-0.1889056748158881
1,2012-12-14,-0.1889878509425168
1,2012-12-15,-0.18930192992291756
1,2012-12-16,-0.18984566797907143
1,2012-12-17,-0.1906148667938707
1,2012-12-18,-0.1916030909194901
1,2012-12-19,-0.19280200447897547
1,2012-12-20,-0.19420086890474608
1,2012-12-21,-0.1957868715661219
1,2012-12-22,-0.19754514321673675
1,2012-12-23,-0.19945880107077302
1,2012-12-24,-0.20150908553945285
1,2012-12-25,-0.20367548561517398
1,2012-12-26,-0.20593587337383093
1,2012-12-27,-0.20826666908891217
1,2012-12-28,-0.210643106290899
1,2012-12-29,-0.21303906813917953
1,2012-12-30,-0.21542753837712242
1,2012-12-31,-0.2154283966804646
1,2013-01-01,-0.21778149234047006
1,2013-01-02,-0.2200712932842897
1,2013-01-03,-0.2222699393980788
1,2013-01-04,-0.22434954645916277
1,2013-01-05,-0.22628266712872747
1,2013-01-06,-0.22804254203092056
1,2013-01-07,-0.2296033782813396
1,2013-01-08,-0.23094055015076806
1,2013-01-09,-0.23203070618741056
1,2013-01-10,-0.2328518603753152
1,2013-01-11,-0.23338396683225812
1,2013-01-12,-0.2336088724332348
1,2013-01-13,-0.2335105150904609
1,2013-01-14,-0.23307496897649493
1,2013-01-15,-0.2322906731637848
1,2013-01-16,-0.23114836951251783
1,2013-01-17,-0.22964110100088791
1,2013-01-18,-0.22776436370575515
1,2013-01-19,-0.22551603111412938
1,2013-01-20,-0.22289626271822963
1,2013-01-21,-0.21990722947865196
1,2013-01-22,-0.21655333482153657
1,2013-01-23,-0.21284104738692672
1,2013-01-24,-0.2087789173077244
1,2013-01-25,-0.2043770584476715
1,2013-01-26,-0.19964733328555107
1,2013-01-27,-0.19460305685934234
1,2013-01-28,-0.18925873800248166
1,2013-01-29,-0.18362962780207248
1,2013-01-30,-0.17773156543117435
1,2013-01-31,-0.17158067060085483
1,2013-02-01,-0.1651934453008459
1,2013-02-02,-0.158586539846486
1,2013-02-03,-0.1517766007684289
1,2013-02-04,-0.14477995658434542
1,2013-02-05,-0.13761220286689585
1,2013-02-06,-0.13028840877730563
1,2013-02-07,-0.12282284128101512
1,2013-02-08,-0.11522872782587526
1,2013-02-09,-0.10751791923731634
1,2013-02-10,-0.09970105907745759
1,2013-02-11,-0.09178753047322465
1,2013-02-12,-0.08378571549465084
1,2013-02-13,-0.07570279825368627
1,2013-02-14,-0.06754482385955028
1,2013-02-15,-0.0593165106467286
1,2013-02-16,-0.0510213997824702
1,2013-02-17,-0.04266170491885154
1,2013-02-18,-0.0342385911755689
1,2013-02-19,-0.02575255071757949
1,2013-02-20,-0.017203252331280575
1,2013-02-21,-0.008589689626007953
1,2013-02-22,8.9482509239713e-5
1,2013-02-23,0.008835730845658403
1,2013-02-24,0.017650666123579756
1,2013-02-25,0.026535791437452143
1,2013-02-26,0.03549240022388657
1,2013-02-27,0.04452125230365431
1,2013-02-28,0.05362244554688545
1,2013-03-01,0.06279526130676981
1,2013-03-02,0.0720381570727884
1,2013-03-03,0.08134851719005387
1,2013-03-04,0.09072246983838872
1,2013-03-05,0.10015495096554232
1,2013-03-06,0.10963952872481393
1,2013-03-07,0.11916828931084231
1,2013-03-08,0.1287316945017295
1,2013-03-09,0.13831871166812665
1,2013-03-10,0.14791675673407156
1,2013-03-11,0.15751169175086696
1,2013-03-12,0.16708767058082383
1,2013-03-13,0.1766271931756206
1,2013-03-14,0.1861111335761209
1,2013-03-15,0.19551884319885734
1,2013-03-16,0.20482816699621093
1,2013-03-17,0.21401540768383762
1,2013-03-18,0.2230554096074554
1,2013-03-19,0.2319216313330431
1,2013-03-20,0.24058630996496905
1,2013-03-21,0.2490205793964515
1,2013-03-22,0.2571946076096014
1,2013-03-23,0.2650776989441977
1,2013-03-24,0.2726383752942818
1,2013-03-25,0.2798444365535398
1,2013-03-26,0.2866631832473945
1,2013-03-27,0.2930616085387003
1,2013-03-28,0.29900656627583566
1,2013-03-29,0.30446499359915336
1,2013-03-30,0.3094041111155241
1,2013-03-31,0.31379160315400395
1,2013-04-01,0.317595863682591
1,2013-04-02,0.32078609514633494
1,2013-04-03,0.32333257420158396
1,2013-04-04,0.32520683428502223
1,2013-04-05,0.3263820380928316
1,2013-04-06,0.32683306446572086
1,2013-04-07,0.3265368346087621
1,2013-04-08,0.32547257424984377
1,2013-04-09,0.32362208197814907
1,2013-04-10,0.3209699203596109
1,2013-04-11,0.3175036163351549
1,2013-04-12,0.31321382181780644
1,2013-04-13,0.30809451937852916
1,2013-04-14,0.30214318661726386
1,2013-04-15,0.29536099034272034
1,2013-04-16,0.28775291748865856
1,2013-04-17,0.2793278157935234
1,2013-04-18,0.27009846211809907
1,2013-04-19,0.2600816402237745
1,2013-04-20,0.2492981094046671
1,2013-04-21,0.23777252742974686
1,2013-04-22,0.2255334656939063
1,2013-04-23,0.2126132792832849
1,2013-04-24,0.19904793631576764
1,2013-04-25,0.18487687302908912
1,2013-04-26,0.17014278435592284
1,2013-04-27,0.15489137895804878
1,2013-04-28,0.1391710738078531
1,2013-04-29,0.1230327048949028
1,2013-04-30,0.1065292528589431
1,2013-05-01,0.08971539030206072
1,2013-05-02,0.07264715594217158
1,2013-05-03,0.05538160467504817
1,2013-05-04,0.03797641689702411
1,2013-05-05,0.020489516506858745
1,2013-05-06,0.002978612155256835
1,2013-05-07,-0.014499195608640537
1,2013-05-08,-0.03188780337163661
1,2013-05-09,-0.04913251155662791
1,2013-05-10,-0.06618031716129408
1,2013-05-11,-0.08298025310598144
1,2013-05-12,-0.09948372576330279
1,2013-05-13,-0.11564486776200661
1,2013-05-14,-0.13142075145248552
1,2013-05-15,-0.14677158328740972
1,2013-05-16,-0.16166087721348477
1,2013-05-17,-0.17605571228893302
1,2013-05-18,-0.18992686299863645
1,2013-05-19,-0.20324886255471084
1,2013-05-20,-0.21600008091823708
1,2013-05-21,-0.22816274471138837
1,2013-05-22,-0.23972293274964737
1,2013-05-23,-0.25067051038480376
1,2013-05-24,-0.2609990720620754
1,2013-05-25,-0.2707058228550826
1,2013-05-26,-0.27979143253794964
1,2013-05-27,-0.288259876277538
1,2013-05-28,-0.29611828515435945
1,2013-05-29,-0.3033767658325215
1,2013-05-30,-0.31004825524043345
1,2013-05-31,-0.3161482655121775
1,2013-06-01,-0.3216945952584184
1,2013-06-02,-0.326707013704229
1,2013-06-03,-0.331207064792567
1,2013-06-04,-0.33521782836745495
1,2013-06-05,-0.33876370765617164
1,2013-06-06,-0.3418701673690033
1,2013-06-07,-0.34456350422951126
1,2013-06-08,-0.3468706135649545
1,2013-06-09,-0.3488187061432938
1,2013-06-10,-0.3504351481952008
1,2013-06-11,-0.3517472818040471
1,2013-06-12,-0.35278221832402257
1,2013-06-13,-0.3535666912569145
1,2013-06-14,-0.35412688939168224
1,2013-06-15,-0.35448828946007094
1,2013-06-16,-0.35467551676966996
1,2013-06-17,-0.35471225721973076
1,2013-06-18,-0.3546211806961775
1,2013-06-19,-0.35442384957003137
1,2013-06-20,-0.35414060614464843
1,2013-06-21,-0.3537905591986718
1,2013-06-22,-0.35339154621315116
1,2013-06-23,-0.35296006027245475
1,2013-06-24,-0.3525112623398125
1,2013-06-25,-0.3520590088176227
1,2013-06-26,-0.3516158431301037
1,2013-06-27,-0.35119302666992813
1,2013-06-28,-0.35080055185245473
1,2013-06-29,-0.35044717835128275
1,2013-06-30,-0.35014046778136065
1,2013-07-01,-0.34988680982819365
1,2013-07-02,-0.3496914471476406
1,2013-07-03,-0.3495585387236239
1,2013-07-04,-0.3494912454306141
1,2013-07-05,-0.34949183771044423
1,2013-07-06,-0.349561739401925
1,2013-07-07,-0.3497015208663154
1,2013-07-08,-0.3499109731177537
1,2013-07-09,-0.35018921398723035
1,2013-07-10,-0.35053475585134075
1,2013-07-11,-0.3509455758662503
1,2013-07-12,-0.3514191722366291
1,2013-07-13,-0.35195260802118805
1,2013-07-14,-0.3525426044003109
1,2013-07-15,-0.35318560299768165
1,2013-07-16,-0.3538778183725379
1,2013-07-17,-0.3546153293497473
1,2013-07-18,-0.3553941080449169
1,2013-07-19,-0.35621009485781724
1,2013-07-20,-0.35705924111550413
1,2013-07-21,-0.3579375000141987
1,2013-07-22,-0.3588409169708419
1,2013-07-23,-0.35976572277332725
1,2013-07-24,-0.3607083289822629
1,2013-07-25,-0.36166535370390773
1,2013-07-26,-0.3626336378332165
1,2013-07-27,-0.36361024536803477
1,2013-07-28,-0.3645924905264597
1,2013-07-29,-0.3655779767246517
1,2013-07-30,-0.3665645802048014
1,2013-07-31,-0.3675504805231923
1,2013-08-01,-0.36853413667763024
1,2013-08-02,-0.3695142775324245
1,2013-08-03,-0.37048986794601074
1,2013-08-04,-0.3714600927322669
1,2013-08-05,-0.3724243445294471
1,2013-08-06,-0.37338223601825205
1,2013-08-07,-0.3743335362925288
1,2013-08-08,-0.3752781530170354
1,2013-08-09,-0.37621607141524244
1,2013-08-10,-0.37714731634273924
1,2013-08-11,-0.3780719072755741
1,2013-08-12,-0.37898987151051494
1,2013-08-13,-0.3799012453188003
1,2013-08-14,-0.3808060110355938
1,2013-08-15,-0.38170406839851273
1,2013-08-16,-0.38259526800577326
1,2013-08-17,-0.3834793584258411
1,2013-08-18,-0.3843559126788921
1,2013-08-19,-0.3852243528365136
1,2013-08-20,-0.3860839293144633
1,2013-08-21,-0.38693374903449923
1,2013-08-22,-0.38777277386022385
1,2013-08-23,-0.38859986888353704
1,2013-08-24,-0.38941369729915676
1,2013-08-25,-0.3902127419974654
1,2013-08-26,-0.39099536665540574
1,2013-08-27,-0.39175975510126043
1,2013-08-28,-0.39250408898821243
1,2013-08-29,-0.3932265069304865
1,2013-08-30,-0.39392503289280556
1,2013-08-31,-0.39459759854450877
1,2013-09-01,-0.3952421434311411
1,2013-09-02,-0.3958565940858026
1,2013-09-03,-0.39643890743793203
1,2013-09-04,-0.39698706405199075
1,2013-09-05,-0.39749909628444363
1,2013-09-06,-0.39797301607893276
1,2013-09-07,-0.39840684601358667
1,2013-09-08,-0.398798644987174
1,2013-09-09,-0.39914647371976275
1,2013-09-10,-0.3994485022307653
1,2013-09-11,-0.39970292437919336
1,2013-09-12,-0.3999079515599435
1,2013-09-13,-0.4000617972404796
1,2013-09-14,-0.4001626274107699
1,2013-09-15,-0.4002084962967253
1,2013-09-16,-0.40019745204813495
1,2013-09-17,-0.40012750702738686
1,2013-09-18,-0.39999665741489016
1,2013-09-19,-0.3998028312773639
1,2013-09-20,-0.39954390335000034
1,2013-09-21,-0.3992176712750729
1,2013-09-22,-0.39882172314270403
1,2013-09-23,-0.3983535424655318
1,2013-09-24,-0.39781056645056007
1,2013-09-25,-0.39719021861171194
1,2013-09-26,-0.3964898549857051
1,2013-09-27,-0.3957067840773576
1,2013-09-28,-0.39483828872154464
1,2013-09-29,-0.3938816020628257
1,2013-09-30,-0.39283398768007255
1,2013-10-01,-0.3916927680893595
1,2013-10-02,-0.39045537659310886
1,2013-10-03,-0.38911938243051497
1,2013-10-04,-0.38768253428003585
1,2013-10-05,-0.38614279055935863
1,2013-10-06,-0.3844983643656804
1,2013-10-07,-0.3827478240932575
1,2013-10-08,-0.3808900660426463
1,2013-10-09,-0.37892436595354057
1,2013-10-10,-0.3768503281162142
1,2013-10-11,-0.37466803543641136
1,2013-10-12,-0.372378061333698
1,2013-10-13,-0.3699814240964752
1,2013-10-14,-0.36747959904306887
1,2013-10-15,-0.36487457264151024
1,2013-10-16,-0.3621688692972234
1,2013-10-17,-0.35936554768545226
1,2013-10-18,-0.3564682067584246
1,2013-10-19,-0.35348081621632504
1,2013-10-20,-0.35040772642274326
1,2013-10-21,-0.347253684202354
1,2013-10-22,-0.34402371966393236
1,2013-10-23,-0.34072323468844246
1,2013-10-24,-0.33735785822902914
1,2013-10-25,-0.3339333873707097
1,2013-10-26,-0.3304557519436862
1,2013-10-27,-0.32693091198471097
1,2013-10-28,-0.3233648046435974
1,2013-10-29,-0.31976330883662063
1,2013-10-30,-0.31613221457904767
1,2013-10-31,-0.31247712372241737
1,2013-11-01,-0.3088033964022182
1,2013-11-02,-0.3051160554127664
1,2013-11-03,-0.3014198249901538
1,2013-11-04,-0.29771908452205037
1,2013-11-05,-0.29401786547722114
1,2013-11-06,-0.29031987193787173
1,2013-11-07,-0.2866284531247824
1,2013-11-08,-0.28294663162505285
1,2013-11-09,-0.27927712154945283
1,2013-11-10,-0.2756223071074321
1,2013-11-11,-0.27198429267673413
1,2013-11-12,-0.26836503037788934
1,2013-11-13,-0.2647663818988484
1,2013-11-14,-0.2611902180517823
1,2013-11-15,-0.2576384418238553
1,2013-11-16,-0.25411311223964433
1,2013-11-17,-0.25061649425284455
1,2013-11-18,-0.24715113368605213
1,2013-11-19,-0.2437199674738303
1,2013-11-20,-0.24032639773404801
1,2013-11-21,-0.2369743439488369
1,2013-11-22,-0.23366831802814922
1,2013-11-23,-0.23041345691317924
1,2013-11-24,-0.22721556121356254
1,2013-11-25,-0.22408114332697968
1,2013-11-26,-0.22101742140658337
1,2013-11-27,-0.21803232565905944
1,2013-11-28,-0.2151344648289018
1,2013-11-29,-0.21233305283704493
1,2013-11-30,-0.2096378850430327
1,2013-12-01,-0.20705925748707488
1,2013-12-02,-0.20460786314347568
1,2013-12-03,-0.202294661639669
1,2013-12-04,-0.20013071859875217
1,2013-12-05,-0.19812704575314177
1,2013-12-06,-0.19629457303559752
1,2013-12-07,-0.19464391142077267
1,2013-12-08,-0.19318506374875932
1,2013-12-09,-0.19192734334278136
1,2013-12-10,-0.19087917427585113
1,2013-12-11,-0.1900479152918656
1,2013-12-12,-0.18943968719392182
1,2013-12-13,-0.18905921748093354
1,2013-12-14,-0.18890965016719477
1,2013-12-15,-0.18899243270925883
1,2013-12-16,-0.18930719940581409
1,2013-12-17,-0.18985165424185338
1,2013-12-18,-0.1906215186075236
1,2013-12-19,-0.19161046132061338
1,2013-12-20,-0.19280990603400305
1,2013-12-21,-0.19420911292513388
1,2013-12-22,-0.19579528762301682
1,2013-12-23,-0.19755362119354852
1,2013-12-24,-0.1994672586689371
1,2013-12-25,-0.20151740191456488
1,2013-12-26,-0.20368349815039372
1,2013-12-27,-0.2059433664652959
1,2013-12-28,-0.20827338041790777
1,2013-12-29,-0.2106486725170046
1,2013-12-30,-0.21304328359424377
1,2013-12-31,-0.2154304023246314
1,2014-01-01,-0.21778250128639484
1,2014-01-02,-0.22007164034451338
1,2014-01-03,-0.22226978200202688
1,2014-01-04,-0.22434902752723374
1,2014-01-05,-0.22628198379454229
1,2014-01-06,-0.2280418352019358
1,2014-01-07,-0.2296027864411522
1,2014-01-08,-0.23094015127459064
1,2014-01-09,-0.23203058271479202
1,2014-01-10,-0.23285230625620196
1,2014-01-11,-0.23338517227598807
1,2014-01-12,-0.23361084540461013
1,2014-01-13,-0.23351308398018933
1,2014-01-14,-0.23307786428987612
1,2014-01-15,-0.232293599394589
1,2014-01-16,-0.23115117899182056
1,2014-01-17,-0.2296438485461654
1,2014-01-18,-0.227767073158485
1,2014-01-19,-0.22551865260343754
1,2014-01-20,-0.22289872993084295
1,2014-01-21,-0.21990961671244197
1,2014-01-22,-0.2165557722947944
1,2014-01-23,-0.21284359064100344
1,2014-01-24,-0.20878145750288063
1,2014-01-25,-0.20437956061473148
1,2014-01-26,-0.1996496723936943
1,2014-01-27,-0.19460492578218289
1,2014-01-28,-0.18925969223780165
1,2014-01-29,-0.18362930045002415
1,2014-01-30,-0.1777295869712662
1,2014-01-31,-0.17157679972894027
1,2014-02-01,-0.1651876294969012
1,2014-02-02,-0.15857893276444154
1,2014-02-03,-0.15176744290572353
1,2014-02-04,-0.14476967999119883
1,2014-02-05,-0.13760132215904708
1,2014-02-06,-0.1302772885355661
1,2014-02-07,-0.1228116564945989
1,2014-02-08,-0.11521754233708563
1,2014-02-09,-0.10750686685129936
1,2014-02-10,-0.09969041407409192
1,2014-02-11,-0.0917778117610212
1,2014-02-12,-0.083777322640868
1,2014-02-13,-0.075695934544500465
1,2014-02-14,-0.06753941087902236
1,2014-02-15,-0.0593122986845775
1,2014-02-16,-0.05101794662923539
1,2014-02-17,-0.04265848373182867
1,2014-02-18,-0.0342350005596398
1,2014-02-19,-0.025747930000628912
1,2014-02-20,-0.01719704159604263
1,2014-02-21,-0.0085815116918404
1,2014-02-22,9.99214340942628e-5
1,2014-02-23,0.008848717039885564
1,2014-02-24,0.017666319815712293
1,2014-02-25,0.026553956866415578
1,2014-02-26,0.03551264589978599
1,2014-02-27,0.04454307070561106
1,2014-02-28,0.05364527935032045
1,2014-03-01,0.0628185682108503
1,2014-03-02,0.07206136580207849
1,2014-03-03,0.08137119721045447
1,2014-03-04,0.09074447782281671
1,2014-03-05,0.10017616547473374
1,2014-03-06,0.10965978189315631
1,2014-03-07,0.1191874032386324
1,2014-03-08,0.12874957227945089
1,2014-03-09,0.138335328968801
1,2014-03-10,0.14793213623183266
1,2014-03-11,0.1575259072733578
1,2014-03-12,0.16710086273521066
1,2014-03-13,0.17663955149524924
1,2014-03-14,0.18612291952660986
1,2014-03-15,0.19553021972418072
1,2014-03-16,0.20483920936187147
1,2014-03-17,0.21402606601948448
1,2014-03-18,0.22306559006220228
1,2014-03-19,0.23193126490071078
1,2014-03-20,0.24059537717690635
1,2014-03-21,0.24902917227475532
1,2014-03-22,0.2572028031194982
1,2014-03-23,0.26508547774521574
1,2014-03-24,0.2726456171373309
1,2014-03-25,0.27985105431496204
1,2014-03-26,0.28666916339916226
1,2014-03-27,0.2930670005502392
1,2014-03-28,0.29901145985052496
1,2014-03-29,0.3044694620817959
1,2014-03-30,0.30940821077263597
1,2014-03-31,0.3137953657889541
1,2014-04-01,0.31759919957121796
1,2014-04-02,0.3207888731314069
1,2014-04-03,0.323334682412074
1,2014-04-04,0.32520821110913034
1,2014-04-05,0.3263826912386809
1,2014-04-06,0.3268330925532786
1,2014-04-07,0.3265363895049037
1,2014-04-08,0.325471835845505
1,2014-04-09,0.32362126118562484
1,2014-04-10,0.32096920098627174
1,2014-04-11,0.31750310203861837
1,2014-04-12,0.3132135094836914
1,2014-04-13,0.30809436371720084
1,2014-04-14,0.30214316481408227
1,2014-04-15,0.29536106299735615
1,2014-04-16,0.2877530163459771
1,2014-04-17,0.279327845262458
1,2014-04-18,0.27009836986000835
1,2014-04-19,0.2600813888356814
1,2014-04-20,0.24929764426531056
1,2014-04-21,0.23777180986027527
1,2014-04-22,0.22553247856494751
1,2014-04-23,0.21261204246612084
1,2014-04-24,0.1990465076867186
1,2014-04-25,0.18487530891653348
1,2014-04-26,0.17014108347882498
1,2014-04-27,0.15488953171058278
1,2014-04-28,0.13916909329210297
1,2014-04-29,0.12303068951589984
1,2014-04-30,0.10652725218212143
1,2014-05-01,0.08971346853940013
1,2014-05-02,0.0726454304438109
1,2014-05-03,0.055380187322294015
1,2014-05-04,0.0379753855892361
1,2014-05-05,0.020488871893252474
1,2014-05-06,0.002978250735745738
1,2014-05-07,-0.014499422648029406
1,2014-05-08,-0.031888052480120166
1,2014-05-09,-0.049132885117446026
1,2014-05-10,-0.06618082491570633
1,2014-05-11,-0.08298087607583647
1,2014-05-12,-0.09948445210131615
1,2014-05-13,-0.11564563110832596
1,2014-05-14,-0.13142147576613278
1,2014-05-15,-0.1467722619635686
1,2014-05-16,-0.1616616179480733
1,2014-05-17,-0.17605668107352437
1,2014-05-18,-0.1899282542779846
1,2014-05-19,-0.20325080215568475
1,2014-05-20,-0.21600252332778674
1,2014-05-21,-0.22816554267141784
1,2014-05-22,-0.23972593065806158
1,2014-05-23,-0.25067356839598637
1,2014-05-24,-0.26100203416226886
1,2014-05-25,-0.2707085033150739
1,2014-05-26,-0.2797937026197947
1,2014-05-27,-0.2882617178945383
1,2014-05-28,-0.2961197803305069
1,2014-05-29,-0.303378066427516
1,2014-05-30,-0.3100495000094565
1,2014-05-31,-0.31614953828817444
1,2014-06-01,-0.3216959191695409
1,2014-06-02,-0.32670839102972604
1,2014-06-03,-0.3312084503820447
1,2014-06-04,-0.3352191427881197
1,2014-06-05,-0.33876484463455864
1,2014-06-06,-0.3418710234043435
1,2014-06-07,-0.3445639762643818
1,2014-06-08,-0.3468706144002472
1,2014-06-09,-0.3488182065691014
1,2014-06-10,-0.3504341946968065
1,2014-06-11,-0.3517459813735261
1,2014-06-12,-0.35278073395057574
1,2014-06-13,-0.35356520866719693
1,2014-06-14,-0.3541255859663955
1,2014-06-15,-0.35448728270948987
1,2014-06-16,-0.35467487895455224
1,2014-06-17,-0.35471201601614144
1,2014-06-18,-0.3546213139363826
1,2014-06-19,-0.3544242557654054
1,2014-06-20,-0.3541411383164675
1,2014-06-21,-0.3537910632390666
1,2014-06-22,-0.35339189158580525
1,2014-06-23,-0.35296016630929106
1,2014-06-24,-0.35251108536823217
1,2014-06-25,-0.35205855593238333
1,2014-06-26,-0.35161516869826126
1,2014-06-27,-0.3511922223622978
1,2014-06-28,-0.3507997254915763
1,2014-06-29,-0.35044641500025703
1,2014-06-30,-0.3501398006648864
1,2014-07-01,-0.3498862324338419
1,2014-07-02,-0.349690957851991
1,2014-07-03,-0.3495581590642337
1,2014-07-04,-0.3494910196720021
1,2014-07-05,-0.3494917887716256
1,2014-07-06,-0.34956182419005954
1,2014-07-07,-0.34970169059408135
1,2014-07-08,-0.3499111976646286
1,2014-07-09,-0.3501894656968083
1,2014-07-10,-0.3505349949697401
1,2014-07-11,-0.35094574867392414
1,2014-07-12,-0.35141923619565785
1,2014-07-13,-0.3519525727438632
1,2014-07-14,-0.3525425097529462
1,2014-07-15,-0.35318550253326053
1,2014-07-16,-0.35387779750383713
1,2014-07-17,-0.35461547561943335
1,2014-07-18,-0.35539449235755466
1,2014-07-19,-0.3562107362032397
1,2014-07-20,-0.3570600983708096
1,2014-07-21,-0.35793855217748766
1,2014-07-22,-0.35884216435496885
1,2014-07-23,-0.35976713524451265
1,2014-07-24,-0.3607098450862469
1,2014-07-25,-0.3616668855940449
1,2014-07-26,-0.3626350970983296
1,2014-07-27,-0.36361158620519707
1,2014-07-28,-0.3645937125473793
1,2014-07-29,-0.3655790958489624
1,2014-07-30,-0.36656563961100574
1,2014-07-31,-0.36755151023116317
1,2014-08-01,-0.36853513092665224
1,2014-08-02,-0.36951516548608543
1,2014-08-03,-0.3704905466886534
1,2014-08-04,-0.37146049288321525
1,2014-08-05,-0.37242442016237887
1,2014-08-06,-0.3733819383105925
1,2014-08-07,-0.37433282389503797
1,2014-08-08,-0.3752769761724712
1,2014-08-09,-0.37621439363163434
1,2014-08-10,-0.37714517266412084
1,2014-08-11,-0.3780694276551369
1,2014-08-12,-0.3789872687300405
1,2014-08-13,-0.3798987753909369
1,2014-08-14,-0.38080397631786644
1,2014-08-15,-0.3817026692260242
1,2014-08-16,-0.38259456670008457
1,2014-08-17,-0.3834793212300233
1,2014-08-18,-0.38435649752878415
1,2014-08-19,-0.3852255114227787
1,2014-08-20,-0.3860855977780062
1,2014-08-21,-0.3869358505804366
1,2014-08-22,-0.3877752247183891
1,2014-08-23,-0.3886025367339711
1,2014-08-24,-0.3894164694004354
1,2014-08-25,-0.3902155473137035
1,2014-08-26,-0.39099813915801485
1,2014-08-27,-0.39176251096920794
1,2014-08-28,-0.3925068512127971
1,2014-08-29,-0.39322925992762403
1,2014-08-30,-0.39392775196165714
1,2014-08-31,-0.39460031562922354
1,2014-09-01,-0.39524492529871125
1,2014-09-02,-0.3958595395889993
1,2014-09-03,-0.39644210935992413
1,2014-09-04,-0.39699058992555564
1,2014-09-05,-0.3975029434716452
1,2014-09-06,-0.39797714740182377
1,2014-09-07,-0.3984112475298415
1,2014-09-08,-0.3988033113720271
1,2014-09-09,-0.3991513988609598
1,2014-09-10,-0.39945361278273256
1,2014-09-11,-0.3997081063146817
1,2014-09-12,-0.3999130592022075
1,2014-09-13,-0.4000666480206159
1,2014-09-14,-0.4001670370203217
1,2014-09-15,-0.4002123752935887
1,2014-09-16,-0.40020077984398394
1,2014-09-17,-0.40013031834782403
1,2014-09-18,-0.3999989778712104
1,2014-09-19,-0.3998046460913142
1,2014-09-20,-0.3995451513599768
1,2014-09-21,-0.39921827254429726
1,2014-09-22,-0.3988217044048509
1,2014-09-23,-0.39835302574256026
1,2014-09-24,-0.39780971658181363
1,2014-09-25,-0.3971891799364212
1,2014-09-26,-0.3964887625589656
1,2014-09-27,-0.3957057414892048
1,2014-09-28,-0.394837351615036
1,2014-09-29,-0.3938807968423148
1,2014-09-30,-0.39283332263020887
1,2014-10-01,-0.39169225755387244
1,2014-10-02,-0.39045504516884955
1,2014-10-03,-0.38911924393605485
1,2014-10-04,-0.38768259986945797
1,2014-10-05,-0.3861430807386547
1,2014-10-06,-0.3844989372568024
1,2014-10-07,-0.38274871950277983
1,2014-10-08,-0.3808913036838761
1,2014-10-09,-0.3789259199675204
1,2014-10-10,-0.3768521874305664
1,2014-10-11,-0.3746701564378218
1,2014-10-12,-0.3723803427343241
1,2014-10-13,-0.3699837529409665
1,2014-10-14,-0.36748190040756534
1,2014-10-15,-0.364876815978564
1,2014-10-16,-0.3621710438961866
1,2014-10-17,-0.3593676181593012
1,2014-10-18,-0.3564700673440944
1,2014-10-19,-0.3534823785775388
1,2014-10-20,-0.35040895592476257
1,2014-10-21,-0.3472545808823734
1,2014-10-22,-0.3440243766321159
1,2014-10-23,-0.3407237485362016
1,2014-10-24,-0.3373583219653952
1,2014-10-25,-0.3339338689325244
1,2014-10-26,-0.3304562487420223
1,2014-10-27,-0.3269314130563532
1,2014-10-28,-0.3233653217364005
1,2014-10-29,-0.31976386818642966
1,2014-10-30,-0.31613279794045657
1,2014-10-31,-0.3124776846290201
1,2014-11-01,-0.3088038667198283
1,2014-11-02,-0.3051164196946817
1,2014-11-03,-0.30142011584113027
1,2014-11-04,-0.29771937605050713
1,2014-11-05,-0.29401824611567695
1,2014-11-06,-0.2903203809239442
1,2014-11-07,-0.2866290154704462
1,2014-11-08,-0.28294711131542777
1,2014-11-09,-0.2792773290010188
1,2014-11-10,-0.275622073412321
1,2014-11-11,-0.2719835469185755
1,2014-11-12,-0.26836379631660556
1,2014-11-13,-0.26476473393896366
1,2014-11-14,-0.2611882222187543
1,2014-11-15,-0.257636180171218
1,2014-11-16,-0.25411064504842173
1,2014-11-17,-0.2506139350494128
1,2014-11-18,-0.24714860574649533
1,2014-11-19,-0.24371755664825304
1,2014-11-20,-0.24032415032048682
1,2014-11-21,-0.23697225424089746
1,2014-11-22,-0.23366628664129557
1,2014-11-23,-0.23041139310088485
1,2014-11-24,-0.22721342402965417
1,2014-11-25,-0.22407886128406596
1,2014-11-26,-0.22101493698507924
1,2014-11-27,-0.21802961914524685
1,2014-11-28,-0.21513153257388723
1,2014-11-29,-0.2123299578424036
1,2014-11-30,-0.20963471973101086
1,2014-12-01,-0.2070560628556741
1,2014-12-02,-0.20460470946258494
1,2014-12-03,-0.20229162260210798
1,2014-12-04,-0.20012784850538654
1,2014-12-05,-0.1981243687456886
1,2014-12-06,-0.19629202136569454
1,2014-12-07,-0.19464133357880922
1,2014-12-08,-0.19318233344233088
1,2014-12-09,-0.19192433931421593
1,2014-12-10,-0.1908757587190723
1,2014-12-11,-0.19004393942125752
1,2014-12-12,-0.18943502415316407
1,2014-12-13,-0.18905368256006472
1,2014-12-14,-0.18890319809274933
1,2014-12-15,-0.18898505902340762
1,2014-12-16,-0.18929897632938034
1,2014-12-17,-0.18984270974616427
1,2014-12-18,-0.1906119384001614
1,2014-12-19,-0.19160027249835207
1,2014-12-20,-0.19279921619054985
1,2014-12-21,-0.1941980353380955
1,2014-12-22,-0.195783926718621
1,2014-12-23,-0.19754202281062094
1,2014-12-24,-0.19945547413400572
1,2014-12-25,-0.20150549039138244
1,2014-12-26,-0.20367147212506126
1,2014-12-27,-0.20593114678226124
1,2014-12-28,-0.20826126559636374
1,2014-12-29,-0.21063681762096778
1,2014-12-30,-0.2130317228541571
1,2014-12-31,-0.2154190675445379
1,2015-01-01,-0.21777137557258522
1,2015-01-02,-0.22006072237790858
1,2015-01-03,-0.22225900534340493
1,2015-01-04,-0.2243383409447238
1,2015-01-05,-0.22627144751118186
1,2015-01-06,-0.22803151094635377
1,2015-01-07,-0.2295926580693075
1,2015-01-08,-0.23093018126479845
1,2015-01-09,-0.2320207198655378
1,2015-01-10,-0.23284254344280408
1,2015-01-11,-0.2333751348918129
1,2015-01-12,-0.23360037755911242
1,2015-01-13,-0.2335022376061735
1,2015-01-14,-0.23306687888925237
1,2015-01-15,-0.23228264221167938
1,2015-01-16,-0.2311400762861126
1,2015-01-17,-0.22963224717866393
1,2015-01-18,-0.22775464798291897
1,2015-01-19,-0.22550503491537793
1,2015-01-20,-0.2228837691841149
1,2015-01-21,-0.2198934422056927
1,2015-01-22,-0.21653870180293613
1,2015-01-23,-0.2128260768173604
1,2015-01-24,-0.2087638403434025
1,2015-01-25,-0.20436203506586367
1,2015-01-26,-0.19963228490896712
1,2015-01-27,-0.1945876400466728
1,2015-01-28,-0.18924247972496222
1,2015-01-29,-0.18361213685053204
1,2015-01-30,-0.17771261680358758
1,2015-01-31,-0.17156035294035346
1,2015-02-01,-0.1651720073454025
1,2015-02-02,-0.15856426964849313
1,2015-02-03,-0.15175360083804948
1,2015-02-04,-0.1447562041411234
1,2015-02-05,-0.13758785041573252
1,2015-02-06,-0.13026367781749762
1,2015-02-07,-0.12279794169711615
1,2015-02-08,-0.11520377188315893
1,2015-02-09,-0.1074930974774499
1,2015-02-10,-0.09967674860635393
1,2015-02-11,-0.09176426803253189
1,2015-02-12,-0.08376389763655463
1,2015-02-13,-0.07568259762112113
1,2015-02-14,-0.06752613896150297
1,2015-02-15,-0.05929903803570889
1,2015-02-16,-0.05100471207828414
1,2015-02-17,-0.04264549723605014
1,2015-02-18,-0.034222625745230585
1,2015-02-19,-0.025736405593762852
1,2015-02-20,-0.01718648008852336
1,2015-02-21,-0.008571996618683873
1,2015-02-22,1.0832403955761813e-4
1,2015-02-23,0.008855819808267681
1,2015-02-24,0.017672029574805008
1,2015-02-25,0.026558230629362897
1,2015-02-26,0.03551545769855793
1,2015-02-27,0.04454438636795263
1,2015-02-28,0.053645199419469825
1,2015-03-01,0.06281733726516471
1,2015-03-02,0.07205932527391848
1,2015-03-03,0.08136863513309173
1,2015-03-04,0.090741489756791
1,2015-03-05,0.1001728251083361
1,2015-03-06,0.10965620450187
1,2015-03-07,0.11918371788397
1,2015-03-08,0.12874589460956715
1,2015-03-09,0.13833181737006395
1,2015-03-10,0.14792893203875093
1,2015-03-11,0.1575231585574548
1,2015-03-12,0.16709858436231373
1,2015-03-13,0.17663764435097332
1,2015-03-14,0.18612123469787858
1,2015-03-15,0.1955286363565328
1,2015-03-16,0.20483756499240624
1,2015-03-17,0.21402430159828337
1,2015-03-18,0.22306375184277788
1,2015-03-19,0.2319293902267661
1,2015-03-20,0.2405935157599603
1,2015-03-21,0.24902729782716623
1,2015-03-22,0.257200910159372
1,2015-03-23,0.2650835642255139
1,2015-03-24,0.2726437242788127
1,2015-03-25,0.27984922800866985
1,2015-03-26,0.2866674978441995
1,2015-03-27,0.29306555657021904
1,2015-03-28,0.2990102214461564
1,2015-03-29,0.30446838760324657
1,2015-03-30,0.3094073057479391
1,2015-03-31,0.3137946562601086
1,2015-04-01,0.3175987382087845
1,2015-04-02,0.3207887485698669
1,2015-04-03,0.3233349161959499
1,2015-04-04,0.3252088344527461
1,2015-04-05,0.326383658024344
1,2015-04-06,0.3268343240596275
1,2015-04-07,0.3265378205101163
1,2015-04-08,0.32547340018158416
1,2015-04-09,0.32362285708884997
1,2015-04-10,0.3209706764697037
1,2015-04-11,0.3175043241744441
1,2015-04-12,0.3132144204322868
1,2015-04-13,0.3080949479068573
1,2015-04-14,0.3021434341490635
1,2015-04-15,0.2953610728027997
1,2015-04-16,0.28775284828489067
1,2015-04-17,0.27932761131339207
1,2015-04-18,0.270098130332609
1,2015-04-19,0.2600811331456376
1,2015-04-20,0.2492973607745716
1,2015-04-21,0.23777152340029467
1,2015-04-22,0.22553223018588997
1,2015-04-23,0.21261181966450587
1,2015-04-24,0.19904621434948755
1,2015-04-25,0.18487486733740274
1,2015-04-26,0.1701404718809005
1,2015-04-27,0.15488874213530626
1,2015-04-28,0.1391681555886372
1,2015-04-29,0.12302962671646123
1,2015-04-30,0.10652615038782129
1,2015-05-01,0.0897124237479077
1,2015-05-02,0.0726444673600621
1,2015-05-03,0.055379285308481324
1,2015-05-04,0.037974453580642456
1,2015-05-05,0.020487813043952703
1,2015-05-06,0.0029770140951380537
1,2015-05-07,-0.014500817843278979
1,2015-05-08,-0.03188951067358088
1,2015-05-09,-0.049134286177673674
1,2015-05-10,-0.0661821007643106
1,2015-05-11,-0.08298204348057663
1,2015-05-12,-0.099485517105075
1,2015-05-13,-0.11564663223282294
1,2015-05-14,-0.1314224204969615
1,2015-05-15,-0.14677308289384022
1,2015-05-16,-0.16166224314601932
1,2015-05-17,-0.17605705208703995
1,2015-05-18,-0.18992826530284787
1,2015-05-19,-0.20325041336972346
1,2015-05-20,-0.21600181433073806
1,2015-05-21,-0.22816469787299562
1,2015-05-22,-0.23972515565487543
1,2015-05-23,-0.2506730446333209
1,2015-05-24,-0.2610018876312749
1,2015-05-25,-0.270708789532905
1,2015-05-26,-0.27979440641093495
1,2015-05-27,-0.2882627511085622
1,2015-05-28,-0.29612103828279074
1,2015-05-29,-0.30337946051747317
1,2015-05-30,-0.31005095839860475
1,2015-05-31,-0.316150985608738
1,2015-06-01,-0.3216972548390563
1,2015-06-02,-0.32670951871276377
1,2015-06-03,-0.33120931318018
1,2015-06-04,-0.33521972679844764
1,2015-06-05,-0.33876515220275577
1,2015-06-06,-0.34187105778498694
1,2015-06-07,-0.3445637589564989
1,2015-06-08,-0.3468701611466273
1,2015-06-09,-0.34881754368553747
1,2015-06-10,-0.35043336768361855
1,2015-06-11,-0.35174508126741033
1,2015-06-12,-0.3527798532798174
1,2015-06-13,-0.3535644248532442
1,2015-06-14,-0.3541249260555782
1,2015-06-15,-0.35448674939587976
1,2015-06-16,-0.3546744723295278
1,2015-06-17,-0.3547117418556907
1,2015-06-18,-0.35462115919382814
1,2015-06-19,-0.35442420137671826
1,2015-06-20,-0.35414119516480014
1,2015-06-21,-0.3537912539885376
1,2015-06-22,-0.3533922224944057
1,2015-06-23,-0.35296062467413375
1,2015-06-24,-0.3525116655879707
1,2015-06-25,-0.35205923609398104
1,2015-06-26,-0.3516159169283806
1,2015-06-27,-0.3511929961449532
1,2015-06-28,-0.3508004691771302
1,2015-06-29,-0.35044707888302185
1,2015-06-30,-0.3501403563870987
1,2015-07-01,-0.34988666961845616
1,2015-07-02,-0.3496912831722429
1,2015-07-03,-0.34955837919602706
1,2015-07-04,-0.34949112915040015
1,2015-07-05,-0.3494917700861888
1,2015-07-06,-0.34956168149239536
1,2015-07-07,-0.3497014372087522
1,2015-07-08,-0.34991086177399955
1,2015-07-09,-0.3501891032444161
1,2015-07-10,-0.3505346705107682
1,2015-07-11,-0.35094554636527986
1,2015-07-12,-0.3514192154561751
1,2015-07-13,-0.35195274846850766
1,2015-07-14,-0.3525428613630965
1,2015-07-15,-0.3531859843996933
1,2015-07-16,-0.35387834931225576
1,2015-07-17,-0.3546160282170098
1,2015-07-18,-0.3553949599791907
1,2015-07-19,-0.3562110347841339
1,2015-07-20,-0.35706018126199635
1,2015-07-21,-0.35793840594223564
1,2015-07-22,-0.35884182510677415
1,2015-07-23,-0.3597666852812806
1,2015-07-24,-0.3607093707289058
1,2015-07-25,-0.3616664869508005
1,2015-07-26,-0.36263484558594783
1,2015-07-27,-0.3636115125156243
1,2015-07-28,-0.36459380748405856
1,2015-07-29,-0.36557931527779874
1,2015-07-30,-0.3665659414047463
1,2015-07-31,-0.3675518593101693
1,2015-08-01,-0.36853548873199576
1,2015-08-02,-0.3695155236280181
1,2015-08-03,-0.3704909255525727
1,2015-08-04,-0.37146092488982063
1,2015-08-05,-0.3724249890175352
1,2015-08-06,-0.37338277806452996
1,2015-08-07,-0.3743340628162681
1,2015-08-08,-0.3752787136595011
1,2015-08-09,-0.3762166859812202
1,2015-08-10,-0.3771479793155779
1,2015-08-11,-0.37807261565912686
1,2015-08-12,-0.3789906490034772
1,2015-08-13,-0.3799021132192413
1,2015-08-14,-0.3808070263410702
1,2015-08-15,-0.38170526893520595
1,2015-08-16,-0.3825966370757461
1,2015-08-17,-0.38348082704955205
1,2015-08-18,-0.38435742425148844
1,2015-08-19,-0.3852259038516052
1,2015-08-20,-0.38608557206836747
1,2015-08-21,-0.3869355472030777
1,2015-08-22,-0.3877747813183909
1,2015-08-23,-0.3886020507105846
1,2015-08-24,-0.38941597584682763
1,2015-08-25,-0.39021504977587945
1,2015-08-26,-0.3909976336599945
1,2015-08-27,-0.3917619886321684
1,2015-08-28,-0.39250628714514263
1,2015-08-29,-0.3932285945871141
1,2015-08-30,-0.3939269398262118
1,2015-08-31,-0.3945993114986187
1,2015-09-01,-0.3952436941757597
1,2015-09-02,-0.39585813032418804
1,2015-09-03,-0.3964406421879416
1,2015-09-04,-0.39698919249600617
1,2015-09-05,-0.39750171463105627
1,2015-09-06,-0.3979761479396862
1,2015-09-07,-0.39841047565272164
1,2015-09-08,-0.3988027225144427
1,2015-09-09,-0.39915097455431603
1,2015-09-10,-0.39945336359403255
1,2015-09-11,-0.399708045620963
1,2015-09-12,-0.39991316620191436
1,2015-09-13,-0.4000668658053192
1,2015-09-14,-0.40016730488668406
1,2015-09-15,-0.4002126335634566
1,2015-09-16,-0.40020101996135665
1,2015-09-17,-0.4001306006433126
1,2015-09-18,-0.3999993927423792
1,2015-09-19,-0.3998053039039281
1,2015-09-20,-0.3995461396896915
1,2015-09-21,-0.3992196032060766
1,2015-09-22,-0.3988233179056536
1,2015-09-23,-0.3983548440534739
1,2015-09-24,-0.39781163912454515
1,2015-09-25,-0.397191077284729
1,2015-09-26,-0.39649048651313473
1,2015-09-27,-0.39570716032869313
1,2015-09-28,-0.39483836443204245
1,2015-09-29,-0.3938813580900719
1,2015-09-30,-0.39283344518969127
1,2015-10-01,-0.3916920160386113
1,2015-10-02,-0.3904545295884712
1,2015-10-03,-0.3891185571917237
1,2015-10-04,-0.387681855203119
1,2015-10-05,-0.38614236214320324
1,2015-10-06,-0.38449829299040056
1,2015-10-07,-0.38274814905506865
1,2015-10-08,-0.3808907579612091
1,2015-10-09,-0.37892528309210083
1,2015-10-10,-0.37685134762038497
1,2015-10-11,-0.37466903732110646
1,2015-10-12,-0.37237894078963635
1,2015-10-13,-0.3699820893098597
1,2015-10-14,-0.367480059888331
1,2015-10-15,-0.3648749500481981
1,2015-10-16,-0.3621693002351932
1,2015-10-17,-0.3593660859631944
1,2015-10-18,-0.35646886923253396
1,2015-10-19,-0.3534815638771276
1,2015-10-20,-0.35040849303558885
1,2015-10-21,-0.3472544235939325
1,2015-10-22,-0.3440244646677616
1,2015-10-23,-0.34072399444910956
1,2015-10-24,-0.3373586049170291
1,2015-10-25,-0.3339340931039226
1,2015-10-26,-0.33045640873189136
1,2015-10-27,-0.32693151071818854
1,2015-10-28,-0.32336537894508927
1,2015-10-29,-0.3197639322637509
1,2015-10-30,-0.31613295120587903
1,2015-10-31,-0.31247800071717313
1,2015-11-01,-0.3088043334123373
1,2015-11-02,-0.30511703580090827
1,2015-11-03,-0.3014208550721952
1,2015-11-04,-0.2977201654783408
1,2015-11-05,-0.29401897400668703
1,2015-11-06,-0.29032093704909845
1,2015-11-07,-0.28662935144991225
1,2015-11-08,-0.28294719900834686
1,2015-11-09,-0.2792771409226843
1,2015-11-10,-0.2756216282909474
1,2015-11-11,-0.27198291745245173
1,2015-11-12,-0.26836309881746817
1,2015-11-13,-0.2647640892813063
1,2015-11-14,-0.2611877456822096
1,2015-11-15,-0.25763594913481663
1,2015-11-16,-0.25411068989304636
1,2015-11-17,-0.2506141485284951
1,2015-11-18,-0.2471488927257234
1,2015-11-19,-0.2437178506947119
1,2015-11-20,-0.24032436726934187
1,2015-11-21,-0.2369723362917248
1,2015-11-22,-0.23366628597748054
1,2015-11-23,-0.23041137185746116
1,2015-11-24,-0.2272133770353089
1,2015-11-25,-0.22407884838491715
1,2015-11-26,-0.22101511260476003
1,2015-11-27,-0.21803009250501512
1,2015-11-28,-0.2151323701330109
1,2015-11-29,-0.21233114885095067
1,2015-11-30,-0.20963624390648597
1,2015-12-01,-0.20705795803342078
1,2015-12-02,-0.20460691734038372
1,2015-12-03,-0.20229399182083005
1,2015-12-04,-0.2001302661412387
1,2015-12-05,-0.19812679678956202
1,2015-12-06,-0.19629446708618206
1,2015-12-07,-0.19464383341307875
1,2015-12-08,-0.19318494285513607
1,2015-12-09,-0.19192710549939385
1,2015-12-10,-0.19087868261034513
1,2015-12-11,-0.19004706174749378
1,2015-12-12,-0.18943837643128383
1,2015-12-13,-0.18905736301581125
1,2015-12-14,-0.18890720156685153
1,2015-12-15,-0.18898938694475206
1,2015-12-16,-0.18930358389533775
1,2015-12-17,-0.189847520404179
1,2015-12-18,-0.19061684527287986
1,2015-12-19,-0.19160513653926636
1,2015-12-20,-0.19280394303427567
1,2015-12-21,-0.19420263886646025
1,2015-12-22,-0.19578841328976476
1,2015-12-23,-0.19754639465140303
1,2015-12-24,-0.19945981614765018
1,2015-12-25,-0.20150987314585433
1,2015-12-26,-0.20367597547364963
1,2015-12-27,-0.20593596776118162
1,2015-12-28,-0.20826615680787375
1,2015-12-29,-0.21064157519750165
1,2015-12-30,-0.21303620490514283
1,2015-12-31,-0.21542315648083352
1,2016-01-01,-0.21777496883832953
1,2016-01-02,-0.2200637920073972
1,2016-01-03,-0.22226151965250818
1,2016-01-04,-0.2243403471551925
1,2016-01-05,-0.22627284746023255
1,2016-01-06,-0.22803230815119085
1,2016-01-07,-0.22959321685481682
1,2016-01-08,-0.23093072933354922
1,2016-01-09,-0.23202132477562434
1,2016-01-10,-0.2328430579842761
1,2016-01-11,-0.23337580113720574
1,2016-01-12,-0.23360131367142103
1,2016-01-13,-0.23350342017928843
1,2016-01-14,-0.23306817252367773
1,2016-01-15,-0.23228392196143582
1,2016-01-16,-0.23114136186190773
1,2016-01-17,-0.22963360830187032
1,2016-01-18,-0.22775612769223752
1,2016-01-19,-0.22550682391948298
1,2016-01-20,-0.22288578508001625
1,2016-01-21,-0.2198951130830247
1,2016-01-22,-0.21653954674731266
1,2016-01-23,-0.2128257881306003
1,2016-01-24,-0.2087623492334194
1,2016-01-25,-0.20435954513345622
1,2016-01-26,-0.19962919735731988
1,2016-01-27,-0.1945843785955565
1,2016-01-28,-0.18923927112246883
1,2016-01-29,-0.18360897998438727
1,2016-01-30,-0.17770934393923332
1,2016-01-31,-0.17155685122019193
1,2016-02-01,-0.16516824792371582
1,2016-02-02,-0.15856016281703794
1,2016-02-03,-0.15174931263294242
1,2016-02-04,-0.14475209943257125
1,2016-02-05,-0.1375842683933999
1,2016-02-06,-0.13026047171554728
1,2016-02-07,-0.12279481219385961
1,2016-02-08,-0.11520048316041537
1,2016-02-09,-0.10748942960103425
1,2016-02-10,-0.09967246743972001
1,2016-02-11,-0.09175916872198764
1,2016-02-12,-0.08375790026237526
1,2016-02-13,-0.07567585379507619
1,2016-02-14,-0.06751876704595225
1,2016-02-15,-0.059291245364649164
1,2016-02-16,-0.05099677394905472
1,2016-02-17,-0.04263745530627934
1,2016-02-18,-0.03421436536868154
1,2016-02-19,-0.025727756177738644
1,2016-02-20,-0.017177578548372912
1,2016-02-21,-0.008563088357404436
1,2016-02-22,1.1697575799876427e-4
1,2016-02-23,0.008864112975900885
1,2016-02-24,0.017679895564088482
1,2016-02-25,0.02656573109645111
1,2016-02-26,0.03552264947216597
1,2016-02-27,0.044551334169717176
1,2016-02-28,0.053651871631464544
1,2016-02-29,0.06282375276984756
1,2016-03-01,0.07206538680856606
1,2016-03-02,0.08137418871174219
1,2016-03-03,0.09074642248864606
1,2016-03-04,0.10017704375467482
1,2016-03-05,0.10965959939001685
1,2016-03-06,0.1191863358839114
1,2016-03-07,0.128747914287846
1,2016-03-08,0.1383333280988249
1,2016-03-09,0.14792998176533373
1,2016-03-10,0.1575236392482791
1,2016-03-11,0.16709851000262363
1,2016-03-12,0.1766371422243864
1,2016-03-13,0.18612042383250102
1,2016-03-14,0.19552760840831204
1,2016-03-15,0.20483651138931416
1,2016-03-16,0.21402335223199725
1,2016-03-17,0.2230629086139047
1,2016-03-18,0.23192872333049913
1,2016-03-19,0.2405931608680593
1,2016-03-20,0.24902735142410873
1,2016-03-21,0.25720132877350316
1,2016-03-22,0.26508423136924386
1,2016-03-23,0.2726444846907935
1,2016-03-24,0.27984997708887976
1,2016-03-25,0.28666808259301363
1,2016-03-26,0.29306584302675676
1,2016-03-27,0.2990101674492148
1,2016-03-28,0.3044680377837465
1,2016-03-29,0.30940667955674894
1,2016-03-30,0.31379388406286357
1,2016-03-31,0.31759802987441327
1,2016-04-01,0.320788265378008
1,2016-04-02,0.32333480080895793
1,2016-04-03,0.32520917813432404
1,2016-04-04,0.326384446410712
1,2016-04-05,0.32683545994737623
1,2016-04-06,0.3265391801389682
1,2016-04-07,0.3254749239482277
1,2016-04-08,0.32362449740246746
1,2016-04-09,0.32097244494091665
1,2016-04-10,0.317506217243224
1,2016-04-11,0.31321646733639086
1,2016-04-12,0.30809717809391896
1,2016-04-13,0.3021458846981984
1,2016-04-14,0.29536374099266793
1,2016-04-15,0.2877556961002646
1,2016-04-16,0.27933058418972295
1,2016-04-17,0.27010118028864993
1,2016-04-18,0.2600842447074748
1,2016-04-19,0.24930053488096873
1,2016-04-20,0.23777475392934153
1,2016-04-21,0.22553549860023375
1,2016-04-22,0.21261513393048925
1,2016-04-23,0.19904966246925468
1,2016-04-24,0.18487853430868967
1,2016-04-25,0.1701443694745689
1,2016-04-26,0.15489283440072998
1,2016-04-27,0.13917240200009737
1,2016-04-28,0.12303392336589702
1,2016-04-29,0.10653034644676063
1,2016-04-30,0.08971634454084608
1,2016-05-01,0.07264799256730715
1,2016-05-02,0.05538238003728317
1,2016-05-03,0.03797718187510982
1,2016-05-04,0.02049026794120805
1,2016-05-05,0.0029793116933070733
1,2016-05-06,-0.014498604690973194
1,2016-05-07,-0.03188738858251463
1,2016-05-08,-0.04913227947458605
1,2016-05-09,-0.06618024022816722
1,2016-05-10,-0.08298029972016359
1,2016-05-11,-0.09948397343268903
1,2016-05-12,-0.11564536415354436
1,2016-05-13,-0.13142146053326592
1,2016-05-14,-0.14677245566275943
1,2016-05-15,-0.1616618877493521
1,2016-05-16,-0.17605682737249917
1,2016-05-17,-0.18992804288147638
1,2016-05-18,-0.20325011725093736
1,2016-05-19,-0.21600148745278072
1,2016-05-20,-0.2281643685641265
1,2016-05-21,-0.23972477265820588
1,2016-05-22,-0.25067253604847684
1,2016-05-23,-0.26100116511298344
1,2016-05-24,-0.2707078921247878
1,2016-05-25,-0.27979339684501114
1,2016-05-26,-0.2882617142802486
1,2016-05-27,-0.2961200174821238
1,2016-05-28,-0.30337848743396645
1,2016-05-29,-0.31005002485246114
1,2016-05-30,-0.31615007572432086
1,2016-05-31,-0.32169636541210317
1,2016-06-01,-0.326708619289314
1,2016-06-02,-0.3312083398708115
1,2016-06-03,-0.33521864574469457
1,2016-06-04,-0.3387639809438322
1,2016-06-05,-0.3418698303915237
1,2016-06-06,-0.34456252811478166
1,2016-06-07,-0.3468689910719038
1,2016-06-08,-0.34881654192811273
1,2016-06-09,-0.35043251967583966
1,2016-06-10,-0.35174428260818547
1,2016-06-11,-0.35277900320784567
1,2016-06-12,-0.35356343818080277
1,2016-06-13,-0.3541237196883708
1,2016-06-14,-0.35448519455253275
1,2016-06-15,-0.35467246752536746
1,2016-06-16,-0.35470926699519173
1,2016-06-17,-0.35461830393128474
1,2016-06-18,-0.35442113599493175
1,2016-06-19,-0.3541381190394945
1,2016-06-20,-0.35378830754587975
1,2016-06-21,-0.3533895287586712
1,2016-06-22,-0.35295830109388254
1,2016-06-23,-0.3525098053875002
1,2016-06-24,-0.35205787207002304
1,2016-06-25,-0.3516150137783814
1,2016-06-26,-0.35119243996096355
1,2016-06-27,-0.3508001274352378
1,2016-06-28,-0.3504468912918342
1,2016-06-29,-0.35014030872638474
1,2016-06-30,-0.349886738730935
1,2016-07-01,-0.34969140534579224
1,2016-07-02,-0.3495585082331527
1,2016-07-03,-0.3494912504256193
1,2016-07-04,-0.3494918993228952
1,2016-07-05,-0.3495618344171024
1,2016-07-06,-0.349701603401183
1,2016-07-07,-0.3499110010460111
1,2016-07-08,-0.35018913713664124
1,2016-07-09,-0.3505345361635975
1,2016-07-10,-0.35094517439228345
1,2016-07-11,-0.35141856565580726
1,2016-07-12,-0.35195180955661853
1,2016-07-13,-0.35254168489599047
1,2016-07-14,-0.3531846419172649
1,2016-07-15,-0.3538769274883061
1,2016-07-16,-0.35461459589701894
1,2016-07-17,-0.3553935954500487
1,2016-07-18,-0.35620983242201565
1,2016-07-19,-0.35705920302046756
1,2016-07-20,-0.3579376469904045
1,2016-07-21,-0.35884119830590744
1,2016-07-22,-0.35976608576492014
1,2016-07-23,-0.3607087094996627
1,2016-07-24,-0.36166568873137006
1,2016-07-25,-0.3626338674930692
1,2016-07-26,-0.36361036293174864
1,2016-07-27,-0.3645925197657044
1,2016-07-28,-0.365577953199469
1,2016-07-29,-0.3665645282228098
1,2016-07-30,-0.36755039944231693
1,2016-07-31,-0.36853403019099346
1,2016-08-01,-0.3695141896887139
1,2016-08-02,-0.3704898962424933
1,2016-08-03,-0.3714603069141075
1,2016-08-04,-0.3724247963191508
1,2016-08-05,-0.3733829303709719
1,2016-08-06,-0.3743344293192832
1,2016-08-07,-0.37527915318697125
1,2016-08-08,-0.3762171015525781
1,2016-08-09,-0.3771483107524487
1,2016-08-10,-0.3780728304339343
1,2016-08-11,-0.37899071643100923
1,2016-08-12,-0.37990201615064084
1,2016-08-13,-0.3808067349576224
1,2016-08-14,-0.38170480863027023
1,2016-08-15,-0.382596056410198
1,2016-08-16,-0.3834801472901024
1,2016-08-17,-0.38435666290955683
1,2016-08-18,-0.38522502800129155
1,2016-08-19,-0.38608445538960173
1,2016-08-20,-0.38693406711944195
1,2016-08-21,-0.3877728753681829
1,2016-08-22,-0.3885997155359479
1,2016-08-23,-0.3894132437139849
1,2016-08-24,-0.39021200685940494
1,2016-08-25,-0.39099438938082665
1,2016-08-26,-0.391758655712688
1,2016-08-27,-0.3925029134812931
1,2016-08-28,-0.3932252648636895
1,2016-08-29,-0.3939237745208491
1,2016-08-30,-0.3945964252854607
1,2016-08-31,-0.39524111313269655
1,2016-09-01,-0.3958557652540857
1,2016-09-02,-0.39643836498030366
1,2016-09-03,-0.39698690183515567
1,2016-09-04,-0.39749936288921506
1,2016-09-05,-0.3979737950337359
1,2016-09-06,-0.3984082267485419
1,2016-09-07,-0.39880066306442213
1,2016-09-08,-0.39914915644305254
1,2016-09-09,-0.39945180377828243
1,2016-09-10,-0.39970671765825005
1,2016-09-11,-0.39991206759030357
1,2016-09-12,-0.40006598578183855
1,2016-09-13,-0.4001666288794467
1,2016-09-14,-0.4002121276055213
1,2016-09-15,-0.40020058488520793
1,2016-09-16,-0.40013008203777883
1,2016-09-17,-0.399998641763675
1,2016-09-18,-0.39980422611647953
1,2016-09-19,-0.39954473020493786
1,2016-09-20,-0.3992179210793601
1,2016-09-21,-0.3988214565876078
1,2016-09-22,-0.3983528746679061
1,2016-09-23,-0.39780966445306404
1,2016-09-24,-0.39718921900926824
1,2016-09-25,-0.3964888486449001
1,2016-09-26,-0.3957058060558109
1,2016-09-27,-0.39483733287714345
1,2016-09-28,-0.39388064967274083
1,2016-09-29,-0.39283299601752414
1,2016-09-30,-0.3916917122837776
1,2016-10-01,-0.39045425744348794
1,2016-10-02,-0.3891182590664215
1,2016-10-03,-0.3876815283869117
1,2016-10-04,-0.38614205882485303
1,2016-10-05,-0.3844980725160578
1,2016-10-06,-0.38274803958851855
1,2016-10-07,-0.38089077859718107
1,2016-10-08,-0.37892549234287376
1,2016-10-09,-0.3768517823297039
1,2016-10-10,-0.3746696971360829
1,2016-10-11,-0.3723797700299099
1,2016-10-12,-0.3699830108453112
1,2016-10-13,-0.367480952119748
1,2016-10-14,-0.36487566348408423
1,2016-10-15,-0.3621697309871815
1,2016-10-16,-0.3593661860343903
1,2016-10-17,-0.3564685659132098
1,2016-10-18,-0.35348085059150847
1,2016-10-19,-0.3504074808615888
1,2016-10-20,-0.3472531864880147
1,2016-10-21,-0.3440230300749585
1,2016-10-22,-0.3407223736236318
1,2016-10-23,-0.3373568150224335
1,2016-10-24,-0.33393214751164435
1,2016-10-25,-0.3304542608067561
1,2016-10-26,-0.32692908379824975
1,2016-10-27,-0.3233626209943508
1,2016-10-28,-0.31976073623948725
1,2016-10-29,-0.316129154312983
1,2016-10-30,-0.3124734700529317
1,2016-10-31,-0.3087990901624499
1,2016-11-01,-0.30511110620308834
1,2016-11-02,-0.30141447324351117
1,2016-11-03,-0.2977135451718867
1,2016-11-04,-0.2940123287705252
1,2016-11-05,-0.2903144639518345
1,2016-11-06,-0.28662324236884984
1,2016-11-07,-0.2829416113669866
1,2016-11-08,-0.2792722379150917
1,2016-11-09,-0.27561746801296055
1,2016-11-10,-0.2719793929049258
1,2016-11-11,-0.26836003626668314
1,2016-11-12,-0.26476127730667337
1,2016-11-13,-0.2611851433480009
1,2016-11-14,-0.2576335627386234
1,2016-11-15,-0.2541085162081772
1,2016-11-16,-0.25061208126695744
1,2016-11-17,-0.2471468766916341
1,2016-11-18,-0.2437158408516029
1,2016-11-19,-0.24032235475462468
1,2016-11-20,-0.2369703379397273
1,2016-11-21,-0.23366432187946715
1,2016-11-22,-0.2304095179248255
1,2016-11-23,-0.2272117923036581
1,2016-11-24,-0.22407764229678784
1,2016-11-25,-0.22101427949354915
1,2016-11-26,-0.21802961326416864
1,2016-11-27,-0.21513213663784853
1,2016-11-28,-0.21233105149814446
1,2016-11-29,-0.20963622084348868
1,2016-11-30,-0.20705785863385603
1,2016-12-01,-0.20460663118381897
1,2016-12-02,-0.20229349213308992
1,2016-12-03,-0.20012954962555535
1,2016-12-04,-0.19812586644767544
1,2016-12-05,-0.1962933521916269
1,2016-12-06,-0.19464259368551406
1,2016-12-07,-0.1931835766184923
1,2016-12-08,-0.19192558766946374
1,2016-12-09,-0.1908770573413505
1,2016-12-10,-0.190045356338882
1,2016-12-11,-0.18943657160435615
1,2016-12-12,-0.18905538139177766
1,2016-12-13,-0.18890514199744735
1,2016-12-14,-0.18898734674644502
1,2016-12-15,-0.18930163596646077
1,2016-12-16,-0.1898457132461558
1,2016-12-17,-0.19061524657455645
1,2016-12-18,-0.19160392622594974
1,2016-12-19,-0.19280323830753562
1,2016-12-20,-0.19420236972254787
1,2016-12-21,-0.19578851835649755
1,2016-12-22,-0.19754685798386373
1,2016-12-23,-0.19946051052190497
1,2016-12-24,-0.20151076781526056
1,2016-12-25,-0.2036771156195358
1,2016-12-26,-0.20593749691331498
1,2016-12-27,-0.2082681043619082
1,2016-12-28,-0.21064389285752205
1,2016-12-29,-0.2130388007073312
1,2016-12-30,-0.21542586510299952
1,2016-12-31,-0.2154251712302502
1,2017-01-01,-0.2177768945548952
1,2017-01-02,-0.22006561803467725
1,2017-01-03,-0.22226334266927222
1,2017-01-04,-0.22434220060668825
1,2017-01-05,-0.22627477366365203
1,2017-01-06,-0.2280343027197823
1,2017-01-07,-0.22959497015765312
1,2017-01-08,-0.23093208320450798
1,2017-01-09,-0.23202224236977464
1,2017-01-10,-0.2328434268182275
1,2017-01-11,-0.2333756031720469
1,2017-01-12,-0.23360057302938675
1,2017-01-13,-0.2335023223477719
1,2017-01-14,-0.23306688262611305
1,2017-01-15,-0.23228258567221938
1,2017-01-16,-0.23114014919993153
1,2017-01-17,-0.229632615647595
1,2017-01-18,-0.22775538353868718
1,2017-01-19,-0.22550617821058905
1,2017-01-20,-0.22288512269686123
1,2017-01-21,-0.21989462595725123
1,2017-01-22,-0.21653912177558746
1,2017-01-23,-0.2128249897086118
1,2017-01-24,-0.20876074877608203
1,2017-01-25,-0.20435677776289005
1,2017-01-26,-0.19962499101910128
1,2017-01-27,-0.194578739358618
1,2017-01-28,-0.18923217730263642
1,2017-01-29,-0.18360037497569437
1,2017-01-30,-0.17769935405320195
1,2017-01-31,-0.1715456145845736
1,2017-02-01,-0.16515603696199035
1,2017-02-02,-0.15854749411735097
1,2017-02-03,-0.15173655806824501
1,2017-02-04,-0.14473949214372855
1,2017-02-05,-0.1375721576470121
1,2017-02-06,-0.13024965539783873
1,2017-02-07,-0.12278590715505246
1,2017-02-08,-0.11519413714675968
1,2017-02-09,-0.10748611204312057
1,2017-02-10,-0.09967212112441684
1,2017-02-11,-0.09176151795892185
1,2017-02-12,-0.08376268161650913
1,2017-02-13,-0.07568253926794578
1,2017-02-14,-0.06752682797948772
1,2017-02-15,-0.05930009121899545
1,2017-02-16,-0.051005714018632534
1,2017-02-17,-0.042646031428965774
1,2017-02-18,-0.034222338452968064
1,2017-02-19,-0.02573511626384573
1,2017-02-20,-0.017184129483103515
1,2017-02-21,-0.008568587538551971
1,2017-02-22,1.127991236980462e-4
1,2017-02-23,0.008861271422940745
1,2017-02-24,0.017678146561992385
1,2017-02-25,0.026564721437219652
1,2017-02-26,0.035521981128405614
1,2017-02-27,0.04455064827892019
1,2017-02-28,0.053650925996870026
1,2017-03-01,0.0628222451103962
1,2017-03-02,0.07206324724807403
1,2017-03-03,0.08137152149231132
1,2017-03-04,0.09074339991589093
1,2017-03-05,0.1001738727887899
1,2017-03-06,0.1096565580265535
1,2017-03-07,0.11918359777077438
1,2017-03-08,0.12874560219603318
1,2017-03-09,0.1383315585180139
1,2017-03-10,0.14792884396024802
1,2017-03-11,0.15752315739642556
1,2017-03-12,0.16709865023972298
1,2017-03-13,0.17663782168560221
1,2017-03-14,0.18612153946451004
1,2017-03-15,0.19552909320965978
1,2017-03-16,0.20483823942857265
1,2017-03-17,0.21402522434379442
1,2017-03-18,0.22306487272386485
1,2017-03-19,0.23193074053807153
1,2017-03-20,0.24059515783292215
1,2017-03-21,0.24902922753281317
1,2017-03-22,0.25720304650226516
1,2017-03-23,0.26508584968394694
1,2017-03-24,0.27264605703757083
1,2017-03-25,0.2798514960283829
1,2017-03-26,0.2866695866769338
1,2017-03-27,0.2930673887937942
1,2017-03-28,0.29901183956800054
1,2017-03-29,0.30446992634111925
1,2017-03-30,0.309408839384751
1,2017-03-31,0.3137962103344968
1,2017-04-01,0.3176003473846423
1,2017-04-02,0.3207904481396209
1,2017-04-03,0.3233367570302978
1,2017-04-04,0.3252108370814957
1,2017-04-05,0.32638579426702824
1,2017-04-06,0.3268365245692565
1,2017-04-07,0.32654000995124394
1,2017-04-08,0.3254755300178531
1,2017-04-09,0.3236249029103423
1,2017-04-10,0.3209726573862169
1,2017-04-11,0.31750627452821373
1,2017-04-12,0.31321638897725435
1,2017-04-13,0.3080969911405022
1,2017-04-14,0.30214558613442677
1,2017-04-15,0.2953633604085746
1,2017-04-16,0.2877553034822022
1,2017-04-17,0.2793302531338253
1,2017-04-18,0.27010095934265627
1,2017-04-19,0.2600841716423714
1,2017-04-20,0.2493005994028058
1,2017-04-21,0.23777492515580884
1,2017-04-22,0.22553571922366505
1,2017-04-23,0.21261527988165607
1,2017-04-24,0.19904961419731892
1,2017-04-25,0.18487820162502927
1,2017-04-26,0.17014376983110618
1,2017-04-27,0.1548920389026223
1,2017-04-28,0.13917143519973824
1,2017-04-29,0.12303280936172951
1,2017-04-30,0.10652910770268371
1,2017-05-01,0.08971499739564885
1,2017-05-02,0.0726465542652245
1,2017-05-03,0.05538091175326425
1,2017-05-04,0.03797572170542425
1,2017-05-05,0.020488826399023587
1,2017-05-06,0.0029778579834822375
1,2017-05-07,-0.014500133435573243
1,2017-05-08,-0.03188901757210395
1,2017-05-09,-0.04913402840849334
1,2017-05-10,-0.06618212909220161
1,2017-05-11,-0.08298232108241388
1,2017-05-12,-0.09948599993333378
1,2017-05-13,-0.11564725823452984
1,2017-05-14,-0.13142317329607234
1,2017-05-15,-0.14677393945777253
1,2017-05-16,-0.16166312586732617
1,2017-05-17,-0.17605787972312076
1,2017-05-18,-0.18992902631787817
1,2017-05-19,-0.20325114345511258
1,2017-05-20,-0.21600259933299942
1,2017-05-21,-0.22816542337169332
1,2017-05-22,-0.23972562080044527
1,2017-05-23,-0.25067305042822713
1,2017-05-24,-0.2610013244436719
1,2017-05-25,-0.27070770709434233
1,2017-05-26,-0.27979297412074106
1,2017-05-27,-0.2882612366015868
1,2017-05-28,-0.296119727539919
1,2017-05-29,-0.3033785569038623
1,2017-05-30,-0.31005056442030005
1,2017-05-31,-0.31615103341556133
1,2017-06-01,-0.32169757240542796
1,2017-06-02,-0.3267099289296114
1,2017-06-03,-0.33120969473637446
1,2017-06-04,-0.33522003085163643
1,2017-06-05,-0.3387654133581177
1,2017-06-06,-0.3418713739763915
1,2017-06-07,-0.3445642384949234
1,2017-06-08,-0.3468708980503729
1,2017-06-09,-0.34881860386412245
1,2017-06-10,-0.3504347836258893
1,2017-06-11,-0.3517468158641156
1,2017-06-12,-0.3527818030152524
1,2017-06-13,-0.3535664176137798
1,2017-06-14,-0.35412677522142744
1,2017-06-15,-0.3544883064501098
1,2017-06-16,-0.35467562826900384
1,2017-06-17,-0.35471244550026965
1,2017-06-18,-0.3546214059499799
1,2017-06-19,-0.3544240656164744
1,2017-06-20,-0.35414080380919527
1,2017-06-21,-0.35379074667711274
1,2017-06-22,-0.35339171584684
1,2017-06-23,-0.3529602005064587
1,2017-06-24,-0.3525113745679083
1,2017-06-25,-0.35205911625157693
1,2017-06-26,-0.35161597171268244
1,2017-06-27,-0.3511931724744226
1,2017-06-28,-0.35080070250600054
1,2017-06-29,-0.3504473149480319
1,2017-06-30,-0.3501405521413552
1,2017-07-01,-0.3498867844755951
1,2017-07-02,-0.349691271658338
1,2017-07-03,-0.34955821154432976
1,2017-07-04,-0.3494908112817541
1,2017-07-05,-0.3494913291286292
1,2017-07-06,-0.34956115476491373
1,2017-07-07,-0.3497008577377133
1,2017-07-08,-0.3499102605808263
1,2017-07-09,-0.3501884946578507
1,2017-07-10,-0.35053405018100414
1,2017-07-11,-0.350944862229863
1,2017-07-12,-0.3514184330199192
1,2017-07-13,-0.35195190670982146
1,2017-07-14,-0.3525420285334324
1,2017-07-15,-0.3531852285508049
1,2017-07-16,-0.35387766255642517
1,2017-07-17,-0.35461537330350223
1,2017-07-18,-0.3553943366337597
1,2017-07-19,-0.35621048802208266
1,2017-07-20,-0.35705975600527684
1,2017-07-21,-0.35793811566526335
1,2017-07-22,-0.3588416349999273
1,2017-07-23,-0.3597665225536108
1,2017-07-24,-0.36070916718163964
1,2017-07-25,-0.36166615664936536
1,2017-07-26,-0.3626343078860374
1,2017-07-27,-0.363610734049849
1,2017-07-28,-0.36459281376624186
1,2017-07-29,-0.3655781636099875
1,2017-07-30,-0.36656467533711307
1,2017-07-31,-0.36755049228761144
1,2017-08-01,-0.36853406929577887
1,2017-08-02,-0.36951411970988224
1,2017-08-03,-0.37048962459356705
1,2017-08-04,-0.37145980256433875
1,2017-08-05,-0.3724241485301614
1,2017-08-06,-0.37338227771991805
1,2017-08-07,-0.37433385710175476
1,2017-08-08,-0.3752786938959769
1,2017-08-09,-0.3762167590826096
1,2017-08-10,-0.3771480851193908
1,2017-08-11,-0.37807272889328447
1,2017-08-12,-0.37899074440281255
1,2017-08-13,-0.3799021602177013
1,2017-08-14,-0.3808069893639352
1,2017-08-15,-0.38170514820310336
1,2017-08-16,-0.3825964649675641
1,2017-08-17,-0.38348064751832184
1,2017-08-18,-0.3843572699214111
1,2017-08-19,-0.385225732037198
1,2017-08-20,-0.3860852754423558
1,2017-08-21,-0.386935007830751
1,2017-08-22,-0.38777388168894955
1,2017-08-23,-0.38860074691022334
1,2017-08-24,-0.38941426916700406
1,2017-08-25,-0.3902130069421917
1,2017-08-26,-0.3909954282706031
1,2017-08-27,-0.3917598039417454
1,2017-08-28,-0.39250424520277716
1,2017-08-29,-0.3932267781134156
1,2017-08-30,-0.39392538693816653
1,2017-08-31,-0.3945980514112992
1,2017-09-01,-0.39524275964919686
1,2017-09-02,-0.3958574899532427
1,2017-09-03,-0.39644030576256184
1,2017-09-04,-0.39698917663225775
1,2017-09-05,-0.3975019583280296
1,2017-09-06,-0.3979764778445292
1,2017-09-07,-0.3984107493257841
1,2017-09-08,-0.39880284880091754
1,2017-09-09,-0.3991508956416977
1,2017-09-10,-0.3994530812635923
1,2017-09-11,-0.39970758623792046
1,2017-09-12,-0.3999125822601852
1,2017-09-13,-0.40006621661705655
1,2017-09-14,-0.40016663029417315
1,2017-09-15,-0.40021198870850827
1,2017-09-16,-0.40020044972694274
1,2017-09-17,-0.40013004686740133
1,2017-09-18,-0.39999869119185827
1,2017-09-19,-0.39980428086230074
1,2017-09-20,-0.3995446660658656
1,2017-09-21,-0.39921766295606226
1,2017-09-22,-0.39882102585915363
1,2017-09-23,-0.3983523677024191
1,2017-09-24,-0.397809112685858
1,2017-09-25,-0.3971886496975062
1,2017-09-26,-0.3964882934011268
1,2017-09-27,-0.3957052968567595
1,2017-09-28,-0.3948368627403267
1,2017-09-29,-0.3938802362239109
1,2017-09-30,-0.3928327144920927
1,2017-10-01,-0.39169164778774956
1,2017-10-02,-0.3904544157383032
1,2017-10-03,-0.38911860625372513
1,2017-10-04,-0.38768200834858835
1,2017-10-05,-0.38614259846335447
1,2017-10-06,-0.3844985945560408
1,2017-10-07,-0.3827484874277481
1,2017-10-08,-0.3808911116656439
1,2017-10-09,-0.3789256910481869
1,2017-10-10,-0.37685187161127315
1,2017-10-11,-0.3746697475435042
1,2017-10-12,-0.37237987256970234
1,2017-10-13,-0.3699832617666497
1,2017-10-14,-0.3674814448962831
1,2017-10-15,-0.3648764744266631
1,2017-10-16,-0.3621708590471961
1,2017-10-17,-0.35936760910177584
1,2017-10-18,-0.35647023472732786
1,2017-10-19,-0.35348272725149665
1,2017-10-20,-0.3504094545375733
1,2017-10-21,-0.34725514203851615
1,2017-10-22,-0.3440249070876908
1,2017-10-23,-0.3407241512734809
1,2017-10-24,-0.33735851216683066
1,2017-10-25,-0.33393379853154914
1,2017-10-26,-0.33045592218090963
1,2017-10-27,-0.32693085150296336
1,2017-10-28,-0.3233645596536799
1,2017-10-29,-0.31976293207029094
1,2017-10-30,-0.3161317026845586
1,2017-10-31,-0.31247642522055813
1,2017-11-01,-0.3088024869486253
1,2017-11-02,-0.3051150166685417
1,2017-11-03,-0.30141883070907133
1,2017-11-04,-0.29771829080826334
1,2017-11-05,-0.29401735703580095
1,2017-11-06,-0.2903196355843001
1,2017-11-07,-0.28662840612890444
1,2017-11-08,-0.2829466117967618
1,2017-11-09,-0.2792768991785351
1,2017-11-10,-0.27562165659043275
1,2017-11-11,-0.27198311055756197
1,2017-11-12,-0.2683632849232493
1,2017-11-13,-0.26476403018583355
1,2017-11-14,-0.26118718888424997
1,2017-11-15,-0.2576347554586397
1,2017-11-16,-0.25410885680740536
1,2017-11-17,-0.25061186599769125
1,2017-11-18,-0.24714634183446327
1,2017-11-19,-0.24371516543235766
1,2017-11-20,-0.2403216605135773
1,2017-11-21,-0.23696972485824389
1,2017-11-22,-0.23366383924921044
1,2017-11-23,-0.23040910460173444
1,2017-11-24,-0.22721126803415714
1,2017-11-25,-0.22407689020968277
1,2017-11-26,-0.22101327304310203
1,2017-11-27,-0.21802832352207338
1,2017-11-28,-0.21513057146386252
1,2017-11-29,-0.21232934398666728
1,2017-11-30,-0.2096343549238137
1,2017-12-01,-0.2070557339657651
1,2017-12-02,-0.20460425093077098
1,2017-12-03,-0.20229104584244006
1,2017-12-04,-0.2001271775624208
1,2017-12-05,-0.19812366488468314
1,2017-12-06,-0.1962913833102279
1,2017-12-07,-0.19464087226492696
1,2017-12-08,-0.19318215332914496
1,2017-12-09,-0.1919244178416252
1,2017-12-10,-0.1908760631186143
1,2017-12-11,-0.19004448102343263
1,2017-12-12,-0.18943577811295395
1,2017-12-13,-0.18905498878799623
1,2017-12-14,-0.18890530647899537
1,2017-12-15,-0.18898824201944675
1,2017-12-16,-0.18930322703682392
1,2017-12-17,-0.18984780440753965
1,2017-12-18,-0.19061773101472812
1,2017-12-19,-0.19160666430185688
1,2017-12-20,-0.1928061034805002
1,2017-12-21,-0.19420540364391078
1,2017-12-22,-0.1957918134292535
1,2017-12-23,-0.19755048545203605
1,2017-12-24,-0.19946457454176658
1,2017-12-25,-0.20151531332596767
1,2017-12-26,-0.20368216312234116
1,2017-12-27,-0.20594265317870844
1,2017-12-28,-0.2082732175694752
1,2017-12-29,-0.21064898255139916
1,2017-12-30,-0.21304397233934727
1,2017-12-31,-0.21543130121242238
1,2018-01-01,-0.21778349332653374
1,2018-01-02,-0.22007262893652385
1,2018-01-03,-0.2222707048794684
1,2018-01-04,-0.22434991992350065
1,2018-01-05,-0.2262829110599725
1,2018-01-06,-0.22804293665908912
1,2018-01-07,-0.22960414572373977
1,2018-01-08,-0.23094186939818484
1,2018-01-09,-0.23203267316866252
1,2018-01-10,-0.23285460174161526
1,2018-01-11,-0.23338752561331733
1,2018-01-12,-0.23361310775948735
1,2018-01-13,-0.23351518634113755
1,2018-01-14,-0.2330797213533449
1,2018-01-15,-0.23229502290077758
1,2018-01-16,-0.23115185870937097
1,2018-01-17,-0.2296433721297617
1,2018-01-18,-0.22776508181928243
1,2018-01-19,-0.2255148683377841
1,2018-01-20,-0.2228928812414602
1,2018-01-21,-0.21990143192497008
1,2018-01-22,-0.2165450299064865
1,2018-01-23,-0.2128302512425542
1,2018-01-24,-0.20876573462841388
1,2018-01-25,-0.20436207868857245
1,2018-01-26,-0.1996312968969162
1,2018-01-27,-0.19458650861172205
1,2018-01-28,-0.18924184975488234
1,2018-01-29,-0.1836125158655156
1,2018-01-30,-0.17771440870516872
1,2018-01-31,-0.1715638126178101
1,2018-02-01,-0.16517722933613424
1,2018-02-02,-0.15857126734373575
1,2018-02-03,-0.1517625370204066
1,2018-02-04,-0.14476734836297842
1,2018-02-05,-0.13760139949628156
1,2018-02-06,-0.1302797054232687
1,2018-02-07,-0.12281610263414679
1,2018-02-08,-0.11522323303028102
1,2018-02-09,-0.10751305496805748
1,2018-02-10,-0.09969648538472423
1,2018-02-11,-0.09178317762196261
1,2018-02-12,-0.08378146257498832
1,2018-02-13,-0.07569833678173199
1,2018-02-14,-0.06753971269782368
1,2018-02-15,-0.05931024367196273
1,2018-02-16,-0.05101336271890589
1,2018-02-17,-0.04265138716901349
1,2018-02-18,-0.03422578310484464
1,2018-02-19,-0.02573711010856193
1,2018-02-20,-0.017185239695553703
1,2018-02-21,-0.008569586234474113
1,2018-02-22,1.1106229995020759e-4
1,2018-02-23,0.008858245568637407
1,2018-02-24,0.017673696680953945
1,2018-02-25,0.02655891687543511
1,2018-02-26,0.03551512258617679
1,2018-02-27,0.044543147226781675
1,2018-02-28,0.05364322419738799
1,2018-03-01,0.06281478777974098
1,2018-03-02,0.07205635629687329
1,2018-03-03,0.08136538102124292
1,2018-03-04,0.090738148384668
1,2018-03-05,0.10016962522980659
1,2018-03-06,0.10965334662517817
1,2018-03-07,0.11918137349272585
1,2018-03-08,0.12874417228578455
1,2018-03-09,0.13833070495062855
1,2018-03-10,0.14792835968789647
1,2018-03-11,0.15752289266365804
1,2018-03-12,0.16709845715377214
1,2018-03-13,0.17663759045473332
1,2018-03-14,0.18612116732070796
1,2018-03-15,0.1955284644525163
1,2018-03-16,0.20483724336338222
1,2018-03-17,0.21402379113724238
1,2018-03-18,0.2230629334565625
1,2018-03-19,0.2319282454712574
1,2018-03-20,0.2405920546412191
1,2018-03-21,0.24902553213958786
1,2018-03-22,0.2571988570727669
1,2018-03-23,0.2650812835447516
1,2018-03-24,0.27264130334845793
1,2018-03-25,0.27984677623183757
1,2018-03-26,0.28666503018002654
1,2018-03-27,0.29306305700459623
1,2018-03-28,0.29900772033487005
1,2018-03-29,0.30446596085894784
1,2018-03-30,0.3094049356362523
1,2018-03-31,0.3137923462407166
1,2018-04-01,0.3175965146666093
1,2018-04-02,0.32078663533674556
1,2018-04-03,0.3233329823467134
1,2018-04-04,0.32520712517079114
1,2018-04-05,0.3263821312169751
1,2018-04-06,0.3268329701672567
1,2018-04-07,0.32653671137296203
1,2018-04-08,0.32547264650753505
1,2018-04-09,0.32362253803179447
1,2018-04-10,0.3209708732958948
1,2018-04-11,0.31750507345910173
1,2018-04-12,0.31321572666358194
1,2018-04-13,0.3080967644842349
1,2018-04-14,0.3021457206438848
1,2018-04-15,0.29536373249614967
1,2018-04-16,0.28775576267433917
1,2018-04-17,0.2793306277694377
1,2018-04-18,0.270101100557464
1,2018-04-19,0.2600840307914239
1,2018-04-20,0.24930020927806942
1,2018-04-21,0.23777438866321568
1,2018-04-22,0.22553512509495957
1,2018-04-23,0.2126146851723911
1,2018-04-24,0.19904906443325748
1,2018-04-25,0.18487770625617292
1,2018-04-26,0.17014332454069422
1,2018-04-27,0.15489165948323239
1,2018-04-28,0.13917116584573094
1,2018-04-29,0.12303270786721444
1,2018-04-30,0.10652925825561593
1,2018-05-01,0.08971553220681351
1,2018-05-02,0.07264760752348605
1,2018-05-03,0.055382488739670124
1,2018-05-04,0.03797777475997007
1,2018-05-05,0.02049125609510285
1,2018-05-06,0.002980534057420758
1,2018-05-07,-0.014497267826487789
1,2018-05-08,-0.031886049666727985
1,2018-05-09,-0.049131051166911736
1,2018-05-10,-0.06617924952835974
1,2018-05-11,-0.08297971824503098
1,2018-05-12,-0.09948385833538788
1,2018-05-13,-0.11564571149715641
1,2018-05-14,-0.13142221526899284
1,2018-05-15,-0.1467734968680631
1,2018-05-16,-0.16166308735502125
1,2018-05-17,-0.17605812468742638
1,2018-05-18,-0.18992941445901743
1,2018-05-19,-0.2032515234093243
1,2018-05-20,-0.2160028427190496
1,2018-05-21,-0.22816559144136345
1,2018-05-22,-0.2397258370415352
1,2018-05-23,-0.2506734322550486
1,2018-05-24,-0.26100197091233346
1,2018-05-25,-0.27070863178350535
1,2018-05-26,-0.27979408705499936
1,2018-05-27,-0.28826230444651174
1,2018-05-28,-0.2961204460216272
1,2018-05-29,-0.30337867688695713
1,2018-05-30,-0.31004996416798475
1,2018-05-31,-0.31614982063722635
1,2018-06-01,-0.32169599513570496
1,2018-06-02,-0.3267082440600356
1,2018-06-03,-0.33120810760212677
1,2018-06-04,-0.3352187009908954
1,2018-06-05,-0.338764420680224
1,2018-06-06,-0.3418706909983808
1,2018-06-07,-0.34456374962996933
1,2018-06-08,-0.34687046715865083
1,2018-06-09,-0.34881807172424406
1,2018-06-10,-0.3504339847218713
1,2018-06-11,-0.3517456095830344
1,2018-06-12,-0.35278012002626336
1,2018-06-13,-0.35356428129266665
1,2018-06-14,-0.35412427920710804
1,2018-06-15,-0.3544855830698332
1,2018-06-16,-0.3546728497434784
1,2018-06-17,-0.354709761157312
1,2018-06-18,-0.35461894098374536
1,2018-06-19,-0.3544219207237285
1,2018-06-20,-0.3541390133985379
1,2018-06-21,-0.35378927067423244
1,2018-06-22,-0.3533904021683389
1,2018-06-23,-0.35295890352272624
1,2018-06-24,-0.35250994339270747
1,2018-06-25,-0.3520574466294344
1,2018-06-26,-0.35161405360331344
1,2018-06-27,-0.3511910902953376
1,2018-06-28,-0.35079855608958965
1,2018-06-29,-0.35044515336184245
1,2018-06-30,-0.3501384024459228
1,2018-07-01,-0.34988465594265655
1,2018-07-02,-0.34968922580005085
1,2018-07-03,-0.3495563166304773
1,2018-07-04,-0.3494891000634192
1,2018-07-05,-0.3494897878883307
1,2018-07-06,-0.3495597322760246
1,2018-07-07,-0.3496995018611055
1,2018-07-08,-0.3499088993577171
1,2018-07-09,-0.3501870583129103
1,2018-07-10,-0.35053251686067743
1,2018-07-11,-0.35094329749550557
1,2018-07-12,-0.3514169318831679
1,2018-07-13,-0.3519504868836775
1,2018-07-14,-0.35254069322065057
1,2018-07-15,-0.35318394773568124
1,2018-07-16,-0.3538764608805189
1,2018-07-17,-0.35461429500871555
1,2018-07-18,-0.35539337788617786
1,2018-07-19,-0.35620959293060556
1,2018-07-20,-0.35705886700511846
1,2018-07-21,-0.35793719558737846
1,2018-07-22,-0.3588406631085764
1,2018-07-23,-0.3597655128298446
1,2018-07-24,-0.3607081621228491
1,2018-07-25,-0.3616652182678525
1,2018-07-26,-0.3626335171291938
1,2018-07-27,-0.36361013911638823
1,2018-07-28,-0.3645924221768273
1,2018-07-29,-0.36557796026675965
1,2018-07-30,-0.36656464641270936
1,2018-07-31,-0.36755065318599583
1,2018-08-01,-0.36853441877494736
1,2018-08-02,-0.36951465072518663
1,2018-08-03,-0.3704903083613216
1,2018-08-04,-0.3714605623865264
1,2018-08-05,-0.3724247842448191
1,2018-08-06,-0.373382562820306
1,2018-08-07,-0.3743336814827492
1,2018-08-08,-0.37527807891469045
1,2018-08-09,-0.3762157923751286
1,2018-08-10,-0.3771468612120711
1,2018-08-11,-0.37807136011971076
1,2018-08-12,-0.3789893190718463
1,2018-08-13,-0.37990076687578667
1,2018-08-14,-0.38080565780893855
1,2018-08-15,-0.3817038894658158
1,2018-08-16,-0.3825952858793499
1,2018-08-17,-0.3834795803752802
1,2018-08-18,-0.3843563249564643
1,2018-08-19,-0.38522488706999886
1,2018-08-20,-0.386084510816097
1,2018-08-21,-0.3869343217097212
1,2018-08-22,-0.3877733406982388
1,2018-08-23,-0.3886004386384521
1,2018-08-24,-0.38941426545863866
1,2018-08-25,-0.39021334144003544
1,2018-08-26,-0.39099602060587085
1,2018-08-27,-0.39176058214869774
1,2018-08-28,-0.39250518770234916
1,2018-08-29,-0.39322791279688135
1,2018-08-30,-0.3939267725882287
1,2018-08-31,-0.39459974045902124
1,2018-09-01,-0.395244718944256
1,2018-09-02,-0.39585959570519197
1,2018-09-03,-0.39644230812340137
1,2018-09-04,-0.3969908288017517
1,2018-09-05,-0.3975031383357689
1,2018-09-06,-0.3979772574348185
1,2018-09-07,-0.3984112219431996
1,2018-09-08,-0.3988031013582098
1,2018-09-09,-0.3991510141005462
1,2018-09-10,-0.3994531165934152
1,2018-09-11,-0.3997075836135823
1,2018-09-12,-0.3999126023351241
1,2018-09-13,-0.40006634437427585
1,2018-09-14,-0.4001669621842162
1,2018-09-15,-0.4002125580335718
1,2018-09-16,-0.40020118478281935
1,2018-09-17,-0.40013087357941435
1,2018-09-18,-0.39999964533798055
1,2018-09-19,-0.39980546348050366
1,2018-09-20,-0.3995461514196094
1,2018-09-21,-0.39921941616315076
1,2018-09-22,-0.398822899586765
1,2018-09-23,-0.39835419315101955
1,2018-09-24,-0.3978108102261259
1,2018-09-25,-0.39719016706789717
1,2018-09-26,-0.3964895974145567
1,2018-09-27,-0.39570636785840685
1,2018-09-28,-0.394837704035054
1,2018-09-29,-0.39388083278758956
1,2018-09-30,-0.3928330321865608
1,2018-10-01,-0.39169166595736304
1,2018-10-02,-0.3904542085681541
1,2018-10-03,-0.3891183380033246
1,2018-10-04,-0.38768175406142724
1,2018-10-05,-0.3861423444221891
1,2018-10-06,-0.384498262713959
1,2018-10-07,-0.3827480247193058
1,2018-10-08,-0.38089059654577373
1,2018-10-09,-0.3789252741251552
1,2018-10-10,-0.3768516904973746
1,2018-10-11,-0.3746698663588536
1,2018-10-12,-0.37238028437498144
1,2018-10-13,-0.36998393059865753
1,2018-10-14,-0.36748229583872116
1,2018-10-15,-0.36487739926289553
1,2018-10-16,-0.3621717790459712
1,2018-10-17,-0.35936846471379574
1,2018-10-18,-0.3564709269534343
1,2018-10-19,-0.3534831006027792
1,2018-10-20,-0.3504093761128561
1,2018-10-21,-0.34725455144941686
1,2018-10-22,-0.34402383339071907
1,2018-10-23,-0.34072269630549407
1,2018-10-24,-0.3373567330580894
1,2018-10-25,-0.3339317381465428
1,2018-10-26,-0.33045362047897675
1,2018-10-27,-0.32692836107553086
1,2018-10-28,-0.3233618921233989
1,2018-10-29,-0.3197601692375302
1,2018-10-30,-0.316129073765953
1,2018-10-31,-0.31247424442924837
1,2018-11-01,-0.30880097279471963
1,2018-11-02,-0.30511421317520737
1,2018-11-03,-0.3014186137864225
1,2018-11-04,-0.2977184786739248
1,2018-11-05,-0.29401782274346433
1,2018-11-06,-0.2903203355893987
1,2018-11-07,-0.28662935470546363
1,2018-11-08,-0.28294783857966654
1,2018-11-09,-0.2792784445856959
1,2018-11-10,-0.2756235693139541
1,2018-11-11,-0.2719854031824226
1,2018-11-12,-0.2683659556967528
1,2018-11-13,-0.26476711091657684
1,2018-11-14,-0.26119071818809425
1,2018-11-15,-0.2576387355171513
1,2018-11-16,-0.2541132269431795
1,2018-11-17,-0.2506164582303192
1,2018-11-18,-0.24715097772474187
1,2018-11-19,-0.24371971329461076
1,2018-11-20,-0.24032605031334625
1,2018-11-21,-0.23697391133202042
1,2018-11-22,-0.23366780811777949
1,2018-11-23,-0.23041287597090274
1,2018-11-24,-0.22721492024726456
1,2018-11-25,-0.22408043666698957
1,2018-11-26,-0.22101665049600883
1,2018-11-27,-0.21803149694039745
1,2018-11-28,-0.215133593464755
1,2018-11-29,-0.21233211339504718
1,2018-11-30,-0.20963686377057217
1,2018-12-01,-0.20705816362540796
1,2018-12-02,-0.2046066949851566
1,2018-12-03,-0.20229340243923177
1,2018-12-04,-0.20012937048134663
1,2018-12-05,-0.19812563897429583
1,2018-12-06,-0.19629306346898218
1,2018-12-07,-0.19464212982401888
1,2018-12-08,-0.19318289409355766
1,2018-12-09,-0.19192463075202387
1,2018-12-10,-0.19087588709017425
1,2018-12-11,-0.19004403536583395
1,2018-12-12,-0.18943518828883288
1,2018-12-13,-0.1890540176795362
1,2018-12-14,-0.18890367046421674
1,2018-12-15,-0.1889857099602508
1,2018-12-16,-0.18929986166509274
1,2018-12-17,-0.18984386314593066
1,2018-12-18,-0.1906134387037589
1,2018-12-19,-0.1916022344098893
1,2018-12-20,-0.19280172345295205
1,2018-12-21,-0.19420128498895461
1,2018-12-22,-0.195787962021935
1,2018-12-23,-0.19754691157691875
1,2018-12-24,-0.19946111892895707
1,2018-12-25,-0.20151185027358617
1,2018-12-26,-0.20367856644954527
1,2018-12-27,-0.20593913571236808
1,2018-12-28,-0.20826992971909924
1,2018-12-29,-0.21064592909839894
1,2018-12-30,-0.21304107767405603
1,2018-12-31,-0.21542849968059088
1,2019-01-01,-0.21778070950765
1,2019-01-02,-0.22006996669813417
1,2019-01-03,-0.22226825079512352
1,2019-01-04,-0.22434771372011006
1,2019-01-05,-0.22628087978519737
1,2019-01-06,-0.22804092121441671
1,2019-01-07,-0.22960191813859196
1,2019-01-08,-0.23093919021978018
1,2019-01-09,-0.23202938067809506
1,2019-01-10,-0.23285071687039305
1,2019-01-11,-0.23338305937844575
1,2019-01-12,-0.2336082976658131
1,2019-01-13,-0.2335103881860069
1,2019-01-14,-0.23307545683793573
1,2019-01-15,-0.23229186764260934
1,2019-01-16,-0.23115009265702
1,2019-01-17,-0.22964314636733887
1,2019-01-18,-0.2277664633626083
1,2019-01-19,-0.22551788544966522
1,2019-01-20,-0.2228974720932855
1,2019-01-21,-0.2199075196546775
1,2019-01-22,-0.21655260223342543
1,2019-01-23,-0.21283947557557156
1,2019-01-24,-0.20877650748228085
1,2019-01-25,-0.2043740022356979
1,2019-01-26,-0.19964391194944991
1,2019-01-27,-0.19459925602219522
1,2019-01-28,-0.18925417978777906
1,2019-01-29,-0.18362391112550172
1,2019-01-30,-0.17772457287591792
1,2019-01-31,-0.1715726258096258
1,2019-02-01,-0.16518469868656832
1,2019-02-02,-0.15857760290474524
1,2019-02-03,-0.151767902372802
1,2019-02-04,-0.14477193051298026
1,2019-02-05,-0.13760527197989267
1,2019-02-06,-0.13028270697811475
1,2019-02-07,-0.12281815682630588
1,2019-02-08,-0.11522462971770149
1,2019-02-09,-0.10751419798844941
1,2019-02-10,-0.09969793111494339
1,2019-02-11,-0.09178555200232688
1,2019-02-12,-0.08378524117992829
1,2019-02-13,-0.07570370897510587
1,2019-02-14,-0.06754658265466244
1,2019-02-15,-0.059318491691031795
1,2019-02-16,-0.05102283132497309
1,2019-02-17,-0.04266191303519064
1,2019-02-18,-0.034237157681679294
1,2019-02-19,-0.025749225409696215
1,2019-02-20,-0.017198025903597664
1,2019-02-21,-0.008582749299789815
1,2019-02-22,9.792891812686974e-5
1,2019-02-23,0.00884570063110254
1,2019-02-24,0.017662203172173305
1,2019-02-25,0.0265488957416852
1,2019-02-26,0.03550672113310911
1,2019-02-27,0.044536325220922574
1,2019-02-28,0.05363773607947329
1,2019-03-01,0.06281038175571213
1,2019-03-02,0.07205281827926638
1,2019-03-03,0.08136249700862437
1,2019-03-04,0.09073567114881745
1,2019-03-05,0.10016731113428844
1,2019-03-06,0.10965103907504564
1,2019-03-07,0.11917896856961369
1,2019-03-08,0.128741675023349
1,2019-03-09,0.1383281456988045
1,2019-03-10,0.14792581136575234
1,2019-03-11,0.1575204550530725
1,2019-03-12,0.16709628415540703
1,2019-03-13,0.17663583472333647
1,2019-03-14,0.1861199653921439
1,2019-03-15,0.19552789625702416
1,2019-03-16,0.20483731738159466
1,2019-03-17,0.21402449011339117
1,2019-03-18,0.22306429011568185
1,2019-03-19,0.23193020686504778
1,2019-03-20,0.24059450676820493
1,2019-03-21,0.24902834135321078
1,2019-03-22,0.2572018622485329
1,2019-03-23,0.2650844028242194
1,2019-03-24,0.2726444925998793
1,2019-03-25,0.27984994334215724
1,2019-03-26,0.28666808533845833
1,2019-03-27,0.2930659456446109
1,2019-03-28,0.299010397761348
1,2019-03-29,0.3044684168568742
1,2019-03-30,0.3094072384914724
1,2019-03-31,0.3137945180515847
1,2019-04-01,0.317598564312763
1,2019-04-02,0.32078859671655024
1,2019-04-03,0.3233348426517582
1,2019-04-04,0.32520891159343795
1,2019-04-05,0.3263839115200163
1,2019-04-06,0.32683476927234323
1,2019-04-07,0.3265385264496272
1,2019-04-08,0.32547438541506124
1,2019-04-09,0.323624140509595
1,2019-04-10,0.32097229401593114
1,2019-04-11,0.3175063113529156
1,2019-04-12,0.3132167967105142
1,2019-04-13,0.3080976937838496
1,2019-04-14,0.3021465168908371
1,2019-04-15,0.29536445024634056
1,2019-04-16,0.2877564694621954
1,2019-04-17,0.279331415602174
1,2019-04-18,0.2701020392993582
1,2019-04-19,0.26008509604133734
1,2019-04-20,0.2493013606650125
1,2019-04-21,0.23777551677106779
1,2019-04-22,0.22553616731278583
1,2019-04-23,0.21261566292814674
1,2019-04-24,0.19904998973096627
1,2019-04-25,0.18487858483873829
1,2019-04-26,0.1701441475636329
1,2019-04-27,0.1548924205937412
1,2019-04-28,0.13917186457244604
1,2019-04-29,0.1230333292628889
1,2019-04-30,0.10652976724243864
1,2019-05-01,0.0897158591433079
1,2019-05-02,0.07264766021707669
1,2019-05-03,0.055382224310501466
1,2019-05-04,0.037977225826690206
1,2019-05-05,0.020490532853581676
1,2019-05-06,0.0029797859726956653
1,2019-05-07,-0.014497976307095638
1,2019-05-08,-0.03188661479539697
1,2019-05-09,-0.04913138171146657
1,2019-05-10,-0.0661792883927577
1,2019-05-11,-0.08297938504165847
1,2019-05-12,-0.09948313884029436
1,2019-05-13,-0.11564462773193676
1,2019-05-14,-0.13142086814939882
1,2019-05-15,-0.14677200625232634
1,2019-05-16,-0.16166157099060316
1,2019-05-17,-0.17605663354941256
1,2019-05-18,-0.18992795392145873
1,2019-05-19,-0.2032500986797778
1,2019-05-20,-0.21600145142697588
1,2019-05-21,-0.22816420620417596
1,2019-05-22,-0.23972441982238757
1,2019-05-23,-0.25067198459686935
1,2019-05-24,-0.26100049194706676
1,2019-05-25,-0.27070714187670614
1,2019-05-26,-0.27979263150747025
1,2019-05-27,-0.2882609531320022
1,2019-05-28,-0.29611927756599143
1,2019-05-29,-0.30337774918230226
1,2019-05-30,-0.3100492864150289
1,2019-05-31,-0.316149336507535
1,2019-06-01,-0.32169561293418275
1,2019-06-02,-0.3267078638150319
1,2019-06-03,-0.3312076051671807
1,2019-06-04,-0.33521799455040907
1,2019-06-05,-0.3387634857848785
1,2019-06-06,-0.34186954740699477
1,2019-06-07,-0.3445625155091611
1,2019-06-08,-0.34686925043374844
1,2019-06-09,-0.348817042201203
1,2019-06-10,-0.35043328307675203
1,2019-06-11,-0.35174532356259836
1,2019-06-12,-0.3527803103007107
1,2019-06-13,-0.35356499123320007
1,2019-06-14,-0.35412552952068965
1,2019-06-15,-0.3544872686281144
1,2019-06-16,-0.35467481621305114
1,2019-06-17,-0.3547118419507819
1,2019-06-18,-0.3546209468261825
1,2019-06-19,-0.3544236885817579
1,2019-06-20,-0.3541404359600418
1,2019-06-21,-0.3537902791158323
1,2019-06-22,-0.3533910604670803
1,2019-06-23,-0.3529593312124642
1,2019-06-24,-0.35251029691322583
1,2019-06-25,-0.35205784344298047
1,2019-06-26,-0.3516145410754353
1,2019-06-27,-0.35119164653400303
1,2019-06-28,-0.35079912550747283
1,2019-06-29,-0.3504456962913577
1,2019-06-30,-0.35013890824288935
1,2019-07-01,-0.34988513607947813
1,2019-07-02,-0.349689633714145
1,2019-07-03,-0.34955659756378016
1,2019-07-04,-0.3494892305185106
1,2019-07-05,-0.34948981141503516
1,2019-07-06,-0.3495597382309794
1,2019-07-07,-0.34969960066648725
1,2019-07-08,-0.3499091784510704
1,2019-07-09,-0.35018757620409635
1,2019-07-10,-0.3505332913700164
1,2019-07-11,-0.35094430666037674
1,2019-07-12,-0.351418090501176
1,2019-07-13,-0.3519517034481384
1,2019-07-14,-0.3525418645277496
1,2019-07-15,-0.3531850053263492
1,2019-07-16,-0.35387735987068475
1,2019-07-17,-0.3546150081166929
1,2019-07-18,-0.3553939192129867
1,2019-07-19,-0.3562100292940295
1,2019-07-20,-0.35705925020799056
1,2019-07-21,-0.35793756960465034
1,2019-07-22,-0.3588410763466909
1,2019-07-23,-0.35976601479347553
1,2019-07-24,-0.36070879885044216
1,2019-07-25,-0.36166603740277037
1,2019-07-26,-0.3626345337101019
1,2019-07-27,-0.36361132108994126
1,2019-07-28,-0.3645937237858067
1,2019-07-29,-0.3655793458798558
1,2019-07-30,-0.3665660590592413
1,2019-07-31,-0.3675520471604444
1,2019-08-01,-0.3685357665113992
1,2019-08-02,-0.3695159259458893
1,2019-08-03,-0.37049148381682373
1,2019-08-04,-0.37146165445792895
1,2019-08-05,-0.3724258692926069
1,2019-08-06,-0.3733837393243186
1,2019-08-07,-0.3743350461168001
1,2019-08-08,-0.37527967714040145
1,2019-08-09,-0.37621757611602064
1,2019-08-10,-0.37714877235627114
1,2019-08-11,-0.3780733161713864
1,2019-08-12,-0.3789912486901244
1,2019-08-13,-0.3799026186898417
1,2019-08-14,-0.38080741127492906
1,2019-08-15,-0.381705528324611
1,2019-08-16,-0.38259681291859177
1,2019-08-17,-0.3834809613598429
1,2019-08-18,-0.38435757433078416
1,2019-08-19,-0.3852260905976027
1,2019-08-20,-0.3860858071539578
1,2019-08-21,-0.38693584678855636
1,2019-08-22,-0.3877751646789468
1,2019-08-23,-0.38860254048802434
1,2019-08-24,-0.3894165602471728
1,2019-08-25,-0.39021571009026507
1,2019-08-26,-0.39099835098546004
1,2019-08-27,-0.391762724501761
1,2019-08-28,-0.3925070188809194
1,2019-08-29,-0.39322933991512654
1,2019-08-30,-0.3939277263639818
1,2019-08-31,-0.39460018885135967
1,2019-09-01,-0.395244704388822
1,2019-09-02,-0.39585925125941346
1,2019-09-03,-0.39644177200643377
1,2019-09-04,-0.39699023447802684
1,2019-09-05,-0.3975025942130181
1,2019-09-06,-0.397976846072472
1,2019-09-07,-0.3984109923218775
1,2019-09-08,-0.3988030880284867
1,2019-09-09,-0.3991512231275944
1,2019-09-10,-0.39945350907011656
1,2019-09-11,-0.39970810008091023
1,2019-09-12,-0.39991316739581545
1,2019-09-13,-0.4000668693703001
1,2019-09-14,-0.40016734724888525
1,2019-09-15,-0.40021275608602036
1,2019-09-16,-0.40020122124906404
1,2019-09-17,-0.40013082783242193
1,2019-09-18,-0.39999958320338813
1,2019-09-19,-0.39980539801364695
1,2019-09-20,-0.39954608902960453
1,2019-09-21,-0.399219390080543
1,2019-09-22,-0.39882295102393295
1,2019-09-23,-0.3983543430849315
1,2019-09-24,-0.3978110502000279
1,2019-09-25,-0.39719046978878425
1,2019-09-26,-0.3964899355973673
1,2019-09-27,-0.3957067223773714
1,2019-09-28,-0.39483808260941977
1,2019-09-29,-0.39388131138927523
1,2019-09-30,-0.39283369205299534
1,2019-10-01,-0.39169254169699935
1,2019-10-02,-0.39045526880702025
1,2019-10-03,-0.38911942217890977
1,2019-10-04,-0.3876827284950498
1,2019-10-05,-0.38614314937114974
1,2019-10-06,-0.38449890863369063
1,2019-10-07,-0.38274850805015326
1,2019-10-08,-0.38089078931983633
1,2019-10-09,-0.37892500510198207
1,2019-10-10,-0.3768508382357989
1,2019-10-11,-0.3746684287843593
1,2019-10-12,-0.372378275930988
1,2019-10-13,-0.36998135592354453
1,2019-10-14,-0.36747921391818883
1,2019-10-15,-0.3648739429137205
1,2019-10-16,-0.3621681501673003
1,2019-10-17,-0.35936487830390135
1,2019-10-18,-0.3564675933466358
1,2019-10-19,-0.3534802046330347
1,2019-10-20,-0.35040706021452034
1,2019-10-21,-0.3472529620444604
1,2019-10-22,-0.34402302928995737
1,2019-10-23,-0.3407226256814013
1,2019-10-24,-0.3373573531929066
1,2019-10-25,-0.3339329794056755
1,2019-10-26,-0.33045542825829166
1,2019-10-27,-0.32693076418678524
1,2019-10-28,-0.3233649053539253
1,2019-10-29,-0.319763722949039
1,2019-10-30,-0.31613293406765175
1,2019-10-31,-0.3124780924241008
1,2019-11-01,-0.3088045173915051
1,2019-11-02,-0.3051172455446442
1,2019-11-03,-0.3014210414627089
1,2019-11-04,-0.2977203106917765
1,2019-11-05,-0.2940191117951274
1,2019-11-06,-0.29032112168415347
1,2019-11-07,-0.28662966993126004
1,2019-11-08,-0.2829477599558561
1,2019-11-09,-0.2792780909274511
1,2019-11-10,-0.2756230672453349
1,2019-11-11,-0.2719848538270587
1,2019-11-12,-0.26836544240696114
1,2019-11-13,-0.2647667262148623
1,2019-11-14,-0.2611905221484525
1,2019-11-15,-0.2576387270412447
1,2019-11-16,-0.25411340040062036
1,2019-11-17,-0.2506167764163372
1,2019-11-18,-0.24715139423307597
1,2019-11-19,-0.2437201743558494
1,2019-11-20,-0.2403264898330954
1,2019-11-21,-0.23697425029279262
1,2019-11-22,-0.23366797058496303
1,2019-11-23,-0.23041284971479145
1,2019-11-24,-0.22721473119551291
1,2019-11-25,-0.22408013679310831
1,2019-11-26,-0.22101629210654272
1,2019-11-27,-0.21803114529391004
1,2019-11-28,-0.21513330451832885
1,2019-11-29,-0.21233199985784448
1,2019-11-30,-0.20963700213267075
1,2019-12-01,-0.20705859112099653
1,2019-12-02,-0.20460741189833406
1,2019-12-03,-0.20229439540321992
1,2019-12-04,-0.200130632228262
1,2019-12-05,-0.19812715775837852
1,2019-12-06,-0.19629483086529131
1,2019-12-07,-0.19464417315694751
1,2019-12-08,-0.19318519879790105
1,2019-12-09,-0.19192724529002853
1,2019-12-10,-0.19087879146126221
1,2019-12-11,-0.19004719756692995
1,2019-12-12,-0.18943855843294788
1,2019-12-13,-0.18905762797174064
1,2019-12-14,-0.1889075564982721
1,2019-12-15,-0.18898978303819985
1,2019-12-16,-0.1893039250894275
1,2019-12-17,-0.18984770674434187
1,2019-12-18,-0.1906169307024761
1,2019-12-19,-0.19160513112524194
1,2019-12-20,-0.1928037645604406
1,2019-12-21,-0.1942022636391839
1,2019-12-22,-0.19578788787834572
1,2019-12-23,-0.19754586805722985
1,2019-12-24,-0.19945948712321573
1,2019-12-25,-0.20150993095764497
1,2019-12-26,-0.20367665121007178
1,2019-12-27,-0.20593728289848168
1,2019-12-28,-0.20826816050993205
1,2019-12-29,-0.21064430962711883
1,2019-12-30,-0.21303980800364405
1,2019-12-31,-0.21542773742534863
1,2020-01-01,-0.21778039884287437
1,2020-01-02,-0.2200699697848495
1,2020-01-03,-0.22226854040426566
1,2020-01-04,-0.2243482797515718
1,2020-01-05,-0.22628177588522008
1,2020-01-06,-0.22804218265049228
1,2020-01-07,-0.22960359921156026
1,2020-01-08,-0.230941391692305
1,2020-01-09,-0.23203223383786564
1,2020-01-10,-0.23285432949402332
1,2020-01-11,-0.23338761534771235
1,2020-01-12,-0.23361385572034302
1,2020-01-13,-0.23351685995095234
1,2020-01-14,-0.23308260586429125
1,2020-01-15,-0.2322994186825411
1,2020-01-16,-0.23115801638052214
1,2020-01-17,-0.22965147508185613
1,2020-01-18,-0.22777519501682986
1,2020-01-19,-0.22552707017420154
1,2020-01-20,-0.2229072722429514
1,2020-01-21,-0.219918193588465
1,2020-01-22,-0.216564257818833
1,2020-01-23,-0.21285197490280916
1,2020-01-24,-0.2087897850679464
1,2020-01-25,-0.20438790081460198
1,2020-01-26,-0.19965812214809214
1,2020-01-27,-0.19461349641285192
1,2020-01-28,-0.18926835603147335
1,2020-01-29,-0.18363793339050263
1,2020-01-30,-0.17773815990883793
1,2020-01-31,-0.17158552355712697
1,2020-02-01,-0.16519689670787957
1,2020-02-02,-0.1585889545304638
1,2020-02-03,-0.15177798285579755
1,2020-02-04,-0.1447800052629669
1,2020-02-05,-0.13761083858155954
1,2020-02-06,-0.13028566995405994
1,2020-02-07,-0.12281880012953766
1,2020-02-08,-0.11522348171458047
1,2020-02-09,-0.10751176505868532
1,2020-02-10,-0.09969443825973123
1,2020-02-11,-0.09178092994368246
1,2020-02-12,-0.08377946766256042
1,2020-02-13,-0.07569712671250285
1,2020-02-14,-0.06753975825484708
1,2020-02-15,-0.059311770809604626
1,2020-02-16,-0.0510163700023048
1,2020-02-17,-0.04265600270057353
1,2020-02-18,-0.034232058274259854
1,2020-02-19,-0.025745169816669446
1,2020-02-20,-0.017195098693471012
1,2020-02-21,-0.008581001004742286
1,2020-02-22,9.861438984671466e-5
1,2020-02-23,0.008845360164410603
1,2020-02-24,0.017660728246029704
1,2020-02-25,0.026546136559837025
1,2020-02-26,0.03550264869608972
1,2020-02-27,0.044531011082390354
1,2020-02-28,0.053631509403466913
1,2020-02-29,0.06280360353723467
1,2020-03-01,0.07204568114538745
1,2020-03-02,0.08135506942237974
1,2020-03-03,0.0907279534276844
1,2020-03-04,0.10015939638815764
1,2020-03-05,0.10964310768567176
1,2020-03-06,0.11917129146891628
1,2020-03-07,0.1287345100678433
1,2020-03-08,0.1383216421936587
1,2020-03-09,0.14792001422929596
1,2020-03-10,0.15751529793194746
1,2020-03-11,0.16709164793786824
1,2020-03-12,0.17663152692977818
1,2020-03-13,0.18611579469100123
1,2020-03-14,0.19552374035405612
1,2020-03-15,0.20483306796141437
1,2020-03-16,0.2140201080553228
1,2020-03-17,0.22305979096340398
1,2020-03-18,0.2319256507243763
1,2020-03-19,0.2405899898827103
1,2020-03-20,0.24902398105682166
1,2020-03-21,0.257197758497482
1,2020-03-22,0.26508053131324466
1,2020-03-23,0.2726407666826477
1,2020-03-24,0.2798463134289272
1,2020-03-25,0.2866645484167257
1,2020-03-26,0.2930625187550256
1,2020-03-27,0.2990071626430878
1,2020-03-28,0.30446543325510683
1,2020-03-29,0.30940454154133346
1,2020-03-30,0.3137921177817901
1,2020-03-31,0.3175963334270724
1,2020-04-01,0.3207864192132247
1,2020-04-02,0.32333277509123726
1,2020-04-03,0.32520705747612816
1,2020-04-04,0.3263823544617227
1,2020-04-05,0.32683352400106697
1,2020-04-06,0.32653749333045673
1,2020-04-07,0.32547351635821975
1,2020-04-08,0.32362338060857476
1,2020-04-09,0.32097160017314386
1,2020-04-10,0.3175056299937819
1,2020-04-11,0.3132160948250104
1,2020-04-12,0.3080969630504108
1,2020-04-13,0.30214573090613484
1,2020-04-14,0.29536353705819307
1,2020-04-15,0.28775538230750564
1,2020-04-16,0.27933017173993907
1,2020-04-17,0.27010072424091164
1,2020-04-18,0.26008384874084756
1,2020-04-19,0.24930028943977794
1,2020-04-20,0.2377747370251196
1,2020-04-21,0.22553568828311743
1,2020-04-22,0.2126154762980917
1,2020-04-23,0.19905011517643917
1,2020-04-24,0.18487907086878771
1,2020-04-25,0.17014502966201916
1,2020-04-26,0.15489369218109364
1,2020-04-27,0.13917345762342312
1,2020-04-28,0.12303517647634714
1,2020-04-29,0.10653181202512839
1,2020-04-30,0.08971806072659289
1,2020-05-01,0.07264998485194264
1,2020-05-02,0.05538460472156239
1,2020-05-03,0.03797952287029944
1,2020-05-04,0.02049254610765092
1,2020-05-05,0.002981381869193274
1,2020-05-06,-0.014496788179411638
1,2020-05-07,-0.03188582287670125
1,2020-05-08,-0.04913091309158258
1,2020-05-09,-0.06617898917647928
1,2020-05-10,-0.0829791200643254
1,2020-05-11,-0.09948279148605918
1,2020-05-12,-0.11564414751147983
1,2020-05-13,-0.13142023851616536
1,2020-05-14,-0.14677126108584868
1,2020-05-15,-0.16166079413204107
1,2020-05-16,-0.1760559225677029
1,2020-05-17,-0.18992738397832765
1,2020-05-18,-0.2032497282619265
1,2020-05-19,-0.216001300174927
1,2020-05-20,-0.2281643066841568
1,2020-05-21,-0.23972479273395864
1,2020-05-22,-0.2506726158389845
1,2020-05-23,-0.2610013535297412
1,2020-05-24,-0.27070822256886484
1,2020-05-25,-0.27979390132563525
1,2020-05-26,-0.28826235808278367
1,2020-05-27,-0.2961207414751997
1,2020-05-28,-0.303379214612521
1,2020-05-29,-0.31005071637950354
1,2020-05-30,-0.31615069646090027
1,2020-05-31,-0.3216968703578362
1,2020-06-01,-0.32670901169300987
1,2020-06-02,-0.33120866570755736
1,2020-06-03,-0.33521897902551623
1,2020-06-04,-0.33876437230133144
1,2020-06-05,-0.34187033656494836
1,2020-06-06,-0.3445632299527076
1,2020-06-07,-0.34686998222028487
1,2020-06-08,-0.3488178251195074
1,2020-06-09,-0.35043412623461434
1,2020-06-10,-0.3517462407141988
1,2020-06-11,-0.35278128220813054
1,2020-06-12,-0.35356595215556275
1,2020-06-13,-0.3541263795103602
1,2020-06-14,-0.3544880049498496
1,2020-06-15,-0.35467545232012077
1,2020-06-16,-0.35471238821800105
1,2020-06-17,-0.35462146273647877
1,2020-06-18,-0.35442423441172305
1,2020-06-19,-0.3541410671787095
1,2020-06-20,-0.35379105645872466
1,2020-06-21,-0.35339200922656494
1,2020-06-22,-0.3529604400017546
1,2020-06-23,-0.3525115255565635
1,2020-06-24,-0.3520591533155374
1,2020-06-25,-0.35161590987974123
1,2020-06-26,-0.3511930691939582
1,2020-06-27,-0.3508005999889725
1,2020-06-28,-0.35044721825043124
1,2020-06-29,-0.35014044367263814
1,2020-06-30,-0.3498866406457565
1,2020-07-01,-0.3496911123855838
1,2020-07-02,-0.3495580831687465
1,2020-07-03,-0.34949075176094435
1,2020-07-04,-0.34949136688949933
1,2020-07-05,-0.34956127168233236
1,2020-07-06,-0.34970100582381447
1,2020-07-07,-0.3499103606216241
1,2020-07-08,-0.35018846245150487
1,2020-07-09,-0.3505338323187364
1,2020-07-10,-0.35094447941944684
1,2020-07-11,-0.3514179455843351
1,2020-07-12,-0.35195131010472736
1,2020-07-13,-0.3525412966236036
1,2020-07-14,-0.35318430714548
1,2020-07-15,-0.35387659167415897
1,2020-07-16,-0.35461427094159387
1,2020-07-17,-0.3553932967916426
1,2020-07-18,-0.3562095797307502
1,2020-07-19,-0.3570590023182661
1,2020-07-20,-0.35793752694561437
1,2020-07-21,-0.3588412440184958
1,2020-07-22,-0.3597663810774917
1,2020-07-23,-0.360709294995842
1,2020-07-24,-0.36166653340142524
1,2020-07-25,-0.3626349098640637
1,2020-07-26,-0.36361150528834085
1,2020-07-27,-0.3645936830948822
1,2020-07-28,-0.3655790713436472
1,2020-07-29,-0.3665655853037523
1,2020-07-30,-0.3675514358316447
1,2020-07-31,-0.36853507944016484
1,2020-08-01,-0.36951524612006464
1,2020-08-02,-0.3704908803684895
1,2020-08-03,-0.37146115168182914
1,2020-08-04,-0.37242545602059207
1,2020-08-05,-0.3733834018333217
1,2020-08-06,-0.37433474996621974
1,2020-08-07,-0.3752793640397697
1,2020-08-08,-0.3762172120056913
1,2020-08-09,-0.37714832926935177
1,2020-08-10,-0.3780728073945599
1,2020-08-11,-0.37899071541492535
1,2020-08-12,-0.37990209248952694
1,2020-08-13,-0.38080691588062365
1,2020-08-14,-0.3817050867842837
1,2020-08-15,-0.38259644749432775
1,2020-08-16,-0.38348070900275033
1,2020-08-17,-0.38435742408516416
1,2020-08-18,-0.3852260152786715
1,2020-08-19,-0.3860857519791218
1,2020-08-20,-0.3869357271223536
1,2020-08-21,-0.38777489499696116
1,2020-08-22,-0.38860206954294424
1,2020-08-23,-0.38941592785421847
1,2020-08-24,-0.39021501227022964
1,2020-08-25,-0.39099770058245836
1,2020-08-26,-0.3917622081715038
1,2020-08-27,-0.3925066719333538
1,2020-08-28,-0.3932291621883866
1,2020-08-29,-0.39392772300230555
1,2020-08-30,-0.39460035730955667
1,2020-08-31,-0.39524502198073486
1,2020-09-01,-0.3958596720406933
1,2020-09-02,-0.396442226460487
1,2020-09-03,-0.39699062710759786
1,2020-09-04,-0.3975028372841971
1,2020-09-05,-0.39797686442649244
1,2020-09-06,-0.3984107755807304
1,2020-09-07,-0.3988026685769719
1,2020-09-08,-0.3991506242174045
1,2020-09-09,-0.3994527758186337
1,2020-09-10,-0.39970723508100037
1,2020-09-11,-0.399912129958199
1,2020-09-12,-0.40006566736644245
1,2020-09-13,-0.4001660377542758
1,2020-09-14,-0.4002113992836908
1,2020-09-15,-0.400199881985096
1,2020-09-16,-0.4001295625641497
1,2020-09-17,-0.39999839017526656
1,2020-09-18,-0.3998042710094213
1,2020-09-19,-0.3995450398646404
1,2020-09-20,-0.39921842680424785
1,2020-09-21,-0.39882205855824404
1,2020-09-22,-0.3983535097206255
1,2020-09-23,-0.3978102616350371
1,2020-09-24,-0.39718971963100586
1,2020-09-25,-0.39648921515970176
1,2020-09-26,-0.39570606454253165
1,2020-09-27,-0.3948375546254949
1,2020-09-28,-0.39388093654566586
1,2020-09-29,-0.3928334790671233
1,2020-09-30,-0.39169248107439003
1,2020-10-01,-0.39045533181831027
1,2020-10-02,-0.3891195563933027
1,2020-10-03,-0.38768291266370003
1,2020-10-04,-0.38614338791472785
1,2020-10-05,-0.38449921569686374
1,2020-10-06,-0.3827489209500501
1,2020-10-07,-0.38089140219565026
1,2020-10-08,-0.3789259093865735
1,2020-10-09,-0.37685207807485205
1,2020-10-10,-0.3746699770294877
1,2020-10-11,-0.3723801225273949
1,2020-10-12,-0.3699835595325112
1,2020-10-13,-0.36748183785137045
1,2020-10-14,-0.36487694978457885
1,2020-10-15,-0.36217139161393386
1,2020-10-16,-0.35936814599289424
1,2020-10-17,-0.35647074293020287
1,2020-10-18,-0.3534831699643263
1,2020-10-19,-0.3504098534663005
1,2020-10-20,-0.34725555435143574
1,2020-10-21,-0.3440253474313747
1,2020-10-22,-0.34072464552700804
1,2020-10-23,-0.3373590712683586
1,2020-10-24,-0.3339344428698583
1,2020-10-25,-0.3304566965136433
1,2020-10-26,-0.32693182613435745
1,2020-10-27,-0.32336579932496573
1,2020-10-28,-0.3197644622992692
1,2020-10-29,-0.316133525361497
1,2020-10-30,-0.31247852351720246
1,2020-10-31,-0.30880480753829165
1,2020-11-01,-0.30511745864882683
1,2020-11-02,-0.30142121754132933
1,2020-11-03,-0.2977204795447549
1,2020-11-04,-0.2940193064577619
1,2020-11-05,-0.29032139799086726
1,2020-11-06,-0.2866300819476297
1,2020-11-07,-0.2829483373962166
1,2020-11-08,-0.2792788238150643
1,2020-11-09,-0.27562391778161904
1,2020-11-10,-0.27198576195514934
1,2020-11-11,-0.2683663307991365
1,2020-11-12,-0.2647674859663301
1,2020-11-13,-0.2611910863199891
1,2020-11-14,-0.25763906372249334
1,2020-11-15,-0.2541134813924221
1,2020-11-16,-0.2506166233783288
1,2020-11-17,-0.24715105581890934
1,2020-11-18,-0.24371970469805423
1,2020-11-19,-0.24032595285130087
1,2020-11-20,-0.23697371249067153
1,2020-11-21,-0.2336675024789438
1,2020-11-22,-0.23041250802035146
1,2020-11-23,-0.22721457853178723
1,2020-11-24,-0.22408025245485036
1,2020-11-25,-0.221016734932035
1,2020-11-26,-0.21803190960957444
1,2020-11-27,-0.21513431862666219
1,2020-11-28,-0.21233315860723098
1,2020-11-29,-0.20963819543343712
1,2020-11-30,-0.20705970048139907
1,2020-12-01,-0.2046083693098051
1,2020-12-02,-0.2022951744268351
1,2020-12-03,-0.20013120849736885
1,2020-12-04,-0.19812761806323617
1,2020-12-05,-0.19629525879447016
1,2020-12-06,-0.19464463220935146
1,2020-12-07,-0.19318574659961635
1,2020-12-08,-0.19192792206200757
1,2020-12-09,-0.19087959597479107
1,2020-12-10,-0.19004813566529188
1,2020-12-11,-0.18943967329943762
1,2020-12-12,-0.18905893464438642
1,2020-12-13,-0.1889090956439111
1,2020-12-14,-0.18899164206436872
1,2020-12-15,-0.1893062260845099
1,2020-12-16,-0.18985056869026481
1,2020-12-17,-0.19062037491452363
1,2020-12-18,-0.19160912724559362
1,2020-12-19,-0.19280834384986884
1,2020-12-20,-0.19420738693999148
1,2020-12-21,-0.1957934820662313
1,2020-12-22,-0.19755175563958577
1,2020-12-23,-0.19946532879529374
1,2020-12-24,-0.20151542348867615
1,2020-12-25,-0.20368151181585728
1,2020-12-26,-0.20594141028901497
1,2020-12-27,-0.208271443194735
1,2020-12-28,-0.21064670781542524
1,2020-12-29,-0.21304116764736206
1,2020-12-30,-0.21542796608589598
1,2020-12-31,-0.21542720673059518
1,2021-01-01,-0.21777886869139698
1,2021-01-02,-0.22006759477136942
1,2021-01-03,-0.22226546349649445
1,2021-01-04,-0.2243446900921027
1,2021-01-05,-0.22627790561875402
1,2021-01-06,-0.22803826586343487
1,2021-01-07,-0.22959983365619122
1,2021-01-08,-0.23093773560071754
1,2021-01-09,-0.23202850470466554
1,2021-01-10,-0.23285029925419537
1,2021-01-11,-0.23338302843683534
1,2021-01-12,-0.23360856006190656
1,2021-01-13,-0.2335108060966142
1,2021-01-14,-0.23307580108104375
1,2021-01-15,NA
1,2021-01-16,NA
1,2021-01-17,NA
1,2021-01-18,NA
1,2021-01-19,NA
1,2021-01-20,NA
1,2021-01-21,NA
1,2021-01-22,NA
1,2021-01-23,NA
1,2021-01-24,NA
1,2021-01-25,NA
1,2021-01-26,NA
1,2021-01-27,NA
1,2021-01-28,NA
1,2021-01-29,NA
1,2021-01-30,NA
1,2021-01-31,NA
1,2021-02-01,NA
1,2021-02-02,NA
1,2021-02-03,NA
1,2021-02-04,NA
1,2021-02-05,NA
1,2021-02-06,NA
1,2021-02-07,NA
1,2021-02-08,NA
1,2021-02-09,NA
1,2021-02-10,NA
1,2021-02-11,NA
1,2021-02-12,NA
1,2021-02-13,NA
1,2021-02-14,NA
1,2021-02-15,NA
1,2021-02-16,NA
1,2021-02-17,NA
1,2021-02-18,NA
1,2021-02-19,NA
1,2021-02-20,NA
1,2021-02-21,NA
1,2021-02-22,NA
1,2021-02-23,NA
1,2021-02-24,NA
1,2021-02-25,NA
1,2021-02-26,NA
1,2021-02-27,NA
1,2021-02-28,NA
1,2021-03-01,NA
1,2021-03-02,NA
1,2021-03-03,NA
1,2021-03-04,NA
1,2021-03-05,NA
1,2021-03-06,NA
1,2021-03-07,NA
1,2021-03-08,NA
1,2021-03-09,NA
1,2021-03-10,NA
1,2021-03-11,NA
1,2021-03-12,NA
1,2021-03-13,NA
1,2021-03-14,NA
1,2021-03-15,NA
1,2021-03-16,NA
1,2021-03-17,NA
1,2021-03-18,NA
1,2021-03-19,NA
1,2021-03-20,NA
1,2021-03-21,NA
1,2021-03-22,NA
1,2021-03-23,NA
1,2021-03-24,NA
1,2021-03-25,NA
1,2021-03-26,NA
1,2021-03-27,NA
1,2021-03-28,NA
1,2021-03-29,NA
1,2021-03-30,NA
1,2021-03-31,NA
1,2021-04-01,NA
1,2021-04-02,NA
1,2021-04-03,NA
1,2021-04-04,NA
1,2021-04-05,NA
1,2021-04-06,NA
1,2021-04-07,NA
1,2021-04-08,NA
1,2021-04-09,NA
1,2021-04-10,NA
1,2021-04-11,NA
1,2021-04-12,NA
1,2021-04-13,NA
1,2021-04-14,NA
1,2021-04-15,NA
1,2021-04-16,NA
1,2021-04-17,NA
1,2021-04-18,NA
1,2021-04-19,NA
1,2021-04-20,NA
1,2021-04-21,NA
1,2021-04-22,NA
1,2021-04-23,NA
1,2021-04-24,NA
1,2021-04-25,NA
1,2021-04-26,NA
1,2021-04-27,NA
1,2021-04-28,NA
1,2021-04-29,NA
1,2021-04-30,NA
1,2021-05-01,NA
1,2021-05-02,NA
1,2021-05-03,NA
1,2021-05-04,NA
1,2021-05-05,NA
1,2021-05-06,NA
1,2021-05-07,NA
1,2021-05-08,NA
1,2021-05-09,NA
1,2021-05-10,NA
1,2021-05-11,NA
1,2021-05-12,NA
1,2021-05-13,NA
1,2021-05-14,NA
1,2021-05-15,NA
1,2021-05-16,NA
1,2021-05-17,NA
1,2021-05-18,NA
1,2021-05-19,NA
1,2021-05-20,NA
1,2021-05-21,NA
1,2021-05-22,NA
1,2021-05-23,NA
1,2021-05-24,NA
1,2021-05-25,NA
1,2021-05-26,NA
1,2021-05-27,NA
1,2021-05-28,NA
1,2021-05-29,NA
1,2021-05-30,NA
1,2021-05-31,NA
1,2021-06-01,NA
1,2021-06-02,NA
1,2021-06-03,NA
1,2021-06-04,NA
1,2021-06-05,NA
1,2021-06-06,NA
1,2021-06-07,NA
1,2021-06-08,NA
1,2021-06-09,NA
1,2021-06-10,NA
1,2021-06-11,NA
1,2021-06-12,NA
1,2021-06-13,NA
1,2021-06-14,NA
1,2021-06-15,NA
1,2021-06-16,NA
1,2021-06-17,NA
1,2021-06-18,NA
1,2021-06-19,NA
1,2021-06-20,NA
1,2021-06-21,NA
1,2021-06-22,NA
1,2021-06-23,NA
1,2021-06-24,NA
1,2021-06-25,NA
1,2021-06-26,NA
1,2021-06-27,NA
1,2021-06-28,NA
1,2021-06-29,NA
1,2021-06-30,NA
1,2021-07-01,NA
1,2021-07-02,NA
1,2021-07-03,NA
1,2021-07-04,NA
1,2021-07-05,NA
1,2021-07-06,NA
1,2021-07-07,NA
1,2021-07-08,NA
1,2021-07-09,NA
1,2021-07-10,NA
1,2021-07-11,NA
1,2021-07-12,NA
1,2021-07-13,NA
1,2021-07-14,NA
1,2021-07-15,NA
1,2021-07-16,NA
1,2021-07-17,NA
1,2021-07-18,NA
1,2021-07-19,NA
1,2021-07-20,NA
1,2021-07-21,NA
1,2021-07-22,NA
1,2021-07-23,NA
1,2021-07-24,NA
1,2021-07-25,NA
1,2021-07-26,NA
1,2021-07-27,NA
1,2021-07-28,NA
1,2021-07-29,NA
1,2021-07-30,NA
1,2021-07-31,NA
1,2021-08-01,NA
1,2021-08-02,NA
1,2021-08-03,NA
1,2021-08-04,NA
1,2021-08-05,NA
1,2021-08-06,NA
1,2021-08-07,NA
1,2021-08-08,NA
1,2021-08-09,NA
1,2021-08-10,NA
1,2021-08-11,NA
1,2021-08-12,NA
1,2021-08-13,NA
1,2021-08-14,NA
1,2021-08-15,NA
1,2021-08-16,NA
1,2021-08-17,NA
1,2021-08-18,NA
1,2021-08-19,NA
1,2021-08-20,NA
1,2021-08-21,NA
1,2021-08-22,NA
1,2021-08-23,NA
1,2021-08-24,NA
1,2021-08-25,NA
1,2021-08-26,NA
1,2021-08-27,NA
1,2021-08-28,NA
1,2021-08-29,NA
1,2021-08-30,NA
1,2021-08-31,NA
1,2021-09-01,NA
1,2021-09-02,NA
1,2021-09-03,NA
1,2021-09-04,NA
1,2021-09-05,NA
1,2021-09-06,NA
1,2021-09-07,NA
1,2021-09-08,NA
1,2021-09-09,NA
1,2021-09-10,NA
1,2021-09-11,NA
1,2021-09-12,NA
1,2021-09-13,NA
1,2021-09-14,NA
1,2021-09-15,NA
1,2021-09-16,NA
1,2021-09-17,NA
1,2021-09-18,NA
1,2021-09-19,NA
1,2021-09-20,NA
1,2021-09-21,NA
1,2021-09-22,NA
1,2021-09-23,NA
1,2021-09-24,NA
1,2021-09-25,NA
1,2021-09-26,NA
1,2021-09-27,NA
1,2021-09-28,NA
1,2021-09-29,NA
1,2021-09-30,NA
1,2021-10-01,NA
1,2021-10-02,NA
1,2021-10-03,NA
1,2021-10-04,NA
1,2021-10-05,NA
1,2021-10-06,NA
1,2021-10-07,NA
1,2021-10-08,NA
1,2021-10-09,NA
1,2021-10-10,NA
1,2021-10-11,NA
1,2021-10-12,NA
1,2021-10-13,NA
1,2021-10-14,NA
1,2021-10-15,NA
1,2021-10-16,NA
1,2021-10-17,NA
1,2021-10-18,NA
1,2021-10-19,NA
1,2021-10-20,NA
1,2021-10-21,NA
1,2021-10-22,NA
1,2021-10-23,NA
1,2021-10-24,NA
1,2021-10-25,NA
1,2021-10-26,NA
1,2021-10-27,NA
1,2021-10-28,NA
1,2021-10-29,NA
1,2021-10-30,NA
1,2021-10-31,NA
1,2021-11-01,NA
1,2021-11-02,NA
1,2021-11-03,NA
1,2021-11-04,NA
1,2021-11-05,NA
1,2021-11-06,NA
1,2021-11-07,NA
1,2021-11-08,NA
1,2021-11-09,NA
1,2021-11-10,NA
1,2021-11-11,NA
1,2021-11-12,NA
1,2021-11-13,NA
1,2021-11-14,NA
1,2021-11-15,NA
1,2021-11-16,NA
1,2021-11-17,NA
1,2021-11-18,NA
1,2021-11-19,NA
1,2021-11-20,NA
1,2021-11-21,NA
1,2021-11-22,NA
1,2021-11-23,NA
1,2021-11-24,NA
1,2021-11-25,NA
1,2021-11-26,NA
1,2021-11-27,NA
1,2021-11-28,NA
1,2021-11-29,NA
1,2021-11-30,NA
1,2021-12-01,NA
1,2021-12-02,NA
1,2021-12-03,NA
1,2021-12-04,NA
1,2021-12-05,NA
1,2021-12-06,NA
1,2021-12-07,NA
1,2021-12-08,NA
1,2021-12-09,NA
1,2021-12-10,NA
1,2021-12-11,NA
1,2021-12-12,NA
1,2021-12-13,NA
1,2021-12-14,NA
1,2021-12-15,NA
1,2021-12-16,NA
1,2021-12-17,NA
1,2021-12-18,NA
1,2021-12-19,NA
1,2021-12-20,NA
1,2021-12-21,NA
1,2021-12-22,NA
1,2021-12-23,NA
1,2021-12-24,NA
1,2021-12-25,NA
1,2021-12-26,NA
1,2021-12-27,NA
1,2021-12-28,NA
1,2021-12-29,NA
1,2021-12-30,NA
1,2021-12-31,NA
1,2022-01-01,NA
1,2022-01-02,NA
1,2022-01-03,NA
1,2022-01-04,NA
1,2022-01-05,NA
1,2022-01-06,NA
1,2022-01-07,NA
1,2022-01-08,NA
1,2022-01-09,NA
1,2022-01-10,NA
1,2022-01-11,NA
1,2022-01-12,NA
1,2022-01-13,NA
1,2022-01-14,NA
1,2022-01-15,NA
1,2022-01-16,NA
1,2022-01-17,NA
1,2022-01-18,NA
1,2022-01-19,NA
