site,date,value
1,2011-01-01,0.016391268143388316
1,2011-01-02,0.016393301568283242
1,2011-01-03,0.016395361699390026
1,2011-01-04,0.01639741575367359
1,2011-01-05,0.016399431354501334
1,2011-01-06,0.016401377382094844
1,2011-01-07,0.016403225866417293
1,2011-01-08,0.016404952811171436
1,2011-01-09,0.016406538416709495
1,2011-01-10,0.016407967686439193
1,2011-01-11,0.01640923004021516
1,2011-01-12,0.016410320795008815
1,2011-01-13,0.016411240615848064
1,2011-01-14,0.016411995386910478
1,2011-01-15,0.016412596528199166
1,2011-01-16,0.01641306017817141
1,2011-01-17,0.016413406348002098
1,2011-01-18,0.016413657171552257
1,2011-01-19,0.016413836634722043
1,2011-01-20,0.016413970030216864
1,2011-01-21,0.016414082706132423
1,2011-01-22,0.016414198533724417
1,2011-01-23,0.01641433876595251
1,2011-01-24,0.016414521336942614
1,2011-01-25,0.016414760895740864
1,2011-01-26,0.01641506797710125
1,2011-01-27,0.016415449075457125
1,2011-01-28,0.016415905345592254
1,2011-01-29,0.0164164335664998
1,2011-01-30,0.01641702663009888
1,2011-01-31,0.016417674050893376
1,2011-02-01,0.016418362226700206
1,2011-02-02,0.016419075076073646
1,2011-02-03,0.016419795237556416
1,2011-02-04,0.016420505425956397
1,2011-02-05,0.016421189163165623
1,2011-02-06,0.016421831900415858
1,2011-02-07,0.016422421924820355
1,2011-02-08,0.016422951010434683
1,2011-02-09,0.016423415246024132
1,2011-02-10,0.016423815394155505
1,2011-02-11,0.016424156972008642
1,2011-02-12,0.016424450451305625
1,2011-02-13,0.016424711008832422
1,2011-02-14,0.0164249576991464
1,2011-02-15,0.01642521275524611
1,2011-02-16,0.016425500636198017
1,2011-02-17,0.016425847257937234
1,2011-02-18,0.016426279069987372
1,2011-02-19,0.016426821551464566
1,2011-02-20,0.01642749746797979
1,2011-02-21,0.016428325676442822
1,2011-02-22,0.01642932008749835
1,2011-02-23,0.01643048928521951
1,2011-02-24,0.016431835551220107
1,2011-02-25,0.016433353843990806
1,2011-02-26,0.016435031994582554
1,2011-02-27,0.016436850818680456
1,2011-02-28,0.016438784820503656
1,2011-03-01,0.0164408021079112
1,2011-03-02,0.01644286551199976
1,2011-03-03,0.016444934279431722
1,2011-03-04,0.016446965496995036
1,2011-03-05,0.0164489148437301
1,2011-03-06,0.016450738105462104
1,2011-03-07,0.016452392449844616
1,2011-03-08,0.016453838076592793
1,2011-03-09,0.016455039612793092
1,2011-03-10,0.016455967270201977
1,2011-03-11,0.016456597775761948
1,2011-03-12,0.016456914851251715
1,2011-03-13,0.016456909477383787
1,2011-03-14,0.016456580089513874
1,2011-03-15,0.01645593244073596
1,2011-03-16,0.016454979130243297
1,2011-03-17,0.016453739416704517
1,2011-03-18,0.016452238713950653
1,2011-03-19,0.016450507197048464
1,2011-03-20,0.016448578769769438
1,2011-03-21,0.01644648975024052
1,2011-03-22,0.016444277595708406
1,2011-03-23,0.016441980783479984
1,2011-03-24,0.01643963759778862
1,2011-03-25,0.01643728502035602
1,2011-03-26,0.01643495841482635
1,2011-03-27,0.01643269100165415
1,2011-03-28,0.01643051345348869
1,2011-03-29,0.016428453404414022
1,2011-03-30,0.016426535244710556
1,2011-03-31,0.016424780393673212
1,2011-04-01,0.016423207544224654
1,2011-04-02,0.016421832509619604
1,2011-04-03,0.016420668125694357
1,2011-04-04,0.016419724397992885
1,2011-04-05,0.016419008914813425
1,2011-04-06,0.016418527109817234
1,2011-04-07,0.016418282303874706
1,2011-04-08,0.016418275402839144
1,2011-04-09,0.01641850440668336
1,2011-04-10,0.01641896464743984
1,2011-04-11,0.01641964929815749
1,2011-04-12,0.01642054936309519
1,2011-04-13,0.01642165371025399
1,2011-04-14,0.016422948437458857
1,2011-04-15,0.01642441760790809
1,2011-04-16,0.01642604203298371
1,2011-04-17,0.016427800239915857
1,2011-04-18,0.01642966866547527
1,2011-04-19,0.016431621505523446
1,2011-04-20,0.016433631214255236
1,2011-04-21,0.016435669385794854
1,2011-04-22,0.016437707165207722
1,2011-04-23,0.016439715414400247
1,2011-04-24,0.01644166424331969
1,2011-04-25,0.016443523945882516
1,2011-04-26,0.016445265836040307
1,2011-04-27,0.016446862596136032
1,2011-04-28,0.01644828883853048
1,2011-04-29,0.016449522174345838
1,2011-04-30,0.016450543304963733
1,2011-05-01,0.01645133587917589
1,2011-05-02,0.016451886635851985
1,2011-05-03,0.016452185967130183
1,2011-05-04,0.01645222806704841
1,2011-05-05,0.016452011105581855
1,2011-05-06,0.016451537040245236
1,2011-05-07,0.016450811476698753
1,2011-05-08,0.016449844046533317
1,2011-05-09,0.016448648562201434
1,2011-05-10,0.016447242684159615
1,2011-05-11,0.016445647334899425
1,2011-05-12,0.016443886331118398
1,2011-05-13,0.016441986127931615
1,2011-05-14,0.01643997506048721
1,2011-05-15,0.01643788285808798
1,2011-05-16,0.016435740206656786
1,2011-05-17,0.016433578683473362
1,2011-05-18,0.01643143010904013
1,2011-05-19,0.01642932593494199
1,2011-05-20,0.016427296094769644
1,2011-05-21,0.016425368961153756
1,2011-05-22,0.016423570444912935
1,2011-05-23,0.01642192351073921
1,2011-05-24,0.016420447683528776
1,2011-05-25,0.01641915846871163
1,2011-05-26,0.0164180669904814
1,2011-05-27,0.016417180077004503
1,2011-05-28,0.016416499364718878
1,2011-05-29,0.01641602194920653
1,2011-05-30,0.016415740437195993
1,2011-05-31,0.01641564303187638
1,2011-06-01,0.01641571420704654
1,2011-06-02,0.016415935465163577
1,2011-06-03,0.01641628536764956
1,2011-06-04,0.016416740224693496
1,2011-06-05,0.01641727495213699
1,2011-06-06,0.016417863918695468
1,2011-06-07,0.016418481570588617
1,2011-06-08,0.01641910303037244
1,2011-06-09,0.016419705136914937
1,2011-06-10,0.016420267182887766
1,2011-06-11,0.01642077126636806
1,2011-06-12,0.01642120278828483
1,2011-06-13,0.016421550796258334
1,2011-06-14,0.016421808849627774
1,2011-06-15,0.016421974817210395
1,2011-06-16,0.016422050648508543
1,2011-06-17,0.016422042574455318
1,2011-06-18,0.016421960424911636
1,2011-06-19,0.016421817515312152
1,2011-06-20,0.016421630140094456
1,2011-06-21,0.016421417155141935
1,2011-06-22,0.01642119916979537
1,2011-06-23,0.016420997559979448
1,2011-06-24,0.0164208337371077
1,2011-06-25,0.016420727843207687
1,2011-06-26,0.016420698206742558
1,2011-06-27,0.016420760610707158
1,2011-06-28,0.016420927628409524
1,2011-06-29,0.016421208061829055
1,2011-06-30,0.016421606407642907
1,2011-07-01,0.016422122577235475
1,2011-07-02,0.016422751720664392
1,2011-07-03,0.01642348391065011
1,2011-07-04,0.016424304378506723
1,2011-07-05,0.01642519405807274
1,2011-07-06,0.01642613009623606
1,2011-07-07,0.016427086638419908
1,2011-07-08,0.016428035812867108
1,2011-07-09,0.01642894876632515
1,2011-07-10,0.016429796660313026
1,2011-07-11,0.01643055161799209
1,2011-07-12,0.016431187815877366
1,2011-07-13,0.016431682596343956
1,2011-07-14,0.016432017525357872
1,2011-07-15,0.016432179026084067
1,2011-07-16,0.016432158835239432
1,2011-07-17,0.0164319544007055
1,2011-07-18,0.0164315690120245
1,2011-07-19,0.016431011696263688
1,2011-07-20,0.016430296977141247
1,2011-07-21,0.01642944422260924
1,2011-07-22,0.01642847666328771
1,2011-07-23,0.016427420226545288
1,2011-07-24,0.016426302687703762
1,2011-07-25,0.01642515230883416
1,2011-07-26,0.01642399645126327
1,2011-07-27,0.01642286037825649
1,2011-07-28,0.016421766167140677
1,2011-07-29,0.016420732121336993
1,2011-07-30,0.01641977156758724
1,2011-07-31,0.016418892490916354
1,2011-08-01,0.016418098247317915
1,2011-08-02,0.016417386969260456
1,2011-08-03,0.016416751267535168
1,2011-08-04,0.016416178646063335
1,2011-08-05,0.016415652672057975
1,2011-08-06,0.016415154032110142
1,2011-08-07,0.01641466169701855
1,2011-08-08,0.0164141539118845
1,2011-08-09,0.016413609463568617
1,2011-08-10,0.016413009117705823
1,2011-08-11,0.016412337105955105
1,2011-08-12,0.016411582030056812
1,2011-08-13,0.016410737729672144
1,2011-08-14,0.016409803695838887
1,2011-08-15,0.016408785653998018
1,2011-08-16,0.016407695422011315
1,2011-08-17,0.016406550455630234
1,2011-08-18,0.016405373256749792
1,2011-08-19,0.016404190588520304
1,2011-08-20,0.016403032466532082
1,2011-08-21,0.016401931206576965
1,2011-08-22,0.016400920008434076
1,2011-08-23,0.016400031847045044
1,2011-08-24,0.016399297986942823
1,2011-08-25,0.016398746752793673
1,2011-08-26,0.016398402507994226
1,2011-08-27,0.016398284534471553
1,2011-08-28,0.016398406819759747
1,2011-08-29,0.016398777616986215
1,2011-08-30,0.016399399054967193
1,2011-08-31,0.016400266812867277
1,2011-09-01,0.01640137078630018
1,2011-09-02,0.016402695403367345
1,2011-09-03,0.016404220049818077
1,2011-09-04,0.016405919872439736
1,2011-09-05,0.016407766847188972
1,2011-09-06,0.01640973072252197
1,2011-09-07,0.016411779966811195
1,2011-09-08,0.016413882851958262
1,2011-09-09,0.016416008621078032
1,2011-09-10,0.016418128435127726
1,2011-09-11,0.01642021554554311
1,2011-09-12,0.016422245588651893
1,2011-09-13,0.01642419649344716
1,2011-09-14,0.016426048533469156
1,2011-09-15,0.01642778456027179
1,2011-09-16,0.016429389898155268
1,2011-09-17,0.016430852000480004
1,2011-09-18,0.016432160226118247
1,2011-09-19,0.016433305515495256
1,2011-09-20,0.016434280225035035
1,2011-09-21,0.01643507757494065
1,2011-09-22,0.01643569138779025
1,2011-09-23,0.01643611601392508
1,2011-09-24,0.01643634636670347
1,2011-09-25,0.016436378136593564
1,2011-09-26,0.016436207824655352
1,2011-09-27,0.016435833034511682
1,2011-09-28,0.016435252721838742
1,2011-09-29,0.016434467434433855
1,2011-09-30,0.016433479790450567
1,2011-10-01,0.016432294777168042
1,2011-10-02,0.01643091998637045
1,2011-10-03,0.016429365901031445
1,2011-10-04,0.016427646248507958
1,2011-10-05,0.01642577790035898
1,2011-10-06,0.016423780373663807
1,2011-10-07,0.016421675794141687
1,2011-10-08,0.01641948854274118
1,2011-10-09,0.016417244836138725
1,2011-10-10,0.016414972255883533
1,2011-10-11,0.016412698866549415
1,2011-10-12,0.016410452270085602
1,2011-10-13,0.0164082587974393
1,2011-10-14,0.01640614300044074
1,2011-10-15,0.016404127006911823
1,2011-10-16,0.01640223007848966
1,2011-10-17,0.01640046813049894
1,2011-10-18,0.016398853393683348
1,2011-10-19,0.016397394513317377
1,2011-10-20,0.01639609673160328
1,2011-10-21,0.01639496221257444
1,2011-10-22,0.016393990518822416
1,2011-10-23,0.0163931788185676
1,2011-10-24,0.016392522266407823
1,2011-10-25,0.016392014467907473
1,2011-10-26,0.016391648349343
1,2011-10-27,0.01639141668547795
1,2011-10-28,0.016391312390572135
1,2011-10-29,0.016391329827697632
1,2011-10-30,0.016391463976996107
1,2011-10-31,0.01639171020492552
1,2011-11-01,0.016392064213706807
1,2011-11-02,0.01639252188927817
1,2011-11-03,0.016393078851457455
1,2011-11-04,0.016393730431524915
1,2011-11-05,0.016394471311018035
1,2011-11-06,0.01639529496132159
1,2011-11-07,0.016396193496605416
1,2011-11-08,0.016397156831504705
1,2011-11-09,0.016398172638208565
1,2011-11-10,0.01639922596379559
1,2011-11-11,0.01640029964792367
1,2011-11-12,0.016401374339557344
1,2011-11-13,0.016402429025162747
1,2011-11-14,0.016403441420522233
1,2011-11-15,0.016404388491704346
1,2011-11-16,0.01640524712574139
1,2011-11-17,0.016405994987881378
1,2011-11-18,0.01640661157203855
1,2011-11-19,0.016407078917678355
1,2011-11-20,0.0164073820739295
1,2011-11-21,0.01640751019226516
1,2011-11-22,0.01640745628814486
1,2011-11-23,0.016407217193217798
1,2011-11-24,0.016406793513506837
1,2011-11-25,0.01640619015035281
1,2011-11-26,0.016405416287543478
1,2011-11-27,0.016404484646740162
1,2011-11-28,0.016403410510894653
1,2011-11-29,0.01640221079123507
1,2011-11-30,0.016400903552763458
1,2011-12-01,0.01639950775214612
1,2011-12-02,0.016398042684611154
1,2011-12-03,0.01639652759091237
1,2011-12-04,0.016394981121748566
1,2011-12-05,0.016393421039754396
1,2011-12-06,0.01639186396911149
1,2011-12-07,0.016390325418829465
1,2011-12-08,0.016388819766534158
1,2011-12-09,0.016387360414693856
1,2011-12-10,0.016385959839723
1,2011-12-11,0.016384629956597417
1,2011-12-12,0.016383382464615865
1,2011-12-13,0.016382229402724532
1,2011-12-14,0.016381182941369248
1,2011-12-15,0.016380255423701324
1,2011-12-16,0.01637945958818819
1,2011-12-17,0.016378808600865297
1,2011-12-18,0.016378315688338144
1,2011-12-19,0.016377993787142383
1,2011-12-20,0.016377854673537015
1,2011-12-21,0.016377908745620926
1,2011-12-22,0.016378164229758258
1,2011-12-23,0.016378627020084146
1,2011-12-24,0.016379300011542218
1,2011-12-25,0.016380182441180086
1,2011-12-26,0.016381269256291617
1,2011-12-27,0.016382551247137483
1,2011-12-28,0.016384014940267737
1,2011-12-29,0.01638564242099805
1,2011-12-30,0.016387411859465857
1,2011-12-31,0.016389298331923922
1,2012-01-01,0.016391273771257507
1,2012-01-02,0.016393307547017684
1,2012-01-03,0.016395367375426323
1,2012-01-04,0.01639742040150575
1,2012-01-05,0.016399434435624773
1,2012-01-06,0.016401379060447228
1,2012-01-07,0.016403226665266512
1,2012-01-08,0.016404953134783885
1,2012-01-09,0.016406538504488866
1,2012-01-10,0.01640796752946771
1,2012-01-11,0.01640923001953548
1,2012-01-12,0.016410321114836528
1,2012-01-13,0.0164112417169714
1,2012-01-14,0.01641199786284278
1,2012-01-15,0.016412600387649943
1,2012-01-16,0.016413065020670643
1,2012-01-17,0.016413411577605723
1,2012-01-18,0.016413662790124635
1,2012-01-19,0.016413843058244115
1,2012-01-20,0.016413977441114724
1,2012-01-21,0.016414090800124827
1,2012-01-22,0.016414206803048493
1,2012-01-23,0.016414346862176826
1,2012-01-24,0.016414529613653972
1,2012-01-25,0.016414770219993362
1,2012-01-26,0.016415079635189254
1,2012-01-27,0.016415464213787086
1,2012-01-28,0.016415925316028923
1,2012-01-29,0.016416459451442923
1,2012-01-30,0.01641705833465064
1,2012-01-31,0.016417710316005408
1,2012-02-01,0.016418401198506096
1,2012-02-02,0.016419114572131535
1,2012-02-03,0.016419833179409708
1,2012-02-04,0.01642054038552719
1,2012-02-05,0.0164212206395223
1,2012-02-06,0.016421859925071336
1,2012-02-07,0.016422446500101474
1,2012-02-08,0.01642297202798988
1,2012-02-09,0.016423432565651347
1,2012-02-10,0.016423829163840695
1,2012-02-11,0.016424167945365845
1,2012-02-12,0.016424459379822298
1,2012-02-13,0.016424718397351188
1,2012-02-14,0.016424963708378915
1,2012-02-15,0.016425217423825116
1,2012-02-16,0.016425504251883626
1,2012-02-17,0.016425850098322006
1,2012-02-18,0.0164262813633673
1,2012-02-19,0.016426823392282852
1,2012-02-20,0.016427498802205537
1,2012-02-21,0.016428326577750875
1,2012-02-22,0.016429320741459048
1,2012-02-23,0.016430489629437876
1,2012-02-24,0.0164318353118892
1,2012-02-25,0.01643335289685795
1,2012-02-26,0.016435030311495326
1,2012-02-27,0.016436848527252083
1,2012-02-28,0.016438781859312645
1,2012-02-29,0.016440798740616807
1,2012-03-01,0.01644286219004106
1,2012-03-02,0.016444931356682853
1,2012-03-03,0.0164469629788716
1,2012-03-04,0.016448912637065622
1,2012-03-05,0.016450736021432905
1,2012-03-06,0.016452390374594162
1,2012-03-07,0.01645383601392563
1,2012-03-08,0.01645503758594635
1,2012-03-09,0.016455965345816764
1,2012-03-10,0.016456595991864185
1,2012-03-11,0.01645691321213003
1,2012-03-12,0.01645690815031421
1,2012-03-13,0.016456579409538718
1,2012-03-14,0.016455932691255944
1,2012-03-15,0.01645498057010037
1,2012-03-16,0.016453742269364843
1,2012-03-17,0.016452242911311133
1,2012-03-18,0.016450512441605333
1,2012-03-19,0.016448584321721315
1,2012-03-20,0.016446494777248626
1,2012-03-21,0.01644428168562494
1,2012-03-22,0.0164419835279011
1,2012-03-23,0.01643963866965343
1,2012-03-24,0.01643728442831949
1,2012-03-25,0.016434956355650277
1,2012-03-26,0.016432687633719124
1,2012-03-27,0.01643050882866609
1,2012-03-28,0.016428447748863373
1,2012-03-29,0.016426529162210667
1,2012-03-30,0.016424774743038568
1,2012-03-31,0.016423202981770354
1,2012-04-01,0.016421829331377737
1,2012-04-02,0.01642066602045222
1,2012-04-03,0.01641972305991387
1,2012-04-04,0.01641900827562942
1,2012-04-05,0.01641852709928537
1,2012-04-06,0.016418282564728316
1,2012-04-07,0.01641827530851768
1,2012-04-08,0.016418503523996528
1,2012-04-09,0.016418962936088254
1,2012-04-10,0.01641964677175021
1,2012-04-11,0.016420546209890745
1,2012-04-12,0.01642164984869755
1,2012-04-13,0.016422944019408237
1,2012-04-14,0.016424412502199615
1,2012-04-15,0.016426036560938162
1,2012-04-16,0.016427794753473127
1,2012-04-17,0.016429663234014957
1,2012-04-18,0.016431616439634273
1,2012-04-19,0.01643362718757915
1,2012-04-20,0.01643566706090224
1,2012-04-21,0.01643770666501338
1,2012-04-22,0.01643971592858657
1,2012-04-23,0.01644166478979843
1,2012-04-24,0.016443523821825807
1,2012-04-25,0.016445264748647118
1,2012-04-26,0.016446860842380347
1,2012-04-27,0.01644828737781673
1,2012-04-28,0.016449521852031995
1,2012-04-29,0.016450544284022834
1,2012-04-30,0.0164513379129647
1,2012-05-01,0.01645188967635461
1,2012-05-02,0.016452190111045557
1,2012-05-03,0.016452233593844456
1,2012-05-04,0.016452018465544043
1,2012-05-05,0.0164515466144759
1,2012-05-06,0.01645082359663541
1,2012-05-07,0.01644985879943897
1,2012-05-08,0.016448665738238857
1,2012-05-09,0.016447261981627322
1,2012-05-10,0.01644566813764881
1,2012-05-11,0.01644390782508992
1,2012-05-12,0.01644200705633122
1,2012-05-13,0.0164399943653445
1,2012-05-14,0.016437899688568552
1,2012-05-15,0.016435754348800142
1,2012-05-16,0.016433590529509122
1,2012-05-17,0.01643144058205581
1,2012-05-18,0.016429336202803208
1,2012-05-19,0.016427307647402103
1,2012-05-20,0.016425382967065142
1,2012-05-21,0.01642358742241857
1,2012-05-22,0.01642194339689887
1,2012-05-23,0.016420469958333787
1,2012-05-24,0.016419182251541164
1,2012-05-25,0.016418091351447842
1,2012-05-26,0.016417203801140697
1,2012-05-27,0.01641652131717116
1,2012-05-28,0.0164160409253309
1,2012-05-29,0.016415755314163925
1,2012-05-30,0.01641565333823212
1,2012-05-31,0.01641572032731094
1,2012-06-01,0.016415938168934444
1,2012-06-02,0.016416285770492124
1,2012-06-03,0.01641673943767673
1,2012-06-04,0.016417273743986573
1,2012-06-05,0.016417862632579286
1,2012-06-06,0.016418480393728813
1,2012-06-07,0.01641910225543438
1,2012-06-08,0.016419705036287664
1,2012-06-09,0.016420267518954666
1,2012-06-10,0.016420771444411737
1,2012-06-11,0.016421202251878823
1,2012-06-12,0.016421549407948308
1,2012-06-13,0.016421806515770257
1,2012-06-14,0.016421971575557255
1,2012-06-15,0.016422046741326943
1,2012-06-16,0.01642203819506702
1,2012-06-17,0.0164219559761243
1,2012-06-18,0.016421813537283565
1,2012-06-19,0.016421627103399113
1,2012-06-20,0.016421415187354006
1,2012-06-21,0.016421197890624514
1,2012-06-22,0.016420996477909778
1,2012-06-23,0.016420832181717068
1,2012-06-24,0.01642072545239155
1,2012-06-25,0.016420694872075755
1,2012-06-26,0.01642075637120248
1,2012-06-27,0.016420922651695587
1,2012-06-28,0.016421202599465626
1,2012-06-29,0.01642160083484759
1,2012-06-30,0.016422117329978662
1,2012-07-01,0.016422747240445797
1,2012-07-02,0.016423480750163533
1,2012-07-03,0.016424303080724286
1,2012-07-04,0.016425194897242586
1,2012-07-05,0.016426132978608572
1,2012-07-06,0.016427091345676742
1,2012-07-07,0.016428042171701813
1,2012-07-08,0.01642895646144755
1,2012-07-09,0.01642980514558398
1,2012-07-10,0.016430560388970814
1,2012-07-11,0.016431196392970145
1,2012-07-12,0.01643169046562462
1,2012-07-13,0.01643202413372075
1,2012-07-14,0.016432183871001843
1,2012-07-15,0.016432161563554707
1,2012-07-16,0.016431954857441387
1,2012-07-17,0.016431567220268492
1,2012-07-18,0.016431007880329
1,2012-07-19,0.016430291342526573
1,2012-07-20,0.016429436809519707
1,2012-07-21,0.016428467215560228
1,2012-07-22,0.016427408538719348
1,2012-07-23,0.01642628847022318
1,2012-07-24,0.016425135210250363
1,2012-07-25,0.016423976347228305
1,2012-07-26,0.01642283753100853
1,2012-07-27,0.01642174130307577
1,2012-07-28,0.016420706204458548
1,2012-07-29,0.016419745948013768
1,2012-07-30,0.016418868912478853
1,2012-07-31,0.016418078005600634
1,2012-08-01,0.016417370529042845
1,2012-08-02,0.016416738462617163
1,2012-08-03,0.016416169073044037
1,2012-08-04,0.01641564568088742
1,2012-08-05,0.01641514874851579
1,2012-08-06,0.01641465705356474
1,2012-08-07,0.016414148950232067
1,2012-08-08,0.016413603621931016
1,2012-08-09,0.0164130024599774
1,2012-08-10,0.01641233014020971
1,2012-08-11,0.016411575417656372
1,2012-08-12,0.01641073203897567
1,2012-08-13,0.01640979927096562
1,2012-08-14,0.016408782552601052
1,2012-08-15,0.01640769360985812
1,2012-08-16,0.016406549766069343
1,2012-08-17,0.016405373387496678
1,2012-08-18,0.01640419107573542
1,2012-08-19,0.01640303285552688
1,2012-08-20,0.016401931086402807
1,2012-08-21,0.01640091915305943
1,2012-08-22,0.016400030165020556
1,2012-08-23,0.01639929546038484
1,2012-08-24,0.016398743570350233
1,2012-08-25,0.016398399002496247
1,2012-08-26,0.016398281292884922
1,2012-08-27,0.016398404250258288
1,2012-08-28,0.01639877573148493
1,2012-08-29,0.016399397529963288
1,2012-08-30,0.01640026520644835
1,2012-08-31,0.016401368410457293
1,2012-09-01,0.016402691183713358
1,2012-09-02,0.016404212783017656
1,2012-09-03,0.01640590863549874
1,2012-09-04,0.01640775117461829
1,2012-09-05,0.016409710851055775
1,2012-09-06,0.01641175695267644
1,2012-09-07,0.01641385845568798
1,2012-09-08,0.016415984875290033
1,2012-09-09,0.016418106983189
1,2012-09-10,0.0164201972307578
1,2012-09-11,0.016422230464122164
1,2012-09-12,0.016424184336896127
1,2012-09-13,0.016426039120945774
1,2012-09-14,0.01642777766868877
1,2012-09-15,0.01642938507578903
1,2012-09-16,0.01643084858033717
1,2012-09-17,0.01643215761776168
1,2012-09-18,0.016433303314983858
1,2012-09-19,0.01643427809810435
1,2012-09-20,0.016435075364906144
1,2012-09-21,0.01643568914404853
1,2012-09-22,0.01643611401247075
1,2012-09-23,0.016436345048384208
1,2012-09-24,0.016436377624139895
1,2012-09-25,0.016436207836361256
1,2012-09-26,0.016435833247621153
1,2012-09-27,0.016435252813000022
1,2012-09-28,0.016434467134113305
1,2012-09-29,0.01643347868055798
1,2012-09-30,0.016432292389809314
1,2012-10-01,0.016430916032224064
1,2012-10-02,0.016429360400008655
1,2012-10-03,0.01642763935148685
1,2012-10-04,0.016425769782269357
1,2012-10-05,0.01642377142216393
1,2012-10-06,0.016421666612263904
1,2012-10-07,0.016419479973509423
1,2012-10-08,0.016417237786749184
1,2012-10-09,0.016414967305808072
1,2012-10-10,0.0164126960600698
1,2012-10-11,0.016410451164601072
1,2012-10-12,0.016408258878763748
1,2012-10-13,0.01640614374677481
1,2012-10-14,0.016404127906909916
1,2012-10-15,0.0164022306039813
1,2012-10-16,0.01640046776931659
1,2012-10-17,0.016398851689817754
1,2012-10-18,0.01639739106879256
1,2012-10-19,0.016396091304938926
1,2012-10-20,0.016394954708504925
1,2012-10-21,0.016393980815980865
1,2012-10-22,0.016393166869895018
1,2012-10-23,0.016392508175937077
1,2012-10-24,0.01639199869521431
1,2012-10-25,0.016391631664202114
1,2012-10-26,0.016391400043828306
1,2012-10-27,0.01639129704165138
1,2012-10-28,0.016391316263374648
1,2012-10-29,0.016391451982025344
1,2012-10-30,0.01639169936261138
1,2012-10-31,0.016392054268778704
1,2012-11-01,0.016392512690796418
1,2012-11-02,0.016393070513458563
1,2012-11-03,0.016393723174699695
1,2012-11-04,0.016394465298585615
1,2012-11-05,0.0163952903228959
1,2012-11-06,0.016396190053559377
1,2012-11-07,0.016397154458383235
1,2012-11-08,0.016398171044883617
1,2012-11-09,0.016399224887095807
1,2012-11-10,0.01640029867785916
1,2012-11-11,0.016401373130241956
1,2012-11-12,0.01640242712401531
1,2012-11-13,0.016403438253515437
1,2012-11-14,0.01640438340468058
1,2012-11-15,0.016405239459264084
1,2012-11-16,0.01640598467575785
1,2012-11-17,0.016406599198909765
1,2012-11-18,0.016407065444717175
1,2012-11-19,0.01640736848998507
1,2012-11-20,0.016407497035980472
1,2012-11-21,0.01640744375917877
1,2012-11-22,0.016407205637383016
1,2012-11-23,0.016406783719847325
1,2012-11-24,0.01640618294335694
1,2012-11-25,0.016405411851708223
1,2012-11-26,0.016404482641987874
1,2012-11-27,0.016403410264529704
1,2012-11-28,0.016402211710733253
1,2012-11-29,0.016400905408814073
1,2012-11-30,0.016399510643226454
1,2012-12-01,0.016398046686450046
1,2012-12-02,0.01639653247595184
1,2012-12-03,0.016394986494861687
1,2012-12-04,0.016393426507696974
1,2012-12-05,0.01639186931322531
1,2012-12-06,0.016390330739563124
1,2012-12-07,0.01638882499504283
1,2012-12-08,0.01638736520148341
1,2012-12-09,0.016385963827424684
1,2012-12-10,0.016384632494416632
1,2012-12-11,0.0163833830572225
1,2012-12-12,0.01638222764743359
1,2012-12-13,0.016381178564467063
1,2012-12-14,0.016380248400966357
1,2012-12-15,0.016379450592900188
1,2012-12-16,0.016378798776073445
1,2012-12-17,0.01637830596936862
1,2012-12-18,0.016377984798844572
1,2012-12-19,0.016377846323466592
1,2012-12-20,0.01637790104442512
1,2012-12-21,0.01637815726544487
1,2012-12-22,0.016378620700465286
1,2012-12-23,0.016379294029305224
1,2012-12-24,0.016380176360390693
1,2012-12-25,0.016381262763222645
1,2012-12-26,0.016382544001391715
1,2012-12-27,0.01638400637803113
1,2012-12-28,0.01638563182144488
1,2012-12-29,0.016387399202751955
1,2012-12-30,0.016389283920983957
1,2012-12-31,0.016389282620287715
1,2013-01-01,0.016391257121456768
1,2013-01-02,0.016393289941808612
1,2013-01-03,0.016395349068570122
1,2013-01-04,0.016397402048282654
1,2013-01-05,0.016399416889528572
1,2013-01-06,0.016401363148061846
1,2013-01-07,0.016403212833737593
1,2013-01-08,0.016404941404698347
1,2013-01-09,0.016406528569600266
1,2013-01-10,0.01640795898174032
1,2013-01-11,0.016409222273576368
1,2013-01-12,0.016410313653773625
1,2013-01-13,0.016411233898302287
1,2013-01-14,0.016411989146912078
1,2013-01-15,0.016412590403529128
1,2013-01-16,0.016413053425872237
1,2013-01-17,0.016413398124473892
1,2013-01-18,0.016413647142283664
1,2013-01-19,0.016413824943199973
1,2013-01-20,0.016413956934442694
1,2013-01-21,0.01641406839528414
1,2013-01-22,0.01641418308045991
1,2013-01-23,0.016414322489393483
1,2013-01-24,0.016414504980156962
1,2013-01-25,0.016414745299393824
1,2013-01-26,0.01641505404223983
1,2013-01-27,0.016415437209557647
1,2013-01-28,0.016415895981476712
1,2013-01-29,0.01641642713356293
1,2013-01-30,0.016417023155287435
1,2013-01-31,0.016417673221690247
1,2013-02-01,0.016418363433605584
1,2013-02-02,0.016419077700740192
1,2013-02-03,0.01641979880687013
1,2013-02-04,0.016420509555977195
1,2013-02-05,0.01642119352560491
1,2013-02-06,0.01642183625719887
1,2013-02-07,0.016422426007321182
1,2013-02-08,0.016422954482566414
1,2013-02-09,0.016423417778179353
1,2013-02-10,0.016423816807024646
1,2013-02-11,0.016424157374366727
1,2013-02-12,0.016424449988895043
1,2013-02-13,0.016424709702460533
1,2013-02-14,0.016424955544865557
1,2013-02-15,0.01642520986701403
1,2013-02-16,0.016425497295370548
1,2013-02-17,0.01642584393228004
1,2013-02-18,0.01642627605413524
1,2013-02-19,0.01642681891413608
1,2013-02-20,0.016427495355341465
1,2013-02-21,0.016428324400525333
1,2013-02-22,0.016429320201968804
1,2013-02-23,0.016430491308904324
1,2013-02-24,0.01643183961455556
1,2013-02-25,0.016433359968387556
1,2013-02-26,0.01643504000119381
1,2013-02-27,0.01643685997231847
1,2013-02-28,0.016438794225892055
1,2013-03-01,0.016440811154123228
1,2013-03-02,0.01644287389960558
1,2013-03-03,0.01644494182227532
1,2013-03-04,0.016446971896992117
1,2013-03-05,0.01644891978505041
1,2013-03-06,0.016450741259465412
1,2013-03-07,0.01645239355329622
1,2013-03-08,0.0164538371077407
1,2013-03-09,0.01645503681866028
1,2013-03-10,0.01645596298301259
1,2013-03-11,0.01645659218932396
1,2013-03-12,0.016456907915238135
1,2013-03-13,0.016456901076587885
1,2013-03-14,0.01645657030934727
1,2013-03-15,0.016455921639469864
1,2013-03-16,0.016454967950017826
1,2013-03-17,0.016453728562296214
1,2013-03-18,0.016452228455980062
1,2013-03-19,0.01645049740727937
1,2013-03-20,0.016448568954899028
1,2013-03-21,0.016446479435724106
1,2013-03-22,0.016444266646233045
1,2013-03-23,0.016441969003888075
1,2013-03-24,0.016439624581221828
1,2013-03-25,0.016437270545174895
1,2013-03-26,0.016434942375085762
1,2013-03-27,0.01643267338668866
1,2013-03-28,0.016430494451691112
1,2013-03-29,0.016428433337076283
1,2013-03-30,0.016426514586730067
1,2013-03-31,0.016424759620880507
1,2013-04-01,0.016423186724431525
1,2013-04-02,0.016421811394826537
1,2013-04-03,0.016420646387766177
1,2013-04-04,0.01641970193781643
1,2013-04-05,0.01641898577682728
1,2013-04-06,0.016418503465778365
1,2013-04-07,0.016418258246168525
1,2013-04-08,0.016418250878422226
1,2013-04-09,0.01641847954158138
1,2013-04-10,0.016418939914349038
1,2013-04-11,0.016419625258568223
1,2013-04-12,0.01642052654912872
1,2013-04-13,0.016421632357740298
1,2013-04-14,0.01642292893277383
1,2013-04-15,0.016424399786266693
1,2013-04-16,0.01642602557124647
1,2013-04-17,0.016427784770101837
1,2013-04-18,0.016429653730190653
1,2013-04-19,0.016431606908034083
1,2013-04-20,0.016433617126258956
1,2013-04-21,0.016435656079127944
1,2013-04-22,0.016437694480285488
1,2013-04-23,0.016439702503070693
1,2013-04-24,0.016441650329319026
1,2013-04-25,0.016443508624850636
1,2013-04-26,0.016445248959204347
1,2013-04-27,0.01644684441947747
1,2013-04-28,0.016448270248355178
1,2013-04-29,0.01644950404969207
1,2013-04-30,0.016450525941460747
1,2013-05-01,0.016451319254602352
1,2013-05-02,0.016451870770730504
1,2013-05-03,0.016452170785200785
1,2013-05-04,0.01645221339469408
1,2013-05-05,0.01645199666239012
1,2013-05-06,0.016451522711697364
1,2013-05-07,0.016450797523768847
1,2013-05-08,0.016449830887389105
1,2013-05-09,0.016448636409652745
1,2013-05-10,0.016447231258494663
1,2013-05-11,0.01644563597724127
1,2013-05-12,0.01644387440410597
1,2013-05-13,0.01644197302284782
1,2013-05-14,0.016439960220401968
1,2013-05-15,0.016437866120736517
1,2013-05-16,0.016435722123311413
1,2013-05-17,0.016433560207994684
1,2013-05-18,0.016431412203456397
1,2013-05-19,0.016429309427096295
1,2013-05-20,0.016427281943037865
1,2013-05-21,0.0164253578878003
1,2013-05-22,0.01642356283802549
1,2013-05-23,0.01642191944607896
1,2013-05-24,0.01642044674419901
1,2013-05-25,0.016419159837270148
1,2013-05-26,0.016418069853221095
1,2013-05-27,0.016417183593156245
1,2013-05-28,0.016416503267408285
1,2013-05-29,0.016416026406084857
1,2013-05-30,0.016415745584718994
1,2013-05-31,0.016415648772431658
1,2013-06-01,0.016415720132278485
1,2013-06-02,0.016415940955924392
1,2013-06-03,0.016416289920608437
1,2013-06-04,0.0164167436239442
1,2013-06-05,0.01641727709609097
1,2013-06-06,0.016417864669347984
1,2013-06-07,0.01641848073519018
1,2013-06-08,0.016419100492515923
1,2013-06-09,0.016419701071941236
1,2013-06-10,0.016420261895947308
1,2013-06-11,0.016420765112569288
1,2013-06-12,0.016421196321065513
1,2013-06-13,0.01642154477015715
1,2013-06-14,0.016421803692835822
1,2013-06-15,0.016421970631136228
1,2013-06-16,0.01642204754819898
1,2013-06-17,0.016422040524343005
1,2013-06-18,0.016421959353292902
1,2013-06-19,0.01642181723145784
1,2013-06-20,0.01642163056385978
1,2013-06-21,0.01642141805898054
1,2013-06-22,0.01642119999243869
1,2013-06-23,0.016420997718522814
1,2013-06-24,0.01642083266009065
1,2013-06-25,0.016420725266944113
1,2013-06-26,0.016420694236746903
1,2013-06-27,0.016420755619335883
1,2013-06-28,0.01642092213933084
1,2013-06-29,0.016421202571344273
1,2013-06-30,0.016421601253113087
1,2013-07-01,0.01642211783260244
1,2013-07-02,0.01642274728418644
1,2013-07-03,0.0164234798176876
1,2013-07-04,0.016424300878206698
1,2013-07-05,0.01642519126560053
1,2013-07-06,0.016426127831394716
1,2013-07-07,0.016427084757636073
1,2013-07-08,0.016428034334595425
1,2013-07-09,0.016428947697064433
1,2013-07-10,0.01642979592032351
1,2013-07-11,0.016430551058674372
1,2013-07-12,0.016431187289800694
1,2013-07-13,0.01643168204900763
1,2013-07-14,0.01643201682549628
1,2013-07-15,0.0164321779562344
1,2013-07-16,0.01643215725707321
1,2013-07-17,0.016431952180454724
1,2013-07-18,0.01643156610275305
1,2013-07-19,0.016431008088974516
1,2013-07-20,0.016430292550920704
1,2013-07-21,0.016429438876619726
1,2013-07-22,0.016428470321191303
1,2013-07-23,0.01642741270028518
1,2013-07-24,0.016426293553568103
1,2013-07-25,0.016425140983665397
1,2013-07-26,0.016423982455827282
1,2013-07-27,0.01642284370593384
1,2013-07-28,0.016421747481465014
1,2013-07-29,0.016420712389066696
1,2013-07-30,0.01641975228244579
1,2013-07-31,0.016418875562916126
1,2013-08-01,0.016418085050555597
1,2013-08-02,0.016417377903258194
1,2013-08-03,0.016416746060088357
1,2013-08-04,0.016416176833751225
1,2013-08-05,0.016415653701589508
1,2013-08-06,0.016415157055215387
1,2013-08-07,0.01641466553673932
1,2013-08-08,0.016414157219933022
1,2013-08-09,0.016413611080123538
1,2013-08-10,0.01641300840575281
1,2013-08-11,0.01641233406033407
1,2013-08-12,0.01641157719556964
1,2013-08-13,0.01641073192837865
1,2013-08-14,0.016409797918894475
1,2013-08-15,0.01640878072961216
1,2013-08-16,0.016407691755529703
1,2013-08-17,0.016406548046917623
1,2013-08-18,0.016405372000793637
1,2013-08-19,0.016404190370021308
1,2013-08-20,0.016403033290584443
1,2013-08-21,0.01640193305653977
1,2013-08-22,0.016400922865481986
1,2013-08-23,0.016400035315842033
1,2013-08-24,0.016399301537608612
1,2013-08-25,0.016398750046533357
1,2013-08-26,0.0163984053713944
1,2013-08-27,0.016398287465520765
1,2013-08-28,0.01639841034362717
1,2013-08-29,0.016398781809651035
1,2013-08-30,0.016399403599224392
1,2013-08-31,0.016400271439035743
1,2013-09-01,0.016401375040488178
1,2013-09-02,0.016402698698856338
1,2013-09-03,0.016404221795989472
1,2013-09-04,0.016405919658834027
1,2013-09-05,0.016407764355184443
1,2013-09-06,0.016409726036749457
1,2013-09-07,0.016411773814583717
1,2013-09-08,0.016413876621342645
1,2013-09-09,0.01641600414864783
1,2013-09-10,0.016418127036187117
1,2013-09-11,0.01642021777770116
1,2013-09-12,0.01642225111088389
1,2013-09-13,0.016424204314038824
1,2013-09-14,0.01642605751001343
1,2013-09-15,0.01642779391604528
1,2013-09-16,0.01642939908274893
1,2013-09-17,0.01643086073346309
1,2013-09-18,0.016432168287046644
1,2013-09-19,0.016433312693605033
1,2013-09-20,0.01643428598700422
1,2013-09-21,0.016435081108323726
1,2013-09-22,0.016435692346299966
1,2013-09-23,0.016436114644847198
1,2013-09-24,0.01643634332702238
1,2013-09-25,0.016436373997729598
1,2013-09-26,0.016436203012168103
1,2013-09-27,0.01643582771195767
1,2013-09-28,0.016435246752315096
1,2013-09-29,0.016434460752177072
1,2013-09-30,0.01643347237315361
1,2013-10-01,0.01643228667457387
1,2013-10-02,0.016430911365009016
1,2013-10-03,0.01642935709070759
1,2013-10-04,0.01642763755653522
1,2013-10-05,0.016425769605644507
1,2013-10-06,0.016423772973597355
1,2013-10-07,0.01642166975069933
1,2013-10-08,0.01641948433638222
1,2013-10-09,0.0164172427889955
1,2013-10-10,0.016414972609442628
1,2013-10-11,0.016412701443593584
1,2013-10-12,0.016410456425844183
1,2013-10-13,0.016408263779589316
1,2013-10-14,0.016406148212830263
1,2013-10-15,0.01640413201469863
1,2013-10-16,0.01640223440942471
1,2013-10-17,0.016400471159646303
1,2013-10-18,0.016398854293022454
1,2013-10-19,0.016397392718003247
1,2013-10-20,0.016396092149471363
1,2013-10-21,0.016394955013761335
1,2013-10-22,0.016393980943487613
1,2013-10-23,0.016393166889217308
1,2013-10-24,0.016392508077188814
1,2013-10-25,0.01639199835975259
1,2013-10-26,0.016391630778929925
1,2013-10-27,0.01639139841770159
1,2013-10-28,0.0163912947039656
1,2013-10-29,0.01639131355472617
1,2013-10-30,0.016391449323766093
1,2013-10-31,0.01639169694990498
1,2013-11-01,0.016392051925633446
1,2013-11-02,0.016392510326794098
1,2013-11-03,0.016393068227634804
1,2013-11-04,0.01639372125737586
1,2013-11-05,0.016394464146594873
1,2013-11-06,0.0163952902188373
1,2013-11-07,0.016396191158238763
1,2013-11-08,0.016397156550278156
1,2013-11-09,0.016398173690127745
1,2013-11-10,0.016399227598565762
1,2013-11-11,0.016400301165353685
1,2013-11-12,0.016401375167847516
1,2013-11-13,0.016402428520390127
1,2013-11-14,0.016403438846695057
1,2013-11-15,0.016404383185102605
1,2013-11-16,0.016405238882229497
1,2013-11-17,0.016405984199001373
1,2013-11-18,0.016406599060153203
1,2013-11-19,0.01640706567970825
1,2013-11-20,0.016407369027897037
1,2013-11-21,0.01640749785486395
1,2013-11-22,0.01640744485894662
1,2013-11-23,0.01640720690778539
1,2013-11-24,0.01640678497824665
1,2013-11-25,0.016406184158459812
1,2013-11-26,0.016405413241461428
1,2013-11-27,0.016404484216364545
1,2013-11-28,0.016403411787976663
1,2013-11-29,0.016402212840745823
1,2013-11-30,0.016400905855892437
1,2013-12-01,0.01639951027290201
1,2013-12-02,0.016398045670793997
1,2013-12-03,0.016396531192593183
1,2013-12-04,0.016394985306294924
1,2013-12-05,0.01639342563585431
1,2013-12-06,0.01639186877611677
1,2013-12-07,0.016390329975826328
1,2013-12-08,0.01638882341807021
1,2013-12-09,0.016387362526155407
1,2013-12-10,0.016385959960570063
1,2013-12-11,0.01638462793442227
1,2013-12-12,0.016383378471213676
1,2013-12-13,0.016382223554231277
1,2013-12-14,0.01638117556811464
1,2013-12-15,0.016380247193434602
1,2013-12-16,0.016379451423071956
1,2013-12-17,0.01637880132412953
1,2013-12-18,0.016378309755746907
1,2013-12-19,0.016377989091093836
1,2013-12-20,0.01637785082067801
1,2013-12-21,0.01637790518107387
1,2013-12-22,0.016378160750421596
1,2013-12-23,0.016378623755862947
1,2013-12-24,0.016379297180408904
1,2013-12-25,0.016380180282984713
1,2013-12-26,0.016381268094514227
1,2013-12-27,0.016382551446406594
1,2013-12-28,0.01638401657390039
1,2013-12-29,0.016385645398924405
1,2013-12-30,0.01638741611617965
1,2013-12-31,0.016389303101930076
1,2014-01-01,0.016391278201748054
1,2014-01-02,0.016393311110427227
1,2014-01-03,0.016395370075373002
1,2014-01-04,0.016397422919195763
1,2014-01-05,0.016399437689210872
1,2014-01-06,0.016401383697798994
1,2014-01-07,0.01640323264335336
1,2014-01-08,0.0164049597975501
1,2014-01-09,0.016406544794327318
1,2014-01-10,0.01640797201904266
1,2014-01-11,0.016409231459258822
1,2014-01-12,0.016410319106107872
1,2014-01-13,0.016411236236535082
1,2014-01-14,0.016411989323890704
1,2014-01-15,0.016412589489932475
1,2014-01-16,0.016413052190864794
1,2014-01-17,0.01641339684628832
1,2014-01-18,0.016413646020716852
1,2014-01-19,0.016413824162142557
1,2014-01-20,0.016413956574390175
1,2014-01-21,0.01641406842788466
1,2014-01-22,0.016414183529914805
1,2014-01-23,0.016414323298055235
1,2014-01-24,0.016414505913522472
1,2014-01-25,0.01641474596013535
1,2014-01-26,0.016415054059904278
1,2014-01-27,0.016415436305298018
1,2014-01-28,0.016415894180483583
1,2014-01-29,0.01641642458395785
1,2014-01-30,0.016417020366445968
1,2014-01-31,0.01641767075804657
1,2014-02-01,0.016418361881720425
1,2014-02-02,0.016419077610689795
1,2014-02-03,0.016419800617405382
1,2014-02-04,0.016420513140528965
1,2014-02-05,0.01642119855004137
1,2014-02-06,0.016421842157665196
1,2014-02-07,0.016422432094531075
1,2014-02-08,0.016422960073050365
1,2014-02-09,0.016423422441833858
1,2014-02-10,0.016423820291778968
1,2014-02-11,0.016424159510888967
1,2014-02-12,0.016424450616653964
1,2014-02-13,0.016424708767254836
1,2014-02-14,0.016424953255616197
1,2014-02-15,0.016425206748004267
1,2014-02-16,0.016425494157045414
1,2014-02-17,0.01642584138994269
1,2014-02-18,0.01642627425906921
1,2014-02-19,0.016426817532136064
1,2014-02-20,0.016427493693715173
1,2014-02-21,0.016428321561635453
1,2014-02-22,0.016429315239427388
1,2014-02-23,0.01643048354402041
1,2014-02-24,0.016431829383972894
1,2014-02-25,0.01643334817157409
1,2014-02-26,0.016435027258040653
1,2014-02-27,0.016436847406080837
1,2014-02-28,0.01643878288351276
1,2014-03-01,0.01644080197380757
1,2014-03-02,0.016442867595707712
1,2014-03-03,0.0164449390205258
1,2014-03-04,0.01644697305333356
1,2014-03-05,0.016448924923647745
1,2014-03-06,0.01645074979244946
1,2014-03-07,0.01645240433622858
1,2014-03-08,0.016453848401142064
1,2014-03-09,0.01645504687297348
1,2014-03-10,0.016455970948949256
1,2014-03-11,0.016456598032294243
1,2014-03-12,0.016456911548210856
1,2014-03-13,0.016456902511608508
1,2014-03-14,0.016456569749638376
1,2014-03-15,0.016455919516572326
1,2014-03-16,0.016454964879207615
1,2014-03-17,0.016453725053796484
1,2014-03-18,0.01645222492664339
1,2014-03-19,0.016450494238193596
1,2014-03-20,0.01644856635882736
1,2014-03-21,0.016446477437735568
1,2014-03-22,0.016444265055434074
1,2014-03-23,0.016441967716803514
1,2014-03-24,0.016439623729070613
1,2014-03-25,0.016437270280297817
1,2014-03-26,0.01643494263306684
1,2014-03-27,0.01643267388667717
1,2014-03-28,0.01643049460796736
1,2014-03-29,0.016428432880127877
1,2014-03-30,0.016426513605170213
1,2014-03-31,0.01642475856473178
1,2014-04-01,0.016423186285282273
1,2014-04-02,0.016421812396386466
1,2014-04-03,0.016420649599228593
1,2014-04-04,0.016419707992005168
1,2014-04-05,0.016418994912873328
1,2014-04-06,0.01641851538826268
1,2014-04-07,0.016418272284664803
1,2014-04-08,0.016418265993028154
1,2014-04-09,0.01641849438312081
1,2014-04-10,0.016418953335509318
1,2014-04-11,0.016419636632562115
1,2014-04-12,0.016420535957139257
1,2014-04-13,0.0164216402291399
1,2014-04-14,0.01642293557854488
1,2014-04-15,0.01642440535043107
1,2014-04-16,0.016426030514134566
1,2014-04-17,0.016427789587059587
1,2014-04-18,0.01642965864370949
1,2014-04-19,0.016431611947852975
1,2014-04-20,0.01643362221729508
1,2014-04-21,0.016435661159393083
1,2014-04-22,0.01643769960924303
1,2014-04-23,0.01643970769329489
1,2014-04-24,0.016441655460277545
1,2014-04-25,0.016443513679831
1,2014-04-26,0.01644525437370046
1,2014-04-27,0.016446850694713005
1,2014-04-28,0.016448277619730552
1,2014-04-29,0.016449512381804938
1,2014-04-30,0.016450535008722147
1,2014-05-01,0.016451328451428784
1,2014-05-02,0.01645187902075538
1,2014-05-03,0.016452177011820134
1,2014-05-04,0.016452217079628424
1,2014-05-05,0.016451998013989663
1,2014-05-06,0.01645152225648542
1,2014-05-07,0.016450795676463074
1,2014-05-08,0.016449827998759832
1,2014-05-09,0.016448632860274894
1,2014-05-10,0.016447227789257612
1,2014-05-11,0.016445633507891317
1,2014-05-12,0.01644387358066599
1,2014-05-13,0.01644197398642475
1,2014-05-14,0.01643996284371129
1,2014-05-15,0.01643786984417475
1,2014-05-16,0.01643572588639685
1,2014-05-17,0.016433562688581215
1,2014-05-18,0.016431412502464278
1,2014-05-19,0.01642930743849786
1,2014-05-20,0.016427278289962228
1,2014-05-21,0.01642535323640141
1,2014-05-22,0.016423557820740863
1,2014-05-23,0.01642191473180623
1,2014-05-24,0.01642044328033442
1,2014-05-25,0.016419158603150817
1,2014-05-26,0.01641807132789468
1,2014-05-27,0.016417187510489182
1,2014-05-28,0.016416508758864405
1,2014-05-29,0.016416032208703527
1,2014-05-30,0.016415750551252727
1,2014-05-31,0.016415652212186077
1,2014-06-01,0.01641572169088401
1,2014-06-02,0.016415940483520967
1,2014-06-03,0.016416287717754312
1,2014-06-04,0.016416740382031416
1,2014-06-05,0.016417273740118858
1,2014-06-06,0.016417862102426403
1,2014-06-07,0.016418479813858668
1,2014-06-08,0.01641910196943765
1,2014-06-09,0.016419705319228796
1,2014-06-10,0.016420268758104876
1,2014-06-11,0.016420774034956318
1,2014-06-12,0.016421206315370966
1,2014-06-13,0.016421554675636416
1,2014-06-14,0.016421812357984563
1,2014-06-15,0.01642197727132308
1,2014-06-16,0.01642205163483355
1,2014-06-17,0.016422041801903563
1,2014-06-18,0.016421957885102218
1,2014-06-19,0.01642181360379655
1,2014-06-20,0.016421625678097847
1,2014-06-21,0.0164214129160095
1,2014-06-22,0.01642119550858853
1,2014-06-23,0.01642099450401136
1,2014-06-24,0.016420831094809466
1,2014-06-25,0.016420725401157722
1,2014-06-26,0.016420695822950145
1,2014-06-27,0.0164207581727627
1,2014-06-28,0.016420925079052035
1,2014-06-29,0.016421205418520678
1,2014-06-30,0.016421603796271687
1,2014-07-01,0.016422120077422626
1,2014-07-02,0.01642274916724283
1,2014-07-03,0.01642348110246518
1,2014-07-04,0.016424301200824
1,2014-07-05,0.016425190440273494
1,2014-07-06,0.016426126162018613
1,2014-07-07,0.016427082642946535
1,2014-07-08,0.016428032091199345
1,2014-07-09,0.01642894564835672
1,2014-07-10,0.016429794404782563
1,2014-07-11,0.016430550413136114
1,2014-07-12,0.016431187710253044
1,2014-07-13,0.01643168343635895
1,2014-07-14,0.016432018973108437
1,2014-07-15,0.01643218062259124
1,2014-07-16,0.016432159988928698
1,2014-07-17,0.01643195450252933
1,2014-07-18,0.016431567586113895
1,2014-07-19,0.016431008525641038
1,2014-07-20,0.016430292009593797
1,2014-07-21,0.016429437261326518
1,2014-07-22,0.01642846748918699
1,2014-07-23,0.01642740881708559
1,2014-07-24,0.01642628906033865
1,2014-07-25,0.016425136528033738
1,2014-07-26,0.016423978684930212
1,2014-07-27,0.01642284091461877
1,2014-07-28,0.01642174560970119
1,2014-07-29,0.016420711217400297
1,2014-07-30,0.016419751366700052
1,2014-07-31,0.016418874474465252
1,2014-08-01,0.01641808358972352
1,2014-08-02,0.01641737632026471
1,2014-08-03,0.016416744907289282
1,2014-08-04,0.01641617655475118
1,2014-08-05,0.016415654569240806
1,2014-08-06,0.016415159354433537
1,2014-08-07,0.016414669528194994
1,2014-08-08,0.01641416324961961
1,2014-08-09,0.016413619530721138
1,2014-08-10,0.016413019294674005
1,2014-08-11,0.01641234685010106
1,2014-08-12,0.016411590889650083
1,2014-08-13,0.016410745261679537
1,2014-08-14,0.016409809497404722
1,2014-08-15,0.01640878978321512
1,2014-08-16,0.016407698155850827
1,2014-08-17,0.01640655207154092
1,2014-08-18,0.01640537395303198
1,2014-08-19,0.016404190608338122
1,2014-08-20,0.01640303225317799
1,2014-08-21,0.016401931134765794
1,2014-08-22,0.016400920388867576
1,2014-08-23,0.016400032736203666
1,2014-08-24,0.016399299235710412
1,2014-08-25,0.016398748219997334
1,2014-08-26,0.016398404171584915
1,2014-08-27,0.016398286680537943
1,2014-08-28,0.016398409761406038
1,2014-08-29,0.016398781473711193
1,2014-08-30,0.01639940372400932
1,2014-08-31,0.016400271965446786
1,2014-09-01,0.016401375565374594
1,2014-09-02,0.01640269853882506
1,2014-09-03,0.016404220242201232
1,2014-09-04,0.016405916133006366
1,2014-09-05,0.01640775863204232
1,2014-09-06,0.016409718238966323
1,2014-09-07,0.01641176408913599
1,2014-09-08,0.01641386507383688
1,2014-09-09,0.016415990903662935
1,2014-09-10,0.016418112485193433
1,2014-09-11,0.016420202470517373
1,2014-09-12,0.01642223574734286
1,2014-09-13,0.016424189786746472
1,2014-09-14,0.016426044745265045
1,2014-09-15,0.016427783365827085
1,2014-09-16,0.016429390844666315
1,2014-09-17,0.016430854608334995
1,2014-09-18,0.01643216412779942
1,2014-09-19,0.016433310610090558
1,2014-09-20,0.016434286342343812
1,2014-09-21,0.01643508437388218
1,2014-09-22,0.016435698425616183
1,2014-09-23,0.016436122935362032
1,2014-09-24,0.016436352952233148
1,2014-09-25,0.016436384146561928
1,2014-09-26,0.016436212911528934
1,2014-09-27,0.016435836787359583
1,2014-09-28,0.016435254716058768
1,2014-09-29,0.01643446750917427
1,2014-09-30,0.016433477971650033
1,2014-10-01,0.016432291195646757
1,2014-10-02,0.01643091485208089
1,2014-10-03,0.016429359653085573
1,2014-10-04,0.016427639277001034
1,2014-10-05,0.016425770408855428
1,2014-10-06,0.01642377259325631
1,2014-10-07,0.01642166801421442
1,2014-10-08,0.016419481127789858
1,2014-10-09,0.016417238214700588
1,2014-10-10,0.01641496674433136
1,2014-10-11,0.01641269454290105
1,2014-10-12,0.01641044914992323
1,2014-10-13,0.01640825693659517
1,2014-10-14,0.016406142433794745
1,2014-10-15,0.01640412760427325
1,2014-10-16,0.01640223153977104
1,2014-10-17,0.016400470087796885
1,2014-10-18,0.016398855471770796
1,2014-10-19,0.016397396329545563
1,2014-10-20,0.0163960978896706
1,2014-10-21,0.016394962284008514
1,2014-10-22,0.01639398888308144
1,2014-10-23,0.016393174734203066
1,2014-10-24,0.0163925151314199
1,2014-10-25,0.01639200436413317
1,2014-10-26,0.016391636039326585
1,2014-10-27,0.016391403393154553
1,2014-10-28,0.016391299785466554
1,2014-10-29,0.016391319107367526
1,2014-10-30,0.016391455772333415
1,2014-10-31,0.016391704623824287
1,2014-11-01,0.016392061014290964
1,2014-11-02,0.01639252055123122
1,2014-11-03,0.016393079133273016
1,2014-11-04,0.016393732312921714
1,2014-11-05,0.016394474613829393
1,2014-11-06,0.016395299494063625
1,2014-11-07,0.016396199314609318
1,2014-11-08,0.01639716385020428
1,2014-11-09,0.016398180741470616
1,2014-11-10,0.016399234909203093
1,2014-11-11,0.01640030909439001
1,2014-11-12,0.016401383644899598
1,2014-11-13,0.016402437372651766
1,2014-11-14,0.016403448065749535
1,2014-11-15,0.01640439285859286
1,2014-11-16,0.016405248852111178
1,2014-11-17,0.016405993934972593
1,2014-11-18,0.016406607671060662
1,2014-11-19,0.01640707230178955
1,2014-11-20,0.016407372944446698
1,2014-11-21,0.01640749882339425
1,2014-11-22,0.016407443464617883
1,2014-11-23,0.016407203925763038
1,2014-11-24,0.016406781199427865
1,2014-11-25,0.016406180385867088
1,2014-11-26,0.016405410250550558
1,2014-11-27,0.016404482592280185
1,2014-11-28,0.016403411998820994
1,2014-11-29,0.01640221521335066
1,2014-11-30,0.016400910441394415
1,2014-12-01,0.016399516553579057
1,2014-12-02,0.016398052597608497
1,2014-12-03,0.016396537577882946
1,2014-12-04,0.01639499013462453
1,2014-12-05,0.01639342851136578
1,2014-12-06,0.016391869773576602
1,2014-12-07,0.016390329529182852
1,2014-12-08,0.016388822092421672
1,2014-12-09,0.01638736093228212
1,2014-12-10,0.01638595879559576
1,2014-12-11,0.016384627932320213
1,2014-12-12,0.01638338016404836
1,2014-12-13,0.01638222741719891
1,2014-12-14,0.016381181441267517
1,2014-12-15,0.01638025460301665
1,2014-12-16,0.016379459386862284
1,2014-12-17,0.016378808570411137
1,2014-12-18,0.016378315255253177
1,2014-12-19,0.016377992610657314
1,2014-12-20,0.016377852786183235
1,2014-12-21,0.016377906336046077
1,2014-12-22,0.016378161730433268
1,2014-12-23,0.01637862465335207
1,2014-12-24,0.016379297671249293
1,2014-12-25,0.01638017981691712
1,2014-12-26,0.01638126631111069
1,2014-12-27,0.016382548524059282
1,2014-12-28,0.016384012089183695
1,2014-12-29,0.016385639483571458
1,2014-12-30,0.01638740915451168
1,2014-12-31,0.01638929564883866
1,2015-01-01,0.01639127039623101
1,2015-01-02,0.016393302904321026
1,2015-01-03,0.01639536150459783
1,2015-01-04,0.016397413885053634
1,2015-01-05,0.016399427962707085
1,2015-01-06,0.016401373396342962
1,2015-01-07,0.016403222297894225
1,2015-01-08,0.01640495007200543
1,2015-01-09,0.01640653635821815
1,2015-01-10,0.01640796553176409
1,2015-01-11,0.01640922792805188
1,2015-01-12,0.016410318512772297
1,2015-01-13,0.016411237955680388
1,2015-01-14,0.016411992407398674
1,2015-01-15,0.01641259329302807
1,2015-01-16,0.01641305664627308
1,2015-01-17,0.016413402188723645
1,2015-01-18,0.016413652590392926
1,2015-01-19,0.016413832280317016
1,2015-01-20,0.01641396618379743
1,2015-01-21,0.016414078856690262
1,2015-01-22,0.016414193765692926
1,2015-01-23,0.016414332644107868
1,2015-01-24,0.016414514413483135
1,2015-01-25,0.016414754127141894
1,2015-01-26,0.01641506243873097
1,2015-01-27,0.016415445267755523
1,2015-01-28,0.016415903756077738
1,2015-01-29,0.016416434646640412
1,2015-01-30,0.016417030522731347
1,2015-01-31,0.01641768043782479
1,2015-02-01,0.01641837055103333
1,2015-02-02,0.016419084989790306
1,2015-02-03,0.016419806870761486
1,2015-02-04,0.016420518912658583
1,2015-02-05,0.016421204434757638
1,2015-02-06,0.016421848505056954
1,2015-02-07,0.016422439105340417
1,2015-02-08,0.016422967812249705
1,2015-02-09,0.016423430891762732
1,2015-02-10,0.01642382912175352
1,2015-02-11,0.016424168285670636
1,2015-02-12,0.01642445894938374
1,2015-02-13,0.016424716519390363
1,2015-02-14,0.01642496037301092
1,2015-02-15,0.016425213125800545
1,2015-02-16,0.016425499539325705
1,2015-02-17,0.016425845761731107
1,2015-02-18,0.01642627798878267
1,2015-02-19,0.016426821181605045
1,2015-02-20,0.01642749768791936
1,2015-02-21,0.01642832607281193
1,2015-02-22,0.01642932045045489
1,2015-02-23,0.01643048937489272
1,2015-02-24,0.016431834836264717
1,2015-02-25,0.0164333519217055
1,2015-02-26,0.016435028641328373
1,2015-02-27,0.016436846280915778
1,2015-02-28,0.016438779293544977
1,2015-03-01,0.016440796094023723
1,2015-03-02,0.016442859870208416
1,2015-03-03,0.01644492989382838
1,2015-03-04,0.016446962618515856
1,2015-03-05,0.016448913365622552
1,2015-03-06,0.016450737746168266
1,2015-03-07,0.016452392999178635
1,2015-03-08,0.016453838906660717
1,2015-03-09,0.01645504023680775
1,2015-03-10,0.01645596713546744
1,2015-03-11,0.01645659607838083
1,2015-03-12,0.016456910448371075
1,2015-03-13,0.016456901574740498
1,2015-03-14,0.01645656871067318
1,2015-03-15,0.01645591809170052
1,2015-03-16,0.01645496275855557
1,2015-03-17,0.016453722163616683
1,2015-03-18,0.01645222139779479
1,2015-03-19,0.01645049025442458
1,2015-03-20,0.016448562091173867
1,2015-03-21,0.016446472956129197
1,2015-03-22,0.016444260777614437
1,2015-03-23,0.016441963775169363
1,2015-03-24,0.01643961996250157
1,2015-03-25,0.016437266428741184
1,2015-03-26,0.016434938693640936
1,2015-03-27,0.016432670324464188
1,2015-03-28,0.016430492204165942
1,2015-03-29,0.016428432079005944
1,2015-03-30,0.016426514400265862
1,2015-03-31,0.0164247604144865
1,2015-04-01,0.016423188527121862
1,2015-04-02,0.016421814212451768
1,2015-04-03,0.01642065027964017
1,2015-04-04,0.01641970677027705
1,2015-04-05,0.016418991332841738
1,2015-04-06,0.016418509271712022
1,2015-04-07,0.01641826355449903
1,2015-04-08,0.016418254891459007
1,2015-04-09,0.016418481591840044
1,2015-04-10,0.016418939963012823
1,2015-04-11,0.0164196237370158
1,2015-04-12,0.016420524063334743
1,2015-04-13,0.01642162954548276
1,2015-04-14,0.01642292599431379
1,2015-04-15,0.016424396730483272
1,2015-04-16,0.01642602255570508
1,2015-04-17,0.01642778193738389
1,2015-04-18,0.016429651244192725
1,2015-04-19,0.016431605060750226
1,2015-04-20,0.01643361630606786
1,2015-04-21,0.016435656415914986
1,2015-04-22,0.016437695941774407
1,2015-04-23,0.01643970487492803
1,2015-04-24,0.01644165336643549
1,2015-04-25,0.01644351210416077
1,2015-04-26,0.016445252843263748
1,2015-04-27,0.016446848792678773
1,2015-04-28,0.01644827493650437
1,2015-04-29,0.01644950856849496
1,2015-04-30,0.016450529801198325
1,2015-05-01,0.016451321984340142
1,2015-05-02,0.016451871959769018
1,2015-05-03,0.016452170294222225
1,2015-05-04,0.016452211402724553
1,2015-05-05,0.01645199343213581
1,2015-05-06,0.01645151845038404
1,2015-05-07,0.01645079255626627
1,2015-05-08,0.01644982569021968
1,2015-05-09,0.016448631546644447
1,2015-05-10,0.0164472274212112
1,2015-05-11,0.016445633977887057
1,2015-05-12,0.016443874593128252
1,2015-05-13,0.01644197518001266
1,2015-05-14,0.01643996382779304
1,2015-05-15,0.016437870530832063
1,2015-05-16,0.016435726550717084
1,2015-05-17,0.016433564045619707
1,2015-05-18,0.016431415198001516
1,2015-05-19,0.016429311324472767
1,2015-05-20,0.01642728248813894
1,2015-05-21,0.016425356787241666
1,2015-05-22,0.01642355980739864
1,2015-05-23,0.01642191429849197
1,2015-05-24,0.01642043981784562
1,2015-05-25,0.01641915201248534
1,2015-05-26,0.01641806201161775
1,2015-05-27,0.01641717626540174
1,2015-05-28,0.016416496395546498
1,2015-05-29,0.016416019260470895
1,2015-05-30,0.016415737332690767
1,2015-05-31,0.016415639192637044
1,2015-06-01,0.01641570969697504
1,2015-06-02,0.01641593027068186
1,2015-06-03,0.01641627964843166
1,2015-06-04,0.016416734376410544
1,2015-06-05,0.016417269622001317
1,2015-06-06,0.016417859774066266
1,2015-06-07,0.01641847914205486
1,2015-06-08,0.016419102855856946
1,2015-06-09,0.01641970759532687
1,2015-06-10,0.016420272165039652
1,2015-06-11,0.016420778012412623
1,2015-06-12,0.01642121030900536
1,2015-06-13,0.016421558199028508
1,2015-06-14,0.01642181524782496
1,2015-06-15,0.016421979514386432
1,2015-06-16,0.01642205322973732
1,2015-06-17,0.016422042717450243
1,2015-06-18,0.016421958250747368
1,2015-06-19,0.016421813616805992
1,2015-06-20,0.016421625336371842
1,2015-06-21,0.016421412105102454
1,2015-06-22,0.01642119417263875
1,2015-06-23,0.016420992691519455
1,2015-06-24,0.016420828816071518
1,2015-06-25,0.01642072275598509
1,2015-06-26,0.016420692946086904
1,2015-06-27,0.01642075524486666
1,2015-06-28,0.016420922344947696
1,2015-06-29,0.01642120311390498
1,2015-06-30,0.016421602069716917
1,2015-07-01,0.016422118995578012
1,2015-07-02,0.01642274869670566
1,2015-07-03,0.016423481238787965
1,2015-07-04,0.01642430204800241
1,2015-07-05,0.016425192181495706
1,2015-07-06,0.016426128856922812
1,2015-07-07,0.016427086225061054
1,2015-07-08,0.01642803629745593
1,2015-07-09,0.01642894995103381
1,2015-07-10,0.01642979823653207
1,2015-07-11,0.01643055316580481
1,2015-07-12,0.016431189043794252
1,2015-07-13,0.01643168332183082
1,2015-07-14,0.01643201756896877
1,2015-07-15,0.016432178192930205
1,2015-07-16,0.01643215684147264
1,2015-07-17,0.01643195092198461
1,2015-07-18,0.016431563967645165
1,2015-07-19,0.016431005336751004
1,2015-07-20,0.016430289529724893
1,2015-07-21,0.01642943563451152
1,2015-07-22,0.016428466591402097
1,2015-07-23,0.016427408282458873
1,2015-07-24,0.016426288453501848
1,2015-07-25,0.016425135308895285
1,2015-07-26,0.016423976446154998
1,2015-07-27,0.0164228375415602
1,2015-07-28,0.016421741268735593
1,2015-07-29,0.01642070633756882
1,2015-07-30,0.01641974641133324
1,2015-07-31,0.016418869991779706
1,2015-08-01,0.0164180801232081
1,2015-08-02,0.016417374165662
1,2015-08-03,0.016416744081578286
1,2015-08-04,0.01641617689671148
1,2015-08-05,0.016415655588413135
1,2015-08-06,0.016415160171203882
1,2015-08-07,0.016414669272198482
1,2015-08-08,0.016414161226834385
1,2015-08-09,0.016413615247977145
1,2015-08-10,0.016413012807483904
1,2015-08-11,0.016412338773843727
1,2015-08-12,0.01641158209740563
1,2015-08-13,0.016410736814372134
1,2015-08-14,0.016409802258735832
1,2015-08-15,0.016408784256992104
1,2015-08-16,0.016407694489969895
1,2015-08-17,0.01640655029601798
1,2015-08-18,0.016405374001126058
1,2015-08-19,0.01640419193804836
1,2015-08-20,0.016403033961228112
1,2015-08-21,0.016401932311567637
1,2015-08-22,0.016400920348557606
1,2015-08-23,0.01640003121520821
1,2015-08-24,0.016399296295221175
1,2015-08-25,0.01639874400718502
1,2015-08-26,0.01639839882544471
1,2015-08-27,0.01639828040831074
1,2015-08-28,0.016398402861479568
1,2015-08-29,0.016398774284440813
1,2015-08-30,0.01639939650640263
1,2015-08-31,0.016400265057213623
1,2015-09-01,0.016401369424883634
1,2015-09-02,0.01640269332075806
1,2015-09-03,0.016404215692188657
1,2015-09-04,0.016405911864345583
1,2015-09-05,0.01640775436517116
1,2015-09-06,0.016409713767596285
1,2015-09-07,0.01641175945499212
1,2015-09-08,0.01641386048946926
1,2015-09-09,0.016415986398059794
1,2015-09-10,0.016418107938589666
1,2015-09-11,0.016420197812584678
1,2015-09-12,0.0164222311063949
1,2015-09-13,0.016424185402229573
1,2015-09-14,0.01642604080631966
1,2015-09-15,0.016427780029208763
1,2015-09-16,0.016429387922573188
1,2015-09-17,0.016430851532392626
1,2015-09-18,0.016432160237248354
1,2015-09-19,0.016433305222763303
1,2015-09-20,0.016434279006080174
1,2015-09-21,0.01643507508322283
1,2015-09-22,0.016435687638700278
1,2015-09-23,0.016436111232243065
1,2015-09-24,0.016436341065412117
1,2015-09-25,0.01643637295611779
1,2015-09-26,0.016436203408158725
1,2015-09-27,0.01643582985257435
1,2015-09-28,0.016435251062533865
1,2015-09-29,0.016434467499606142
1,2015-09-30,0.016433481593762025
1,2015-10-01,0.016432297997570195
1,2015-10-02,0.01643092423156274
1,2015-10-03,0.01642937086345621
1,2015-10-04,0.016427651533884664
1,2015-10-05,0.01642578311972586
1,2015-10-06,0.016423785290136647
1,2015-10-07,0.016421680473099807
1,2015-10-08,0.01641949342276208
1,2015-10-09,0.01641725095086692
1,2015-10-10,0.016414980624781167
1,2015-10-11,0.016412710099348186
1,2015-10-12,0.01641046637560734
1,2015-10-13,0.016408275622929513
1,2015-10-14,0.01640616191388229
1,2015-10-15,0.016404146851103904
1,2015-10-16,0.016402249468064
1,2015-10-17,0.01640048588681104
1,2015-10-18,0.016398868306644013
1,2015-10-19,0.01639740583825059
1,2015-10-20,0.016396104396446926
1,2015-10-21,0.016394966287754834
1,2015-10-22,0.016393990969107285
1,2015-10-23,0.016393175480478164
1,2015-10-24,0.016392515188166833
1,2015-10-25,0.016392004127614636
1,2015-10-26,0.01639163565600521
1,2015-10-27,0.016391402995615503
1,2015-10-28,0.016391299197557902
1,2015-10-29,0.01639131771837633
1,2015-10-30,0.01639145282125319
1,2015-10-31,0.016391699662955613
1,2015-11-01,0.016392054091199513
1,2015-11-02,0.016392512120844024
1,2015-11-03,0.016393069770401846
1,2015-11-04,0.01639372271862821
1,2015-11-05,0.016394465776884814
1,2015-11-06,0.01639529232410066
1,2015-11-07,0.016396194216105064
1,2015-11-08,0.01639716140320074
1,2015-11-09,0.01639818134644713
1,2015-11-10,0.016399238666397725
1,2015-11-11,0.01640031561102024
1,2015-11-12,0.016401392316194953
1,2015-11-13,0.0164024473829848
1,2015-11-14,0.016403458541212508
1,2015-11-15,0.01640440297498496
1,2015-11-16,0.01640525800942912
1,2015-11-17,0.016406002024137136
1,2015-11-18,0.016406615248346735
1,2015-11-19,0.016407080213877424
1,2015-11-20,0.016407382513519888
1,2015-11-21,0.016407511075105356
1,2015-11-22,0.01640745822812602
1,2015-11-23,0.016407220505780806
1,2015-11-24,0.016406799040001658
1,2015-11-25,0.01640619850394292
1,2015-11-26,0.01640542703914469
1,2015-11-27,0.016404496670664768
1,2015-11-28,0.01640342246643276
1,2015-11-29,0.01640222150823657
1,2015-11-30,0.016400912269904207
1,2015-12-01,0.016399514178575374
1,2015-12-02,0.01639804699317265
1,2015-12-03,0.016396530232071656
1,2015-12-04,0.01639498240996529
1,2015-12-05,0.016393421382740792
1,2015-12-06,0.01639186380434021
1,2015-12-07,0.016390324934652766
1,2015-12-08,0.016388818843841507
1,2015-12-09,0.016387358545702817
1,2015-12-10,0.016385956356775786
1,2015-12-11,0.016384624345984266
1,2015-12-12,0.016383374666686053
1,2015-12-13,0.01638221967827369
1,2015-12-14,0.01638117176546626
1,2015-12-15,0.01638024357147164
1,2015-12-16,0.016379447825853037
1,2015-12-17,0.016378797497401548
1,2015-12-18,0.016378305659740626
1,2015-12-19,0.01637798491104203
1,2015-12-20,0.016377846994750478
1,2015-12-21,0.016377902120062727
1,2015-12-22,0.016378158630043917
1,2015-12-23,0.016378622252224695
1,2015-12-24,0.01637929545549978
1,2015-12-25,0.016380177209310055
1,2015-12-26,0.016381262898997506
1,2015-12-27,0.01638254365675379
1,2015-12-28,0.01638400609708318
1,2015-12-29,0.016385632701978084
1,2015-12-30,0.01638740181243728
1,2015-12-31,0.016389288086479138
1,2016-01-01,0.01639126310052205
1,2016-01-02,0.01639329623915337
1,2016-01-03,0.016395355625492575
1,2016-01-04,0.016397408866792317
1,2016-01-05,0.01639942399409967
1,2016-01-06,0.01640137071019664
1,2016-01-07,0.016403220693993262
1,2016-01-08,0.016404949439125644
1,2016-01-09,0.01640653682018361
1,2016-01-10,0.01640796734740048
1,2016-01-11,0.016409230601473857
1,2016-01-12,0.01641032181076181
1,2016-01-13,0.01641124182776602
1,2016-01-14,0.01641199691150317
1,2016-01-15,0.016412598479899447
1,2016-01-16,0.016413062380207233
1,2016-01-17,0.016413408238044006
1,2016-01-18,0.016413658737652808
1,2016-01-19,0.016413838059344297
1,2016-01-20,0.016413971338753042
1,2016-01-21,0.016414083653039493
1,2016-01-22,0.01641419857485284
1,2016-01-23,0.016414337653622345
1,2016-01-24,0.01641451952067313
1,2016-01-25,0.016414758954468263
1,2016-01-26,0.01641506658568189
1,2016-01-27,0.016415448452217766
1,2016-01-28,0.016415906004911662
1,2016-01-29,0.016416436371038335
1,2016-01-30,0.016417032331413086
1,2016-01-31,0.016417682828758075
1,2016-02-01,0.016418373733061924
1,2016-02-02,0.016419089164215597
1,2016-02-03,0.01641981163462023
1,2016-02-04,0.01642052340414901
1,2016-02-05,0.016421207773134
1,2016-02-06,0.016421850650049395
1,2016-02-07,0.01642244039609713
1,2016-02-08,0.016422968667888747
1,2016-02-09,0.016423431809134997
1,2016-02-10,0.01642383071894397
1,2016-02-11,0.016424171158865856
1,2016-02-12,0.01642446369555411
1,2016-02-13,0.016424723074284765
1,2016-02-14,0.016424968418915845
1,2016-02-15,0.016425221918847446
1,2016-02-16,0.016425508265345987
1,2016-02-17,0.01642585413278338
1,2016-02-18,0.01642628599450241
1,2016-02-19,0.0164268289972404
1,2016-02-20,0.016427505332575844
1,2016-02-21,0.01642833373849877
1,2016-02-22,0.016429328226687724
1,2016-02-23,0.016430497467827168
1,2016-02-24,0.01643184376694745
1,2016-02-25,0.016433362351361988
1,2016-02-26,0.016435041063124753
1,2016-02-27,0.016436860762348415
1,2016-02-28,0.016438795642435784
1,2016-02-29,0.016440813594182646
1,2016-03-01,0.016442877686928637
1,2016-03-02,0.01644494716022604
1,2016-03-03,0.01644697844078942
1,2016-03-04,0.016448926732138575
1,2016-03-05,0.016450748095641003
1,2016-03-06,0.01645240027975583
1,2016-03-07,0.016453843740114958
1,2016-03-08,0.016455043147664862
1,2016-03-09,0.01645596886684273
1,2016-03-10,0.01645659761562454
1,2016-03-11,0.01645691316722397
1,2016-03-12,0.016456906484507972
1,2016-03-13,0.016456575957080652
1,2016-03-14,0.016455927327823076
1,2016-03-15,0.01645497357274763
1,2016-03-16,0.01645373381610033
1,2016-03-17,0.01645223301623432
1,2016-03-18,0.016450501064350538
1,2016-03-19,0.01644857155619597
1,2016-03-20,0.016446480957870765
1,2016-03-21,0.01644426740979197
1,2016-03-22,0.016441969565831577
1,2016-03-23,0.016439625520196847
1,2016-03-24,0.016437272258861147
1,2016-03-25,0.0164349452644406
1,2016-03-26,0.016432677917106127
1,2016-03-27,0.016430501174929366
1,2016-03-28,0.016428442449757486
1,2016-03-29,0.01642652609005257
1,2016-03-30,0.016424772287938094
1,2016-03-31,0.016423199753032733
1,2016-04-01,0.016421823965895293
1,2016-04-02,0.016420657705087535
1,2016-04-03,0.01641971133881448
1,2016-04-04,0.0164189933792398
1,2016-04-05,0.016418509977168403
1,2016-04-06,0.01641826425623273
1,2016-04-07,0.016418256153765427
1,2016-04-08,0.016418483683895584
1,2016-04-09,0.016418942505770938
1,2016-04-10,0.016419626102169085
1,2016-04-11,0.01642052580969909
1,2016-04-12,0.016421630353889598
1,2016-04-13,0.01642292567393478
1,2016-04-14,0.01642439538795274
1,2016-04-15,0.016426020614867226
1,2016-04-16,0.016427780068705825
1,2016-04-17,0.016429650047059034
1,2016-04-18,0.01643160472511579
1,2016-04-19,0.016433616848486217
1,2016-04-20,0.016435657800748356
1,2016-04-21,0.01643769797687292
1,2016-04-22,0.016439707410841633
1,2016-04-23,0.016441656144445652
1,2016-04-24,0.0164435149453347
1,2016-04-25,0.016445255419425132
1,2016-04-26,0.016446850720841
1,2016-04-27,0.01644827609802566
1,2016-04-28,0.01644950924374075
1,2016-04-29,0.016450530573095746
1,2016-04-30,0.016451323461402486
1,2016-05-01,0.01645187473377905
1,2016-05-02,0.01645217475385628
1,2016-05-03,0.016452217633733775
1,2016-05-04,0.016452001280964672
1,2016-05-05,0.016451527641692863
1,2016-05-06,0.01645080266136651
1,2016-05-07,0.01644983626870633
1,2016-05-08,0.016448642282468538
1,2016-05-09,0.016447237923294944
1,2016-05-10,0.016445643668261577
1,2016-05-11,0.016443882660637957
1,2016-05-12,0.016441981185796938
1,2016-05-13,0.016439967779695308
1,2016-05-14,0.016437872769781193
1,2016-05-15,0.01643572766849071
1,2016-05-16,0.01643356472594579
1,2016-05-17,0.016431416143468214
1,2016-05-18,0.01642931304818469
1,2016-05-19,0.01642728505589114
1,2016-05-20,0.016425360181493296
1,2016-05-21,0.016423564152924133
1,2016-05-22,0.01642191969577182
1,2016-05-23,0.016420446295780437
1,2016-05-24,0.016419159034998805
1,2016-05-25,0.016418069014192106
1,2016-05-26,0.016417182819766823
1,2016-05-27,0.016416502411583454
1,2016-05-28,0.016416024762270793
1,2016-05-29,0.01641574267147886
1,2016-05-30,0.016415644668878248
1,2016-05-31,0.01641571550733859
1,2016-06-01,0.01641593668560578
1,2016-06-02,0.0164162869518594
1,2016-06-03,0.016416742602782367
1,2016-06-04,0.01641727841913196
1,2016-06-05,0.016417868653720896
1,2016-06-06,0.016418487582001658
1,2016-06-07,0.016419110340974347
1,2016-06-08,0.01641971346477294
1,2016-06-09,0.01642027655360029
1,2016-06-10,0.016420781667635807
1,2016-06-11,0.016421213963851718
1,2016-06-12,0.016421562494782157
1,2016-06-13,0.016421820786722677
1,2016-06-14,0.016421987138267525
1,2016-06-15,0.01642206360292542
1,2016-06-16,0.016422056017095416
1,2016-06-17,0.01642197395758003
1,2016-06-18,0.016421830691339824
1,2016-06-19,0.016421642557806784
1,2016-06-20,0.016421428623228672
1,2016-06-21,0.016421209231926796
1,2016-06-22,0.016421005554230927
1,2016-06-23,0.01642083890977172
1,2016-06-24,0.016420729921335846
1,2016-06-25,0.016420697452194738
1,2016-06-26,0.01642075782599469
1,2016-06-27,0.016420923828366907
1,2016-06-28,0.016421203850015113
1,2016-06-29,0.016421602080550497
1,2016-06-30,0.016422118346840344
1,2016-07-01,0.01642274768744093
1,2016-07-02,0.016423480038766706
1,2016-07-03,0.016424300629493564
1,2016-07-04,0.01642519038454146
1,2016-07-05,0.01642612650877012
1,2016-07-06,0.016427083346016304
1,2016-07-07,0.016428033165155027
1,2016-07-08,0.016428947131440372
1,2016-07-09,0.016429796189408385
1,2016-07-10,0.016430552359203255
1,2016-07-11,0.0164311897196352
1,2016-07-12,0.016431685518465723
1,2016-07-13,0.016432020957484545
1,2016-07-14,0.016432182339048904
1,2016-07-15,0.01643216130684295
1,2016-07-16,0.016431955464493192
1,2016-07-17,0.0164315682991207
1,2016-07-18,0.016431008997076717
1,2016-07-19,0.01643029219331552
1,2016-07-20,0.016429437340475115
1,2016-07-21,0.01642846776119075
1,2016-07-22,0.01642740933954049
1,2016-07-23,0.016426289745368337
1,2016-07-24,0.016425137129317462
1,2016-07-25,0.016423978946730287
1,2016-07-26,0.01642284061432295
1,2016-07-27,0.01642174468134856
1,2016-07-28,0.01642070970137802
1,2016-07-29,0.01641974956402122
1,2016-07-30,0.016418872761587884
1,2016-07-31,0.01641808204523201
1,2016-08-01,0.016417374428966628
1,2016-08-02,0.016416741705237426
1,2016-08-03,0.01641617140768782
1,2016-08-04,0.01641564713345933
1,2016-08-05,0.01641514953775425
1,2016-08-06,0.016414657465321725
1,2016-08-07,0.016414149185160147
1,2016-08-08,0.01641360363728479
1,2016-08-09,0.01641300202263594
1,2016-08-10,0.01641232891214157
1,2016-08-11,0.016411573166558214
1,2016-08-12,0.016410728715074784
1,2016-08-13,0.016409795172694655
1,2016-08-14,0.016408778059281297
1,2016-08-15,0.016407688914778017
1,2016-08-16,0.016406545112258832
1,2016-08-17,0.01640536910252003
1,2016-08-18,0.01640418766498047
1,2016-08-19,0.016403031079440484
1,2016-08-20,0.016401931606958332
1,2016-08-21,0.016400922256319252
1,2016-08-22,0.0164000357307114
1,2016-08-23,0.01639930323417827
1,2016-08-24,0.01639875299998639
1,2016-08-25,0.016398409446022954
1,2016-08-26,0.016398292145882107
1,2016-08-27,0.01639841538557443
1,2016-08-28,0.016398787115417222
1,2016-08-29,0.01639940894850606
1,2016-08-30,0.016400276460897728
1,2016-08-31,0.01640137956650821
1,2016-09-01,0.016402702514970047
1,2016-09-02,0.016404224486918605
1,2016-09-03,0.01640592069849904
1,2016-09-04,0.0164077634321442
1,2016-09-05,0.016409722760548535
1,2016-09-06,0.016411767867489505
1,2016-09-07,0.016413867932765388
1,2016-09-08,0.016415992660158734
1,2016-09-09,0.016418112950529536
1,2016-09-10,0.016420201608086063
1,2016-09-11,0.016422233599554182
1,2016-09-12,0.01642418661308035
1,2016-09-13,0.016426040878466896
1,2016-09-14,0.01642777928295858
1,2016-09-15,0.01642938712358295
1,2016-09-16,0.016430851788709813
1,2016-09-17,0.016432162487366373
1,2016-09-18,0.01643330994418962
1,2016-09-19,0.016434286027674612
1,2016-09-20,0.01643508386685349
1,2016-09-21,0.016435697456385175
1,2016-09-22,0.016436121554205447
1,2016-09-23,0.016436351252520968
1,2016-09-24,0.016436382296445336
1,2016-09-25,0.016436211266350986
1,2016-09-26,0.016435835790094912
1,2016-09-27,0.016435254770978482
1,2016-09-28,0.016434468917534927
1,2016-09-29,0.016433481040812447
1,2016-09-30,0.01643229614102623
1,2016-10-01,0.01643092180696235
1,2016-10-02,0.01642936832602384
1,2016-10-03,0.0164276490223423
1,2016-10-04,0.0164257804917907
1,2016-10-05,0.016423782368512153
1,2016-10-06,0.016421677228094518
1,2016-10-07,0.01641948979767762
1,2016-10-08,0.01641724650326115
1,2016-10-09,0.016414974900526968
1,2016-10-10,0.016412702945191038
1,2016-10-11,0.01641045806374438
1,2016-10-12,0.01640826657147875
1,2016-10-13,0.01640615287426316
1,2016-10-14,0.016404138660684273
1,2016-10-15,0.016402242708663965
1,2016-10-16,0.016400480989746405
1,2016-10-17,0.01639886576987681
1,2016-10-18,0.016397405689126537
1,2016-10-19,0.01639610578990265
1,2016-10-20,0.016394968501900847
1,2016-10-21,0.016393993644453184
1,2016-10-22,0.01639317850309496
1,2016-10-23,0.016392518482461715
1,2016-10-24,0.016392007624126674
1,2016-10-25,0.016391639355762
1,2016-10-26,0.01639140705077013
1,2016-10-27,0.016391303794087098
1,2016-10-28,0.016391323390875456
1,2016-10-29,0.01639146029168163
1,2016-10-30,0.016391709122877896
1,2016-10-31,0.016392065237692717
1,2016-11-01,0.016392524543809447
1,2016-11-02,0.016393082410904158
1,2016-11-03,0.016393734640623325
1,2016-11-04,0.016394476202069682
1,2016-11-05,0.0163953006617305
1,2016-11-06,0.01639619980186151
1,2016-11-07,0.01639716346031164
1,2016-11-08,0.016398179095441494
1,2016-11-09,0.01639923191622533
1,2016-11-10,0.016400304801918012
1,2016-11-11,0.0164013783188921
1,2016-11-12,0.016402431403193293
1,2016-11-13,0.016403441005520842
1,2016-11-14,0.01640438419687254
1,2016-11-15,0.01640523860565161
1,2016-11-16,0.016405982987740823
1,2016-11-17,0.01640659686444718
1,2016-11-18,0.016407062425074097
1,2016-11-19,0.016407365010853867
1,2016-11-20,0.016407493400441314
1,2016-11-21,0.01640744014889495
1,2016-11-22,0.01640720195393092
1,2016-11-23,0.016406779732609407
1,2016-11-24,0.016406178556881867
1,2016-11-25,0.016405407265179587
1,2016-11-26,0.016404478010606186
1,2016-11-27,0.016403405728769846
1,2016-11-28,0.016402207164394483
1,2016-11-29,0.0164009006232412
1,2016-11-30,0.01639950530214844
1,2016-12-01,0.01639804071674415
1,2016-12-02,0.016396526240703015
1,2016-12-03,0.01639498047828945
1,2016-12-04,0.016393420977840887
1,2016-12-05,0.01639186395922025
1,2016-12-06,0.016390325094226384
1,2016-12-07,0.016388818937884048
1,2016-12-08,0.016387358737316903
1,2016-12-09,0.01638595696795258
1,2016-12-10,0.016384625662687752
1,2016-12-11,0.016383376819131275
1,2016-12-12,0.016382222542337187
1,2016-12-13,0.016381175004053793
1,2016-12-14,0.01638024662390275
1,2016-12-15,0.01637945024875954
1,2016-12-16,0.016378799046497743
1,2016-12-17,0.016378306362812442
1,2016-12-18,0.016377984762665877
1,2016-12-19,0.01637784590033411
1,2016-12-20,0.016377900279891968
1,2016-12-21,0.0163781564143463
1,2016-12-22,0.016378620082951975
1,2016-12-23,0.01637929366724923
1,2016-12-24,0.01638017603346561
1,2016-12-25,0.016381262075688234
1,2016-12-26,0.016382542660641573
1,2016-12-27,0.016384004618194243
1,2016-12-28,0.016385630627459544
1,2016-12-29,0.01638739913437746
1,2016-12-30,0.016389285118523438
1,2016-12-31,0.016389285259509452
1,2017-01-01,0.01639126092534309
1,2017-01-02,0.0163932948602951
1,2017-01-03,0.016395354994497437
1,2017-01-04,0.0163974087115695
1,2017-01-05,0.01639942412522709
1,2017-01-06,0.01640137078474563
1,2017-01-07,0.01640322059616543
1,2017-01-08,0.016404948989496033
1,2017-01-09,0.016406535762356716
1,2017-01-10,0.016407965763417416
1,2017-01-11,0.016409228414614514
1,2017-01-12,0.016410319166296664
1,2017-01-13,0.016411238859585973
1,2017-01-14,0.016411993946954386
1,2017-01-15,0.016412595666420136
1,2017-01-16,0.016413059808836925
1,2017-01-17,0.016413406118653412
1,2017-01-18,0.01641365689735105
1,2017-01-19,0.01641383689111859
1,2017-01-20,0.01641397148213355
1,2017-01-21,0.01641408530911683
1,2017-01-22,0.01641420147887346
1,2017-01-23,0.016414342159671046
1,2017-01-24,0.016414526782983496
1,2017-01-25,0.016414770262879092
1,2017-01-26,0.01641508290749186
1,2017-01-27,0.016415469423827413
1,2017-01-28,0.01641593093606805
1,2017-01-29,0.016416464760010283
1,2017-01-30,0.016417063816495787
1,2017-01-31,0.016417717112211072
1,2017-02-01,0.01641841006957723
1,2017-02-02,0.01641912646139624
1,2017-02-03,0.016419849407740477
1,2017-02-04,0.016420561537688234
1,2017-02-05,0.016421245017867552
1,2017-02-06,0.016421884478927132
1,2017-02-07,0.01642246898796901
1,2017-02-08,0.016422989913639767
1,2017-02-09,0.016423445112592153
1,2017-02-10,0.01642383796565365
1,2017-02-11,0.016424174518510033
1,2017-02-12,0.016424464350463564
1,2017-02-13,0.016424722050644942
1,2017-02-14,0.01642496640578844
1,2017-02-15,0.016425219485016324
1,2017-02-16,0.01642550580199199
1,2017-02-17,0.016425851441660172
1,2017-02-18,0.016426282810350957
1,2017-02-19,0.016426824904854226
1,2017-02-20,0.016427500270360388
1,2017-02-21,0.016428328066391145
1,2017-02-22,0.016429322832886232
1,2017-02-23,0.016430493104343247
1,2017-02-24,0.016431841129423856
1,2017-02-25,0.016433362293829877
1,2017-02-26,0.01643504328577765
1,2017-02-27,0.01643686420356016
1,2017-02-28,0.016438799175253486
1,2017-03-01,0.01644081639267546
1,2017-03-02,0.016442879501894894
1,2017-03-03,0.01644494819188884
1,2017-03-04,0.016446979023706124
1,2017-03-05,0.016448927502666192
1,2017-03-06,0.01645074997016281
1,2017-03-07,0.016452404012087807
1,2017-03-08,0.01645384955236596
1,2017-03-09,0.01645505061938966
1,2017-03-10,0.016455976753464458
1,2017-03-11,0.01645660442727485
1,2017-03-12,0.016456919038547572
1,2017-03-13,0.01645691149604225
1,2017-03-14,0.01645658003615674
1,2017-03-15,0.016455930325056337
1,2017-03-16,0.016454975380155813
1,2017-03-17,0.016453734764468035
1,2017-03-18,0.016452233759086044
1,2017-03-19,0.016450501762759098
1,2017-03-20,0.016448572138347713
1,2017-03-21,0.016446481100198466
1,2017-03-22,0.01644426677676194
1,2017-03-23,0.01644196819517579
1,2017-03-24,0.016439623864159758
1,2017-03-25,0.016437270743195512
1,2017-03-26,0.016434944005742986
1,2017-03-27,0.016432676696489828
1,2017-03-28,0.016430499297203433
1,2017-03-29,0.016428439391463247
1,2017-03-30,0.01642652141919804
1,2017-03-31,0.01642476666319771
1,2017-04-01,0.016423193435036954
1,2017-04-02,0.016421817558530144
1,2017-04-03,0.016420652370297946
1,2017-04-04,0.016419708487368942
1,2017-04-05,0.016418993957079814
1,2017-04-06,0.016418513872958004
1,2017-04-07,0.01641827045648208
1,2017-04-08,0.016418264411074437
1,2017-04-09,0.01641849378871454
1,2017-04-10,0.016418954465669443
1,2017-04-11,0.016419639917558047
1,2017-04-12,0.0164205411212354
1,2017-04-13,0.016421646792753753
1,2017-04-14,0.01642294322755906
1,2017-04-15,0.016424413830227837
1,2017-04-16,0.016426038956476898
1,2017-04-17,0.01642779700311476
1,2017-04-18,0.01642966460754909
1,2017-04-19,0.01643161576117834
1,2017-04-20,0.01643362381913424
1,2017-04-21,0.016435661243850916
1,2017-04-22,0.016437698709483403
1,2017-04-23,0.016439706802994645
1,2017-04-24,0.016441655420778706
1,2017-04-25,0.016443514763398257
1,2017-04-26,0.016445256162189312
1,2017-04-27,0.016446852563409945
1,2017-04-28,0.01644827897326034
1,2017-04-29,0.01644951278539894
1,2017-04-30,0.016450534188533046
1,2017-05-01,0.016451326539240817
1,2017-05-02,0.0164518767386121
1,2017-05-03,0.01645217547815508
1,2017-05-04,0.016452216861891203
1,2017-05-05,0.016451999224027646
1,2017-05-06,0.01645152500105112
1,2017-05-07,0.016450800029916127
1,2017-05-08,0.01644983422149859
1,2017-05-09,0.016448641262943972
1,2017-05-10,0.0164472381906178
1,2017-05-11,0.01644564517550427
1,2017-05-12,0.01644388536161382
1,2017-05-13,0.01644198451850076
1,2017-05-14,0.016439971021677244
1,2017-05-15,0.016437875391093853
1,2017-05-16,0.016435729441589556
1,2017-05-17,0.016433565268871856
1,2017-05-18,0.016431414828074403
1,2017-05-19,0.016429309584634372
1,2017-05-20,0.016427279727078508
1,2017-05-21,0.016425354342481695
1,2017-05-22,0.01642355894219617
1,2017-05-23,0.016421915855808503
1,2017-05-24,0.016420444034752325
1,2017-05-25,0.016419158458303988
1,2017-05-26,0.01641806970764137
1,2017-05-27,0.01641718379403543
1,2017-05-28,0.016416502296842064
1,2017-05-29,0.016416022686849146
1,2017-05-30,0.01641573823016267
1,2017-05-31,0.01641563823007522
1,2017-06-01,0.01641570778156197
1,2017-06-02,0.016415928229156117
1,2017-06-03,0.016416277980268637
1,2017-06-04,0.016416733304096022
1,2017-06-05,0.01641726891401811
1,2017-06-06,0.016417858818633575
1,2017-06-07,0.016418477226412584
1,2017-06-08,0.016419099363017452
1,2017-06-09,0.01641970205429935
1,2017-06-10,0.016420264285365974
1,2017-06-11,0.016420767968888157
1,2017-06-12,0.01642119873266222
1,2017-06-13,0.016421546144789228
1,2017-06-14,0.016421803873742015
1,2017-06-15,0.01642196974362314
1,2017-06-16,0.01642204575688529
1,2017-06-17,0.01642203788736411
1,2017-06-18,0.016421956108936243
1,2017-06-19,0.016421813723630104
1,2017-06-20,0.01642162692568408
1,2017-06-21,0.016421414332712606
1,2017-06-22,0.01642119631940852
1,2017-06-23,0.016420994257642426
1,2017-06-24,0.016420829488668357
1,2017-06-25,0.016420722313583987
1,2017-06-26,0.016420691410384634
1,2017-06-27,0.01642075300176768
1,2017-06-28,0.016420919841104786
1,2017-06-29,0.016421200702768993
1,2017-06-30,0.0164215999964198
1,2017-07-01,0.016422117475450915
1,2017-07-02,0.016422747995932265
1,2017-07-03,0.016423481526876355
1,2017-07-04,0.016424303274112345
1,2017-07-05,0.016425194172872144
1,2017-07-06,0.016426131356896686
1,2017-07-07,0.016427089004223485
1,2017-07-08,0.0164280392135316
1,2017-07-09,0.016428952994437238
1,2017-07-10,0.0164298015118908
1,2017-07-11,0.0164305570696267
1,2017-07-12,0.0164311938255698
1,2017-07-13,0.016431688705255867
1,2017-07-14,0.016432023062851717
1,2017-07-15,0.01643218330796204
1,2017-07-16,0.01643216160536303
1,2017-07-17,0.01643195561442051
1,2017-07-18,0.016431568636002977
1,2017-07-19,0.01643100967897222
1,2017-07-20,0.016430293195076853
1,2017-07-21,0.016429438423674773
1,2017-07-22,0.01642846851888929
1,2017-07-23,0.016427409558678687
1,2017-07-24,0.01642628936106822
1,2017-07-25,0.01642513629702425
1,2017-07-26,0.01642397797174572
1,2017-07-27,0.016422839818807135
1,2017-07-28,0.016421744188719826
1,2017-07-29,0.016420709575500556
1,2017-07-30,0.016419749705623703
1,2017-07-31,0.016418873143040632
1,2017-08-01,0.01641808271701526
1,2017-08-02,0.016417375732208323
1,2017-08-03,0.016416744128605776
1,2017-08-04,0.016416175072487008
1,2017-08-05,0.01641565149789995
1,2017-08-06,0.01641515379831495
1,2017-08-07,0.01641466115629918
1,2017-08-08,0.016414152215112884
1,2017-08-09,0.01641360609512944
1,2017-08-10,0.0164130040499499
1,2017-08-11,0.016412330615817504
1,2017-08-12,0.0164115746075746
1,2017-08-13,0.016410729943099975
1,2017-08-14,0.016409796208432505
1,2017-08-15,0.016408779055600998
1,2017-08-16,0.016407690070696337
1,2017-08-17,0.01640654647797409
1,2017-08-18,0.016405370544268688
1,2017-08-19,0.016404188922586688
1,2017-08-20,0.016403031741170717
1,2017-08-21,0.016401931483768704
1,2017-08-22,0.016400921576957786
1,2017-08-23,0.016400034737617183
1,2017-08-24,0.016399302153901216
1,2017-08-25,0.0163987519918751
1,2017-08-26,0.016398408288528003
1,2017-08-27,0.016398290550916638
1,2017-08-28,0.016398413034711266
1,2017-08-29,0.01639878403791813
1,2017-08-30,0.016399405556156977
1,2017-08-31,0.016400273165081504
1,2017-09-01,0.016401376278176807
1,2017-09-02,0.016402698829636315
1,2017-09-03,0.01640421959435522
1,2017-09-04,0.016405913986108696
1,2017-09-05,0.016407755011582415
1,2017-09-06,0.016409713754716893
1,2017-09-07,0.01641175938765238
1,2017-09-08,0.01641386069509159
1,2017-09-09,0.016415987017402326
1,2017-09-10,0.01641810888961946
1,2017-09-11,0.016420198847824634
1,2017-09-12,0.016422231836878323
1,2017-09-13,0.016424185530893465
1,2017-09-14,0.0164260402759624
1,2017-09-15,0.01642777878964292
1,2017-09-16,0.01642938608106125
1,2017-09-17,0.016430849666541212
1,2017-09-18,0.01643215932536023
1,2017-09-19,0.016433306185309728
1,2017-09-20,0.016434282469222992
1,2017-09-21,0.01643508104128551
1,2017-09-22,0.01643569536565672
1,2017-09-23,0.016436119761332843
1,2017-09-24,0.016436349607817733
1,2017-09-25,0.016436380651036166
1,2017-09-26,0.016436209444500655
1,2017-09-27,0.01643583361440189
1,2017-09-28,0.016435252246775642
1,2017-09-29,0.016434465927676802
1,2017-09-30,0.016433477189253712
1,2017-10-01,0.016432290991360697
1,2017-10-02,0.01643091530729357
1,2017-10-03,0.016429360736113646
1,2017-10-04,0.016427640748556127
1,2017-10-05,0.016425771993526666
1,2017-10-06,0.016423774128724988
1,2017-10-07,0.016421669583130342
1,2017-10-08,0.01641948300986264
1,2017-10-09,0.016417240695531396
1,2017-10-10,0.016414969899464567
1,2017-10-11,0.016412698300491822
1,2017-10-12,0.016410453271375417
1,2017-10-13,0.016408261083796935
1,2017-10-14,0.01640614612774751
1,2017-10-15,0.016404130296615603
1,2017-10-16,0.016402232968544116
1,2017-10-17,0.016400470072605828
1,2017-10-18,0.016398853898382908
1,2017-10-19,0.016397393008055212
1,2017-10-20,0.016396092772758098
1,2017-10-21,0.016394955723967063
1,2017-10-22,0.016393981513902714
1,2017-10-23,0.016393167267470202
1,2017-10-24,0.016392508187923784
1,2017-10-25,0.016391998260947598
1,2017-10-26,0.016391630846697095
1,2017-10-27,0.01639139910595523
1,2017-10-28,0.016391296320909594
1,2017-10-29,0.01639131616852806
1,2017-10-30,0.016391453180745835
1,2017-10-31,0.016391702460031573
1,2017-11-01,0.016392059255069903
1,2017-11-02,0.01639251891834453
1,2017-11-03,0.016393076847217365
1,2017-11-04,0.016393728679722615
1,2017-11-05,0.01639446966310455
1,2017-11-06,0.016395293712729252
1,2017-11-07,0.016396192782677736
1,2017-11-08,0.01639715669317636
1,2017-11-09,0.016398173036735623
1,2017-11-10,0.01639922699265931
1,2017-11-11,0.01640030113626541
1,2017-11-12,0.016401376027845183
1,2017-11-13,0.0164024308858101
1,2017-11-14,0.016403443599891317
1,2017-11-15,0.016404390727581198
1,2017-11-16,0.016405249084307547
1,2017-11-17,0.01640599602415192
1,2017-11-18,0.01640661119476208
1,2017-11-19,0.016407076876916626
1,2017-11-20,0.016407378782910206
1,2017-11-21,0.016407505990787177
1,2017-11-22,0.01640745139423036
1,2017-11-23,0.016407212071973577
1,2017-11-24,0.01640678933016542
1,2017-11-25,0.01640618817869025
1,2017-11-26,0.016405416854103152
1,2017-11-27,0.016404487304369195
1,2017-11-28,0.01640341461138234
1,2017-11-29,0.01640221522439418
1,2017-11-30,0.016400908025179316
1,2017-12-01,0.01639951290785899
1,2017-12-02,0.016398049178971523
1,2017-12-03,0.016396535108443248
1,2017-12-04,0.016394989094553124
1,2017-12-05,0.016393428960035993
1,2017-12-06,0.01639187133937565
1,2017-12-07,0.01639033171169695
1,2017-12-08,0.016388824458877883
1,2017-12-09,0.016387363426651907
1,2017-12-10,0.016385961306590962
1,2017-12-11,0.01638463020431248
1,2017-12-12,0.016383382351716543
1,2017-12-13,0.01638222866554034
1,2017-12-14,0.01638118144789243
1,2017-12-15,0.016380253420289988
1,2017-12-16,0.016379457825289528
1,2017-12-17,0.016378807362392295
1,2017-12-18,0.016378314703605113
1,2017-12-19,0.01637799274491032
1,2017-12-20,0.016377853501311435
1,2017-12-21,0.016377907381429684
1,2017-12-22,0.016378162586845983
1,2017-12-23,0.016378624640792327
1,2017-12-24,0.016379296479775807
1,2017-12-25,0.016380177774669588
1,2017-12-26,0.016381264074297432
1,2017-12-27,0.016382545855946437
1,2017-12-28,0.016384009405931526
1,2017-12-29,0.01638563670997159
1,2017-12-30,0.01638740609331564
1,2017-12-31,0.016389292655473585
1,2018-01-01,0.016391267838436776
1,2018-01-02,0.016393300956066024
1,2018-01-03,0.016395360102323533
1,2018-01-04,0.016397412894964606
1,2018-01-05,0.01639942740443181
1,2018-01-06,0.016401373072025084
1,2018-01-07,0.01640322189717113
1,2018-01-08,0.016404949605186313
1,2018-01-09,0.016406536006148595
1,2018-01-10,0.016407965485463832
1,2018-01-11,0.016409227784373107
1,2018-01-12,0.01641031801894473
1,2018-01-13,0.016411236762520952
1,2018-01-14,0.016411990298141905
1,2018-01-15,0.016412590103573228
1,2018-01-16,0.016413052391369826
1,2018-01-17,0.016413397078826282
1,2018-01-18,0.016413646807674282
1,2018-01-19,0.016413825749464928
1,2018-01-20,0.016413959141110192
1,2018-01-21,0.0164140719576944
1,2018-01-22,0.016414188253894537
1,2018-01-23,0.016414329603600057
1,2018-01-24,0.01641451422565227
1,2018-01-25,0.016414756309427608
1,2018-01-26,0.016415065711245697
1,2018-01-27,0.0164154484661312
1,2018-01-28,0.016415906094718855
1,2018-01-29,0.01641643555969514
1,2018-01-30,0.016417029702183006
1,2018-01-31,0.016417677907039775
1,2018-02-01,0.016418366570595897
1,2018-02-02,0.01641907976898165
1,2018-02-03,0.016419800221246294
1,2018-02-04,0.016420510316165867
1,2018-02-05,0.016421193989942802
1,2018-02-06,0.01642183677290032
1,2018-02-07,0.016422426872804433
1,2018-02-08,0.016422956045644584
1,2018-02-09,0.01642341982788794
1,2018-02-10,0.01642381877185676
1,2018-02-11,0.01642415872826614
1,2018-02-12,0.01642445047113848
1,2018-02-13,0.016424709309730365
1,2018-02-14,0.01642495468065999
1,2018-02-15,0.01642520925673097
1,2018-02-16,0.01642549805793938
1,2018-02-17,0.016425847433273
1,2018-02-18,0.016426283388488918
1,2018-02-19,0.016426830873418067
1,2018-02-20,0.01642751208614142
1,2018-02-21,0.01642834451120073
1,2018-02-22,0.016429341471529437
1,2018-02-23,0.01643051096826117
1,2018-02-24,0.01643185524932649
1,2018-02-25,0.01643337007864558
1,2018-02-26,0.01643504398169333
1,2018-02-27,0.016436858560332147
1,2018-02-28,0.016438788774941798
1,2018-03-01,0.01644080328071197
1,2018-03-02,0.016442865367091736
1,2018-03-03,0.016444934145030975
1,2018-03-04,0.016446966175828092
1,2018-03-05,0.01644891676014135
1,2018-03-06,0.016450741435809692
1,2018-03-07,0.016452397130843156
1,2018-03-08,0.01645384382749343
1,2018-03-09,0.016455045877522636
1,2018-03-10,0.016455973270028693
1,2018-03-11,0.01645660278347762
1,2018-03-12,0.016456918249313102
1,2018-03-13,0.016456910817014753
1,2018-03-14,0.016456579124613162
1,2018-03-15,0.016455929157013532
1,2018-03-16,0.016454973948899998
1,2018-03-17,0.016453732993511685
1,2018-03-18,0.016452231545470316
1,2018-03-19,0.016450499702357832
1,2018-03-20,0.016448571047673
1,2018-03-21,0.01644648161769822
1,2018-03-22,0.016444269379621963
1,2018-03-23,0.016441972662501095
1,2018-03-24,0.016439629156704102
1,2018-03-25,0.016437275694452403
1,2018-03-26,0.01643494775859156
1,2018-03-27,0.016432679017086668
1,2018-03-28,0.016430500505997352
1,2018-03-29,0.01642844022144186
1,2018-03-30,0.016426522414530142
1,2018-03-31,0.016424768267362586
1,2018-04-01,0.01642319620933791
1,2018-04-02,0.016421821768704204
1,2018-04-03,0.016420657970446312
1,2018-04-04,0.01641971542663555
1,2018-04-05,0.016419001836390272
1,2018-04-06,0.01641852204968823
1,2018-04-07,0.016418278026227827
1,2018-04-08,0.01641827003206946
1,2018-04-09,0.016418496427815843
1,2018-04-10,0.01641895336471733
1,2018-04-11,0.016419634711834514
1,2018-04-12,0.01642053187672218
1,2018-04-13,0.016421634329809993
1,2018-04-14,0.016422927882539254
1,2018-04-15,0.01642439622808946
1,2018-04-16,0.016426020365171597
1,2018-04-17,0.016427778838059993
1,2018-04-18,0.016429647973521453
1,2018-04-19,0.016431602141651246
1,2018-04-20,0.016433613819687613
1,2018-04-21,0.01643565427833192
1,2018-04-22,0.01643769395954136
1,2018-04-23,0.016439702847978396
1,2018-04-24,0.016441651413258623
1,2018-04-25,0.01644351074988107
1,2018-04-26,0.016445252677102267
1,2018-04-27,0.016446850260029258
1,2018-04-28,0.016448278570055895
1,2018-04-29,0.01644951530136046
1,2018-04-30,0.01645054070618747
1,2018-05-01,0.016451337931718216
1,2018-05-02,0.016451892907422796
1,2018-05-03,0.016452195001582393
1,2018-05-04,0.01645223814297018
1,2018-05-05,0.0164520201610446
1,2018-05-06,0.016451543610613184
1,2018-05-07,0.016450814984630587
1,2018-05-08,0.016449844632303635
1,2018-05-09,0.016448646705845657
1,2018-05-10,0.016447238767410298
1,2018-05-11,0.01644564137057072
1,2018-05-12,0.016443878147418295
1,2018-05-13,0.016441975503859927
1,2018-05-14,0.01643996215947179
1,2018-05-15,0.01643786839071967
1,2018-05-16,0.01643572530726984
1,2018-05-17,0.01643356435172426
1,2018-05-18,0.016431417141274593
1,2018-05-19,0.016429314698092147
1,2018-05-20,0.016427287073197443
1,2018-05-21,0.016425362460951755
1,2018-05-22,0.016423566580977697
1,2018-05-23,0.016421922121398223
1,2018-05-24,0.01642044821055806
1,2018-05-25,0.01641916033367383
1,2018-05-26,0.016418069832489713
1,2018-05-27,0.016417183725131755
1,2018-05-28,0.016416503986829062
1,2018-05-29,0.01641602759627028
1,2018-05-30,0.01641574680764174
1,2018-05-31,0.016415649569034907
1,2018-06-01,0.01641572038286743
1,2018-06-02,0.016415940636534416
1,2018-06-03,0.01641628909051157
1,2018-06-04,0.016416742320881778
1,2018-06-05,0.0164172754980558
1,2018-06-06,0.016417863211340006
1,2018-06-07,0.016418480178165388
1,2018-06-08,0.016419101803217463
1,2018-06-09,0.01641970500368903
1,2018-06-10,0.016420268753123645
1,2018-06-11,0.016420774757887894
1,2018-06-12,0.01642120817878843
1,2018-06-13,0.01642155806413078
1,2018-06-14,0.016421817712670345
1,2018-06-15,0.016421984767406722
1,2018-06-16,0.016422061036297852
1,2018-06-17,0.01642205262186512
1,2018-06-18,0.016421969595035262
1,2018-06-19,0.016421825392708558
1,2018-06-20,0.016421636613235136
1,2018-06-21,0.0164214223321302
1,2018-06-22,0.016421203601053886
1,2018-06-23,0.016421001743449546
1,2018-06-24,0.0164208380881159
1,2018-06-25,0.016420732604626547
1,2018-06-26,0.016420703347092173
1,2018-06-27,0.016420765934691967
1,2018-06-28,0.0164209330674862
1,2018-06-29,0.016421213875768503
1,2018-06-30,0.01642161293867577
1,2018-07-01,0.016422130128784494
1,2018-07-02,0.016422759943668066
1,2018-07-03,0.016423492262829943
1,2018-07-04,0.01642431249928797
1,2018-07-05,0.01642520189840334
1,2018-07-06,0.016426137869681143
1,2018-07-07,0.01642709462987764
1,2018-07-08,0.016428044379753065
1,2018-07-09,0.01642895815438525
1,2018-07-10,0.016429806860723453
1,2018-07-11,0.01643056229544162
1,2018-07-12,0.016431198419762958
1,2018-07-13,0.016431692660465173
1,2018-07-14,0.016432026488598622
1,2018-07-15,0.016432186505927544
1,2018-07-16,0.016432164563244422
1,2018-07-17,0.016431958193680662
1,2018-07-18,0.016431570998364068
1,2018-07-19,0.016431012309935402
1,2018-07-20,0.01643029657790185
1,2018-07-21,0.016429442899314084
1,2018-07-22,0.016428474339693827
1,2018-07-23,0.016427416693152248
1,2018-07-24,0.016426297473751995
1,2018-07-25,0.016425144841231646
1,2018-07-26,0.01642398633438751
1,2018-07-27,0.016422847573832805
1,2018-07-28,0.016421751159030707
1,2018-07-29,0.016420715767229206
1,2018-07-30,0.016419755122223694
1,2018-07-31,0.016418877642102075
1,2018-08-01,0.01641808619927677
1,2018-08-02,0.016417378101872125
1,2018-08-03,0.016416745440891937
1,2018-08-04,0.01641617571734012
1,2018-08-05,0.016415652529452804
1,2018-08-06,0.016415156409732293
1,2018-08-07,0.01641466597487372
1,2018-08-08,0.0164141591762758
1,2018-08-09,0.01641361470012623
1,2018-08-10,0.016413013736439174
1,2018-08-11,0.01641234076981098
1,2018-08-12,0.016411584835849983
1,2018-08-13,0.01641073994433618
1,2018-08-14,0.016409805855362995
1,2018-08-15,0.016408788239327985
1,2018-08-16,0.01640769855816253
1,2018-08-17,0.01640655382840048
1,2018-08-18,0.01640537656819974
1,2018-08-19,0.016404193945676174
1,2018-08-20,0.01640303633865025
1,2018-08-21,0.016401935970707552
1,2018-08-22,0.016400925746493704
1,2018-08-23,0.01640003817389595
1,2018-08-24,0.01639930451577389
1,2018-08-25,0.016398753076606296
1,2018-08-26,0.01639840848512334
1,2018-08-27,0.01639829022129873
1,2018-08-28,0.01639841236970891
1,2018-08-29,0.016398782915226794
1,2018-08-30,0.016399403641232057
1,2018-08-31,0.01640027021224218
1,2018-09-01,0.01640137256300034
1,2018-09-02,0.016402695087229104
1,2018-09-03,0.016404217009935565
1,2018-09-04,0.016405913625013684
1,2018-09-05,0.016407757295178644
1,2018-09-06,0.016409718145880416
1,2018-09-07,0.016411765271044793
1,2018-09-08,0.01641386758435234
1,2018-09-09,0.016415994508496606
1,2018-09-10,0.01641811672453093
1,2018-09-11,0.01642020676816463
1,2018-09-12,0.016422239428680496
1,2018-09-13,0.01642419220518148
1,2018-09-14,0.0164260453172776
1,2018-09-15,0.016427781796361708
1,2018-09-16,0.016429387255661725
1,2018-09-17,0.016430849423673483
1,2018-09-18,0.016432157615609056
1,2018-09-19,0.01643330260099272
1,2018-09-20,0.0164342767292476
1,2018-09-21,0.01643507344708023
1,2018-09-22,0.016435686788684192
1,2018-09-23,0.016436111178026257
1,2018-09-24,0.016436341532051348
1,2018-09-25,0.016436373428041582
1,2018-09-26,0.016436203313481525
1,2018-09-27,0.016435828760752395
1,2018-09-28,0.01643524874607307
1,2018-09-29,0.016434463942565623
1,2018-09-30,0.016433476976398388
1,2018-10-01,0.016432292724667695
1,2018-10-02,0.016430918643853664
1,2018-10-03,0.016429364790507224
1,2018-10-04,0.01642764510201257
1,2018-10-05,0.016425776755759708
1,2018-10-06,0.016423779717561128
1,2018-10-07,0.016421676190391442
1,2018-10-08,0.016419490044879925
1,2018-10-09,0.016417247179209143
1,2018-10-10,0.016414974997584375
1,2018-10-11,0.016412701578675745
1,2018-10-12,0.0164104546777855
1,2018-10-13,0.01640826075961319
1,2018-10-14,0.016406144459199228
1,2018-10-15,0.01640412781056726
1,2018-10-16,0.01640222984658157
1,2018-10-17,0.016400466293052134
1,2018-10-18,0.01639884992085664
1,2018-10-19,0.016397389942567585
1,2018-10-20,0.016396091968542546
1,2018-10-21,0.016394958128189835
1,2018-10-22,0.01639398717260558
1,2018-10-23,0.016393175604323088
1,2018-10-24,0.016392518760837006
1,2018-10-25,0.016392010715540955
1,2018-10-26,0.01639164493333014
1,2018-10-27,0.016391414491133467
1,2018-10-28,0.016391312821634876
1,2018-10-29,0.01639133327565627
1,2018-10-30,0.01639146951797655
1,2018-10-31,0.016391716181400937
1,2018-11-01,0.01639206915752861
1,2018-11-02,0.01639252496042631
1,2018-11-03,0.016393079978764626
1,2018-11-04,0.016393730196750195
1,2018-11-05,0.016394470622552018
1,2018-11-06,0.01639529464575227
1,2018-11-07,0.0163961938467431
1,2018-11-08,0.016397157998462312
1,2018-11-09,0.016398174475564083
1,2018-11-10,0.016399228344576453
1,2018-11-11,0.01640030220074974
1,2018-11-12,0.016401376569451315
1,2018-11-13,0.016402430259703293
1,2018-11-14,0.016403440935370488
1,2018-11-15,0.01640438581078577
1,2018-11-16,0.016405242068776804
1,2018-11-17,0.016405987957488544
1,2018-11-18,0.016406603327467417
1,2018-11-19,0.01640707021701973
1,2018-11-20,0.016407373660946706
1,2018-11-21,0.016407502154987288
1,2018-11-22,0.016407448074748882
1,2018-11-23,0.016407208248658784
1,2018-11-24,0.016406784135592378
1,2018-11-25,0.016406181263658805
1,2018-11-26,0.01640540879668446
1,2018-11-27,0.016404478881988736
1,2018-11-28,0.016403406257589803
1,2018-11-29,0.016402207763256887
1,2018-11-30,0.016400901558820215
1,2018-12-01,0.0163995066937721
1,2018-12-02,0.016398042602617964
1,2018-12-03,0.016396528459827083
1,2018-12-04,0.016394982692045146
1,2018-12-05,0.01639342285017969
1,2018-12-06,0.01639186532145588
1,2018-12-07,0.01639032553555817
1,2018-12-08,0.016388818309891723
1,2018-12-09,0.01638735734669025
1,2018-12-10,0.016385955231513222
1,2018-12-11,0.016384624059905026
1,2018-12-12,0.016383375951823584
1,2018-12-13,0.016382223082898897
1,2018-12-14,0.016381177669150676
1,2018-12-15,0.016380251678214584
1,2018-12-16,0.016379457357356627
1,2018-12-17,0.016378807500689985
1,2018-12-18,0.01637831489745406
1,2018-12-19,0.016377992555059565
1,2018-12-20,0.016377852432352784
1,2018-12-21,0.016377904993851757
1,2018-12-22,0.016378159271284977
1,2018-12-23,0.016378621259965215
1,2018-12-24,0.016379293675577045
1,2018-12-25,0.016380175293170644
1,2018-12-26,0.016381261233799772
1,2018-12-27,0.016382542576378483
1,2018-12-28,0.01638400607400247
1,2018-12-29,0.01638563402075958
1,2018-12-30,0.016387404473208165
1,2018-12-31,0.01638929179236777
1,2019-01-01,0.01639126732427037
1,2019-01-02,0.016393300744888272
1,2019-01-03,0.016395360059480956
1,2019-01-04,0.016397412717568408
1,2019-01-05,0.01639942679171025
1,2019-01-06,0.016401372051751878
1,2019-01-07,0.016403220748323285
1,2019-01-08,0.016404948234252908
1,2019-01-09,0.016406534072337317
1,2019-01-10,0.01640796299496527
1,2019-01-11,0.016409224945868175
1,2019-01-12,0.016410315189090086
1,2019-01-13,0.016411234560005115
1,2019-01-14,0.016411989179296305
1,2019-01-15,0.016412590243175155
1,2019-01-16,0.016413053659342695
1,2019-01-17,0.016413399170758403
1,2019-01-18,0.016413649302044614
1,2019-01-19,0.016413828308273815
1,2019-01-20,0.016413961461696002
1,2019-01-21,0.016414073671921853
1,2019-01-22,0.016414188566071436
1,2019-01-23,0.016414327698858845
1,2019-01-24,0.016414510095126664
1,2019-01-25,0.016414750979916414
1,2019-01-26,0.016415060676780082
1,2019-01-27,0.016415444869484954
1,2019-01-28,0.016415904502502212
1,2019-01-29,0.01641643616114545
1,2019-01-30,0.01641703263409978
1,2019-01-31,0.01641768308880405
1,2019-02-01,0.01641837379005958
1,2019-02-02,0.016419088151476406
1,2019-02-03,0.016419809017045105
1,2019-02-04,0.016420519024398842
1,2019-02-05,0.016421201880765447
1,2019-02-06,0.016421843216717198
1,2019-02-07,0.016422431487409593
1,2019-02-08,0.01642295898976033
1,2019-02-09,0.01642342220902797
1,2019-02-10,0.016423821720509393
1,2019-02-11,0.016424162901910466
1,2019-02-12,0.01642445593874601
1,2019-02-13,0.016424716002822925
1,2019-02-14,0.016424962146314732
1,2019-02-15,0.016425216826749273
1,2019-02-16,0.016425504657680536
1,2019-02-17,0.016425851644945613
1,2019-02-18,0.016426283980572064
1,2019-02-19,0.016426826615150155
1,2019-02-20,0.01642750211317072
1,2019-02-21,0.01642832947868613
1,2019-02-22,0.01642932309251025
1,2019-02-23,0.016430491542035335
1,2019-02-24,0.016431837060100214
1,2019-02-25,0.016433355007379403
1,2019-02-26,0.016435032961375228
1,2019-02-27,0.01643685173329377
1,2019-02-28,0.01643878555045469
1,2019-03-01,0.016440802558649256
1,2019-03-02,0.016442865995794538
1,2019-03-03,0.01644493478399691
1,2019-03-04,0.01644696573888694
1,2019-03-05,0.016448914359585294
1,2019-03-06,0.016450736778604282
1,2019-03-07,0.01645239053743382
1,2019-03-08,0.01645383598939308
1,2019-03-09,0.01645503755991975
1,2019-03-10,0.016455965173195215
1,2019-03-11,0.01645659528602769
1,2019-03-12,0.016456911764701092
1,2019-03-13,0.016456905798398168
1,2019-03-14,0.01645657569347789
1,2019-03-15,0.01645592735201898
1,2019-03-16,0.016454973546514446
1,2019-03-17,0.016453733891411786
1,2019-03-18,0.016452233719158316
1,2019-03-19,0.016450502929839395
1,2019-03-20,0.016448575165921187
1,2019-03-21,0.01644648661880311
1,2019-03-22,0.01644427492469382
1,2019-03-23,0.016441978329947468
1,2019-03-24,0.01643963463847777
1,2019-03-25,0.01643728104695985
1,2019-03-26,0.01643495299176928
1,2019-03-27,0.01643268366387318
1,2019-03-28,0.016430503835410094
1,2019-03-29,0.016428441322789738
1,2019-03-30,0.016426520976520267
1,2019-03-31,0.01642476446285883
1,2019-04-01,0.016423190397231925
1,2019-04-02,0.016421814220933008
1,2019-04-03,0.016420648773041488
1,2019-04-04,0.016419704339392553
1,2019-04-05,0.01641898869841657
1,2019-04-06,0.016418506961434803
1,2019-04-07,0.016418261844637873
1,2019-04-08,0.016418253965675162
1,2019-04-09,0.016418481546096646
1,2019-04-10,0.016418940733892745
1,2019-04-11,0.016419625250778457
1,2019-04-12,0.016420526221318562
1,2019-04-13,0.016421631867997596
1,2019-04-14,0.01642292791821247
1,2019-04-15,0.016424397743196695
1,2019-04-16,0.016426022348831476
1,2019-04-17,0.016427780436902448
1,2019-04-18,0.016429648490659317
1,2019-04-19,0.016431601231686473
1,2019-04-20,0.01643361168375561
1,2019-04-21,0.01643565128882682
1,2019-04-22,0.01643769065425998
1,2019-04-23,0.01643970000932182
1,2019-04-24,0.016441649379325858
1,2019-04-25,0.016443509195603195
1,2019-04-26,0.016445251129280948
1,2019-04-27,0.016446848407507087
1,2019-04-28,0.016448275956406425
1,2019-04-29,0.01644951095980377
1,2019-04-30,0.016450533282703766
1,2019-05-01,0.016451326205584028
1,2019-05-02,0.016451876516618537
1,2019-05-03,0.01645217494766191
1,2019-05-04,0.016452215869516132
1,2019-05-05,0.01645199744469785
1,2019-05-06,0.016451521953237572
1,2019-05-07,0.016450795482831102
1,2019-05-08,0.016449828158088944
1,2019-05-09,0.016448633827011193
1,2019-05-10,0.016447229695330443
1,2019-05-11,0.016445635954331274
1,2019-05-12,0.016443875764124774
1,2019-05-13,0.0164419752508897
1,2019-05-14,0.016439962806123365
1,2019-05-15,0.016437868770481208
1,2019-05-16,0.01643572462067267
1,2019-05-17,0.016433562352520522
1,2019-05-18,0.016431413792049314
1,2019-05-19,0.016429310120826827
1,2019-05-20,0.016427281416628546
1,2019-05-21,0.01642535608767852
1,2019-05-22,0.016423559947439905
1,2019-05-23,0.016421915571054373
1,2019-05-24,0.016420442108955834
1,2019-05-25,0.016419155055948362
1,2019-05-26,0.016418065388500026
1,2019-05-27,0.01641717956664738
1,2019-05-28,0.016416499390754007
1,2019-05-29,0.016416022102700156
1,2019-05-30,0.01641574045025222
1,2019-05-31,0.016415642952895784
1,2019-06-01,0.016415714373556642
1,2019-06-02,0.01641593603971619
1,2019-06-03,0.016416286660138366
1,2019-06-04,0.016416742395580917
1,2019-06-05,0.01641727806024186
1,2019-06-06,0.01641786800083968
1,2019-06-07,0.01641848634410015
1,2019-06-08,0.016419108453164206
1,2019-06-09,0.01641971093135353
1,2019-06-10,0.016420273023874127
1,2019-06-11,0.016420776826448862
1,2019-06-12,0.01642120769814745
1,2019-06-13,0.016421554787684253
1,2019-06-14,0.01642181147156969
1,2019-06-15,0.016421976109133495
1,2019-06-16,0.016422050739032797
1,2019-06-17,0.016422041577863783
1,2019-06-18,0.01642195889790729
1,2019-06-19,0.016421816010971584
1,2019-06-20,0.016421629212182532
1,2019-06-21,0.016421417334787962
1,2019-06-22,0.016421200628520625
1,2019-06-23,0.016421000071628337
1,2019-06-24,0.016420836784412977
1,2019-06-25,0.016420730969694215
1,2019-06-26,0.016420701111806456
1,2019-06-27,0.01642076329204025
1,2019-06-28,0.01642093040805785
1,2019-06-29,0.01642121149563568
1,2019-06-30,0.016421610949617874
1,2019-07-01,0.01642212849511286
1,2019-07-02,0.016422759001857242
1,2019-07-03,0.016423492417037482
1,2019-07-04,0.016424313960605515
1,2019-07-05,0.01642520444188821
1,2019-07-06,0.016426140953216525
1,2019-07-07,0.016427097540118774
1,2019-07-08,0.016428046527484082
1,2019-07-09,0.0164289591183832
1,2019-07-10,0.016429806455412407
1,2019-07-11,0.016430560510382348
1,2019-07-12,0.016431195646806184
1,2019-07-13,0.016431689356763365
1,2019-07-14,0.016432023205705523
1,2019-07-15,0.01643218363199374
1,2019-07-16,0.01643216232725159
1,2019-07-17,0.016431956742921285
1,2019-07-18,0.01643157024396898
1,2019-07-19,0.01643101185474628
1,2019-07-20,0.01643029613544958
1,2019-07-21,0.01642944226168122
1,2019-07-22,0.016428473273215408
1,2019-07-23,0.0164274149779178
1,2019-07-24,0.016426294901634258
1,2019-07-25,0.0164251411934684
1,2019-07-26,0.016423981516824705
1,2019-07-27,0.016422841701565195
1,2019-07-28,0.01642174437422723
1,2019-07-29,0.016420708150139116
1,2019-07-30,0.01641974698097756
1,2019-07-31,0.016418869291591018
1,2019-08-01,0.016418077962215095
1,2019-08-02,0.016417370329346974
1,2019-08-03,0.016416738414870912
1,2019-08-04,0.016416169385061793
1,2019-08-05,0.016415646422109128
1,2019-08-06,0.016415149836974244
1,2019-08-07,0.01641465824061404
1,2019-08-08,0.016414149898876452
1,2019-08-09,0.016413604175611735
1,2019-08-10,0.016413002410554312
1,2019-08-11,0.016412329274649792
1,2019-08-12,0.01641157378213355
1,2019-08-13,0.016410729778259085
1,2019-08-14,0.016409796842339428
1,2019-08-15,0.016408780547115892
1,2019-08-16,0.01640769228265473
1,2019-08-17,0.016406549339192323
1,2019-08-18,0.01640537392136739
1,2019-08-19,0.016404192620781285
1,2019-08-20,0.016403035410553296
1,2019-08-21,0.016401934399303757
1,2019-08-22,0.0164009227630885
1,2019-08-23,0.016400033442945106
1,2019-08-24,0.01639929811834237
1,2019-08-25,0.016398745297425597
1,2019-08-26,0.016398399595296716
1,2019-08-27,0.01639828084617512
1,2019-08-28,0.016398403000006986
1,2019-08-29,0.016398774015757102
1,2019-08-30,0.016399395680343442
1,2019-08-31,0.016400263489692493
1,2019-09-01,0.01640136697231988
1,2019-09-02,0.016402690136498064
1,2019-09-03,0.016404212324918045
1,2019-09-04,0.01640590885857968
1,2019-09-05,0.01640775213225652
1,2019-09-06,0.01640971239007102
1,2019-09-07,0.016411758818235502
1,2019-09-08,0.016413860376858592
1,2019-09-09,0.01641598659946483
1,2019-09-10,0.01641810833905999
1,2019-09-11,0.016420198253245203
1,2019-09-12,0.016422231310410436
1,2019-09-13,0.01642418508921362
1,2019-09-14,0.016426039842868303
1,2019-09-15,0.016427778300628495
1,2019-09-16,0.016429385628519075
1,2019-09-17,0.016430849081361474
1,2019-09-18,0.01643215800464228
1,2019-09-19,0.016433303512098235
1,2019-09-20,0.01643427803166172
1,2019-09-21,0.016435074898401555
1,2019-09-22,0.016435688127599404
1,2019-09-23,0.01643611222912936
1,2019-09-24,0.01643634228526603
1,2019-09-25,0.016436373989064047
1,2019-09-26,0.016436203774986065
1,2019-09-27,0.016435829118688787
1,2019-09-28,0.016435248898400458
1,2019-09-29,0.01643446342448605
1,2019-09-30,0.01643347524849657
1,2019-10-01,0.016432289437935517
1,2019-10-02,0.01643091379479028
1,2019-10-03,0.01642935907483343
1,2019-10-04,0.016427639115672146
1,2019-10-05,0.016425770697752716
1,2019-10-06,0.016423773496248815
1,2019-10-07,0.01642166991843688
1,2019-10-08,0.016419484611651543
1,2019-10-09,0.01641724377869434
1,2019-10-10,0.016414974531846954
1,2019-10-11,0.01641270430466675
1,2019-10-12,0.01641046060633791
1,2019-10-13,0.016408269897121533
1,2019-10-14,0.016406156500877865
1,2019-10-15,0.01640414218585797
1,2019-10-16,0.016402245749966227
1,2019-10-17,0.016400482953669537
1,2019-10-18,0.016398866422302094
1,2019-10-19,0.01639740524915861
1,2019-10-20,0.016396104994899678
1,2019-10-21,0.01639496770984495
1,2019-10-22,0.016393992763768416
1,2019-10-23,0.016393177567075607
1,2019-10-24,0.016392517497720555
1,2019-10-25,0.01639200666209329
1,2019-10-26,0.016391638242468896
1,2019-10-27,0.01639140477929469
1,2019-10-28,0.016391299770532556
1,2019-10-29,0.0163913171691283
1,2019-10-30,0.01639145158720136
1,2019-10-31,0.016391698082229626
1,2019-11-01,0.016392052252566982
1,2019-11-02,0.01639250999518212
1,2019-11-03,0.016393067169921827
1,2019-11-04,0.0163937193943424
1,2019-11-05,0.016394461467499656
1,2019-11-06,0.016395286940382562
1,2019-11-07,0.01639618761608027
1,2019-11-08,0.016397153070952613
1,2019-11-09,0.016398170457182223
1,2019-11-10,0.01639922471502239
1,2019-11-11,0.016400298454978823
1,2019-11-12,0.01640137232728456
1,2019-11-13,0.016402425230805824
1,2019-11-14,0.01640343499296578
1,2019-11-15,0.016404378914887514
1,2019-11-16,0.016405234141066122
1,2019-11-17,0.016405978845244938
1,2019-11-18,0.01640659290899259
1,2019-11-19,0.016407058706733778
1,2019-11-20,0.01640736157187461
1,2019-11-21,0.016407490421349404
1,2019-11-22,0.016407437958864728
1,2019-11-23,0.016407200728599938
1,2019-11-24,0.016406779531899396
1,2019-11-25,0.016406179265948288
1,2019-11-26,0.016405408628337132
1,2019-11-27,0.01640447959748452
1,2019-11-28,0.016403406926782976
1,2019-11-29,0.016402207635761838
1,2019-11-30,0.01640090038028041
1,2019-12-01,0.016399504425261988
1,2019-12-02,0.01639803936099522
1,2019-12-03,0.01639652451908657
1,2019-12-04,0.016394978563397434
1,2019-12-05,0.01639341918545447
1,2019-12-06,0.016391862877387853
1,2019-12-07,0.01639032484889702
1,2019-12-08,0.01638881922285766
1,2019-12-09,0.016387359164920356
1,2019-12-10,0.016385957153877313
1,2019-12-11,0.016384625259980006
1,2019-12-12,0.016383375463459533
1,2019-12-13,0.01638222012610999
1,2019-12-14,0.016381171771692057
1,2019-12-15,0.016380243148925118
1,2019-12-16,0.016379447221497895
1,2019-12-17,0.016378797266619338
1,2019-12-18,0.0163783063083146
1,2019-12-19,0.016377986991809434
1,2019-12-20,0.01637785101834467
1,2019-12-21,0.016377908329231094
1,2019-12-22,0.016378166922657318
1,2019-12-23,0.016378632124464026
1,2019-12-24,0.01637930606343269
1,2019-12-25,0.016380188036070987
1,2019-12-26,0.016381273209970574
1,2019-12-27,0.01638255310258185
1,2019-12-28,0.016384014464129973
1,2019-12-29,0.01638563991006475
1,2019-12-30,0.016387407608533716
1,2019-12-31,0.016389292502590934
1,2020-01-01,0.016391266611677398
1,2020-01-02,0.01639329936498423
1,2020-01-03,0.016395358729457934
1,2020-01-04,0.016397412036652362
1,2020-01-05,0.016399427058466715
1,2020-01-06,0.01640137316953411
1,2020-01-07,0.016403222050775233
1,2020-01-08,0.01640494929446598
1,2020-01-09,0.016406534796497577
1,2020-01-10,0.01640796337728818
1,2020-01-11,0.016409225083368784
1,2020-01-12,0.016410315317240166
1,2020-01-13,0.016411234878624146
1,2020-01-14,0.016411990116224094
1,2020-01-15,0.016412592335058283
1,2020-01-16,0.016413057422906715
1,2020-01-17,0.01641340486558771
1,2020-01-18,0.01641365696555484
1,2020-01-19,0.01641383809271736
1,2020-01-20,0.016413973351919586
1,2020-01-21,0.01641408763293522
1,2020-01-22,0.016414203892019974
1,2020-01-23,0.01641434309613621
1,2020-01-24,0.01641452379238803
1,2020-01-25,0.016414761208190156
1,2020-01-26,0.016415066555983574
1,2020-01-27,0.016415446087834573
1,2020-01-28,0.016415901645813375
1,2020-01-29,0.016416430342805943
1,2020-01-30,0.016417025006432075
1,2020-01-31,0.016417674699515904
1,2020-02-01,0.01641836527695654
1,2020-02-02,0.01641908031525029
1,2020-02-03,0.01641980247479709
1,2020-02-04,0.016420514418699853
1,2020-02-05,0.01642119976241108
1,2020-02-06,0.016421843767630485
1,2020-02-07,0.016422434583556866
1,2020-02-08,0.0164229638207619
1,2020-02-09,0.01642342749629596
1,2020-02-10,0.01642382619935663
1,2020-02-11,0.01642416598626131
1,2020-02-12,0.016424457647809813
1,2020-02-13,0.01642471632964264
1,2020-02-14,0.016424961153410397
1,2020-02-15,0.01642521463020069
1,2020-02-16,0.016425501219918516
1,2020-02-17,0.016425846850293198
1,2020-02-18,0.01642627764470503
1,2020-02-19,0.016426818728327564
1,2020-02-20,0.01642749298789986
1,2020-02-21,0.016428319723876015
1,2020-02-22,0.01642931335649933
1,2020-02-23,0.016430482304845475
1,2020-02-24,0.016431828460307513
1,2020-02-25,0.016433346695930474
1,2020-02-26,0.016435024983085213
1,2020-02-27,0.016436844382228685
1,2020-02-28,0.016438779113023848
1,2020-02-29,0.016440797219802877
1,2020-03-01,0.016442861892593915
1,2020-03-02,0.016444932339683808
1,2020-03-03,0.01644696508987951
1,2020-03-04,0.016448915366711322
1,2020-03-05,0.016450738453746058
1,2020-03-06,0.016452391610288573
1,2020-03-07,0.0164538354116769
1,2020-03-08,0.01645503501273802
1,2020-03-09,0.016455960756296614
1,2020-03-10,0.016456589350529204
1,2020-03-11,0.01645690449870786
1,2020-03-12,0.016456897272548503
1,2020-03-13,0.016456566235971602
1,2020-03-14,0.016455917365751478
1,2020-03-15,0.01645496365651015
1,2020-03-16,0.016453724482912966
1,2020-03-17,0.01645222484679922
1,2020-03-18,0.016450494441020404
1,2020-03-19,0.016448566677279043
1,2020-03-20,0.01644647774595793
1,2020-03-21,0.01644426557785442
1,2020-03-22,0.016441968730930286
1,2020-03-23,0.016439625416706932
1,2020-03-24,0.016437272778205444
1,2020-03-25,0.016434946123952007
1,2020-03-26,0.016432678746064106
1,2020-03-27,0.016430501150225332
1,2020-03-28,0.016428441003186394
1,2020-03-29,0.016426523042760686
1,2020-03-30,0.0164247690387442
1,2020-03-31,0.016423197688978118
1,2020-04-01,0.01642182377985686
1,2020-04-02,0.016420659494788936
1,2020-04-03,0.016419714791603972
1,2020-04-04,0.016418997751801244
1,2020-04-05,0.016418514197538123
1,2020-04-06,0.016418267322408583
1,2020-04-07,0.016418258017384533
1,2020-04-08,0.016418484566855553
1,2020-04-09,0.016418942939536774
1,2020-04-10,0.016419626601225173
1,2020-04-11,0.016420526603554714
1,2020-04-12,0.016421631343070956
1,2020-04-13,0.016422926732865245
1,2020-04-14,0.01642439688195196
1,2020-04-15,0.0164260227204179
1,2020-04-16,0.01642778230445919
1,2020-04-17,0.01642965176212899
1,2020-04-18,0.016431605553175736
1,2020-04-19,0.016433616668994896
1,2020-04-20,0.016435656746408765
1,2020-04-21,0.01643769661317899
1,2020-04-22,0.016439706103626724
1,2020-04-23,0.016441655249869673
1,2020-04-24,0.016443514713187196
1,2020-04-25,0.016445256170961355
1,2020-04-26,0.016446852883386417
1,2020-04-27,0.0164482800895257
1,2020-04-28,0.016449515405550716
1,2020-04-29,0.01645053858704409
1,2020-04-30,0.01645133250700092
1,2020-05-01,0.01645188366808021
1,2020-05-02,0.016452182457099694
1,2020-05-03,0.01645222331530719
1,2020-05-04,0.016452004570208525
1,2020-05-05,0.01645152887016546
1,2020-05-06,0.01645080253361094
1,2020-05-07,0.016449835596191564
1,2020-05-08,0.01644864162909997
1,2020-05-09,0.016447237628045595
1,2020-05-10,0.016445643937604924
1,2020-05-11,0.016443884127205568
1,2020-05-12,0.016441984679084788
1,2020-05-13,0.016439973682440316
1,2020-05-14,0.01643788076400371
1,2020-05-15,0.016435736944376056
1,2020-05-16,0.01643357413743323
1,2020-05-17,0.016431424293600293
1,2020-05-18,0.016429318636001923
1,2020-05-19,0.01642728781716761
1,2020-05-20,0.016425360387455245
1,2020-05-21,0.016423562291582643
1,2020-05-22,0.01642191647272538
1,2020-05-23,0.016420442288687734
1,2020-05-24,0.016419154928072006
1,2020-05-25,0.01641806522922211
1,2020-05-26,0.016417179657961894
1,2020-05-27,0.016416499860912735
1,2020-05-28,0.016416022940616167
1,2020-05-29,0.01641574142893783
1,2020-05-30,0.0164156438748897
1,2020-05-31,0.01641571514192903
1,2020-06-01,0.016415936472075957
1,2020-06-02,0.016416286618045936
1,2020-06-03,0.016416741892656555
1,2020-06-04,0.01641727730033235
1,2020-06-05,0.016417867020951424
1,2020-06-06,0.0164184849921218
1,2020-06-07,0.016419106137741012
1,2020-06-08,0.016419707454531238
1,2020-06-09,0.01642026847461972
1,2020-06-10,0.01642077137601946
1,2020-06-11,0.016421201701236524
1,2020-06-12,0.016421548836105363
1,2020-06-13,0.016421806336094195
1,2020-06-14,0.016421971917325764
1,2020-06-15,0.016422047508627368
1,2020-06-16,0.016422039282622748
1,2020-06-17,0.016421957147975858
1,2020-06-18,0.01642181436946463
1,2020-06-19,0.016421627222936105
1,2020-06-20,0.01642141451066383
1,2020-06-21,0.016421196744302636
1,2020-06-22,0.016420995174656138
1,2020-06-23,0.016420831095038096
1,2020-06-24,0.016420724673599302
1,2020-06-25,0.016420694280645062
1,2020-06-26,0.01642075585588692
1,2020-06-27,0.016420922307936583
1,2020-06-28,0.016421202715630218
1,2020-06-29,0.01642160168497133
1,2020-06-30,0.01642211904684194
1,2020-07-01,0.016422749384626772
1,2020-07-02,0.016423482500393424
1,2020-07-03,0.01642430362296867
1,2020-07-04,0.016425193738091506
1,2020-07-05,0.016426130280872153
1,2020-07-06,0.016427087622563424
1,2020-07-07,0.016428038057117757
1,2020-07-08,0.01642895268831706
1,2020-07-09,0.01642980251074781
1,2020-07-10,0.016430559323962785
1,2020-07-11,0.016431196976403738
1,2020-07-12,0.01643169281896391
1,2020-07-13,0.01643202833806338
1,2020-07-14,0.016432190111666776
1,2020-07-15,0.016432169672956458
1,2020-07-16,0.016431964132248147
1,2020-07-17,0.016431576956727527
1,2020-07-18,0.016431017318134247
1,2020-07-19,0.016430300002335835
1,2020-07-20,0.016429444374755128
1,2020-07-21,0.01642847349541237
1,2020-07-22,0.016427413260917553
1,2020-07-23,0.016426291577157314
1,2020-07-24,0.016425137069414335
1,2020-07-25,0.01642397738973634
1,2020-07-26,0.016422838106155416
1,2020-07-27,0.016421741665338135
1,2020-07-28,0.01642070656555998
1,2020-07-29,0.016419746459015488
1,2020-07-30,0.016418869588109963
1,2020-07-31,0.016418078775345474
1,2020-08-01,0.016417371244066434
1,2020-08-02,0.016416739094066768
1,2020-08-03,0.016416169739305913
1,2020-08-04,0.01641564658448184
1,2020-08-05,0.01641515004042949
1,2020-08-06,0.01641465887371986
1,2020-08-07,0.01641415141318881
1,2020-08-08,0.01641360679054436
1,2020-08-09,0.016413006155847867
1,2020-08-10,0.016412333754540816
1,2020-08-11,0.016411578313141852
1,2020-08-12,0.01641073385349496
1,2020-08-13,0.01640980017768352
1,2020-08-14,0.016408783004768338
1,2020-08-15,0.01640769366682384
1,2020-08-16,0.016406549335185858
1,2020-08-17,0.01640537252252185
1,2020-08-18,0.01640419001328284
1,2020-08-19,0.016403031968832006
1,2020-08-20,0.016401930731256894
1,2020-08-21,0.016400919566159623
1,2020-08-22,0.016400031266187505
1,2020-08-23,0.01639929697134577
1,2020-08-24,0.016398744987923663
1,2020-08-25,0.0163983998406679
1,2020-08-26,0.016398281330874183
1,2020-08-27,0.016398403591119683
1,2020-08-28,0.016398774692586514
1,2020-08-29,0.016399396301067567
1,2020-08-30,0.016400263879011674
1,2020-08-31,0.016401367059002723
1,2020-09-01,0.016402689995137772
1,2020-09-02,0.016404212143812706
1,2020-09-03,0.016405908976894527
1,2020-09-04,0.01640775285813807
1,2020-09-05,0.016409713959743413
1,2020-09-06,0.016411761216729704
1,2020-09-07,0.016413863323135013
1,2020-09-08,0.01641598986314186
1,2020-09-09,0.016418111695501336
1,2020-09-10,0.01642020170735147
1,2020-09-11,0.016422235111995875
1,2020-09-12,0.01642418929060569
1,2020-09-13,0.016426044275926494
1,2020-09-14,0.016427782776225495
1,2020-09-15,0.016429389934374674
1,2020-09-16,0.016430853142054176
1,2020-09-17,0.01643216201771633
1,2020-09-18,0.016433307620159432
1,2020-09-19,0.01643428220126968
1,2020-09-20,0.01643507906476608
1,2020-09-21,0.01643569228267407
1,2020-09-22,0.016436116369878052
1,2020-09-23,0.01643634639716719
1,2020-09-24,0.016436378036273312
1,2020-09-25,0.016436207783584227
1,2020-09-26,0.01643583296883945
1,2020-09-27,0.016435252272732005
1,2020-09-28,0.0164344661903269
1,2020-09-29,0.016433477296412455
1,2020-09-30,0.01643229078607496
1,2020-10-01,0.016430914624006084
1,2020-10-02,0.016429359728620974
1,2020-10-03,0.016427639728340507
1,2020-10-04,0.01642577121642792
1,2020-10-05,0.016423773780704566
1,2020-10-06,0.016421669743723055
1,2020-10-07,0.016419483506426212
1,2020-10-08,0.016417241238979363
1,2020-10-09,0.016414970339759125
1,2020-10-10,0.016412698552883704
1,2020-10-11,0.01641045332381108
1,2020-10-12,0.016408260840353486
1,2020-10-13,0.01640614549359737
1,2020-10-14,0.016404129549848438
1,2020-10-15,0.016402232373497964
1,2020-10-16,0.016400470104311
1,2020-10-17,0.016398855029504448
1,2020-10-18,0.01639739581554783
1,2020-10-19,0.01639609759477683
1,2020-10-20,0.016394962511218903
1,2020-10-21,0.01639399007075443
1,2020-10-22,0.016393177271741145
1,2020-10-23,0.01639251943828736
1,2020-10-24,0.016392010455298152
1,2020-10-25,0.016391643593603348
1,2020-10-26,0.01639141175183963
1,2020-10-27,0.01639130819015959
1,2020-10-28,0.016391326985151077
1,2020-10-29,0.016391462700733637
1,2020-10-30,0.01639171052359166
1,2020-10-31,0.016392065775773474
1,2020-11-01,0.016392524167203767
1,2020-11-02,0.01639308175820696
1,2020-11-03,0.01639373435169467
1,2020-11-04,0.016394476449972967
1,2020-11-05,0.01639530126229809
1,2020-11-06,0.01639620047552331
1,2020-11-07,0.016397163789747683
1,2020-11-08,0.016398178740872637
1,2020-11-09,0.016399230525126735
1,2020-11-10,0.016400301994493986
1,2020-11-11,0.01640137384119742
1,2020-11-12,0.01640242533922882
1,2020-11-13,0.01640343451242554
1,2020-11-14,0.016404378571746644
1,2020-11-15,0.016405234499075643
1,2020-11-16,0.016405980177072715
1,2020-11-17,0.016406595324177764
1,2020-11-18,0.016407062298073653
1,2020-11-19,0.01640736654248007
1,2020-11-20,0.016407496977974088
1,2020-11-21,0.016407446061063133
1,2020-11-22,0.01640721010312739
1,2020-11-23,0.016406789540076835
1,2020-11-24,0.016406188938154525
1,2020-11-25,0.016405417267130056
1,2020-11-26,0.016404487181222827
1,2020-11-27,0.01640341406641259
1,2020-11-28,0.016402214998366665
1,2020-11-29,0.01640090840954785
1,2020-11-30,0.016399513490175245
1,2020-12-01,0.016398049461493456
1,2020-12-02,0.016396535314002533
1,2020-12-03,0.01639498927374115
1,2020-12-04,0.016393428985748325
1,2020-12-05,0.016391871056662233
1,2020-12-06,0.016390331070328584
1,2020-12-07,0.01638882346492209
1,2020-12-08,0.01638736166539883
1,2020-12-09,0.01638595822544011
1,2020-12-10,0.01638462530089971
1,2020-12-11,0.016383374811841506
1,2020-12-12,0.01638221892681613
1,2020-12-13,0.016381170074309975
1,2020-12-14,0.01638024082412393
1,2020-12-15,0.01637944403521249
1,2020-12-16,0.016378792882392197
1,2020-12-17,0.016378300557313635
1,2020-12-18,0.01637797938958407
1,2020-12-19,0.01637784108549045
1,2020-12-20,0.016377895891687897
1,2020-12-21,0.01637815205278717
1,2020-12-22,0.01637861527053123
1,2020-12-23,0.016379288282937124
1,2020-12-24,0.016380170373066005
1,2020-12-25,0.01638125669868519
1,2020-12-26,0.016382538148297345
1,2020-12-27,0.01638400127159515
1,2020-12-28,0.016385628579498858
1,2020-12-29,0.01638739837888764
1,2020-12-30,0.016389285549531337
1,2020-12-31,0.016389287025508185
1,2021-01-01,0.016391263237521974
1,2021-01-02,0.016393297564681313
1,2021-01-03,0.016395357666803924
1,2021-01-04,0.016397410854650338
1,2021-01-05,0.016399424981251083
1,2021-01-06,0.016401369831285078
1,2021-01-07,0.016403217756742767
1,2021-01-08,0.016404944589868426
1,2021-01-09,0.016406530060043327
1,2021-01-10,0.016407958616194002
1,2021-01-11,0.01640922005225484
1,2021-01-12,0.016410309645456464
1,2021-01-13,0.01641122824254516
1,2021-01-14,0.016411982309470538
1,2021-01-15,NA
1,2021-01-16,NA
1,2021-01-17,NA
1,2021-01-18,NA
1,2021-01-19,NA
1,2021-01-20,NA
1,2021-01-21,NA
1,2021-01-22,NA
1,2021-01-23,NA
1,2021-01-24,NA
1,2021-01-25,NA
1,2021-01-26,NA
1,2021-01-27,NA
1,2021-01-28,NA
1,2021-01-29,NA
1,2021-01-30,NA
1,2021-01-31,NA
1,2021-02-01,NA
1,2021-02-02,NA
1,2021-02-03,NA
1,2021-02-04,NA
1,2021-02-05,NA
1,2021-02-06,NA
1,2021-02-07,NA
1,2021-02-08,NA
1,2021-02-09,NA
1,2021-02-10,NA
1,2021-02-11,NA
1,2021-02-12,NA
1,2021-02-13,NA
1,2021-02-14,NA
1,2021-02-15,NA
1,2021-02-16,NA
1,2021-02-17,NA
1,2021-02-18,NA
1,2021-02-19,NA
1,2021-02-20,NA
1,2021-02-21,NA
1,2021-02-22,NA
1,2021-02-23,NA
1,2021-02-24,NA
1,2021-02-25,NA
1,2021-02-26,NA
1,2021-02-27,NA
1,2021-02-28,NA
1,2021-03-01,NA
1,2021-03-02,NA
1,2021-03-03,NA
1,2021-03-04,NA
1,2021-03-05,NA
1,2021-03-06,NA
1,2021-03-07,NA
1,2021-03-08,NA
1,2021-03-09,NA
1,2021-03-10,NA
1,2021-03-11,NA
1,2021-03-12,NA
1,2021-03-13,NA
1,2021-03-14,NA
1,2021-03-15,NA
1,2021-03-16,NA
1,2021-03-17,NA
1,2021-03-18,NA
1,2021-03-19,NA
1,2021-03-20,NA
1,2021-03-21,NA
1,2021-03-22,NA
1,2021-03-23,NA
1,2021-03-24,NA
1,2021-03-25,NA
1,2021-03-26,NA
1,2021-03-27,NA
1,2021-03-28,NA
1,2021-03-29,NA
1,2021-03-30,NA
1,2021-03-31,NA
1,2021-04-01,NA
1,2021-04-02,NA
1,2021-04-03,NA
1,2021-04-04,NA
1,2021-04-05,NA
1,2021-04-06,NA
1,2021-04-07,NA
1,2021-04-08,NA
1,2021-04-09,NA
1,2021-04-10,NA
1,2021-04-11,NA
1,2021-04-12,NA
1,2021-04-13,NA
1,2021-04-14,NA
1,2021-04-15,NA
1,2021-04-16,NA
1,2021-04-17,NA
1,2021-04-18,NA
1,2021-04-19,NA
1,2021-04-20,NA
1,2021-04-21,NA
1,2021-04-22,NA
1,2021-04-23,NA
1,2021-04-24,NA
1,2021-04-25,NA
1,2021-04-26,NA
1,2021-04-27,NA
1,2021-04-28,NA
1,2021-04-29,NA
1,2021-04-30,NA
1,2021-05-01,NA
1,2021-05-02,NA
1,2021-05-03,NA
1,2021-05-04,NA
1,2021-05-05,NA
1,2021-05-06,NA
1,2021-05-07,NA
1,2021-05-08,NA
1,2021-05-09,NA
1,2021-05-10,NA
1,2021-05-11,NA
1,2021-05-12,NA
1,2021-05-13,NA
1,2021-05-14,NA
1,2021-05-15,NA
1,2021-05-16,NA
1,2021-05-17,NA
1,2021-05-18,NA
1,2021-05-19,NA
1,2021-05-20,NA
1,2021-05-21,NA
1,2021-05-22,NA
1,2021-05-23,NA
1,2021-05-24,NA
1,2021-05-25,NA
1,2021-05-26,NA
1,2021-05-27,NA
1,2021-05-28,NA
1,2021-05-29,NA
1,2021-05-30,NA
1,2021-05-31,NA
1,2021-06-01,NA
1,2021-06-02,NA
1,2021-06-03,NA
1,2021-06-04,NA
1,2021-06-05,NA
1,2021-06-06,NA
1,2021-06-07,NA
1,2021-06-08,NA
1,2021-06-09,NA
1,2021-06-10,NA
1,2021-06-11,NA
1,2021-06-12,NA
1,2021-06-13,NA
1,2021-06-14,NA
1,2021-06-15,NA
1,2021-06-16,NA
1,2021-06-17,NA
1,2021-06-18,NA
1,2021-06-19,NA
1,2021-06-20,NA
1,2021-06-21,NA
1,2021-06-22,NA
1,2021-06-23,NA
1,2021-06-24,NA
1,2021-06-25,NA
1,2021-06-26,NA
1,2021-06-27,NA
1,2021-06-28,NA
1,2021-06-29,NA
1,2021-06-30,NA
1,2021-07-01,NA
1,2021-07-02,NA
1,2021-07-03,NA
1,2021-07-04,NA
1,2021-07-05,NA
1,2021-07-06,NA
1,2021-07-07,NA
1,2021-07-08,NA
1,2021-07-09,NA
1,2021-07-10,NA
1,2021-07-11,NA
1,2021-07-12,NA
1,2021-07-13,NA
1,2021-07-14,NA
1,2021-07-15,NA
1,2021-07-16,NA
1,2021-07-17,NA
1,2021-07-18,NA
1,2021-07-19,NA
1,2021-07-20,NA
1,2021-07-21,NA
1,2021-07-22,NA
1,2021-07-23,NA
1,2021-07-24,NA
1,2021-07-25,NA
1,2021-07-26,NA
1,2021-07-27,NA
1,2021-07-28,NA
1,2021-07-29,NA
1,2021-07-30,NA
1,2021-07-31,NA
1,2021-08-01,NA
1,2021-08-02,NA
1,2021-08-03,NA
1,2021-08-04,NA
1,2021-08-05,NA
1,2021-08-06,NA
1,2021-08-07,NA
1,2021-08-08,NA
1,2021-08-09,NA
1,2021-08-10,NA
1,2021-08-11,NA
1,2021-08-12,NA
1,2021-08-13,NA
1,2021-08-14,NA
1,2021-08-15,NA
1,2021-08-16,NA
1,2021-08-17,NA
1,2021-08-18,NA
1,2021-08-19,NA
1,2021-08-20,NA
1,2021-08-21,NA
1,2021-08-22,NA
1,2021-08-23,NA
1,2021-08-24,NA
1,2021-08-25,NA
1,2021-08-26,NA
1,2021-08-27,NA
1,2021-08-28,NA
1,2021-08-29,NA
1,2021-08-30,NA
1,2021-08-31,NA
1,2021-09-01,NA
1,2021-09-02,NA
1,2021-09-03,NA
1,2021-09-04,NA
1,2021-09-05,NA
1,2021-09-06,NA
1,2021-09-07,NA
1,2021-09-08,NA
1,2021-09-09,NA
1,2021-09-10,NA
1,2021-09-11,NA
1,2021-09-12,NA
1,2021-09-13,NA
1,2021-09-14,NA
1,2021-09-15,NA
1,2021-09-16,NA
1,2021-09-17,NA
1,2021-09-18,NA
1,2021-09-19,NA
1,2021-09-20,NA
1,2021-09-21,NA
1,2021-09-22,NA
1,2021-09-23,NA
1,2021-09-24,NA
1,2021-09-25,NA
1,2021-09-26,NA
1,2021-09-27,NA
1,2021-09-28,NA
1,2021-09-29,NA
1,2021-09-30,NA
1,2021-10-01,NA
1,2021-10-02,NA
1,2021-10-03,NA
1,2021-10-04,NA
1,2021-10-05,NA
1,2021-10-06,NA
1,2021-10-07,NA
1,2021-10-08,NA
1,2021-10-09,NA
1,2021-10-10,NA
1,2021-10-11,NA
1,2021-10-12,NA
1,2021-10-13,NA
1,2021-10-14,NA
1,2021-10-15,NA
1,2021-10-16,NA
1,2021-10-17,NA
1,2021-10-18,NA
1,2021-10-19,NA
1,2021-10-20,NA
1,2021-10-21,NA
1,2021-10-22,NA
1,2021-10-23,NA
1,2021-10-24,NA
1,2021-10-25,NA
1,2021-10-26,NA
1,2021-10-27,NA
1,2021-10-28,NA
1,2021-10-29,NA
1,2021-10-30,NA
1,2021-10-31,NA
1,2021-11-01,NA
1,2021-11-02,NA
1,2021-11-03,NA
1,2021-11-04,NA
1,2021-11-05,NA
1,2021-11-06,NA
1,2021-11-07,NA
1,2021-11-08,NA
1,2021-11-09,NA
1,2021-11-10,NA
1,2021-11-11,NA
1,2021-11-12,NA
1,2021-11-13,NA
1,2021-11-14,NA
1,2021-11-15,NA
1,2021-11-16,NA
1,2021-11-17,NA
1,2021-11-18,NA
1,2021-11-19,NA
1,2021-11-20,NA
1,2021-11-21,NA
1,2021-11-22,NA
1,2021-11-23,NA
1,2021-11-24,NA
1,2021-11-25,NA
1,2021-11-26,NA
1,2021-11-27,NA
1,2021-11-28,NA
1,2021-11-29,NA
1,2021-11-30,NA
1,2021-12-01,NA
1,2021-12-02,NA
1,2021-12-03,NA
1,2021-12-04,NA
1,2021-12-05,NA
1,2021-12-06,NA
1,2021-12-07,NA
1,2021-12-08,NA
1,2021-12-09,NA
1,2021-12-10,NA
1,2021-12-11,NA
1,2021-12-12,NA
1,2021-12-13,NA
1,2021-12-14,NA
1,2021-12-15,NA
1,2021-12-16,NA
1,2021-12-17,NA
1,2021-12-18,NA
1,2021-12-19,NA
1,2021-12-20,NA
1,2021-12-21,NA
1,2021-12-22,NA
1,2021-12-23,NA
1,2021-12-24,NA
1,2021-12-25,NA
1,2021-12-26,NA
1,2021-12-27,NA
1,2021-12-28,NA
1,2021-12-29,NA
1,2021-12-30,NA
1,2021-12-31,NA
1,2022-01-01,NA
1,2022-01-02,NA
1,2022-01-03,NA
1,2022-01-04,NA
1,2022-01-05,NA
1,2022-01-06,NA
1,2022-01-07,NA
1,2022-01-08,NA
1,2022-01-09,NA
1,2022-01-10,NA
1,2022-01-11,NA
1,2022-01-12,NA
1,2022-01-13,NA
1,2022-01-14,NA
1,2022-01-15,NA
1,2022-01-16,NA
1,2022-01-17,NA
1,2022-01-18,NA
1,2022-01-19,NA
