site,date,value
1,2011-01-01,-0.34494054387381967
1,2011-01-02,-0.32301402168369936
1,2011-01-03,-0.30166704046121806
1,2011-01-04,-0.31229882280282895
1,2011-01-05,-0.3188790554426648
1,2011-01-06,-0.3010088305747153
1,2011-01-07,-0.29009251993252105
1,2011-01-08,-0.31461900039110446
1,2011-01-09,-0.30690490089003525
1,2011-01-10,-0.2699148130941105
1,2011-01-11,-0.27060036889850764
1,2011-01-12,-0.3282769506034667
1,2011-01-13,-0.3385102646812084
1,2011-01-14,-0.3118625835893051
1,2011-01-15,-0.32757154853143605
1,2011-01-16,-0.313205215751511
1,2011-01-17,-0.2940406471464828
1,2011-01-18,-0.28528052549513966
1,2011-01-19,-0.2791439527272774
1,2011-01-20,-0.3271933580313945
1,2011-01-21,-0.36822244325504955
1,2011-01-22,-0.3402097373765162
1,2011-01-23,-0.3081441801365121
1,2011-01-24,-0.3191725694061032
1,2011-01-25,-0.32387567699076836
1,2011-01-26,-0.3229616783171269
1,2011-01-27,-0.3534834899592265
1,2011-01-28,-0.3599083638981565
1,2011-01-29,-0.3257472349628772
1,2011-01-30,-0.3174139887961478
1,2011-01-31,-0.3403895398504476
1,2011-02-01,-0.33382047348818716
1,2011-02-02,-0.3154084041852787
1,2011-02-03,-0.3271908779820105
1,2011-02-04,-0.3163477316857131
1,2011-02-05,-0.31743799507997134
1,2011-02-06,-0.32231096722073416
1,2011-02-07,-0.3177586791515088
1,2011-02-08,-0.31350451514770605
1,2011-02-09,-0.2772032221665911
1,2011-02-10,-0.3158610344159592
1,2011-02-11,-0.3744920789211501
1,2011-02-12,-0.34234102290825924
1,2011-02-13,-0.3322263137242086
1,2011-02-14,-0.3722238749226522
1,2011-02-15,-0.38748786264994617
1,2011-02-16,-0.3731167121752436
1,2011-02-17,-0.37555233661572757
1,2011-02-18,-0.3733571629976742
1,2011-02-19,-0.3518219855845837
1,2011-02-20,-0.36989110840594763
1,2011-02-21,-0.38123236442424274
1,2011-02-22,-0.36110571142664294
1,2011-02-23,-0.3573750080031176
1,2011-02-24,-0.3717169069806955
1,2011-02-25,-0.34688750425172893
1,2011-02-26,-0.3529933110123158
1,2011-02-27,-0.39423705058440234
1,2011-02-28,-0.37935310186064936
1,2011-03-01,-0.3191975956230749
1,2011-03-02,-0.3105025987294476
1,2011-03-03,-0.31730979722793184
1,2011-03-04,-0.32376059862018625
1,2011-03-05,-0.32581722498559307
1,2011-03-06,-0.28207008708905607
1,2011-03-07,-0.3158259667679141
1,2011-03-08,-0.34980847617895616
1,2011-03-09,-0.3416787028383049
1,2011-03-10,-0.3595186992471708
1,2011-03-11,-0.367783583339927
1,2011-03-12,-0.3386167015267263
1,2011-03-13,-0.32288878308903685
1,2011-03-14,-0.3603928775159012
1,2011-03-15,-0.3681604863519609
1,2011-03-16,-0.33447910857394314
1,2011-03-17,-0.34475637360123385
1,2011-03-18,-0.34668783576434725
1,2011-03-19,-0.32142772006142367
1,2011-03-20,-0.29416570703003675
1,2011-03-21,-0.2940675655836189
1,2011-03-22,-0.3699826467006324
1,2011-03-23,-0.4052251063337855
1,2011-03-24,-0.3486879319636321
1,2011-03-25,-0.3336244834640653
1,2011-03-26,-0.38882057008828724
1,2011-03-27,-0.38647289007566554
1,2011-03-28,-0.3500438166049204
1,2011-03-29,-0.3584050553652688
1,2011-03-30,-0.3488442566676473
1,2011-03-31,-0.34504329947493
1,2011-04-01,-0.33637720624824446
1,2011-04-02,-0.36333139342515963
1,2011-04-03,-0.4063604605158131
1,2011-04-04,-0.34459306576774057
1,2011-04-05,-0.3169703902990688
1,2011-04-06,-0.33920308990217635
1,2011-04-07,-0.3184507911974798
1,2011-04-08,-0.317594725449541
1,2011-04-09,-0.32217269266388426
1,2011-04-10,-0.33181924141418756
1,2011-04-11,-0.36008855315369775
1,2011-04-12,-0.37127824627457207
1,2011-04-13,-0.3611573214655351
1,2011-04-14,-0.33072556344254456
1,2011-04-15,-0.3236781051819053
1,2011-04-16,-0.30782744445364074
1,2011-04-17,-0.30012219554948494
1,2011-04-18,-0.31296173229081387
1,2011-04-19,-0.32495983232112463
1,2011-04-20,-0.28381551868959587
1,2011-04-21,-0.2561611920240046
1,2011-04-22,-0.28980456889073214
1,2011-04-23,-0.31350882076530023
1,2011-04-24,-0.2883757404564439
1,2011-04-25,-0.3069910473344071
1,2011-04-26,-0.36128799690408603
1,2011-04-27,-0.34062008712371056
1,2011-04-28,-0.29995009442388504
1,2011-04-29,-0.25688566456499823
1,2011-04-30,-0.24767504140448898
1,2011-05-01,-0.2835684394427534
1,2011-05-02,-0.28846036725480123
1,2011-05-03,-0.2379614047303172
1,2011-05-04,-0.20344816480512135
1,2011-05-05,-0.19719218757918447
1,2011-05-06,-0.18773513135470402
1,2011-05-07,-0.21331751836626778
1,2011-05-08,-0.20203638765811577
1,2011-05-09,-0.20245987085667325
1,2011-05-10,-0.24348573464779982
1,2011-05-11,-0.21238497123822897
1,2011-05-12,-0.11067757459498308
1,2011-05-13,-0.09569942000429434
1,2011-05-14,-0.11173150175998643
1,2011-05-15,-0.059129364429435255
1,2011-05-16,-0.05830552824295302
1,2011-05-17,-0.10765318264048507
1,2011-05-18,-0.09740232688621395
1,2011-05-19,-0.08044432797152916
1,2011-05-20,-0.07877357912319814
1,2011-05-21,-0.07224762977590533
1,2011-05-22,-0.03058964737263626
1,2011-05-23,0.047700164350375815
1,2011-05-24,0.09273304391425323
1,2011-05-25,0.00461483709030893
1,2011-05-26,0.013032902241963719
1,2011-05-27,0.09561082487652516
1,2011-05-28,0.04135294036646443
1,2011-05-29,0.05650217616190555
1,2011-05-30,0.12638971013420178
1,2011-05-31,0.11171950986660341
1,2011-06-01,0.10862842761439322
1,2011-06-02,0.12519598135430937
1,2011-06-03,0.160853655421101
1,2011-06-04,0.1832780307645654
1,2011-06-05,0.12424570460931074
1,2011-06-06,0.10311917548415124
1,2011-06-07,0.15923299599879132
1,2011-06-08,0.25377663182476845
1,2011-06-09,0.2752165137268068
1,2011-06-10,0.2234326297142307
1,2011-06-11,0.23297090990896302
1,2011-06-12,0.2637863325550289
1,2011-06-13,0.2771998537227537
1,2011-06-14,0.26601286643984534
1,2011-06-15,0.24827159998001738
1,2011-06-16,0.2970004309012247
1,2011-06-17,0.3576518345494882
1,2011-06-18,0.27762710835662374
1,2011-06-19,0.2404286984721422
1,2011-06-20,0.30224122804954484
1,2011-06-21,0.35495783549148363
1,2011-06-22,0.3218878289395433
1,2011-06-23,0.3123747516271414
1,2011-06-24,0.36381035485611674
1,2011-06-25,0.410857633698815
1,2011-06-26,0.3370221973354823
1,2011-06-27,0.2785561302781215
1,2011-06-28,0.364497256971522
1,2011-06-29,0.36346060433983235
1,2011-06-30,0.26087490061232554
1,2011-07-01,0.20582216075730278
1,2011-07-02,0.32356683213357984
1,2011-07-03,0.43518253975034066
1,2011-07-04,0.30804475447962354
1,2011-07-05,0.1795940026276129
1,2011-07-06,0.26001630336354237
1,2011-07-07,0.26807241901662876
1,2011-07-08,0.12279921140250108
1,2011-07-09,0.13968569357040989
1,2011-07-10,0.2047824371750783
1,2011-07-11,0.1451634894455042
1,2011-07-12,0.17826523461452287
1,2011-07-13,0.18836805857435399
1,2011-07-14,0.16461245368287045
1,2011-07-15,0.30624915138774583
1,2011-07-16,0.3249759466962167
1,2011-07-17,0.15274686638089902
1,2011-07-18,0.21882839221840467
1,2011-07-19,0.23221429837034882
1,2011-07-20,0.11993215992306651
1,2011-07-21,0.15098998519480358
1,2011-07-22,0.3077541506329117
1,2011-07-23,0.38793239740757274
1,2011-07-24,0.2906607830117049
1,2011-07-25,0.13429973401004583
1,2011-07-26,0.2140311706976557
1,2011-07-27,0.29807087812106864
1,2011-07-28,0.2055503549513604
1,2011-07-29,0.09778614172142826
1,2011-07-30,-0.06408188320571502
1,2011-07-31,-0.006682888109768942
1,2011-08-01,0.20987036845706936
1,2011-08-02,0.3461037951534723
1,2011-08-03,0.2663266727618479
1,2011-08-04,0.07833411124905673
1,2011-08-05,0.151869171892216
1,2011-08-06,0.30060783064353713
1,2011-08-07,0.27970748099724474
1,2011-08-08,0.18030478266172073
1,2011-08-09,0.10044034220344103
1,2011-08-10,0.057449173607764914
1,2011-08-11,0.009947092248082101
1,2011-08-12,-0.028767011397550717
1,2011-08-13,0.05833274850821474
1,2011-08-14,0.23887032621966636
1,2011-08-15,0.2417116999300004
1,2011-08-16,0.06433744034128283
1,2011-08-17,-0.05948171229899645
1,2011-08-18,-0.04864007173165948
1,2011-08-19,0.06938018723482921
1,2011-08-20,0.09618124201482034
1,2011-08-21,-1.611467998257862e-5
1,2011-08-22,-0.042356751877138485
1,2011-08-23,-0.09202485377230825
1,2011-08-24,-0.08381117688273602
1,2011-08-25,-0.031410896865733166
1,2011-08-26,0.05320206000921103
1,2011-08-27,0.14707027573432657
1,2011-08-28,0.12232530718620044
1,2011-08-29,0.11140622086763999
1,2011-08-30,0.0818028442981269
1,2011-08-31,-0.0032865164515650984
1,2011-09-01,0.021375472847293738
1,2011-09-02,0.052753871161985086
1,2011-09-03,-0.038318256061212294
1,2011-09-04,-0.024755027430049953
1,2011-09-05,0.02575185507225549
1,2011-09-06,0.0034910117431418814
1,2011-09-07,-0.016091715102956
1,2011-09-08,0.003298445872823717
1,2011-09-09,-0.019605387794980847
1,2011-09-10,-0.040970788746494444
1,2011-09-11,-0.01822390035841809
1,2011-09-12,0.005012708617855856
1,2011-09-13,-0.03647998196070739
1,2011-09-14,-0.062350576507655235
1,2011-09-15,-0.08105309545565086
1,2011-09-16,-0.15444804887720803
1,2011-09-17,-0.16980317376454204
1,2011-09-18,-0.14543193360291556
1,2011-09-19,-0.17399633061649172
1,2011-09-20,-0.1648336460703325
1,2011-09-21,-0.09110849353852485
1,2011-09-22,-0.18867275273995027
1,2011-09-23,-0.326565133976886
1,2011-09-24,-0.3267644771523894
1,2011-09-25,-0.25537691902290105
1,2011-09-26,-0.18543079668034756
1,2011-09-27,-0.1695171435516567
1,2011-09-28,-0.2946079575101127
1,2011-09-29,-0.3435967774392778
1,2011-09-30,-0.2434243635128732
1,2011-10-01,-0.2251867218332759
1,2011-10-02,-0.2901178940449701
1,2011-10-03,-0.31708925579146385
1,2011-10-04,-0.308228643597313
1,2011-10-05,-0.2847193993419703
1,2011-10-06,-0.2928329501541414
1,2011-10-07,-0.35061656380063944
1,2011-10-08,-0.3769266982390382
1,2011-10-09,-0.361351731700363
1,2011-10-10,-0.4095406697370424
1,2011-10-11,-0.43688867974609075
1,2011-10-12,-0.3832094496206371
1,2011-10-13,-0.36621460391717375
1,2011-10-14,-0.39375655690318245
1,2011-10-15,-0.41857969433063846
1,2011-10-16,-0.4344293893144761
1,2011-10-17,-0.40474485873933
1,2011-10-18,-0.37809420548378003
1,2011-10-19,-0.4046520314271093
1,2011-10-20,-0.4222192978403578
1,2011-10-21,-0.4260093898554809
1,2011-10-22,-0.4353443572868971
1,2011-10-23,-0.4106150367850608
1,2011-10-24,-0.3873089799708987
1,2011-10-25,-0.41190749947796973
1,2011-10-26,-0.43821700048883716
1,2011-10-27,-0.4382713913784438
1,2011-10-28,-0.43367759310087256
1,2011-10-29,-0.41835943278290166
1,2011-10-30,-0.40810460271715415
1,2011-10-31,-0.42832869048825534
1,2011-11-01,-0.42115687736586854
1,2011-11-02,-0.3954809520008632
1,2011-11-03,-0.40575823333468514
1,2011-11-04,-0.4114500324550312
1,2011-11-05,-0.3800254788638565
1,2011-11-06,-0.33713104618793255
1,2011-11-07,-0.35692851340432813
1,2011-11-08,-0.37250528049303355
1,2011-11-09,-0.33277438908296836
1,2011-11-10,-0.29919421525336337
1,2011-11-11,-0.2986342101098426
1,2011-11-12,-0.3044780738999523
1,2011-11-13,-0.31630180334239344
1,2011-11-14,-0.32510945052157414
1,2011-11-15,-0.31884003418393
1,2011-11-16,-0.31549109438392886
1,2011-11-17,-0.3117203361397854
1,2011-11-18,-0.31246384044162684
1,2011-11-19,-0.3340565953966475
1,2011-11-20,-0.3411940173590378
1,2011-11-21,-0.33643304201269514
1,2011-11-22,-0.34196353642394756
1,2011-11-23,-0.35410596028335317
1,2011-11-24,-0.34945087672892955
1,2011-11-25,-0.35536777785338913
1,2011-11-26,-0.36763296215586105
1,2011-11-27,-0.3745701378190618
1,2011-11-28,-0.36222763914497186
1,2011-11-29,-0.3403937580242213
1,2011-11-30,-0.33023516319467816
1,2011-12-01,-0.31499542844933376
1,2011-12-02,-0.32164177969989666
1,2011-12-03,-0.3547308681268943
1,2011-12-04,-0.34538553593534754
1,2011-12-05,-0.3302617607726301
1,2011-12-06,-0.35637937192999836
1,2011-12-07,-0.3723367373178038
1,2011-12-08,-0.35718064583497516
1,2011-12-09,-0.3514784784236702
1,2011-12-10,-0.3495166590925166
1,2011-12-11,-0.3573148812286236
1,2011-12-12,-0.385906371820637
1,2011-12-13,-0.37829756684141697
1,2011-12-14,-0.3444270754381706
1,2011-12-15,-0.36854479349795716
1,2011-12-16,-0.34755345183938874
1,2011-12-17,-0.3117973698440855
1,2011-12-18,-0.3337683901419744
1,2011-12-19,-0.343950716442688
1,2011-12-20,-0.3396416137211372
1,2011-12-21,-0.3435827401730226
1,2011-12-22,-0.3542566023380611
1,2011-12-23,-0.37180531907971753
1,2011-12-24,-0.35684937759054774
1,2011-12-25,-0.30802297014922236
1,2011-12-26,-0.3091551222339376
1,2011-12-27,-0.34357373412672676
1,2011-12-28,-0.30824543891256245
1,2011-12-29,-0.2921561048141275
1,2011-12-30,-0.3383567465108773
1,2011-12-31,-0.34471312198646
1,2012-01-01,-0.34509952148630707
1,2012-01-02,-0.3231136464267389
1,2012-01-03,-0.30173745260568025
1,2012-01-04,-0.3123702477690189
1,2012-01-05,-0.31895437077242805
1,2012-01-06,-0.3010787536492464
1,2012-01-07,-0.29015207713773905
1,2012-01-08,-0.3146746404460552
1,2012-01-09,-0.3069554431698709
1,2012-01-10,-0.2699579848564149
1,2012-01-11,-0.2706415194567703
1,2012-01-12,-0.3283363890070203
1,2012-01-13,-0.33859853197230494
1,2012-01-14,-0.3119655779052734
1,2012-01-15,-0.3276802412740534
1,2012-01-16,-0.31331921355005826
1,2012-01-17,-0.2941534570446058
1,2012-01-18,-0.2853668519840484
1,2012-01-19,-0.27921529977310766
1,2012-01-20,-0.32729593060305073
1,2012-01-21,-0.3683659439820201
1,2012-01-22,-0.34035141810308406
1,2012-01-23,-0.30822524858125405
1,2012-01-24,-0.3191889712369941
1,2012-01-25,-0.32388024892958966
1,2012-01-26,-0.323000949506576
1,2012-01-27,-0.35356564124217793
1,2012-01-28,-0.36000696435126994
1,2012-01-29,-0.3258294206750817
1,2012-01-30,-0.3174761565016573
1,2012-01-31,-0.34046297639632933
1,2012-02-01,-0.3339191821478209
1,2012-02-02,-0.31551203392615723
1,2012-02-03,-0.3272852531508379
1,2012-02-04,-0.31643333654570255
1,2012-02-05,-0.31751605870195826
1,2012-02-06,-0.3223491208757787
1,2012-02-07,-0.31772956588296436
1,2012-02-08,-0.3134524502310823
1,2012-02-09,-0.27718545436165054
1,2012-02-10,-0.3159283616876872
1,2012-02-11,-0.37467999413026865
1,2012-02-12,-0.3426001566634284
1,2012-02-13,-0.33246338709107104
1,2012-02-14,-0.37238715543376827
1,2012-02-15,-0.38760594727106407
1,2012-02-16,-0.37322372038448576
1,2012-02-17,-0.3756634780648183
1,2012-02-18,-0.3734806791289763
1,2012-02-19,-0.3519221623506261
1,2012-02-20,-0.3699348505558416
1,2012-02-21,-0.3812458034940548
1,2012-02-22,-0.36113378970642884
1,2012-02-23,-0.35744597710012266
1,2012-02-24,-0.3718168439140241
1,2012-02-25,-0.34696201238274604
1,2012-02-26,-0.35304455853722744
1,2012-02-27,-0.39430171103020756
1,2012-02-28,-0.37942264535224834
1,2012-02-29,-0.31925467083398085
1,2012-03-01,-0.3105391809472619
1,2012-03-02,-0.3173138612518596
1,2012-03-03,-0.32373376963762207
1,2012-03-04,-0.3257615946984234
1,2012-03-05,-0.28200316052648317
1,2012-03-06,-0.31580232979530887
1,2012-03-07,-0.34984124438741154
1,2012-03-08,-0.3417397607714176
1,2012-03-09,-0.35958492090774735
1,2012-03-10,-0.36783189572383007
1,2012-03-11,-0.3386300185539867
1,2012-03-12,-0.32289097293051383
1,2012-03-13,-0.36043123423904344
1,2012-03-14,-0.3682266898783778
1,2012-03-15,-0.334524886414786
1,2012-03-16,-0.34475468243414104
1,2012-03-17,-0.34664648362781103
1,2012-03-18,-0.3213824349439376
1,2012-03-19,-0.2941356543115034
1,2012-03-20,-0.29407028455855166
1,2012-03-21,-0.37002659218780487
1,2012-03-22,-0.40527249688606654
1,2012-03-23,-0.3487076281473005
1,2012-03-24,-0.33364326295661023
1,2012-03-25,-0.3888692070503673
1,2012-03-26,-0.3865396561221942
1,2012-03-27,-0.35012730000356707
1,2012-03-28,-0.3585184541589172
1,2012-03-29,-0.3489781799812599
1,2012-03-30,-0.3451984662880296
1,2012-03-31,-0.3365456343058654
1,2012-04-01,-0.3635153456266407
1,2012-04-02,-0.40655814843349714
1,2012-04-03,-0.3447552963878122
1,2012-04-04,-0.3170968790307273
1,2012-04-05,-0.3393159086416361
1,2012-04-06,-0.3185701040994898
1,2012-04-07,-0.3177455865275567
1,2012-04-08,-0.32235160720697675
1,2012-04-09,-0.3320367325073507
1,2012-04-10,-0.360378457905805
1,2012-04-11,-0.3716365140990781
1,2012-04-12,-0.36151803024296947
1,2012-04-13,-0.33104296039324416
1,2012-04-14,-0.32398427188692647
1,2012-04-15,-0.30812639251826146
1,2012-04-16,-0.3004088697933464
1,2012-04-17,-0.31326369105258756
1,2012-04-18,-0.32529330689591185
1,2012-04-19,-0.28410661895489625
1,2012-04-20,-0.2564432744792067
1,2012-04-21,-0.29021870876914735
1,2012-04-22,-0.3139968218819214
1,2012-04-23,-0.28878104878715005
1,2012-04-24,-0.30740659490432853
1,2012-04-25,-0.3618334220860248
1,2012-04-26,-0.34117802702747513
1,2012-04-27,-0.30036539243267746
1,2012-04-28,-0.25707724618735167
1,2012-04-29,-0.24771369971276422
1,2012-04-30,-0.2836031658952307
1,2012-05-01,-0.28858483545956226
1,2012-05-02,-0.23817459951931835
1,2012-05-03,-0.203656445056228
1,2012-05-04,-0.19732766854156
1,2012-05-05,-0.1877937139304186
1,2012-05-06,-0.2133143035277874
1,2012-05-07,-0.20200204397617463
1,2012-05-08,-0.20250294301613805
1,2012-05-09,-0.2437599934289782
1,2012-05-10,-0.21286908913417907
1,2012-05-11,-0.11111374224981999
1,2012-05-12,-0.0958810688477268
1,2012-05-13,-0.11169580010010487
1,2012-05-14,-0.059060223710168384
1,2012-05-15,-0.058383839868197895
1,2012-05-16,-0.1081106206924848
1,2012-05-17,-0.09837022105294767
1,2012-05-18,-0.0818844869696126
1,2012-05-19,-0.080735365771729
1,2012-05-20,-0.07460067519656481
1,2012-05-21,-0.03321331634464189
1,2012-05-22,0.04493842740060334
1,2012-05-23,0.09008941705845398
1,2012-05-24,0.002370074442019618
1,2012-05-25,0.01139399917900968
1,2012-05-26,0.09423378783669004
1,2012-05-27,0.04006067649406811
1,2012-05-28,0.05554940789917989
1,2012-05-29,0.12586873348305463
1,2012-05-30,0.1115613655499079
1,2012-05-31,0.1086140008479072
1,2012-06-01,0.12504456706028144
1,2012-06-02,0.16025539355880053
1,2012-06-03,0.18209137935843278
1,2012-06-04,0.1227521015929067
1,2012-06-05,0.10167318519032292
1,2012-06-06,0.15808168316420143
1,2012-06-07,0.25306850551332427
1,2012-06-08,0.27472487349155505
1,2012-06-09,0.22299969647812934
1,2012-06-10,0.23268354410286277
1,2012-06-11,0.2633750939435771
1,2012-06-12,0.276310360800223
1,2012-06-13,0.2647774002272586
1,2012-06-14,0.24715660800931655
1,2012-06-15,0.2961959465413604
1,2012-06-16,0.3567698054989721
1,2012-06-17,0.27635912887412584
1,2012-06-18,0.23910946008915945
1,2012-06-19,0.3014731540684186
1,2012-06-20,0.35477366498838575
1,2012-06-21,0.32188557081066305
1,2012-06-22,0.31236219461092934
1,2012-06-23,0.3638136891823821
1,2012-06-24,0.41082929508081756
1,2012-06-25,0.33689058256726523
1,2012-06-26,0.2783730739769073
1,2012-06-27,0.36434807852545886
1,2012-06-28,0.3634055093790974
1,2012-06-29,0.2608495023109822
1,2012-06-30,0.20538307961692015
1,2012-07-01,0.3224919564669011
1,2012-07-02,0.4339223221803805
1,2012-07-03,0.30708347883272913
1,2012-07-04,0.179162837339663
1,2012-07-05,0.2600635492142765
1,2012-07-06,0.26809961544756106
1,2012-07-07,0.12250914850757175
1,2012-07-08,0.13933648914704874
1,2012-07-09,0.2042968732897993
1,2012-07-10,0.14424289489327063
1,2012-07-11,0.17738490864059242
1,2012-07-12,0.1878318654930291
1,2012-07-13,0.1640628007978102
1,2012-07-14,0.3058516065999899
1,2012-07-15,0.3252070396638253
1,2012-07-16,0.15322279396287083
1,2012-07-17,0.21888880127803953
1,2012-07-18,0.23125536657121298
1,2012-07-19,0.11791205664758934
1,2012-07-20,0.14928128033428123
1,2012-07-21,0.30739095649585757
1,2012-07-22,0.3882854608024508
1,2012-07-23,0.2906552363305858
1,2012-07-24,0.13359544758166814
1,2012-07-25,0.21324490996777992
1,2012-07-26,0.29715288177818605
1,2012-07-27,0.20409295364376323
1,2012-07-28,0.09677152100943358
1,2012-07-29,-0.06319074997740526
1,2012-07-30,-0.0043413167558026
1,2012-07-31,0.21165130131492618
1,2012-08-01,0.3467467532525446
1,2012-08-02,0.26670404362318545
1,2012-08-03,0.07901396236292305
1,2012-08-04,0.15240704726036156
1,2012-08-05,0.3004860889846353
1,2012-08-06,0.2793076635145424
1,2012-08-07,0.18042624836550097
1,2012-08-08,0.10170684637298051
1,2012-08-09,0.059962803691860744
1,2012-08-10,0.013136301822008013
1,2012-08-11,-0.02598121252975446
1,2012-08-12,0.060224885437548836
1,2012-08-13,0.24001775303949052
1,2012-08-14,0.24307502710002574
1,2012-08-15,0.06675775667719303
1,2012-08-16,-0.05642069211505389
1,2012-08-17,-0.04593069865021661
1,2012-08-18,0.07105685966789134
1,2012-08-19,0.09685501889231236
1,2012-08-20,3.1262783414413934e-4
1,2012-08-21,-0.04181820428198687
1,2012-08-22,-0.09141771020909834
1,2012-08-23,-0.0835247718881547
1,2012-08-24,-0.03132593070237538
1,2012-08-25,0.05318160177370291
1,2012-08-26,0.14679514700310312
1,2012-08-27,0.12184092160681306
1,2012-08-28,0.11103217627218272
1,2012-08-29,0.081571417176111
1,2012-08-30,-0.003787514150504914
1,2012-08-31,0.020560765110867706
1,2012-09-01,0.052095853645583674
1,2012-09-02,-0.03855252144989274
1,2012-09-03,-0.02466401622705344
1,2012-09-04,0.02603465124425081
1,2012-09-05,0.0038441301579842566
1,2012-09-06,-0.015873178689804222
1,2012-09-07,0.0029068328157616534
1,2012-09-08,-0.020448852020645614
1,2012-09-09,-0.04138518797265377
1,2012-09-10,-0.01833339673693371
1,2012-09-11,0.004282094765083123
1,2012-09-12,-0.037581388926934876
1,2012-09-13,-0.06304265991360378
1,2012-09-14,-0.08123828528703654
1,2012-09-15,-0.15442863594537037
1,2012-09-16,-0.16973760818071065
1,2012-09-17,-0.14535147216726707
1,2012-09-18,-0.17417650385216796
1,2012-09-19,-0.1652976916168959
1,2012-09-20,-0.09141335149128431
1,2012-09-21,-0.1887575007141978
1,2012-09-22,-0.32683856275566003
1,2012-09-23,-0.3271879540547621
1,2012-09-24,-0.2555706822189503
1,2012-09-25,-0.18539791649028442
1,2012-09-26,-0.1693355775991624
1,2012-09-27,-0.29445699400951064
1,2012-09-28,-0.3438553331336915
1,2012-09-29,-0.24400290324837218
1,2012-09-30,-0.2259988881481523
1,2012-10-01,-0.2913063411263085
1,2012-10-02,-0.31848464237046875
1,2012-10-03,-0.30938922782707395
1,2012-10-04,-0.28538142732805183
1,2012-10-05,-0.2931751867385791
1,2012-10-06,-0.35086587302143396
1,2012-10-07,-0.3771065396042744
1,2012-10-08,-0.36162288163545775
1,2012-10-09,-0.41007322261068935
1,2012-10-10,-0.43748447927704354
1,2012-10-11,-0.3835646870368948
1,2012-10-12,-0.36623829207740716
1,2012-10-13,-0.39358312752361857
1,2012-10-14,-0.418483987720808
1,2012-10-15,-0.43450107345542294
1,2012-10-16,-0.40487244949596074
1,2012-10-17,-0.37818848028461255
1,2012-10-18,-0.4046772172083099
1,2012-10-19,-0.42221512303824116
1,2012-10-20,-0.42603056168726305
1,2012-10-21,-0.4353405274064824
1,2012-10-22,-0.41053598532491475
1,2012-10-23,-0.387247770896546
1,2012-10-24,-0.41197249435828537
1,2012-10-25,-0.4384023765238328
1,2012-10-26,-0.4385589737946006
1,2012-10-27,-0.4340750408555395
1,2012-10-28,-0.4188308518932874
1,2012-10-29,-0.40863831520824506
1,2012-10-30,-0.4290218703932444
1,2012-10-31,-0.4220377905633986
1,2012-11-01,-0.3963396334413493
1,2012-11-02,-0.4063094598014679
1,2012-11-03,-0.4117142886158844
1,2012-11-04,-0.3802413318785783
1,2012-11-05,-0.33741903535973616
1,2012-11-06,-0.3572762263273833
1,2012-11-07,-0.37282356908761777
1,2012-11-08,-0.33299113406591213
1,2012-11-09,-0.2993537452800807
1,2012-11-10,-0.29880988329087
1,2012-11-11,-0.30467635696393314
1,2012-11-12,-0.31652055092962406
1,2012-11-13,-0.3253852121605625
1,2012-11-14,-0.3191714940602387
1,2012-11-15,-0.3158053135040054
1,2012-11-16,-0.3119582285810282
1,2012-11-17,-0.3125970148136197
1,2012-11-18,-0.334117623727466
1,2012-11-19,-0.34127854733769897
1,2012-11-20,-0.3365633753462196
1,2012-11-21,-0.3420482581746635
1,2012-11-22,-0.35409692657118397
1,2012-11-23,-0.349433122101364
1,2012-11-24,-0.35542287686493557
1,2012-11-25,-0.36774291414573085
1,2012-11-26,-0.3746731430504649
1,2012-11-27,-0.36235166217483916
1,2012-11-28,-0.34064770737607386
1,2012-11-29,-0.3306228070015428
1,2012-11-30,-0.3153887540926317
1,2012-12-01,-0.3219703075931984
1,2012-12-02,-0.35497425395244686
1,2012-12-03,-0.34554438744917804
1,2012-12-04,-0.33039743000015515
1,2012-12-05,-0.3565407762199093
1,2012-12-06,-0.3724655056576347
1,2012-12-07,-0.3571770142581463
1,2012-12-08,-0.35138244715640904
1,2012-12-09,-0.34943710548660384
1,2012-12-10,-0.3572810030015028
1,2012-12-11,-0.3858994723573623
1,2012-12-12,-0.37829453556391657
1,2012-12-13,-0.34439847945394136
1,2012-12-14,-0.36847804253856575
1,2012-12-15,-0.3474767684730188
1,2012-12-16,-0.3117232971717478
1,2012-12-17,-0.33366768558935245
1,2012-12-18,-0.34381597612148956
1,2012-12-19,-0.3394874526431856
1,2012-12-20,-0.3433995374699272
1,2012-12-21,-0.3540523313483881
1,2012-12-22,-0.37161268475567927
1,2012-12-23,-0.3567015566103753
1,2012-12-24,-0.30792488349502356
1,2012-12-25,-0.30904524834041824
1,2012-12-26,-0.3434053925225955
1,2012-12-27,-0.30805950454373404
1,2012-12-28,-0.2919951010621109
1,2012-12-29,-0.3381840920551886
1,2012-12-30,-0.3445047512019327
1,2012-12-31,-0.3444834822348124
1,2013-01-01,-0.34489167664686066
1,2013-01-02,-0.3229804329796346
1,2013-01-03,-0.3016335682031452
1,2013-01-04,-0.3122334927626147
1,2013-01-05,-0.31879211879085595
1,2013-01-06,-0.300934634341569
1,2013-01-07,-0.2900458192309895
1,2013-01-08,-0.3145979118960077
1,2013-01-09,-0.30690772383382503
1,2013-01-10,-0.2699239564329472
1,2013-01-11,-0.27058291139074087
1,2013-01-12,-0.32822794016304274
1,2013-01-13,-0.3384635088384112
1,2013-01-14,-0.31185055188141847
1,2013-01-15,-0.327595548120307
1,2013-01-16,-0.31325292427726814
1,2013-01-17,-0.2941039799307547
1,2013-01-18,-0.28534106382400376
1,2013-01-19,-0.27919082701318637
1,2013-01-20,-0.32724368673227366
1,2013-01-21,-0.3682893766990236
1,2013-01-22,-0.34028083067076736
1,2013-01-23,-0.30819166528105324
1,2013-01-24,-0.319187208626788
1,2013-01-25,-0.32388428476629116
1,2013-01-26,-0.32299464110733195
1,2013-01-27,-0.35354841126323117
1,2013-01-28,-0.35999280679346984
1,2013-01-29,-0.32582903221855825
1,2013-01-30,-0.31748412992332375
1,2013-01-31,-0.340467944130214
1,2013-02-01,-0.3339152714737802
1,2013-02-02,-0.31550505549127883
1,2013-02-03,-0.3272788230191648
1,2013-02-04,-0.31642181329397817
1,2013-02-05,-0.3174974564131939
1,2013-02-06,-0.3223340746815037
1,2013-02-07,-0.31772910776571955
1,2013-02-08,-0.3134556330933842
1,2013-02-09,-0.2771698931064507
1,2013-02-10,-0.31587602690618216
1,2013-02-11,-0.37457511857121406
1,2013-02-12,-0.3424544605971424
1,2013-02-13,-0.33233678097025227
1,2013-02-14,-0.37232296582678115
1,2013-02-15,-0.3875820170908546
1,2013-02-16,-0.3732076502233128
1,2013-02-17,-0.3756381510828653
1,2013-02-18,-0.37343105665631215
1,2013-02-19,-0.3518656079167971
1,2013-02-20,-0.36990990891008646
1,2013-02-21,-0.3812552548174337
1,2013-02-22,-0.3611500521754415
1,2013-02-23,-0.3574229216296379
1,2013-02-24,-0.37171509188142715
1,2013-02-25,-0.3468230234679826
1,2013-02-26,-0.35295052057418985
1,2013-02-27,-0.39425026614638015
1,2013-02-28,-0.3793868794134207
1,2013-03-01,-0.3192334581292918
1,2013-03-02,-0.31051847036936847
1,2013-03-03,-0.317268784678464
1,2013-03-04,-0.32365901699764615
1,2013-03-05,-0.32567053164043674
1,2013-03-06,-0.2819191783265904
1,2013-03-07,-0.3157288963641845
1,2013-03-08,-0.3497584506964265
1,2013-03-09,-0.34164372525815784
1,2013-03-10,-0.35949043606573894
1,2013-03-11,-0.36774430367876154
1,2013-03-12,-0.33854801315653055
1,2013-03-13,-0.32282170676848837
1,2013-03-14,-0.3603838555653196
1,2013-03-15,-0.3681916386867308
1,2013-03-16,-0.33448735984239225
1,2013-03-17,-0.344697920946698
1,2013-03-18,-0.34657209953130497
1,2013-03-19,-0.3213026170157797
1,2013-03-20,-0.2940527221915907
1,2013-03-21,-0.2939885534832603
1,2013-03-22,-0.3699125922428604
1,2013-03-23,-0.4051043673690654
1,2013-03-24,-0.34852752412041965
1,2013-03-25,-0.3335061761902826
1,2013-03-26,-0.3887797152968575
1,2013-03-27,-0.3864854446889122
1,2013-03-28,-0.3500980066905811
1,2013-03-29,-0.35849948331483256
1,2013-03-30,-0.34896565819747233
1,2013-03-31,-0.3451898463305511
1,2013-04-01,-0.3365282660173556
1,2013-04-02,-0.3634699701430972
1,2013-04-03,-0.40648555538522657
1,2013-04-04,-0.34469941790213454
1,2013-04-05,-0.31706335155654164
1,2013-04-06,-0.3392855037986309
1,2013-04-07,-0.31856085270136325
1,2013-04-08,-0.31775707858175206
1,2013-04-09,-0.32234805922774573
1,2013-04-10,-0.33197188389929877
1,2013-04-11,-0.3602361484511774
1,2013-04-12,-0.37146063631051907
1,2013-04-13,-0.36136746705850686
1,2013-04-14,-0.3309216377302501
1,2013-04-15,-0.32386099170497734
1,2013-04-16,-0.30798266927660506
1,2013-04-17,-0.300254852897087
1,2013-04-18,-0.3131426498869594
1,2013-04-19,-0.325227252733453
1,2013-04-20,-0.28408989844827387
1,2013-04-21,-0.25645021585932565
1,2013-04-22,-0.29021306653673457
1,2013-04-23,-0.31397193624527875
1,2013-04-24,-0.28875986830315525
1,2013-04-25,-0.3073781301940452
1,2013-04-26,-0.36176984192699774
1,2013-04-27,-0.341086021507559
1,2013-04-28,-0.30028064443032493
1,2013-04-29,-0.25704244940352183
1,2013-04-30,-0.24773115880248575
1,2013-05-01,-0.28362779441376484
1,2013-05-02,-0.28854878837195863
1,2013-05-03,-0.23807581589669458
1,2013-05-04,-0.203629212796
1,2013-05-05,-0.19742284195102835
1,2013-05-06,-0.18790804073786388
1,2013-05-07,-0.2133802919581377
1,2013-05-08,-0.20202143045872478
1,2013-05-09,-0.2024351573067091
1,2013-05-10,-0.24335563695384113
1,2013-05-11,-0.21206511036616693
1,2013-05-12,-0.11033273400689753
1,2013-05-13,-0.0954745888409416
1,2013-05-14,-0.11157987820108117
1,2013-05-15,-0.05896046399131066
1,2013-05-16,-0.058063530552399066
1,2013-05-17,-0.10728484451701031
1,2013-05-18,-0.0969882061642583
1,2013-05-19,-0.08010638345415919
1,2013-05-20,-0.0783513216844313
1,2013-05-21,-0.07155482645107326
1,2013-05-22,-0.029765496673168034
1,2013-05-23,0.04842089810637247
1,2013-05-24,0.09343459420176167
1,2013-05-25,0.005366729422423959
1,2013-05-26,0.01364714033936917
1,2013-05-27,0.09612363621048796
1,2013-05-28,0.04179593446450671
1,2013-05-29,0.056817613066696956
1,2013-05-30,0.12665614494153316
1,2013-05-31,0.11194270721801694
1,2013-06-01,0.10873285840998921
1,2013-06-02,0.12512961092463734
1,2013-06-03,0.1606063687679096
1,2013-06-04,0.18297363941286046
1,2013-06-05,0.1241549861415354
1,2013-06-06,0.10339798218001754
1,2013-06-07,0.15980053128248134
1,2013-06-08,0.25449067623480487
1,2013-06-09,0.276009255686341
1,2013-06-10,0.2241994485820197
1,2013-06-11,0.2335083102115429
1,2013-06-12,0.2638577769739265
1,2013-06-13,0.276689935068159
1,2013-06-14,0.26511669600143617
1,2013-06-15,0.24743466903921357
1,2013-06-16,0.2965874372158277
1,2013-06-17,0.3575090206410511
1,2013-06-18,0.2773440329488336
1,2013-06-19,0.23988334448695983
1,2013-06-20,0.3017228513558944
1,2013-06-21,0.35479150772790335
1,2013-06-22,0.32201148873610885
1,2013-06-23,0.3126036243976953
1,2013-06-24,0.364049995086332
1,2013-06-25,0.4111282222944467
1,2013-06-26,0.3372961847058944
1,2013-06-27,0.2788061437130888
1,2013-06-28,0.3647775013858281
1,2013-06-29,0.36369921947167944
1,2013-06-30,0.26091235242259775
1,2013-07-01,0.20539262982571851
1,2013-07-02,0.3225516054824933
1,2013-07-03,0.43387067939749846
1,2013-07-04,0.30687348670669684
1,2013-07-05,0.1790050565822874
1,2013-07-06,0.26002055152460074
1,2013-07-07,0.2679288391878923
1,2013-07-08,0.1219245535593318
1,2013-07-09,0.13848240636648756
1,2013-07-10,0.2034305519783346
1,2013-07-11,0.14354983463043383
1,2013-07-12,0.1770182627823802
1,2013-07-13,0.18765588329736052
1,2013-07-14,0.16388153374170394
1,2013-07-15,0.3056766693918345
1,2013-07-16,0.32508069864864964
1,2013-07-17,0.15308453560054153
1,2013-07-18,0.2187314903326506
1,2013-07-19,0.23081284689106965
1,2013-07-20,0.11708490519016762
1,2013-07-21,0.14877007033619286
1,2013-07-22,0.3077084287195053
1,2013-07-23,0.3890445869482579
1,2013-07-24,0.29098378452348217
1,2013-07-25,0.133115023457009
1,2013-07-26,0.21238875090615675
1,2013-07-27,0.2962512750771111
1,2013-07-28,0.20324039519234952
1,2013-07-29,0.09588642184983961
1,2013-07-30,-0.06474324727891304
1,2013-07-31,-0.006725995108015393
1,2013-08-01,0.20973957301025936
1,2013-08-02,0.3462569704284216
1,2013-08-03,0.2667311957308372
1,2013-08-04,0.07834092587036998
1,2013-08-05,0.1517375429428687
1,2013-08-06,0.3007013672359705
1,2013-08-07,0.27957987330514195
1,2013-08-08,0.17989399105990375
1,2013-08-09,0.10041036348920349
1,2013-08-10,0.05814736726321418
1,2013-08-11,0.010968042067969811
1,2013-08-12,-0.028025410971362085
1,2013-08-13,0.05882186304470891
1,2013-08-14,0.23961317612398625
1,2013-08-15,0.24337072561310302
1,2013-08-16,0.06688476672132498
1,2013-08-17,-0.057041288194367705
1,2013-08-18,-0.046910631427149886
1,2013-08-19,0.07041567613223365
1,2013-08-20,0.09651927767014806
1,2013-08-21,-3.3431900554689657e-4
1,2013-08-22,-0.043091480140100814
1,2013-08-23,-0.09295419074106773
1,2013-08-24,-0.084690916678845
1,2013-08-25,-0.031939435070118455
1,2013-08-26,0.05313234182078248
1,2013-08-27,0.14728218230488746
1,2013-08-28,0.12257038297901234
1,2013-08-29,0.11157946070670545
1,2013-08-30,0.08179663076288335
1,2013-08-31,-0.0034879154798700502
1,2013-09-01,0.021297608046284507
1,2013-09-02,0.05307723550806031
1,2013-09-03,-0.037785123958155364
1,2013-09-04,-0.024248610531196035
1,2013-09-05,0.026219001163839843
1,2013-09-06,0.0039588084016046595
1,2013-09-07,-0.015791217009028
1,2013-09-08,0.002992168858706902
1,2013-09-09,-0.0203783955355793
1,2013-09-10,-0.041292886456524104
1,2013-09-11,-0.017828153027303565
1,2013-09-12,0.005241916377155749
1,2013-09-13,-0.036873027986205044
1,2013-09-14,-0.06274521527157187
1,2013-09-15,-0.08084849511835253
1,2013-09-16,-0.15355009386115873
1,2013-09-17,-0.1685224788873628
1,2013-09-18,-0.14426769349463167
1,2013-09-19,-0.17328536205203945
1,2013-09-20,-0.164419385741908
1,2013-09-21,-0.09066304546919743
1,2013-09-22,-0.18816506294257554
1,2013-09-23,-0.3261978756412441
1,2013-09-24,-0.32645723825959605
1,2013-09-25,-0.25479251048788054
1,2013-09-26,-0.18469551347823862
1,2013-09-27,-0.16905706855006172
1,2013-09-28,-0.29470410774027594
1,2013-09-29,-0.34421986318914716
1,2013-09-30,-0.24416911190796584
1,2013-10-01,-0.22588179468620484
1,2013-10-02,-0.29095110144624114
1,2013-10-03,-0.3180703025771428
1,2013-10-04,-0.30909881272889045
1,2013-10-05,-0.28526860711497365
1,2013-10-06,-0.2931649378528341
1,2013-10-07,-0.3509129569109029
1,2013-10-08,-0.37720539469018544
1,2013-10-09,-0.3617265830406041
1,2013-10-10,-0.41016821622279104
1,2013-10-11,-0.43757784255224397
1,2013-10-12,-0.3836325590689177
1,2013-10-13,-0.3663047342495283
1,2013-10-14,-0.39371028447435136
1,2013-10-15,-0.4186432575566901
1,2013-10-16,-0.43462666193826444
1,2013-10-17,-0.4049438135441542
1,2013-10-18,-0.37825640013872325
1,2013-10-19,-0.40481311541910414
1,2013-10-20,-0.42240573405660964
1,2013-10-21,-0.42622101604429613
1,2013-10-22,-0.43553059594864235
1,2013-10-23,-0.41072426922918026
1,2013-10-24,-0.38737070775482146
1,2013-10-25,-0.4119943053264317
1,2013-10-26,-0.4383605777335308
1,2013-10-27,-0.4384895231707773
1,2013-10-28,-0.43396397874227144
1,2013-10-29,-0.4186656405421226
1,2013-10-30,-0.4084669716563036
1,2013-10-31,-0.42890167724740963
1,2013-11-01,-0.4219600502000274
1,2013-11-02,-0.39629239862407734
1,2013-11-03,-0.4062968054614802
1,2013-11-04,-0.4117123946085496
1,2013-11-05,-0.3802250653452428
1,2013-11-06,-0.33739389961304933
1,2013-11-07,-0.357260312852859
1,2013-11-08,-0.37282788230306724
1,2013-11-09,-0.33301071014890593
1,2013-11-10,-0.29937822930211844
1,2013-11-11,-0.29883202838788825
1,2013-11-12,-0.3046826640777885
1,2013-11-13,-0.31652549134467906
1,2013-11-14,-0.32541356491033024
1,2013-11-15,-0.3192084286701437
1,2013-11-16,-0.3158140876357256
1,2013-11-17,-0.3119214883914281
1,2013-11-18,-0.3125389793271478
1,2013-11-19,-0.33406631875157616
1,2013-11-20,-0.3412281745964651
1,2013-11-21,-0.336502237704759
1,2013-11-22,-0.34198848556076
1,2013-11-23,-0.35405397668686106
1,2013-11-24,-0.34940037817349806
1,2013-11-25,-0.3553909695100536
1,2013-11-26,-0.36772260713188043
1,2013-11-27,-0.374672705541792
1,2013-11-28,-0.36235719676771766
1,2013-11-29,-0.34062881437099246
1,2013-11-30,-0.3305647154447888
1,2013-12-01,-0.31530548395688535
1,2013-12-02,-0.32186919919720175
1,2013-12-03,-0.35485912811122444
1,2013-12-04,-0.3454420070949662
1,2013-12-05,-0.3303161538618875
1,2013-12-06,-0.35646079317848367
1,2013-12-07,-0.372395519259958
1,2013-12-08,-0.3571647595516842
1,2013-12-09,-0.35142812359078623
1,2013-12-10,-0.34948601887097386
1,2013-12-11,-0.357305733702814
1,2013-12-12,-0.3858927402864601
1,2013-12-13,-0.3782609640231506
1,2013-12-14,-0.34437918940426754
1,2013-12-15,-0.36850931836261236
1,2013-12-16,-0.34755586978534686
1,2013-12-17,-0.3118286551271772
1,2013-12-18,-0.33378350826409203
1,2013-12-19,-0.3439365647810411
1,2013-12-20,-0.3396134431570239
1,2013-12-21,-0.3435396779999705
1,2013-12-22,-0.35419962431919233
1,2013-12-23,-0.37174899744924994
1,2013-12-24,-0.3568061461948996
1,2013-12-25,-0.3079872649815993
1,2013-12-26,-0.30909575392411504
1,2013-12-27,-0.3434751458336779
1,2013-12-28,-0.3081370730003212
1,2013-12-29,-0.2920598573861056
1,2013-12-30,-0.33825494141323137
1,2013-12-31,-0.3446050137748471
1,2014-01-01,-0.3450163389948113
1,2014-01-02,-0.3230686644816617
1,2014-01-03,-0.30169162764631763
1,2014-01-04,-0.3122820772378308
1,2014-01-05,-0.31884061556993615
1,2014-01-06,-0.30098145062944476
1,2014-01-07,-0.2900841626182748
1,2014-01-08,-0.3146310929055435
1,2014-01-09,-0.3069417602772599
1,2014-01-10,-0.26995719573124716
1,2014-01-11,-0.2706108172819418
1,2014-01-12,-0.32827362252791487
1,2014-01-13,-0.33855475685817316
1,2014-01-14,-0.31196221215853426
1,2014-01-15,-0.3276921014770077
1,2014-01-16,-0.3133404229208724
1,2014-01-17,-0.29417703221036334
1,2014-01-18,-0.2853714961784336
1,2014-01-19,-0.2792029483411251
1,2014-01-20,-0.3272786885636407
1,2014-01-21,-0.36835360897944736
1,2014-01-22,-0.34034486737897335
1,2014-01-23,-0.30820638070620504
1,2014-01-24,-0.31914113954393053
1,2014-01-25,-0.3238183575670355
1,2014-01-26,-0.3229469527751958
1,2014-01-27,-0.35352065115065034
1,2014-01-28,-0.3599710211601904
1,2014-01-29,-0.32580095738198944
1,2014-01-30,-0.31744262667737144
1,2014-01-31,-0.34042454175694337
1,2014-02-01,-0.3338889835080409
1,2014-02-02,-0.3154863810212527
1,2014-02-03,-0.32724356919180747
1,2014-02-04,-0.3163663651384185
1,2014-02-05,-0.31741508742242697
1,2014-02-06,-0.32221701164926053
1,2014-02-07,-0.3175872860087751
1,2014-02-08,-0.3133197722412019
1,2014-02-09,-0.27706098855925804
1,2014-02-10,-0.3157906612069519
1,2014-02-11,-0.37451930810153417
1,2014-02-12,-0.3424197437038927
1,2014-02-13,-0.3322936608054926
1,2014-02-14,-0.3722735938570759
1,2014-02-15,-0.38754684854907884
1,2014-02-16,-0.37318873534258046
1,2014-02-17,-0.3756188561590606
1,2014-02-18,-0.3733713178596416
1,2014-02-19,-0.35175997715519713
1,2014-02-20,-0.36982508772667844
1,2014-02-21,-0.38122652719713995
1,2014-02-22,-0.36114412699779297
1,2014-02-23,-0.35738870622129904
1,2014-02-24,-0.37163179404528746
1,2014-02-25,-0.3467303729740012
1,2014-02-26,-0.3528887235455682
1,2014-02-27,-0.3942149613435194
1,2014-02-28,-0.37936807840957776
1,2014-03-01,-0.31923182933937294
1,2014-03-02,-0.3105375353995284
1,2014-03-03,-0.3173091007316455
1,2014-03-04,-0.3237046646892517
1,2014-03-05,-0.3256976809231092
1,2014-03-06,-0.2819315975258616
1,2014-03-07,-0.3157557341566213
1,2014-03-08,-0.34981336567404325
1,2014-03-09,-0.34171950378967353
1,2014-03-10,-0.3595705294524522
1,2014-03-11,-0.36780329609935153
1,2014-03-12,-0.33857343202666823
1,2014-03-13,-0.32283010312838106
1,2014-03-14,-0.3603917102883983
1,2014-03-15,-0.3682001680872529
1,2014-03-16,-0.33449513114393403
1,2014-03-17,-0.3447014795743887
1,2014-03-18,-0.34657169722485814
1,2014-03-19,-0.32132034468237713
1,2014-03-20,-0.2940905303432885
1,2014-03-21,-0.294028433393038
1,2014-03-22,-0.369967104005893
1,2014-03-23,-0.40518249935844636
1,2014-03-24,-0.34860575527080023
1,2014-03-25,-0.3335618528072842
1,2014-03-26,-0.38881514613414203
1,2014-03-27,-0.3865025041416444
1,2014-03-28,-0.3501002882979699
1,2014-03-29,-0.35849930250958817
1,2014-03-30,-0.3489856527561332
1,2014-03-31,-0.34524166309389065
1,2014-04-01,-0.33659124666415746
1,2014-04-02,-0.3635169644373648
1,2014-04-03,-0.4065156396270377
1,2014-04-04,-0.34471700377889053
1,2014-04-05,-0.3170771762671979
1,2014-04-06,-0.3393077041119876
1,2014-04-07,-0.31858654273478404
1,2014-04-08,-0.31779159991113887
1,2014-04-09,-0.322400008106626
1,2014-04-10,-0.3320369406364205
1,2014-04-11,-0.36029395467821823
1,2014-04-12,-0.3714847469708265
1,2014-04-13,-0.3613589767847096
1,2014-04-14,-0.33091771100856143
1,2014-04-15,-0.3238799840804846
1,2014-04-16,-0.3080485527089624
1,2014-04-17,-0.3003652989705263
1,2014-04-18,-0.3132244316641701
1,2014-04-19,-0.325226920117146
1,2014-04-20,-0.28403092513659883
1,2014-04-21,-0.25635958647743406
1,2014-04-22,-0.2901070947468421
1,2014-04-23,-0.31388257972916245
1,2014-04-24,-0.2886960785911776
1,2014-04-25,-0.30730387894940775
1,2014-04-26,-0.3616513339438855
1,2014-04-27,-0.34093298975055697
1,2014-04-28,-0.3001449903004825
1,2014-04-29,-0.2570148622419212
1,2014-04-30,-0.2478137514127624
1,2014-05-01,-0.2837028639473026
1,2014-05-02,-0.2885397515102893
1,2014-05-03,-0.23793372806720162
1,2014-05-04,-0.2032774397975825
1,2014-05-05,-0.19692051567286215
1,2014-05-06,-0.18750103668059576
1,2014-05-07,-0.21326150908401675
1,2014-05-08,-0.20214123435355216
1,2014-05-09,-0.20259051510577444
1,2014-05-10,-0.2434769633187357
1,2014-05-11,-0.21216486015795114
1,2014-05-12,-0.11039085245311563
1,2014-05-13,-0.09551107565856012
1,2014-05-14,-0.11158820400988319
1,2014-05-15,-0.058961555113215776
1,2014-05-16,-0.05816656878988158
1,2014-05-17,-0.10762236921513745
1,2014-05-18,-0.09750660201749933
1,2014-05-19,-0.08060208443843384
1,2014-05-20,-0.07895535103103657
1,2014-05-21,-0.07247604458779737
1,2014-05-22,-0.030792975550456406
1,2014-05-23,0.04749965063227293
1,2014-05-24,0.09250690529420189
1,2014-05-25,0.004467131562269286
1,2014-05-26,0.013030072824887023
1,2014-05-27,0.09570404353968201
1,2014-05-28,0.04149941106473846
1,2014-05-29,0.056658560503718466
1,2014-05-30,0.12655923683044032
1,2014-05-31,0.11193910652996575
1,2014-06-01,0.10887421784988076
1,2014-06-02,0.12536304209071372
1,2014-06-03,0.16084618807295106
1,2014-06-04,0.1830897748830911
1,2014-06-05,0.12401994214426174
1,2014-06-06,0.10303033626812638
1,2014-06-07,0.15935583999448044
1,2014-06-08,0.25415493176169196
1,2014-06-09,0.2758234668080135
1,2014-06-10,0.22425416606896323
1,2014-06-11,0.23385637136158313
1,2014-06-12,0.2643868822267757
1,2014-06-13,0.27741681701787596
1,2014-06-14,0.26605737584881833
1,2014-06-15,0.24833381426938148
1,2014-06-16,0.29733397478486245
1,2014-06-17,0.3583414321916736
1,2014-06-18,0.27844201541193125
1,2014-06-19,0.24130095639071292
1,2014-06-20,0.30313161806863137
1,2014-06-21,0.35567986723707445
1,2014-06-22,0.32253245645840006
1,2014-06-23,0.3131067319386911
1,2014-06-24,0.3645352024052949
1,2014-06-25,0.41163363542435427
1,2014-06-26,0.33788380247293226
1,2014-06-27,0.27941528600038673
1,2014-06-28,0.3653563075047372
1,2014-06-29,0.36412080393787044
1,2014-06-30,0.2611749846730711
1,2014-07-01,0.2061010013841197
1,2014-07-02,0.32414900896782706
1,2014-07-03,0.4359012505456802
1,2014-07-04,0.3085937103774038
1,2014-07-05,0.17986590301759947
1,2014-07-06,0.2601902194187577
1,2014-07-07,0.2686275256089666
1,2014-07-08,0.12389932001774787
1,2014-07-09,0.14068114713143617
1,2014-07-10,0.20556141567730066
1,2014-07-11,0.1460061739494279
1,2014-07-12,0.17897782115607774
1,2014-07-13,0.18869954390986157
1,2014-07-14,0.16452430180754862
1,2014-07-15,0.3057728614732796
1,2014-07-16,0.32422678814274836
1,2014-07-17,0.15203528664701038
1,2014-07-18,0.21848470599817585
1,2014-07-19,0.23205997384164634
1,2014-07-20,0.11978030898639236
1,2014-07-21,0.15103113970883125
1,2014-07-22,0.3080272536428719
1,2014-07-23,0.3882805074274308
1,2014-07-24,0.29101324654540284
1,2014-07-25,0.1346226314417867
1,2014-07-26,0.21427797057292658
1,2014-07-27,0.29826487059703266
1,2014-07-28,0.20568627785685176
1,2014-07-29,0.09773026256810169
1,2014-07-30,-0.06434605873780685
1,2014-07-31,-0.0068204575349752805
1,2014-08-01,0.2100000815238984
1,2014-08-02,0.34644832629435646
1,2014-08-03,0.26690853242302154
1,2014-08-04,0.07907885305973635
1,2014-08-05,0.1524895446496798
1,2014-08-06,0.3009097116249776
1,2014-08-07,0.2798620136429649
1,2014-08-08,0.1804702826939842
1,2014-08-09,0.10064432052290603
1,2014-08-10,0.05769743439468177
1,2014-08-11,0.010189559935182571
1,2014-08-12,-0.028551799580077395
1,2014-08-13,0.05868174386559307
1,2014-08-14,0.23949139121222796
1,2014-08-15,0.24276786050856156
1,2014-08-16,0.06591736233786856
1,2014-08-17,-0.057599871064625864
1,2014-08-18,-0.04658575266568323
1,2014-08-19,0.07180024535893204
1,2014-08-20,0.09888935593258029
1,2014-08-21,0.0022630449200055913
1,2014-08-22,-0.04111839830243344
1,2014-08-23,-0.09123081183701608
1,2014-08-24,-0.0830089265210352
1,2014-08-25,-0.0309454137508323
1,2014-08-26,0.053367538552720334
1,2014-08-27,0.1471529964099754
1,2014-08-28,0.12232844216234776
1,2014-08-29,0.11137491022561367
1,2014-08-30,0.08191361027721622
1,2014-08-31,-0.0029642225434506663
1,2014-09-01,0.021911195023773318
1,2014-09-02,0.05346001507359709
1,2014-09-03,-0.0377023962513335
1,2014-09-04,-0.02449909644195006
1,2014-09-05,0.02567379422555383
1,2014-09-06,0.003301334489290712
1,2014-09-07,-0.01603356959253832
1,2014-09-08,0.00393314281971556
1,2014-09-09,-0.01865042455231535
1,2014-09-10,-0.04036491730920201
1,2014-09-11,-0.018187717063280415
1,2014-09-12,0.005028863103915227
1,2014-09-13,-0.03600983137086205
1,2014-09-14,-0.06182145677267571
1,2014-09-15,-0.08103410322459943
1,2014-09-16,-0.1550046279456507
1,2014-09-17,-0.1705268727250373
1,2014-09-18,-0.14581429243923347
1,2014-09-19,-0.1739701612172119
1,2014-09-20,-0.1647692237541469
1,2014-09-21,-0.09125986518962846
1,2014-09-22,-0.18887081518653642
1,2014-09-23,-0.32661564200423077
1,2014-09-24,-0.3268295933937763
1,2014-09-25,-0.2556177368193253
1,2014-09-26,-0.18568417986584582
1,2014-09-27,-0.16953805044148515
1,2014-09-28,-0.29439721566740074
1,2014-09-29,-0.3433219964816487
1,2014-09-30,-0.2431842019741595
1,2014-10-01,-0.22497240069187152
1,2014-10-02,-0.28980383818486105
1,2014-10-03,-0.31668750949838287
1,2014-10-04,-0.3079237281225319
1,2014-10-05,-0.28460373810858175
1,2014-10-06,-0.29280268716508046
1,2014-10-07,-0.35058524156865395
1,2014-10-08,-0.3769030368906651
1,2014-10-09,-0.3613463565568252
1,2014-10-10,-0.40957998655664046
1,2014-10-11,-0.43699635502679396
1,2014-10-12,-0.38334273238961125
1,2014-10-13,-0.36630915353083404
1,2014-10-14,-0.39380023999857405
1,2014-10-15,-0.4186317706381998
1,2014-10-16,-0.43452309934092187
1,2014-10-17,-0.4048503230462101
1,2014-10-18,-0.3781821256556185
1,2014-10-19,-0.40471970993029566
1,2014-10-20,-0.42228204159570615
1,2014-10-21,-0.4261251914669398
1,2014-10-22,-0.4356040781843301
1,2014-10-23,-0.4110053281912236
1,2014-10-24,-0.38767967200823394
1,2014-10-25,-0.41214886419690683
1,2014-10-26,-0.4383484000695238
1,2014-10-27,-0.43834233554806445
1,2014-10-28,-0.4337009674258414
1,2014-10-29,-0.41831888166309056
1,2014-10-30,-0.4079806551886778
1,2014-10-31,-0.4281070304495599
1,2014-11-01,-0.4208458166430228
1,2014-11-02,-0.39517057876245726
1,2014-11-03,-0.40556608674811057
1,2014-11-04,-0.4113567695867108
1,2014-11-05,-0.37993108585422936
1,2014-11-06,-0.33700314024523703
1,2014-11-07,-0.35679835328027026
1,2014-11-08,-0.3724050294665111
1,2014-11-09,-0.3327149784932652
1,2014-11-10,-0.2991585581707426
1,2014-11-11,-0.29859880395402644
1,2014-11-12,-0.30444511530862906
1,2014-11-13,-0.3162767947311132
1,2014-11-14,-0.32510105368979936
1,2014-11-15,-0.3188554094415599
1,2014-11-16,-0.31552703175466407
1,2014-11-17,-0.3117736242819005
1,2014-11-18,-0.31251524993772745
1,2014-11-19,-0.3341060244565364
1,2014-11-20,-0.34127363478446143
1,2014-11-21,-0.33654632911586785
1,2014-11-22,-0.34206998748079037
1,2014-11-23,-0.35418443093763935
1,2014-11-24,-0.34952176187334466
1,2014-11-25,-0.3554486369094281
1,2014-11-26,-0.3677098209743784
1,2014-11-27,-0.37462095014746793
1,2014-11-28,-0.36225560348285024
1,2014-11-29,-0.34042228766632876
1,2014-11-30,-0.33027879437735397
1,2014-12-01,-0.31504827673249414
1,2014-12-02,-0.3217052513254381
1,2014-12-03,-0.3548088410886245
1,2014-12-04,-0.34545786489658986
1,2014-12-05,-0.3303198982709143
1,2014-12-06,-0.3564337412183943
1,2014-12-07,-0.37237521907204646
1,2014-12-08,-0.357174778534319
1,2014-12-09,-0.351441451978279
1,2014-12-10,-0.3494877888053187
1,2014-12-11,-0.35729498378823304
1,2014-12-12,-0.3858813655878453
1,2014-12-13,-0.3782674016824946
1,2014-12-14,-0.344389209461844
1,2014-12-15,-0.36849652950150785
1,2014-12-16,-0.34750513427785445
1,2014-12-17,-0.3117534560499318
1,2014-12-18,-0.33372985387668214
1,2014-12-19,-0.3439145514936046
1,2014-12-20,-0.3396029413877577
1,2014-12-21,-0.3435260332440974
1,2014-12-22,-0.3541736537530394
1,2014-12-23,-0.3717104035300909
1,2014-12-24,-0.35677992766115885
1,2014-12-25,-0.3080050066140179
1,2014-12-26,-0.30914857699205167
1,2014-12-27,-0.3435186326929785
1,2014-12-28,-0.30815033166467704
1,2014-12-29,-0.29203644722953825
1,2014-12-30,-0.3381866256748706
1,2014-12-31,-0.3444882996120179
1,2015-01-01,-0.3448840894091662
1,2015-01-02,-0.3229684294795032
1,2015-01-03,-0.30162782425331364
1,2015-01-04,-0.31223941652690945
1,2015-01-05,-0.31881043891735
1,2015-01-06,-0.3009549175174099
1,2015-01-07,-0.2900584188411331
1,2015-01-08,-0.3146016368357611
1,2015-01-09,-0.3069042068624107
1,2015-01-10,-0.26991539816653604
1,2015-01-11,-0.27056786181247244
1,2015-01-12,-0.32819726610864725
1,2015-01-13,-0.33841921815914683
1,2015-01-14,-0.31180334012582434
1,2015-01-15,-0.32755244576746995
1,2015-01-16,-0.31321406803288315
1,2015-01-17,-0.2940657297489751
1,2015-01-18,-0.2853044945081215
1,2015-01-19,-0.27915836199301985
1,2015-01-20,-0.3272081898865849
1,2015-01-21,-0.36824723609223625
1,2015-01-22,-0.3402438666201237
1,2015-01-23,-0.30818018674805775
1,2015-01-24,-0.31920555283456026
1,2015-01-25,-0.3239047723425635
1,2015-01-26,-0.3229899586389156
1,2015-01-27,-0.35352067614298077
1,2015-01-28,-0.35995605160392974
1,2015-01-29,-0.32579444081833
1,2015-01-30,-0.3174548755391799
1,2015-01-31,-0.3404244390249047
1,2015-02-01,-0.3338408065755354
1,2015-02-02,-0.3154162825341103
1,2015-02-03,-0.3271959499403858
1,2015-02-04,-0.3163492116402947
1,2015-02-05,-0.3174372767763612
1,2015-02-06,-0.3223152088684021
1,2015-02-07,-0.31776975060213014
1,2015-02-08,-0.313519520372382
1,2015-02-09,-0.27720982329244304
1,2015-02-10,-0.31586919604083047
1,2015-02-11,-0.3745273994737625
1,2015-02-12,-0.34240907885060123
1,2015-02-13,-0.33232950558852753
1,2015-02-14,-0.3723321816965108
1,2015-02-15,-0.3875758740411703
1,2015-02-16,-0.37318487542701706
1,2015-02-17,-0.37561210364543124
1,2015-02-18,-0.3734206722482575
1,2015-02-19,-0.3518653218054229
1,2015-02-20,-0.36989296032653113
1,2015-02-21,-0.3812236088651632
1,2015-02-22,-0.36110885880405236
1,2015-02-23,-0.357361594838225
1,2015-02-24,-0.37163682543989035
1,2015-02-25,-0.34675002768623253
1,2015-02-26,-0.35289055636494626
1,2015-02-27,-0.39420544085876624
1,2015-02-28,-0.37935993249468497
1,2015-03-01,-0.31922384239706336
1,2015-03-02,-0.31054143477588475
1,2015-03-03,-0.31735262786686697
1,2015-03-04,-0.3238043283842238
1,2015-03-05,-0.32585019775062113
1,2015-03-06,-0.28208231534812694
1,2015-03-07,-0.3158403177455441
1,2015-03-08,-0.34982753732661614
1,2015-03-09,-0.34168876226499595
1,2015-03-10,-0.35951899438652146
1,2015-03-11,-0.3677787728121961
1,2015-03-12,-0.3386017912781797
1,2015-03-13,-0.32286057913087074
1,2015-03-14,-0.36036509188496907
1,2015-03-15,-0.36813685724126055
1,2015-03-16,-0.3344482564364759
1,2015-03-17,-0.34469435020675954
1,2015-03-18,-0.3465914885045817
1,2015-03-19,-0.32133904154724025
1,2015-03-20,-0.2940979472838258
1,2015-03-21,-0.29400644297404205
1,2015-03-22,-0.3699319231075073
1,2015-03-23,-0.40519382323831804
1,2015-03-24,-0.348665684869787
1,2015-03-25,-0.33359823548173834
1,2015-03-26,-0.3887848011883483
1,2015-03-27,-0.386428652113377
1,2015-03-28,-0.3500032462067608
1,2015-03-29,-0.3583855414781262
1,2015-03-30,-0.34885725986572674
1,2015-03-31,-0.3450928699079793
1,2015-04-01,-0.33645800542008425
1,2015-04-02,-0.3634344056842256
1,2015-04-03,-0.40646989019948593
1,2015-04-04,-0.3446672481140355
1,2015-04-05,-0.31699168336181544
1,2015-04-06,-0.3391732323325528
1,2015-04-07,-0.31843974542402154
1,2015-04-08,-0.31764509780903183
1,2015-04-09,-0.3222406840945619
1,2015-04-10,-0.33185709278041753
1,2015-04-11,-0.3600656371027178
1,2015-04-12,-0.37122541780178486
1,2015-04-13,-0.3611390422777258
1,2015-04-14,-0.33075673756009555
1,2015-04-15,-0.3237443402937234
1,2015-04-16,-0.3079083281037806
1,2015-04-17,-0.3002079661327043
1,2015-04-18,-0.3130914302396731
1,2015-04-19,-0.3251646496269809
1,2015-04-20,-0.2840461788327515
1,2015-04-21,-0.2564148594677293
1,2015-04-22,-0.29011765503689396
1,2015-04-23,-0.31381006218075264
1,2015-04-24,-0.28859409864466634
1,2015-04-25,-0.30721155831044705
1,2015-04-26,-0.3615732872971146
1,2015-04-27,-0.34091312002559665
1,2015-04-28,-0.3001804974367428
1,2015-04-29,-0.2570108775799411
1,2015-04-30,-0.24773038310251355
1,2015-05-01,-0.28362666035301903
1,2015-05-02,-0.2885576156161637
1,2015-05-03,-0.23809077348912677
1,2015-05-04,-0.2036170220522526
1,2015-05-05,-0.19739422875909976
1,2015-05-06,-0.18790619235105888
1,2015-05-07,-0.2133730123928668
1,2015-05-08,-0.20196456953214834
1,2015-05-09,-0.2023827896952358
1,2015-05-10,-0.24354416443862456
1,2015-05-11,-0.21263266321445415
1,2015-05-12,-0.11101123184186881
1,2015-05-13,-0.09587349760798634
1,2015-05-14,-0.11169091923543598
1,2015-05-15,-0.05904489143987298
1,2015-05-16,-0.05830148604281169
1,2015-05-17,-0.10774913971410595
1,2015-05-18,-0.0975888780049432
1,2015-05-19,-0.08085008753672802
1,2015-05-20,-0.07948107146722924
1,2015-05-21,-0.07309435654304165
1,2015-05-22,-0.031540068151088785
1,2015-05-23,0.046651410194284475
1,2015-05-24,0.09184497615808052
1,2015-05-25,0.004131410158138223
1,2015-05-26,0.01284142393966214
1,2015-05-27,0.09556003807176576
1,2015-05-28,0.04146492126120481
1,2015-05-29,0.05659067626173535
1,2015-05-30,0.1263234167846945
1,2015-05-31,0.1116309092150062
1,2015-06-01,0.10864871739412324
1,2015-06-02,0.12530581902221688
1,2015-06-03,0.16098736547430742
1,2015-06-04,0.183357995074144
1,2015-06-05,0.12418359982813487
1,2015-06-06,0.10288815548490693
1,2015-06-07,0.1589400804520889
1,2015-06-08,0.25363216969236624
1,2015-06-09,0.275325965037562
1,2015-06-10,0.2237528447486588
1,2015-06-11,0.23327905192643916
1,2015-06-12,0.26368785349040513
1,2015-06-13,0.27646722562496123
1,2015-06-14,0.2647870589443421
1,2015-06-15,0.24702345431456219
1,2015-06-16,0.29629420694107905
1,2015-06-17,0.3576533991219151
1,2015-06-18,0.2779481264794896
1,2015-06-19,0.2405075485597327
1,2015-06-20,0.3018322978276854
1,2015-06-21,0.3541541258701015
1,2015-06-22,0.3208830094860974
1,2015-06-23,0.31153286957993676
1,2015-06-24,0.363298357718022
1,2015-06-25,0.4104161138354709
1,2015-06-26,0.3364838415036066
1,2015-06-27,0.27803834175660486
1,2015-06-28,0.3640868920459432
1,2015-06-29,0.3631322127854921
1,2015-06-30,0.2606209539337672
1,2015-07-01,0.2054521363066564
1,2015-07-02,0.322934748999828
1,2015-07-03,0.43443196168531145
1,2015-07-04,0.30743155987472826
1,2015-07-05,0.17927141599290894
1,2015-07-06,0.2598293379604796
1,2015-07-07,0.2675834763811876
1,2015-07-08,0.12176924643069348
1,2015-07-09,0.13846728000471775
1,2015-07-10,0.20337071033601478
1,2015-07-11,0.14328907222232296
1,2015-07-12,0.1766185182053369
1,2015-07-13,0.18735451136757758
1,2015-07-14,0.1637374182286064
1,2015-07-15,0.3055934702028276
1,2015-07-16,0.3250100884124257
1,2015-07-17,0.15298435839365707
1,2015-07-18,0.21848429145276158
1,2015-07-19,0.2308137142041767
1,2015-07-20,0.11762178162639463
1,2015-07-21,0.14903978607007087
1,2015-07-22,0.3069896355307825
1,2015-07-23,0.38784191183162653
1,2015-07-24,0.2904613801765826
1,2015-07-25,0.13369761130261637
1,2015-07-26,0.21332888789609383
1,2015-07-27,0.29701148292462004
1,2015-07-28,0.2037976513102175
1,2015-07-29,0.0964140369026852
1,2015-07-30,-0.06385574913603846
1,2015-07-31,-0.00543527622982097
1,2015-08-01,0.21057603387369866
1,2015-08-02,0.34608130060067643
1,2015-08-03,0.26626609183261746
1,2015-08-04,0.078361232626943
1,2015-08-05,0.15152389345627665
1,2015-08-06,0.2997927158366996
1,2015-08-07,0.2788141978707798
1,2015-08-08,0.17969181190439987
1,2015-08-09,0.10053069585639783
1,2015-08-10,0.05854503495255143
1,2015-08-11,0.01171408194552416
1,2015-08-12,-0.027259952419770955
1,2015-08-13,0.059047101357851364
1,2015-08-14,0.23891640775551992
1,2015-08-15,0.24194489450670292
1,2015-08-16,0.06579079137480762
1,2015-08-17,-0.05701724728630055
1,2015-08-18,-0.04639580406945186
1,2015-08-19,0.07055994754734368
1,2015-08-20,0.09627897055166416
1,2015-08-21,-4.887286347067365e-4
1,2015-08-22,-0.04304762034267676
1,2015-08-23,-0.09295688409506433
1,2015-08-24,-0.08483608012655032
1,2015-08-25,-0.03227661814654999
1,2015-08-26,0.052635386932416796
1,2015-08-27,0.1467914357371408
1,2015-08-28,0.12220695550988828
1,2015-08-29,0.11124180831214413
1,2015-08-30,0.08121661564830775
1,2015-08-31,-0.004516667481132108
1,2015-09-01,0.01997255940040161
1,2015-09-02,0.05184210473873098
1,2015-09-03,-0.03871054829827566
1,2015-09-04,-0.024877056870638542
1,2015-09-05,0.025722788727149157
1,2015-09-06,0.0033628181928803116
1,2015-09-07,-0.016405847200012313
1,2015-09-08,0.002518503585600813
1,2015-09-09,-0.020770960496808395
1,2015-09-10,-0.041838960443779036
1,2015-09-11,-0.018783634783155503
1,2015-09-12,0.004077120596759288
1,2015-09-13,-0.03777550626152878
1,2015-09-14,-0.06333899033289847
1,2015-09-15,-0.081345723763644
1,2015-09-16,-0.15412953560300247
1,2015-09-17,-0.16914417056571968
1,2015-09-18,-0.1447459382763894
1,2015-09-19,-0.17363087610628197
1,2015-09-20,-0.16484801052438505
1,2015-09-21,-0.09138157294016207
1,2015-09-22,-0.18904037097141058
1,2015-09-23,-0.3269988181339896
1,2015-09-24,-0.32745290059389165
1,2015-09-25,-0.2562188632613374
1,2015-09-26,-0.18608797995544862
1,2015-09-27,-0.16984705016860127
1,2015-09-28,-0.2949593229841315
1,2015-09-29,-0.34427739096031856
1,2015-09-30,-0.24416998320221642
1,2015-10-01,-0.2258729988751951
1,2015-10-02,-0.290839352962932
1,2015-10-03,-0.3177929982549599
1,2015-10-04,-0.30879984406208677
1,2015-10-05,-0.2851071097092276
1,2015-10-06,-0.293072336017227
1,2015-10-07,-0.3507633008331932
1,2015-10-08,-0.3770078141114326
1,2015-10-09,-0.3614734541556587
1,2015-10-10,-0.40980009844985404
1,2015-10-11,-0.43718895409449643
1,2015-10-12,-0.3833678119074608
1,2015-10-13,-0.36607202941906525
1,2015-10-14,-0.39338543746692023
1,2015-10-15,-0.41831405047616066
1,2015-10-16,-0.43440263619947744
1,2015-10-17,-0.404830001152581
1,2015-10-18,-0.378155602543223
1,2015-10-19,-0.40462287020828175
1,2015-10-20,-0.42216139966697336
1,2015-10-21,-0.4260515214346005
1,2015-10-22,-0.43555112205671187
1,2015-10-23,-0.41094804430153
1,2015-10-24,-0.3876654352331732
1,2015-10-25,-0.41222518068772035
1,2015-10-26,-0.4385117395006718
1,2015-10-27,-0.4386292827738029
1,2015-10-28,-0.4341944685825635
1,2015-10-29,-0.41902121099719863
1,2015-10-30,-0.4088553943161724
1,2015-10-31,-0.42923241204010787
1,2015-11-01,-0.42223271887783126
1,2015-11-02,-0.39648460829044996
1,2015-11-03,-0.4063702910654285
1,2015-11-04,-0.4117052937413822
1,2015-11-05,-0.38018155086424454
1,2015-11-06,-0.3373441600249281
1,2015-11-07,-0.3572331230080609
1,2015-11-08,-0.372803545539217
1,2015-11-09,-0.3329656146901386
1,2015-11-10,-0.2993262197385113
1,2015-11-11,-0.2988081247753636
1,2015-11-12,-0.3047037091025771
1,2015-11-13,-0.3165460379017754
1,2015-11-14,-0.32539144326525127
1,2015-11-15,-0.31917078688953066
1,2015-11-16,-0.3158079964600455
1,2015-11-17,-0.3119546800641199
1,2015-11-18,-0.31256111691695143
1,2015-11-19,-0.33405787812959337
1,2015-11-20,-0.34122839171237074
1,2015-11-21,-0.336512807963171
1,2015-11-22,-0.34197037720018664
1,2015-11-23,-0.3540032568302886
1,2015-11-24,-0.34935353854301743
1,2015-11-25,-0.3553615254837623
1,2015-11-26,-0.36768827300174944
1,2015-11-27,-0.37461434008216576
1,2015-11-28,-0.36229883770755716
1,2015-11-29,-0.34061710971253956
1,2015-11-30,-0.3306102365884708
1,2015-12-01,-0.31538597880150615
1,2015-12-02,-0.3219853399372541
1,2015-12-03,-0.3550062020512787
1,2015-12-04,-0.34556798311254017
1,2015-12-05,-0.33040643995018665
1,2015-12-06,-0.3565548137228724
1,2015-12-07,-0.37248018132816757
1,2015-12-08,-0.3571574825846786
1,2015-12-09,-0.3513254170974011
1,2015-12-10,-0.34937452058899165
1,2015-12-11,-0.3572302632783467
1,2015-12-12,-0.38586413510776296
1,2015-12-13,-0.3782747531010188
1,2015-12-14,-0.34436760993766347
1,2015-12-15,-0.36839775200102404
1,2015-12-16,-0.3473498776619341
1,2015-12-17,-0.31157390047107614
1,2015-12-18,-0.333521674094497
1,2015-12-19,-0.34369535966126263
1,2015-12-20,-0.3393892282056987
1,2015-12-21,-0.34331999461804613
1,2015-12-22,-0.35398846311827287
1,2015-12-23,-0.37155443927437476
1,2015-12-24,-0.35664121172506463
1,2015-12-25,-0.30786863379811497
1,2015-12-26,-0.30899634476235593
1,2015-12-27,-0.3433564707406909
1,2015-12-28,-0.3080031316897623
1,2015-12-29,-0.29192465552768604
1,2015-12-30,-0.33807199107897334
1,2015-12-31,-0.34434208683247586
1,2016-01-01,-0.3447484257767694
1,2016-01-02,-0.3228790540779786
1,2016-01-03,-0.30155571782691876
1,2016-01-04,-0.312138691489464
1,2016-01-05,-0.3186843211847121
1,2016-01-06,-0.30084276737640897
1,2016-01-07,-0.2899804806141701
1,2016-01-08,-0.314548975446946
1,2016-01-09,-0.30687070126813837
1,2016-01-10,-0.2698901284347479
1,2016-01-11,-0.27052612049289565
1,2016-01-12,-0.3281217739146163
1,2016-01-13,-0.3383224768003178
1,2016-01-14,-0.3117185469474495
1,2016-01-15,-0.32749301376508444
1,2016-01-16,-0.3131743391300047
1,2016-01-17,-0.2940415015991253
1,2016-01-18,-0.28529588192805877
1,2016-01-19,-0.2791540767670594
1,2016-01-20,-0.3272036423746029
1,2016-01-21,-0.3682492775958066
1,2016-01-22,-0.34024971825584416
1,2016-01-23,-0.3081773014004878
1,2016-01-24,-0.3191871725978907
1,2016-01-25,-0.3238841932888909
1,2016-01-26,-0.322978819900815
1,2016-01-27,-0.35351232477228917
1,2016-01-28,-0.3599526327360839
1,2016-01-29,-0.3258113147317326
1,2016-01-30,-0.31749019794702366
1,2016-01-31,-0.34046580901853757
1,2016-02-01,-0.33388838619020544
1,2016-02-02,-0.3154719473731284
1,2016-02-03,-0.32724780640699686
1,2016-02-04,-0.31637875206413685
1,2016-02-05,-0.317438999645585
1,2016-02-06,-0.3222924831072435
1,2016-02-07,-0.3177383059896678
1,2016-02-08,-0.3134978966179046
1,2016-02-09,-0.277202655588742
1,2016-02-10,-0.31587345244447396
1,2016-02-11,-0.3745197357279986
1,2016-02-12,-0.3423645802651378
1,2016-02-13,-0.332263355780366
1,2016-02-14,-0.3722899782544716
1,2016-02-15,-0.38756507305960575
1,2016-02-16,-0.3731861777720722
1,2016-02-17,-0.3756110028824951
1,2016-02-18,-0.3733938472708547
1,2016-02-19,-0.35182913025365337
1,2016-02-20,-0.3698978395354475
1,2016-02-21,-0.38126218373089726
1,2016-02-22,-0.3611477605017874
1,2016-02-23,-0.3573845153982416
1,2016-02-24,-0.3716402212618915
1,2016-02-25,-0.3467524414901447
1,2016-02-26,-0.35290327507164987
1,2016-02-27,-0.39421252568166604
1,2016-02-28,-0.37935901516804144
1,2016-02-29,-0.31923097183005644
1,2016-03-01,-0.31056792405396083
1,2016-03-02,-0.3173885953933901
1,2016-03-03,-0.32382642344029405
1,2016-03-04,-0.32584361253851973
1,2016-03-05,-0.2820536555252563
1,2016-03-06,-0.3158138727554398
1,2016-03-07,-0.34981129639592273
1,2016-03-08,-0.3416771099052681
1,2016-03-09,-0.359512493638484
1,2016-03-10,-0.36777222796111064
1,2016-03-11,-0.3385843960936235
1,2016-03-12,-0.3228382608967138
1,2016-03-13,-0.360368094699688
1,2016-03-14,-0.36817080094079263
1,2016-03-15,-0.3344908399240468
1,2016-03-16,-0.3447360661475949
1,2016-03-17,-0.34663491058742074
1,2016-03-18,-0.32138315778370835
1,2016-03-19,-0.29414260731122915
1,2016-03-20,-0.2940561408981751
1,2016-03-21,-0.3699838493376967
1,2016-03-22,-0.4052324189512339
1,2016-03-23,-0.3486913948213934
1,2016-03-24,-0.3336209189717667
1,2016-03-25,-0.3888076311330915
1,2016-03-26,-0.38646226086511637
1,2016-03-27,-0.35005637454092725
1,2016-03-28,-0.3584493092135743
1,2016-03-29,-0.34891290230948135
1,2016-03-30,-0.3451370072584438
1,2016-03-31,-0.33649230123435736
1,2016-04-01,-0.3634638522811985
1,2016-04-02,-0.406506999486136
1,2016-04-03,-0.3447261926669483
1,2016-04-04,-0.3171032348610039
1,2016-04-05,-0.3393439263662611
1,2016-04-06,-0.3185816339964537
1,2016-04-07,-0.31771425382096263
1,2016-04-08,-0.32227466173462205
1,2016-04-09,-0.33191451695975066
1,2016-04-10,-0.3602336870386397
1,2016-04-11,-0.37150148316072895
1,2016-04-12,-0.3613948040024999
1,2016-04-13,-0.330908950490531
1,2016-04-14,-0.3238298151732385
1,2016-04-15,-0.307944146187909
1,2016-04-16,-0.3002037305813037
1,2016-04-17,-0.3130865081486934
1,2016-04-18,-0.32517596263307946
1,2016-04-19,-0.28405506332661085
1,2016-04-20,-0.25642034798367175
1,2016-04-21,-0.2901585278885432
1,2016-04-22,-0.31390255735601497
1,2016-04-23,-0.2887026515970874
1,2016-04-24,-0.3073201431106539
1,2016-04-25,-0.3616873171561488
1,2016-04-26,-0.34099120195733207
1,2016-04-27,-0.30019775495108847
1,2016-04-28,-0.25695492212796217
1,2016-04-29,-0.24761546778659022
1,2016-04-30,-0.2834998341861371
1,2016-05-01,-0.2884459109457572
1,2016-05-02,-0.23804793581633316
1,2016-05-03,-0.20368455791455473
1,2016-05-04,-0.19751641766994618
1,2016-05-05,-0.1879771953939108
1,2016-05-06,-0.21334452333461795
1,2016-05-07,-0.2019013592345561
1,2016-05-08,-0.20232768572549226
1,2016-05-09,-0.2433916618869692
1,2016-05-10,-0.2122845106351685
1,2016-05-11,-0.11058765868934856
1,2016-05-12,-0.09559808790400448
1,2016-05-13,-0.11159281180118821
1,2016-05-14,-0.0589671479672474
1,2016-05-15,-0.05809671287525403
1,2016-05-16,-0.10732324789360098
1,2016-05-17,-0.09702415059924072
1,2016-05-18,-0.08022471230805364
1,2016-05-19,-0.07863753616046595
1,2016-05-20,-0.07199567912181963
1,2016-05-21,-0.030323224786452746
1,2016-05-22,0.0478741741013676
1,2016-05-23,0.09301837507764302
1,2016-05-24,0.005104999384361477
1,2016-05-25,0.01350250234499954
1,2016-05-26,0.09605343511477613
1,2016-05-27,0.041840467616522894
1,2016-05-28,0.05687770218105735
1,2016-05-29,0.12658367683459937
1,2016-05-30,0.11179048375927218
1,2016-05-31,0.1086603374244698
1,2016-06-01,0.12523090537444742
1,2016-06-02,0.1608955634548537
1,2016-06-03,0.18331290664632363
1,2016-06-04,0.12429903324083301
1,2016-06-05,0.10327847575321875
1,2016-06-06,0.15951811685919315
1,2016-06-07,0.25413787848508645
1,2016-06-08,0.27564111043087763
1,2016-06-09,0.22384072461899082
1,2016-06-10,0.23315906578904286
1,2016-06-11,0.263564484265808
1,2016-06-12,0.27651160659714963
1,2016-06-13,0.2650136626738864
1,2016-06-14,0.24731667942417024
1,2016-06-15,0.2963473597833775
1,2016-06-16,0.35719069531288006
1,2016-06-17,0.2770034553108768
1,2016-06-18,0.23936403999567818
1,2016-06-19,0.30099741995490703
1,2016-06-20,0.35401512628748605
1,2016-06-21,0.32123497578291366
1,2016-06-22,0.3118567887520994
1,2016-06-23,0.3633902670169026
1,2016-06-24,0.41039684934020004
1,2016-06-25,0.33642475715793807
1,2016-06-26,0.2779116662842543
1,2016-06-27,0.3638668566863884
1,2016-06-28,0.36289069009127006
1,2016-06-29,0.2603576810860396
1,2016-06-30,0.20483894074138845
1,2016-07-01,0.3216940000763031
1,2016-07-02,0.4328474227227387
1,2016-07-03,0.30601981320808896
1,2016-07-04,0.1784232228778703
1,2016-07-05,0.2594640895399818
1,2016-07-06,0.26712355278271466
1,2016-07-07,0.12087573757254869
1,2016-07-08,0.13737496867825605
1,2016-07-09,0.20207035052804245
1,2016-07-10,0.1416859474188995
1,2016-07-11,0.1751509911192397
1,2016-07-12,0.1863498679171228
1,2016-07-13,0.16277807091272062
1,2016-07-14,0.30449304546926764
1,2016-07-15,0.3243182118709739
1,2016-07-16,0.15261576755430042
1,2016-07-17,0.2178380573301903
1,2016-07-18,0.2293631573155242
1,2016-07-19,0.11531947771953907
1,2016-07-20,0.14723934260807098
1,2016-07-21,0.3065942761546717
1,2016-07-22,0.38808744370606274
1,2016-07-23,0.2900655148709954
1,2016-07-24,0.1323248187949758
1,2016-07-25,0.21167978463651685
1,2016-07-26,0.29533646636383143
1,2016-07-27,0.20195106181609804
1,2016-07-28,0.09476838594206695
1,2016-07-29,-0.06485686977867233
1,2016-07-30,-0.006241065315776355
1,2016-07-31,0.20979418238406153
1,2016-08-01,0.34568655588078195
1,2016-08-02,0.2659905750826783
1,2016-08-03,0.07780967261608272
1,2016-08-04,0.15106988258242446
1,2016-08-05,0.2996727176794217
1,2016-08-06,0.2786084904702252
1,2016-08-07,0.17928687039657745
1,2016-08-08,0.10027015405560842
1,2016-08-09,0.058455800574079585
1,2016-08-10,0.01160996446969332
1,2016-08-11,-0.027334655610677685
1,2016-08-12,0.05903795587326248
1,2016-08-13,0.23888336106342614
1,2016-08-14,0.241870449582816
1,2016-08-15,0.06550442178869612
1,2016-08-16,-0.057685192603897414
1,2016-08-17,-0.047270805746236516
1,2016-08-18,0.06960160721656712
1,2016-08-19,0.095269823858263
1,2016-08-20,-0.001387214129536426
1,2016-08-21,-0.043672251169322246
1,2016-08-22,-0.09350567862874172
1,2016-08-23,-0.08546334892188394
1,2016-08-24,-0.03269587454198014
1,2016-08-25,0.05252020659757989
1,2016-08-26,0.1468005338078062
1,2016-08-27,0.12223638268339418
1,2016-08-28,0.11135393765868147
1,2016-08-29,0.08137734250195142
1,2016-08-30,-0.004537821954972905
1,2016-08-31,0.019715222573873592
1,2016-09-01,0.05149055211987436
1,2016-09-02,-0.038977897868782974
1,2016-09-03,-0.024950334774192284
1,2016-09-04,0.025744320115760774
1,2016-09-05,0.0033658977964578724
1,2016-09-06,-0.016481393902225132
1,2016-09-07,0.0020511012641386403
1,2016-09-08,-0.021597754962042012
1,2016-09-09,-0.04234327027825217
1,2016-09-10,-0.018745461133925303
1,2016-09-11,0.004008624249044543
1,2016-09-12,-0.03825487952485892
1,2016-09-13,-0.06380994884285192
1,2016-09-14,-0.08147549243584234
1,2016-09-15,-0.15375891707987557
1,2016-09-16,-0.16826396029529767
1,2016-09-17,-0.14380250188362664
1,2016-09-18,-0.17304806503036266
1,2016-09-19,-0.16454902342623345
1,2016-09-20,-0.09115597548217035
1,2016-09-21,-0.1887804009415944
1,2016-09-22,-0.3267658906600351
1,2016-09-23,-0.3272272361772055
1,2016-09-24,-0.2558148536687213
1,2016-09-25,-0.18565363529508647
1,2016-09-26,-0.1696500168048507
1,2016-09-27,-0.2950215712902189
1,2016-09-28,-0.3445570681423825
1,2016-09-29,-0.2445300071181279
1,2016-09-30,-0.2261894821218087
1,2016-10-01,-0.2912130374475709
1,2016-10-02,-0.3182503042037955
1,2016-10-03,-0.3091543020375512
1,2016-10-04,-0.2852308230479059
1,2016-10-05,-0.29305596128025957
1,2016-10-06,-0.3507218831812956
1,2016-10-07,-0.3769603525400799
1,2016-10-08,-0.3614889893691535
1,2016-10-09,-0.4099188472560738
1,2016-10-10,-0.43729927980013855
1,2016-10-11,-0.3833443394480886
1,2016-10-12,-0.3658846957086896
1,2016-10-13,-0.3931107975138383
1,2016-10-14,-0.41807536362170505
1,2016-10-15,-0.4342304846902356
1,2016-10-16,-0.4046944797670551
1,2016-10-17,-0.3780296664835416
1,2016-10-18,-0.4044847518841597
1,2016-10-19,-0.4220288726824091
1,2016-10-20,-0.42591316049260963
1,2016-10-21,-0.43530562278266516
1,2016-10-22,-0.41056692998866195
1,2016-10-23,-0.38728620554857507
1,2016-10-24,-0.41195971263120645
1,2016-10-25,-0.4383495104463795
1,2016-10-26,-0.4385373782965816
1,2016-10-27,-0.4341362187710363
1,2016-10-28,-0.41895669356531057
1,2016-10-29,-0.40882065665473294
1,2016-10-30,-0.4293188548463593
1,2016-10-31,-0.42246059213299475
1,2016-11-01,-0.3967362769862951
1,2016-11-02,-0.40646561789486924
1,2016-11-03,-0.41163381340410293
1,2016-11-04,-0.38009958999482585
1,2016-11-05,-0.3373377338320396
1,2016-11-06,-0.3572583302787319
1,2016-11-07,-0.37281388953651934
1,2016-11-08,-0.3329388417128828
1,2016-11-09,-0.2992720805279293
1,2016-11-10,-0.2987508957366615
1,2016-11-11,-0.3046432745157047
1,2016-11-12,-0.3164931680260548
1,2016-11-13,-0.32538772246002
1,2016-11-14,-0.3192103382260113
1,2016-11-15,-0.3158171890073306
1,2016-11-16,-0.3118939664668538
1,2016-11-17,-0.31243591968532747
1,2016-11-18,-0.3338973910734928
1,2016-11-19,-0.34108950204436383
1,2016-11-20,-0.3364063737763504
1,2016-11-21,-0.3418365980233688
1,2016-11-22,-0.35381211283789277
1,2016-11-23,-0.34916081147758465
1,2016-11-24,-0.3552068710457416
1,2016-11-25,-0.3675675928547132
1,2016-11-26,-0.3744990562415722
1,2016-11-27,-0.3622057299551542
1,2016-11-28,-0.34060068687075346
1,2016-11-29,-0.33065776648602757
1,2016-11-30,-0.3154256274524829
1,2016-12-01,-0.32196699305564996
1,2016-12-02,-0.3549158462210755
1,2016-12-03,-0.34545284551180605
1,2016-12-04,-0.33031484539038997
1,2016-12-05,-0.35648309704553416
1,2016-12-06,-0.37240716711330746
1,2016-12-07,-0.35707283258422734
1,2016-12-08,-0.35124894429498243
1,2016-12-09,-0.3493263014250888
1,2016-12-10,-0.35720597363987533
1,2016-12-11,-0.38584845573560245
1,2016-12-12,-0.37825860431869207
1,2016-12-13,-0.3443561006020679
1,2016-12-14,-0.3683970105154944
1,2016-12-15,-0.34736104812760277
1,2016-12-16,-0.3115897394206714
1,2016-12-17,-0.333512588900195
1,2016-12-18,-0.34364944055114527
1,2016-12-19,-0.3393224553563156
1,2016-12-20,-0.3432477085255242
1,2016-12-21,-0.35392413216811786
1,2016-12-22,-0.37150375671566654
1,2016-12-23,-0.35660642897999406
1,2016-12-24,-0.3078416247309468
1,2016-12-25,-0.3089565899724306
1,2016-12-26,-0.34329292688379764
1,2016-12-27,-0.30793473464993304
1,2016-12-28,-0.2918697751909147
1,2016-12-29,-0.3380286564501428
1,2016-12-30,-0.3443162223550658
1,2016-12-31,-0.3442880808211892
1,2017-01-01,-0.34471125393380686
1,2017-01-02,-0.32285083773192313
1,2017-01-03,-0.30151898977406755
1,2017-01-04,-0.31207912584976477
1,2017-01-05,-0.31860791144204015
1,2017-01-06,-0.30077103804933253
1,2017-01-07,-0.2899248482013443
1,2017-01-08,-0.31450424778560143
1,2017-01-09,-0.30683282761449415
1,2017-01-10,-0.2698555032429661
1,2017-01-11,-0.27048676568872443
1,2017-01-12,-0.32807613245310674
1,2017-01-13,-0.3382882850344147
1,2017-01-14,-0.31170162479426144
1,2017-01-15,-0.32748154213343417
1,2017-01-16,-0.31316424986869357
1,2017-01-17,-0.2940318488901238
1,2017-01-18,-0.2852872825903408
1,2017-01-19,-0.2791456158318039
1,2017-01-20,-0.32719274694708234
1,2017-01-21,-0.3682397780286967
1,2017-01-22,-0.3402463558451471
1,2017-01-23,-0.30817301512914336
1,2017-01-24,-0.31917707788029304
1,2017-01-25,-0.32387542925570895
1,2017-01-26,-0.3229798181699522
1,2017-01-27,-0.3535235882737236
1,2017-01-28,-0.35996660144623255
1,2017-01-29,-0.3258176061148723
1,2017-01-30,-0.31748836078044
1,2017-01-31,-0.34046646709159684
1,2017-02-01,-0.3338956777422666
1,2017-02-02,-0.315478608034397
1,2017-02-03,-0.32725083938028215
1,2017-02-04,-0.3163819898425848
1,2017-02-05,-0.3174424017235277
1,2017-02-06,-0.3222870711322819
1,2017-02-07,-0.31771780318149245
1,2017-02-08,-0.3134735389114645
1,2017-02-09,-0.27718913893512875
1,2017-02-10,-0.31587312782393023
1,2017-02-11,-0.37452702833219614
1,2017-02-12,-0.3423674584689288
1,2017-02-13,-0.33225234565437767
1,2017-02-14,-0.37227368742913325
1,2017-02-15,-0.3875487785911782
1,2017-02-16,-0.37316883244331933
1,2017-02-17,-0.3755926461193973
1,2017-02-18,-0.3733804797921623
1,2017-02-19,-0.3518341571424148
1,2017-02-20,-0.36991459272625776
1,2017-02-21,-0.3812629564864836
1,2017-02-22,-0.3611316726784286
1,2017-02-23,-0.35737457221144125
1,2017-02-24,-0.371648741096484
1,2017-02-25,-0.3467701093037164
1,2017-02-26,-0.35290837819974064
1,2017-02-27,-0.394190808943622
1,2017-02-28,-0.3793192306539811
1,2017-03-01,-0.3191889729612345
1,2017-03-02,-0.3105040074507711
1,2017-03-03,-0.3172702525989432
1,2017-03-04,-0.3236479339112449
1,2017-03-05,-0.3256169097432493
1,2017-03-06,-0.2818410452467816
1,2017-03-07,-0.31567184653473734
1,2017-03-08,-0.349751697690033
1,2017-03-09,-0.3416797754399819
1,2017-03-10,-0.35953710983069104
1,2017-03-11,-0.36777668070938857
1,2017-03-12,-0.3385554987927173
1,2017-03-13,-0.3228045859581395
1,2017-03-14,-0.3603454817623623
1,2017-03-15,-0.3681497473725459
1,2017-03-16,-0.3344667516963618
1,2017-03-17,-0.3447158310107784
1,2017-03-18,-0.3466193357185202
1,2017-03-19,-0.3213579482386694
1,2017-03-20,-0.2941092217506692
1,2017-03-21,-0.2940221821256765
1,2017-03-22,-0.3699210987365222
1,2017-03-23,-0.4051340327069516
1,2017-03-24,-0.3485903311878908
1,2017-03-25,-0.3335235797862604
1,2017-03-26,-0.38869815186627477
1,2017-03-27,-0.38634718306993016
1,2017-03-28,-0.34992499973954
1,2017-03-29,-0.35827118223486887
1,2017-03-30,-0.3486976864419738
1,2017-03-31,-0.3448852989690288
1,2017-04-01,-0.3362340872544527
1,2017-04-02,-0.36320766128275084
1,2017-04-03,-0.4062534935744692
1,2017-04-04,-0.3445407562085089
1,2017-04-05,-0.31698745272232
1,2017-04-06,-0.3392605254832206
1,2017-04-07,-0.3184636933279302
1,2017-04-08,-0.3175203584384996
1,2017-04-09,-0.322060709579944
1,2017-04-10,-0.33173665648062917
1,2017-04-11,-0.36012778543306484
1,2017-04-12,-0.3714557513742817
1,2017-04-13,-0.3613331807662035
1,2017-04-14,-0.33079076740171864
1,2017-04-15,-0.3236603835971016
1,2017-04-16,-0.3077650141477335
1,2017-04-17,-0.30004229188504394
1,2017-04-18,-0.31293412471283844
1,2017-04-19,-0.3250040585140264
1,2017-04-20,-0.2838659511813569
1,2017-04-21,-0.25622437970396894
1,2017-04-22,-0.28997072928921
1,2017-04-23,-0.31374874087542703
1,2017-04-24,-0.288578287600687
1,2017-04-25,-0.30714306498831145
1,2017-04-26,-0.36140562487678635
1,2017-04-27,-0.3406429671465974
1,2017-04-28,-0.2998576727784158
1,2017-04-29,-0.25675821507655566
1,2017-04-30,-0.24759637490871225
1,2017-05-01,-0.2835568215388432
1,2017-05-02,-0.28844361757294423
1,2017-05-03,-0.23784115182619162
1,2017-05-04,-0.203166460492989
1,2017-05-05,-0.19674257058720301
1,2017-05-06,-0.18723601805296494
1,2017-05-07,-0.21300189453335658
1,2017-05-08,-0.2019947244569391
1,2017-05-09,-0.20246919423786183
1,2017-05-10,-0.24314990281854107
1,2017-05-11,-0.21152965793386413
1,2017-05-12,-0.10969957217186078
1,2017-05-13,-0.09512155421925024
1,2017-05-14,-0.11150109343867141
1,2017-05-15,-0.05895045378630123
1,2017-05-16,-0.058010173972170606
1,2017-05-17,-0.10718605531866879
1,2017-05-18,-0.09681369195830508
1,2017-05-19,-0.07961976658395145
1,2017-05-20,-0.07771190928265363
1,2017-05-21,-0.07133616163967987
1,2017-05-22,-0.02975667368375278
1,2017-05-23,0.048750327524784746
1,2017-05-24,0.09376968719140572
1,2017-05-25,0.0055188725021663885
1,2017-05-26,0.013904756651138533
1,2017-05-27,0.09652979491928713
1,2017-05-28,0.04231859852853003
1,2017-05-29,0.05734995363829861
1,2017-05-30,0.1270104076274748
1,2017-05-31,0.1120577557570888
1,2017-06-01,0.10877089334983647
1,2017-06-02,0.12536792106994346
1,2017-06-03,0.16127934100179747
1,2017-06-04,0.18394744876153651
1,2017-06-05,0.12483698111295397
1,2017-06-06,0.10341823791896712
1,2017-06-07,0.15929300198684165
1,2017-06-08,0.2537267561055226
1,2017-06-09,0.27522483278169135
1,2017-06-10,0.22359887130324926
1,2017-06-11,0.23327797863470723
1,2017-06-12,0.2642929980845047
1,2017-06-13,0.27804000102725523
1,2017-06-14,0.2671018943715222
1,2017-06-15,0.2492407168271569
1,2017-06-16,0.29755494308837005
1,2017-06-17,0.3579111235233695
1,2017-06-18,0.2777667798141107
1,2017-06-19,0.2403390794197776
1,2017-06-20,0.3019881231685382
1,2017-06-21,0.3548156351275458
1,2017-06-22,0.32200882331397024
1,2017-06-23,0.3126294731528332
1,2017-06-24,0.3640403491802265
1,2017-06-25,0.4111796485617808
1,2017-06-26,0.33750994616831304
1,2017-06-27,0.27907643715411995
1,2017-06-28,0.365022522860967
1,2017-06-29,0.3638348430822815
1,2017-06-30,0.2607967516418096
1,2017-07-01,0.20516884389586346
1,2017-07-02,0.3225062221755005
1,2017-07-03,0.43394119511828017
1,2017-07-04,0.3067376679272235
1,2017-07-05,0.1785342047823065
1,2017-07-06,0.25929276958532854
1,2017-07-07,0.2673843165505313
1,2017-07-08,0.1219641106325229
1,2017-07-09,0.13869081677792594
1,2017-07-10,0.20366910589087045
1,2017-07-11,0.14391637399614962
1,2017-07-12,0.17718299093564502
1,2017-07-13,0.18730369405271668
1,2017-07-14,0.16259081880583778
1,2017-07-15,0.30311150140895243
1,2017-07-16,0.32170367993049076
1,2017-07-17,0.1498940240050469
1,2017-07-18,0.21645082874392152
1,2017-07-19,0.22928051037043534
1,2017-07-20,0.11603323859891028
1,2017-07-21,0.1483028294801982
1,2017-07-22,0.30748979198997334
1,2017-07-23,0.3885955573129055
1,2017-07-24,0.29017958226592494
1,2017-07-25,0.13237528405320603
1,2017-07-26,0.2121768976568076
1,2017-07-27,0.2966440179617781
1,2017-07-28,0.20395563717230317
1,2017-07-29,0.09602652965182897
1,2017-07-30,-0.06593487171759883
1,2017-07-31,-0.008449703996018437
1,2017-08-01,0.20861061251579596
1,2017-08-02,0.34528312804581734
1,2017-08-03,0.2650808057601513
1,2017-08-04,0.07644770555774057
1,2017-08-05,0.15051422379205354
1,2017-08-06,0.3001582449227062
1,2017-08-07,0.27929007790291993
1,2017-08-08,0.1795537507493679
1,2017-08-09,0.09959134361210271
1,2017-08-10,0.056325685663636466
1,2017-08-11,0.008566209050968531
1,2017-08-12,-0.029638705158998302
1,2017-08-13,0.05803103596979204
1,2017-08-14,0.2381668647210169
1,2017-08-15,0.2397486618081128
1,2017-08-16,0.06130058850870796
1,2017-08-17,-0.06266523294190009
1,2017-08-18,-0.05165845853914127
1,2017-08-19,0.06653313149235163
1,2017-08-20,0.09354307058648631
1,2017-08-21,-0.0025772842415395956
1,2017-08-22,-0.04499169649327497
1,2017-08-23,-0.09494168063323165
1,2017-08-24,-0.08645364761147233
1,2017-08-25,-0.032978581154582076
1,2017-08-26,0.05261046057968745
1,2017-08-27,0.14692674587016477
1,2017-08-28,0.12236865833232756
1,2017-08-29,0.11157565452766098
1,2017-08-30,0.08184096173935486
1,2017-08-31,-0.0037350211976830716
1,2017-09-01,0.020593798353208206
1,2017-09-02,0.05201174591582325
1,2017-09-03,-0.03888183142209097
1,2017-09-04,-0.024944591729119642
1,2017-09-05,0.025888553274742345
1,2017-09-06,0.003683611430175138
1,2017-09-07,-0.015888304147674597
1,2017-09-08,0.0034595995898840976
1,2017-09-09,-0.019425821470502015
1,2017-09-10,-0.04052969604805851
1,2017-09-11,-0.017698237612916532
1,2017-09-12,0.005246131455502427
1,2017-09-13,-0.036395893351410274
1,2017-09-14,-0.062406718408242766
1,2017-09-15,-0.08152183542019857
1,2017-09-16,-0.15509766513294934
1,2017-09-17,-0.1700329251058358
1,2017-09-18,-0.14515846219480624
1,2017-09-19,-0.17355692830247824
1,2017-09-20,-0.1645049942129553
1,2017-09-21,-0.09113500654312877
1,2017-09-22,-0.18900670679379125
1,2017-09-23,-0.32700309662125127
1,2017-09-24,-0.3275274290025492
1,2017-09-25,-0.25649736440289034
1,2017-09-26,-0.18648488257489887
1,2017-09-27,-0.1702219765933977
1,2017-09-28,-0.29530360959560387
1,2017-09-29,-0.34453642584678096
1,2017-09-30,-0.24427819234790832
1,2017-10-01,-0.22585919653333325
1,2017-10-02,-0.29076351809642564
1,2017-10-03,-0.31768283918552553
1,2017-10-04,-0.30865986556444613
1,2017-10-05,-0.2849778983154776
1,2017-10-06,-0.2930057631202135
1,2017-10-07,-0.35078737521500225
1,2017-10-08,-0.3771078560776358
1,2017-10-09,-0.3615274219001187
1,2017-10-10,-0.40972878713421534
1,2017-10-11,-0.4370792466191581
1,2017-10-12,-0.3833634632143649
1,2017-10-13,-0.36632412695231403
1,2017-10-14,-0.39386551212320065
1,2017-10-15,-0.41873739076700645
1,2017-10-16,-0.43463460162390066
1,2017-10-17,-0.404942517436272
1,2017-10-18,-0.37828175505729333
1,2017-10-19,-0.40485316682484407
1,2017-10-20,-0.4224284492555652
1,2017-10-21,-0.4262642246092486
1,2017-10-22,-0.4357278811803511
1,2017-10-23,-0.41114201372510134
1,2017-10-24,-0.3878679100044073
1,2017-10-25,-0.41236650445794737
1,2017-10-26,-0.4385653289859417
1,2017-10-27,-0.4385822545413828
1,2017-10-28,-0.43404359986223906
1,2017-10-29,-0.41879277186780695
1,2017-10-30,-0.4085708966130382
1,2017-10-31,-0.4288969867355215
1,2017-11-01,-0.42185882895632554
1,2017-11-02,-0.39615309033835483
1,2017-11-03,-0.406173004714498
1,2017-11-04,-0.4116016544021943
1,2017-11-05,-0.3800538649163798
1,2017-11-06,-0.33715522775354284
1,2017-11-07,-0.3570287118596024
1,2017-11-08,-0.3726354846483098
1,2017-11-09,-0.33284845240367994
1,2017-11-10,-0.2992152899359419
1,2017-11-11,-0.29866993430861527
1,2017-11-12,-0.30457594926397896
1,2017-11-13,-0.31645611114401473
1,2017-11-14,-0.32531972222277633
1,2017-11-15,-0.3191015629876361
1,2017-11-16,-0.3157480651261076
1,2017-11-17,-0.31189350905837887
1,2017-11-18,-0.3125059892964167
1,2017-11-19,-0.3340314117014477
1,2017-11-20,-0.3412175715236682
1,2017-11-21,-0.3364933809454514
1,2017-11-22,-0.3419448441648962
1,2017-11-23,-0.35399543791946425
1,2017-11-24,-0.3493634514988004
1,2017-11-25,-0.355370782548636
1,2017-11-26,-0.3676983435295405
1,2017-11-27,-0.3746423625916797
1,2017-11-28,-0.36233705518934384
1,2017-11-29,-0.34062272133111887
1,2017-11-30,-0.33055238741342363
1,2017-12-01,-0.31529147212656317
1,2017-12-02,-0.32190143629011014
1,2017-12-03,-0.35496914524275247
1,2017-12-04,-0.3455761695955443
1,2017-12-05,-0.3304095229659169
1,2017-12-06,-0.3565161966686526
1,2017-12-07,-0.37244112533266244
1,2017-12-08,-0.35720297756925334
1,2017-12-09,-0.35143261276046606
1,2017-12-10,-0.34946555175686006
1,2017-12-11,-0.3572837235514286
1,2017-12-12,-0.3858689577948002
1,2017-12-13,-0.37824050356790007
1,2017-12-14,-0.3443493727072645
1,2017-12-15,-0.36843994955776954
1,2017-12-16,-0.3474435874805356
1,2017-12-17,-0.3116796262133226
1,2017-12-18,-0.333590405737081
1,2017-12-19,-0.3437072146320569
1,2017-12-20,-0.3393661764337676
1,2017-12-21,-0.343281210460304
1,2017-12-22,-0.3539532601469746
1,2017-12-23,-0.37153349268698105
1,2017-12-24,-0.35663245810391936
1,2017-12-25,-0.30786145290174366
1,2017-12-26,-0.30897856760420905
1,2017-12-27,-0.3433254635750383
1,2017-12-28,-0.30796934412667615
1,2017-12-29,-0.2918931002085653
1,2017-12-30,-0.33803951933695753
1,2017-12-31,-0.34431866757148616
1,2018-01-01,-0.3447390923060919
1,2018-01-02,-0.32287058291115417
1,2018-01-03,-0.3015215692719566
1,2018-01-04,-0.31206835716385634
1,2018-01-05,-0.3186062471355376
1,2018-01-06,-0.30078681465628104
1,2018-01-07,-0.289947080507713
1,2018-01-08,-0.31453079955270874
1,2018-01-09,-0.30686709867223794
1,2018-01-10,-0.26988984760542584
1,2018-01-11,-0.27050837853352
1,2018-01-12,-0.3280949050318659
1,2018-01-13,-0.3383277035630756
1,2018-01-14,-0.3117625915947401
1,2018-01-15,-0.3275495136413165
1,2018-01-16,-0.3132380361742211
1,2018-01-17,-0.29410617102127407
1,2018-01-18,-0.2853337460491322
1,2018-01-19,-0.2791699076265828
1,2018-01-20,-0.32722424634862035
1,2018-01-21,-0.3682864589507665
1,2018-01-22,-0.34028996420834473
1,2018-01-23,-0.3081802140946316
1,2018-01-24,-0.3191381933716889
1,2018-01-25,-0.3238221871811115
1,2018-01-26,-0.32293939591432896
1,2018-01-27,-0.3534944292367988
1,2018-01-28,-0.35994323230763
1,2018-01-29,-0.32579159395255874
1,2018-01-30,-0.3174414054843805
1,2018-01-31,-0.34040877189534624
1,2018-02-01,-0.3338595825072694
1,2018-02-02,-0.3154589006249366
1,2018-02-03,-0.3272215606019099
1,2018-02-04,-0.3163365055545339
1,2018-02-05,-0.3173715990363975
1,2018-02-06,-0.32218872640968454
1,2018-02-07,-0.3176085175956633
1,2018-02-08,-0.31337282367439157
1,2018-02-09,-0.27708222037437436
1,2018-02-10,-0.3157175475675745
1,2018-02-11,-0.37428465226947377
1,2018-02-12,-0.3420353730463369
1,2018-02-13,-0.33191452036283653
1,2018-02-14,-0.3720281586075449
1,2018-02-15,-0.387399155472368
1,2018-02-16,-0.37307133901913947
1,2018-02-17,-0.37549448806111396
1,2018-02-18,-0.3732109327579625
1,2018-02-19,-0.35159788757054594
1,2018-02-20,-0.3697168283919027
1,2018-02-21,-0.38116606491660965
1,2018-02-22,-0.3610889049520559
1,2018-02-23,-0.35728432660477977
1,2018-02-24,-0.37143585400339024
1,2018-02-25,-0.346492231058347
1,2018-02-26,-0.3526947261486863
1,2018-02-27,-0.3940635462906596
1,2018-02-28,-0.37924067701707254
1,2018-03-01,-0.31914766311220455
1,2018-03-02,-0.3104890664205884
1,2018-03-03,-0.31726934130410345
1,2018-03-04,-0.323645682847322
1,2018-03-05,-0.3256026968568796
1,2018-03-06,-0.28182650622525796
1,2018-03-07,-0.3156686227362321
1,2018-03-08,-0.34975083124001605
1,2018-03-09,-0.3416667781250487
1,2018-03-10,-0.35951600325652916
1,2018-03-11,-0.36774428398725767
1,2018-03-12,-0.3384996266442071
1,2018-03-13,-0.32273810102131406
1,2018-03-14,-0.36030646316625004
1,2018-03-15,-0.36813585583131814
1,2018-03-16,-0.3344251335418613
1,2018-03-17,-0.3445726833479266
1,2018-03-18,-0.3463814194879243
1,2018-03-19,-0.3211345620998068
1,2018-03-20,-0.2939456064826078
1,2018-03-21,-0.29391884911497057
1,2018-03-22,-0.3698929138811804
1,2018-03-23,-0.40515735343032805
1,2018-03-24,-0.34861184996119815
1,2018-03-25,-0.3335539193097184
1,2018-03-26,-0.38877371212963324
1,2018-03-27,-0.3864385133096282
1,2018-03-28,-0.3500319809706524
1,2018-03-29,-0.35842824081183466
1,2018-03-30,-0.34891127108548153
1,2018-03-31,-0.3451635195027281
1,2018-04-01,-0.33650296579124894
1,2018-04-02,-0.3633872057329061
1,2018-04-03,-0.4063295414758245
1,2018-04-04,-0.3445407130142734
1,2018-04-05,-0.3168938470569772
1,2018-04-06,-0.33909177490862086
1,2018-04-07,-0.31841418598379057
1,2018-04-08,-0.31767713787152824
1,2018-04-09,-0.3223051873498562
1,2018-04-10,-0.33191618031220727
1,2018-04-11,-0.3601256682793136
1,2018-04-12,-0.3713152600365403
1,2018-04-13,-0.36122966790070127
1,2018-04-14,-0.3308101940004428
1,2018-04-15,-0.3237650403078196
1,2018-04-16,-0.3078808585203732
1,2018-04-17,-0.30011652000763694
1,2018-04-18,-0.3129719952687091
1,2018-04-19,-0.3250573828555301
1,2018-04-20,-0.28396670801744894
1,2018-04-21,-0.2563784677310204
1,2018-04-22,-0.29014742236060714
1,2018-04-23,-0.3138718986204711
1,2018-04-24,-0.2886299041336282
1,2018-04-25,-0.3072339888937292
1,2018-04-26,-0.36163364123977454
1,2018-04-27,-0.34098918232246134
1,2018-04-28,-0.30019244321582805
1,2018-04-29,-0.25691084052933927
1,2018-04-30,-0.24754405467068846
1,2018-05-01,-0.28341234271463484
1,2018-05-02,-0.28835707117440257
1,2018-05-03,-0.23798192503247312
1,2018-05-04,-0.20366228694974314
1,2018-05-05,-0.19752669989018495
1,2018-05-06,-0.1879619453470252
1,2018-05-07,-0.2132107404764189
1,2018-05-08,-0.2016559049002289
1,2018-05-09,-0.20200946630651856
1,2018-05-10,-0.2428745007579119
1,2018-05-11,-0.21161881692944548
1,2018-05-12,-0.11007151042138698
1,2018-05-13,-0.09523485570016152
1,2018-05-14,-0.11123552814015415
1,2018-05-15,-0.058610452182608866
1,2018-05-16,-0.057734357460971185
1,2018-05-17,-0.10686220841548415
1,2018-05-18,-0.09644021556119262
1,2018-05-19,-0.07959190809253361
1,2018-05-20,-0.07778058946612529
1,2018-05-21,-0.0706287154964865
1,2018-05-22,-0.0285053536143387
1,2018-05-23,0.04969252948820121
1,2018-05-24,0.09479346211444545
1,2018-05-25,0.006952301358101374
1,2018-05-26,0.014829912321829002
1,2018-05-27,0.09686187284503478
1,2018-05-28,0.04251510205723112
1,2018-05-29,0.05732152037003595
1,2018-05-30,0.12684998259974684
1,2018-05-31,0.11200204290829921
1,2018-06-01,0.10879177444326327
1,2018-06-02,0.12528409800460846
1,2018-06-03,0.1609308954003542
1,2018-06-04,0.18345141934536371
1,2018-06-05,0.12478430256697723
1,2018-06-06,0.10435041816299583
1,2018-06-07,0.16104064954368605
1,2018-06-08,0.2556664760780993
1,2018-06-09,0.2770608975141678
1,2018-06-10,0.22512211400398321
1,2018-06-11,0.2339987863961335
1,2018-06-12,0.26386842688237566
1,2018-06-13,0.27647570225316126
1,2018-06-14,0.26490542213773904
1,2018-06-15,0.2473627074449837
1,2018-06-16,0.29682746617202455
1,2018-06-17,0.35826407610356154
1,2018-06-18,0.2786658315489151
1,2018-06-19,0.24153843994901802
1,2018-06-20,0.3031001524432584
1,2018-06-21,0.35555459382891325
1,2018-06-22,0.32266673989159383
1,2018-06-23,0.3134776739246356
1,2018-06-24,0.3648353140332698
1,2018-06-25,0.4119079033380272
1,2018-06-26,0.33837796954452476
1,2018-06-27,0.2800646542072701
1,2018-06-28,0.36605545693822655
1,2018-06-29,0.36475331436584957
1,2018-06-30,0.2615078800106123
1,2018-07-01,0.20605548431006002
1,2018-07-02,0.32378649109941526
1,2018-07-03,0.4354050661016727
1,2018-07-04,0.30820761570380073
1,2018-07-05,0.1797570894382334
1,2018-07-06,0.2603581644866046
1,2018-07-07,0.269152503291345
1,2018-07-08,0.12500584991358712
1,2018-07-09,0.1419849202835061
1,2018-07-10,0.20652933757895592
1,2018-07-11,0.1466069302060167
1,2018-07-12,0.17921097517260065
1,2018-07-13,0.1889750880914933
1,2018-07-14,0.1654159296658147
1,2018-07-15,0.30721116848221885
1,2018-07-16,0.3259354502831525
1,2018-07-17,0.15359156559334722
1,2018-07-18,0.21923117814600812
1,2018-07-19,0.2325716372281083
1,2018-07-20,0.12039584366250175
1,2018-07-21,0.15117850897662957
1,2018-07-22,0.30785997210101435
1,2018-07-23,0.388272183584729
1,2018-07-24,0.29109331946792527
1,2018-07-25,0.13437866267736184
1,2018-07-26,0.21364541112018362
1,2018-07-27,0.29728845341752447
1,2018-07-28,0.20449436474075586
1,2018-07-29,0.09706237956154917
1,2018-07-30,-0.06416832137388567
1,2018-07-31,-0.006889732739110554
1,2018-08-01,0.20924226435229518
1,2018-08-02,0.3458797230709517
1,2018-08-03,0.2667487795438733
1,2018-08-04,0.07863310448086243
1,2018-08-05,0.1517782874841881
1,2018-08-06,0.30055122389426653
1,2018-08-07,0.27948825354191714
1,2018-08-08,0.17955891146210357
1,2018-08-09,0.0995506195068976
1,2018-08-10,0.05698324215343419
1,2018-08-11,0.009641934430653917
1,2018-08-12,-0.029539519872784973
1,2018-08-13,0.057343175933010096
1,2018-08-14,0.23859748747477455
1,2018-08-15,0.2426585103620032
1,2018-08-16,0.06593994625363066
1,2018-08-17,-0.058273649916448955
1,2018-08-18,-0.04804755288626252
1,2018-08-19,0.06975975494537288
1,2018-08-20,0.0965634087663235
1,2018-08-21,1.6710730951185652e-4
1,2018-08-22,-0.04256606944678909
1,2018-08-23,-0.09230998455095851
1,2018-08-24,-0.08381740258076795
1,2018-08-25,-0.031254992293306874
1,2018-08-26,0.05336642283565624
1,2018-08-27,0.1471845713387862
1,2018-08-28,0.12212281219615732
1,2018-08-29,0.11027091815502105
1,2018-08-30,0.07999152666288462
1,2018-08-31,-0.004417998140553042
1,2018-09-01,0.021417899877820196
1,2018-09-02,0.05368742183184598
1,2018-09-03,-0.03719068574811022
1,2018-09-04,-0.024445555233297084
1,2018-09-05,0.025176021793973942
1,2018-09-06,0.002606793566397796
1,2018-09-07,-0.016933642445633952
1,2018-09-08,0.002781430760713251
1,2018-09-09,-0.019955233186401643
1,2018-09-10,-0.041752218543193775
1,2018-09-11,-0.019433621729631118
1,2018-09-12,0.004263770735356505
1,2018-09-13,-0.036361556041013675
1,2018-09-14,-0.06196112615603674
1,2018-09-15,-0.08120136914273243
1,2018-09-16,-0.15578147582191526
1,2018-09-17,-0.17219512695184697
1,2018-09-18,-0.14757265555723018
1,2018-09-19,-0.17487020409607365
1,2018-09-20,-0.16486163693799985
1,2018-09-21,-0.09103876830915049
1,2018-09-22,-0.1885115718708463
1,2018-09-23,-0.3261288858158299
1,2018-09-24,-0.32620643122730264
1,2018-09-25,-0.2549806082255221
1,2018-09-26,-0.18540822687997266
1,2018-09-27,-0.17001369974652442
1,2018-09-28,-0.2953480101540499
1,2018-09-29,-0.3440730917667779
1,2018-09-30,-0.243520576770532
1,2018-10-01,-0.22502006137001004
1,2018-10-02,-0.2898023268675786
1,2018-10-03,-0.316790102832445
1,2018-10-04,-0.30805311451903783
1,2018-10-05,-0.284645593031955
1,2018-10-06,-0.29279219579375226
1,2018-10-07,-0.3505794691121326
1,2018-10-08,-0.37689044987935005
1,2018-10-09,-0.3613164709476899
1,2018-10-10,-0.40947900697787964
1,2018-10-11,-0.4368024893420233
1,2018-10-12,-0.383174191104899
1,2018-10-13,-0.36628634695505236
1,2018-10-14,-0.3939297809938691
1,2018-10-15,-0.418759397124527
1,2018-10-16,-0.4345430061131811
1,2018-10-17,-0.40481205951576543
1,2018-10-18,-0.37819795841817905
1,2018-10-19,-0.40484078775130317
1,2018-10-20,-0.4224169961179482
1,2018-10-21,-0.4261598446010656
1,2018-10-22,-0.43553010743634385
1,2018-10-23,-0.4109142749528192
1,2018-10-24,-0.3876521843820379
1,2018-10-25,-0.41215763155184876
1,2018-10-26,-0.4383400542944199
1,2018-10-27,-0.4383078139958786
1,2018-10-28,-0.4336723854492882
1,2018-10-29,-0.41832669794605415
1,2018-10-30,-0.4079885130604331
1,2018-10-31,-0.42807558838970367
1,2018-11-01,-0.42080222769432313
1,2018-11-02,-0.39514337412147715
1,2018-11-03,-0.405547962834427
1,2018-11-04,-0.41134590094937373
1,2018-11-05,-0.3799092309109355
1,2018-11-06,-0.3369112684370007
1,2018-11-07,-0.35657355265180046
1,2018-11-08,-0.372102225677129
1,2018-11-09,-0.33244256059174837
1,2018-11-10,-0.29893125350846605
1,2018-11-11,-0.2983785107710362
1,2018-11-12,-0.3042311948720537
1,2018-11-13,-0.3160799056583313
1,2018-11-14,-0.3249143154164486
1,2018-11-15,-0.3186781738748258
1,2018-11-16,-0.3153655081181381
1,2018-11-17,-0.3116465441213812
1,2018-11-18,-0.3124608390356666
1,2018-11-19,-0.33408057361779414
1,2018-11-20,-0.3412002561580363
1,2018-11-21,-0.3364460819848384
1,2018-11-22,-0.34201753033358195
1,2018-11-23,-0.35418958544594287
1,2018-11-24,-0.34954494611040066
1,2018-11-25,-0.3554725435617199
1,2018-11-26,-0.36774743530747234
1,2018-11-27,-0.3746961361813031
1,2018-11-28,-0.3623515966993308
1,2018-11-29,-0.34051168391479947
1,2018-11-30,-0.330363003567328
1,2018-12-01,-0.31511446232055235
1,2018-12-02,-0.32172323404432435
1,2018-12-03,-0.3547640380926399
1,2018-12-04,-0.34538344185040487
1,2018-12-05,-0.33024024146768893
1,2018-12-06,-0.3563257084796825
1,2018-12-07,-0.37223738208782164
1,2018-12-08,-0.35705299874012947
1,2018-12-09,-0.3513516885075178
1,2018-12-10,-0.34941813160179236
1,2018-12-11,-0.35724158529373623
1,2018-12-12,-0.3858188242564644
1,2018-12-13,-0.3781825528249963
1,2018-12-14,-0.3443270270177286
1,2018-12-15,-0.36850186060615786
1,2018-12-16,-0.347587927497425
1,2018-12-17,-0.3118787130277998
1,2018-12-18,-0.33385071466126276
1,2018-12-19,-0.3440102333488126
1,2018-12-20,-0.33965964243658703
1,2018-12-21,-0.3435082148519219
1,2018-12-22,-0.354090281070785
1,2018-12-23,-0.371609821908152
1,2018-12-24,-0.3566900121057224
1,2018-12-25,-0.3079275251636911
1,2018-12-26,-0.30907014415995243
1,2018-12-27,-0.3434372588672402
1,2018-12-28,-0.3080809236815583
1,2018-12-29,-0.291972617006753
1,2018-12-30,-0.3381014804045734
1,2018-12-31,-0.3443814234403706
1,2019-01-01,-0.344747208836368
1,2019-01-02,-0.32281633838586293
1,2019-01-03,-0.3014616912615158
1,2019-01-04,-0.3120386284876472
1,2019-01-05,-0.31859748386745185
1,2019-01-06,-0.3007740205397159
1,2019-01-07,-0.2899173177325956
1,2019-01-08,-0.3144895138246042
1,2019-01-09,-0.30683624605134996
1,2019-01-10,-0.2698790248462621
1,2019-01-11,-0.2705174036016396
1,2019-01-12,-0.32811571819645424
1,2019-01-13,-0.3383358743791361
1,2019-01-14,-0.3117452196091281
1,2019-01-15,-0.32751241631632433
1,2019-01-16,-0.31319073390429436
1,2019-01-17,-0.29405226999559825
1,2019-01-18,-0.28528502710323406
1,2019-01-19,-0.2791247014183352
1,2019-01-20,-0.32715608540185803
1,2019-01-21,-0.36818789860846135
1,2019-01-22,-0.3401935193296792
1,2019-01-23,-0.30813447813855055
1,2019-01-24,-0.3191519585780152
1,2019-01-25,-0.32384853456931206
1,2019-01-26,-0.3229322103460001
1,2019-01-27,-0.3534481954217017
1,2019-01-28,-0.35988420745995725
1,2019-01-29,-0.3257502314719541
1,2019-01-30,-0.3174254012086718
1,2019-01-31,-0.3403891044583096
1,2019-02-01,-0.333809955506485
1,2019-02-02,-0.3153923141259152
1,2019-02-03,-0.32715504973428006
1,2019-02-04,-0.31627206302288835
1,2019-02-05,-0.3173083142531878
1,2019-02-06,-0.32214208210593304
1,2019-02-07,-0.31758930678859404
1,2019-02-08,-0.3133556446775988
1,2019-02-09,-0.27705364540324073
1,2019-02-10,-0.31564925493939605
1,2019-02-11,-0.3741609429569759
1,2019-02-12,-0.34190457339747227
1,2019-02-13,-0.33180659031643206
1,2019-02-14,-0.3719322523107044
1,2019-02-15,-0.3872966262169374
1,2019-02-16,-0.37295641587855205
1,2019-02-17,-0.37535955598042225
1,2019-02-18,-0.3730549046094559
1,2019-02-19,-0.35145049769912623
1,2019-02-20,-0.3695935637324764
1,2019-02-21,-0.38105103558055253
1,2019-02-22,-0.3609607203868943
1,2019-02-23,-0.3571083310925756
1,2019-02-24,-0.3711858272145362
1,2019-02-25,-0.34622861638588065
1,2019-02-26,-0.35246399637342146
1,2019-02-27,-0.3938361337804634
1,2019-02-28,-0.3790254984358072
1,2019-03-01,-0.3189750346413932
1,2019-03-02,-0.31032166866616184
1,2019-03-03,-0.3170842374609318
1,2019-03-04,-0.32345259085196554
1,2019-03-05,-0.3254183030889197
1,2019-03-06,-0.28168598486374896
1,2019-03-07,-0.315556284371542
1,2019-03-08,-0.34965463729260415
1,2019-03-09,-0.34158495284176976
1,2019-03-10,-0.35943696548422366
1,2019-03-11,-0.36767253151692997
1,2019-03-12,-0.33844513699687157
1,2019-03-13,-0.32269029283094847
1,2019-03-14,-0.36024665158646496
1,2019-03-15,-0.36807413678888334
1,2019-03-16,-0.3343883643230828
1,2019-03-17,-0.3445767769364998
1,2019-03-18,-0.3464222613251532
1,2019-03-19,-0.32118575173479325
1,2019-03-20,-0.2939910279456868
1,2019-03-21,-0.29394929842805434
1,2019-03-22,-0.3699060890157113
1,2019-03-23,-0.40517149799493424
1,2019-03-24,-0.34864441399789325
1,2019-03-25,-0.33358456333713343
1,2019-03-26,-0.3887783816142546
1,2019-03-27,-0.386433660533293
1,2019-03-28,-0.35002152223752275
1,2019-03-29,-0.35840883632431714
1,2019-03-30,-0.3488742118772951
1,2019-03-31,-0.3450990205713162
1,2019-04-01,-0.3364494009758663
1,2019-04-02,-0.36340546843011784
1,2019-04-03,-0.40642636839661156
1,2019-04-04,-0.3446479190533762
1,2019-04-05,-0.3170183205607044
1,2019-04-06,-0.3392410975306719
1,2019-04-07,-0.31849900333733083
1,2019-04-08,-0.31767319271959593
1,2019-04-09,-0.32227209165037746
1,2019-04-10,-0.33193803074801337
1,2019-04-11,-0.36025565956158295
1,2019-04-12,-0.37151728601338085
1,2019-04-13,-0.36141146675071345
1,2019-04-14,-0.3309210912031985
1,2019-04-15,-0.3238274856380569
1,2019-04-16,-0.3079283829769241
1,2019-04-17,-0.300171776309713
1,2019-04-18,-0.3130358412743744
1,2019-04-19,-0.3251181303794859
1,2019-04-20,-0.28400202499627447
1,2019-04-21,-0.25638941107521057
1,2019-04-22,-0.29015844782965317
1,2019-04-23,-0.3138964448071607
1,2019-04-24,-0.2886584925396354
1,2019-04-25,-0.3072414875415084
1,2019-04-26,-0.3615767463382045
1,2019-04-27,-0.34085960498281426
1,2019-04-28,-0.30006588155268993
1,2019-04-29,-0.256858948572423
1,2019-04-30,-0.24756405241932342
1,2019-05-01,-0.2834564657668448
1,2019-05-02,-0.2883906207080302
1,2019-05-03,-0.23795364902048488
1,2019-05-04,-0.20349987763401162
1,2019-05-05,-0.1972590701221049
1,2019-05-06,-0.18774455683761782
1,2019-05-07,-0.2131803156967099
1,2019-05-08,-0.20177052077433613
1,2019-05-09,-0.20219509868180766
1,2019-05-10,-0.24326904386085432
1,2019-05-11,-0.21226396831629066
1,2019-05-12,-0.11069180078088998
1,2019-05-13,-0.09559920976858124
1,2019-05-14,-0.11139132516423644
1,2019-05-15,-0.058775420227779415
1,2019-05-16,-0.0581257629594563
1,2019-05-17,-0.10774887523607964
1,2019-05-18,-0.09781211680774808
1,2019-05-19,-0.0812003617282901
1,2019-05-20,-0.07989155057973034
1,2019-05-21,-0.07346170147674987
1,2019-05-22,-0.031790445002075104
1,2019-05-23,0.04642609728817464
1,2019-05-24,0.09163035019356396
1,2019-05-25,0.00395719504506401
1,2019-05-26,0.012615344038330145
1,2019-05-27,0.09512533354494138
1,2019-05-28,0.04086789069390255
1,2019-05-29,0.05612188107248593
1,2019-05-30,0.1261632446511528
1,2019-05-31,0.11170117322171082
1,2019-06-01,0.10871154889756472
1,2019-06-02,0.12517730565993826
1,2019-06-03,0.1604961169857614
1,2019-06-04,0.18246373526882656
1,2019-06-05,0.12325272908244282
1,2019-06-06,0.10235597879308103
1,2019-06-07,0.15891512198484808
1,2019-06-08,0.2539025941923079
1,2019-06-09,0.2756307003050083
1,2019-06-10,0.22401074144837327
1,2019-06-11,0.233550360035442
1,2019-06-12,0.26407345998720944
1,2019-06-13,0.27706669740540063
1,2019-06-14,0.2656354730680178
1,2019-06-15,0.24794763400934017
1,2019-06-16,0.29703044712400334
1,2019-06-17,0.3579865889522657
1,2019-06-18,0.27810626752725287
1,2019-06-19,0.24114686863522186
1,2019-06-20,0.30311761522593456
1,2019-06-21,0.35575515341354247
1,2019-06-22,0.32283047383921387
1,2019-06-23,0.31354105302092894
1,2019-06-24,0.36480218947837295
1,2019-06-25,0.41184376569683995
1,2019-06-26,0.338371067832399
1,2019-06-27,0.2800512996916489
1,2019-06-28,0.36594287243167334
1,2019-06-29,0.3646337914994462
1,2019-06-30,0.2614681182882925
1,2019-07-01,0.20612345161554635
1,2019-07-02,0.32397140570906335
1,2019-07-03,0.4356506309078655
1,2019-07-04,0.30844189423840296
1,2019-07-05,0.17971439188852098
1,2019-07-06,0.2597668403589753
1,2019-07-07,0.26865076165397084
1,2019-07-08,0.12545400260770992
1,2019-07-09,0.14285916135569715
1,2019-07-10,0.20766457576302239
1,2019-07-11,0.14822271218274574
1,2019-07-12,0.18041332844282973
1,2019-07-13,0.18947807842888606
1,2019-07-14,0.16569510030492177
1,2019-07-15,0.30715349621200255
1,2019-07-16,0.3254570107296729
1,2019-07-17,0.15324569848886957
1,2019-07-18,0.21915710162306365
1,2019-07-19,0.2332881918213285
1,2019-07-20,0.12210118992594551
1,2019-07-21,0.1523892105068761
1,2019-07-22,0.3074199254577515
1,2019-07-23,0.3869304947768084
1,2019-07-24,0.29044472429061996
1,2019-07-25,0.13506648245377953
1,2019-07-26,0.2146992929963284
1,2019-07-27,0.2985198963192711
1,2019-07-28,0.2062281186075733
1,2019-07-29,0.09871629043439258
1,2019-07-30,-0.06280317936753307
1,2019-07-31,-0.005376390825717565
1,2019-08-01,0.21060521213979627
1,2019-08-02,0.34614355651704226
1,2019-08-03,0.26627831112877387
1,2019-08-04,0.07864667829978496
1,2019-08-05,0.152188641940274
1,2019-08-06,0.30065060386138953
1,2019-08-07,0.2796902407711458
1,2019-08-08,0.18045866901474597
1,2019-08-09,0.10089108348269765
1,2019-08-10,0.05835413002508772
1,2019-08-11,0.01120289068922707
1,2019-08-12,-0.02766402049640334
1,2019-08-13,0.059091054504903075
1,2019-08-14,0.2393845230898936
1,2019-08-15,0.2422482619440631
1,2019-08-16,0.06507722488659756
1,2019-08-17,-0.05874428537711379
1,2019-08-18,-0.04822160776127694
1,2019-08-19,0.069442740516653
1,2019-08-20,0.09614124317062045
1,2019-08-21,-7.847122616832471e-5
1,2019-08-22,-0.042470457648191705
1,2019-08-23,-0.09213042945570349
1,2019-08-24,-0.08389746528620601
1,2019-08-25,-0.031424684482873486
1,2019-08-26,0.05316601182105733
1,2019-08-27,0.14679407799433966
1,2019-08-28,0.12178250809186918
1,2019-08-29,0.11074027634885605
1,2019-08-30,0.0812100061086642
1,2019-08-31,-0.0037683158781324855
1,2019-09-01,0.0209276807742251
1,2019-09-02,0.05241310193342765
1,2019-09-03,-0.03858236573758014
1,2019-09-04,-0.02517058070123369
1,2019-09-05,0.0251655932725361
1,2019-09-06,0.002876433346120273
1,2019-09-07,-0.01650148251657222
1,2019-09-08,0.003261477466948074
1,2019-09-09,-0.019398245571645923
1,2019-09-10,-0.04104470171477928
1,2019-09-11,-0.019016652214779974
1,2019-09-12,0.004183591267221306
1,2019-09-13,-0.036307234683927055
1,2019-09-14,-0.06166671862089848
1,2019-09-15,-0.08117035788029202
1,2019-09-16,-0.15615395520108716
1,2019-09-17,-0.1727754022330368
1,2019-09-18,-0.1480575440085727
1,2019-09-19,-0.17520847253911215
1,2019-09-20,-0.16527618317452067
1,2019-09-21,-0.09142031344359995
1,2019-09-22,-0.18861064594944266
1,2019-09-23,-0.32607629300828833
1,2019-09-24,-0.32609989617111745
1,2019-09-25,-0.25493672608815066
1,2019-09-26,-0.18535809070186313
1,2019-09-27,-0.1694706439315045
1,2019-09-28,-0.29401809990799005
1,2019-09-29,-0.3425774631418912
1,2019-09-30,-0.2425272175215669
1,2019-10-01,-0.22447216459761932
1,2019-10-02,-0.2893903750397194
1,2019-10-03,-0.31638852781021176
1,2019-10-04,-0.3076837759802382
1,2019-10-05,-0.2843379678264765
1,2019-10-06,-0.29248672879264537
1,2019-10-07,-0.35018964959975685
1,2019-10-08,-0.3764377675381808
1,2019-10-09,-0.3608413819876236
1,2019-10-10,-0.40891165681539077
1,2019-10-11,-0.4362186137110216
1,2019-10-12,-0.3827317754010866
1,2019-10-13,-0.36598352370217935
1,2019-10-14,-0.3936589927715103
1,2019-10-15,-0.41844046038475724
1,2019-10-16,-0.43419963620664487
1,2019-10-17,-0.40452448601221536
1,2019-10-18,-0.37793438285708003
1,2019-10-19,-0.40452495860294113
1,2019-10-20,-0.42205709952088216
1,2019-10-21,-0.42578678542922566
1,2019-10-22,-0.43515791188748115
1,2019-10-23,-0.4105827985467021
1,2019-10-24,-0.38737447570931527
1,2019-10-25,-0.4118960983561299
1,2019-10-26,-0.4380589406769709
1,2019-10-27,-0.4379977267766809
1,2019-10-28,-0.4333748400526274
1,2019-10-29,-0.41811969384814474
1,2019-10-30,-0.4078196963021987
1,2019-10-31,-0.42781760104022665
1,2019-11-01,-0.4204932158747895
1,2019-11-02,-0.39486248479879826
1,2019-11-03,-0.4052702441074077
1,2019-11-04,-0.4110544541391262
1,2019-11-05,-0.37962090814539207
1,2019-11-06,-0.33665950225197744
1,2019-11-07,-0.35635302792987456
1,2019-11-08,-0.37186918442085837
1,2019-11-09,-0.3321789858666731
1,2019-11-10,-0.29861775450161243
1,2019-11-11,-0.29800834408146765
1,2019-11-12,-0.30386876053252987
1,2019-11-13,-0.31571009720547966
1,2019-11-14,-0.3244655280514993
1,2019-11-15,-0.3181921225000208
1,2019-11-16,-0.31495540559865
1,2019-11-17,-0.3113501871645069
1,2019-11-18,-0.31221997237207666
1,2019-11-19,-0.33384712142567297
1,2019-11-20,-0.3409865427252331
1,2019-11-21,-0.33624883412797324
1,2019-11-22,-0.3418135438305983
1,2019-11-23,-0.35397743732327036
1,2019-11-24,-0.3493426681869552
1,2019-11-25,-0.3552715350317882
1,2019-11-26,-0.3675360531726362
1,2019-11-27,-0.3744719093759013
1,2019-11-28,-0.362137081623399
1,2019-11-29,-0.34031788904275534
1,2019-11-30,-0.33017518849183525
1,2019-12-01,-0.31494394280190213
1,2019-12-02,-0.3216018240640413
1,2019-12-03,-0.3547134708283207
1,2019-12-04,-0.3453823657550193
1,2019-12-05,-0.3302488038015596
1,2019-12-06,-0.3563539390681374
1,2019-12-07,-0.37230657316729615
1,2019-12-08,-0.3571502039872958
1,2019-12-09,-0.3514417130488106
1,2019-12-10,-0.349476326135245
1,2019-12-11,-0.3572799677152725
1,2019-12-12,-0.38587685709192987
1,2019-12-13,-0.37827322426387017
1,2019-12-14,-0.3443970696263073
1,2019-12-15,-0.36848559506503425
1,2019-12-16,-0.34746688597020065
1,2019-12-17,-0.31169132986931064
1,2019-12-18,-0.3336364603576968
1,2019-12-19,-0.34379895530447363
1,2019-12-20,-0.33947911809525055
1,2019-12-21,-0.34340715428247803
1,2019-12-22,-0.35407321929879315
1,2019-12-23,-0.37162691465871667
1,2019-12-24,-0.3566970872350076
1,2019-12-25,-0.3079107771033201
1,2019-12-26,-0.30904927804081406
1,2019-12-27,-0.34344337892564414
1,2019-12-28,-0.30810719034482337
1,2019-12-29,-0.29202456453029596
1,2019-12-30,-0.33819045863223307
1,2019-12-31,-0.34448643552511526
1,2020-01-01,-0.3448707314522896
1,2020-01-02,-0.3229442822138185
1,2020-01-03,-0.301584606583955
1,2020-01-04,-0.31216234449192326
1,2020-01-05,-0.3187133335700817
1,2020-01-06,-0.3008729953892642
1,2020-01-07,-0.29000487895853433
1,2020-01-08,-0.31456741293427615
1,2020-01-09,-0.30688148179063107
1,2020-01-10,-0.2698969223091018
1,2020-01-11,-0.2705383811616605
1,2020-01-12,-0.3281484442874732
1,2020-01-13,-0.33836838159107113
1,2020-01-14,-0.31177004313932594
1,2020-01-15,-0.3275327999041354
1,2020-01-16,-0.3132039772297237
1,2020-01-17,-0.2940643755517207
1,2020-01-18,-0.2853058006525092
1,2020-01-19,-0.2791582238563121
1,2020-01-20,-0.3272143109289696
1,2020-01-21,-0.3682730676556158
1,2020-01-22,-0.34028080696103596
1,2020-01-23,-0.30819389103661937
1,2020-01-24,-0.3191825901967004
1,2020-01-25,-0.3238780406121111
1,2020-01-26,-0.32299045300312185
1,2020-01-27,-0.3535437496730005
1,2020-01-28,-0.35998421332959885
1,2020-01-29,-0.32581544757265746
1,2020-01-30,-0.3174646329771154
1,2020-01-31,-0.34044169154744175
1,2020-02-01,-0.333886253478766
1,2020-02-02,-0.3154763689413533
1,2020-02-03,-0.32724814763153576
1,2020-02-04,-0.3163836491437571
1,2020-02-05,-0.3174405499101827
1,2020-02-06,-0.3222619411184247
1,2020-02-07,-0.31766380152115925
1,2020-02-08,-0.3134079496688462
1,2020-02-09,-0.2771275151257507
1,2020-02-10,-0.31580262978626444
1,2020-02-11,-0.37443936422532365
1,2020-02-12,-0.34227207502434254
1,2020-02-13,-0.33215533978893613
1,2020-02-14,-0.3721817524611915
1,2020-02-15,-0.3874738732989124
1,2020-02-16,-0.37310959848209235
1,2020-02-17,-0.37552153729812005
1,2020-02-18,-0.3732463903951684
1,2020-02-19,-0.35163355520042144
1,2020-02-20,-0.36972735990044947
1,2020-02-21,-0.38114403615913584
1,2020-02-22,-0.3610498796426016
1,2020-02-23,-0.3572421316208722
1,2020-02-24,-0.3713878059486127
1,2020-02-25,-0.3464384539250759
1,2020-02-26,-0.35262323441252597
1,2020-02-27,-0.39395575769965585
1,2020-02-28,-0.37911416204735393
1,2020-02-29,-0.3190223705913789
1,2020-03-01,-0.3103316469251031
1,2020-03-02,-0.31706723829923894
1,2020-03-03,-0.3234284303640446
1,2020-03-04,-0.3254017679661749
1,2020-03-05,-0.2816754798593564
1,2020-03-06,-0.3155500274794901
1,2020-03-07,-0.3496441976120103
1,2020-03-08,-0.34157137290379896
1,2020-03-09,-0.35942568258104735
1,2020-03-10,-0.367650701324387
1,2020-03-11,-0.33841556633481407
1,2020-03-12,-0.32267732836114493
1,2020-03-13,-0.3602536229067175
1,2020-03-14,-0.3680858543639452
1,2020-03-15,-0.33439184076342765
1,2020-03-16,-0.34457365153426295
1,2020-03-17,-0.3464283870793271
1,2020-03-18,-0.321194654319392
1,2020-03-19,-0.2939958528631301
1,2020-03-20,-0.29397314058490925
1,2020-03-21,-0.3699369058958855
1,2020-03-22,-0.4051550389731215
1,2020-03-23,-0.348578040946138
1,2020-03-24,-0.3335341663264522
1,2020-03-25,-0.38878134864165587
1,2020-03-26,-0.3864645147281898
1,2020-03-27,-0.3500647287930771
1,2020-03-28,-0.3584589805013516
1,2020-03-29,-0.3489303881525424
1,2020-03-30,-0.3451666824347192
1,2020-03-31,-0.33651267776396493
1,2020-04-01,-0.36345406896676596
1,2020-04-02,-0.40647132440898553
1,2020-04-03,-0.34469172032117995
1,2020-04-04,-0.31705733143892567
1,2020-04-05,-0.33928639191659665
1,2020-04-06,-0.31856420422249543
1,2020-04-07,-0.31775283958034767
1,2020-04-08,-0.32234245617265644
1,2020-04-09,-0.33198896455635973
1,2020-04-10,-0.3602994349419429
1,2020-04-11,-0.37155678435330786
1,2020-04-12,-0.36144182636591593
1,2020-04-13,-0.33095681699747
1,2020-04-14,-0.32387659996191925
1,2020-04-15,-0.3080044333938613
1,2020-04-16,-0.3002861223776501
1,2020-04-17,-0.3131687539428248
1,2020-04-18,-0.3252399851941974
1,2020-04-19,-0.2840894985516052
1,2020-04-20,-0.25644067023598943
1,2020-04-21,-0.290193797655703
1,2020-04-22,-0.3139464759235797
1,2020-04-23,-0.28873551004094855
1,2020-04-24,-0.3073388786009698
1,2020-04-25,-0.36168749443841036
1,2020-04-26,-0.3409625263055092
1,2020-04-27,-0.30015596414619944
1,2020-04-28,-0.2569603944991935
1,2020-04-29,-0.24769674178467846
1,2020-04-30,-0.28360790455907187
1,2020-05-01,-0.2885254347672182
1,2020-05-02,-0.23804163858728197
1,2020-05-03,-0.20354248735246047
1,2020-05-04,-0.19727113025340465
1,2020-05-05,-0.18776976557489877
1,2020-05-06,-0.21330768296562777
1,2020-05-07,-0.20200734552752464
1,2020-05-08,-0.20245716296170008
1,2020-05-09,-0.24347708092790302
1,2020-05-10,-0.21230745541148635
1,2020-05-11,-0.11055900217799439
1,2020-05-12,-0.095546875791848
1,2020-05-13,-0.11149145619898733
1,2020-05-14,-0.05886833301409015
1,2020-05-15,-0.05815975420988167
1,2020-05-16,-0.10776465389830742
1,2020-05-17,-0.0978516179742503
1,2020-05-18,-0.08122012774722841
1,2020-05-19,-0.07987279563577063
1,2020-05-20,-0.07357146656102154
1,2020-05-21,-0.03206057416165402
1,2020-05-22,0.046189177048684346
1,2020-05-23,0.09130200992374114
1,2020-05-24,0.003425659636114257
1,2020-05-25,0.01224579333816607
1,2020-05-26,0.09498217565366066
1,2020-05-27,0.04074641076360827
1,2020-05-28,0.0561099701964164
1,2020-05-29,0.1262862381913966
1,2020-05-30,0.11180852930728939
1,2020-05-31,0.10874845946856258
1,2020-06-01,0.1251813099202578
1,2020-06-02,0.16055747784990793
1,2020-06-03,0.1827178160548519
1,2020-06-04,0.1236581872673579
1,2020-06-05,0.1026737066156433
1,2020-06-06,0.1589923390958134
1,2020-06-07,0.2537584817243179
1,2020-06-08,0.27528738513946804
1,2020-06-09,0.22351618727375921
1,2020-06-10,0.23302282508262662
1,2020-06-11,0.26352511425511177
1,2020-06-12,0.2763934982246692
1,2020-06-13,0.26487292557024167
1,2020-06-14,0.2472932942607215
1,2020-06-15,0.2964671397790969
1,2020-06-16,0.3573272173273445
1,2020-06-17,0.2771875114706913
1,2020-06-18,0.23988288047290438
1,2020-06-19,0.30181595837397673
1,2020-06-20,0.3547511319260126
1,2020-06-21,0.3218299606010111
1,2020-06-22,0.3124376024468304
1,2020-06-23,0.3639137243332979
1,2020-06-24,0.41098065202759154
1,2020-06-25,0.33722234859116135
1,2020-06-26,0.27877585993756726
1,2020-06-27,0.3647153793452332
1,2020-06-28,0.36364173859657745
1,2020-06-29,0.26090180246424405
1,2020-06-30,0.20542406474082167
1,2020-07-01,0.3226531894135916
1,2020-07-02,0.4340698560317195
1,2020-07-03,0.3070901738095503
1,2020-07-04,0.17905805322341498
1,2020-07-05,0.2598690019763403
1,2020-07-06,0.2678577171320912
1,2020-07-07,0.12228099753186611
1,2020-07-08,0.13910736228449547
1,2020-07-09,0.20416375120453073
1,2020-07-10,0.1443207747385274
1,2020-07-11,0.17753433277082678
1,2020-07-12,0.18788770700537813
1,2020-07-13,0.16403810557460327
1,2020-07-14,0.30581636263608986
1,2020-07-15,0.3251717006094104
1,2020-07-16,0.15315561703517852
1,2020-07-17,0.218800242851564
1,2020-07-18,0.23101974557206503
1,2020-07-19,0.11745754926536209
1,2020-07-20,0.14898835799610624
1,2020-07-21,0.3075530137037725
1,2020-07-22,0.3886827767328121
1,2020-07-23,0.2907215028220582
1,2020-07-24,0.1331001649390262
1,2020-07-25,0.2125265223800483
1,2020-07-26,0.2964357678878821
1,2020-07-27,0.20343364653412266
1,2020-07-28,0.09633241838555863
1,2020-07-29,-0.06350627549197377
1,2020-07-30,-0.004869888599240477
1,2020-07-31,0.21114305126527924
1,2020-08-01,0.34672023583441164
1,2020-08-02,0.266958181577606
1,2020-08-03,0.07900716944077701
1,2020-08-04,0.15241842369860492
1,2020-08-05,0.3009472835669749
1,2020-08-06,0.27970055969500135
1,2020-08-07,0.18023269070254036
1,2020-08-08,0.10094420668157551
1,2020-08-09,0.0587828602461504
1,2020-08-10,0.011677143627579508
1,2020-08-11,-0.02734860157162055
1,2020-08-12,0.059363493653453454
1,2020-08-13,0.2399280373110171
1,2020-08-14,0.24354173151186406
1,2020-08-15,0.06705635682798593
1,2020-08-16,-0.056691245548292864
1,2020-08-17,-0.046396983785931246
1,2020-08-18,0.07093759870916196
1,2020-08-19,0.09716407998414779
1,2020-08-20,6.121409836645577e-4
1,2020-08-21,-0.04189686814816679
1,2020-08-22,-0.09160199171122035
1,2020-08-23,-0.08337222490451672
1,2020-08-24,-0.03102168471896984
1,2020-08-25,0.05345593675986447
1,2020-08-26,0.1471576710213127
1,2020-08-27,0.12223753968845034
1,2020-08-28,0.11116084104578965
1,2020-08-29,0.0814183179084574
1,2020-08-30,-0.003740605975654572
1,2020-08-31,0.02105006747474551
1,2020-09-01,0.052918031395310344
1,2020-09-02,-0.0376569068764414
1,2020-09-03,-0.024030103445208714
1,2020-09-04,0.026404102842173413
1,2020-09-05,0.004099555047012347
1,2020-09-06,-0.015749230242194823
1,2020-09-07,0.0029970247069032764
1,2020-09-08,-0.020318435356818366
1,2020-09-09,-0.04131921678771104
1,2020-09-10,-0.01822427200708324
1,2020-09-11,0.004623816627633771
1,2020-09-12,-0.03719403713548677
1,2020-09-13,-0.06281675530191146
1,2020-09-14,-0.081125890626855
1,2020-09-15,-0.1543868776484641
1,2020-09-16,-0.16982480267329936
1,2020-09-17,-0.14550312530887882
1,2020-09-18,-0.1741746661685775
1,2020-09-19,-0.16507443276326886
1,2020-09-20,-0.09114504932536371
1,2020-09-21,-0.18856080243040668
1,2020-09-22,-0.32664476413159815
1,2020-09-23,-0.32696840997924237
1,2020-09-24,-0.2554344371654967
1,2020-09-25,-0.1853907700535832
1,2020-09-26,-0.16943977762996001
1,2020-09-27,-0.2946789130094008
1,2020-09-28,-0.3441054013764051
1,2020-09-29,-0.24417313419113662
1,2020-09-30,-0.22607714250125102
1,2020-10-01,-0.29132632446001105
1,2020-10-02,-0.31846388117569824
1,2020-10-03,-0.309340929301823
1,2020-10-04,-0.2853410072120164
1,2020-10-05,-0.29313684490605035
1,2020-10-06,-0.35080653982484017
1,2020-10-07,-0.37705161009310595
1,2020-10-08,-0.361575182321394
1,2020-10-09,-0.4099792037096226
1,2020-10-10,-0.437354834212445
1,2020-10-11,-0.38347750836947536
1,2020-10-12,-0.36624425495687585
1,2020-10-13,-0.39369718781682095
1,2020-10-14,-0.4186185000703436
1,2020-10-15,-0.4345578836818159
1,2020-10-16,-0.40484752503153293
1,2020-10-17,-0.37815340791822877
1,2020-10-18,-0.4047082442218039
1,2020-10-19,-0.42230286956490953
1,2020-10-20,-0.42610383744611785
1,2020-10-21,-0.4353994484464223
1,2020-10-22,-0.4106288337384126
1,2020-10-23,-0.3873538587663617
1,2020-10-24,-0.41201970241841646
1,2020-10-25,-0.43838450672030627
1,2020-10-26,-0.43850362290659073
1,2020-10-27,-0.4339655977442751
1,2020-10-28,-0.4186464482833215
1,2020-10-29,-0.4084048897782937
1,2020-10-30,-0.4287884579892617
1,2020-10-31,-0.42182126589955865
1,2020-11-01,-0.39615621329082695
1,2020-11-02,-0.4061938436190168
1,2020-11-03,-0.41166875622553484
1,2020-11-04,-0.38021839703788207
1,2020-11-05,-0.3373639968331431
1,2020-11-06,-0.3571686361275819
1,2020-11-07,-0.3727164545789677
1,2020-11-08,-0.3329307285259194
1,2020-11-09,-0.29932237196373995
1,2020-11-10,-0.29876130561976405
1,2020-11-11,-0.3045884091588047
1,2020-11-12,-0.3164214797135381
1,2020-11-13,-0.325309586648451
1,2020-11-14,-0.3191118183214975
1,2020-11-15,-0.3157305442762151
1,2020-11-16,-0.3118681906212092
1,2020-11-17,-0.3125333587935109
1,2020-11-18,-0.33408490753753306
1,2020-11-19,-0.3412432149129046
1,2020-11-20,-0.33652945882151325
1,2020-11-21,-0.34204721226180296
1,2020-11-22,-0.354128331336763
1,2020-11-23,-0.3494649488664695
1,2020-11-24,-0.355435602136319
1,2020-11-25,-0.367741113293844
1,2020-11-26,-0.37466780486532686
1,2020-11-27,-0.36232834300818495
1,2020-11-28,-0.3405842923030788
1,2020-11-29,-0.3305218342332132
1,2020-11-30,-0.31525881419276897
1,2020-12-01,-0.32178832411254993
1,2020-12-02,-0.3547367744443144
1,2020-12-03,-0.3453242260709659
1,2020-12-04,-0.3302283553166165
1,2020-12-05,-0.35638457383813443
1,2020-12-06,-0.37232087133797287
1,2020-12-07,-0.35710423138561237
1,2020-12-08,-0.3513931575256375
1,2020-12-09,-0.34946667457134745
1,2020-12-10,-0.3572838759693298
1,2020-12-11,-0.38585829194988047
1,2020-12-12,-0.3782181957137527
1,2020-12-13,-0.344345168852997
1,2020-12-14,-0.36849097090606064
1,2020-12-15,-0.3475489918558115
1,2020-12-16,-0.3118270228521515
1,2020-12-17,-0.33380257075170916
1,2020-12-18,-0.34397515981338017
1,2020-12-19,-0.33964591639178077
1,2020-12-20,-0.3435373548477361
1,2020-12-21,-0.3541524180861077
1,2020-12-22,-0.37167561530941307
1,2020-12-23,-0.3567384149169291
1,2020-12-24,-0.3079548638714797
1,2020-12-25,-0.30908930204763746
1,2020-12-26,-0.34345781651293034
1,2020-12-27,-0.3081002941518259
1,2020-12-28,-0.2920096032645708
1,2020-12-29,-0.3381788611373095
1,2020-12-30,-0.3444959290557376
1,2020-12-31,-0.3444837653166266
1,2021-01-01,-0.3448864308313629
1,2021-01-02,-0.3229693927717189
1,2021-01-03,-0.301617591863039
1,2021-01-04,-0.31220999164765006
1,2021-01-05,-0.3187719393529892
1,2021-01-06,-0.3009244705582352
1,2021-01-07,-0.29003887184414423
1,2021-01-08,-0.3145881362051446
1,2021-01-09,-0.3069001780079576
1,2021-01-10,-0.26992099322621893
1,2021-01-11,-0.2705792037142618
1,2021-01-12,-0.3282220584288202
1,2021-01-13,-0.3384638785848678
1,2021-01-14,-0.31185902287759854
1,2021-01-15,NA
1,2021-01-16,NA
1,2021-01-17,NA
1,2021-01-18,NA
1,2021-01-19,NA
1,2021-01-20,NA
1,2021-01-21,NA
1,2021-01-22,NA
1,2021-01-23,NA
1,2021-01-24,NA
1,2021-01-25,NA
1,2021-01-26,NA
1,2021-01-27,NA
1,2021-01-28,NA
1,2021-01-29,NA
1,2021-01-30,NA
1,2021-01-31,NA
1,2021-02-01,NA
1,2021-02-02,NA
1,2021-02-03,NA
1,2021-02-04,NA
1,2021-02-05,NA
1,2021-02-06,NA
1,2021-02-07,NA
1,2021-02-08,NA
1,2021-02-09,NA
1,2021-02-10,NA
1,2021-02-11,NA
1,2021-02-12,NA
1,2021-02-13,NA
1,2021-02-14,NA
1,2021-02-15,NA
1,2021-02-16,NA
1,2021-02-17,NA
1,2021-02-18,NA
1,2021-02-19,NA
1,2021-02-20,NA
1,2021-02-21,NA
1,2021-02-22,NA
1,2021-02-23,NA
1,2021-02-24,NA
1,2021-02-25,NA
1,2021-02-26,NA
1,2021-02-27,NA
1,2021-02-28,NA
1,2021-03-01,NA
1,2021-03-02,NA
1,2021-03-03,NA
1,2021-03-04,NA
1,2021-03-05,NA
1,2021-03-06,NA
1,2021-03-07,NA
1,2021-03-08,NA
1,2021-03-09,NA
1,2021-03-10,NA
1,2021-03-11,NA
1,2021-03-12,NA
1,2021-03-13,NA
1,2021-03-14,NA
1,2021-03-15,NA
1,2021-03-16,NA
1,2021-03-17,NA
1,2021-03-18,NA
1,2021-03-19,NA
1,2021-03-20,NA
1,2021-03-21,NA
1,2021-03-22,NA
1,2021-03-23,NA
1,2021-03-24,NA
1,2021-03-25,NA
1,2021-03-26,NA
1,2021-03-27,NA
1,2021-03-28,NA
1,2021-03-29,NA
1,2021-03-30,NA
1,2021-03-31,NA
1,2021-04-01,NA
1,2021-04-02,NA
1,2021-04-03,NA
1,2021-04-04,NA
1,2021-04-05,NA
1,2021-04-06,NA
1,2021-04-07,NA
1,2021-04-08,NA
1,2021-04-09,NA
1,2021-04-10,NA
1,2021-04-11,NA
1,2021-04-12,NA
1,2021-04-13,NA
1,2021-04-14,NA
1,2021-04-15,NA
1,2021-04-16,NA
1,2021-04-17,NA
1,2021-04-18,NA
1,2021-04-19,NA
1,2021-04-20,NA
1,2021-04-21,NA
1,2021-04-22,NA
1,2021-04-23,NA
1,2021-04-24,NA
1,2021-04-25,NA
1,2021-04-26,NA
1,2021-04-27,NA
1,2021-04-28,NA
1,2021-04-29,NA
1,2021-04-30,NA
1,2021-05-01,NA
1,2021-05-02,NA
1,2021-05-03,NA
1,2021-05-04,NA
1,2021-05-05,NA
1,2021-05-06,NA
1,2021-05-07,NA
1,2021-05-08,NA
1,2021-05-09,NA
1,2021-05-10,NA
1,2021-05-11,NA
1,2021-05-12,NA
1,2021-05-13,NA
1,2021-05-14,NA
1,2021-05-15,NA
1,2021-05-16,NA
1,2021-05-17,NA
1,2021-05-18,NA
1,2021-05-19,NA
1,2021-05-20,NA
1,2021-05-21,NA
1,2021-05-22,NA
1,2021-05-23,NA
1,2021-05-24,NA
1,2021-05-25,NA
1,2021-05-26,NA
1,2021-05-27,NA
1,2021-05-28,NA
1,2021-05-29,NA
1,2021-05-30,NA
1,2021-05-31,NA
1,2021-06-01,NA
1,2021-06-02,NA
1,2021-06-03,NA
1,2021-06-04,NA
1,2021-06-05,NA
1,2021-06-06,NA
1,2021-06-07,NA
1,2021-06-08,NA
1,2021-06-09,NA
1,2021-06-10,NA
1,2021-06-11,NA
1,2021-06-12,NA
1,2021-06-13,NA
1,2021-06-14,NA
1,2021-06-15,NA
1,2021-06-16,NA
1,2021-06-17,NA
1,2021-06-18,NA
1,2021-06-19,NA
1,2021-06-20,NA
1,2021-06-21,NA
1,2021-06-22,NA
1,2021-06-23,NA
1,2021-06-24,NA
1,2021-06-25,NA
1,2021-06-26,NA
1,2021-06-27,NA
1,2021-06-28,NA
1,2021-06-29,NA
1,2021-06-30,NA
1,2021-07-01,NA
1,2021-07-02,NA
1,2021-07-03,NA
1,2021-07-04,NA
1,2021-07-05,NA
1,2021-07-06,NA
1,2021-07-07,NA
1,2021-07-08,NA
1,2021-07-09,NA
1,2021-07-10,NA
1,2021-07-11,NA
1,2021-07-12,NA
1,2021-07-13,NA
1,2021-07-14,NA
1,2021-07-15,NA
1,2021-07-16,NA
1,2021-07-17,NA
1,2021-07-18,NA
1,2021-07-19,NA
1,2021-07-20,NA
1,2021-07-21,NA
1,2021-07-22,NA
1,2021-07-23,NA
1,2021-07-24,NA
1,2021-07-25,NA
1,2021-07-26,NA
1,2021-07-27,NA
1,2021-07-28,NA
1,2021-07-29,NA
1,2021-07-30,NA
1,2021-07-31,NA
1,2021-08-01,NA
1,2021-08-02,NA
1,2021-08-03,NA
1,2021-08-04,NA
1,2021-08-05,NA
1,2021-08-06,NA
1,2021-08-07,NA
1,2021-08-08,NA
1,2021-08-09,NA
1,2021-08-10,NA
1,2021-08-11,NA
1,2021-08-12,NA
1,2021-08-13,NA
1,2021-08-14,NA
1,2021-08-15,NA
1,2021-08-16,NA
1,2021-08-17,NA
1,2021-08-18,NA
1,2021-08-19,NA
1,2021-08-20,NA
1,2021-08-21,NA
1,2021-08-22,NA
1,2021-08-23,NA
1,2021-08-24,NA
1,2021-08-25,NA
1,2021-08-26,NA
1,2021-08-27,NA
1,2021-08-28,NA
1,2021-08-29,NA
1,2021-08-30,NA
1,2021-08-31,NA
1,2021-09-01,NA
1,2021-09-02,NA
1,2021-09-03,NA
1,2021-09-04,NA
1,2021-09-05,NA
1,2021-09-06,NA
1,2021-09-07,NA
1,2021-09-08,NA
1,2021-09-09,NA
1,2021-09-10,NA
1,2021-09-11,NA
1,2021-09-12,NA
1,2021-09-13,NA
1,2021-09-14,NA
1,2021-09-15,NA
1,2021-09-16,NA
1,2021-09-17,NA
1,2021-09-18,NA
1,2021-09-19,NA
1,2021-09-20,NA
1,2021-09-21,NA
1,2021-09-22,NA
1,2021-09-23,NA
1,2021-09-24,NA
1,2021-09-25,NA
1,2021-09-26,NA
1,2021-09-27,NA
1,2021-09-28,NA
1,2021-09-29,NA
1,2021-09-30,NA
1,2021-10-01,NA
1,2021-10-02,NA
1,2021-10-03,NA
1,2021-10-04,NA
1,2021-10-05,NA
1,2021-10-06,NA
1,2021-10-07,NA
1,2021-10-08,NA
1,2021-10-09,NA
1,2021-10-10,NA
1,2021-10-11,NA
1,2021-10-12,NA
1,2021-10-13,NA
1,2021-10-14,NA
1,2021-10-15,NA
1,2021-10-16,NA
1,2021-10-17,NA
1,2021-10-18,NA
1,2021-10-19,NA
1,2021-10-20,NA
1,2021-10-21,NA
1,2021-10-22,NA
1,2021-10-23,NA
1,2021-10-24,NA
1,2021-10-25,NA
1,2021-10-26,NA
1,2021-10-27,NA
1,2021-10-28,NA
1,2021-10-29,NA
1,2021-10-30,NA
1,2021-10-31,NA
1,2021-11-01,NA
1,2021-11-02,NA
1,2021-11-03,NA
1,2021-11-04,NA
1,2021-11-05,NA
1,2021-11-06,NA
1,2021-11-07,NA
1,2021-11-08,NA
1,2021-11-09,NA
1,2021-11-10,NA
1,2021-11-11,NA
1,2021-11-12,NA
1,2021-11-13,NA
1,2021-11-14,NA
1,2021-11-15,NA
1,2021-11-16,NA
1,2021-11-17,NA
1,2021-11-18,NA
1,2021-11-19,NA
1,2021-11-20,NA
1,2021-11-21,NA
1,2021-11-22,NA
1,2021-11-23,NA
1,2021-11-24,NA
1,2021-11-25,NA
1,2021-11-26,NA
1,2021-11-27,NA
1,2021-11-28,NA
1,2021-11-29,NA
1,2021-11-30,NA
1,2021-12-01,NA
1,2021-12-02,NA
1,2021-12-03,NA
1,2021-12-04,NA
1,2021-12-05,NA
1,2021-12-06,NA
1,2021-12-07,NA
1,2021-12-08,NA
1,2021-12-09,NA
1,2021-12-10,NA
1,2021-12-11,NA
1,2021-12-12,NA
1,2021-12-13,NA
1,2021-12-14,NA
1,2021-12-15,NA
1,2021-12-16,NA
1,2021-12-17,NA
1,2021-12-18,NA
1,2021-12-19,NA
1,2021-12-20,NA
1,2021-12-21,NA
1,2021-12-22,NA
1,2021-12-23,NA
1,2021-12-24,NA
1,2021-12-25,NA
1,2021-12-26,NA
1,2021-12-27,NA
1,2021-12-28,NA
1,2021-12-29,NA
1,2021-12-30,NA
1,2021-12-31,NA
1,2022-01-01,NA
1,2022-01-02,NA
1,2022-01-03,NA
1,2022-01-04,NA
1,2022-01-05,NA
1,2022-01-06,NA
1,2022-01-07,NA
1,2022-01-08,NA
1,2022-01-09,NA
1,2022-01-10,NA
1,2022-01-11,NA
1,2022-01-12,NA
1,2022-01-13,NA
1,2022-01-14,NA
1,2022-01-15,NA
1,2022-01-16,NA
1,2022-01-17,NA
1,2022-01-18,NA
1,2022-01-19,NA
