site,date,value
1,2011-01-01,0.02545277361484154
1,2011-01-02,0.02868214238414592
1,2011-01-03,0.03156310344942275
1,2011-01-04,0.028832363669452944
1,2011-01-05,0.026203288173780565
1,2011-01-06,0.02727334660165678
1,2011-01-07,0.031240206716453313
1,2011-01-08,0.029549300688151495
1,2011-01-09,0.031771729983978154
1,2011-01-10,0.029182061386655758
1,2011-01-11,0.028775737049308633
1,2011-01-12,0.02837700809352085
1,2011-01-13,0.0261405377325326
1,2011-01-14,0.026898401625648813
1,2011-01-15,0.027308140990963
1,2011-01-16,0.03074359770276689
1,2011-01-17,0.027475115009457145
1,2011-01-18,0.029040139050359785
1,2011-01-19,0.031160605796719747
1,2011-01-20,0.027314813194193394
1,2011-01-21,0.02695899802308079
1,2011-01-22,0.0263320638170574
1,2011-01-23,0.03181562689116803
1,2011-01-24,0.03261789768038952
1,2011-01-25,0.029552832682748192
1,2011-01-26,0.03177386194274692
1,2011-01-27,0.02922008958014678
1,2011-01-28,0.029232668378546805
1,2011-01-29,0.03258768550917574
1,2011-01-30,0.032576026197348354
1,2011-01-31,0.029171171155213605
1,2011-02-01,0.028484917219118663
1,2011-02-02,0.026287220107753643
1,2011-02-03,0.028875193496500546
1,2011-02-04,0.031136492335854908
1,2011-02-05,0.02730415267565224
1,2011-02-06,0.02619489465366251
1,2011-02-07,0.02842704742062936
1,2011-02-08,0.029152365020340687
1,2011-02-09,0.03121620990764176
1,2011-02-10,0.02733676841396171
1,2011-02-11,0.026985812163563546
1,2011-02-12,0.02693117397349109
1,2011-02-13,0.026864718785671652
1,2011-02-14,0.026159547254602726
1,2011-02-15,0.02842635406177925
1,2011-02-16,0.0291636412889678
1,2011-02-17,0.031210415109096747
1,2011-02-18,0.0273490716216891
1,2011-02-19,0.02715573962785361
1,2011-02-20,0.028962977574639177
1,2011-02-21,0.03172978203201291
1,2011-02-22,0.029550664387718917
1,2011-02-23,0.03132994633656042
1,2011-02-24,0.027457881406199126
1,2011-02-25,0.02861008056180969
1,2011-02-26,0.028614533325784473
1,2011-02-27,0.02746996496694407
1,2011-02-28,0.03215959571054861
1,2011-03-01,0.03339466619072251
1,2011-03-02,0.03266604278249134
1,2011-03-03,0.02957631355974273
1,2011-03-04,0.031794482610098755
1,2011-03-05,0.029193939334843384
1,2011-03-06,0.02887608573404614
1,2011-03-07,0.029190156045171202
1,2011-03-08,0.03178095586319713
1,2011-03-09,0.029560137507290737
1,2011-03-10,0.03145576188241169
1,2011-03-11,0.027670295896749308
1,2011-03-12,0.03134302252081988
1,2011-03-13,0.02899646971179507
1,2011-03-14,0.02725786196707596
1,2011-03-15,0.02898110388317763
1,2011-03-16,0.03162604133409457
1,2011-03-17,0.028987165989598187
1,2011-03-18,0.02723305774696114
1,2011-03-19,0.028395188818391124
1,2011-03-20,0.02745721721728728
1,2011-03-21,0.0313548022659475
1,2011-03-22,0.029545771199623597
1,2011-03-23,0.03126149176776053
1,2011-03-24,0.02734591249194077
1,2011-03-25,0.027115765880264986
1,2011-03-26,0.0282940689760609
1,2011-03-27,0.027187249989431367
1,2011-03-28,0.028388896075914355
1,2011-03-29,0.027443949986117617
1,2011-03-30,0.030826002398179866
1,2011-03-31,0.027459088062029503
1,2011-04-01,0.028378771159031826
1,2011-04-02,0.02714124500942523
1,2011-04-03,0.027371883642779458
1,2011-04-04,0.03121255363188352
1,2011-04-05,0.02910896895149614
1,2011-04-06,0.027498545517897165
1,2011-04-07,0.030769095984562716
1,2011-04-08,0.027356285538584955
1,2011-04-09,0.027030563893040954
1,2011-04-10,0.027087364880111434
1,2011-04-11,0.028331082991551165
1,2011-04-12,0.02725432400827387
1,2011-04-13,0.02903650632061554
1,2011-04-14,0.031732423623960934
1,2011-04-15,0.029249960964150366
1,2011-04-16,0.028570891212238488
1,2011-04-17,0.026330119400603452
1,2011-04-18,0.0285119211353259
1,2011-04-19,0.0288772369334817
1,2011-04-20,0.029282958064627735
1,2011-04-21,0.0312758424395685
1,2011-04-22,0.027425681381880333
1,2011-04-23,0.02705626182897419
1,2011-04-24,0.027030735351718765
1,2011-04-25,0.027198724281346846
1,2011-04-26,0.02861854325685854
1,2011-04-27,0.028617621170221864
1,2011-04-28,0.027276261604733527
1,2011-04-29,0.02860382446340678
1,2011-04-30,0.02879170288514057
1,2011-05-01,0.028796495157352775
1,2011-05-02,0.028600595788141062
1,2011-05-03,0.027282848089473618
1,2011-05-04,0.02867218834156336
1,2011-05-05,0.02924172629629999
1,2011-05-06,0.0313292577420871
1,2011-05-07,0.027479299182280766
1,2011-05-08,0.02844288770462083
1,2011-05-09,0.02723032566165856
1,2011-05-10,0.028338380710132973
1,2011-05-11,0.027163755891062635
1,2011-05-12,0.02737463608017415
1,2011-05-13,0.03122632715283852
1,2011-05-14,0.029232904733196285
1,2011-05-15,0.028865113390143794
1,2011-05-16,0.028794344059889673
1,2011-05-17,0.028540162099585976
1,2011-05-18,0.027068408702542134
1,2011-05-19,0.026813799508392255
1,2011-05-20,0.025517734760924147
1,2011-05-21,0.028058163973497887
1,2011-05-22,0.027228409053938234
1,2011-05-23,0.02901483201630226
1,2011-05-24,0.031388586055815244
1,2011-05-25,0.027697168994493544
1,2011-05-26,0.03226864536569806
1,2011-05-27,0.032295186001259635
1,2011-05-28,0.027694786414431904
1,2011-05-29,0.031404853930640915
1,2011-05-30,0.029223693782194825
1,2011-05-31,0.02885428778911116
1,2011-06-01,0.028863961452329834
1,2011-06-02,0.02924655033347365
1,2011-06-03,0.031752160347256954
1,2011-06-04,0.02919552422411394
1,2011-06-05,0.02861931313816369
1,2011-06-06,0.027092758580317813
1,2011-06-07,0.026227591753436193
1,2011-06-08,0.02890162531194239
1,2011-06-09,0.03175006453075816
1,2011-06-10,0.029283141522523592
1,2011-06-11,0.028933850702543663
1,2011-06-12,0.028872090347699678
1,2011-06-13,0.028628066089994634
1,2011-06-14,0.027304896771445996
1,2011-06-15,0.029055231874015985
1,2011-06-16,0.031836036394700416
1,2011-06-17,0.029620720720092905
1,2011-06-18,0.031384265163166246
1,2011-06-19,0.027489559640240236
1,2011-06-20,0.028652552345711624
1,2011-06-21,0.02880186957523855
1,2011-06-22,0.028863204108600604
1,2011-06-23,0.02923733844986551
1,2011-06-24,0.031734625916591784
1,2011-06-25,0.029062404080096835
1,2011-06-26,0.027321482649042706
1,2011-06-27,0.028627972235256597
1,2011-06-28,0.028515347443374882
1,2011-06-29,0.02636121280276103
1,2011-06-30,0.02897154868289192
1,2011-07-01,0.03181523719663835
1,2011-07-02,0.029643852393612283
1,2011-07-03,0.03140494800795755
1,2011-07-04,0.027520686684199366
1,2011-07-05,0.028671043446384357
1,2011-07-06,0.02860803641763954
1,2011-07-07,0.027301790391260378
1,2011-07-08,0.02871278772562197
1,2011-07-09,0.0292655528115389
1,2011-07-10,0.031772915697486435
1,2011-07-11,0.02917796829330611
1,2011-07-12,0.027616118479786567
1,2011-07-13,0.03225934546605448
1,2011-07-14,0.03224837839983436
1,2011-07-15,0.02752874973116424
1,2011-07-16,0.028726621956926882
1,2011-07-17,0.028746251543758778
1,2011-07-18,0.027608456281402453
1,2011-07-19,0.03045187989285568
1,2011-07-20,0.025852039331992625
1,2011-07-21,0.028640425559870595
1,2011-07-22,0.028929355822296488
1,2011-07-23,0.028960901526463113
1,2011-07-24,0.028970534115006368
1,2011-07-25,0.029281624815364084
1,2011-07-26,0.031806416897439516
1,2011-07-27,0.02926658470146832
1,2011-07-28,0.028832337322326932
1,2011-07-29,0.02760788008818236
1,2011-07-30,0.03141531892727313
1,2011-07-31,0.029354186432855374
1,2011-08-01,0.02943161757082102
1,2011-08-02,0.031884167864548826
1,2011-08-03,0.029281664716266417
1,2011-08-04,0.02864067734117884
1,2011-08-05,0.02721680845863078
1,2011-08-06,0.027205061599173148
1,2011-08-07,0.028585272115619138
1,2011-08-08,0.028616852806454117
1,2011-08-09,0.02730635061626081
1,2011-08-10,0.02832418021444091
1,2011-08-11,0.026348566442462144
1,2011-08-12,0.028267174012154055
1,2011-08-13,0.02726238314260408
1,2011-08-14,0.028577512913480818
1,2011-08-15,0.02858258942421589
1,2011-08-16,0.027149019450705976
1,2011-08-17,0.02700015926047843
1,2011-08-18,0.026924160442795567
1,2011-08-19,0.02620890281949225
1,2011-08-20,0.0282844246692144
1,2011-08-21,0.02751376547579851
1,2011-08-22,0.03082805561440537
1,2011-08-23,0.02741897718769867
1,2011-08-24,0.027229911067645562
1,2011-08-25,0.029046909481501963
1,2011-08-26,0.03262687460399885
1,2011-08-27,0.03345585515317284
1,2011-08-28,0.03261413140066324
1,2011-08-29,0.029022555229721
1,2011-08-30,0.027135963130299864
1,2011-08-31,0.026982016295565896
1,2011-09-01,0.026963864389777686
1,2011-09-02,0.026951817410633856
1,2011-09-03,0.026974029440266303
1,2011-09-04,0.02712084033658403
1,2011-09-05,0.02855386149676943
1,2011-09-06,0.02866011488907339
1,2011-09-07,0.02748922787093779
1,2011-09-08,0.03129278621768061
1,2011-09-09,0.029207295999266115
1,2011-09-10,0.028593167815233956
1,2011-09-11,0.027081622560258933
1,2011-09-12,0.02695792765450964
1,2011-09-13,0.026994139454160442
1,2011-09-14,0.02735849791994309
1,2011-09-15,0.031146088493448888
1,2011-09-16,0.02872323218677764
1,2011-09-17,0.02553908252102985
1,2011-09-18,0.02628254103084375
1,2011-09-19,0.030919517824815137
1,2011-09-20,0.029592054693481768
1,2011-09-21,0.03139210692832756
1,2011-09-22,0.027507997543593527
1,2011-09-23,0.028458866932530514
1,2011-09-24,0.0272323202455793
1,2011-09-25,0.028383512532601553
1,2011-09-26,0.027286729807535402
1,2011-09-27,0.028637893020048003
1,2011-09-28,0.028583150114464766
1,2011-09-29,0.027271018024803858
1,2011-09-30,0.02861722218467063
1,2011-10-01,0.028602018568672855
1,2011-10-02,0.027289030018600405
1,2011-10-03,0.02861027518724764
1,2011-10-04,0.028802526391213723
1,2011-10-05,0.028812199249180773
1,2011-10-06,0.028588187044023543
1,2011-10-07,0.027185184914791685
1,2011-10-08,0.027437147247748605
1,2011-10-09,0.03127420211779999
1,2011-10-10,0.028927008085537314
1,2011-10-11,0.026343736331074008
1,2011-10-12,0.028964884962094425
1,2011-10-13,0.031283312208096686
1,2011-10-14,0.02750044399197083
1,2011-10-15,0.028437212334069838
1,2011-10-16,0.027271351485604313
1,2011-10-17,0.029037936446958873
1,2011-10-18,0.031702172063947744
1,2011-10-19,0.0289401250411681
1,2011-10-20,0.026315229020969673
1,2011-10-21,0.028477038642839448
1,2011-10-22,0.02858889435387818
1,2011-10-23,0.027273748348752947
1,2011-10-24,0.028604515852014272
1,2011-10-25,0.028793274320119765
1,2011-10-26,0.02863061175400117
1,2011-10-27,0.02725756752290388
1,2011-10-28,0.028164387075321717
1,2011-10-29,0.02613918368926243
1,2011-10-30,0.02613835252617862
1,2011-10-31,0.028129759772251614
1,2011-11-01,0.027123978215101804
1,2011-11-02,0.027110425373842274
1,2011-11-03,0.028541605019350425
1,2011-11-04,0.028566525742181038
1,2011-11-05,0.027251891559293896
1,2011-11-06,0.028580108139954537
1,2011-11-07,0.028637300079213026
1,2011-11-08,0.027498616260613885
1,2011-11-09,0.03216210147710443
1,2011-11-10,0.03214950402820022
1,2011-11-11,0.027510067128464016
1,2011-11-12,0.02907432250061669
1,2011-11-13,0.03255661811791838
1,2011-11-14,0.03219329964299019
1,2011-11-15,0.027537781479443732
1,2011-11-16,0.029060415317731618
1,2011-11-17,0.031209744292532673
1,2011-11-18,0.027419787275496498
1,2011-11-19,0.027398202178036266
1,2011-11-20,0.030730205323095408
1,2011-11-21,0.02735163310509882
1,2011-11-22,0.02696058052883491
1,2011-11-23,0.025663189122103695
1,2011-11-24,0.030291212121202952
1,2011-11-25,0.02748553429141406
1,2011-11-26,0.02842911167890719
1,2011-11-27,0.027149482609867725
1,2011-11-28,0.027356372978629792
1,2011-11-29,0.03129454934053566
1,2011-11-30,0.029591130159294293
1,2011-12-01,0.03176731415620712
1,2011-12-02,0.02900857405212307
1,2011-12-03,0.027286807618925164
1,2011-12-04,0.029016561065406534
1,2011-12-05,0.03254552977099025
1,2011-12-06,0.032575588218115424
1,2011-12-07,0.029193230826098076
1,2011-12-08,0.028671905448281413
1,2011-12-09,0.027446976266391084
1,2011-12-10,0.03132427070762814
1,2011-12-11,0.02954446124291485
1,2011-12-12,0.03176719661444649
1,2011-12-13,0.029144390140048573
1,2011-12-14,0.028450578942336602
1,2011-12-15,0.02623224164898587
1,2011-12-16,0.028385427759736497
1,2011-12-17,0.028342050806614623
1,2011-12-18,0.02615050555769229
1,2011-12-19,0.02698508513214526
1,2011-12-20,0.02823893153478451
1,2011-12-21,0.027044432290492124
1,2011-12-22,0.02691715363078172
1,2011-12-23,0.026896917229577978
1,2011-12-24,0.026916149088558834
1,2011-12-25,0.02705275415880415
1,2011-12-26,0.028241689008189328
1,2011-12-27,0.02698309803519708
1,2011-12-28,0.02614855589039913
1,2011-12-29,0.028072783508212743
1,2011-12-30,0.026859338643231652
1,2011-12-31,0.02537627374552366
1,2012-01-01,0.025439724439123252
1,2012-01-02,0.028666665062717825
1,2012-01-03,0.03154778728158779
1,2012-01-04,0.028816476603511762
1,2012-01-05,0.026186312594459762
1,2012-01-06,0.027264172100938223
1,2012-01-07,0.031228926233612328
1,2012-01-08,0.02953882108720049
1,2012-01-09,0.031758171166581285
1,2012-01-10,0.029173452636467402
1,2012-01-11,0.028772434969834268
1,2012-01-12,0.02836902721806322
1,2012-01-13,0.026134779620348703
1,2012-01-14,0.026888442327894464
1,2012-01-15,0.027293499224655966
1,2012-01-16,0.030733657072361604
1,2012-01-17,0.027464633744359722
1,2012-01-18,0.02903774319011971
1,2012-01-19,0.031158744694134693
1,2012-01-20,0.02730082685183786
1,2012-01-21,0.02692740690083549
1,2012-01-22,0.026305293241021138
1,2012-01-23,0.03179095748782596
1,2012-01-24,0.032617679297059624
1,2012-01-25,0.029554477089753103
1,2012-01-26,0.031763114237738546
1,2012-01-27,0.02920424342447054
1,2012-01-28,0.02921092694780238
1,2012-01-29,0.03255729533268452
1,2012-01-30,0.03256292344304353
1,2012-01-31,0.029159621082766606
1,2012-02-01,0.028450048371218246
1,2012-02-02,0.026247212891740156
1,2012-02-03,0.02884707722949317
1,2012-02-04,0.03109160732970278
1,2012-02-05,0.02725688683158909
1,2012-02-06,0.02617096279595218
1,2012-02-07,0.028421687232596193
1,2012-02-08,0.02915458872800541
1,2012-02-09,0.03120447019241636
1,2012-02-10,0.027319295203266883
1,2012-02-11,0.026948703748443947
1,2012-02-12,0.026890472868164015
1,2012-02-13,0.02683390899567336
1,2012-02-14,0.02613939094134412
1,2012-02-15,0.02840188289332148
1,2012-02-16,0.0291344921650076
1,2012-02-17,0.031185688458450007
1,2012-02-18,0.0273278596280057
1,2012-02-19,0.027134796892927197
1,2012-02-20,0.028952694473399765
1,2012-02-21,0.03173113204734732
1,2012-02-22,0.029549242982136726
1,2012-02-23,0.03132524834210252
1,2012-02-24,0.027442102846695696
1,2012-02-25,0.028595576464508728
1,2012-02-26,0.02860148957131108
1,2012-02-27,0.02744694973125397
1,2012-02-28,0.03213633080925237
1,2012-02-29,0.03336772024981153
1,2012-03-01,0.032638305099228056
1,2012-03-02,0.02955057009056545
1,2012-03-03,0.03177014685482406
1,2012-03-04,0.029178236505505203
1,2012-03-05,0.028846172944101245
1,2012-03-06,0.029172828086798195
1,2012-03-07,0.03176199656073195
1,2012-03-08,0.029535769545526953
1,2012-03-09,0.031432485892315315
1,2012-03-10,0.02764737058064674
1,2012-03-11,0.03132832209756721
1,2012-03-12,0.028971438280281203
1,2012-03-13,0.02724375136560529
1,2012-03-14,0.028976563002839163
1,2012-03-15,0.03162696697025813
1,2012-03-16,0.02897466788036259
1,2012-03-17,0.027213016193884918
1,2012-03-18,0.028381074946410706
1,2012-03-19,0.027433884524517074
1,2012-03-20,0.03132725065019706
1,2012-03-21,0.029531441328774635
1,2012-03-22,0.031247291878972187
1,2012-03-23,0.02732567017699358
1,2012-03-24,0.027099585956442164
1,2012-03-25,0.028287162381977725
1,2012-03-26,0.027184454869233668
1,2012-03-27,0.02837741155132828
1,2012-03-28,0.027424614913080625
1,2012-03-29,0.030796335974797633
1,2012-03-30,0.027428419689113328
1,2012-03-31,0.02834819744147788
1,2012-04-01,0.02709937866940914
1,2012-04-02,0.027323963087426382
1,2012-04-03,0.031161472762771595
1,2012-04-04,0.029039819013155
1,2012-04-05,0.02746927978757591
1,2012-04-06,0.03074897651686218
1,2012-04-07,0.02731718962968357
1,2012-04-08,0.026987419556094856
1,2012-04-09,0.027055105701646723
1,2012-04-10,0.028288303870710303
1,2012-04-11,0.02721829564884911
1,2012-04-12,0.028983890717774654
1,2012-04-13,0.03166848643845775
1,2012-04-14,0.029155435394184533
1,2012-04-15,0.028467262829726492
1,2012-04-16,0.02623905070250367
1,2012-04-17,0.028421815831430604
1,2012-04-18,0.028772536039200394
1,2012-04-19,0.02917180498359094
1,2012-04-20,0.031201535558722834
1,2012-04-21,0.027323081481701716
1,2012-04-22,0.026964000633463672
1,2012-04-23,0.02693198559100142
1,2012-04-24,0.0270652113844519
1,2012-04-25,0.02849378334044104
1,2012-04-26,0.028527990794776133
1,2012-04-27,0.02721024709357745
1,2012-04-28,0.028557069238716114
1,2012-04-29,0.028790972205670617
1,2012-04-30,0.02879130893504511
1,2012-05-01,0.028575983971469574
1,2012-05-02,0.027221825910118912
1,2012-05-03,0.028628911910580333
1,2012-05-04,0.029208192325797192
1,2012-05-05,0.03132187773286382
1,2012-05-06,0.02747339906863493
1,2012-05-07,0.028428780150477527
1,2012-05-08,0.027230361633670642
1,2012-05-09,0.0283306163981123
1,2012-05-10,0.027117660549281174
1,2012-05-11,0.027386250747958016
1,2012-05-12,0.031248169083799435
1,2012-05-13,0.02924958840273718
1,2012-05-14,0.028892066110001002
1,2012-05-15,0.02883567752853696
1,2012-05-16,0.02857462343619222
1,2012-05-17,0.027103265472203025
1,2012-05-18,0.026882816927724016
1,2012-05-19,0.025561802785245162
1,2012-05-20,0.028081920652983348
1,2012-05-21,0.027302177190018692
1,2012-05-22,0.029045779684827015
1,2012-05-23,0.031459437019565974
1,2012-05-24,0.02776865641550583
1,2012-05-25,0.03235065655453414
1,2012-05-26,0.032383736956800926
1,2012-05-27,0.027725848119720047
1,2012-05-28,0.031495340866990316
1,2012-05-29,0.029350655124091893
1,2012-05-30,0.028937479501757634
1,2012-05-31,0.02890467305191024
1,2012-06-01,0.029271071715965075
1,2012-06-02,0.03181015627964662
1,2012-06-03,0.029291087376559624
1,2012-06-04,0.028562786224782175
1,2012-06-05,0.027019729983840255
1,2012-06-06,0.026219939880753627
1,2012-06-07,0.028917893650408862
1,2012-06-08,0.031743417237695484
1,2012-06-09,0.0292309262510583
1,2012-06-10,0.028872688428347754
1,2012-06-11,0.028840391107965317
1,2012-06-12,0.028646783165697205
1,2012-06-13,0.027336566391724985
1,2012-06-14,0.02909684258053734
1,2012-06-15,0.03187102344251578
1,2012-06-16,0.029661580096614876
1,2012-06-17,0.0313449850804675
1,2012-06-18,0.02745354140276302
1,2012-06-19,0.028645957430571266
1,2012-06-20,0.028775170746606744
1,2012-06-21,0.02882412684116751
1,2012-06-22,0.02919939343214177
1,2012-06-23,0.03169083557555493
1,2012-06-24,0.029012872575024738
1,2012-06-25,0.027258913029794687
1,2012-06-26,0.02856686281527831
1,2012-06-27,0.028459597489363418
1,2012-06-28,0.0262779250110341
1,2012-06-29,0.02885397021033919
1,2012-06-30,0.03177784018429089
1,2012-07-01,0.029689802824526976
1,2012-07-02,0.031457349970991956
1,2012-07-03,0.027502735282872837
1,2012-07-04,0.02864681537560392
1,2012-07-05,0.028580117721750422
1,2012-07-06,0.027224115190826004
1,2012-07-07,0.02863703393257141
1,2012-07-08,0.029214934430989117
1,2012-07-09,0.03169239138896993
1,2012-07-10,0.029079373706705595
1,2012-07-11,0.027501469789663613
1,2012-07-12,0.032240958019225184
1,2012-07-13,0.03229274704532719
1,2012-07-14,0.027546223798580228
1,2012-07-15,0.02864252574091426
1,2012-07-16,0.028684962025946135
1,2012-07-17,0.027458406029539393
1,2012-07-18,0.030368121187510526
1,2012-07-19,0.02569406074459064
1,2012-07-20,0.02842773816288785
1,2012-07-21,0.02874246870962157
1,2012-07-22,0.028782255131004224
1,2012-07-23,0.028827837864440327
1,2012-07-24,0.02924680906344468
1,2012-07-25,0.0317240275506436
1,2012-07-26,0.029195443749053262
1,2012-07-27,0.028731342878509227
1,2012-07-28,0.02751347366616446
1,2012-07-29,0.03137259730952548
1,2012-07-30,0.029249348253464466
1,2012-07-31,0.02922336792849805
1,2012-08-01,0.03170051340530198
1,2012-08-02,0.02922731278320673
1,2012-08-03,0.028662593542480054
1,2012-08-04,0.02711514192551437
1,2012-08-05,0.027108763291167907
1,2012-08-06,0.028535798571728044
1,2012-08-07,0.028598394229593815
1,2012-08-08,0.027260309519570647
1,2012-08-09,0.02826801129017327
1,2012-08-10,0.026305757945721278
1,2012-08-11,0.028276506398890913
1,2012-08-12,0.027256001520588394
1,2012-08-13,0.028601779165887128
1,2012-08-14,0.028563554467538683
1,2012-08-15,0.027127143295592796
1,2012-08-16,0.02694891303491865
1,2012-08-17,0.02686169599023158
1,2012-08-18,0.026149051157527303
1,2012-08-19,0.02824589325301309
1,2012-08-20,0.02748840916696169
1,2012-08-21,0.030766260887264477
1,2012-08-22,0.027370231070003893
1,2012-08-23,0.027219343964497135
1,2012-08-24,0.02900008015361713
1,2012-08-25,0.03259318609478229
1,2012-08-26,0.033429324551451305
1,2012-08-27,0.032532155070637475
1,2012-08-28,0.028968711222153647
1,2012-08-29,0.027139951231573374
1,2012-08-30,0.026959660328725134
1,2012-08-31,0.02692873739873196
1,2012-09-01,0.02692866849288481
1,2012-09-02,0.026951817636467302
1,2012-09-03,0.027098324353945914
1,2012-09-04,0.0285669774763718
1,2012-09-05,0.028645374242563793
1,2012-09-06,0.027518950824650022
1,2012-09-07,0.03136719925682226
1,2012-09-08,0.029244133530229626
1,2012-09-09,0.02864935424631239
1,2012-09-10,0.02715423565512032
1,2012-09-11,0.026959648402003333
1,2012-09-12,0.02699807312900897
1,2012-09-13,0.027344233403196586
1,2012-09-14,0.031164695032641198
1,2012-09-15,0.02876392744948809
1,2012-09-16,0.025547548913424027
1,2012-09-17,0.02629319097350683
1,2012-09-18,0.030929958726410713
1,2012-09-19,0.02955520211262333
1,2012-09-20,0.031400168122673405
1,2012-09-21,0.02751749496595221
1,2012-09-22,0.028412060254542616
1,2012-09-23,0.02722483886035254
1,2012-09-24,0.028393005861810688
1,2012-09-25,0.027265761340694993
1,2012-09-26,0.02860723474133295
1,2012-09-27,0.028614474654232745
1,2012-09-28,0.02723887250300556
1,2012-09-29,0.028574506398750088
1,2012-09-30,0.028579413048682098
1,2012-10-01,0.027232909294572203
1,2012-10-02,0.02857892716268134
1,2012-10-03,0.02879374864648369
1,2012-10-04,0.028836138944031923
1,2012-10-05,0.02860650479555215
1,2012-10-06,0.027158474684147782
1,2012-10-07,0.027381823431440303
1,2012-10-08,0.03116983376557129
1,2012-10-09,0.02887153396449218
1,2012-10-10,0.026274768937782862
1,2012-10-11,0.02885092657069132
1,2012-10-12,0.031185406063007445
1,2012-10-13,0.02744888914840707
1,2012-10-14,0.02842860326529898
1,2012-10-15,0.02724023618282724
1,2012-10-16,0.028987594485347108
1,2012-10-17,0.03160848341628568
1,2012-10-18,0.0288765558545688
1,2012-10-19,0.026270068209097212
1,2012-10-20,0.02842496558555741
1,2012-10-21,0.028549314418279383
1,2012-10-22,0.027225682459978667
1,2012-10-23,0.02856562037557498
1,2012-10-24,0.02876608395980104
1,2012-10-25,0.02857796775458903
1,2012-10-26,0.02719857035992311
1,2012-10-27,0.028115874910052983
1,2012-10-28,0.02609962513413392
1,2012-10-29,0.02609883205511396
1,2012-10-30,0.028091603005485268
1,2012-10-31,0.027079557629562462
1,2012-11-01,0.027105378027232254
1,2012-11-02,0.02852646706388383
1,2012-11-03,0.028555762659619212
1,2012-11-04,0.0272141656514486
1,2012-11-05,0.028537377816949688
1,2012-11-06,0.028593032760883676
1,2012-11-07,0.027446026232096143
1,2012-11-08,0.032126871515132625
1,2012-11-09,0.0321369078423034
1,2012-11-10,0.02746747535037885
1,2012-11-11,0.029039242454815074
1,2012-11-12,0.03250880061161622
1,2012-11-13,0.032136691375539574
1,2012-11-14,0.027471999783647266
1,2012-11-15,0.029031437376940618
1,2012-11-16,0.031157597995361098
1,2012-11-17,0.027359718938816825
1,2012-11-18,0.027361313343769993
1,2012-11-19,0.03067708513811883
1,2012-11-20,0.02729246054977809
1,2012-11-21,0.02688131005907859
1,2012-11-22,0.025624872148428915
1,2012-11-23,0.030239334930154346
1,2012-11-24,0.027424548297566652
1,2012-11-25,0.02834950104166113
1,2012-11-26,0.027105530740741443
1,2012-11-27,0.027341184640145337
1,2012-11-28,0.03126423902985394
1,2012-11-29,0.02954137860089344
1,2012-11-30,0.03171735428689899
1,2012-12-01,0.02898000151367047
1,2012-12-02,0.02724684527457697
1,2012-12-03,0.02898362355341231
1,2012-12-04,0.03250830966637117
1,2012-12-05,0.03255924731208058
1,2012-12-06,0.029171266117473522
1,2012-12-07,0.028647245749409023
1,2012-12-08,0.027449228148853012
1,2012-12-09,0.031330113477816786
1,2012-12-10,0.029551923067788637
1,2012-12-11,0.03177604034772631
1,2012-12-12,0.02914717742013331
1,2012-12-13,0.028459024270428988
1,2012-12-14,0.026234731209213498
1,2012-12-15,0.02838287208462619
1,2012-12-16,0.02834446521623194
1,2012-12-17,0.02614542520552349
1,2012-12-18,0.026977493308385374
1,2012-12-19,0.028233657732873837
1,2012-12-20,0.02704340430351793
1,2012-12-21,0.026913888156078238
1,2012-12-22,0.026897112405524653
1,2012-12-23,0.026915351881434322
1,2012-12-24,0.027038026396972902
1,2012-12-25,0.028234063859845015
1,2012-12-26,0.026982295514186114
1,2012-12-27,0.026137652917790816
1,2012-12-28,0.028061815684423223
1,2012-12-29,0.02686055635530839
1,2012-12-30,0.025373635560140308
1,2012-12-31,0.02537380851872252
1,2013-01-01,0.02544234296085704
1,2013-01-02,0.028669608830692337
1,2013-01-03,0.03155118934329985
1,2013-01-04,0.028819066134622647
1,2013-01-05,0.026188802748772447
1,2013-01-06,0.027256387186130396
1,2013-01-07,0.031220235924480977
1,2013-01-08,0.02953702148832726
1,2013-01-09,0.03175981200169928
1,2013-01-10,0.029171752781369936
1,2013-01-11,0.028766508695361712
1,2013-01-12,0.028366919187855322
1,2013-01-13,0.026134476886267317
1,2013-01-14,0.026886592919540934
1,2013-01-15,0.027296356292184003
1,2013-01-16,0.030728087054415446
1,2013-01-17,0.02745414523130909
1,2013-01-18,0.029020920696445508
1,2013-01-19,0.031144488334590652
1,2013-01-20,0.027297682592444014
1,2013-01-21,0.026938557998913027
1,2013-01-22,0.026306604153677967
1,2013-01-23,0.031787824364804686
1,2013-01-24,0.032613324740095755
1,2013-01-25,0.02954746251518376
1,2013-01-26,0.031757079094362706
1,2013-01-27,0.029203163965786802
1,2013-01-28,0.02920954848907715
1,2013-01-29,0.03255297859197314
1,2013-01-30,0.03255754480436645
1,2013-01-31,0.029154291664510334
1,2013-02-01,0.028449455046039414
1,2013-02-02,0.026248630255566195
1,2013-02-03,0.028847219219094566
1,2013-02-04,0.031095582097013248
1,2013-02-05,0.027261005402204355
1,2013-02-06,0.026169557247362515
1,2013-02-07,0.02841541310045598
1,2013-02-08,0.029147441723600644
1,2013-02-09,0.031194843513394993
1,2013-02-10,0.027311805868885014
1,2013-02-11,0.02694905959124088
1,2013-02-12,0.026886590822305143
1,2013-02-13,0.026827007497333997
1,2013-02-14,0.026134101305947968
1,2013-02-15,0.028401635243348263
1,2013-02-16,0.0291357016648634
1,2013-02-17,0.03118672476483399
1,2013-02-18,0.0273281275402707
1,2013-02-19,0.02712901561901254
1,2013-02-20,0.02894487667835178
1,2013-02-21,0.03172254467119772
1,2013-02-22,0.02953873911161737
1,2013-02-23,0.03131701609521432
1,2013-02-24,0.027436003668748522
1,2013-02-25,0.028586031207787514
1,2013-02-26,0.028589873061288313
1,2013-02-27,0.027442512853052214
1,2013-02-28,0.03213867086071725
1,2013-03-01,0.03336368815662334
1,2013-03-02,0.032634953082020086
1,2013-03-03,0.029547606196951105
1,2013-03-04,0.03176785459614491
1,2013-03-05,0.029185130468702535
1,2013-03-06,0.02884544600381133
1,2013-03-07,0.029181308715635495
1,2013-03-08,0.03176752413161041
1,2013-03-09,0.02953651282382579
1,2013-03-10,0.03143326913664318
1,2013-03-11,0.027647744659732635
1,2013-03-12,0.031330206519147516
1,2013-03-13,0.028973131473177642
1,2013-03-14,0.02724882215561275
1,2013-03-15,0.028988486373086642
1,2013-03-16,0.031644074798056136
1,2013-03-17,0.028992791907793945
1,2013-03-18,0.027236727950722097
1,2013-03-19,0.02841085628358092
1,2013-03-20,0.027466465161200354
1,2013-03-21,0.03136304158372112
1,2013-03-22,0.02957355296360282
1,2013-03-23,0.03127374273465343
1,2013-03-24,0.027333117342864123
1,2013-03-25,0.027106786492458856
1,2013-03-26,0.0283070666440042
1,2013-03-27,0.027203911632740503
1,2013-03-28,0.02838521458595676
1,2013-03-29,0.02743050620049382
1,2013-03-30,0.030796306472528668
1,2013-03-31,0.027434860680992483
1,2013-04-01,0.02835896462952222
1,2013-04-02,0.027106472048724906
1,2013-04-03,0.02733964101779225
1,2013-04-04,0.031171922549166304
1,2013-04-05,0.029033527161016263
1,2013-04-06,0.027480546095638193
1,2013-04-07,0.030754698237203382
1,2013-04-08,0.027313210751047277
1,2013-04-09,0.026980641889885325
1,2013-04-10,0.02704633978976989
1,2013-04-11,0.028292250900505887
1,2013-04-12,0.027217926703792035
1,2013-04-13,0.028985381183194475
1,2013-04-14,0.03166087780649151
1,2013-04-15,0.029144614332793087
1,2013-04-16,0.02844721950078978
1,2013-04-17,0.02623270434799851
1,2013-04-18,0.028418809636163916
1,2013-04-19,0.028774985961872047
1,2013-04-20,0.029162645562131318
1,2013-04-21,0.031187746383099534
1,2013-04-22,0.02731159559099273
1,2013-04-23,0.02695577905138826
1,2013-04-24,0.026921642637151418
1,2013-04-25,0.027067539013770844
1,2013-04-26,0.028502639114312497
1,2013-04-27,0.02853040489371883
1,2013-04-28,0.027201781905613218
1,2013-04-29,0.02854514867497514
1,2013-04-30,0.02876364948084882
1,2013-05-01,0.028763798335572476
1,2013-05-02,0.028556261959028856
1,2013-05-03,0.02721606075388867
1,2013-05-04,0.028594569176394757
1,2013-05-05,0.029155876756670744
1,2013-05-06,0.031287654049683575
1,2013-05-07,0.027440054280514735
1,2013-05-08,0.028386807598972566
1,2013-05-09,0.027182220238896184
1,2013-05-10,0.028291801212287398
1,2013-05-11,0.027114504078771282
1,2013-05-12,0.0273317806579139
1,2013-05-13,0.031188607856382878
1,2013-05-14,0.029175957660749506
1,2013-05-15,0.02881705754737768
1,2013-05-16,0.028766321022204965
1,2013-05-17,0.028546984115553974
1,2013-05-18,0.027060497135444523
1,2013-05-19,0.02680410051537251
1,2013-05-20,0.02554140996198473
1,2013-05-21,0.028075469456087306
1,2013-05-22,0.02723176005990566
1,2013-05-23,0.029044784861066254
1,2013-05-24,0.031395502421187056
1,2013-05-25,0.027672383686096317
1,2013-05-26,0.03227285811657595
1,2013-05-27,0.032288139322022846
1,2013-05-28,0.027685829479932818
1,2013-05-29,0.031392875474795565
1,2013-05-30,0.02922018249983451
1,2013-05-31,0.02884552376492102
1,2013-06-01,0.02881250350043138
1,2013-06-02,0.029175002543866697
1,2013-06-03,0.03169802956299466
1,2013-06-04,0.0291980263628129
1,2013-06-05,0.028566494782370066
1,2013-06-06,0.02701279063365923
1,2013-06-07,0.026177089049317516
1,2013-06-08,0.02883433665617892
1,2013-06-09,0.031661157097500746
1,2013-06-10,0.02919342494765578
1,2013-06-11,0.028809479499999707
1,2013-06-12,0.02876815662484455
1,2013-06-13,0.028584209242487255
1,2013-06-14,0.027270662750398793
1,2013-06-15,0.029022154832151526
1,2013-06-16,0.03177816293036566
1,2013-06-17,0.029587027086281546
1,2013-06-18,0.031356631755423504
1,2013-06-19,0.027459312025937994
1,2013-06-20,0.028620357352219343
1,2013-06-21,0.028759407079587976
1,2013-06-22,0.02881897557084617
1,2013-06-23,0.02920929454231643
1,2013-06-24,0.03168407170025807
1,2013-06-25,0.028985160875849063
1,2013-06-26,0.027238368855526603
1,2013-06-27,0.02854401626542933
1,2013-06-28,0.028421398860613227
1,2013-06-29,0.026264927779841532
1,2013-06-30,0.028883246613325066
1,2013-07-01,0.03176646970591693
1,2013-07-02,0.029661164419283226
1,2013-07-03,0.03145426267970145
1,2013-07-04,0.027522635080640324
1,2013-07-05,0.028657146645077628
1,2013-07-06,0.02859932052293224
1,2013-07-07,0.027233015678802926
1,2013-07-08,0.028643879249341284
1,2013-07-09,0.029243289579597348
1,2013-07-10,0.0317258899121326
1,2013-07-11,0.029077902181417228
1,2013-07-12,0.02747769956827673
1,2013-07-13,0.03225593359090273
1,2013-07-14,0.032311778731963565
1,2013-07-15,0.027539860744276178
1,2013-07-16,0.02862618827307318
1,2013-07-17,0.028677546751280546
1,2013-07-18,0.027447308523029873
1,2013-07-19,0.03038468855352548
1,2013-07-20,0.02569666557658784
1,2013-07-21,0.02843657391121509
1,2013-07-22,0.028749853526267022
1,2013-07-23,0.028784164643596857
1,2013-07-24,0.028828262645810794
1,2013-07-25,0.0292505430920137
1,2013-07-26,0.03177412362111908
1,2013-07-27,0.029249045726783256
1,2013-07-28,0.02870150091274572
1,2013-07-29,0.02749870683225452
1,2013-07-30,0.031374057841483734
1,2013-07-31,0.029283997234425003
1,2013-08-01,0.02927759274621565
1,2013-08-02,0.031763255218568834
1,2013-08-03,0.029181216182493284
1,2013-08-04,0.02859395292677131
1,2013-08-05,0.027134614430936906
1,2013-08-06,0.027124427025851425
1,2013-08-07,0.02855068879978995
1,2013-08-08,0.02856576087836473
1,2013-08-09,0.02722030103184028
1,2013-08-10,0.02823544452153195
1,2013-08-11,0.026265617235592925
1,2013-08-12,0.028222931614891797
1,2013-08-13,0.027234134610268204
1,2013-08-14,0.028568715639365815
1,2013-08-15,0.028508445578932555
1,2013-08-16,0.02708716143643924
1,2013-08-17,0.026953694036977893
1,2013-08-18,0.026875315077241335
1,2013-08-19,0.026151618146458826
1,2013-08-20,0.028208321138089448
1,2013-08-21,0.027446227092023597
1,2013-08-22,0.030785806954104218
1,2013-08-23,0.027358067477368634
1,2013-08-24,0.027170889294468068
1,2013-08-25,0.02899868025420892
1,2013-08-26,0.032562155499699534
1,2013-08-27,0.033387497184700646
1,2013-08-28,0.03256286549066472
1,2013-08-29,0.028966501874082354
1,2013-08-30,0.027089836454775057
1,2013-08-31,0.026944785735851493
1,2013-09-01,0.02692543469130055
1,2013-09-02,0.02691492662239213
1,2013-09-03,0.026932356532402432
1,2013-09-04,0.02706638071148385
1,2013-09-05,0.028502187460593766
1,2013-09-06,0.02859428381093168
1,2013-09-07,0.0274594867153582
1,2013-09-08,0.031328173690983674
1,2013-09-09,0.029227616289202053
1,2013-09-10,0.02862781280076779
1,2013-09-11,0.027105154480083687
1,2013-09-12,0.02693162058059874
1,2013-09-13,0.027012978464450544
1,2013-09-14,0.027380425624613586
1,2013-09-15,0.031169144119381723
1,2013-09-16,0.028717783009297712
1,2013-09-17,0.025533082842001294
1,2013-09-18,0.02625824436911067
1,2013-09-19,0.030919606876192357
1,2013-09-20,0.029577799644717868
1,2013-09-21,0.03134014234671307
1,2013-09-22,0.027444536360378368
1,2013-09-23,0.02841892137476584
1,2013-09-24,0.027227243350525947
1,2013-09-25,0.02834018985944229
1,2013-09-26,0.02721353929493992
1,2013-09-27,0.02854588944823969
1,2013-09-28,0.02859184535798327
1,2013-09-29,0.02725861578098795
1,2013-09-30,0.028563539010053703
1,2013-10-01,0.028568209985219768
1,2013-10-02,0.02723662874321516
1,2013-10-03,0.028605213277872715
1,2013-10-04,0.02881047693512503
1,2013-10-05,0.028815278559539834
1,2013-10-06,0.028582133525892194
1,2013-10-07,0.027142532495625496
1,2013-10-08,0.027344202969267168
1,2013-10-09,0.03114780051046528
1,2013-10-10,0.028860654866184395
1,2013-10-11,0.026268423952989117
1,2013-10-12,0.028866870503614396
1,2013-10-13,0.03120285173649691
1,2013-10-14,0.027448371775638896
1,2013-10-15,0.028419517624258893
1,2013-10-16,0.027234079717040154
1,2013-10-17,0.02900207164972105
1,2013-10-18,0.03161766807447603
1,2013-10-19,0.028867399164173625
1,2013-10-20,0.026259045603270005
1,2013-10-21,0.02840432159751955
1,2013-10-22,0.02852664699726275
1,2013-10-23,0.02723062159323213
1,2013-10-24,0.02857745380162616
1,2013-10-25,0.028773824567447665
1,2013-10-26,0.02859475395521328
1,2013-10-27,0.027219493484619682
1,2013-10-28,0.028122249422714355
1,2013-10-29,0.026091836436971518
1,2013-10-30,0.026098360084534953
1,2013-10-31,0.028088530569500322
1,2013-11-01,0.02706900080490746
1,2013-11-02,0.0270996824324201
1,2013-11-03,0.02852302699816361
1,2013-11-04,0.028556748425461822
1,2013-11-05,0.02721870998701469
1,2013-11-06,0.028543831095247045
1,2013-11-07,0.028600373765270963
1,2013-11-08,0.027448043156061
1,2013-11-09,0.03212343599074278
1,2013-11-10,0.03214707048600249
1,2013-11-11,0.027473242324786987
1,2013-11-12,0.029058523484498666
1,2013-11-13,0.0325206472762555
1,2013-11-14,0.032126965492975196
1,2013-11-15,0.027468972242117175
1,2013-11-16,0.02903680364416699
1,2013-11-17,0.031175566245457264
1,2013-11-18,0.02737888531270324
1,2013-11-19,0.027368844509565435
1,2013-11-20,0.030694024251877332
1,2013-11-21,0.027314844941079178
1,2013-11-22,0.026903798071898855
1,2013-11-23,0.02563232280477232
1,2013-11-24,0.03026098484365221
1,2013-11-25,0.027450050828259773
1,2013-11-26,0.028358799405054213
1,2013-11-27,0.027108774450064887
1,2013-11-28,0.027351276804189237
1,2013-11-29,0.031268276157663526
1,2013-11-30,0.029556636503805665
1,2013-12-01,0.03173576991178456
1,2013-12-02,0.02899171036921156
1,2013-12-03,0.02725324229594046
1,2013-12-04,0.028986340469012342
1,2013-12-05,0.03252068368387463
1,2013-12-06,0.032571043163366016
1,2013-12-07,0.029178680310577187
1,2013-12-08,0.0286546420162281
1,2013-12-09,0.02744118216655344
1,2013-12-10,0.03132564097228397
1,2013-12-11,0.029544718436632537
1,2013-12-12,0.03176537033176658
1,2013-12-13,0.02915113204329896
1,2013-12-14,0.02845761962261022
1,2013-12-15,0.026238488697990406
1,2013-12-16,0.02839076484251976
1,2013-12-17,0.02834620153963318
1,2013-12-18,0.02615656293756781
1,2013-12-19,0.026992831246478784
1,2013-12-20,0.028246391131849027
1,2013-12-21,0.02704734289754039
1,2013-12-22,0.026924872815729393
1,2013-12-23,0.026903173165921935
1,2013-12-24,0.02691845417009822
1,2013-12-25,0.027053020055983906
1,2013-12-26,0.028247749180425632
1,2013-12-27,0.02699247962473498
1,2013-12-28,0.026153671671938276
1,2013-12-29,0.028073915806929858
1,2013-12-30,0.026855970515297898
1,2013-12-31,0.025377931456221168
1,2014-01-01,0.025443547180753076
1,2014-01-02,0.028663787856167744
1,2014-01-03,0.0315409698358128
1,2014-01-04,0.02881135411517096
1,2014-01-05,0.026179927973510958
1,2014-01-06,0.02725890839363117
1,2014-01-07,0.031220730721904157
1,2014-01-08,0.029537344749234366
1,2014-01-09,0.03175174813729838
1,2014-01-10,0.02917138478187429
1,2014-01-11,0.028779893710554026
1,2014-01-12,0.028376844163399764
1,2014-01-13,0.026149163557591025
1,2014-01-14,0.026897369917469036
1,2014-01-15,0.02730117560947433
1,2014-01-16,0.030742514671035084
1,2014-01-17,0.027471744666037322
1,2014-01-18,0.029048451776066207
1,2014-01-19,0.031169818421011176
1,2014-01-20,0.027309950427796475
1,2014-01-21,0.026932018189442908
1,2014-01-22,0.026308190410926958
1,2014-01-23,0.03179040938782987
1,2014-01-24,0.032633070841989256
1,2014-01-25,0.02957454361622835
1,2014-01-26,0.031777832141321335
1,2014-01-27,0.029220801201107628
1,2014-01-28,0.029222633767918785
1,2014-01-29,0.03255545699255418
1,2014-01-30,0.03257462113945071
1,2014-01-31,0.02917464539086686
1,2014-02-01,0.0284496446993292
1,2014-02-02,0.02624669160144128
1,2014-02-03,0.02885661366127688
1,2014-02-04,0.031085952994259668
1,2014-02-05,0.02725266138446857
1,2014-02-06,0.026182905552231468
1,2014-02-07,0.02843578181947972
1,2014-02-08,0.029171933494728026
1,2014-02-09,0.03120470378376208
1,2014-02-10,0.02732411117864887
1,2014-02-11,0.026958565935478403
1,2014-02-12,0.026888615285875415
1,2014-02-13,0.026833875033965057
1,2014-02-14,0.026147530108852877
1,2014-02-15,0.0284134195179447
1,2014-02-16,0.029147109521639354
1,2014-02-17,0.031182446140830843
1,2014-02-18,0.027326332369054542
1,2014-02-19,0.02713449670258096
1,2014-02-20,0.028956733510018973
1,2014-02-21,0.03172926093536182
1,2014-02-22,0.029539008961309773
1,2014-02-23,0.031326370430542975
1,2014-02-24,0.027442985333979677
1,2014-02-25,0.02859022333860206
1,2014-02-26,0.028593048624904874
1,2014-02-27,0.02744411533748325
1,2014-02-28,0.03214258271628375
1,2014-03-01,0.03336750171041046
1,2014-03-02,0.03263190220015793
1,2014-03-03,0.029551061441418475
1,2014-03-04,0.031775717898564614
1,2014-03-05,0.029184447749333122
1,2014-03-06,0.028842773335030075
1,2014-03-07,0.029171408563641584
1,2014-03-08,0.03175805913143688
1,2014-03-09,0.029539402191519328
1,2014-03-10,0.031427883700284306
1,2014-03-11,0.027646948290246724
1,2014-03-12,0.031332343570792245
1,2014-03-13,0.02897317026585715
1,2014-03-14,0.02724690578407296
1,2014-03-15,0.028984897136146152
1,2014-03-16,0.03163217356072142
1,2014-03-17,0.0289759608988852
1,2014-03-18,0.027217951271590365
1,2014-03-19,0.028380418038873246
1,2014-03-20,0.027435284219941323
1,2014-03-21,0.03133477746368176
1,2014-03-22,0.02954575301831442
1,2014-03-23,0.03125749222192291
1,2014-03-24,0.02732872870855796
1,2014-03-25,0.027111065704732745
1,2014-03-26,0.028303972697129438
1,2014-03-27,0.027200003797378133
1,2014-03-28,0.028390090148062725
1,2014-03-29,0.027432744368966304
1,2014-03-30,0.030799805261534384
1,2014-03-31,0.02742629200212269
1,2014-04-01,0.028347917964710617
1,2014-04-02,0.027100678410037615
1,2014-04-03,0.027329196887691812
1,2014-04-04,0.03116346262077519
1,2014-04-05,0.029034235156523328
1,2014-04-06,0.027474396543091455
1,2014-04-07,0.030753774418248794
1,2014-04-08,0.02731161831866651
1,2014-04-09,0.026977376028874015
1,2014-04-10,0.027049410183888928
1,2014-04-11,0.028287960949797068
1,2014-04-12,0.02722626479488542
1,2014-04-13,0.02901460382681619
1,2014-04-14,0.0317000767415442
1,2014-04-15,0.02917712020238362
1,2014-04-16,0.02848487562713522
1,2014-04-17,0.02625377649360162
1,2014-04-18,0.028419434733210482
1,2014-04-19,0.02877562968834794
1,2014-04-20,0.029195896499722065
1,2014-04-21,0.031227702174783267
1,2014-04-22,0.027354493187757786
1,2014-04-23,0.026976835763730476
1,2014-04-24,0.02694341918410305
1,2014-04-25,0.02710909755374903
1,2014-04-26,0.0285434160091696
1,2014-04-27,0.028572937775433523
1,2014-04-28,0.027247983183902424
1,2014-04-29,0.028590488623668895
1,2014-04-30,0.02875994180082149
1,2014-05-01,0.028756789382909844
1,2014-05-02,0.028577951866606305
1,2014-05-03,0.027309906882738526
1,2014-05-04,0.02867671293515551
1,2014-05-05,0.029244505621265786
1,2014-05-06,0.03128127290837502
1,2014-05-07,0.027468581949818015
1,2014-05-08,0.02846814146494721
1,2014-05-09,0.02721546377695993
1,2014-05-10,0.028302902915139493
1,2014-05-11,0.02714422246833395
1,2014-05-12,0.0273659344625305
1,2014-05-13,0.03122694225141794
1,2014-05-14,0.029215380537053727
1,2014-05-15,0.028863529267415755
1,2014-05-16,0.028803161513104865
1,2014-05-17,0.028541964676002844
1,2014-05-18,0.027088507143026592
1,2014-05-19,0.02682822039804815
1,2014-05-20,0.02552915243199279
1,2014-05-21,0.02807958653355804
1,2014-05-22,0.027233919637258075
1,2014-05-23,0.02899842742458753
1,2014-05-24,0.03137651900367085
1,2014-05-25,0.02768883123197767
1,2014-05-26,0.03228458643206411
1,2014-05-27,0.03229620151820599
1,2014-05-28,0.02767766188027291
1,2014-05-29,0.03140637487229562
1,2014-05-30,0.02921451515184816
1,2014-05-31,0.028812894267740998
1,2014-06-01,0.028803875590981323
1,2014-06-02,0.02918174423457402
1,2014-06-03,0.031716839129437666
1,2014-06-04,0.02919570023608038
1,2014-06-05,0.028543240475745215
1,2014-06-06,0.026999505877197294
1,2014-06-07,0.02618929753471682
1,2014-06-08,0.028870880151267254
1,2014-06-09,0.03169083380468607
1,2014-06-10,0.02921191075631637
1,2014-06-11,0.02881054620248695
1,2014-06-12,0.02876953521712809
1,2014-06-13,0.028645802038600978
1,2014-06-14,0.027351861689742678
1,2014-06-15,0.02907922319830734
1,2014-06-16,0.03178710792132298
1,2014-06-17,0.029563625501933654
1,2014-06-18,0.03140843307990647
1,2014-06-19,0.027511316892866216
1,2014-06-20,0.028636233794753888
1,2014-06-21,0.028769802959528155
1,2014-06-22,0.028847699249374817
1,2014-06-23,0.029212025300588793
1,2014-06-24,0.031702728745946734
1,2014-06-25,0.028995539908333562
1,2014-06-26,0.027266435577756307
1,2014-06-27,0.028592244955836395
1,2014-06-28,0.02846046857172984
1,2014-06-29,0.026347783874890427
1,2014-06-30,0.02901470079202074
1,2014-07-01,0.03178778613393055
1,2014-07-02,0.029559506191131162
1,2014-07-03,0.031325617638803566
1,2014-07-04,0.027486042356813796
1,2014-07-05,0.028670612927696907
1,2014-07-06,0.02859802877473094
1,2014-07-07,0.027315734873324744
1,2014-07-08,0.028705791749676857
1,2014-07-09,0.029233129159648815
1,2014-07-10,0.031778852324686004
1,2014-07-11,0.02920661015783334
1,2014-07-12,0.02764826571612899
1,2014-07-13,0.03227698494119032
1,2014-07-14,0.03224483007435434
1,2014-07-15,0.02745915138332048
1,2014-07-16,0.028691975232412945
1,2014-07-17,0.028707965099330653
1,2014-07-18,0.02757440173812894
1,2014-07-19,0.0304130737059913
1,2014-07-20,0.02578144708174098
1,2014-07-21,0.028581043574883967
1,2014-07-22,0.0288722182445867
1,2014-07-23,0.02890301544757299
1,2014-07-24,0.02891792849252682
1,2014-07-25,0.029234121593052987
1,2014-07-26,0.0317583848532036
1,2014-07-27,0.02922413866056255
1,2014-07-28,0.02879518302786781
1,2014-07-29,0.027550172015589344
1,2014-07-30,0.03134595437576599
1,2014-07-31,0.029279669619549167
1,2014-08-01,0.02934736924372729
1,2014-08-02,0.031804804920970924
1,2014-08-03,0.029220324449182815
1,2014-08-04,0.028598223719115884
1,2014-08-05,0.027157905070857264
1,2014-08-06,0.02714985332538646
1,2014-08-07,0.028535124688897153
1,2014-08-08,0.028576383584364103
1,2014-08-09,0.02728515616341185
1,2014-08-10,0.02832207920918471
1,2014-08-11,0.026350932083450053
1,2014-08-12,0.028261353658846015
1,2014-08-13,0.0272424214879764
1,2014-08-14,0.028536116955240137
1,2014-08-15,0.02857023063059573
1,2014-08-16,0.027156186426228718
1,2014-08-17,0.027013133544483047
1,2014-08-18,0.02694364462349521
1,2014-08-19,0.026213800900342213
1,2014-08-20,0.028245670485408745
1,2014-08-21,0.027484221120705286
1,2014-08-22,0.03085925191129464
1,2014-08-23,0.027432664802750428
1,2014-08-24,0.027186957481897565
1,2014-08-25,0.02904216456607004
1,2014-08-26,0.03263671386639587
1,2014-08-27,0.03344889232973285
1,2014-08-28,0.03259484873573908
1,2014-08-29,0.028988249491707724
1,2014-08-30,0.027096632550682263
1,2014-08-31,0.026952056759910754
1,2014-09-01,0.02693795069098112
1,2014-09-02,0.026930946961209186
1,2014-09-03,0.026984997067560697
1,2014-09-04,0.027143071980866136
1,2014-09-05,0.028596785131046132
1,2014-09-06,0.02872975235587714
1,2014-09-07,0.027539681356331558
1,2014-09-08,0.031272754246986556
1,2014-09-09,0.02920358851560318
1,2014-09-10,0.028590495983292406
1,2014-09-11,0.027109342068228424
1,2014-09-12,0.027025194149249615
1,2014-09-13,0.026996820418259723
1,2014-09-14,0.027349759419164718
1,2014-09-15,0.031125301560347696
1,2014-09-16,0.02873757650930063
1,2014-09-17,0.025537060674205386
1,2014-09-18,0.026282828617232364
1,2014-09-19,0.03089659636671437
1,2014-09-20,0.029590359709779683
1,2014-09-21,0.031410355910489976
1,2014-09-22,0.027521368696113626
1,2014-09-23,0.028465053691382296
1,2014-09-24,0.02722081444513706
1,2014-09-25,0.028376332019495625
1,2014-09-26,0.027277534044675877
1,2014-09-27,0.028625485721915825
1,2014-09-28,0.028551947818892913
1,2014-09-29,0.027231677059056953
1,2014-09-30,0.028579604173288982
1,2014-10-01,0.02856564841753685
1,2014-10-02,0.027267979993408825
1,2014-10-03,0.028592348853346213
1,2014-10-04,0.028780898174415374
1,2014-10-05,0.02877251289881313
1,2014-10-06,0.02854782902873186
1,2014-10-07,0.02715610187881264
1,2014-10-08,0.027416392174848887
1,2014-10-09,0.031247915013274938
1,2014-10-10,0.028890195450865772
1,2014-10-11,0.02630660411772393
1,2014-10-12,0.028917175684206715
1,2014-10-13,0.03124231333114007
1,2014-10-14,0.02747307677220284
1,2014-10-15,0.028395048985367523
1,2014-10-16,0.02725002309364112
1,2014-10-17,0.029013800950872682
1,2014-10-18,0.03168752678272895
1,2014-10-19,0.02892931642179419
1,2014-10-20,0.026309427225991406
1,2014-10-21,0.028462824987740495
1,2014-10-22,0.02857093166974453
1,2014-10-23,0.02725816966260432
1,2014-10-24,0.02859000094231617
1,2014-10-25,0.028761887562557997
1,2014-10-26,0.02860540910429863
1,2014-10-27,0.027237747487365595
1,2014-10-28,0.028150292292130893
1,2014-10-29,0.02614055015037607
1,2014-10-30,0.026149211953884657
1,2014-10-31,0.028143804252466566
1,2014-11-01,0.02715450128250983
1,2014-11-02,0.027113224615631922
1,2014-11-03,0.028547338217673874
1,2014-11-04,0.02857728212171702
1,2014-11-05,0.027271422950607888
1,2014-11-06,0.028595442321368365
1,2014-11-07,0.028641321097394725
1,2014-11-08,0.02750572695313328
1,2014-11-09,0.032166525063665234
1,2014-11-10,0.03213553075922938
1,2014-11-11,0.02751323439950676
1,2014-11-12,0.02906942553036548
1,2014-11-13,0.03255946629395418
1,2014-11-14,0.03220312878759727
1,2014-11-15,0.02753953323495607
1,2014-11-16,0.029051993962488722
1,2014-11-17,0.031191811009098666
1,2014-11-18,0.027396678458628552
1,2014-11-19,0.02737663875152686
1,2014-11-20,0.030695052159505107
1,2014-11-21,0.02730669174057249
1,2014-11-22,0.02690865129865933
1,2014-11-23,0.025625336824176472
1,2014-11-24,0.030252001513615224
1,2014-11-25,0.02744721649815539
1,2014-11-26,0.028396071838574607
1,2014-11-27,0.027129905632764236
1,2014-11-28,0.02734147843542526
1,2014-11-29,0.0312834116733137
1,2014-11-30,0.02957348406384832
1,2014-12-01,0.031753000880945986
1,2014-12-02,0.028993706338141946
1,2014-12-03,0.027270934007176294
1,2014-12-04,0.029003216659953708
1,2014-12-05,0.032532059120631104
1,2014-12-06,0.0325654077718063
1,2014-12-07,0.02918361982753162
1,2014-12-08,0.02866878138930861
1,2014-12-09,0.027448681087364857
1,2014-12-10,0.03131497510233825
1,2014-12-11,0.029544321237883277
1,2014-12-12,0.03177747756522639
1,2014-12-13,0.029152601904554626
1,2014-12-14,0.028458100142235977
1,2014-12-15,0.02624213339718394
1,2014-12-16,0.028389882110212837
1,2014-12-17,0.02834471492350088
1,2014-12-18,0.02615379358610975
1,2014-12-19,0.026989154538389556
1,2014-12-20,0.02824281144262308
1,2014-12-21,0.027054431988776377
1,2014-12-22,0.026926309371708847
1,2014-12-23,0.026902629582488912
1,2014-12-24,0.026932837662907484
1,2014-12-25,0.02706372092777036
1,2014-12-26,0.02824230140040311
1,2014-12-27,0.026990046670840064
1,2014-12-28,0.02616717140972646
1,2014-12-29,0.028088578753840562
1,2014-12-30,0.026877373535350253
1,2014-12-31,0.025381955324725983
1,2015-01-01,0.025443012014799787
1,2015-01-02,0.028666444462292426
1,2015-01-03,0.03155060180388147
1,2015-01-04,0.028817762115483824
1,2015-01-05,0.02618737685031315
1,2015-01-06,0.027258871268677612
1,2015-01-07,0.03122275958582411
1,2015-01-08,0.029539326610931362
1,2015-01-09,0.03176224642160475
1,2015-01-10,0.029171324409941753
1,2015-01-11,0.028766918644459176
1,2015-01-12,0.028369523653329967
1,2015-01-13,0.026134695879078206
1,2015-01-14,0.0268874318467528
1,2015-01-15,0.027299207065721448
1,2015-01-16,0.03073627944260881
1,2015-01-17,0.027465773861941857
1,2015-01-18,0.02903309723331814
1,2015-01-19,0.03115342260710688
1,2015-01-20,0.027308076591648023
1,2015-01-21,0.026950803928805535
1,2015-01-22,0.026322339518683024
1,2015-01-23,0.031802673425409315
1,2015-01-24,0.03260759804568132
1,2015-01-25,0.029545859046771813
1,2015-01-26,0.031766889710235356
1,2015-01-27,0.029211020113107566
1,2015-01-28,0.02922162031979636
1,2015-01-29,0.032570613562991256
1,2015-01-30,0.0325622782118241
1,2015-01-31,0.02915890389227429
1,2015-02-01,0.028478138246445635
1,2015-02-02,0.026281609398576496
1,2015-02-03,0.028871219901102366
1,2015-02-04,0.031135363277651856
1,2015-02-05,0.02729958729840517
1,2015-02-06,0.026186213649629583
1,2015-02-07,0.02841265301695652
1,2015-02-08,0.029136248051134017
1,2015-02-09,0.031193311856233006
1,2015-02-10,0.027313591959977807
1,2015-02-11,0.026961305013898786
1,2015-02-12,0.026899970502452224
1,2015-02-13,0.026836185341136295
1,2015-02-14,0.026133996397446034
1,2015-02-15,0.02840229558570614
1,2015-02-16,0.029138037648420826
1,2015-02-17,0.031198618321629523
1,2015-02-18,0.027340016714535745
1,2015-02-19,0.027142950639757652
1,2015-02-20,0.02895524906955057
1,2015-02-21,0.03172649646736056
1,2015-02-22,0.0295425182590913
1,2015-02-23,0.031316749000930066
1,2015-02-24,0.02744733438556231
1,2015-02-25,0.02859776930726613
1,2015-02-26,0.028611431131915
1,2015-02-27,0.02746151945157383
1,2015-02-28,0.03215075685384255
1,2015-03-01,0.033378874456413805
1,2015-03-02,0.032648054291608296
1,2015-03-03,0.029559086554595878
1,2015-03-04,0.0317779773094539
1,2015-03-05,0.029175020039987985
1,2015-03-06,0.028856609323914963
1,2015-03-07,0.029180755124533903
1,2015-03-08,0.03177733202353704
1,2015-03-09,0.029556319095164506
1,2015-03-10,0.0314540381929157
1,2015-03-11,0.027666596903446215
1,2015-03-12,0.03133333370123847
1,2015-03-13,0.028989550250044575
1,2015-03-14,0.027255683113987943
1,2015-03-15,0.028974246217838288
1,2015-03-16,0.031614733363978915
1,2015-03-17,0.028981015337283752
1,2015-03-18,0.02722472090323364
1,2015-03-19,0.02838228169215358
1,2015-03-20,0.027439427152668772
1,2015-03-21,0.03132916100886483
1,2015-03-22,0.02953342258204166
1,2015-03-23,0.03126505878860773
1,2015-03-24,0.027352587170420554
1,2015-03-25,0.027116011498930077
1,2015-03-26,0.02830261501580589
1,2015-03-27,0.027203458776195774
1,2015-03-28,0.02838690472942962
1,2015-03-29,0.02743837366175658
1,2015-03-30,0.03081859973802825
1,2015-03-31,0.027440555568329264
1,2015-04-01,0.02835183333208083
1,2015-04-02,0.027107777884423135
1,2015-04-03,0.02733552120861541
1,2015-04-04,0.03115788633315902
1,2015-04-05,0.0290430601281214
1,2015-04-06,0.02750270818214032
1,2015-04-07,0.030773109884752955
1,2015-04-08,0.027321130133135137
1,2015-04-09,0.026991260721240015
1,2015-04-10,0.027087037811697537
1,2015-04-11,0.0283289429416389
1,2015-04-12,0.027247459854711414
1,2015-04-13,0.029038967789806455
1,2015-04-14,0.03171439755774668
1,2015-04-15,0.029203636114062636
1,2015-04-16,0.02849825936787925
1,2015-04-17,0.02625883994998942
1,2015-04-18,0.028438637977382226
1,2015-04-19,0.028797927902617707
1,2015-04-20,0.029184373014611915
1,2015-04-21,0.03118258038085795
1,2015-04-22,0.027319188524196826
1,2015-04-23,0.0269871251518425
1,2015-04-24,0.026975478682003146
1,2015-04-25,0.027124985732212697
1,2015-04-26,0.028555185611604042
1,2015-04-27,0.028578910467651278
1,2015-04-28,0.02725920873487132
1,2015-04-29,0.0285889185567776
1,2015-04-30,0.028787627393969492
1,2015-05-01,0.02878274736842649
1,2015-05-02,0.02857337084631598
1,2015-05-03,0.02722664570119999
1,2015-05-04,0.028620428933380845
1,2015-05-05,0.029194126031483154
1,2015-05-06,0.03132897764496105
1,2015-05-07,0.027461524303473754
1,2015-05-08,0.028394890642591042
1,2015-05-09,0.027222122134580327
1,2015-05-10,0.028344739862562498
1,2015-05-11,0.02713983369995279
1,2015-05-12,0.027370236649047797
1,2015-05-13,0.031222459156363794
1,2015-05-14,0.02922364107977442
1,2015-05-15,0.028853556394920085
1,2015-05-16,0.028783514081076732
1,2015-05-17,0.02852919652553069
1,2015-05-18,0.027061626730568056
1,2015-05-19,0.026824502733909513
1,2015-05-20,0.025518918337588573
1,2015-05-21,0.028045179551593646
1,2015-05-22,0.027231734714949545
1,2015-05-23,0.02903661204029324
1,2015-05-24,0.03143047590809324
1,2015-05-25,0.027694433966236224
1,2015-05-26,0.032250806656495754
1,2015-05-27,0.03230432231573645
1,2015-05-28,0.027692103609693833
1,2015-05-29,0.03137899654600469
1,2015-05-30,0.029180567409908733
1,2015-05-31,0.02881696077738649
1,2015-06-01,0.028856131552700583
1,2015-06-02,0.029247487774923066
1,2015-06-03,0.031750678632852
1,2015-06-04,0.029182155529708008
1,2015-06-05,0.028604916126088745
1,2015-06-06,0.02706684920107089
1,2015-06-07,0.02619144086142481
1,2015-06-08,0.0288675344332449
1,2015-06-09,0.03170617751783604
1,2015-06-10,0.029221842296953952
1,2015-06-11,0.02883410070192772
1,2015-06-12,0.028761915119722613
1,2015-06-13,0.02858551599382838
1,2015-06-14,0.02728434319868895
1,2015-06-15,0.029030100182097437
1,2015-06-16,0.031745576145343
1,2015-06-17,0.02959269273570122
1,2015-06-18,0.03145076212454163
1,2015-06-19,0.027557996323484046
1,2015-06-20,0.028676301570583627
1,2015-06-21,0.028814035970853052
1,2015-06-22,0.028827491104098078
1,2015-06-23,0.02920522308640829
1,2015-06-24,0.03173350640035518
1,2015-06-25,0.02903870634087425
1,2015-06-26,0.027258135189580274
1,2015-06-27,0.028560528211408077
1,2015-06-28,0.028457826809945838
1,2015-06-29,0.02628473323170147
1,2015-06-30,0.028910533771194156
1,2015-07-01,0.031792879333126856
1,2015-07-02,0.029657968479676465
1,2015-07-03,0.03143537401643219
1,2015-07-04,0.027516441306840157
1,2015-07-05,0.028628785096507493
1,2015-07-06,0.02857656917179157
1,2015-07-07,0.027254017241596224
1,2015-07-08,0.028665756078125576
1,2015-07-09,0.029252184097011222
1,2015-07-10,0.031734999797215335
1,2015-07-11,0.029084486939899245
1,2015-07-12,0.02747653706683223
1,2015-07-13,0.032261218425416856
1,2015-07-14,0.03232008952861567
1,2015-07-15,0.027572800576971698
1,2015-07-16,0.028669491379784754
1,2015-07-17,0.028716939347147866
1,2015-07-18,0.027482078114354866
1,2015-07-19,0.03040195568586178
1,2015-07-20,0.025722465839126817
1,2015-07-21,0.028424235484613623
1,2015-07-22,0.028742982963063973
1,2015-07-23,0.028785026617167066
1,2015-07-24,0.028828448766850773
1,2015-07-25,0.029239074877413816
1,2015-07-26,0.03170753403122701
1,2015-07-27,0.029195551469341
1,2015-07-28,0.02870212552351526
1,2015-07-29,0.02747218018351633
1,2015-07-30,0.031367984573800425
1,2015-07-31,0.029273767373394828
1,2015-08-01,0.029239880885699007
1,2015-08-02,0.03172129453390288
1,2015-08-03,0.029189097509078804
1,2015-08-04,0.028636165971325334
1,2015-08-05,0.027087805238605805
1,2015-08-06,0.027100606973473444
1,2015-08-07,0.02855099402833899
1,2015-08-08,0.028564786064583455
1,2015-08-09,0.027218688129588192
1,2015-08-10,0.028190535340677645
1,2015-08-11,0.026252670727576238
1,2015-08-12,0.02820597332778185
1,2015-08-13,0.02722900721069033
1,2015-08-14,0.028613648923628398
1,2015-08-15,0.028553518377944464
1,2015-08-16,0.027115004100493348
1,2015-08-17,0.026955824076305045
1,2015-08-18,0.026877879237495336
1,2015-08-19,0.02617570219656413
1,2015-08-20,0.0282344408122833
1,2015-08-21,0.027456472892784245
1,2015-08-22,0.030792003183841943
1,2015-08-23,0.02735255269175554
1,2015-08-24,0.027153654217341703
1,2015-08-25,0.028975710783321507
1,2015-08-26,0.032559973171422514
1,2015-08-27,0.03344823101973547
1,2015-08-28,0.03262727520087015
1,2015-08-29,0.029041957480360238
1,2015-08-30,0.027157336516211182
1,2015-08-31,0.026936052040135904
1,2015-09-01,0.026913450975042618
1,2015-09-02,0.026940836660717716
1,2015-09-03,0.02694889785337458
1,2015-09-04,0.027065700347766754
1,2015-09-05,0.028540206968073665
1,2015-09-06,0.028613946941897474
1,2015-09-07,0.027473751423849783
1,2015-09-08,0.03131998836376955
1,2015-09-09,0.029190200557059696
1,2015-09-10,0.028591760817621704
1,2015-09-11,0.02712637242086128
1,2015-09-12,0.02697271412941715
1,2015-09-13,0.02699276597870705
1,2015-09-14,0.02733121155137488
1,2015-09-15,0.031172195671675836
1,2015-09-16,0.0287548715170046
1,2015-09-17,0.025534303478095252
1,2015-09-18,0.026256827322990586
1,2015-09-19,0.0309091832828139
1,2015-09-20,0.02955051843440194
1,2015-09-21,0.03137146418514179
1,2015-09-22,0.02746158762347037
1,2015-09-23,0.028400647640946106
1,2015-09-24,0.027208608946088692
1,2015-09-25,0.02834329310227984
1,2015-09-26,0.02720808455739237
1,2015-09-27,0.028559651855329375
1,2015-09-28,0.028586947929399316
1,2015-09-29,0.027232964691600428
1,2015-09-30,0.028545649618819148
1,2015-10-01,0.028543776808570287
1,2015-10-02,0.02722250988277436
1,2015-10-03,0.02859500554858708
1,2015-10-04,0.02879879685946999
1,2015-10-05,0.028776342420212167
1,2015-10-06,0.02854411926254683
1,2015-10-07,0.027132841380694956
1,2015-10-08,0.027337973429575876
1,2015-10-09,0.03114809736425475
1,2015-10-10,0.02888872052536164
1,2015-10-11,0.026290839055820827
1,2015-10-12,0.02885667528602896
1,2015-10-13,0.031198153313565048
1,2015-10-14,0.027473927005438263
1,2015-10-15,0.0284610474476006
1,2015-10-16,0.027268288467010644
1,2015-10-17,0.028997017139945843
1,2015-10-18,0.03160630400455001
1,2015-10-19,0.02888315277112441
1,2015-10-20,0.0262772235686669
1,2015-10-21,0.028415371682668746
1,2015-10-22,0.028545642043177534
1,2015-10-23,0.027222160041433383
1,2015-10-24,0.028573236323261555
1,2015-10-25,0.028750166433645724
1,2015-10-26,0.028554086216976346
1,2015-10-27,0.027195005937598212
1,2015-10-28,0.02813095472798828
1,2015-10-29,0.026112347635180066
1,2015-10-30,0.02610431530429628
1,2015-10-31,0.02809362897677468
1,2015-11-01,0.027069804810089245
1,2015-11-02,0.02711058222947228
1,2015-11-03,0.028533598802687497
1,2015-11-04,0.0285699644102734
1,2015-11-05,0.02722183607360403
1,2015-11-06,0.02853701835782389
1,2015-11-07,0.028596088149766184
1,2015-11-08,0.02745584185474196
1,2015-11-09,0.03214269583341416
1,2015-11-10,0.03215673500985818
1,2015-11-11,0.027471228659765874
1,2015-11-12,0.029044971050483974
1,2015-11-13,0.03250518451244802
1,2015-11-14,0.032139915425908765
1,2015-11-15,0.027475585694553783
1,2015-11-16,0.029045182468049803
1,2015-11-17,0.031153422574027465
1,2015-11-18,0.027358595928806764
1,2015-11-19,0.027372456082986468
1,2015-11-20,0.030676419074582857
1,2015-11-21,0.02730035793215746
1,2015-11-22,0.026887002593161312
1,2015-11-23,0.025640585599378086
1,2015-11-24,0.030256364175646016
1,2015-11-25,0.02743990134029654
1,2015-11-26,0.028354416020812283
1,2015-11-27,0.02712001900425624
1,2015-11-28,0.027355423272954805
1,2015-11-29,0.031266994041805614
1,2015-11-30,0.029544141056383377
1,2015-12-01,0.03172458799600327
1,2015-12-02,0.028987011083351284
1,2015-12-03,0.02724981389496603
1,2015-12-04,0.028989892199040215
1,2015-12-05,0.032514651955812726
1,2015-12-06,0.03256240820027745
1,2015-12-07,0.02917298759464877
1,2015-12-08,0.02864818308122003
1,2015-12-09,0.027460934341542804
1,2015-12-10,0.0313466142605946
1,2015-12-11,0.029569619011181845
1,2015-12-12,0.03179832528189025
1,2015-12-13,0.029156484116909076
1,2015-12-14,0.028472975471851302
1,2015-12-15,0.026251352174631863
1,2015-12-16,0.028402011278784875
1,2015-12-17,0.028364148721973813
1,2015-12-18,0.026159501454080147
1,2015-12-19,0.026989310627538683
1,2015-12-20,0.028242561668396268
1,2015-12-21,0.027053102778267103
1,2015-12-22,0.02691937999122796
1,2015-12-23,0.02690661511851622
1,2015-12-24,0.026920419192019873
1,2015-12-25,0.027044076456324714
1,2015-12-26,0.028239454383368837
1,2015-12-27,0.026987174604193594
1,2015-12-28,0.026137020878861692
1,2015-12-29,0.02806379342318311
1,2015-12-30,0.026869481931936872
1,2015-12-31,0.025377518706670904
1,2016-01-01,0.025447270901670906
1,2016-01-02,0.028675605127662613
1,2016-01-03,0.03155752165781066
1,2016-01-04,0.028822680825740365
1,2016-01-05,0.026190942813968773
1,2016-01-06,0.027254399943995315
1,2016-01-07,0.03121500036435256
1,2016-01-08,0.029537189826840192
1,2016-01-09,0.03176473980900677
1,2016-01-10,0.029177777854246724
1,2016-01-11,0.028771642046327893
1,2016-01-12,0.028371902373759073
1,2016-01-13,0.02613955829178655
1,2016-01-14,0.026891989853902384
1,2016-01-15,0.027307959493431348
1,2016-01-16,0.030736358377121263
1,2016-01-17,0.027455813079369853
1,2016-01-18,0.029021372887247557
1,2016-01-19,0.031141573145557322
1,2016-01-20,0.027299679184439655
1,2016-01-21,0.026943952034358617
1,2016-01-22,0.026308639511439864
1,2016-01-23,0.03178859391702426
1,2016-01-24,0.032611198746677984
1,2016-01-25,0.02954691128154319
1,2016-01-26,0.03176159583810466
1,2016-01-27,0.029205501026897028
1,2016-01-28,0.02921614889790496
1,2016-01-29,0.032557490645583505
1,2016-01-30,0.03254652376004151
1,2016-01-31,0.029142524419780696
1,2016-02-01,0.028456953410508037
1,2016-02-02,0.02626015054790904
1,2016-02-03,0.028852591661901784
1,2016-02-04,0.031106258131589255
1,2016-02-05,0.027272079857703038
1,2016-02-06,0.02617339415706843
1,2016-02-07,0.028406633642289233
1,2016-02-08,0.02913337018451721
1,2016-02-09,0.031184879112673904
1,2016-02-10,0.027306457050868933
1,2016-02-11,0.0269595236195853
1,2016-02-12,0.026898749360390765
1,2016-02-13,0.026834716140647842
1,2016-02-14,0.026132078680230365
1,2016-02-15,0.028401475587541226
1,2016-02-16,0.029142765965452098
1,2016-02-17,0.031192181256339987
1,2016-02-18,0.02733057068311654
1,2016-02-19,0.0271364310538742
1,2016-02-20,0.028947813547860614
1,2016-02-21,0.03171576974268738
1,2016-02-22,0.029533811452123037
1,2016-02-23,0.03131855392608504
1,2016-02-24,0.027445829450553107
1,2016-02-25,0.028593119242723813
1,2016-02-26,0.028594950591426027
1,2016-02-27,0.027450945385428294
1,2016-02-28,0.032149022071742875
1,2016-02-29,0.033377422103424974
1,2016-03-01,0.03264286421836525
1,2016-03-02,0.029551981976543993
1,2016-03-03,0.031774851540655416
1,2016-03-04,0.029172721152761344
1,2016-03-05,0.028848955867079494
1,2016-03-06,0.02917765910291087
1,2016-03-07,0.031772783686635366
1,2016-03-08,0.029553559718314453
1,2016-03-09,0.03145019634234215
1,2016-03-10,0.02766300366630908
1,2016-03-11,0.0313262337105349
1,2016-03-12,0.028979920008774657
1,2016-03-13,0.02724899557707068
1,2016-03-14,0.028974035518818556
1,2016-03-15,0.03161742668972371
1,2016-03-16,0.028972302504003622
1,2016-03-17,0.027214126340702114
1,2016-03-18,0.02838207407114268
1,2016-03-19,0.027436989507179366
1,2016-03-20,0.03133139477494674
1,2016-03-21,0.029536467721477177
1,2016-03-22,0.03126034432894113
1,2016-03-23,0.027344132930189276
1,2016-03-24,0.027106650958110573
1,2016-03-25,0.02828784329692574
1,2016-03-26,0.027184117062574942
1,2016-03-27,0.028384495902550048
1,2016-03-28,0.027437023271066303
1,2016-03-29,0.03081046303008532
1,2016-03-30,0.02743980595017881
1,2016-03-31,0.02835597581982424
1,2016-04-01,0.027108286556446363
1,2016-04-02,0.02733472978193898
1,2016-04-03,0.031170075436438866
1,2016-04-04,0.029046797298686408
1,2016-04-05,0.027456014188911766
1,2016-04-06,0.030735754025603298
1,2016-04-07,0.027325800152866994
1,2016-04-08,0.02700233517047935
1,2016-04-09,0.027057781235399845
1,2016-04-10,0.028307307176483974
1,2016-04-11,0.027231825394591347
1,2016-04-12,0.028974899938135935
1,2016-04-13,0.031653785540669874
1,2016-04-14,0.02915427499335293
1,2016-04-15,0.028460763453237444
1,2016-04-16,0.026245353909463046
1,2016-04-17,0.028441158074917774
1,2016-04-18,0.028799474736254174
1,2016-04-19,0.029181627209580428
1,2016-04-20,0.03119275182166145
1,2016-04-21,0.027321091496572764
1,2016-04-22,0.026968242692277135
1,2016-04-23,0.026936259404174333
1,2016-04-24,0.027074542011719716
1,2016-04-25,0.028508282318002502
1,2016-04-26,0.02853088578385166
1,2016-04-27,0.02720738735706712
1,2016-04-28,0.02855166281990886
1,2016-04-29,0.028794434475153494
1,2016-04-30,0.028808126855910242
1,2016-05-01,0.028589845122363792
1,2016-05-02,0.02720877315844499
1,2016-05-03,0.0286068114030976
1,2016-05-04,0.029176998126334293
1,2016-05-05,0.03134110607682736
1,2016-05-06,0.027466990626201695
1,2016-05-07,0.028380362194606962
1,2016-05-08,0.027199208645036218
1,2016-05-09,0.028315355389476656
1,2016-05-10,0.0271123085753239
1,2016-05-11,0.027334730621118377
1,2016-05-12,0.03118503491888645
1,2016-05-13,0.029180052847594458
1,2016-05-14,0.028807888136364423
1,2016-05-15,0.028753493337324083
1,2016-05-16,0.02854162309015073
1,2016-05-17,0.02705385690040801
1,2016-05-18,0.02681081268756375
1,2016-05-19,0.02553427578526529
1,2016-05-20,0.028057385459343824
1,2016-05-21,0.027231184537080524
1,2016-05-22,0.029044775589173708
1,2016-05-23,0.031406475816325816
1,2016-05-24,0.027675961665374907
1,2016-05-25,0.03225473986546098
1,2016-05-26,0.03228497064395209
1,2016-05-27,0.027686387918399308
1,2016-05-28,0.03136543201398704
1,2016-05-29,0.029176715628800358
1,2016-05-30,0.02882370430801042
1,2016-05-31,0.0288413876806274
1,2016-06-01,0.029219748415507316
1,2016-06-02,0.031715274575001694
1,2016-06-03,0.02916148778997336
1,2016-06-04,0.028587283235075072
1,2016-06-05,0.027046213227696774
1,2016-06-06,0.026173786802675823
1,2016-06-07,0.028833890330788172
1,2016-06-08,0.03167911019350115
1,2016-06-09,0.02921894585313704
1,2016-06-10,0.028859572020571496
1,2016-06-11,0.028794374061115537
1,2016-06-12,0.028559396067535575
1,2016-06-13,0.027232168393741228
1,2016-06-14,0.028987958239437516
1,2016-06-15,0.03177541181566082
1,2016-06-16,0.029631601130629612
1,2016-06-17,0.03140264403948276
1,2016-06-18,0.02750277844097729
1,2016-06-19,0.028647980573199994
1,2016-06-20,0.028797691676140817
1,2016-06-21,0.028833782525635024
1,2016-06-22,0.029217143082077464
1,2016-06-23,0.03171026498850474
1,2016-06-24,0.029042417146915526
1,2016-06-25,0.027275093402016237
1,2016-06-26,0.028566160263807542
1,2016-06-27,0.028478398891750217
1,2016-06-28,0.026307999118289564
1,2016-06-29,0.02890428213495892
1,2016-06-30,0.031802038656839025
1,2016-07-01,0.029734383309964686
1,2016-07-02,0.03153945999980621
1,2016-07-03,0.027578690025176784
1,2016-07-04,0.028685310357486955
1,2016-07-05,0.02864582260933467
1,2016-07-06,0.027275996375987672
1,2016-07-07,0.02869523717660223
1,2016-07-08,0.029331688717315233
1,2016-07-09,0.03179674377672604
1,2016-07-10,0.029120244704345214
1,2016-07-11,0.027504136070392454
1,2016-07-12,0.032382645173943736
1,2016-07-13,0.03248728541444106
1,2016-07-14,0.02770418154354594
1,2016-07-15,0.028723986717430497
1,2016-07-16,0.02877706476807256
1,2016-07-17,0.027494618172055285
1,2016-07-18,0.03046337176855263
1,2016-07-19,0.025735618534616905
1,2016-07-20,0.028424986823235805
1,2016-07-21,0.028765862866212907
1,2016-07-22,0.02881200125932819
1,2016-07-23,0.028871263284373484
1,2016-07-24,0.02933331952457925
1,2016-07-25,0.031816164072973385
1,2016-07-26,0.02931750135964937
1,2016-07-27,0.02874781390269458
1,2016-07-28,0.02753033752536554
1,2016-07-29,0.03143007215498245
1,2016-07-30,0.02932057169479001
1,2016-07-31,0.02925371043165518
1,2016-08-01,0.03175365862358847
1,2016-08-02,0.029219009559748436
1,2016-08-03,0.028672141075462263
1,2016-08-04,0.027128461705750263
1,2016-08-05,0.027133902281584046
1,2016-08-06,0.02859663163575835
1,2016-08-07,0.028590187247643402
1,2016-08-08,0.027225845716499466
1,2016-08-09,0.028185588152603924
1,2016-08-10,0.02623617752540876
1,2016-08-11,0.028236803357382274
1,2016-08-12,0.02727714097394707
1,2016-08-13,0.028656942197809038
1,2016-08-14,0.028530951776886453
1,2016-08-15,0.027078333757796922
1,2016-08-16,0.02693080197335041
1,2016-08-17,0.026857338586993372
1,2016-08-18,0.02616808342407818
1,2016-08-19,0.02824020468182494
1,2016-08-20,0.027479311643098844
1,2016-08-21,0.03080027209521056
1,2016-08-22,0.027362734983268796
1,2016-08-23,0.02718187791081858
1,2016-08-24,0.028982149746651146
1,2016-08-25,0.032533615830143955
1,2016-08-26,0.033416917325362984
1,2016-08-27,0.03259397419625972
1,2016-08-28,0.02901790181027529
1,2016-08-29,0.027162266325732223
1,2016-08-30,0.02694779724730375
1,2016-08-31,0.026927944292086413
1,2016-09-01,0.026964312356323194
1,2016-09-02,0.026969455615759495
1,2016-09-03,0.02710498687003351
1,2016-09-04,0.028578763318914
1,2016-09-05,0.028625690754353384
1,2016-09-06,0.02752549443655087
1,2016-09-07,0.031408265201627573
1,2016-09-08,0.029256444471079408
1,2016-09-09,0.02867887602805039
1,2016-09-10,0.0272043094462127
1,2016-09-11,0.0270037568179681
1,2016-09-12,0.027047841605658304
1,2016-09-13,0.027398647853454625
1,2016-09-14,0.031235382793556154
1,2016-09-15,0.028787884434733395
1,2016-09-16,0.0255891519218253
1,2016-09-17,0.02629595827476221
1,2016-09-18,0.03096222210971742
1,2016-09-19,0.02959143593437744
1,2016-09-20,0.03137262332259833
1,2016-09-21,0.027447721847621773
1,2016-09-22,0.02840470258794324
1,2016-09-23,0.02724618372178756
1,2016-09-24,0.02836380383610542
1,2016-09-25,0.027220777577073727
1,2016-09-26,0.028564017062582218
1,2016-09-27,0.028663812511939984
1,2016-09-28,0.027310745681785913
1,2016-09-29,0.028606019398847538
1,2016-09-30,0.028623983407496036
1,2016-10-01,0.027288915427731913
1,2016-10-02,0.028685892865464364
1,2016-10-03,0.0288998699367426
1,2016-10-04,0.02888409797839359
1,2016-10-05,0.028645521423816562
1,2016-10-06,0.02720306441493604
1,2016-10-07,0.027371164668206983
1,2016-10-08,0.031150306498073616
1,2016-10-09,0.028928009062907215
1,2016-10-10,0.02633118675033726
1,2016-10-11,0.02888163437145765
1,2016-10-12,0.031222899184645957
1,2016-10-13,0.0275146807812841
1,2016-10-14,0.028532348187717663
1,2016-10-15,0.027316216081915184
1,2016-10-16,0.029035476240918286
1,2016-10-17,0.03160641528517878
1,2016-10-18,0.028894097934862736
1,2016-10-19,0.026300037506729684
1,2016-10-20,0.028431702837279613
1,2016-10-21,0.028562686679809126
1,2016-10-22,0.02724243362972494
1,2016-10-23,0.02859602209426912
1,2016-10-24,0.02879325260560909
1,2016-10-25,0.028590752561942868
1,2016-10-26,0.027223461714974674
1,2016-10-27,0.02814663348237528
1,2016-10-28,0.02612742844044256
1,2016-10-29,0.026127981434100334
1,2016-10-30,0.02811360809992249
1,2016-10-31,0.027087359864240372
1,2016-11-01,0.02715322029825361
1,2016-11-02,0.028579010737932915
1,2016-11-03,0.02862369915132411
1,2016-11-04,0.027263277741853463
1,2016-11-05,0.028575177391579148
1,2016-11-06,0.028634123004833444
1,2016-11-07,0.027485177487874258
1,2016-11-08,0.032174245111847896
1,2016-11-09,0.03221372394258365
1,2016-11-10,0.027511765227734082
1,2016-11-11,0.029095344590164742
1,2016-11-12,0.0325425525638671
1,2016-11-13,0.03215897951008255
1,2016-11-14,0.027489813708516758
1,2016-11-15,0.029088586884571263
1,2016-11-16,0.031187687938870015
1,2016-11-17,0.0273899402467891
1,2016-11-18,0.027415774989157836
1,2016-11-19,0.030708679967897445
1,2016-11-20,0.027327255734007794
1,2016-11-21,0.026904055401059397
1,2016-11-22,0.025678196506969654
1,2016-11-23,0.03028537858495213
1,2016-11-24,0.027468017154038377
1,2016-11-25,0.028364236517700023
1,2016-11-26,0.027146931379738018
1,2016-11-27,0.027398899910970623
1,2016-11-28,0.03129719168813024
1,2016-11-29,0.029566461868599882
1,2016-11-30,0.03174889953908724
1,2016-12-01,0.029024491297402377
1,2016-12-02,0.02728387461773451
1,2016-12-03,0.029020911244343577
1,2016-12-04,0.03253740787337475
1,2016-12-05,0.03259362043635346
1,2016-12-06,0.029198149811284935
1,2016-12-07,0.02865981753738184
1,2016-12-08,0.027473712062326613
1,2016-12-09,0.03135931297124859
1,2016-12-10,0.02957642841566256
1,2016-12-11,0.03179914437886791
1,2016-12-12,0.02915963942147066
1,2016-12-13,0.028473291203697567
1,2016-12-14,0.026247636416306848
1,2016-12-15,0.028395502475697925
1,2016-12-16,0.02836121902824974
1,2016-12-17,0.02615790307081283
1,2016-12-18,0.026990966255142006
1,2016-12-19,0.028250613946133783
1,2016-12-20,0.02705954756040617
1,2016-12-21,0.02692754913047835
1,2016-12-22,0.026915645751893952
1,2016-12-23,0.026928885074458127
1,2016-12-24,0.027051707068947214
1,2016-12-25,0.028249505550656626
1,2016-12-26,0.02699644084644048
1,2016-12-27,0.02613922453110984
1,2016-12-28,0.028067964884373523
1,2016-12-29,0.026874661584362886
1,2016-12-30,0.025384379928636448
1,2016-12-31,0.025386182040819053
1,2017-01-01,0.02545974353474272
1,2017-01-02,0.028688564475205475
1,2017-01-03,0.03156676239302055
1,2017-01-04,0.02883098979784694
1,2017-01-05,0.026201280836305973
1,2017-01-06,0.027259712156064292
1,2017-01-07,0.031219163286968523
1,2017-01-08,0.029547254306124017
1,2017-01-09,0.031777249890504164
1,2017-01-10,0.0291891100469816
1,2017-01-11,0.02877991875699468
1,2017-01-12,0.028379548313360856
1,2017-01-13,0.026148968250833324
1,2017-01-14,0.02690062658490442
1,2017-01-15,0.027314329977537875
1,2017-01-16,0.03073812520014284
1,2017-01-17,0.027456451444181042
1,2017-01-18,0.029020501389286336
1,2017-01-19,0.031144358087421106
1,2017-01-20,0.027304157370365657
1,2017-01-21,0.026947260737469846
1,2017-01-22,0.026308951328355257
1,2017-01-23,0.03178812100258217
1,2017-01-24,0.032614239037720795
1,2017-01-25,0.02954706750790097
1,2017-01-26,0.03176012769821305
1,2017-01-27,0.029205543394639388
1,2017-01-28,0.029210888532315713
1,2017-01-29,0.03255288454694165
1,2017-01-30,0.03255030229632891
1,2017-01-31,0.02914640873602858
1,2017-02-01,0.028454065209323157
1,2017-02-02,0.026258889366769234
1,2017-02-03,0.028853046290584612
1,2017-02-04,0.031104259391222834
1,2017-02-05,0.027268043062868775
1,2017-02-06,0.026170995765631404
1,2017-02-07,0.02840981478012002
1,2017-02-08,0.029139542711200624
1,2017-02-09,0.03118804161680219
1,2017-02-10,0.02730709296058583
1,2017-02-11,0.026958740019484576
1,2017-02-12,0.026898016563002856
1,2017-02-13,0.02683679586468922
1,2017-02-14,0.02613638826797372
1,2017-02-15,0.028407927701847784
1,2017-02-16,0.029149660292728787
1,2017-02-17,0.031197106452252335
1,2017-02-18,0.027338450996274043
1,2017-02-19,0.02714223081416452
1,2017-02-20,0.02894822443580492
1,2017-02-21,0.031725523848487466
1,2017-02-22,0.02954879810119574
1,2017-02-23,0.03133635102028217
1,2017-02-24,0.027454464865280866
1,2017-02-25,0.028595655093596274
1,2017-02-26,0.028582603095426713
1,2017-02-27,0.02744622415854373
1,2017-02-28,0.032153383838183766
1,2017-03-01,0.03337750710031637
1,2017-03-02,0.03264277844555126
1,2017-03-03,0.029559000587800182
1,2017-03-04,0.0317847981544073
1,2017-03-05,0.029196264916110187
1,2017-03-06,0.028848331802250205
1,2017-03-07,0.029187865125024467
1,2017-03-08,0.03177602441196625
1,2017-03-09,0.029553703610904036
1,2017-03-10,0.03144503959927565
1,2017-03-11,0.02766408476677379
1,2017-03-12,0.031345317903880586
1,2017-03-13,0.028984768453648606
1,2017-03-14,0.02725285170347475
1,2017-03-15,0.028993186885407835
1,2017-03-16,0.031641409785782004
1,2017-03-17,0.028992334014236777
1,2017-03-18,0.027239044792443427
1,2017-03-19,0.028406320968165415
1,2017-03-20,0.027468853012284848
1,2017-03-21,0.03137352851544294
1,2017-03-22,0.029575205503343503
1,2017-03-23,0.03128758583625741
1,2017-03-24,0.027378003688095783
1,2017-03-25,0.027163826525934874
1,2017-03-26,0.02833257496266979
1,2017-03-27,0.02721060288251218
1,2017-03-28,0.0284427924002282
1,2017-03-29,0.027504264872172758
1,2017-03-30,0.030874521467244523
1,2017-03-31,0.02752020700424052
1,2017-04-01,0.02843903693282139
1,2017-04-02,0.02719288806463488
1,2017-04-03,0.027418756141463718
1,2017-04-04,0.031269878350550125
1,2017-04-05,0.029147345778567386
1,2017-04-06,0.027497743985558463
1,2017-04-07,0.030788214809410182
1,2017-04-08,0.027420833401598548
1,2017-04-09,0.027097821082290162
1,2017-04-10,0.0271247616399328
1,2017-04-11,0.02837343477915127
1,2017-04-12,0.027302325630306934
1,2017-04-13,0.028999027990189913
1,2017-04-14,0.03168477977898096
1,2017-04-15,0.0292138359663073
1,2017-04-16,0.028522189380957293
1,2017-04-17,0.026297191969942707
1,2017-04-18,0.02848123189105075
1,2017-04-19,0.028840301545380115
1,2017-04-20,0.02924365988483506
1,2017-04-21,0.031288681747887306
1,2017-04-22,0.027414357308728904
1,2017-04-23,0.027007243888612913
1,2017-04-24,0.026961759355487447
1,2017-04-25,0.027152889988633862
1,2017-04-26,0.028589495952494562
1,2017-04-27,0.028589271468505886
1,2017-04-28,0.027232728100043548
1,2017-04-29,0.02857351745087378
1,2017-04-30,0.028759945619572132
1,2017-05-01,0.028771328077227532
1,2017-05-02,0.028588557083079832
1,2017-05-03,0.027305055237710273
1,2017-05-04,0.02866616803016346
1,2017-05-05,0.029253365353140378
1,2017-05-06,0.03128825568264589
1,2017-05-07,0.02753317525836947
1,2017-05-08,0.02858400057235886
1,2017-05-09,0.027318233634278467
1,2017-05-10,0.02839736587001383
1,2017-05-11,0.02726221841604224
1,2017-05-12,0.027430129199540527
1,2017-05-13,0.03126902406157404
1,2017-05-14,0.02925320057374341
1,2017-05-15,0.028888520042720574
1,2017-05-16,0.028830580252519396
1,2017-05-17,0.028596812289536255
1,2017-05-18,0.02713181187655487
1,2017-05-19,0.026859536606611497
1,2017-05-20,0.025567790378964856
1,2017-05-21,0.028138355653400234
1,2017-05-22,0.027297445148079264
1,2017-05-23,0.029011688742218003
1,2017-05-24,0.031357418464147246
1,2017-05-25,0.02772973891624093
1,2017-05-26,0.03230886315648909
1,2017-05-27,0.032276801408074644
1,2017-05-28,0.027714011292074358
1,2017-05-29,0.03139756243278106
1,2017-05-30,0.02918986974115514
1,2017-05-31,0.028845982569807953
1,2017-06-01,0.028873784265024186
1,2017-06-02,0.029270884966613616
1,2017-06-03,0.03177048077051142
1,2017-06-04,0.029187776005984482
1,2017-06-05,0.02866524923935041
1,2017-06-06,0.02713884355813094
1,2017-06-07,0.026247582923916025
1,2017-06-08,0.028902916912795423
1,2017-06-09,0.03174779885088816
1,2017-06-10,0.02927759275633322
1,2017-06-11,0.028901062643077284
1,2017-06-12,0.028824742804822997
1,2017-06-13,0.02857027686570982
1,2017-06-14,0.02725288978299014
1,2017-06-15,0.02900801865869254
1,2017-06-16,0.031827821471884725
1,2017-06-17,0.029662850129757657
1,2017-06-18,0.03149062307239919
1,2017-06-19,0.027603405956513102
1,2017-06-20,0.028704152956668
1,2017-06-21,0.02884798065451053
1,2017-06-22,0.028915156415480953
1,2017-06-23,0.029254888946060313
1,2017-06-24,0.03167298870348891
1,2017-06-25,0.029026549985201596
1,2017-06-26,0.027286239112999332
1,2017-06-27,0.028562456614804135
1,2017-06-28,0.028454414067900294
1,2017-06-29,0.02632849926838289
1,2017-06-30,0.028942379682988482
1,2017-07-01,0.03171513630811436
1,2017-07-02,0.02956044912407798
1,2017-07-03,0.031371137846161974
1,2017-07-04,0.027467557463356433
1,2017-07-05,0.0286200576050358
1,2017-07-06,0.028574127237389526
1,2017-07-07,0.027236943134336986
1,2017-07-08,0.02863892373217283
1,2017-07-09,0.029202311679715112
1,2017-07-10,0.03174455130675487
1,2017-07-11,0.02915102274755636
1,2017-07-12,0.027574472929509073
1,2017-07-13,0.03235989637117267
1,2017-07-14,0.03238244030595397
1,2017-07-15,0.02750723995741804
1,2017-07-16,0.028711740599966097
1,2017-07-17,0.028746665675235872
1,2017-07-18,0.027603891009838708
1,2017-07-19,0.030510232193806577
1,2017-07-20,0.02577838593731322
1,2017-07-21,0.028554690142994697
1,2017-07-22,0.028851366562782314
1,2017-07-23,0.02886441697640253
1,2017-07-24,0.02887326124213323
1,2017-07-25,0.029223168126860457
1,2017-07-26,0.031767913033815286
1,2017-07-27,0.02924569901859602
1,2017-07-28,0.028759398116562536
1,2017-07-29,0.027521169772281296
1,2017-07-30,0.03129880382501693
1,2017-07-31,0.02924664710453706
1,2017-08-01,0.02935932651089809
1,2017-08-02,0.0318630032470423
1,2017-08-03,0.02927197852746063
1,2017-08-04,0.028621389488569998
1,2017-08-05,0.027229215265283914
1,2017-08-06,0.02722876951752752
1,2017-08-07,0.028649503347238307
1,2017-08-08,0.028645477512015207
1,2017-08-09,0.027313695723060118
1,2017-08-10,0.028302071808439314
1,2017-08-11,0.02631223756480647
1,2017-08-12,0.028302073807266133
1,2017-08-13,0.02733426933540524
1,2017-08-14,0.028645342382957198
1,2017-08-15,0.028602705554009216
1,2017-08-16,0.027122386806070504
1,2017-08-17,0.026957059238382392
1,2017-08-18,0.02687883616223616
1,2017-08-19,0.026184345873926835
1,2017-08-20,0.028264887620848275
1,2017-08-21,0.027475939854090584
1,2017-08-22,0.030821130410651914
1,2017-08-23,0.027369536576958398
1,2017-08-24,0.027167717390188705
1,2017-08-25,0.029024281278383
1,2017-08-26,0.03260122885665617
1,2017-08-27,0.033462018590199316
1,2017-08-28,0.032642187596408745
1,2017-08-29,0.0290569474242325
1,2017-08-30,0.027176861833698662
1,2017-08-31,0.02697666513027351
1,2017-09-01,0.026948871003555138
1,2017-09-02,0.026950488247399346
1,2017-09-03,0.026951132208545645
1,2017-09-04,0.02709847206944602
1,2017-09-05,0.02856242780316334
1,2017-09-06,0.02865600643775105
1,2017-09-07,0.027512363329622563
1,2017-09-08,0.03129874926011631
1,2017-09-09,0.029198869053598222
1,2017-09-10,0.028608954137966432
1,2017-09-11,0.027150545326015418
1,2017-09-12,0.027033560696465543
1,2017-09-13,0.027020321311114072
1,2017-09-14,0.0273817911508198
1,2017-09-15,0.031151266355324534
1,2017-09-16,0.02871417436266203
1,2017-09-17,0.025543535416712063
1,2017-09-18,0.02626694357645274
1,2017-09-19,0.030920215718273504
1,2017-09-20,0.029592044690794822
1,2017-09-21,0.03136079071483021
1,2017-09-22,0.0274458551564506
1,2017-09-23,0.02841805747222323
1,2017-09-24,0.027208052095545256
1,2017-09-25,0.028330558567739025
1,2017-09-26,0.027208149414965986
1,2017-09-27,0.028563144682820354
1,2017-09-28,0.028572426733686592
1,2017-09-29,0.02723147972984793
1,2017-09-30,0.028558975711594888
1,2017-10-01,0.028565510357866745
1,2017-10-02,0.02724297783235434
1,2017-10-03,0.028614135910485967
1,2017-10-04,0.028815804720145458
1,2017-10-05,0.028792796457950243
1,2017-10-06,0.028559144732632758
1,2017-10-07,0.02715027795410395
1,2017-10-08,0.027354615143359354
1,2017-10-09,0.031192105318295166
1,2017-10-10,0.028899421623602036
1,2017-10-11,0.02630960666114558
1,2017-10-12,0.028917517818523444
1,2017-10-13,0.03123403015500477
1,2017-10-14,0.027445800640663234
1,2017-10-15,0.02841125100883599
1,2017-10-16,0.027234248650341367
1,2017-10-17,0.02900666355381391
1,2017-10-18,0.031628551192898924
1,2017-10-19,0.028869351799540945
1,2017-10-20,0.026262007172213962
1,2017-10-21,0.028410450299726452
1,2017-10-22,0.02852508864236632
1,2017-10-23,0.02721469812404926
1,2017-10-24,0.02855815997156347
1,2017-10-25,0.028738072904837552
1,2017-10-26,0.028555885863192947
1,2017-10-27,0.027212115994754354
1,2017-10-28,0.028141267702680557
1,2017-10-29,0.026106055378996643
1,2017-10-30,0.026105417583720727
1,2017-10-31,0.028098183590604797
1,2017-11-01,0.027060980702329585
1,2017-11-02,0.02710116978151703
1,2017-11-03,0.028532169961031067
1,2017-11-04,0.02857320841908684
1,2017-11-05,0.027236719353053045
1,2017-11-06,0.028543744549062843
1,2017-11-07,0.028604080856010794
1,2017-11-08,0.027473718867121404
1,2017-11-09,0.03215548218565588
1,2017-11-10,0.03214867156943338
1,2017-11-11,0.02747301726536863
1,2017-11-12,0.02905861350965007
1,2017-11-13,0.03252451724259029
1,2017-11-14,0.032139449011782575
1,2017-11-15,0.027468480111674774
1,2017-11-16,0.02904078864699878
1,2017-11-17,0.031159869901905203
1,2017-11-18,0.02736028029076267
1,2017-11-19,0.02737242901346805
1,2017-11-20,0.030682962112626493
1,2017-11-21,0.02730074675311419
1,2017-11-22,0.02688893243345268
1,2017-11-23,0.025632537814179013
1,2017-11-24,0.030261396826170697
1,2017-11-25,0.027448096401555624
1,2017-11-26,0.028352983884333587
1,2017-11-27,0.02711659894208365
1,2017-11-28,0.02735352249190758
1,2017-11-29,0.031255818931502484
1,2017-11-30,0.029547745409353763
1,2017-12-01,0.03173164459508819
1,2017-12-02,0.028982069589461475
1,2017-12-03,0.027247602376474646
1,2017-12-04,0.028987500017240295
1,2017-12-05,0.03251812162558061
1,2017-12-06,0.032548470359527036
1,2017-12-07,0.02917170700429644
1,2017-12-08,0.02865335626782988
1,2017-12-09,0.02745910239864595
1,2017-12-10,0.031344232750002164
1,2017-12-11,0.02955058712092618
1,2017-12-12,0.03177681998640107
1,2017-12-13,0.029160182156104376
1,2017-12-14,0.028465442582918988
1,2017-12-15,0.026239170621904225
1,2017-12-16,0.02838979413829061
1,2017-12-17,0.02835044808920505
1,2017-12-18,0.026152409443373787
1,2017-12-19,0.026983471383342682
1,2017-12-20,0.02824263713991646
1,2017-12-21,0.027050065203389494
1,2017-12-22,0.02692354115548359
1,2017-12-23,0.02691221112192555
1,2017-12-24,0.026925208626164536
1,2017-12-25,0.027049753909714667
1,2017-12-26,0.02824732134852789
1,2017-12-27,0.02699513095675779
1,2017-12-28,0.02614502481430555
1,2017-12-29,0.02807067119071116
1,2017-12-30,0.0268713893465471
1,2017-12-31,0.02538255012747504
1,2018-01-01,0.025453120271729204
1,2018-01-02,0.028677240069370433
1,2018-01-03,0.03155540044143016
1,2018-01-04,0.02881912045508807
1,2018-01-05,0.026190281948460757
1,2018-01-06,0.027260096651017744
1,2018-01-07,0.031214310380050375
1,2018-01-08,0.029543213357902002
1,2018-01-09,0.03176614249676804
1,2018-01-10,0.029181092008519816
1,2018-01-11,0.028778573566875285
1,2018-01-12,0.028373570834000984
1,2018-01-13,0.026146644077119016
1,2018-01-14,0.02689459322992855
1,2018-01-15,0.027306741173422758
1,2018-01-16,0.03073833572647749
1,2018-01-17,0.027460108963113693
1,2018-01-18,0.029032083635388554
1,2018-01-19,0.031156183298737043
1,2018-01-20,0.027308430242166323
1,2018-01-21,0.026941445464409776
1,2018-01-22,0.026308372690010993
1,2018-01-23,0.03178501548878685
1,2018-01-24,0.032629348366971206
1,2018-01-25,0.029568779260118392
1,2018-01-26,0.03177555465022051
1,2018-01-27,0.029220803699009323
1,2018-01-28,0.02922334080246546
1,2018-01-29,0.03254841277744806
1,2018-01-30,0.03256863204327434
1,2018-01-31,0.029171988102805215
1,2018-02-01,0.0284530051797612
1,2018-02-02,0.02625437528118082
1,2018-02-03,0.02885956034867288
1,2018-02-04,0.03109120537078168
1,2018-02-05,0.027256980967608188
1,2018-02-06,0.026178357692580697
1,2018-02-07,0.028417917041946565
1,2018-02-08,0.0291486033803993
1,2018-02-09,0.031182959167798837
1,2018-02-10,0.027310200843200932
1,2018-02-11,0.02697322196692676
1,2018-02-12,0.02690213269681738
1,2018-02-13,0.02684323635540647
1,2018-02-14,0.026162061836272465
1,2018-02-15,0.028439903376032735
1,2018-02-16,0.029179245483544725
1,2018-02-17,0.031205152494613888
1,2018-02-18,0.02734564742026454
1,2018-02-19,0.02714627473024602
1,2018-02-20,0.028966490069687826
1,2018-02-21,0.03173715824221361
1,2018-02-22,0.029547459414420055
1,2018-02-23,0.031334152622823346
1,2018-02-24,0.027459163502052637
1,2018-02-25,0.028599766148252617
1,2018-02-26,0.028604948398347537
1,2018-02-27,0.027466397855351946
1,2018-02-28,0.03217045510698599
1,2018-03-01,0.033387869930053715
1,2018-03-02,0.032648142428246076
1,2018-03-03,0.029567494865865115
1,2018-03-04,0.03179475569831389
1,2018-03-05,0.029201337171801373
1,2018-03-06,0.028849043403515365
1,2018-03-07,0.029185609977137657
1,2018-03-08,0.031772210940795034
1,2018-03-09,0.0295504063610197
1,2018-03-10,0.031438145745873496
1,2018-03-11,0.027655147583333428
1,2018-03-12,0.03133364648795847
1,2018-03-13,0.028974086380808214
1,2018-03-14,0.027258012845470032
1,2018-03-15,0.028999635473136193
1,2018-03-16,0.03164793282778094
1,2018-03-17,0.028989397397743772
1,2018-03-18,0.027223892706909156
1,2018-03-19,0.02839590473536016
1,2018-03-20,0.027436899838693143
1,2018-03-21,0.03131713744075546
1,2018-03-22,0.029543630352850618
1,2018-03-23,0.031269855781740706
1,2018-03-24,0.027343101742930875
1,2018-03-25,0.02710384727644667
1,2018-03-26,0.028304466247201638
1,2018-03-27,0.02721353706406526
1,2018-03-28,0.028397273543670117
1,2018-03-29,0.02744928301389972
1,2018-03-30,0.030820210179400374
1,2018-03-31,0.027454946945928163
1,2018-04-01,0.02838223916053938
1,2018-04-02,0.027140884705710834
1,2018-04-03,0.0273751780987588
1,2018-04-04,0.031187870349051787
1,2018-04-05,0.029046736528659186
1,2018-04-06,0.0275395377745798
1,2018-04-07,0.030807361963312834
1,2018-04-08,0.02733744546748095
1,2018-04-09,0.026989835160154737
1,2018-04-10,0.02707656266425851
1,2018-04-11,0.028317509488448158
1,2018-04-12,0.027244239251498978
1,2018-04-13,0.029029203243309872
1,2018-04-14,0.03169269736988441
1,2018-04-15,0.02915169625887043
1,2018-04-16,0.02845522720086503
1,2018-04-17,0.026271662559964003
1,2018-04-18,0.02846797816636523
1,2018-04-19,0.02882965009953576
1,2018-04-20,0.029206956117709123
1,2018-04-21,0.031217479123146073
1,2018-04-22,0.02733596817446314
1,2018-04-23,0.027013124785575326
1,2018-04-24,0.026974801925342472
1,2018-04-25,0.02706591982995467
1,2018-04-26,0.028525870400030445
1,2018-04-27,0.028569165585530253
1,2018-04-28,0.02725314270610042
1,2018-04-29,0.028593003850412444
1,2018-04-30,0.028841991032984876
1,2018-05-01,0.02884542674747971
1,2018-05-02,0.0286175531247362
1,2018-05-03,0.027224108287474375
1,2018-05-04,0.028612786132579518
1,2018-05-05,0.029179709062985275
1,2018-05-06,0.03137728674036189
1,2018-05-07,0.027519375519289492
1,2018-05-08,0.0284137575705748
1,2018-05-09,0.027255660847561994
1,2018-05-10,0.028375662187446027
1,2018-05-11,0.027157718323894593
1,2018-05-12,0.02737542721604012
1,2018-05-13,0.031218137667968774
1,2018-05-14,0.029178805688413356
1,2018-05-15,0.028804713836499216
1,2018-05-16,0.028758129001247565
1,2018-05-17,0.02856421434522274
1,2018-05-18,0.027080386644972903
1,2018-05-19,0.02684366828769208
1,2018-05-20,0.02560854569261479
1,2018-05-21,0.028153045395991946
1,2018-05-22,0.027292321863836372
1,2018-05-23,0.029177910109740194
1,2018-05-24,0.03151396954389175
1,2018-05-25,0.027746694357495588
1,2018-05-26,0.03233940680697781
1,2018-05-27,0.032359043322390875
1,2018-05-28,0.027774847026219292
1,2018-05-29,0.03142773705880935
1,2018-05-30,0.029213614115167055
1,2018-05-31,0.02885329925364135
1,2018-06-01,0.028861655914139757
1,2018-06-02,0.029234775357962893
1,2018-06-03,0.03173694126552047
1,2018-06-04,0.029212036628939703
1,2018-06-05,0.02863916347992292
1,2018-06-06,0.027089573214502522
1,2018-06-07,0.026222563650647634
1,2018-06-08,0.0288321282705264
1,2018-06-09,0.031630753899385106
1,2018-06-10,0.029207741960027248
1,2018-06-11,0.0288600273850139
1,2018-06-12,0.02881653580906273
1,2018-06-13,0.02865139028212103
1,2018-06-14,0.027343081978391158
1,2018-06-15,0.02907799852202335
1,2018-06-16,0.031775026374007684
1,2018-06-17,0.029560082952503442
1,2018-06-18,0.0314080627748334
1,2018-06-19,0.02750918498507216
1,2018-06-20,0.028653167181957324
1,2018-06-21,0.028797991586842795
1,2018-06-22,0.02887102800483461
1,2018-06-23,0.02921681381321219
1,2018-06-24,0.03171519764627653
1,2018-06-25,0.029027700280431935
1,2018-06-26,0.027284601199173916
1,2018-06-27,0.028612540749824854
1,2018-06-28,0.028449737572350333
1,2018-06-29,0.026341774210010032
1,2018-06-30,0.029025472767062334
1,2018-07-01,0.03182775011773683
1,2018-07-02,0.02961918951157599
1,2018-07-03,0.03138587444911697
1,2018-07-04,0.027545131050398696
1,2018-07-05,0.02872770010199731
1,2018-07-06,0.028629938127079327
1,2018-07-07,0.02736349097839145
1,2018-07-08,0.028693712849730605
1,2018-07-09,0.029218881022155006
1,2018-07-10,0.03178744983407138
1,2018-07-11,0.02919238898091692
1,2018-07-12,0.02769242629938546
1,2018-07-13,0.032155413301857665
1,2018-07-14,0.03215957023235091
1,2018-07-15,0.027638750509344272
1,2018-07-16,0.02879861123479989
1,2018-07-17,0.02877194391839267
1,2018-07-18,0.0276296135433705
1,2018-07-19,0.03041707749810413
1,2018-07-20,0.025863962487972986
1,2018-07-21,0.028647239838309062
1,2018-07-22,0.02892635993414414
1,2018-07-23,0.028945934431030662
1,2018-07-24,0.028958740885819352
1,2018-07-25,0.029297932008671253
1,2018-07-26,0.031815688175207094
1,2018-07-27,0.029271558514889523
1,2018-07-28,0.028749492605005398
1,2018-07-29,0.02759772216029979
1,2018-07-30,0.03148557726555482
1,2018-07-31,0.02943151383083532
1,2018-08-01,0.02947288795076253
1,2018-08-02,0.03194516138296751
1,2018-08-03,0.029321824430441713
1,2018-08-04,0.028709818844893167
1,2018-08-05,0.02729204517858026
1,2018-08-06,0.02726972922831587
1,2018-08-07,0.028657919792084957
1,2018-08-08,0.028641889092651647
1,2018-08-09,0.02728631414861632
1,2018-08-10,0.02832952120997506
1,2018-08-11,0.026372162754305522
1,2018-08-12,0.028237778067754543
1,2018-08-13,0.0272589872192796
1,2018-08-14,0.028618767726428296
1,2018-08-15,0.028616862133940706
1,2018-08-16,0.027203322162482495
1,2018-08-17,0.027069967242009496
1,2018-08-18,0.026989785081328165
1,2018-08-19,0.026258484135757387
1,2018-08-20,0.02830085320908158
1,2018-08-21,0.02752942217774347
1,2018-08-22,0.030882291500259874
1,2018-08-23,0.02746502422474935
1,2018-08-24,0.027261162291674707
1,2018-08-25,0.029116919547268267
1,2018-08-26,0.0326959913405202
1,2018-08-27,0.033515149500131874
1,2018-08-28,0.03270826260543733
1,2018-08-29,0.02909732565517436
1,2018-08-30,0.02715860382271466
1,2018-08-31,0.02708000690245539
1,2018-09-01,0.027075194582233886
1,2018-09-02,0.027041427200243995
1,2018-09-03,0.027056013575623757
1,2018-09-04,0.027162288735252223
1,2018-09-05,0.0285424375719532
1,2018-09-06,0.028674304549745143
1,2018-09-07,0.027495669043598035
1,2018-09-08,0.03132430738877855
1,2018-09-09,0.029256561352955467
1,2018-09-10,0.02863602622812283
1,2018-09-11,0.02711823093152701
1,2018-09-12,0.027071368496878027
1,2018-09-13,0.027083502504365243
1,2018-09-14,0.027429379662461784
1,2018-09-15,0.031212226474903057
1,2018-09-16,0.028816329781321103
1,2018-09-17,0.02559646393251286
1,2018-09-18,0.026340656542480308
1,2018-09-19,0.03097290527407688
1,2018-09-20,0.02968510105469996
1,2018-09-21,0.031487232251056686
1,2018-09-22,0.02761100811569484
1,2018-09-23,0.02857392882908864
1,2018-09-24,0.027326187536146504
1,2018-09-25,0.028452510927931208
1,2018-09-26,0.02735314542257777
1,2018-09-27,0.02867538267083571
1,2018-09-28,0.028578164257919047
1,2018-09-29,0.027307802240846283
1,2018-09-30,0.028645160304674608
1,2018-10-01,0.028628504920714493
1,2018-10-02,0.027324600052284116
1,2018-10-03,0.02865593703570908
1,2018-10-04,0.02884229619773724
1,2018-10-05,0.02883349976026827
1,2018-10-06,0.028605208245078683
1,2018-10-07,0.027198302934847464
1,2018-10-08,0.027439058859165057
1,2018-10-09,0.03127522078609068
1,2018-10-10,0.028923515075380112
1,2018-10-11,0.026330522478330988
1,2018-10-12,0.02896697624984492
1,2018-10-13,0.03128836681320425
1,2018-10-14,0.027483436717267214
1,2018-10-15,0.02839192930444914
1,2018-10-16,0.02724779468949911
1,2018-10-17,0.02904816339246202
1,2018-10-18,0.03171686969360375
1,2018-10-19,0.028923484100046082
1,2018-10-20,0.026307680870182495
1,2018-10-21,0.028476400015040912
1,2018-10-22,0.028586951127519123
1,2018-10-23,0.02728343095175814
1,2018-10-24,0.028609377253616317
1,2018-10-25,0.02876699043677199
1,2018-10-26,0.028612665474089725
1,2018-10-27,0.027257505863779796
1,2018-10-28,0.02817629371923703
1,2018-10-29,0.026152987166698415
1,2018-10-30,0.026154162387181212
1,2018-10-31,0.028158653157256377
1,2018-11-01,0.02716457970739856
1,2018-11-02,0.0271401067321369
1,2018-11-03,0.028550940166454854
1,2018-11-04,0.028577128418534794
1,2018-11-05,0.02729533717238141
1,2018-11-06,0.028657263989071674
1,2018-11-07,0.02871661964528502
1,2018-11-08,0.027588183653016733
1,2018-11-09,0.03224107911615306
1,2018-11-10,0.032201698628412954
1,2018-11-11,0.027582193413280356
1,2018-11-12,0.029140051882586965
1,2018-11-13,0.032619517712221754
1,2018-11-14,0.032245818493905135
1,2018-11-15,0.027593161088948506
1,2018-11-16,0.02909977409547027
1,2018-11-17,0.03125282796789376
1,2018-11-18,0.02745770595963657
1,2018-11-19,0.027408715287116095
1,2018-11-20,0.03074118738158218
1,2018-11-21,0.02736214524734063
1,2018-11-22,0.026966493705894094
1,2018-11-23,0.025659789865484228
1,2018-11-24,0.03027806034283612
1,2018-11-25,0.02746268884695327
1,2018-11-26,0.028409469384878344
1,2018-11-27,0.027122340481973563
1,2018-11-28,0.02733672009043703
1,2018-11-29,0.03128302119490256
1,2018-11-30,0.029576673037500528
1,2018-12-01,0.0317503756067672
1,2018-12-02,0.029000313177897363
1,2018-12-03,0.027282396261982707
1,2018-12-04,0.029020629974455384
1,2018-12-05,0.03255209238722618
1,2018-12-06,0.03257901837590148
1,2018-12-07,0.02918345621547109
1,2018-12-08,0.028687831512159527
1,2018-12-09,0.027478351523694548
1,2018-12-10,0.03135156973733375
1,2018-12-11,0.02955857657141597
1,2018-12-12,0.0317634881046318
1,2018-12-13,0.02917050791302036
1,2018-12-14,0.028476974582228986
1,2018-12-15,0.02625821325004163
1,2018-12-16,0.028397281119893026
1,2018-12-17,0.02835961171444747
1,2018-12-18,0.026173083276898518
1,2018-12-19,0.02701222026724979
1,2018-12-20,0.028251697364044905
1,2018-12-21,0.027074543880692355
1,2018-12-22,0.02695349500216135
1,2018-12-23,0.026929374570312428
1,2018-12-24,0.026949092960613298
1,2018-12-25,0.027077805252175017
1,2018-12-26,0.028263011603893645
1,2018-12-27,0.027011747713453556
1,2018-12-28,0.02619287020136178
1,2018-12-29,0.028114207323724695
1,2018-12-30,0.026904740393194657
1,2018-12-31,0.025423089409840553
1,2019-01-01,0.025488764710173303
1,2019-01-02,0.02870829565892371
1,2019-01-03,0.03159399500026767
1,2019-01-04,0.028866942957142417
1,2019-01-05,0.026235731832074408
1,2019-01-06,0.027309867928472408
1,2019-01-07,0.03125862737672976
1,2019-01-08,0.02957053845685598
1,2019-01-09,0.031777490481634176
1,2019-01-10,0.029190156047351326
1,2019-01-11,0.02879041587346565
1,2019-01-12,0.02838829187376878
1,2019-01-13,0.026156117403264907
1,2019-01-14,0.02690149225400656
1,2019-01-15,0.027313366291351362
1,2019-01-16,0.03074487673218329
1,2019-01-17,0.0274669828909424
1,2019-01-18,0.0290349637959487
1,2019-01-19,0.031159008635169964
1,2019-01-20,0.02731928531912171
1,2019-01-21,0.026963574715512313
1,2019-01-22,0.026326516545129082
1,2019-01-23,0.031801822579369234
1,2019-01-24,0.03262075191939286
1,2019-01-25,0.029556035660692422
1,2019-01-26,0.03177525917814537
1,2019-01-27,0.029226436756894965
1,2019-01-28,0.02923262222645329
1,2019-01-29,0.032569087574793716
1,2019-01-30,0.03256776101894692
1,2019-01-31,0.029167789250262123
1,2019-02-01,0.028474876896915566
1,2019-02-02,0.026281768108574032
1,2019-02-03,0.02887967675167335
1,2019-02-04,0.031128631138296742
1,2019-02-05,0.027296581433261153
1,2019-02-06,0.02620154507187782
1,2019-02-07,0.028434348832339303
1,2019-02-08,0.029164711165344984
1,2019-02-09,0.03120715268837124
1,2019-02-10,0.027336152419590514
1,2019-02-11,0.027008651148782644
1,2019-02-12,0.026939151495458936
1,2019-02-13,0.02687431390570107
1,2019-02-14,0.02618260242587041
1,2019-02-15,0.028465679342567083
1,2019-02-16,0.029208036818695264
1,2019-02-17,0.031239307232203098
1,2019-02-18,0.027386132413538343
1,2019-02-19,0.02718689808722717
1,2019-02-20,0.028999759971318043
1,2019-02-21,0.03177018502217246
1,2019-02-22,0.029584160312237567
1,2019-02-23,0.031376084589509474
1,2019-02-24,0.027507070463881223
1,2019-02-25,0.028639951656607994
1,2019-02-26,0.02863279984940602
1,2019-02-27,0.027506322013601862
1,2019-02-28,0.03221949495702472
1,2019-03-01,0.033429425289034434
1,2019-03-02,0.03268753196991775
1,2019-03-03,0.029611676575365415
1,2019-03-04,0.03183427939458778
1,2019-03-05,0.029242341012762314
1,2019-03-06,0.02887761722123396
1,2019-03-07,0.029214225693814804
1,2019-03-08,0.03179820789960991
1,2019-03-09,0.029578800974762405
1,2019-03-10,0.031463570365998506
1,2019-03-11,0.027681711786981696
1,2019-03-12,0.03135536785164174
1,2019-03-13,0.028994229266194806
1,2019-03-14,0.027264974364228516
1,2019-03-15,0.029004387816475272
1,2019-03-16,0.0316480778063855
1,2019-03-17,0.028995923118448712
1,2019-03-18,0.02723404580328733
1,2019-03-19,0.028397701119650835
1,2019-03-20,0.02744388672192864
1,2019-03-21,0.031329675565111216
1,2019-03-22,0.029546762072953817
1,2019-03-23,0.031271928194270784
1,2019-03-24,0.027356248919573264
1,2019-03-25,0.02712105312924621
1,2019-03-26,0.028302760066221334
1,2019-03-27,0.027194367487261596
1,2019-03-28,0.028391777337226226
1,2019-03-29,0.02744603166943779
1,2019-03-30,0.030818339502512525
1,2019-03-31,0.027452041053972684
1,2019-04-01,0.028369819814251133
1,2019-04-02,0.0271238026108118
1,2019-04-03,0.027352818299858923
1,2019-04-04,0.031176890105711015
1,2019-04-05,0.029051687271274395
1,2019-04-06,0.027491236285010313
1,2019-04-07,0.03076715190713141
1,2019-04-08,0.027332833566717812
1,2019-04-09,0.026998663805434427
1,2019-04-10,0.027068499504955015
1,2019-04-11,0.028308529600646365
1,2019-04-12,0.027233290782343687
1,2019-04-13,0.028983342126263974
1,2019-04-14,0.031667031802442104
1,2019-04-15,0.029164491544944333
1,2019-04-16,0.02847123609099713
1,2019-04-17,0.02626285287958313
1,2019-04-18,0.028458488754142447
1,2019-04-19,0.02881705489165992
1,2019-04-20,0.02919780915931269
1,2019-04-21,0.031217273364349877
1,2019-04-22,0.027337212771589632
1,2019-04-23,0.026992276720296676
1,2019-04-24,0.026958181384543835
1,2019-04-25,0.027076645359644616
1,2019-04-26,0.028530881240774936
1,2019-04-27,0.028566407167449147
1,2019-04-28,0.027253971820643114
1,2019-04-29,0.028593700424774864
1,2019-04-30,0.028822411784153904
1,2019-05-01,0.02883181558605355
1,2019-05-02,0.028617718728810578
1,2019-05-03,0.027249469600778432
1,2019-05-04,0.028632030799222913
1,2019-05-05,0.029209829549709458
1,2019-05-06,0.03135229753142842
1,2019-05-07,0.02750896347839196
1,2019-05-08,0.02843336430775977
1,2019-05-09,0.027264421443101816
1,2019-05-10,0.028383141000844662
1,2019-05-11,0.027161343751017475
1,2019-05-12,0.02741229460658765
1,2019-05-13,0.031276577329256275
1,2019-05-14,0.029262785315190575
1,2019-05-15,0.02890052588513474
1,2019-05-16,0.028841137226819157
1,2019-05-17,0.028583865336235144
1,2019-05-18,0.02710921193799573
1,2019-05-19,0.026876950570721782
1,2019-05-20,0.025566126852784633
1,2019-05-21,0.028090007421083998
1,2019-05-22,0.027272699290346293
1,2019-05-23,0.029061875969583813
1,2019-05-24,0.031460419859165055
1,2019-05-25,0.027744878507299606
1,2019-05-26,0.032332734560151406
1,2019-05-27,0.03237138358334818
1,2019-05-28,0.02774866698781261
1,2019-05-29,0.03148975881556166
1,2019-05-30,0.02930771791195641
1,2019-05-31,0.02890931371614853
1,2019-06-01,0.02890757465599542
1,2019-06-02,0.02928535850804504
1,2019-06-03,0.03182047995326772
1,2019-06-04,0.02929669159842081
1,2019-06-05,0.02860335263280468
1,2019-06-06,0.027061487763835223
1,2019-06-07,0.026248450206342155
1,2019-06-08,0.028918755496109897
1,2019-06-09,0.03172142824539969
1,2019-06-10,0.029231493620206876
1,2019-06-11,0.028852190226924063
1,2019-06-12,0.0288049054681301
1,2019-06-13,0.02865317136026685
1,2019-06-14,0.02735652792185274
1,2019-06-15,0.02909979075550526
1,2019-06-16,0.031829917693048576
1,2019-06-17,0.029599311072241473
1,2019-06-18,0.031402437495497953
1,2019-06-19,0.02752454301030339
1,2019-06-20,0.02870285114630579
1,2019-06-21,0.028859352819841963
1,2019-06-22,0.02896060974089362
1,2019-06-23,0.029293159450037676
1,2019-06-24,0.031769452788474165
1,2019-06-25,0.029101103827929353
1,2019-06-26,0.027369992173988264
1,2019-06-27,0.028688934583953028
1,2019-06-28,0.02852437976240715
1,2019-06-29,0.026411244720052972
1,2019-06-30,0.029068297798966473
1,2019-07-01,0.03187673010066927
1,2019-07-02,0.02966713233122778
1,2019-07-03,0.031423928270270185
1,2019-07-04,0.027616474577905902
1,2019-07-05,0.028846054214602523
1,2019-07-06,0.02877756382264559
1,2019-07-07,0.027559534692774227
1,2019-07-08,0.028910836545121287
1,2019-07-09,0.029379365945991148
1,2019-07-10,0.031958978240698196
1,2019-07-11,0.029433777797488035
1,2019-07-12,0.02795556342459057
1,2019-07-13,0.03229324805114529
1,2019-07-14,0.03224327878814549
1,2019-07-15,0.02774615307213869
1,2019-07-16,0.028975853343400394
1,2019-07-17,0.028938605573323943
1,2019-07-18,0.027857302778446214
1,2019-07-19,0.03058772094621507
1,2019-07-20,0.02608989298461919
1,2019-07-21,0.028903792804148905
1,2019-07-22,0.029177849757364316
1,2019-07-23,0.029201461756431877
1,2019-07-24,0.029193993087404044
1,2019-07-25,0.02945961359938198
1,2019-07-26,0.031947521868092355
1,2019-07-27,0.029377968812612235
1,2019-07-28,0.028955951301869613
1,2019-07-29,0.02776155810227837
1,2019-07-30,0.03155285529750413
1,2019-07-31,0.02946313781854411
1,2019-08-01,0.029524445825841666
1,2019-08-02,0.0319545084831557
1,2019-08-03,0.029387401245146383
1,2019-08-04,0.028733341254879193
1,2019-08-05,0.02728865285834545
1,2019-08-06,0.027262447400309375
1,2019-08-07,0.028627480193847414
1,2019-08-08,0.028675253429562324
1,2019-08-09,0.027348164950033865
1,2019-08-10,0.028397114945208395
1,2019-08-11,0.02642512485535729
1,2019-08-12,0.028319374579409286
1,2019-08-13,0.027291485528448744
1,2019-08-14,0.028616926769220726
1,2019-08-15,0.02866584869004402
1,2019-08-16,0.027241769492649514
1,2019-08-17,0.027065306097010168
1,2019-08-18,0.026976351572487848
1,2019-08-19,0.02625115721293425
1,2019-08-20,0.02832103013263328
1,2019-08-21,0.027531749342031654
1,2019-08-22,0.03083991668853336
1,2019-08-23,0.027419802540837163
1,2019-08-24,0.027237336386815483
1,2019-08-25,0.029046589645631615
1,2019-08-26,0.03264612882094117
1,2019-08-27,0.03347707426601949
1,2019-08-28,0.03259251253327465
1,2019-08-29,0.029020743772849408
1,2019-08-30,0.02716726743886261
1,2019-08-31,0.027004777739329505
1,2019-09-01,0.026978604920794874
1,2019-09-02,0.026974238890074626
1,2019-09-03,0.02700619573036841
1,2019-09-04,0.02714761599026539
1,2019-09-05,0.028603389733163242
1,2019-09-06,0.028715696503331088
1,2019-09-07,0.0275403427371763
1,2019-09-08,0.03131704625501439
1,2019-09-09,0.029237046338956824
1,2019-09-10,0.02863484075498047
1,2019-09-11,0.02716942905991735
1,2019-09-12,0.027112251151766083
1,2019-09-13,0.02709713725774195
1,2019-09-14,0.027456702870458264
1,2019-09-15,0.03125715755932084
1,2019-09-16,0.02893440689809653
1,2019-09-17,0.02571745256481787
1,2019-09-18,0.02649115233601267
1,2019-09-19,0.031063398554276266
1,2019-09-20,0.02976657406877561
1,2019-09-21,0.03162555981776789
1,2019-09-22,0.02777227658265454
1,2019-09-23,0.02866638416911491
1,2019-09-24,0.027400110756321077
1,2019-09-25,0.02859163771082707
1,2019-09-26,0.027513053001536097
1,2019-09-27,0.028848313285350268
1,2019-09-28,0.02867356697140058
1,2019-09-29,0.0273669327352819
1,2019-09-30,0.02873770494389535
1,2019-10-01,0.028708483492288942
1,2019-10-02,0.02741036190461355
1,2019-10-03,0.028697242827999583
1,2019-10-04,0.028881606126513856
1,2019-10-05,0.02890762876560136
1,2019-10-06,0.028688391308150676
1,2019-10-07,0.027293569163026478
1,2019-10-08,0.027592736502900547
1,2019-10-09,0.031428679284414264
1,2019-10-10,0.02902559005926254
1,2019-10-11,0.026453823664753656
1,2019-10-12,0.02907987571935763
1,2019-10-13,0.03138863003835226
1,2019-10-14,0.027581897581077694
1,2019-10-15,0.028459922761113362
1,2019-10-16,0.027329554972331832
1,2019-10-17,0.02910316843905925
1,2019-10-18,0.0317904443952355
1,2019-10-19,0.02900521954100363
1,2019-10-20,0.02638058361366798
1,2019-10-21,0.028559305437711898
1,2019-10-22,0.028673713174315912
1,2019-10-23,0.02735171368546805
1,2019-10-24,0.02867133733041684
1,2019-10-25,0.028835154035458565
1,2019-10-26,0.028681956578667553
1,2019-10-27,0.02733263653417908
1,2019-10-28,0.02826696414463767
1,2019-10-29,0.026250145404788344
1,2019-10-30,0.026238050138516756
1,2019-10-31,0.02823817179647329
1,2019-11-01,0.027228230904127442
1,2019-11-02,0.027208665870651797
1,2019-11-03,0.028624142919871164
1,2019-11-04,0.02864433257710538
1,2019-11-05,0.027352662222623243
1,2019-11-06,0.028682378155246102
1,2019-11-07,0.02874597500485476
1,2019-11-08,0.027640913467674694
1,2019-11-09,0.03230884238320573
1,2019-11-10,0.03224961965927526
1,2019-11-11,0.02765492688384544
1,2019-11-12,0.029204127524694607
1,2019-11-13,0.032702311020695964
1,2019-11-14,0.03236373000702078
1,2019-11-15,0.027702182391930757
1,2019-11-16,0.029189546115867562
1,2019-11-17,0.031319712258105335
1,2019-11-18,0.027525128648012615
1,2019-11-19,0.027490868601363756
1,2019-11-20,0.03080595174078479
1,2019-11-21,0.02741809618402827
1,2019-11-22,0.02701969308401583
1,2019-11-23,0.025715968409580233
1,2019-11-24,0.030324916650312027
1,2019-11-25,0.027511987923276863
1,2019-11-26,0.028457109515525
1,2019-11-27,0.027181069199939675
1,2019-11-28,0.027380678420237115
1,2019-11-29,0.031313621534030514
1,2019-11-30,0.029607534110045523
1,2019-12-01,0.031784380341632716
1,2019-12-02,0.029026017693100967
1,2019-12-03,0.02730653594311413
1,2019-12-04,0.029038327798726293
1,2019-12-05,0.03256316074065624
1,2019-12-06,0.032585577712764095
1,2019-12-07,0.029209709802063277
1,2019-12-08,0.028688150087619015
1,2019-12-09,0.027473002879834892
1,2019-12-10,0.031343052419158315
1,2019-12-11,0.029555418794643087
1,2019-12-12,0.0317772751192742
1,2019-12-13,0.02915562265698345
1,2019-12-14,0.02846589765726874
1,2019-12-15,0.026241343265202083
1,2019-12-16,0.028393068450203708
1,2019-12-17,0.028355558419367655
1,2019-12-18,0.026159671982361
1,2019-12-19,0.026990896005467266
1,2019-12-20,0.028248018038935757
1,2019-12-21,0.027055874426822724
1,2019-12-22,0.026922257827761503
1,2019-12-23,0.026907436418848036
1,2019-12-24,0.026925467411760787
1,2019-12-25,0.027052319749963156
1,2019-12-26,0.02824397944463994
1,2019-12-27,0.026988247370055857
1,2019-12-28,0.026142650219966264
1,2019-12-29,0.028069769875593464
1,2019-12-30,0.026867954818701273
1,2019-12-31,0.02537730888268686
1,2020-01-01,0.025444592726016162
1,2020-01-02,0.02867243949684994
1,2020-01-03,0.0315557127375668
1,2020-01-04,0.02882023716213486
1,2020-01-05,0.026191580314091297
1,2020-01-06,0.027257987062588532
1,2020-01-07,0.031216428523696552
1,2020-01-08,0.029539939720691733
1,2020-01-09,0.03176765216472564
1,2020-01-10,0.029181055882298346
1,2020-01-11,0.028775806065796786
1,2020-01-12,0.0283725606509954
1,2020-01-13,0.026141849317084166
1,2020-01-14,0.026892985855724458
1,2020-01-15,0.02730593188368593
1,2020-01-16,0.030738103883222453
1,2020-01-17,0.027460608268310396
1,2020-01-18,0.02902804744449005
1,2020-01-19,0.031151033774626333
1,2020-01-20,0.02730553259803432
1,2020-01-21,0.026942377308316605
1,2020-01-22,0.026306866743281542
1,2020-01-23,0.03178654080069606
1,2020-01-24,0.03261499433080048
1,2020-01-25,0.029549832479649027
1,2020-01-26,0.03176273884758553
1,2020-01-27,0.029206893314794136
1,2020-01-28,0.029212603112671705
1,2020-01-29,0.032556229863732716
1,2020-01-30,0.032563662734429295
1,2020-01-31,0.029162098902312902
1,2020-02-01,0.028457013334231694
1,2020-02-02,0.026258609548449025
1,2020-02-03,0.02885653893705256
1,2020-02-04,0.031103263564014137
1,2020-02-05,0.02726825388116459
1,2020-02-06,0.026179514805625755
1,2020-02-07,0.02842429932568347
1,2020-02-08,0.029155673154865953
1,2020-02-09,0.03119709545348174
1,2020-02-10,0.02731666850168761
1,2020-02-11,0.02696752196826903
1,2020-02-12,0.026901404966067143
1,2020-02-13,0.02684192705903818
1,2020-02-14,0.026151560279446432
1,2020-02-15,0.028427363638843777
1,2020-02-16,0.02916773119277936
1,2020-02-17,0.031206274479988888
1,2020-02-18,0.027351001782184494
1,2020-02-19,0.02715397867482827
1,2020-02-20,0.02897306769232665
1,2020-02-21,0.031751232531800296
1,2020-02-22,0.02956694916522012
1,2020-02-23,0.031360852620028475
1,2020-02-24,0.02748157899696027
1,2020-02-25,0.02862194332598538
1,2020-02-26,0.028616632224119976
1,2020-02-27,0.027484716207135964
1,2020-02-28,0.032197423583752355
1,2020-02-29,0.033412461587736184
1,2020-03-01,0.03267620434357035
1,2020-03-02,0.02960035973425564
1,2020-03-03,0.03182080543810025
1,2020-03-04,0.029236588710698088
1,2020-03-05,0.02886972971464105
1,2020-03-06,0.029209344200779128
1,2020-03-07,0.03178973949993707
1,2020-03-08,0.02956629218652683
1,2020-03-09,0.031452335912596836
1,2020-03-10,0.02767460212274589
1,2020-03-11,0.031364103058963075
1,2020-03-12,0.029000225236556793
1,2020-03-13,0.027275439205353417
1,2020-03-14,0.02902108080388129
1,2020-03-15,0.03166914567385632
1,2020-03-16,0.029006221297325295
1,2020-03-17,0.02724013841233964
1,2020-03-18,0.02840669331126782
1,2020-03-19,0.027452506364441583
1,2020-03-20,0.03134286005874213
1,2020-03-21,0.02956001705496256
1,2020-03-22,0.031266731719894435
1,2020-03-23,0.02733297775979865
1,2020-03-24,0.02711094021947785
1,2020-03-25,0.02831070819955695
1,2020-03-26,0.027210323474280856
1,2020-03-27,0.028402505800418254
1,2020-03-28,0.027450605484298223
1,2020-03-29,0.030812098374623845
1,2020-03-30,0.027449633996270657
1,2020-03-31,0.02837183752386936
1,2020-04-01,0.02711806128114657
1,2020-04-02,0.027344383381480725
1,2020-04-03,0.031170992048361323
1,2020-04-04,0.029036604165053114
1,2020-04-05,0.027482045559557838
1,2020-04-06,0.03075680893757027
1,2020-04-07,0.027320530308214408
1,2020-04-08,0.026995769902946505
1,2020-04-09,0.02705941969415849
1,2020-04-10,0.028303353997574773
1,2020-04-11,0.02724131774622302
1,2020-04-12,0.02899442773289604
1,2020-04-13,0.031676654802892314
1,2020-04-14,0.029160453006547654
1,2020-04-15,0.028464339294138195
1,2020-04-16,0.026248160594564664
1,2020-04-17,0.028427328168722454
1,2020-04-18,0.028777447047865914
1,2020-04-19,0.029169262875489068
1,2020-04-20,0.031194483893307052
1,2020-04-21,0.027319971011281335
1,2020-04-22,0.02696012892796895
1,2020-04-23,0.026926319295780522
1,2020-04-24,0.0270782725326575
1,2020-04-25,0.028516240329007087
1,2020-04-26,0.02854119655846635
1,2020-04-27,0.027214692011516866
1,2020-04-28,0.028558738369931246
1,2020-04-29,0.028769025283409702
1,2020-04-30,0.028776233731099995
1,2020-05-01,0.02857344824272094
1,2020-05-02,0.027234643803138402
1,2020-05-03,0.028618172580338476
1,2020-05-04,0.02919477327359895
1,2020-05-05,0.03131068435152222
1,2020-05-06,0.02746824909006072
1,2020-05-07,0.02843195934744683
1,2020-05-08,0.02723024678010669
1,2020-05-09,0.028333201422395846
1,2020-05-10,0.027142501522592025
1,2020-05-11,0.02738393000971875
1,2020-05-12,0.0312499595435006
1,2020-05-13,0.029233155326919565
1,2020-05-14,0.028875937884688112
1,2020-05-15,0.028818422239843117
1,2020-05-16,0.02856374118037849
1,2020-05-17,0.027089018735457368
1,2020-05-18,0.026854498138865226
1,2020-05-19,0.025543743980433728
1,2020-05-20,0.028074069906044115
1,2020-05-21,0.02727155291514063
1,2020-05-22,0.029016557739498107
1,2020-05-23,0.031409113810978016
1,2020-05-24,0.02772932940543704
1,2020-05-25,0.03231799557269931
1,2020-05-26,0.032330054568290946
1,2020-05-27,0.027699308533419516
1,2020-05-28,0.031452582543628385
1,2020-05-29,0.02928933585985746
1,2020-05-30,0.02888116608522662
1,2020-05-31,0.02884432195939952
1,2020-06-01,0.029211356703564707
1,2020-06-02,0.031749039208168246
1,2020-06-03,0.029229562881573804
1,2020-06-04,0.028555223263608737
1,2020-06-05,0.02702143986423848
1,2020-06-06,0.026205678560095237
1,2020-06-07,0.028888541760406474
1,2020-06-08,0.03171123128609211
1,2020-06-09,0.029220565180972324
1,2020-06-10,0.028862327072725926
1,2020-06-11,0.0288242260343364
1,2020-06-12,0.028631616188105332
1,2020-06-13,0.02731204505736337
1,2020-06-14,0.02905750353419816
1,2020-06-15,0.03181102501262651
1,2020-06-16,0.02961012295170166
1,2020-06-17,0.03136847988111218
1,2020-06-18,0.027482822561733806
1,2020-06-19,0.028635612422386277
1,2020-06-20,0.02878163081145924
1,2020-06-21,0.02884293092521716
1,2020-06-22,0.0292152923794046
1,2020-06-23,0.031705247980659046
1,2020-06-24,0.02903815478765025
1,2020-06-25,0.027277596083952225
1,2020-06-26,0.028581242590965793
1,2020-06-27,0.028454839862700348
1,2020-06-28,0.026289533692931546
1,2020-06-29,0.02889339213703695
1,2020-06-30,0.0317864622847627
1,2020-07-01,0.02967097669989924
1,2020-07-02,0.03144590153324788
1,2020-07-03,0.02751308141005378
1,2020-07-04,0.02865326493215249
1,2020-07-05,0.028596488662430294
1,2020-07-06,0.027246269781292298
1,2020-07-07,0.02865769072694994
1,2020-07-08,0.02922838255078646
1,2020-07-09,0.0317169498600269
1,2020-07-10,0.02910204236516317
1,2020-07-11,0.027516572254451796
1,2020-07-12,0.032249954033193376
1,2020-07-13,0.03230015594991607
1,2020-07-14,0.02754866497072624
1,2020-07-15,0.028639035301422606
1,2020-07-16,0.028683157795602463
1,2020-07-17,0.027456796763852306
1,2020-07-18,0.03037574175141403
1,2020-07-19,0.02569584384961503
1,2020-07-20,0.028437893679545016
1,2020-07-21,0.028753695469534296
1,2020-07-22,0.02879312174622842
1,2020-07-23,0.028846055965529714
1,2020-07-24,0.0292871878599815
1,2020-07-25,0.03178527691862024
1,2020-07-26,0.029258802273789807
1,2020-07-27,0.028746327050451867
1,2020-07-28,0.027530263089545374
1,2020-07-29,0.03139344896082474
1,2020-07-30,0.02926891273702814
1,2020-07-31,0.029239564627173364
1,2020-08-01,0.03171916711720859
1,2020-08-02,0.02920859887213317
1,2020-08-03,0.02862622403201437
1,2020-08-04,0.027137068113807263
1,2020-08-05,0.02713237161019054
1,2020-08-06,0.028567371110155802
1,2020-08-07,0.028627059995983736
1,2020-08-08,0.027287302721501924
1,2020-08-09,0.028322737194810876
1,2020-08-10,0.026348662528136897
1,2020-08-11,0.028298768363585105
1,2020-08-12,0.02728448333806421
1,2020-08-13,0.028605145909667232
1,2020-08-14,0.02856581975645137
1,2020-08-15,0.027141503754620745
1,2020-08-16,0.02698439396745155
1,2020-08-17,0.02689771226440006
1,2020-08-18,0.02616892856788552
1,2020-08-19,0.028253054137228218
1,2020-08-20,0.02749465086100757
1,2020-08-21,0.030803438312157615
1,2020-08-22,0.027402975521169395
1,2020-08-23,0.02722018040217988
1,2020-08-24,0.029037546685625245
1,2020-08-25,0.03262301734730772
1,2020-08-26,0.03343420880463491
1,2020-08-27,0.032584047622362396
1,2020-08-28,0.0289981265718002
1,2020-08-29,0.02711794023911706
1,2020-08-30,0.026974740028767194
1,2020-08-31,0.026963430243588746
1,2020-09-01,0.026958885257064726
1,2020-09-02,0.026982199947007655
1,2020-09-03,0.027111908519257558
1,2020-09-04,0.028550127098954037
1,2020-09-05,0.028640304322898474
1,2020-09-06,0.027499908337128745
1,2020-09-07,0.03135305472020353
1,2020-09-08,0.029238562805011723
1,2020-09-09,0.028627745367205124
1,2020-09-10,0.02711653511658001
1,2020-09-11,0.02694643809347784
1,2020-09-12,0.026995509807855082
1,2020-09-13,0.027343626889462867
1,2020-09-14,0.031157643806620526
1,2020-09-15,0.028744463875175034
1,2020-09-16,0.025534441812742944
1,2020-09-17,0.02627843688320092
1,2020-09-18,0.030926197389352286
1,2020-09-19,0.029561336954416984
1,2020-09-20,0.03138231536347721
1,2020-09-21,0.027499114576831345
1,2020-09-22,0.02841545964163366
1,2020-09-23,0.02721737174429928
1,2020-09-24,0.02836489866538572
1,2020-09-25,0.027234778349398605
1,2020-09-26,0.028580697207559562
1,2020-09-27,0.028604365643780702
1,2020-09-28,0.02724318108863105
1,2020-09-29,0.02857292862232231
1,2020-09-30,0.028585014993381987
1,2020-10-01,0.02724336958380992
1,2020-10-02,0.028606329887617587
1,2020-10-03,0.028821686100699514
1,2020-10-04,0.028843856015290534
1,2020-10-05,0.028604356555274355
1,2020-10-06,0.02715544822862195
1,2020-10-07,0.027361996002844655
1,2020-10-08,0.031152247886064813
1,2020-10-09,0.028868292030742336
1,2020-10-10,0.02626801914611461
1,2020-10-11,0.028858284869056044
1,2020-10-12,0.031200652269325196
1,2020-10-13,0.02744759776233306
1,2020-10-14,0.02842747995968019
1,2020-10-15,0.02724581020344344
1,2020-10-16,0.029027699267513037
1,2020-10-17,0.031651335656828386
1,2020-10-18,0.028900878315961852
1,2020-10-19,0.026292324376377924
1,2020-10-20,0.028435692389783246
1,2020-10-21,0.02855476497115997
1,2020-10-22,0.027255574942047837
1,2020-10-23,0.028597001736678854
1,2020-10-24,0.028774951949065816
1,2020-10-25,0.028590148529987664
1,2020-10-26,0.02721221283265688
1,2020-10-27,0.028127074543779898
1,2020-10-28,0.026107590148632644
1,2020-10-29,0.026116875572968788
1,2020-10-30,0.028116807256976663
1,2020-10-31,0.02710847495587005
1,2020-11-01,0.02713303546903604
1,2020-11-02,0.02853807047140492
1,2020-11-03,0.028563042677567728
1,2020-11-04,0.027235047019266836
1,2020-11-05,0.02857609136038776
1,2020-11-06,0.02862428594332137
1,2020-11-07,0.027467597911206832
1,2020-11-08,0.0321362441767456
1,2020-11-09,0.032149318409822485
1,2020-11-10,0.027493331957124972
1,2020-11-11,0.029079474180950186
1,2020-11-12,0.03254898269823108
1,2020-11-13,0.032155521278140815
1,2020-11-14,0.0275011371871133
1,2020-11-15,0.029060259355723272
1,2020-11-16,0.03120281497642897
1,2020-11-17,0.027403670696890394
1,2020-11-18,0.02737733366456942
1,2020-11-19,0.030699972898780126
1,2020-11-20,0.02731723350682993
1,2020-11-21,0.026909304975769488
1,2020-11-22,0.025633870247099278
1,2020-11-23,0.030255795845969883
1,2020-11-24,0.027444223087385075
1,2020-11-25,0.0283698378588505
1,2020-11-26,0.027118754722336685
1,2020-11-27,0.027371080844477914
1,2020-11-28,0.031303228999233754
1,2020-11-29,0.02959129886858968
1,2020-11-30,0.03176457196349209
1,2020-12-01,0.029026864492758906
1,2020-12-02,0.027288588673621876
1,2020-12-03,0.029016123421444655
1,2020-12-04,0.03254171413409308
1,2020-12-05,0.03258744619579732
1,2020-12-06,0.029181091323066146
1,2020-12-07,0.02866434911500382
1,2020-12-08,0.02745153481885527
1,2020-12-09,0.03133075542406959
1,2020-12-10,0.029550068575980217
1,2020-12-11,0.03176637044832854
1,2020-12-12,0.029164047156922484
1,2020-12-13,0.028473669825936927
1,2020-12-14,0.0262579584303077
1,2020-12-15,0.028403578127137324
1,2020-12-16,0.028357362369301527
1,2020-12-17,0.02616981961914954
1,2020-12-18,0.02700861375278068
1,2020-12-19,0.02825250723460642
1,2020-12-20,0.027062807613222276
1,2020-12-21,0.026935601743292438
1,2020-12-22,0.02691105779467068
1,2020-12-23,0.02693053023884108
1,2020-12-24,0.02705874868132018
1,2020-12-25,0.02824559417820461
1,2020-12-26,0.026991676990194856
1,2020-12-27,0.02616041807098161
1,2020-12-28,0.028081194662825052
1,2020-12-29,0.026872549077410553
1,2020-12-30,0.02538508703448222
1,2020-12-31,0.025383814844411445
1,2021-01-01,0.025447970279447323
1,2021-01-02,0.028670478987066095
1,2021-01-03,0.03155407819114886
1,2021-01-04,0.02882566646399122
1,2021-01-05,0.026196180940133526
1,2021-01-06,0.027271030879495096
1,2021-01-07,0.031230604765962202
1,2021-01-08,0.029544692515604664
1,2021-01-09,0.03176307390347768
1,2021-01-10,0.02917650361071526
1,2021-01-11,0.028774462469322044
1,2021-01-12,0.028374486653167413
1,2021-01-13,0.02614100993703463
1,2021-01-14,0.026889862114562093
1,2021-01-15,NA
1,2021-01-16,NA
1,2021-01-17,NA
1,2021-01-18,NA
1,2021-01-19,NA
1,2021-01-20,NA
1,2021-01-21,NA
1,2021-01-22,NA
1,2021-01-23,NA
1,2021-01-24,NA
1,2021-01-25,NA
1,2021-01-26,NA
1,2021-01-27,NA
1,2021-01-28,NA
1,2021-01-29,NA
1,2021-01-30,NA
1,2021-01-31,NA
1,2021-02-01,NA
1,2021-02-02,NA
1,2021-02-03,NA
1,2021-02-04,NA
1,2021-02-05,NA
1,2021-02-06,NA
1,2021-02-07,NA
1,2021-02-08,NA
1,2021-02-09,NA
1,2021-02-10,NA
1,2021-02-11,NA
1,2021-02-12,NA
1,2021-02-13,NA
1,2021-02-14,NA
1,2021-02-15,NA
1,2021-02-16,NA
1,2021-02-17,NA
1,2021-02-18,NA
1,2021-02-19,NA
1,2021-02-20,NA
1,2021-02-21,NA
1,2021-02-22,NA
1,2021-02-23,NA
1,2021-02-24,NA
1,2021-02-25,NA
1,2021-02-26,NA
1,2021-02-27,NA
1,2021-02-28,NA
1,2021-03-01,NA
1,2021-03-02,NA
1,2021-03-03,NA
1,2021-03-04,NA
1,2021-03-05,NA
1,2021-03-06,NA
1,2021-03-07,NA
1,2021-03-08,NA
1,2021-03-09,NA
1,2021-03-10,NA
1,2021-03-11,NA
1,2021-03-12,NA
1,2021-03-13,NA
1,2021-03-14,NA
1,2021-03-15,NA
1,2021-03-16,NA
1,2021-03-17,NA
1,2021-03-18,NA
1,2021-03-19,NA
1,2021-03-20,NA
1,2021-03-21,NA
1,2021-03-22,NA
1,2021-03-23,NA
1,2021-03-24,NA
1,2021-03-25,NA
1,2021-03-26,NA
1,2021-03-27,NA
1,2021-03-28,NA
1,2021-03-29,NA
1,2021-03-30,NA
1,2021-03-31,NA
1,2021-04-01,NA
1,2021-04-02,NA
1,2021-04-03,NA
1,2021-04-04,NA
1,2021-04-05,NA
1,2021-04-06,NA
1,2021-04-07,NA
1,2021-04-08,NA
1,2021-04-09,NA
1,2021-04-10,NA
1,2021-04-11,NA
1,2021-04-12,NA
1,2021-04-13,NA
1,2021-04-14,NA
1,2021-04-15,NA
1,2021-04-16,NA
1,2021-04-17,NA
1,2021-04-18,NA
1,2021-04-19,NA
1,2021-04-20,NA
1,2021-04-21,NA
1,2021-04-22,NA
1,2021-04-23,NA
1,2021-04-24,NA
1,2021-04-25,NA
1,2021-04-26,NA
1,2021-04-27,NA
1,2021-04-28,NA
1,2021-04-29,NA
1,2021-04-30,NA
1,2021-05-01,NA
1,2021-05-02,NA
1,2021-05-03,NA
1,2021-05-04,NA
1,2021-05-05,NA
1,2021-05-06,NA
1,2021-05-07,NA
1,2021-05-08,NA
1,2021-05-09,NA
1,2021-05-10,NA
1,2021-05-11,NA
1,2021-05-12,NA
1,2021-05-13,NA
1,2021-05-14,NA
1,2021-05-15,NA
1,2021-05-16,NA
1,2021-05-17,NA
1,2021-05-18,NA
1,2021-05-19,NA
1,2021-05-20,NA
1,2021-05-21,NA
1,2021-05-22,NA
1,2021-05-23,NA
1,2021-05-24,NA
1,2021-05-25,NA
1,2021-05-26,NA
1,2021-05-27,NA
1,2021-05-28,NA
1,2021-05-29,NA
1,2021-05-30,NA
1,2021-05-31,NA
1,2021-06-01,NA
1,2021-06-02,NA
1,2021-06-03,NA
1,2021-06-04,NA
1,2021-06-05,NA
1,2021-06-06,NA
1,2021-06-07,NA
1,2021-06-08,NA
1,2021-06-09,NA
1,2021-06-10,NA
1,2021-06-11,NA
1,2021-06-12,NA
1,2021-06-13,NA
1,2021-06-14,NA
1,2021-06-15,NA
1,2021-06-16,NA
1,2021-06-17,NA
1,2021-06-18,NA
1,2021-06-19,NA
1,2021-06-20,NA
1,2021-06-21,NA
1,2021-06-22,NA
1,2021-06-23,NA
1,2021-06-24,NA
1,2021-06-25,NA
1,2021-06-26,NA
1,2021-06-27,NA
1,2021-06-28,NA
1,2021-06-29,NA
1,2021-06-30,NA
1,2021-07-01,NA
1,2021-07-02,NA
1,2021-07-03,NA
1,2021-07-04,NA
1,2021-07-05,NA
1,2021-07-06,NA
1,2021-07-07,NA
1,2021-07-08,NA
1,2021-07-09,NA
1,2021-07-10,NA
1,2021-07-11,NA
1,2021-07-12,NA
1,2021-07-13,NA
1,2021-07-14,NA
1,2021-07-15,NA
1,2021-07-16,NA
1,2021-07-17,NA
1,2021-07-18,NA
1,2021-07-19,NA
1,2021-07-20,NA
1,2021-07-21,NA
1,2021-07-22,NA
1,2021-07-23,NA
1,2021-07-24,NA
1,2021-07-25,NA
1,2021-07-26,NA
1,2021-07-27,NA
1,2021-07-28,NA
1,2021-07-29,NA
1,2021-07-30,NA
1,2021-07-31,NA
1,2021-08-01,NA
1,2021-08-02,NA
1,2021-08-03,NA
1,2021-08-04,NA
1,2021-08-05,NA
1,2021-08-06,NA
1,2021-08-07,NA
1,2021-08-08,NA
1,2021-08-09,NA
1,2021-08-10,NA
1,2021-08-11,NA
1,2021-08-12,NA
1,2021-08-13,NA
1,2021-08-14,NA
1,2021-08-15,NA
1,2021-08-16,NA
1,2021-08-17,NA
1,2021-08-18,NA
1,2021-08-19,NA
1,2021-08-20,NA
1,2021-08-21,NA
1,2021-08-22,NA
1,2021-08-23,NA
1,2021-08-24,NA
1,2021-08-25,NA
1,2021-08-26,NA
1,2021-08-27,NA
1,2021-08-28,NA
1,2021-08-29,NA
1,2021-08-30,NA
1,2021-08-31,NA
1,2021-09-01,NA
1,2021-09-02,NA
1,2021-09-03,NA
1,2021-09-04,NA
1,2021-09-05,NA
1,2021-09-06,NA
1,2021-09-07,NA
1,2021-09-08,NA
1,2021-09-09,NA
1,2021-09-10,NA
1,2021-09-11,NA
1,2021-09-12,NA
1,2021-09-13,NA
1,2021-09-14,NA
1,2021-09-15,NA
1,2021-09-16,NA
1,2021-09-17,NA
1,2021-09-18,NA
1,2021-09-19,NA
1,2021-09-20,NA
1,2021-09-21,NA
1,2021-09-22,NA
1,2021-09-23,NA
1,2021-09-24,NA
1,2021-09-25,NA
1,2021-09-26,NA
1,2021-09-27,NA
1,2021-09-28,NA
1,2021-09-29,NA
1,2021-09-30,NA
1,2021-10-01,NA
1,2021-10-02,NA
1,2021-10-03,NA
1,2021-10-04,NA
1,2021-10-05,NA
1,2021-10-06,NA
1,2021-10-07,NA
1,2021-10-08,NA
1,2021-10-09,NA
1,2021-10-10,NA
1,2021-10-11,NA
1,2021-10-12,NA
1,2021-10-13,NA
1,2021-10-14,NA
1,2021-10-15,NA
1,2021-10-16,NA
1,2021-10-17,NA
1,2021-10-18,NA
1,2021-10-19,NA
1,2021-10-20,NA
1,2021-10-21,NA
1,2021-10-22,NA
1,2021-10-23,NA
1,2021-10-24,NA
1,2021-10-25,NA
1,2021-10-26,NA
1,2021-10-27,NA
1,2021-10-28,NA
1,2021-10-29,NA
1,2021-10-30,NA
1,2021-10-31,NA
1,2021-11-01,NA
1,2021-11-02,NA
1,2021-11-03,NA
1,2021-11-04,NA
1,2021-11-05,NA
1,2021-11-06,NA
1,2021-11-07,NA
1,2021-11-08,NA
1,2021-11-09,NA
1,2021-11-10,NA
1,2021-11-11,NA
1,2021-11-12,NA
1,2021-11-13,NA
1,2021-11-14,NA
1,2021-11-15,NA
1,2021-11-16,NA
1,2021-11-17,NA
1,2021-11-18,NA
1,2021-11-19,NA
1,2021-11-20,NA
1,2021-11-21,NA
1,2021-11-22,NA
1,2021-11-23,NA
1,2021-11-24,NA
1,2021-11-25,NA
1,2021-11-26,NA
1,2021-11-27,NA
1,2021-11-28,NA
1,2021-11-29,NA
1,2021-11-30,NA
1,2021-12-01,NA
1,2021-12-02,NA
1,2021-12-03,NA
1,2021-12-04,NA
1,2021-12-05,NA
1,2021-12-06,NA
1,2021-12-07,NA
1,2021-12-08,NA
1,2021-12-09,NA
1,2021-12-10,NA
1,2021-12-11,NA
1,2021-12-12,NA
1,2021-12-13,NA
1,2021-12-14,NA
1,2021-12-15,NA
1,2021-12-16,NA
1,2021-12-17,NA
1,2021-12-18,NA
1,2021-12-19,NA
1,2021-12-20,NA
1,2021-12-21,NA
1,2021-12-22,NA
1,2021-12-23,NA
1,2021-12-24,NA
1,2021-12-25,NA
1,2021-12-26,NA
1,2021-12-27,NA
1,2021-12-28,NA
1,2021-12-29,NA
1,2021-12-30,NA
1,2021-12-31,NA
1,2022-01-01,NA
1,2022-01-02,NA
1,2022-01-03,NA
1,2022-01-04,NA
1,2022-01-05,NA
1,2022-01-06,NA
1,2022-01-07,NA
1,2022-01-08,NA
1,2022-01-09,NA
1,2022-01-10,NA
1,2022-01-11,NA
1,2022-01-12,NA
1,2022-01-13,NA
1,2022-01-14,NA
1,2022-01-15,NA
1,2022-01-16,NA
1,2022-01-17,NA
1,2022-01-18,NA
1,2022-01-19,NA
