site,date,value
1,2012-12-31,-0.3556574093169876
1,2013-01-02,-0.3532758200520198
1,2013-01-03,-0.3522135731455088
1,2013-01-04,-0.3514313954993475
1,2013-01-05,-0.35093608951552646
1,2013-01-06,-0.3506907166653413
1,2013-01-07,-0.35065786664578535
1,2013-01-08,-0.35083632077937404
1,2013-01-09,-0.3512357674648928
1,2013-01-10,-0.35184123426422526
1,2013-01-11,-0.35262312856856276
1,2013-01-12,-0.3535461979220198
1,2013-01-13,-0.3545012266299522
1,2013-01-14,-0.3553962510028107
1,2013-01-15,-0.35618864518317306
1,2013-01-16,-0.3569100835059515
1,2013-01-17,-0.3575910531974753
1,2013-01-18,-0.35814759159924225
1,2013-01-19,-0.35849370202870806
1,2013-01-20,-0.3586205085798411
1,2013-01-21,-0.3585239234762941
1,2013-01-22,-0.35814986279479083
1,2013-01-23,-0.3574830194069086
1,2013-01-24,-0.35656114043796017
1,2013-01-25,-0.3554584130197271
1,2013-01-26,-0.3542337086475585
1,2013-01-27,-0.35293047019575846
1,2013-01-28,-0.3515869424502161
1,2013-01-29,-0.3502802526594479
1,2013-01-30,-0.34898630668945346
1,2013-01-31,-0.3476492452802406
1,2013-02-01,-0.34621210481754905
1,2013-02-02,-0.3446477248858209
1,2013-02-03,-0.34302459834613297
1,2013-02-04,-0.3414809639982833
1,2013-02-05,-0.34015077886619255
1,2013-02-06,-0.3390701167646122
1,2013-02-07,-0.33822433215295045
1,2013-02-08,-0.33756419819432393
1,2013-02-09,-0.33703963066268616
1,2013-02-10,-0.33662974550129116
1,2013-02-11,-0.33632332459810527
1,2013-02-12,-0.33611808944620253
1,2013-02-13,-0.3359943594405228
1,2013-02-14,-0.3359357765963771
1,2013-02-15,-0.3360015427683481
1,2013-02-16,-0.33622414807689527
1,2013-02-17,-0.33653912094156885
1,2013-02-18,-0.33687549270343226
1,2013-02-19,-0.33721126583180305
1,2013-02-20,-0.3375052860223534
1,2013-02-21,-0.3376960474991047
1,2013-02-22,-0.33775600726635263
1,2013-02-23,-0.3376963356318375
1,2013-02-24,-0.33752413032296624
1,2013-02-25,-0.3372306789253282
1,2013-02-26,-0.33678040177842933
1,2013-02-27,-0.3361774402342524
1,2013-02-28,-0.3354751381858395
1,2013-03-01,-0.3347326112167315
1,2013-03-02,-0.33399711223446676
1,2013-03-03,-0.33326268735346837
1,2013-03-04,-0.33252073292705614
1,2013-03-05,-0.33175340860078234
1,2013-03-06,-0.3309967593653694
1,2013-03-07,-0.3303106345100662
1,2013-03-08,-0.3297645256714667
1,2013-03-09,-0.32937238794535184
1,2013-03-10,-0.3291748344755248
1,2013-03-11,-0.3291929332124912
1,2013-03-12,-0.3294356418261155
1,2013-03-13,-0.32991039193918054
1,2013-03-14,-0.3306284015594216
1,2013-03-15,-0.3316039279884145
1,2013-03-16,-0.33282229507855454
1,2013-03-17,-0.3342799514961251
1,2013-03-18,-0.33598232456028726
1,2013-03-19,-0.33793550114719273
1,2013-03-20,-0.34016789331280395
1,2013-03-21,-0.34265560481975443
1,2013-03-22,-0.3453527966807863
1,2013-03-23,-0.3482672512274997
1,2013-03-24,-0.3513714634229784
1,2013-03-25,-0.35459088593002613
1,2013-03-26,-0.3578222659993641
1,2013-03-27,-0.36097622896712317
1,2013-03-28,-0.36402414135255534
1,2013-03-29,-0.3669735709195026
1,2013-03-30,-0.36979843881296715
1,2013-03-31,-0.37246687923924204
1,2013-04-01,-0.3749112427265508
1,2013-04-02,-0.37701149347056817
1,2013-04-03,-0.37874654505418937
1,2013-04-04,-0.38012620460918845
1,2013-04-05,-0.3810322615161687
1,2013-04-06,-0.38141525609890087
1,2013-04-07,-0.3812062366109132
1,2013-04-08,-0.3803103428902083
1,2013-04-09,-0.37867098868305127
1,2013-04-10,-0.3763680519812774
1,2013-04-11,-0.3734228702824062
1,2013-04-12,-0.3696878465419863
1,2013-04-13,-0.3650907697983347
1,2013-04-14,-0.35977566300666064
1,2013-04-15,-0.3538736465921214
1,2013-04-16,-0.3472700429084962
1,2013-04-17,-0.33984896063738396
1,2013-04-18,-0.3316775539088167
1,2013-04-19,-0.3227837633799396
1,2013-04-20,-0.31300039508070415
1,2013-04-21,-0.30213523830585476
1,2013-04-22,-0.29023712899152937
1,2013-04-23,-0.2773566179949014
1,2013-04-24,-0.2635650138816954
1,2013-04-25,-0.2489247290870691
1,2013-04-26,-0.23351413750003597
1,2013-04-27,-0.21738126870521027
1,2013-04-28,-0.20030386788202237
1,2013-04-29,-0.1821625852303525
1,2013-04-30,-0.163211307770356
1,2013-05-01,-0.14362327540416667
1,2013-05-02,-0.12350188249287858
1,2013-05-03,-0.10289578635363261
1,2013-05-04,-0.08200883054265873
1,2013-05-05,-0.060951085753924175
1,2013-05-06,-0.03973525024247793
1,2013-05-07,-0.018484980408691457
1,2013-05-08,0.0026433716914599443
1,2013-05-09,0.023412030561874454
1,2013-05-10,0.043742036085550745
1,2013-05-11,0.0636190255715966
1,2013-05-12,0.08284589491710224
1,2013-05-13,0.10127631177960596
1,2013-05-14,0.118813337686722
1,2013-05-15,0.13566218628961846
1,2013-05-16,0.15213212600618647
1,2013-05-17,0.1680740700356916
1,2013-05-18,0.18346393802455452
1,2013-05-19,0.19829204333284625
1,2013-05-20,0.21257056420150947
1,2013-05-21,0.22618301806340593
1,2013-05-22,0.23904404322403316
1,2013-05-23,0.25124115934205626
1,2013-05-24,0.2629221206610447
1,2013-05-25,0.2741729295137972
1,2013-05-26,0.28515129759343016
1,2013-05-27,0.2961064661061328
1,2013-05-28,0.3069066367866446
1,2013-05-29,0.3173865983649907
1,2013-05-30,0.32749284749786706
1,2013-05-31,0.33709546639624693
1,2013-06-01,0.34609543393392517
1,2013-06-02,0.354393932480305
1,2013-06-03,0.36194015997949375
1,2013-06-04,0.3685714702269442
1,2013-06-05,0.37454480934426315
1,2013-06-06,0.38005774015449845
1,2013-06-07,0.38516273280662616
1,2013-06-08,0.38991610391868475
1,2013-06-09,0.3943190226704213
1,2013-06-10,0.3983269022821248
1,2013-06-11,0.4018274006123426
1,2013-06-12,0.4048702463718385
1,2013-06-13,0.4075680290429021
1,2013-06-14,0.4100436141934042
1,2013-06-15,0.412319436902576
1,2013-06-16,0.414422584862565
1,2013-06-17,0.4163892141385461
1,2013-06-18,0.4183041958037401
1,2013-06-19,0.4201606705019242
1,2013-06-20,0.4218934432658058
1,2013-06-21,0.4233206209162875
1,2013-06-22,0.42436886751764397
1,2013-06-23,0.4251461526515243
1,2013-06-24,0.4258322523282575
1,2013-06-25,0.4265121881527133
1,2013-06-26,0.42714408709794066
1,2013-06-27,0.4276761449502695
1,2013-06-28,0.42808996451099773
1,2013-06-29,0.4283522636934446
1,2013-06-30,0.4284498269604041
1,2013-07-01,0.42840211509302084
1,2013-07-02,0.42825541250267946
1,2013-07-03,0.4280009640941543
1,2013-07-04,0.4276120416434535
1,2013-07-05,0.42702615790555987
1,2013-07-06,0.4261699830931175
1,2013-07-07,0.4249794951926515
1,2013-07-08,0.42341709918225384
1,2013-07-09,0.42152217663399283
1,2013-07-10,0.41933733959362895
1,2013-07-11,0.41687163564269786
1,2013-07-12,0.4141174643227188
1,2013-07-13,0.41110682931367815
1,2013-07-14,0.4078660108164049
1,2013-07-15,0.40441911632988564
1,2013-07-16,0.40082630272960973
1,2013-07-17,0.397036667979581
1,2013-07-18,0.3929962856030424
1,2013-07-19,0.3886644989446689
1,2013-07-20,0.384015948201919
1,2013-07-21,0.3790684375968123
1,2013-07-22,0.3739054013018431
1,2013-07-23,0.36860719580520773
1,2013-07-24,0.3631956637137142
1,2013-07-25,0.3576907183239512
1,2013-07-26,0.3520653387644302
1,2013-07-27,0.3462978843282204
1,2013-07-28,0.3403860750768085
1,2013-07-29,0.33434552302733833
1,2013-07-30,0.32819876663566083
1,2013-07-31,0.321952588373622
1,2013-08-01,0.31563281370621926
1,2013-08-02,0.3093462622821427
1,2013-08-03,0.30316290822245845
1,2013-08-04,0.2970695356364579
1,2013-08-05,0.2910381431210159
1,2013-08-06,0.2850272290865724
1,2013-08-07,0.2790279259865514
1,2013-08-08,0.27304502636777905
1,2013-08-09,0.26706171905671894
1,2013-08-10,0.26104645563087625
1,2013-08-11,0.2549716971754
1,2013-08-12,0.24883005063440905
1,2013-08-13,0.2425635725230176
1,2013-08-14,0.2361401042058617
1,2013-08-15,0.2295167078884655
1,2013-08-16,0.22268816741652558
1,2013-08-17,0.21567374785453564
1,2013-08-18,0.20841964682443576
1,2013-08-19,0.20087494612771012
1,2013-08-20,0.19298281406651907
1,2013-08-21,0.18472351604454093
1,2013-08-22,0.17609101198942587
1,2013-08-23,0.16705914522873871
1,2013-08-24,0.15759195028065887
1,2013-08-25,0.14768917602199322
1,2013-08-26,0.13736240763747304
1,2013-08-27,0.1266305365458751
1,2013-08-28,0.11551439624150328
1,2013-08-29,0.10406204038135053
1,2013-08-30,0.09230204120511973
1,2013-08-31,0.08024703116412521
1,2013-09-01,0.06792208537554702
1,2013-09-02,0.055354867148953046
1,2013-09-03,0.0425409436952329
1,2013-09-04,0.029465356705072342
1,2013-09-05,0.016161445111143487
1,2013-09-06,0.0026809101111240526
1,2013-09-07,-0.010901086703892766
1,2013-09-08,-0.0245108890268911
1,2013-09-09,-0.03811893257256881
1,2013-09-10,-0.05177457625167515
1,2013-09-11,-0.06539076920882268
1,2013-09-12,-0.07884979769423554
1,2013-09-13,-0.09215459884505108
1,2013-09-14,-0.10537453691411611
1,2013-09-15,-0.1185271731594421
1,2013-09-16,-0.13159365731181144
1,2013-09-17,-0.14457526428173917
1,2013-09-18,-0.15738967722555386
1,2013-09-19,-0.1699305959427131
1,2013-09-20,-0.18207177118867743
1,2013-09-21,-0.19369775192545519
1,2013-09-22,-0.20491092967297247
1,2013-09-23,-0.21578053899346716
1,2013-09-24,-0.22620622900730772
1,2013-09-25,-0.2361819462773664
1,2013-09-26,-0.24573383351997954
1,2013-09-27,-0.2548183366165528
1,2013-09-28,-0.26334984128328637
1,2013-09-29,-0.27126817778798973
1,2013-09-30,-0.2785892171205806
1,2013-10-01,-0.2852723031837858
1,2013-10-02,-0.29140471348580294
1,2013-10-03,-0.29716031364758666
1,2013-10-04,-0.30268652706205357
1,2013-10-05,-0.30803279132564815
1,2013-10-06,-0.31314573435659215
1,2013-10-07,-0.31802003617020747
1,2013-10-08,-0.32275454014255106
1,2013-10-09,-0.32739317602772544
1,2013-10-10,-0.3319474439034361
1,2013-10-11,-0.33630457233749894
1,2013-10-12,-0.3404354608514984
1,2013-10-13,-0.34440020030627055
1,2013-10-14,-0.3482829807440863
1,2013-10-15,-0.35218092402515583
1,2013-10-16,-0.35610142191461586
1,2013-10-17,-0.35997783041434517
1,2013-10-18,-0.36382967540764827
1,2013-10-19,-0.3678084808856932
1,2013-10-20,-0.3719139793859209
1,2013-10-21,-0.3760398110246203
1,2013-10-22,-0.38015481611100527
1,2013-10-23,-0.38431796651200173
1,2013-10-24,-0.3886166725940849
1,2013-10-25,-0.39312994754648206
1,2013-10-26,-0.3977382330694744
1,2013-10-27,-0.4023247823852276
1,2013-10-28,-0.40686502775491884
1,2013-10-29,-0.41141385026464794
1,2013-10-30,-0.41602366887989994
1,2013-10-31,-0.42063537407627943
1,2013-11-01,-0.4251975427493989
1,2013-11-02,-0.42961260058112244
1,2013-11-03,-0.43388688074766685
1,2013-11-04,-0.4379989066775553
1,2013-11-05,-0.44193839263224444
1,2013-11-06,-0.4456006252155541
1,2013-11-07,-0.4489187733983631
1,2013-11-08,-0.45188982326846644
1,2013-11-09,-0.4545963831300864
1,2013-11-10,-0.4569992225392988
1,2013-11-11,-0.45905426204659955
1,2013-11-12,-0.4608504617418897
1,2013-11-13,-0.4624883763140064
1,2013-11-14,-0.4639723332859744
1,2013-11-15,-0.46521773934816363
1,2013-11-16,-0.46615047146722893
1,2013-11-17,-0.46682242335162594
1,2013-11-18,-0.46730654323190995
1,2013-11-19,-0.4677258717298023
1,2013-11-20,-0.46808510437723955
1,2013-11-21,-0.46824958016867396
1,2013-11-22,-0.4681024445687965
1,2013-11-23,-0.46756634488983695
1,2013-11-24,-0.4666704193247668
1,2013-11-25,-0.46544067919687876
1,2013-11-26,-0.4638442711245142
1,2013-11-27,-0.461878183567573
1,2013-11-28,-0.45963066106743966
1,2013-11-29,-0.4571994301634095
1,2013-11-30,-0.4546249604183938
1,2013-12-01,-0.4519272270059841
1,2013-12-02,-0.449052849726162
1,2013-12-03,-0.4459378676447067
1,2013-12-04,-0.4425767497258035
1,2013-12-05,-0.4390604907661571
1,2013-12-06,-0.43546966212857824
1,2013-12-07,-0.43179091607654346
1,2013-12-08,-0.42799238180385185
1,2013-12-09,-0.42408306952979713
1,2013-12-10,-0.4200500097724054
1,2013-12-11,-0.4158902926607796
1,2013-12-12,-0.41166110279724893
1,2013-12-13,-0.4074618707303973
1,2013-12-14,-0.40338620420066035
1,2013-12-15,-0.39938129834170294
1,2013-12-16,-0.3953967443901348
1,2013-12-17,-0.3913955705525508
1,2013-12-18,-0.38739831673015385
1,2013-12-19,-0.38346320624855684
1,2013-12-20,-0.379665389888869
1,2013-12-21,-0.3761082222458596
1,2013-12-22,-0.3728329656356438
1,2013-12-23,-0.369786620800672
1,2013-12-24,-0.3669282861797063
1,2013-12-25,-0.3642155910153081
1,2013-12-26,-0.36160576887104895
1,2013-12-27,-0.35913617856558255
1,2013-12-28,-0.3568948404015514
1,2013-12-29,-0.35486023534554234
1,2013-12-30,-0.3529929230440864
1,2013-12-31,-0.35129041855355436
1,2014-01-01,-0.3496878593498476
1,2014-01-02,-0.34822452935954723
1,2014-01-03,-0.34696952136765596
1,2014-01-04,-0.3460014158888204
1,2014-01-05,-0.34532956460991054
1,2014-01-06,-0.3449181781225397
1,2014-01-07,-0.3447256278580757
1,2014-01-08,-0.34470191890888724
1,2014-01-09,-0.3448759134604457
1,2014-01-10,-0.345209015970539
1,2014-01-11,-0.3456442545317848
1,2014-01-12,-0.34621179179751094
1,2014-01-13,-0.3469299386815435
1,2014-01-14,-0.34775174528701286
1,2014-01-15,-0.34865989451824037
1,2014-01-16,-0.3495182783615455
1,2014-01-17,-0.35024944241977046
1,2014-01-18,-0.35085200313859155
1,2014-01-19,-0.3512966671111457
1,2014-01-20,-0.3515543428808801
1,2014-01-21,-0.3516132784086744
1,2014-01-22,-0.35146252271851147
1,2014-01-23,-0.3510036922560744
1,2014-01-24,-0.35021467306436443
1,2014-01-25,-0.3490953124404702
1,2014-01-26,-0.34768852091580543
1,2014-01-27,-0.3460435503426632
1,2014-01-28,-0.34425334947011765
1,2014-01-29,-0.3423573694220502
1,2014-01-30,-0.3404465434615129
1,2014-01-31,-0.3386044276763413
1,2014-02-01,-0.3368235536894292
1,2014-02-02,-0.3351142307822884
1,2014-02-03,-0.3335038284673087
1,2014-02-04,-0.3319945652822029
1,2014-02-05,-0.33061027316150576
1,2014-02-06,-0.32941208429611357
1,2014-02-07,-0.32840428795279186
1,2014-02-08,-0.3275672010710295
1,2014-02-09,-0.32689953498544283
1,2014-02-10,-0.3264076188637726
1,2014-02-11,-0.32607171573593957
1,2014-02-12,-0.32593553724091107
1,2014-02-13,-0.32601202645820765
1,2014-02-14,-0.32627170481353157
1,2014-02-15,-0.32672950399951445
1,2014-02-16,-0.3273827410747692
1,2014-02-17,-0.3281805501174078
1,2014-02-18,-0.3290958919219369
1,2014-02-19,-0.3301069404599132
1,2014-02-20,-0.3311807210326635
1,2014-02-21,-0.33225323947607116
1,2014-02-22,-0.33326677277821865
1,2014-02-23,-0.33409899264356147
1,2014-02-24,-0.33469450569014564
1,2014-02-25,-0.3350076605540685
1,2014-02-26,-0.3350038950199094
1,2014-02-27,-0.3346839781020621
1,2014-02-28,-0.33410339237081255
1,2014-03-01,-0.3333771467309567
1,2014-03-02,-0.3326047271682927
1,2014-03-03,-0.33185667969671556
1,2014-03-04,-0.33115362930782366
1,2014-03-05,-0.33049711302324786
1,2014-03-06,-0.32994563191784493
1,2014-03-07,-0.32955354067968967
1,2014-03-08,-0.32936488883255854
1,2014-03-09,-0.3294405137866272
1,2014-03-10,-0.32980199185502773
1,2014-03-11,-0.33046034796114704
1,2014-03-12,-0.33139866040786903
1,2014-03-13,-0.33256836419782526
1,2014-03-14,-0.33393061252794454
1,2014-03-15,-0.3354993569102723
1,2014-03-16,-0.33726771043824016
1,2014-03-17,-0.33923891397433176
1,2014-03-18,-0.34138746024188216
1,2014-03-19,-0.343698104666778
1,2014-03-20,-0.3461382073733377
1,2014-03-21,-0.3487131338185451
1,2014-03-22,-0.35143104743417497
1,2014-03-23,-0.3543035006292519
1,2014-03-24,-0.3573395005008873
1,2014-03-25,-0.36052229482030546
1,2014-03-26,-0.3638072563546813
1,2014-03-27,-0.36716097421314864
1,2014-03-28,-0.3704823945481857
1,2014-03-29,-0.37371903522093
1,2014-03-30,-0.37677881615935294
1,2014-03-31,-0.3795822479456138
1,2014-04-01,-0.3820774550602729
1,2014-04-02,-0.38422818764162614
1,2014-04-03,-0.3860368705283516
1,2014-04-04,-0.3874787873579332
1,2014-04-05,-0.3885988959456507
1,2014-04-06,-0.38929889497845077
1,2014-04-07,-0.3895021817555614
1,2014-04-08,-0.3891507868349416
1,2014-04-09,-0.3882626287697526
1,2014-04-10,-0.3867974903164937
1,2014-04-11,-0.38473541792895866
1,2014-04-12,-0.38200243491133024
1,2014-04-13,-0.3785951999727448
1,2014-04-14,-0.3745111001781021
1,2014-04-15,-0.36959238720737814
1,2014-04-16,-0.36369992705812293
1,2014-04-17,-0.35671070907952507
1,2014-04-18,-0.348655547211684
1,2014-04-19,-0.3395113914075135
1,2014-04-20,-0.32942439774240256
1,2014-04-21,-0.31835083714640583
1,2014-04-22,-0.30627853324586674
1,2014-04-23,-0.2932460426163746
1,2014-04-24,-0.27946410335049904
1,2014-04-25,-0.26515693656040146
1,2014-04-26,-0.2505636540417965
1,2014-04-27,-0.23561643045950734
1,2014-04-28,-0.2202286697910655
1,2014-04-29,-0.20434877767211893
1,2014-04-30,-0.18805337674218583
1,2014-05-01,-0.17148255290599662
1,2014-05-02,-0.15450610883101312
1,2014-05-03,-0.13699025436494255
1,2014-05-04,-0.11870533816103913
1,2014-05-05,-0.09985826941534687
1,2014-05-06,-0.0806965533097088
1,2014-05-07,-0.061332506683128576
1,2014-05-08,-0.041786851853026094
1,2014-05-09,-0.022112112746425237
1,2014-05-10,-0.00222400974742837
1,2014-05-11,0.017618088783899574
1,2014-05-12,0.03719896465526623
1,2014-05-13,0.05628065450693656
1,2014-05-14,0.0748228373087285
1,2014-05-15,0.0928412829755903
1,2014-05-16,0.11026615709205011
1,2014-05-17,0.12710584692989998
1,2014-05-18,0.14322608975710205
1,2014-05-19,0.1586509249168563
1,2014-05-20,0.17332232941515444
1,2014-05-21,0.18718666375280849
1,2014-05-22,0.20044514170985633
1,2014-05-23,0.2131846533894314
1,2014-05-24,0.22530523124417995
1,2014-05-25,0.23687469981945544
1,2014-05-26,0.24798578328945248
1,2014-05-27,0.25858635653253786
1,2014-05-28,0.2685451211374742
1,2014-05-29,0.2780403554472384
1,2014-05-30,0.2872473985494158
1,2014-05-31,0.2962789780103052
1,2014-06-01,0.3051755352686338
1,2014-06-02,0.3139433686620618
1,2014-06-03,0.32255709073491323
1,2014-06-04,0.33099768669131396
1,2014-06-05,0.3390529927249359
1,2014-06-06,0.3466321495883581
1,2014-06-07,0.353907985197746
1,2014-06-08,0.36083197998342714
1,2014-06-09,0.3673360821616474
1,2014-06-10,0.3733896159676781
1,2014-06-11,0.37897656037509053
1,2014-06-12,0.384016764423916
1,2014-06-13,0.3885439499898161
1,2014-06-14,0.3926006352215939
1,2014-06-15,0.3961934616862174
1,2014-06-16,0.39933081155168165
1,2014-06-17,0.402085952956345
1,2014-06-18,0.4044347243667451
1,2014-06-19,0.4064582366498184
1,2014-06-20,0.4082867837311817
1,2014-06-21,0.4099451180329944
1,2014-06-22,0.41141049777869565
1,2014-06-23,0.4126827396791354
1,2014-06-24,0.41376543858526016
1,2014-06-25,0.41469442681007446
1,2014-06-26,0.41549216383653353
1,2014-06-27,0.41608338588851795
1,2014-06-28,0.4163801717915149
1,2014-06-29,0.4164837854711527
1,2014-06-30,0.4164467058620493
1,2014-07-01,0.416322067045984
1,2014-07-02,0.41614962849178455
1,2014-07-03,0.4158873407535694
1,2014-07-04,0.41550476214223736
1,2014-07-05,0.41501469777676564
1,2014-07-06,0.4143656693494892
1,2014-07-07,0.41351536026081925
1,2014-07-08,0.41249322249999865
1,2014-07-09,0.41133508983507033
1,2014-07-10,0.4099696703023936
1,2014-07-11,0.4082749334144072
1,2014-07-12,0.40616336959267274
1,2014-07-13,0.40355610228906214
1,2014-07-14,0.40045815049400907
1,2014-07-15,0.39691706746556976
1,2014-07-16,0.39298988138349106
1,2014-07-17,0.38872709144433387
1,2014-07-18,0.384156307251108
1,2014-07-19,0.37925791458586633
1,2014-07-20,0.3740731567539257
1,2014-07-21,0.3686413651489205
1,2014-07-22,0.3629955536777662
1,2014-07-23,0.3571946299221381
1,2014-07-24,0.3513038650109247
1,2014-07-25,0.34532655134982
1,2014-07-26,0.3392603087137167
1,2014-07-27,0.3331423308461395
1,2014-07-28,0.3270005089274419
1,2014-07-29,0.32086556178531966
1,2014-07-30,0.3148225719575121
1,2014-07-31,0.30885213164029884
1,2014-08-01,0.30288605521078676
1,2014-08-02,0.2969534475794335
1,2014-08-03,0.2910979586785226
1,2014-08-04,0.28530863731240547
1,2014-08-05,0.279562426598811
1,2014-08-06,0.2738539779162329
1,2014-08-07,0.2681646244512658
1,2014-08-08,0.2625088412350785
1,2014-08-09,0.256878185866885
1,2014-08-10,0.2512008157812623
1,2014-08-11,0.24540799908839592
1,2014-08-12,0.23946210940723295
1,2014-08-13,0.23336771737629364
1,2014-08-14,0.22711885588530062
1,2014-08-15,0.22069915653682132
1,2014-08-16,0.21413461028473102
1,2014-08-17,0.20742115046736678
1,2014-08-18,0.20050112285128321
1,2014-08-19,0.19326619388098995
1,2014-08-20,0.1856824468912514
1,2014-08-21,0.177756048126557
1,2014-08-22,0.16950036302563753
1,2014-08-23,0.1609091856114847
1,2014-08-24,0.1519511993258559
1,2014-08-25,0.14257042629965647
1,2014-08-26,0.13272343071235487
1,2014-08-27,0.1223422346427954
1,2014-08-28,0.11145646244550454
1,2014-08-29,0.1001094701268068
1,2014-08-30,0.0883545247344058
1,2014-08-31,0.0762293638715874
1,2014-09-01,0.06376413652009594
1,2014-09-02,0.050979478028128994
1,2014-09-03,0.03791940131844602
1,2014-09-04,0.024655062878713267
1,2014-09-05,0.011202949457048922
1,2014-09-06,-0.002404486555398414
1,2014-09-07,-0.016141202201717574
1,2014-09-08,-0.029946429602834806
1,2014-09-09,-0.04379413527884405
1,2014-09-10,-0.05760297768604403
1,2014-09-11,-0.07135826243397357
1,2014-09-12,-0.08503490373599686
1,2014-09-13,-0.09864988165292296
1,2014-09-14,-0.11217473138759133
1,2014-09-15,-0.12552001374797786
1,2014-09-16,-0.13859770359052803
1,2014-09-17,-0.1514152899331667
1,2014-09-18,-0.16401833136402794
1,2014-09-19,-0.17638407900444691
1,2014-09-20,-0.1884688786721919
1,2014-09-21,-0.20017491717204644
1,2014-09-22,-0.2114384174550311
1,2014-09-23,-0.22221983333076178
1,2014-09-24,-0.2325167671966819
1,2014-09-25,-0.2422557022587096
1,2014-09-26,-0.2514173027782607
1,2014-09-27,-0.2599981139455327
1,2014-09-28,-0.26805821395199425
1,2014-09-29,-0.27573141376878946
1,2014-09-30,-0.283068694538672
1,2014-10-01,-0.29003518332419526
1,2014-10-02,-0.2965705043950663
1,2014-10-03,-0.30262087819373107
1,2014-10-04,-0.3082659106821189
1,2014-10-05,-0.31372543457382346
1,2014-10-06,-0.31910333527878154
1,2014-10-07,-0.32437015940558617
1,2014-10-08,-0.32948658602030306
1,2014-10-09,-0.33462994902168564
1,2014-10-10,-0.3398750371055443
1,2014-10-11,-0.34521354421007105
1,2014-10-12,-0.35056488528926744
1,2014-10-13,-0.35589315563173035
1,2014-10-14,-0.3611428978608074
1,2014-10-15,-0.3662654462665073
1,2014-10-16,-0.3712298748428954
1,2014-10-17,-0.37606012209852474
1,2014-10-18,-0.38072184134469206
1,2014-10-19,-0.38511193149463663
1,2014-10-20,-0.3892934095715002
1,2014-10-21,-0.3932784396196887
1,2014-10-22,-0.397014965522211
1,2014-10-23,-0.4005790721119766
1,2014-10-24,-0.40413004875318803
1,2014-10-25,-0.40762131186974254
1,2014-10-26,-0.41100231525613146
1,2014-10-27,-0.4143390680196592
1,2014-10-28,-0.41784286560292644
1,2014-10-29,-0.4215202446964522
1,2014-10-30,-0.4253406148072014
1,2014-10-31,-0.4292247500073724
1,2014-11-01,-0.43311978804678125
1,2014-11-02,-0.43704959496759116
1,2014-11-03,-0.4409560228469353
1,2014-11-04,-0.4448391092194748
1,2014-11-05,-0.4486453205736753
1,2014-11-06,-0.4522536481360672
1,2014-11-07,-0.4554989798883706
1,2014-11-08,-0.4584074192064127
1,2014-11-09,-0.46101462535612703
1,2014-11-10,-0.46334338330636266
1,2014-11-11,-0.4653397224989674
1,2014-11-12,-0.4671168324244332
1,2014-11-13,-0.4687663533908654
1,2014-11-14,-0.47030548267498107
1,2014-11-15,-0.4716688828716739
1,2014-11-16,-0.47276656127995476
1,2014-11-17,-0.4734819349215224
1,2014-11-18,-0.47384336312880465
1,2014-11-19,-0.47392013481977313
1,2014-11-20,-0.4736776918386022
1,2014-11-21,-0.47305033675987024
1,2014-11-22,-0.47205130985446864
1,2014-11-23,-0.4707651849425659
1,2014-11-24,-0.46922461161713247
1,2014-11-25,-0.46740871763261954
1,2014-11-26,-0.465491327977302
1,2014-11-27,-0.4635260861117273
1,2014-11-28,-0.46136001620306
1,2014-11-29,-0.45893386132443487
1,2014-11-30,-0.4562501145501398
1,2014-12-01,-0.45332068587540275
1,2014-12-02,-0.4501109138062287
1,2014-12-03,-0.44673351169177145
1,2014-12-04,-0.44330980363125017
1,2014-12-05,-0.4398808679730143
1,2014-12-06,-0.43642409605998794
1,2014-12-07,-0.43293286249217955
1,2014-12-08,-0.4294160012177467
1,2014-12-09,-0.4258443252208484
1,2014-12-10,-0.42220230270421294
1,2014-12-11,-0.4184778453383206
1,2014-12-12,-0.41472448838713555
1,2014-12-13,-0.41099551215218155
1,2014-12-14,-0.4072870866190042
1,2014-12-15,-0.4036036273328498
1,2014-12-16,-0.3999906810026761
1,2014-12-17,-0.39646882271672607
1,2014-12-18,-0.3929873469168092
1,2014-12-19,-0.389492353221038
1,2014-12-20,-0.3859810694458759
1,2014-12-21,-0.3824743579815265
1,2014-12-22,-0.37899565864629514
1,2014-12-23,-0.37563049238543617
1,2014-12-24,-0.3724420901890765
1,2014-12-25,-0.3694892089826295
1,2014-12-26,-0.3668138686305804
1,2014-12-27,-0.36440084167753845
1,2014-12-28,-0.3621773980757712
1,2014-12-29,-0.36007229143441294
1,2014-12-30,-0.35806247184354006
1,2014-12-31,-0.35617473711346753
1,2015-01-01,-0.3544192036150695
1,2015-01-02,-0.35285096875048877
1,2015-01-03,-0.3515060670232937
1,2015-01-04,-0.35040037115738604
1,2015-01-05,-0.3494815466128163
1,2015-01-06,-0.34867712924874245
1,2015-01-07,-0.3479086606246713
1,2015-01-08,-0.3472675952145955
1,2015-01-09,-0.346817282827041
1,2015-01-10,-0.3465829651366315
1,2015-01-11,-0.3465610945132182
1,2015-01-12,-0.34674294252389953
1,2015-01-13,-0.3471217786657017
1,2015-01-14,-0.34765549875445745
1,2015-01-15,-0.34826176822001764
1,2015-01-16,-0.34885789694351294
1,2015-01-17,-0.3494497455716526
1,2015-01-18,-0.34999022233871174
1,2015-01-19,-0.350435722490047
1,2015-01-20,-0.35074376432974974
1,2015-01-21,-0.3509263583920126
1,2015-01-22,-0.35092690068427995
1,2015-01-23,-0.3507336109196077
1,2015-01-24,-0.35033043529662355
1,2015-01-25,-0.34971167304136674
1,2015-01-26,-0.34888317825588966
1,2015-01-27,-0.34785145303225734
1,2015-01-28,-0.3466577457215444
1,2015-01-29,-0.34537594512459324
1,2015-01-30,-0.3440508301154924
1,2015-01-31,-0.3426488026091664
1,2015-02-01,-0.3411689746297163
1,2015-02-02,-0.33965033503795433
1,2015-02-03,-0.3381432965424074
1,2015-02-04,-0.3366967321390608
1,2015-02-05,-0.33535877534122466
1,2015-02-06,-0.33415118943939776
1,2015-02-07,-0.3331120363979297
1,2015-02-08,-0.3323215472969783
1,2015-02-09,-0.33182045542114535
1,2015-02-10,-0.3315999711941167
1,2015-02-11,-0.33161919565621406
1,2015-02-12,-0.3318029687389437
1,2015-02-13,-0.3321032741915575
1,2015-02-14,-0.33247892047577776
1,2015-02-15,-0.3329372380061175
1,2015-02-16,-0.33344235222906915
1,2015-02-17,-0.3339945565583981
1,2015-02-18,-0.33459112892984455
1,2015-02-19,-0.33519757513494597
1,2015-02-20,-0.3357717882291766
1,2015-02-21,-0.3362802609349755
1,2015-02-22,-0.3366680681110443
1,2015-02-23,-0.3368944815171115
1,2015-02-24,-0.33695817002750483
1,2015-02-25,-0.33689906971368505
1,2015-02-26,-0.3367460492089538
1,2015-02-27,-0.33649567734201047
1,2015-02-28,-0.336183755795246
1,2015-03-01,-0.33580526132260097
1,2015-03-02,-0.33536809530320577
1,2015-03-03,-0.3348833290191321
1,2015-03-04,-0.33433668284020823
1,2015-03-05,-0.3337758783338322
1,2015-03-06,-0.3332740116787766
1,2015-03-07,-0.3328942372444317
1,2015-03-08,-0.33267976886807443
1,2015-03-09,-0.3326779342918169
1,2015-03-10,-0.33294569969457405
1,2015-03-11,-0.3334822214981365
1,2015-03-12,-0.3342120222858764
1,2015-03-13,-0.33512460578904424
1,2015-03-14,-0.3362253569880651
1,2015-03-15,-0.3375025458377275
1,2015-03-16,-0.338958876032103
1,2015-03-17,-0.3405928193002852
1,2015-03-18,-0.34240497284509697
1,2015-03-19,-0.34436368459902644
1,2015-03-20,-0.34643911091635543
1,2015-03-21,-0.34861554021896995
1,2015-03-22,-0.3508861881858771
1,2015-03-23,-0.3532266393060526
1,2015-03-24,-0.35559295042788075
1,2015-03-25,-0.35795544801729096
1,2015-03-26,-0.36032973452356837
1,2015-03-27,-0.3627216284753129
1,2015-03-28,-0.36516824286473987
1,2015-03-29,-0.36765938739293463
1,2015-03-30,-0.3701324140937637
1,2015-03-31,-0.3725196369217026
1,2015-04-01,-0.374711924035581
1,2015-04-02,-0.376632128264606
1,2015-04-03,-0.3782610244168959
1,2015-04-04,-0.3795731830415331
1,2015-04-05,-0.3804714788376058
1,2015-04-06,-0.38088938163926395
1,2015-04-07,-0.38082021684354195
1,2015-04-08,-0.3802772545515268
1,2015-04-09,-0.3793081396982009
1,2015-04-10,-0.37785006889737194
1,2015-04-11,-0.37588783923430263
1,2015-04-12,-0.3732724674840689
1,2015-04-13,-0.36996132880668053
1,2015-04-14,-0.3659636717094092
1,2015-04-15,-0.36129896839519954
1,2015-04-16,-0.35606393196997016
1,2015-04-17,-0.35021578361604344
1,2015-04-18,-0.3436703260718561
1,2015-04-19,-0.3362785868308384
1,2015-04-20,-0.3279374942409764
1,2015-04-21,-0.3186836564577823
1,2015-04-22,-0.3086110684914307
1,2015-04-23,-0.29758766626062294
1,2015-04-24,-0.2856388705321146
1,2015-04-25,-0.27278628689991596
1,2015-04-26,-0.2590497705546321
1,2015-04-27,-0.24444713740069252
1,2015-04-28,-0.22888197606687882
1,2015-04-29,-0.2123601506417867
1,2015-04-30,-0.1949314207074041
1,2015-05-01,-0.176696750898868
1,2015-05-02,-0.1577076474869142
1,2015-05-03,-0.13797987190783492
1,2015-05-04,-0.11759448116437968
1,2015-05-05,-0.09660667217131332
1,2015-05-06,-0.07522863052384987
1,2015-05-07,-0.053802590090037766
1,2015-05-08,-0.03246365973851258
1,2015-05-09,-0.011225633897119787
1,2015-05-10,0.009895110593164612
1,2015-05-11,0.030846446378281097
1,2015-05-12,0.0516210951792379
1,2015-05-13,0.07213060222659798
1,2015-05-14,0.0923439185203621
1,2015-05-15,0.112291448108004
1,2015-05-16,0.1317917792186284
1,2015-05-17,0.15073379278375876
1,2015-05-18,0.16887661029499484
1,2015-05-19,0.18588202333615714
1,2015-05-20,0.201770691163737
1,2015-05-21,0.21665959520524566
1,2015-05-22,0.23079786206777467
1,2015-05-23,0.2442598325184015
1,2015-05-24,0.2569636989160028
1,2015-05-25,0.2687715452151264
1,2015-05-26,0.2795676119802648
1,2015-05-27,0.2892978175169272
1,2015-05-28,0.29835882340023195
1,2015-05-29,0.3068794068828716
1,2015-05-30,0.3149879713429187
1,2015-05-31,0.32268828339942307
1,2015-06-01,0.3301116906889501
1,2015-06-02,0.337430621932677
1,2015-06-03,0.34466736764706646
1,2015-06-04,0.3517385420515258
1,2015-06-05,0.35856154443059574
1,2015-06-06,0.36522336385114657
1,2015-06-07,0.3716768765344135
1,2015-06-08,0.3779457950136264
1,2015-06-09,0.3840198164519557
1,2015-06-10,0.3898327773794648
1,2015-06-11,0.39528383531410083
1,2015-06-12,0.40038919253663796
1,2015-06-13,0.40508103965940434
1,2015-06-14,0.4092473386267979
1,2015-06-15,0.41282093536912023
1,2015-06-16,0.41581250124601143
1,2015-06-17,0.4183286850227681
1,2015-06-18,0.42052208080657943
1,2015-06-19,0.42247132960561673
1,2015-06-20,0.42411452364148444
1,2015-06-21,0.4254193174612028
1,2015-06-22,0.4264021657014848
1,2015-06-23,0.42708066453685417
1,2015-06-24,0.4274861959667207
1,2015-06-25,0.4276718407787063
1,2015-06-26,0.42768644524263444
1,2015-06-27,0.42756617631365856
1,2015-06-28,0.42740791724794364
1,2015-06-29,0.4272325285120049
1,2015-06-30,0.4270377354929943
1,2015-07-01,0.42675987145764654
1,2015-07-02,0.42634350563290085
1,2015-07-03,0.4257470317101818
1,2015-07-04,0.42490613037212005
1,2015-07-05,0.4238364090973366
1,2015-07-06,0.42255133331043926
1,2015-07-07,0.4210909615950432
1,2015-07-08,0.41951944381637973
1,2015-07-09,0.4177796085029672
1,2015-07-10,0.4158234759871952
1,2015-07-11,0.4136107464627799
1,2015-07-12,0.4111485583128868
1,2015-07-13,0.4084117526635712
1,2015-07-14,0.40534440244164943
1,2015-07-15,0.40191727298024743
1,2015-07-16,0.39815971402663686
1,2015-07-17,0.39406860463658633
1,2015-07-18,0.3896079722251819
1,2015-07-19,0.38479416277986067
1,2015-07-20,0.3796545576628575
1,2015-07-21,0.37423259078227444
1,2015-07-22,0.3685951988143662
1,2015-07-23,0.36279278664273884
1,2015-07-24,0.3568365236508421
1,2015-07-25,0.35076083143505565
1,2015-07-26,0.3446584241397269
1,2015-07-27,0.3385956972878789
1,2015-07-28,0.3326192193191055
1,2015-07-29,0.3267194573143683
1,2015-07-30,0.3208244843419809
1,2015-07-31,0.31488787493708303
1,2015-08-01,0.30892210409072396
1,2015-08-02,0.30297224090529246
1,2015-08-03,0.2970302453575533
1,2015-08-04,0.29112989728518757
1,2015-08-05,0.2853227400857585
1,2015-08-06,0.2795995554263541
1,2015-08-07,0.2739030388660909
1,2015-08-08,0.2682030043469605
1,2015-08-09,0.2624663991362018
1,2015-08-10,0.2566524932989406
1,2015-08-11,0.2507644487837028
1,2015-08-12,0.24482747004669037
1,2015-08-13,0.23879272428252798
1,2015-08-14,0.23262600832562574
1,2015-08-15,0.22634248204121127
1,2015-08-16,0.21990668546613512
1,2015-08-17,0.2132773078584953
1,2015-08-18,0.20641318059734473
1,2015-08-19,0.19926018405196028
1,2015-08-20,0.19177792899779314
1,2015-08-21,0.18395030787009486
1,2015-08-22,0.17573030559594138
1,2015-08-23,0.16707635093694004
1,2015-08-24,0.157928681833769
1,2015-08-25,0.1482346860618074
1,2015-08-26,0.13801740883009148
1,2015-08-27,0.12730628568181723
1,2015-08-28,0.1161688730331348
1,2015-08-29,0.10460455027856255
1,2015-08-30,0.09260624678683968
1,2015-08-31,0.08018079590496022
1,2015-09-01,0.06733291108728046
1,2015-09-02,0.05406557406743284
1,2015-09-03,0.04049159837612942
1,2015-09-04,0.02671429050480092
1,2015-09-05,0.01279914340056851
1,2015-09-06,-0.0012478377205185657
1,2015-09-07,-0.015334247419462717
1,2015-09-08,-0.029360464200090974
1,2015-09-09,-0.04326857520459939
1,2015-09-10,-0.05703708475580742
1,2015-09-11,-0.07066185701457478
1,2015-09-12,-0.08410707270587434
1,2015-09-13,-0.09735739303382102
1,2015-09-14,-0.11033775478717119
1,2015-09-15,-0.12299117482883679
1,2015-09-16,-0.13521973021792094
1,2015-09-17,-0.14705353354969014
1,2015-09-18,-0.15852162961959124
1,2015-09-19,-0.1696681854785818
1,2015-09-20,-0.1805473212639768
1,2015-09-21,-0.19119701134122624
1,2015-09-22,-0.20157798246442438
1,2015-09-23,-0.21159776202410813
1,2015-09-24,-0.2211535225443957
1,2015-09-25,-0.2302583469537385
1,2015-09-26,-0.23900671106280263
1,2015-09-27,-0.24742906999578482
1,2015-09-28,-0.25553229775850084
1,2015-09-29,-0.2633553002486146
1,2015-09-30,-0.27096577155992957
1,2015-10-01,-0.27839400303127937
1,2015-10-02,-0.28565510952945494
1,2015-10-03,-0.292716569715996
1,2015-10-04,-0.2995136383217364
1,2015-10-05,-0.30606135400236517
1,2015-10-06,-0.3123935252535683
1,2015-10-07,-0.3185898464980649
1,2015-10-08,-0.3246440334498006
1,2015-10-09,-0.3305710419279974
1,2015-10-10,-0.3363607575124561
1,2015-10-11,-0.34199000304189614
1,2015-10-12,-0.34745069634291986
1,2015-10-13,-0.3526529310427684
1,2015-10-14,-0.3575625771454438
1,2015-10-15,-0.3622673871094328
1,2015-10-16,-0.366846188399361
1,2015-10-17,-0.37134712380792
1,2015-10-18,-0.37572935398694485
1,2015-10-19,-0.3799079905635283
1,2015-10-20,-0.38379784629737396
1,2015-10-21,-0.3873806348025277
1,2015-10-22,-0.3907546280812914
1,2015-10-23,-0.39395977718763336
1,2015-10-24,-0.39697529193876513
1,2015-10-25,-0.3998026788152935
1,2015-10-26,-0.4025116602000706
1,2015-10-27,-0.4051779877499007
1,2015-10-28,-0.4077865778067185
1,2015-10-29,-0.4102828035198042
1,2015-10-30,-0.4125801333492558
1,2015-10-31,-0.41475474870955137
1,2015-11-01,-0.4169241540497519
1,2015-11-02,-0.4192516985970015
1,2015-11-03,-0.4217938407918856
1,2015-11-04,-0.424488589221832
1,2015-11-05,-0.42736426588436094
1,2015-11-06,-0.4302931363900644
1,2015-11-07,-0.4332004927314421
1,2015-11-08,-0.43618543371948015
1,2015-11-09,-0.43910101193095924
1,2015-11-10,-0.44180347338636755
1,2015-11-11,-0.44421000951591466
1,2015-11-12,-0.4462534025486987
1,2015-11-13,-0.4479108874457734
1,2015-11-14,-0.449239911953779
1,2015-11-15,-0.4505163606731206
1,2015-11-16,-0.45179086614758546
1,2015-11-17,-0.45301057144097906
1,2015-11-18,-0.4541292169615454
1,2015-11-19,-0.4550558294107925
1,2015-11-20,-0.45572206038852653
1,2015-11-21,-0.456070865620082
1,2015-11-22,-0.4560778578958211
1,2015-11-23,-0.45571596161243205
1,2015-11-24,-0.45504076766599544
1,2015-11-25,-0.45410104488208164
1,2015-11-26,-0.4529204805176674
1,2015-11-27,-0.4515263534351907
1,2015-11-28,-0.4498643899710563
1,2015-11-29,-0.4479468676724509
1,2015-11-30,-0.4457961624351665
1,2015-12-01,-0.44341994369559445
1,2015-12-02,-0.44089355725814994
1,2015-12-03,-0.4382400814291958
1,2015-12-04,-0.43548637367073467
1,2015-12-05,-0.43261316776975034
1,2015-12-06,-0.4296237010103249
1,2015-12-07,-0.4265754509615164
1,2015-12-08,-0.42350431429061264
1,2015-12-09,-0.4204733434350978
1,2015-12-10,-0.41746228584431766
1,2015-12-11,-0.41443438451194825
1,2015-12-12,-0.411351146660327
1,2015-12-13,-0.40817429084382434
1,2015-12-14,-0.4049052718272484
1,2015-12-15,-0.40159143862845537
1,2015-12-16,-0.39827408049883656
1,2015-12-17,-0.39496714278096173
1,2015-12-18,-0.39168447683617175
1,2015-12-19,-0.3884407892602703
1,2015-12-20,-0.3852387797038291
1,2015-12-21,-0.3821497455612093
1,2015-12-22,-0.37921855286338685
1,2015-12-23,-0.37641238440855296
1,2015-12-24,-0.3736938386882541
1,2015-12-25,-0.3710361528168992
1,2015-12-26,-0.36841435940203954
1,2015-12-27,-0.36583344242996363
1,2015-12-28,-0.36329793993959936
1,2015-12-29,-0.36082709771714006
1,2015-12-30,-0.3584900630214311
1,2015-12-31,-0.35637157548134446
1,2016-01-01,-0.35444557003760657
1,2016-01-02,-0.3527371819137544
1,2016-01-03,-0.35129228345632657
1,2016-01-04,-0.35014309000445876
1,2016-01-05,-0.3492579011058085
1,2016-01-06,-0.3486194497217516
1,2016-01-07,-0.34822340918043243
1,2016-01-08,-0.34806880361653825
1,2016-01-09,-0.3481524400151949
1,2016-01-10,-0.34842703854365337
1,2016-01-11,-0.3488094415579439
1,2016-01-12,-0.3492273717941543
1,2016-01-13,-0.34969160734352756
1,2016-01-14,-0.3502304846057439
1,2016-01-15,-0.3508491763310546
1,2016-01-16,-0.351520288539183
1,2016-01-17,-0.3521677156485391
1,2016-01-18,-0.3526304889831383
1,2016-01-19,-0.35284027620546404
1,2016-01-20,-0.35281002418893914
1,2016-01-21,-0.3525677033103299
1,2016-01-22,-0.35214718225758423
1,2016-01-23,-0.3515889644208302
1,2016-01-24,-0.35093937504593437
1,2016-01-25,-0.35023995305010924
1,2016-01-26,-0.3495168345175283
1,2016-01-27,-0.34873466371954864
1,2016-01-28,-0.3478183723878122
1,2016-01-29,-0.3467585094609355
1,2016-01-30,-0.34559759844713134
1,2016-01-31,-0.3443914118258155
1,2016-02-01,-0.3432796049577162
1,2016-02-02,-0.3423314665586975
1,2016-02-03,-0.34152069955465836
1,2016-02-04,-0.34081234193876453
1,2016-02-05,-0.34020369674625517
1,2016-02-06,-0.33967210305867296
1,2016-02-07,-0.33920984588842423
1,2016-02-08,-0.3388304999039898
1,2016-02-09,-0.3385502272653218
1,2016-02-10,-0.33833311810461986
1,2016-02-11,-0.3381687437250779
1,2016-02-12,-0.3381016009646705
1,2016-02-13,-0.33814432403986894
1,2016-02-14,-0.33829103367274677
1,2016-02-15,-0.3385248369682893
1,2016-02-16,-0.33886914716393013
1,2016-02-17,-0.3393299692326791
1,2016-02-18,-0.3398904614329444
1,2016-02-19,-0.340492190464856
1,2016-02-20,-0.34110125738968555
1,2016-02-21,-0.34168515550779016
1,2016-02-22,-0.34219331204540115
1,2016-02-23,-0.34257340447950096
1,2016-02-24,-0.3428398105945272
1,2016-02-25,-0.34302827053350854
1,2016-02-26,-0.34311835654739065
1,2016-02-27,-0.34309106379103543
1,2016-02-28,-0.34291866040585484
1,2016-02-29,-0.3426204783657117
1,2016-03-01,-0.34216307941380414
1,2016-03-02,-0.34150898433402616
1,2016-03-03,-0.34065450687705146
1,2016-03-04,-0.33967884569368256
1,2016-03-05,-0.3386666255055284
1,2016-03-06,-0.3376982149448814
1,2016-03-07,-0.3368244233741369
1,2016-03-08,-0.33612259683274004
1,2016-03-09,-0.3356140696511638
1,2016-03-10,-0.3352924673675914
1,2016-03-11,-0.33514674630685803
1,2016-03-12,-0.33520055742788346
1,2016-03-13,-0.33549788626239646
1,2016-03-14,-0.33605767320657515
1,2016-03-15,-0.3369025360729292
1,2016-03-16,-0.3380614969036705
1,2016-03-17,-0.3394934219901893
1,2016-03-18,-0.3411685232977792
1,2016-03-19,-0.3430541649150046
1,2016-03-20,-0.3451010687486874
1,2016-03-21,-0.34726397799012376
1,2016-03-22,-0.3494861702530425
1,2016-03-23,-0.3517105500702378
1,2016-03-24,-0.35391243489318286
1,2016-03-25,-0.3560766489233133
1,2016-03-26,-0.3581919003470074
1,2016-03-27,-0.36025394095366436
1,2016-03-28,-0.36217914803761386
1,2016-03-29,-0.36384494724164973
1,2016-03-30,-0.365232153132109
1,2016-03-31,-0.3663472557483699
1,2016-04-01,-0.36718987677292503
1,2016-04-02,-0.36778972542083244
1,2016-04-03,-0.3680995053016655
1,2016-04-04,-0.36804541543098274
1,2016-04-05,-0.36753370422838255
1,2016-04-06,-0.3666562001910286
1,2016-04-07,-0.3654469771013592
1,2016-04-08,-0.36382473701535245
1,2016-04-09,-0.3617874964456649
1,2016-04-10,-0.3592863461584623
1,2016-04-11,-0.3562870704582303
1,2016-04-12,-0.3526283343657043
1,2016-04-13,-0.34807815576736767
1,2016-04-14,-0.3424860199866042
1,2016-04-15,-0.33584660165721064
1,2016-04-16,-0.328137870003781
1,2016-04-17,-0.31934411770673105
1,2016-04-18,-0.309492090911912
1,2016-04-19,-0.2987680398132577
1,2016-04-20,-0.28718118046535274
1,2016-04-21,-0.2747176845176857
1,2016-04-22,-0.26135509829676007
1,2016-04-23,-0.2470426142512125
1,2016-04-24,-0.23181122988249453
1,2016-04-25,-0.21571397886003182
1,2016-04-26,-0.19886512537090495
1,2016-04-27,-0.18145046748119978
1,2016-04-28,-0.16354429547496804
1,2016-04-29,-0.14509542306041207
1,2016-04-30,-0.12604221543860325
1,2016-05-01,-0.10653032042516912
1,2016-05-02,-0.08652637821016265
1,2016-05-03,-0.0659740056562571
1,2016-05-04,-0.0450532445102116
1,2016-05-05,-0.02402661535190691
1,2016-05-06,-0.0031278137763864405
1,2016-05-07,0.0173647686550128
1,2016-05-08,0.03755709307939737
1,2016-05-09,0.05748390481541537
1,2016-05-10,0.07715744379014361
1,2016-05-11,0.09660213988174447
1,2016-05-12,0.11576898401608758
1,2016-05-13,0.1345400784679531
1,2016-05-14,0.15262493212749428
1,2016-05-15,0.16979019321204547
1,2016-05-16,0.1859699790097715
1,2016-05-17,0.20117341134650918
1,2016-05-18,0.2154985353128712
1,2016-05-19,0.22915454729733856
1,2016-05-20,0.24220332148586246
1,2016-05-21,0.2549043742071113
1,2016-05-22,0.26729893924400067
1,2016-05-23,0.2793488163420727
1,2016-05-24,0.2908645929713497
1,2016-05-25,0.30175874852100226
1,2016-05-26,0.31203465642522404
1,2016-05-27,0.3217953350321132
1,2016-05-28,0.33113782717032564
1,2016-05-29,0.3400234517480212
1,2016-05-30,0.3482021408899609
1,2016-05-31,0.355429689928645
1,2016-06-01,0.36175968885741205
1,2016-06-02,0.3674176893033206
1,2016-06-03,0.37273770847328425
1,2016-06-04,0.37781029799302934
1,2016-06-05,0.3825561795702468
1,2016-06-06,0.38683758009985336
1,2016-06-07,0.3906532026444839
1,2016-06-08,0.3941587393453015
1,2016-06-09,0.397410504886705
1,2016-06-10,0.40044848320528853
1,2016-06-11,0.4033706205806615
1,2016-06-12,0.4062682443987713
1,2016-06-13,0.40915653442680283
1,2016-06-14,0.41199518573191435
1,2016-06-15,0.4147639999316909
1,2016-06-16,0.41739069175758625
1,2016-06-17,0.41981500037699787
1,2016-06-18,0.4220584756643618
1,2016-06-19,0.42409316697794397
1,2016-06-20,0.42594766636306713
1,2016-06-21,0.4275903185962374
1,2016-06-22,0.428932458394152
1,2016-06-23,0.42993863902994206
1,2016-06-24,0.4306337845344962
1,2016-06-25,0.4310635589321878
1,2016-06-26,0.43130183894362545
1,2016-06-27,0.4313795919932568
1,2016-06-28,0.43130374432876145
1,2016-06-29,0.43105561483885046
1,2016-06-30,0.430612164073463
1,2016-07-01,0.4299856579584573
1,2016-07-02,0.4292004544966347
1,2016-07-03,0.42829990776426274
1,2016-07-04,0.42724335669286123
1,2016-07-05,0.4260393048318476
1,2016-07-06,0.4247012359784673
1,2016-07-07,0.4232285936461465
1,2016-07-08,0.4215592553621763
1,2016-07-09,0.41969249880182596
1,2016-07-10,0.41763089452326174
1,2016-07-11,0.41537381694016035
1,2016-07-12,0.4129175420296928
1,2016-07-13,0.41024386800408347
1,2016-07-14,0.4073191169883233
1,2016-07-15,0.4040961474913014
1,2016-07-16,0.400573854145966
1,2016-07-17,0.3967866096153465
1,2016-07-18,0.39281216888670806
1,2016-07-19,0.3886575723308697
1,2016-07-20,0.3842245351098638
1,2016-07-21,0.37946711163221586
1,2016-07-22,0.3744078578563542
1,2016-07-23,0.36908075731590495
1,2016-07-24,0.36354193745345975
1,2016-07-25,0.3578391101677817
1,2016-07-26,0.3520109833559666
1,2016-07-27,0.3460420209306703
1,2016-07-28,0.3399379346751569
1,2016-07-29,0.3337247239524347
1,2016-07-30,0.32742705674553096
1,2016-07-31,0.32110975778727713
1,2016-08-01,0.31480401478677783
1,2016-08-02,0.30853026249805715
1,2016-08-03,0.30229395763944333
1,2016-08-04,0.2960972349871646
1,2016-08-05,0.28993742784213195
1,2016-08-06,0.2838201124681827
1,2016-08-07,0.2777510271457053
1,2016-08-08,0.2717189659619091
1,2016-08-09,0.2657226031663142
1,2016-08-10,0.2597612558364557
1,2016-08-11,0.253801917900596
1,2016-08-12,0.2477803139340838
1,2016-08-13,0.24160598304055633
1,2016-08-14,0.23522178178392178
1,2016-08-15,0.22863215321076844
1,2016-08-16,0.2217903357067639
1,2016-08-17,0.21463675854964773
1,2016-08-18,0.2071121688964244
1,2016-08-19,0.19919756269450972
1,2016-08-20,0.19084409261129273
1,2016-08-21,0.1820333603289434
1,2016-08-22,0.1727828615411496
1,2016-08-23,0.163121140299182
1,2016-08-24,0.15308303058273737
1,2016-08-25,0.1426867057990108
1,2016-08-26,0.13190153480555553
1,2016-08-27,0.12074875595221933
1,2016-08-28,0.1092407164015462
1,2016-08-29,0.09739119326333794
1,2016-08-30,0.08519594138373227
1,2016-08-31,0.07270326669585657
1,2016-09-01,0.05994322104602755
1,2016-09-02,0.04692493827174732
1,2016-09-03,0.033646403366151746
1,2016-09-04,0.02008588450649362
1,2016-09-05,0.0062158716571381325
1,2016-09-06,-0.007923731452138472
1,2016-09-07,-0.02224195855009096
1,2016-09-08,-0.03656476723067036
1,2016-09-09,-0.050837284313743916
1,2016-09-10,-0.06497215980878945
1,2016-09-11,-0.07893146290944582
1,2016-09-12,-0.09273152412174993
1,2016-09-13,-0.10631326120213903
1,2016-09-14,-0.1195955685170031
1,2016-09-15,-0.13248992873217932
1,2016-09-16,-0.1449256757209765
1,2016-09-17,-0.15682837913284092
1,2016-09-18,-0.16818224331298365
1,2016-09-19,-0.1789799851663567
1,2016-09-20,-0.18922587064813914
1,2016-09-21,-0.1990461550559192
1,2016-09-22,-0.2085632549099351
1,2016-09-23,-0.21773395213534796
1,2016-09-24,-0.22659664001253554
1,2016-09-25,-0.23514399024222196
1,2016-09-26,-0.24329534367056974
1,2016-09-27,-0.25095622852635624
1,2016-09-28,-0.2581691008663845
1,2016-09-29,-0.2650044955292025
1,2016-09-30,-0.27150678357076824
1,2016-10-01,-0.2776948257136799
1,2016-10-02,-0.28357007469653267
1,2016-10-03,-0.28914445638940606
1,2016-10-04,-0.2945033595534517
1,2016-10-05,-0.29966232453414043
1,2016-10-06,-0.3045827721331598
1,2016-10-07,-0.3092509555281024
1,2016-10-08,-0.3136988119329815
1,2016-10-09,-0.31795324102487665
1,2016-10-10,-0.32210701972355715
1,2016-10-11,-0.32624283575476637
1,2016-10-12,-0.3304331179230559
1,2016-10-13,-0.33475618227418263
1,2016-10-14,-0.33918656010438797
1,2016-10-15,-0.34365869598351817
1,2016-10-16,-0.3480713656909756
1,2016-10-17,-0.35232898942157054
1,2016-10-18,-0.35624514512746847
1,2016-10-19,-0.3597578487464772
1,2016-10-20,-0.36294620368218095
1,2016-10-21,-0.3659991889376247
1,2016-10-22,-0.3690768357554463
1,2016-10-23,-0.3721838781725019
1,2016-10-24,-0.37521198986517507
1,2016-10-25,-0.3782153153824036
1,2016-10-26,-0.38123500718274067
1,2016-10-27,-0.3843222217034141
1,2016-10-28,-0.38749152300596257
1,2016-10-29,-0.39082287473012683
1,2016-10-30,-0.39440368289571814
1,2016-10-31,-0.39821821774738775
1,2016-11-01,-0.40219172985478524
1,2016-11-02,-0.40623276088116295
1,2016-11-03,-0.4102568912684527
1,2016-11-04,-0.4142393618335693
1,2016-11-05,-0.4180351243393309
1,2016-11-06,-0.42164671355012157
1,2016-11-07,-0.42509120864343813
1,2016-11-08,-0.42829495199528983
1,2016-11-09,-0.43114328860596646
1,2016-11-10,-0.4336597557098832
1,2016-11-11,-0.4358874267791042
1,2016-11-12,-0.4379330574501177
1,2016-11-13,-0.43994759088759633
1,2016-11-14,-0.44205002535675825
1,2016-11-15,-0.444236723523089
1,2016-11-16,-0.44655225547167665
1,2016-11-17,-0.4488480732729585
1,2016-11-18,-0.45085980743218984
1,2016-11-19,-0.452451055011685
1,2016-11-20,-0.4537112442496684
1,2016-11-21,-0.4548206319421842
1,2016-11-22,-0.4556655191454272
1,2016-11-23,-0.4561740100054267
1,2016-11-24,-0.45627490866673814
1,2016-11-25,-0.4559081284287944
1,2016-11-26,-0.4549992163767642
1,2016-11-27,-0.45353315513775755
1,2016-11-28,-0.45156508337473844
1,2016-11-29,-0.44922759037238336
1,2016-11-30,-0.44660343237724603
1,2016-12-01,-0.4438165805176615
1,2016-12-02,-0.4408270765170074
1,2016-12-03,-0.4377018843996033
1,2016-12-04,-0.4345201588275182
1,2016-12-05,-0.43130499340797895
1,2016-12-06,-0.42804531116912803
1,2016-12-07,-0.42472292014881685
1,2016-12-08,-0.42139032098325385
1,2016-12-09,-0.41802318094208574
1,2016-12-10,-0.4146435131077434
1,2016-12-11,-0.4111792989931415
1,2016-12-12,-0.4075830921607006
1,2016-12-13,-0.4038491750823083
1,2016-12-14,-0.3999689581791812
1,2016-12-15,-0.39601291116704246
1,2016-12-16,-0.3920824992607378
1,2016-12-17,-0.38814564668858975
1,2016-12-18,-0.38422150445057845
1,2016-12-19,-0.38038215601066094
1,2016-12-20,-0.37669069217417694
1,2016-12-21,-0.37319064157409065
1,2016-12-22,-0.3699264849901804
1,2016-12-23,-0.3669739768751034
1,2016-12-24,-0.3643201278172602
1,2016-12-25,-0.3619855520152421
1,2016-12-26,-0.35999090768439973
1,2016-12-27,-0.3582876147193731
1,2016-12-28,-0.3568190066823001
1,2016-12-29,-0.35552178893651437
1,2016-12-30,-0.3544394205589737
1,2016-12-31,-0.3548206936417873
1,2017-01-01,-0.3538799986800576
1,2017-01-02,-0.353114704238332
1,2017-01-03,-0.35256028954553537
1,2017-01-04,-0.35216915337573346
1,2017-01-05,-0.35183150566865456
1,2017-01-06,-0.3514555929202096
1,2017-01-07,-0.3511200936017822
1,2017-01-08,-0.3509317215696765
1,2017-01-09,-0.3509548045655018
1,2017-01-10,-0.351220297299445
1,2017-01-11,-0.351749324599942
1,2017-01-12,-0.35255445871417357
1,2017-01-13,-0.35346054938834287
1,2017-01-14,-0.3543539303311187
1,2017-01-15,-0.35519909010368783
1,2017-01-16,-0.3559890416466839
1,2017-01-17,-0.3566805941936079
1,2017-01-18,-0.35725395161683565
1,2017-01-19,-0.3577250812954117
1,2017-01-20,-0.35815570942829933
1,2017-01-21,-0.3584559148439596
1,2017-01-22,-0.35854968374410834
1,2017-01-23,-0.3583845689749746
1,2017-01-24,-0.35794236235467525
1,2017-01-25,-0.3572278880983129
1,2017-01-26,-0.3562584839778833
1,2017-01-27,-0.35508940508317655
1,2017-01-28,-0.3537794975979438
1,2017-01-29,-0.3523479406095891
1,2017-01-30,-0.35080172979978463
1,2017-01-31,-0.3491746683248346
1,2017-02-01,-0.34751361224075844
1,2017-02-02,-0.34583934495078733
1,2017-02-03,-0.3441539982824721
1,2017-02-04,-0.34245675880579685
1,2017-02-05,-0.3408008807244594
1,2017-02-06,-0.3392389920296555
1,2017-02-07,-0.3378245474096132
1,2017-02-08,-0.33655328237474585
1,2017-02-09,-0.3354366840108806
1,2017-02-10,-0.3345246314588933
1,2017-02-11,-0.3338455715686258
1,2017-02-12,-0.3334646236063661
1,2017-02-13,-0.3333832628330229
1,2017-02-14,-0.33356376363925616
1,2017-02-15,-0.3339577514908355
1,2017-02-16,-0.33452311024607595
1,2017-02-17,-0.3352522484487803
1,2017-02-18,-0.3361760752164333
1,2017-02-19,-0.33724255408242443
1,2017-02-20,-0.3383611936983088
1,2017-02-21,-0.33943876992114147
1,2017-02-22,-0.3404088865724606
1,2017-02-23,-0.34123261903754093
1,2017-02-24,-0.34190669589399464
1,2017-02-25,-0.34237208241472655
1,2017-02-26,-0.342573654891353
1,2017-02-27,-0.3424987843612539
1,2017-02-28,-0.3422019905339972
1,2017-03-01,-0.34170283247406036
1,2017-03-02,-0.3409930647883271
1,2017-03-03,-0.34006686458655955
1,2017-03-04,-0.3389453669530776
1,2017-03-05,-0.33772781814072284
1,2017-03-06,-0.3365372714360179
1,2017-03-07,-0.3354562712512846
1,2017-03-08,-0.33454011123682337
1,2017-03-09,-0.3337775411132181
1,2017-03-10,-0.333179483307265
1,2017-03-11,-0.33279541674036495
1,2017-03-12,-0.33263103980878156
1,2017-03-13,-0.33271762994973925
1,2017-03-14,-0.33305424983696696
1,2017-03-15,-0.3336579028320529
1,2017-03-16,-0.3345381004646439
1,2017-03-17,-0.33568548481581667
1,2017-03-18,-0.3370667370099327
1,2017-03-19,-0.338641668222688
1,2017-03-20,-0.3403709336220771
1,2017-03-21,-0.34223778466408517
1,2017-03-22,-0.34422445802825596
1,2017-03-23,-0.34628398832950386
1,2017-03-24,-0.3483755309214797
1,2017-03-25,-0.3504560993576963
1,2017-03-26,-0.3524968749533833
1,2017-03-27,-0.35448306614750863
1,2017-03-28,-0.35641178486289615
1,2017-03-29,-0.35823003020075606
1,2017-03-30,-0.35989137117552394
1,2017-03-31,-0.3613757741321518
1,2017-04-01,-0.3627020426975648
1,2017-04-02,-0.3638200324876362
1,2017-04-03,-0.3646729367771864
1,2017-04-04,-0.365160557491698
1,2017-04-05,-0.36521100670715373
1,2017-04-06,-0.3647838391060197
1,2017-04-07,-0.3638137910821766
1,2017-04-08,-0.3622126553815172
1,2017-04-09,-0.3598926836575973
1,2017-04-10,-0.3568371514947884
1,2017-04-11,-0.353067401465413
1,2017-04-12,-0.34864143545783954
1,2017-04-13,-0.34361303789322856
1,2017-04-14,-0.33786395348948267
1,2017-04-15,-0.331129357590975
1,2017-04-16,-0.32341786128324085
1,2017-04-17,-0.3148265106784039
1,2017-04-18,-0.30550616095355954
1,2017-04-19,-0.2954513248588973
1,2017-04-20,-0.2844850951388594
1,2017-04-21,-0.2726260901873077
1,2017-04-22,-0.2600186433392125
1,2017-04-23,-0.24682744346945987
1,2017-04-24,-0.23307951716043596
1,2017-04-25,-0.21865781334772413
1,2017-04-26,-0.2034820761955628
1,2017-04-27,-0.18762901358063824
1,2017-04-28,-0.17140347030771957
1,2017-04-29,-0.15508090242394107
1,2017-04-30,-0.13876064751728576
1,2017-05-01,-0.1222741986884414
1,2017-05-02,-0.10536937812422464
1,2017-05-03,-0.0881533913920674
1,2017-05-04,-0.07100865441582113
1,2017-05-05,-0.05389540611001881
1,2017-05-06,-0.03681273211508206
1,2017-05-07,-0.019829100318384134
1,2017-05-08,-0.0030548656629606594
1,2017-05-09,0.013458461761841938
1,2017-05-10,0.029990594005377402
1,2017-05-11,0.04682480842455304
1,2017-05-12,0.06417004894187227
1,2017-05-13,0.08187594434659437
1,2017-05-14,0.0997566645120122
1,2017-05-15,0.11762822506228648
1,2017-05-16,0.13519278380865785
1,2017-05-17,0.15238678232096306
1,2017-05-18,0.1690968414017553
1,2017-05-19,0.18521471918482874
1,2017-05-20,0.20076141913713322
1,2017-05-21,0.215831566383359
1,2017-05-22,0.230579781336701
1,2017-05-23,0.2448289300346718
1,2017-05-24,0.2582695955145204
1,2017-05-25,0.2706016867626298
1,2017-05-26,0.2815477740831207
1,2017-05-27,0.29138188201534926
1,2017-05-28,0.30035107463889715
1,2017-05-29,0.30863650665295167
1,2017-05-30,0.3164225765583523
1,2017-05-31,0.3238645195921306
1,2017-06-01,0.3310841016108751
1,2017-06-02,0.33809583155603556
1,2017-06-03,0.34490060283782187
1,2017-06-04,0.35150392163900407
1,2017-06-05,0.35800548419410294
1,2017-06-06,0.3644355270471294
1,2017-06-07,0.3708041568519911
1,2017-06-08,0.3771692100418157
1,2017-06-09,0.3836074788532868
1,2017-06-10,0.38990410415064475
1,2017-06-11,0.3959307195725679
1,2017-06-12,0.4016021438161284
1,2017-06-13,0.406777309425636
1,2017-06-14,0.4113834193266916
1,2017-06-15,0.41550835966877364
1,2017-06-16,0.4191999860070744
1,2017-06-17,0.42245822596846855
1,2017-06-18,0.4252305354587992
1,2017-06-19,0.4275233720777989
1,2017-06-20,0.4294019958388032
1,2017-06-21,0.4308954915352779
1,2017-06-22,0.43203722196112526
1,2017-06-23,0.4328355058563929
1,2017-06-24,0.43326616264968265
1,2017-06-25,0.43345133560108823
1,2017-06-26,0.4335032991485089
1,2017-06-27,0.43345863588402567
1,2017-06-28,0.43334215812203847
1,2017-06-29,0.43314453756484567
1,2017-06-30,0.43283443339476535
1,2017-07-01,0.43240929486155016
1,2017-07-02,0.43192105085329824
1,2017-07-03,0.4313640004308844
1,2017-07-04,0.43071398081688955
1,2017-07-05,0.4299622575607891
1,2017-07-06,0.42914216887940426
1,2017-07-07,0.428275661674798
1,2017-07-08,0.427335396752722
1,2017-07-09,0.42628834242993124
1,2017-07-10,0.42504934966912633
1,2017-07-11,0.42354558872605286
1,2017-07-12,0.4217222981387786
1,2017-07-13,0.4195631428534917
1,2017-07-14,0.41705130811894814
1,2017-07-15,0.4141549886608375
1,2017-07-16,0.41086219820909053
1,2017-07-17,0.40717648052028177
1,2017-07-18,0.40311612595110174
1,2017-07-19,0.39867398972234885
1,2017-07-20,0.3938216715716181
1,2017-07-21,0.38855055892195406
1,2017-07-22,0.3829009739271199
1,2017-07-23,0.3769449417962908
1,2017-07-24,0.3707571947769766
1,2017-07-25,0.3644119986252736
1,2017-07-26,0.35793631517671115
1,2017-07-27,0.3513338801917979
1,2017-07-28,0.3446293916228029
1,2017-07-29,0.3378467071595612
1,2017-07-30,0.331067944621714
1,2017-07-31,0.3243804450324561
1,2017-08-01,0.3178036563103744
1,2017-08-02,0.3113590459390455
1,2017-08-03,0.30505076739106013
1,2017-08-04,0.2988878257718368
1,2017-08-05,0.2928666242539457
1,2017-08-06,0.28693389730508223
1,2017-08-07,0.2810449602808909
1,2017-08-08,0.2751587837957979
1,2017-08-09,0.26923043565591787
1,2017-08-10,0.26319621186939357
1,2017-08-11,0.25705188579213484
1,2017-08-12,0.2507563409722145
1,2017-08-13,0.24424422860367495
1,2017-08-14,0.23749360276160922
1,2017-08-15,0.23049287758051373
1,2017-08-16,0.22324742840433232
1,2017-08-17,0.21577473470026182
1,2017-08-18,0.20811676150385944
1,2017-08-19,0.20024172620399713
1,2017-08-20,0.19211715054133224
1,2017-08-21,0.18372335158720654
1,2017-08-22,0.17503157385711932
1,2017-08-23,0.1660272270362336
1,2017-08-24,0.15663878522813343
1,2017-08-25,0.14684288638776816
1,2017-08-26,0.13666526276950725
1,2017-08-27,0.12610590905458982
1,2017-08-28,0.11512562982484661
1,2017-08-29,0.10371760893191084
1,2017-08-30,0.0918583605245541
1,2017-08-31,0.0795316658672851
1,2017-09-01,0.06667927163535246
1,2017-09-02,0.053382327818345024
1,2017-09-03,0.039728106558399534
1,2017-09-04,0.025814592361919905
1,2017-09-05,0.011755185405065122
1,2017-09-06,-0.002332042664960668
1,2017-09-07,-0.01638795623836393
1,2017-09-08,-0.030413066234330804
1,2017-09-09,-0.0443520544727771
1,2017-09-10,-0.05813514974760351
1,2017-09-11,-0.07171339367285848
1,2017-09-12,-0.08504580647732704
1,2017-09-13,-0.09808207068077746
1,2017-09-14,-0.11078630520621591
1,2017-09-15,-0.12308168226283539
1,2017-09-16,-0.13492200262494813
1,2017-09-17,-0.1462928897070633
1,2017-09-18,-0.15723869448638778
1,2017-09-19,-0.16787842742351478
1,2017-09-20,-0.17829526800911097
1,2017-09-21,-0.18836820762926873
1,2017-09-22,-0.198018870803215
1,2017-09-23,-0.20721274292639372
1,2017-09-24,-0.21594872079677027
1,2017-09-25,-0.22425629434579472
1,2017-09-26,-0.23215159283829953
1,2017-09-27,-0.23973042623413757
1,2017-09-28,-0.24714336865430042
1,2017-09-29,-0.25441396649898057
1,2017-09-30,-0.2615010502005952
1,2017-10-01,-0.2683126841713493
1,2017-10-02,-0.27474363032813104
1,2017-10-03,-0.28075026527390406
1,2017-10-04,-0.2863261459969448
1,2017-10-05,-0.29152760636243286
1,2017-10-06,-0.29647105463797185
1,2017-10-07,-0.30122530807949016
1,2017-10-08,-0.3058115762237911
1,2017-10-09,-0.31027905844364934
1,2017-10-10,-0.31460698187659597
1,2017-10-11,-0.3188042827589884
1,2017-10-12,-0.3228881881265498
1,2017-10-13,-0.3268903199149712
1,2017-10-14,-0.3308930921019737
1,2017-10-15,-0.33494439944510995
1,2017-10-16,-0.33907094104273827
1,2017-10-17,-0.34324713312701094
1,2017-10-18,-0.3474590505042739
1,2017-10-19,-0.35180471118488243
1,2017-10-20,-0.35632050767188816
1,2017-10-21,-0.36104672613725314
1,2017-10-22,-0.36604188646149405
1,2017-10-23,-0.37123089221936867
1,2017-10-24,-0.3765782138448792
1,2017-10-25,-0.38202203936431767
1,2017-10-26,-0.3875000135015003
1,2017-10-27,-0.39286945475945395
1,2017-10-28,-0.3981383649990391
1,2017-10-29,-0.40335996083472403
1,2017-10-30,-0.40850495062245007
1,2017-10-31,-0.4135817515987068
1,2017-11-01,-0.4185867723461204
1,2017-11-02,-0.4236077794614347
1,2017-11-03,-0.42850081334073015
1,2017-11-04,-0.4329693949996734
1,2017-11-05,-0.4368594885522478
1,2017-11-06,-0.44033669783154367
1,2017-11-07,-0.44349736762508113
1,2017-11-08,-0.44639176466126346
1,2017-11-09,-0.44903067097118243
1,2017-11-10,-0.4514969442720635
1,2017-11-11,-0.45370814833639306
1,2017-11-12,-0.4556298727572183
1,2017-11-13,-0.4573034692499611
1,2017-11-14,-0.45876626920783187
1,2017-11-15,-0.459957494549371
1,2017-11-16,-0.46068363284795233
1,2017-11-17,-0.46096255136042863
1,2017-11-18,-0.46077808813387644
1,2017-11-19,-0.460131008611485
1,2017-11-20,-0.4590309373882721
1,2017-11-21,-0.45756468400703326
1,2017-11-22,-0.45581424816678806
1,2017-11-23,-0.45400779587669454
1,2017-11-24,-0.4521331993249848
1,2017-11-25,-0.4501509248041328
1,2017-11-26,-0.44801323284118516
1,2017-11-27,-0.44576642335542904
1,2017-11-28,-0.44347135104642105
1,2017-11-29,-0.4411605761978505
1,2017-11-30,-0.43873128862436694
1,2017-12-01,-0.43622626410308774
1,2017-12-02,-0.4337200410930171
1,2017-12-03,-0.43123412508175396
1,2017-12-04,-0.42867750544196925
1,2017-12-05,-0.42605570686710603
1,2017-12-06,-0.4233894377358956
1,2017-12-07,-0.4206352422311426
1,2017-12-08,-0.4177693159493388
1,2017-12-09,-0.4148917626883305
1,2017-12-10,-0.41201206816515373
1,2017-12-11,-0.40913407549873493
1,2017-12-12,-0.40621466243485005
1,2017-12-13,-0.40321067213419987
1,2017-12-14,-0.4001231757408552
1,2017-12-15,-0.3969448658549843
1,2017-12-16,-0.393708090956027
1,2017-12-17,-0.39047286258605457
1,2017-12-18,-0.38729795897873504
1,2017-12-19,-0.3842098124964942
1,2017-12-20,-0.3811827799441699
1,2017-12-21,-0.3781802876435913
1,2017-12-22,-0.37522890712023005
1,2017-12-23,-0.37239454011487355
1,2017-12-24,-0.36969880091641555
1,2017-12-25,-0.36712542090946426
1,2017-12-26,-0.36465496102278805
1,2017-12-27,-0.36225647680361783
1,2017-12-28,-0.359978507805287
1,2017-12-29,-0.3578638621580652
1,2017-12-30,-0.35596774433117645
1,2017-12-31,-0.3542810571025543
1,2018-01-01,-0.3527465478208412
1,2018-01-02,-0.3513901865706204
1,2018-01-03,-0.35021890153312274
1,2018-01-04,-0.3492546580345714
1,2018-01-05,-0.34853002543650724
1,2018-01-06,-0.3480052411888855
1,2018-01-07,-0.347701777708315
1,2018-01-08,-0.3476905661164472
1,2018-01-09,-0.3480254094021709
1,2018-01-10,-0.3486993154993284
1,2018-01-11,-0.3496420513451047
1,2018-01-12,-0.35074243027771124
1,2018-01-13,-0.35187908589571254
1,2018-01-14,-0.35290817230261834
1,2018-01-15,-0.3537922432899571
1,2018-01-16,-0.354525069295957
1,2018-01-17,-0.35512501508994526
1,2018-01-18,-0.35560291564210306
1,2018-01-19,-0.3559664333383066
1,2018-01-20,-0.3562229442697537
1,2018-01-21,-0.356350993073321
1,2018-01-22,-0.35629350996190884
1,2018-01-23,-0.355960960831998
1,2018-01-24,-0.35534261215959917
1,2018-01-25,-0.35443264298098937
1,2018-01-26,-0.35327641404675103
1,2018-01-27,-0.35200602518407254
1,2018-01-28,-0.3507309113317552
1,2018-01-29,-0.3494312237834562
1,2018-01-30,-0.34805244000133007
1,2018-01-31,-0.34659079854145525
1,2018-02-01,-0.3450557351664782
1,2018-02-02,-0.34347760792219917
1,2018-02-03,-0.3418380045169544
1,2018-02-04,-0.34016506217733145
1,2018-02-05,-0.33850642610016834
1,2018-02-06,-0.33691198165823927
1,2018-02-07,-0.33542821997378824
1,2018-02-08,-0.33414912476382436
1,2018-02-09,-0.3331268697887102
1,2018-02-10,-0.33235353216209007
1,2018-02-11,-0.33185525431327834
1,2018-02-12,-0.3316562048356717
1,2018-02-13,-0.33177253674147206
1,2018-02-14,-0.3321512182769262
1,2018-02-15,-0.3327495653838726
1,2018-02-16,-0.3335206665988556
1,2018-02-17,-0.33442440183653577
1,2018-02-18,-0.3353654516519204
1,2018-02-19,-0.33628192010422703
1,2018-02-20,-0.3371524368451734
1,2018-02-21,-0.3379488488409087
1,2018-02-22,-0.3386205182780392
1,2018-02-23,-0.33912353864818473
1,2018-02-24,-0.3394901815190256
1,2018-02-25,-0.33971378274356456
1,2018-02-26,-0.33976422897257075
1,2018-02-27,-0.33964502346075814
1,2018-02-28,-0.3393659535513752
1,2018-03-01,-0.3389367700926009
1,2018-03-02,-0.3383870505372802
1,2018-03-03,-0.3377427265568582
1,2018-03-04,-0.33705706583127104
1,2018-03-05,-0.3363861606552184
1,2018-03-06,-0.33577173540489513
1,2018-03-07,-0.33525958796497746
1,2018-03-08,-0.334876107967013
1,2018-03-09,-0.3346115443414693
1,2018-03-10,-0.3344364138742471
1,2018-03-11,-0.3343710288876367
1,2018-03-12,-0.3344694700952453
1,2018-03-13,-0.33474449690989116
1,2018-03-14,-0.3352248464700775
1,2018-03-15,-0.3359593131311851
1,2018-03-16,-0.33698804749366623
1,2018-03-17,-0.33831257122502195
1,2018-03-18,-0.33991448021190324
1,2018-03-19,-0.34170074763853486
1,2018-03-20,-0.34364451910911953
1,2018-03-21,-0.3457169110810097
1,2018-03-22,-0.34791059213833364
1,2018-03-23,-0.350208444891761
1,2018-03-24,-0.35257723507112104
1,2018-03-25,-0.35495977424999553
1,2018-03-26,-0.35732228065536326
1,2018-03-27,-0.3596445034278266
1,2018-03-28,-0.36193678268013163
1,2018-03-29,-0.3641774444559314
1,2018-03-30,-0.366322732350786
1,2018-03-31,-0.3683909328787035
1,2018-04-01,-0.37039958152495456
1,2018-04-02,-0.3723083713174857
1,2018-04-03,-0.37410017384568195
1,2018-04-04,-0.37574787019295003
1,2018-04-05,-0.3771465888318432
1,2018-04-06,-0.37819438892961416
1,2018-04-07,-0.37878295437244347
1,2018-04-08,-0.3787960832001007
1,2018-04-09,-0.37819956528928633
1,2018-04-10,-0.37691478443309356
1,2018-04-11,-0.37485379518365725
1,2018-04-12,-0.3719181562934085
1,2018-04-13,-0.3680610901286422
1,2018-04-14,-0.36323542345321447
1,2018-04-15,-0.35750678315073603
1,2018-04-16,-0.35094319555084513
1,2018-04-17,-0.3433829058981494
1,2018-04-18,-0.3347693359487229
1,2018-04-19,-0.3252186005401528
1,2018-04-20,-0.3149340677729834
1,2018-04-21,-0.3037790225651227
1,2018-04-22,-0.29170731961094154
1,2018-04-23,-0.2786485025584526
1,2018-04-24,-0.2645580222623576
1,2018-04-25,-0.24945521341021307
1,2018-04-26,-0.23363454461585634
1,2018-04-27,-0.2172910533845954
1,2018-04-28,-0.20053639359196457
1,2018-04-29,-0.18324458424871132
1,2018-04-30,-0.16542412146787483
1,2018-05-01,-0.1470978044452543
1,2018-05-02,-0.12829902883581226
1,2018-05-03,-0.10923863834984819
1,2018-05-04,-0.09000146683129966
1,2018-05-05,-0.07077062367323321
1,2018-05-06,-0.051409780155149715
1,2018-05-07,-0.031905866128709034
1,2018-05-08,-0.012340957112880201
1,2018-05-09,0.0073709869989175844
1,2018-05-10,0.027099187015142905
1,2018-05-11,0.046689925941920826
1,2018-05-12,0.06617169405502497
1,2018-05-13,0.08545163785062174
1,2018-05-14,0.10411043964221899
1,2018-05-15,0.12186730269457663
1,2018-05-16,0.1385923493776122
1,2018-05-17,0.15426735922389978
1,2018-05-18,0.1691112691105561
1,2018-05-19,0.1832759684082001
1,2018-05-20,0.196647267604256
1,2018-05-21,0.20913329120346855
1,2018-05-22,0.22082220242184522
1,2018-05-23,0.23173688482924712
1,2018-05-24,0.2420876118915276
1,2018-05-25,0.2520109691499875
1,2018-05-26,0.2614082875560515
1,2018-05-27,0.2703606126594106
1,2018-05-28,0.2792201389293797
1,2018-05-29,0.28817697237089157
1,2018-05-30,0.2972502413553386
1,2018-05-31,0.3063836199116541
1,2018-06-01,0.3154450542117846
1,2018-06-02,0.32405676162390085
1,2018-06-03,0.3319541503196809
1,2018-06-04,0.3392845506844385
1,2018-06-05,0.3462362629716618
1,2018-06-06,0.35298590830943266
1,2018-06-07,0.35962575589975887
1,2018-06-08,0.3660604094605795
1,2018-06-09,0.3723390648922504
1,2018-06-10,0.37841283175342516
1,2018-06-11,0.3841654384100975
1,2018-06-12,0.3894591788550331
1,2018-06-13,0.394268995539678
1,2018-06-14,0.3986200809696348
1,2018-06-15,0.40251966206958384
1,2018-06-16,0.40614368767680753
1,2018-06-17,0.40951881136487134
1,2018-06-18,0.4125269264383037
1,2018-06-19,0.415063497923815
1,2018-06-20,0.41714404660404664
1,2018-06-21,0.41885206094996885
1,2018-06-22,0.42026996087895
1,2018-06-23,0.42138028741587397
1,2018-06-24,0.422255850449035
1,2018-06-25,0.42298512636657115
1,2018-06-26,0.4235768616337919
1,2018-06-27,0.42406006594812656
1,2018-06-28,0.4245057075312465
1,2018-06-29,0.42487831718246144
1,2018-06-30,0.425110185030164
1,2018-07-01,0.42521669341233154
1,2018-07-02,0.42521980886379157
1,2018-07-03,0.42511355501997294
1,2018-07-04,0.42487473995931585
1,2018-07-05,0.4244885681604762
1,2018-07-06,0.4239553713376521
1,2018-07-07,0.4232564321460138
1,2018-07-08,0.422328137523782
1,2018-07-09,0.4211088133978508
1,2018-07-10,0.4195731042075437
1,2018-07-11,0.41769800213569236
1,2018-07-12,0.41547244819967233
1,2018-07-13,0.4128779216021261
1,2018-07-14,0.4100082978837814
1,2018-07-15,0.406954040694965
1,2018-07-16,0.4036865758457795
1,2018-07-17,0.4001479884623284
1,2018-07-18,0.39630233022827754
1,2018-07-19,0.39211486800255657
1,2018-07-20,0.38758711249613953
1,2018-07-21,0.3826684614175302
1,2018-07-22,0.3773760094653724
1,2018-07-23,0.3717580536033269
1,2018-07-24,0.3658776240384896
1,2018-07-25,0.35978388698309444
1,2018-07-26,0.3535281967135582
1,2018-07-27,0.3471427516321986
1,2018-07-28,0.3406467911380913
1,2018-07-29,0.33410261670775043
1,2018-07-30,0.32759753256707114
1,2018-07-31,0.32120809228821084
1,2018-08-01,0.31494706586471255
1,2018-08-02,0.3088081406261478
1,2018-08-03,0.30277229633191266
1,2018-08-04,0.29681532560873153
1,2018-08-05,0.2908872326810735
1,2018-08-06,0.2849652991902932
1,2018-08-07,0.2790424360843707
1,2018-08-08,0.27308409435180286
1,2018-08-09,0.2670347911277912
1,2018-08-10,0.26090976049000314
1,2018-08-11,0.2547183534758611
1,2018-08-12,0.24846622648951291
1,2018-08-13,0.2421290632118922
1,2018-08-14,0.23567810673398154
1,2018-08-15,0.22909814792286978
1,2018-08-16,0.2223820394038826
1,2018-08-17,0.2154645377576147
1,2018-08-18,0.2083047840589117
1,2018-08-19,0.20087278684382812
1,2018-08-20,0.19311492076245435
1,2018-08-21,0.18498579322784944
1,2018-08-22,0.17642636301126
1,2018-08-23,0.16740400520326795
1,2018-08-24,0.15793054088578456
1,2018-08-25,0.14800228336103172
1,2018-08-26,0.1376032523702945
1,2018-08-27,0.12672662839032325
1,2018-08-28,0.1153962328709923
1,2018-08-29,0.1036250366006564
1,2018-08-30,0.09146670032502942
1,2018-08-31,0.07898483754730444
1,2018-09-01,0.06621566371542723
1,2018-09-02,0.05324382899642477
1,2018-09-03,0.04019496385689663
1,2018-09-04,0.027149130686313656
1,2018-09-05,0.014132830329133664
1,2018-09-06,0.0011520711274623945
1,2018-09-07,-0.011868743173910146
1,2018-09-08,-0.025040787605551246
1,2018-09-09,-0.0384259714972775
1,2018-09-10,-0.0519255431375404
1,2018-09-11,-0.0654076271471397
1,2018-09-12,-0.07872880698797433
1,2018-09-13,-0.09184482351099608
1,2018-09-14,-0.10471465547574169
1,2018-09-15,-0.11729676066881621
1,2018-09-16,-0.12961098426707993
1,2018-09-17,-0.141738449110209
1,2018-09-18,-0.15379129486339052
1,2018-09-19,-0.16577144881747866
1,2018-09-20,-0.17765476378983502
1,2018-09-21,-0.18930500026707783
1,2018-09-22,-0.20053383134309372
1,2018-09-23,-0.21128669057915747
1,2018-09-24,-0.2215939675466269
1,2018-09-25,-0.23143302667601942
1,2018-09-26,-0.24083065574873996
1,2018-09-27,-0.249757619350219
1,2018-09-28,-0.258202607861348
1,2018-09-29,-0.26622169387408373
1,2018-09-30,-0.27387777939436914
1,2018-10-01,-0.28118104045163117
1,2018-10-02,-0.2880776184942337
1,2018-10-03,-0.29453089905785473
1,2018-10-04,-0.30045042088615953
1,2018-10-05,-0.30589096230857876
1,2018-10-06,-0.3109486684865721
1,2018-10-07,-0.3156095115662495
1,2018-10-08,-0.31985172578273374
1,2018-10-09,-0.32371049946057034
1,2018-10-10,-0.32721142802563746
1,2018-10-11,-0.3305261575457414
1,2018-10-12,-0.3338475537464393
1,2018-10-13,-0.3372877923836741
1,2018-10-14,-0.3408320791645765
1,2018-10-15,-0.3444868247368502
1,2018-10-16,-0.34821900478238604
1,2018-10-17,-0.35200107666145825
1,2018-10-18,-0.3559192615844376
1,2018-10-19,-0.3600248372494307
1,2018-10-20,-0.3642590248358795
1,2018-10-21,-0.3685621699764853
1,2018-10-22,-0.3729148330830548
1,2018-10-23,-0.3773756992525268
1,2018-10-24,-0.3819435114909206
1,2018-10-25,-0.38663805815344704
1,2018-10-26,-0.39138157450441413
1,2018-10-27,-0.39604680038168216
1,2018-10-28,-0.40054818716409285
1,2018-10-29,-0.4048470196694258
1,2018-10-30,-0.4090258909299007
1,2018-10-31,-0.4132135023299256
1,2018-11-01,-0.4174232767524068
1,2018-11-02,-0.4215254301280434
1,2018-11-03,-0.4256368788242111
1,2018-11-04,-0.42979228747731707
1,2018-11-05,-0.433955650673428
1,2018-11-06,-0.4380153855607531
1,2018-11-07,-0.441929551937031
1,2018-11-08,-0.4456421674028356
1,2018-11-09,-0.44914210979256997
1,2018-11-10,-0.4524298380247335
1,2018-11-11,-0.45556254001131985
1,2018-11-12,-0.4585475443498147
1,2018-11-13,-0.4613539373737874
1,2018-11-14,-0.4638657626908133
1,2018-11-15,-0.4660686899581282
1,2018-11-16,-0.4678765837402895
1,2018-11-17,-0.4692817244179141
1,2018-11-18,-0.4704216316109614
1,2018-11-19,-0.47133387434854
1,2018-11-20,-0.4719538798331257
1,2018-11-21,-0.47219432986864107
1,2018-11-22,-0.47198285940426693
1,2018-11-23,-0.4713517919360112
1,2018-11-24,-0.47033389537669273
1,2018-11-25,-0.4690510388190001
1,2018-11-26,-0.4675666621119634
1,2018-11-27,-0.4659007807549352
1,2018-11-28,-0.4639757660895639
1,2018-11-29,-0.46173282722160364
1,2018-11-30,-0.45918679457572814
1,2018-12-01,-0.45633783539570927
1,2018-12-02,-0.45315910590931385
1,2018-12-03,-0.4497103264533463
1,2018-12-04,-0.44609940862888847
1,2018-12-05,-0.4424102507305463
1,2018-12-06,-0.43869375670791094
1,2018-12-07,-0.4349971721849585
1,2018-12-08,-0.43133575440306043
1,2018-12-09,-0.4276604556761333
1,2018-12-10,-0.4239217470992101
1,2018-12-11,-0.42008407088232735
1,2018-12-12,-0.4161657488250874
1,2018-12-13,-0.4121886595667668
1,2018-12-14,-0.4082093595186799
1,2018-12-15,-0.40428575997097105
1,2018-12-16,-0.4003987133503249
1,2018-12-17,-0.39658116744509525
1,2018-12-18,-0.39287615991716673
1,2018-12-19,-0.3892969277969625
1,2018-12-20,-0.3858248254359379
1,2018-12-21,-0.38249466094941476
1,2018-12-22,-0.37929520234236147
1,2018-12-23,-0.3761977845264429
1,2018-12-24,-0.37315984098304894
1,2018-12-25,-0.3701964385667337
1,2018-12-26,-0.36731192743575314
1,2018-12-27,-0.3645855152002125
1,2018-12-28,-0.36207686662801186
1,2018-12-29,-0.3598315913920734
1,2018-12-30,-0.35782497367548155
1,2018-12-31,-0.3560374641161409
1,2019-01-01,-0.35453395417766165
1,2019-01-02,-0.3533296335152532
1,2019-01-03,-0.3524094417607048
1,2019-01-04,-0.3517950859371771
1,2019-01-05,-0.3515080465237571
1,2019-01-06,-0.3515798951366016
1,2019-01-07,-0.3519444106112932
1,2019-01-08,-0.3525114515552201
1,2019-01-09,-0.3532583258979977
1,2019-01-10,-0.3540864789944314
1,2019-01-11,-0.35487885872389263
1,2019-01-12,-0.35563611505647597
1,2019-01-13,-0.3564037218243139
1,2019-01-14,-0.35718987730903573
1,2019-01-15,-0.3579105388783206
1,2019-01-16,-0.358493967377914
1,2019-01-17,-0.358856166981985
1,2019-01-18,-0.3589211775079817
1,2019-01-19,-0.3586586176698901
1,2019-01-20,-0.3580487653208935
1,2019-01-21,-0.357138341880435
1,2019-01-22,-0.3559877463416773
1,2019-01-23,-0.35465806322530335
1,2019-01-24,-0.3531986934698978
1,2019-01-25,-0.35168056483406995
1,2019-01-26,-0.3500075662669472
1,2019-01-27,-0.34816040270688065
1,2019-01-28,-0.34617740654745316
1,2019-01-29,-0.3441014947054487
1,2019-01-30,-0.34196743265024343
1,2019-01-31,-0.33980815446970636
1,2019-02-01,-0.3376743683760753
1,2019-02-02,-0.335682925436897
1,2019-02-03,-0.33395159996710483
1,2019-02-04,-0.33255803056804933
1,2019-02-05,-0.33149499676027855
1,2019-02-06,-0.3306973775066248
1,2019-02-07,-0.3300971116843564
1,2019-02-08,-0.32969040007685835
1,2019-02-09,-0.3295071144456423
1,2019-02-10,-0.3295102781832827
1,2019-02-11,-0.329713951335124
1,2019-02-12,-0.3301248473266708
1,2019-02-13,-0.3307562465703279
1,2019-02-14,-0.3315897398034407
1,2019-02-15,-0.33256446459546346
1,2019-02-16,-0.33356365416502187
1,2019-02-17,-0.33443479431591094
1,2019-02-18,-0.3351403355536572
1,2019-02-19,-0.33569259687087294
1,2019-02-20,-0.33613660712287813
1,2019-02-21,-0.3365412468581346
1,2019-02-22,-0.3369266964339444
1,2019-02-23,-0.33726623554071344
1,2019-02-24,-0.3375393957343744
1,2019-02-25,-0.33767137460374774
1,2019-02-26,-0.3376369406463889
1,2019-02-27,-0.3373772227832238
1,2019-02-28,-0.336945598306562
1,2019-03-01,-0.3363968417345717
1,2019-03-02,-0.3357474330666204
1,2019-03-03,-0.3350640120274593
1,2019-03-04,-0.33434481110469827
1,2019-03-05,-0.3335812799332253
1,2019-03-06,-0.33282935589478685
1,2019-03-07,-0.33215887597364696
1,2019-03-08,-0.3316077804249248
1,2019-03-09,-0.3312469373677335
1,2019-03-10,-0.3311410043301063
1,2019-03-11,-0.33130009905256613
1,2019-03-12,-0.33169955533591994
1,2019-03-13,-0.3323309847280391
1,2019-03-14,-0.3331908511511072
1,2019-03-15,-0.3342777618032424
1,2019-03-16,-0.3355752157337131
1,2019-03-17,-0.33705160838116677
1,2019-03-18,-0.33872340238644255
1,2019-03-19,-0.3406422347646891
1,2019-03-20,-0.3428145843313138
1,2019-03-21,-0.34519785192305563
1,2019-03-22,-0.3477624803812491
1,2019-03-23,-0.3505196907219874
1,2019-03-24,-0.35346383307388785
1,2019-03-25,-0.3565258353046162
1,2019-03-26,-0.35967028627000946
1,2019-03-27,-0.36286592731927597
1,2019-03-28,-0.36607848103784446
1,2019-03-29,-0.36927059042558813
1,2019-03-30,-0.37237658555169456
1,2019-03-31,-0.37523832133518037
1,2019-04-01,-0.37775116674234627
1,2019-04-02,-0.37986985555670666
1,2019-04-03,-0.3816526328579595
1,2019-04-04,-0.3831559393922337
1,2019-04-05,-0.384275584654374
1,2019-04-06,-0.38487058605992797
1,2019-04-07,-0.38495842075897274
1,2019-04-08,-0.38450196848750967
1,2019-04-09,-0.3834801334221864
1,2019-04-10,-0.3818138610258404
1,2019-04-11,-0.37946728380479056
1,2019-04-12,-0.37639352836843415
1,2019-04-13,-0.37249292278942175
1,2019-04-14,-0.3678975384491674
1,2019-04-15,-0.36265210284764665
1,2019-04-16,-0.35674554745106063
1,2019-04-17,-0.35008841584218076
1,2019-04-18,-0.3425615575135649
1,2019-04-19,-0.33407140194743523
1,2019-04-20,-0.3245295130238715
1,2019-04-21,-0.3138422494457921
1,2019-04-22,-0.30209536493766687
1,2019-04-23,-0.28942033017074603
1,2019-04-24,-0.27619732463273744
1,2019-04-25,-0.2623184007480508
1,2019-04-26,-0.24777581972012047
1,2019-04-27,-0.23274821247568878
1,2019-04-28,-0.21725309731315454
1,2019-04-29,-0.20137962507753465
1,2019-04-30,-0.18514217198237737
1,2019-05-01,-0.1684570243766717
1,2019-05-02,-0.1511653545050052
1,2019-05-03,-0.13318389659909055
1,2019-05-04,-0.11445951883238921
1,2019-05-05,-0.0949758940021997
1,2019-05-06,-0.07491333813231425
1,2019-05-07,-0.05441234020479233
1,2019-05-08,-0.033677377913602285
1,2019-05-09,-0.012670018534440327
1,2019-05-10,0.008702795667739325
1,2019-05-11,0.030376285060759435
1,2019-05-12,0.052032894000306106
1,2019-05-13,0.07350215270019977
1,2019-05-14,0.09459327412093897
1,2019-05-15,0.11508411149878293
1,2019-05-16,0.1349635493010337
1,2019-05-17,0.15413537353236598
1,2019-05-18,0.1724743555132072
1,2019-05-19,0.1897514537288732
1,2019-05-20,0.2058184131865377
1,2019-05-21,0.22085313668662332
1,2019-05-22,0.2351984562953477
1,2019-05-23,0.2488130401997716
1,2019-05-24,0.2617891218208735
1,2019-05-25,0.27418092362349067
1,2019-05-26,0.28602729934506554
1,2019-05-27,0.2973746211867243
1,2019-05-28,0.30824735510842893
1,2019-05-29,0.3188042678532704
1,2019-05-30,0.3288496493153506
1,2019-05-31,0.3381135046193495
1,2019-06-01,0.3467088000097644
1,2019-06-02,0.35477594657812866
1,2019-06-03,0.36242586505667984
1,2019-06-04,0.36963925117067536
1,2019-06-05,0.3764405201444195
1,2019-06-06,0.3827926510826843
1,2019-06-07,0.38858196180672183
1,2019-06-08,0.39380850628045067
1,2019-06-09,0.39848830986571493
1,2019-06-10,0.40261816604154665
1,2019-06-11,0.4062616450329603
1,2019-06-12,0.40948515125652685
1,2019-06-13,0.4123665685438517
1,2019-06-14,0.41499343947116274
1,2019-06-15,0.41721164789613596
1,2019-06-16,0.4190040442987991
1,2019-06-17,0.4204510071392102
1,2019-06-18,0.4216799717147613
1,2019-06-19,0.4227179925258098
1,2019-06-20,0.4235328087595278
1,2019-06-21,0.4241290311645094
1,2019-06-22,0.42461907707572855
1,2019-06-23,0.4251632957454023
1,2019-06-24,0.42579124831527454
1,2019-06-25,0.42644007118186134
1,2019-06-26,0.4269893908785452
1,2019-06-27,0.42732693719559134
1,2019-06-28,0.42742031383358575
1,2019-06-29,0.4272967044139883
1,2019-06-30,0.42695570318934434
1,2019-07-01,0.42651273857346744
1,2019-07-02,0.42594076944597725
1,2019-07-03,0.4252555352356991
1,2019-07-04,0.424448010209061
1,2019-07-05,0.42347714784841745
1,2019-07-06,0.4223123880579271
1,2019-07-07,0.42088923454077926
1,2019-07-08,0.4192298118326536
1,2019-07-09,0.4173332905500769
1,2019-07-10,0.4151844669293559
1,2019-07-11,0.4127902059972402
1,2019-07-12,0.4101762929592194
1,2019-07-13,0.40728466905589533
1,2019-07-14,0.4040673410177662
1,2019-07-15,0.4005146045758423
1,2019-07-16,0.3966252924680184
1,2019-07-17,0.392347214652155
1,2019-07-18,0.3877332365560818
1,2019-07-19,0.38283169723357413
1,2019-07-20,0.3776897838792015
1,2019-07-21,0.3723934867000431
1,2019-07-22,0.36700734158320897
1,2019-07-23,0.3615145900203694
1,2019-07-24,0.35590607150873493
1,2019-07-25,0.3502034560830499
1,2019-07-26,0.3444337929993688
1,2019-07-27,0.3386661450343065
1,2019-07-28,0.33294704844877343
1,2019-07-29,0.3272841532506541
1,2019-07-30,0.3216634408100191
1,2019-07-31,0.31606657126460325
1,2019-08-01,0.31051294807187135
1,2019-08-02,0.30499452232119517
1,2019-08-03,0.299415228528351
1,2019-08-04,0.2936622948521905
1,2019-08-05,0.28774331535179254
1,2019-08-06,0.28171881126986675
1,2019-08-07,0.2756699609838298
1,2019-08-08,0.26967752286326646
1,2019-08-09,0.26373727301864913
1,2019-08-10,0.2578099663402508
1,2019-08-11,0.2518620830987894
1,2019-08-12,0.24581393655463005
1,2019-08-13,0.23963880648489985
1,2019-08-14,0.23330817038003898
1,2019-08-15,0.22682916031145037
1,2019-08-16,0.22021444643172003
1,2019-08-17,0.21344878193709307
1,2019-08-18,0.20647577671267375
1,2019-08-19,0.19919998163574618
1,2019-08-20,0.19156469223550313
1,2019-08-21,0.18351671928537558
1,2019-08-22,0.1750562107951868
1,2019-08-23,0.16617243601932086
1,2019-08-24,0.15685662180167084
1,2019-08-25,0.14708001686219602
1,2019-08-26,0.13682818912173722
1,2019-08-27,0.1261607171188197
1,2019-08-28,0.11512563373676471
1,2019-08-29,0.10374779558402815
1,2019-08-30,0.0920821967461033
1,2019-08-31,0.08015052712559956
1,2019-09-01,0.06793426045275824
1,2019-09-02,0.05543543903165245
1,2019-09-03,0.042678005906235335
1,2019-09-04,0.029704532305838235
1,2019-09-05,0.016490478819098063
1,2019-09-06,0.003002046795296033
1,2019-09-07,-0.010653477722533566
1,2019-09-08,-0.02437309435482224
1,2019-09-09,-0.038082273132886736
1,2019-09-10,-0.051794621353097293
1,2019-09-11,-0.06547323088511936
1,2019-09-12,-0.07906620094962549
1,2019-09-13,-0.09257132977507378
1,2019-09-14,-0.10599801325277035
1,2019-09-15,-0.11925389453025706
1,2019-09-16,-0.13229136065938887
1,2019-09-17,-0.14509181913392827
1,2019-09-18,-0.1575575559521237
1,2019-09-19,-0.1696280491821813
1,2019-09-20,-0.1812061337348924
1,2019-09-21,-0.19235191685051048
1,2019-09-22,-0.20309211788700304
1,2019-09-23,-0.21342284663331573
1,2019-09-24,-0.22330228017854392
1,2019-09-25,-0.23273560017068745
1,2019-09-26,-0.24184290439599612
1,2019-09-27,-0.2506498852575803
1,2019-09-28,-0.25904483677416257
1,2019-09-29,-0.2669609316670498
1,2019-09-30,-0.27433604283211194
1,2019-10-01,-0.2811586205953445
1,2019-10-02,-0.287530595602047
1,2019-10-03,-0.2936044183335066
1,2019-10-04,-0.2994557431763565
1,2019-10-05,-0.3050460044698608
1,2019-10-06,-0.3103395708210746
1,2019-10-07,-0.3153787516172481
1,2019-10-08,-0.3202372384877536
1,2019-10-09,-0.3250495977994109
1,2019-10-10,-0.32976242727480526
1,2019-10-11,-0.3343764235622946
1,2019-10-12,-0.3390350546984587
1,2019-10-13,-0.34387827669874726
1,2019-10-14,-0.34905429143252775
1,2019-10-15,-0.35458006661656044
1,2019-10-16,-0.3603226563798303
1,2019-10-17,-0.36600516604415934
1,2019-10-18,-0.37152934616038374
1,2019-10-19,-0.3768942447810804
1,2019-10-20,-0.3819623938758777
1,2019-10-21,-0.3867846285445772
1,2019-10-22,-0.39139465105809584
1,2019-10-23,-0.39584411909628275
1,2019-10-24,-0.4001351243441843
1,2019-10-25,-0.40424101215588476
1,2019-10-26,-0.4081342870034633
1,2019-10-27,-0.41192182462959726
1,2019-10-28,-0.41560261266883586
1,2019-10-29,-0.41908936859850426
1,2019-10-30,-0.42239850810723945
1,2019-10-31,-0.42559113519660713
1,2019-11-01,-0.4287854231206051
1,2019-11-02,-0.4319655805976032
1,2019-11-03,-0.43519391005390573
1,2019-11-04,-0.43845055340447703
1,2019-11-05,-0.4416248518695359
1,2019-11-06,-0.4445573774840829
1,2019-11-07,-0.44728687735134554
1,2019-11-08,-0.4497768495908482
1,2019-11-09,-0.45205304974450905
1,2019-11-10,-0.4540935510825381
1,2019-11-11,-0.4559231700551565
1,2019-11-12,-0.4574983641689465
1,2019-11-13,-0.45875845441410973
1,2019-11-14,-0.45975965932558294
1,2019-11-15,-0.460473796967055
1,2019-11-16,-0.4609107483582698
1,2019-11-17,-0.4610103435441192
1,2019-11-18,-0.4608427104761733
1,2019-11-19,-0.4604483619694829
1,2019-11-20,-0.45982666117359533
1,2019-11-21,-0.45912425198233786
1,2019-11-22,-0.4584446997556388
1,2019-11-23,-0.45772037351571937
1,2019-11-24,-0.4568277169209065
1,2019-11-25,-0.4557275954031912
1,2019-11-26,-0.4544028957776779
1,2019-11-27,-0.45279036550725377
1,2019-11-28,-0.4509441280467395
1,2019-11-29,-0.44894316980033816
1,2019-11-30,-0.446874969145022
1,2019-12-01,-0.44469698500817545
1,2019-12-02,-0.4423418109630542
1,2019-12-03,-0.4397955707776563
1,2019-12-04,-0.43709119535340357
1,2019-12-05,-0.43432291000244133
1,2019-12-06,-0.43151472146996106
1,2019-12-07,-0.42861534589532024
1,2019-12-08,-0.42561408593946926
1,2019-12-09,-0.42254260432499263
1,2019-12-10,-0.4193534560371232
1,2019-12-11,-0.4160844644312659
1,2019-12-12,-0.41269823045163734
1,2019-12-13,-0.4092027614100388
1,2019-12-14,-0.405622550202799
1,2019-12-15,-0.4019870573631629
1,2019-12-16,-0.39827899129116306
1,2019-12-17,-0.3945064199665319
1,2019-12-18,-0.39075181589935387
1,2019-12-19,-0.3870047129197284
1,2019-12-20,-0.3832370805533188
1,2019-12-21,-0.37956933507771506
1,2019-12-22,-0.3761256507623011
1,2019-12-23,-0.37294981233766067
1,2019-12-24,-0.370044058221563
1,2019-12-25,-0.3674435591370785
1,2019-12-26,-0.36515859277477436
1,2019-12-27,-0.36313809141601194
1,2019-12-28,-0.36134641885594754
1,2019-12-29,-0.35977830333056415
1,2019-12-30,-0.35845981598622073
1,2019-12-31,-0.3574128473502124
1,2020-01-01,-0.35656384069980235
1,2020-01-02,-0.3559051663282498
1,2020-01-03,-0.3554420483997219
1,2020-01-04,-0.35508650116686824
1,2020-01-05,-0.35477262328196296
1,2020-01-06,-0.3544481781764801
1,2020-01-07,-0.3541365787803493
1,2020-01-08,-0.35387109079125667
1,2020-01-09,-0.3536927445365353
1,2020-01-10,-0.35360261349501293
1,2020-01-11,-0.3536555804389467
1,2020-01-12,-0.3538993364457908
1,2020-01-13,-0.3542254793510911
1,2020-01-14,-0.3545820451626437
1,2020-01-15,-0.3549527714312742
1,2020-01-16,-0.35528869341551006
1,2020-01-17,-0.35549818158608976
1,2020-01-18,-0.3555452610539598
1,2020-01-19,-0.3554339755839319
1,2020-01-20,-0.3551443404187739
1,2020-01-21,-0.3546887375965437
1,2020-01-22,-0.3541117092165914
1,2020-01-23,-0.3534283328217216
1,2020-01-24,-0.3526428138390873
1,2020-01-25,-0.35172569396838127
1,2020-01-26,-0.3506694343075932
1,2020-01-27,-0.34952753137894016
1,2020-01-28,-0.34829708518031627
1,2020-01-29,-0.34700025116008715
1,2020-01-30,-0.3456499529360278
1,2020-01-31,-0.34433198205625865
1,2020-02-01,-0.3431131367225776
1,2020-02-02,-0.34198470618350185
1,2020-02-03,-0.34096565290942504
1,2020-02-04,-0.34008712313915657
1,2020-02-05,-0.33930432822787343
1,2020-02-06,-0.33858221159482776
1,2020-02-07,-0.3379317995900137
1,2020-02-08,-0.33737503739913893
1,2020-02-09,-0.33693306841415954
1,2020-02-10,-0.3365979817809839
1,2020-02-11,-0.33636593908082335
1,2020-02-12,-0.3362409701899332
1,2020-02-13,-0.33619907687002076
1,2020-02-14,-0.3362069213266308
1,2020-02-15,-0.3362499121773026
1,2020-02-16,-0.3363785099649064
1,2020-02-17,-0.33663035517154594
1,2020-02-18,-0.33699322677936466
1,2020-02-19,-0.3374575320283536
1,2020-02-20,-0.33797548139262473
1,2020-02-21,-0.338441512508436
1,2020-02-22,-0.3388256812629829
1,2020-02-23,-0.3391457435796389
1,2020-02-24,-0.33940993903742817
1,2020-02-25,-0.33960327051593087
1,2020-02-26,-0.3396524963896829
1,2020-02-27,-0.33952042156501105
1,2020-02-28,-0.33920798819333464
1,2020-02-29,-0.33874783502587585
1,2020-03-01,-0.33814003649221513
1,2020-03-02,-0.3374113370092583
1,2020-03-03,-0.3366364504306729
1,2020-03-04,-0.33588378315970646
1,2020-03-05,-0.33518667112837
1,2020-03-06,-0.3345754415713053
1,2020-03-07,-0.3340573638879074
1,2020-03-08,-0.333620699704587
1,2020-03-09,-0.3332790675872428
1,2020-03-10,-0.33309261758495273
1,2020-03-11,-0.3331344761171513
1,2020-03-12,-0.3334434510020188
1,2020-03-13,-0.33401540505857846
1,2020-03-14,-0.33484602912797934
1,2020-03-15,-0.33589416158086577
1,2020-03-16,-0.33711792536073415
1,2020-03-17,-0.338521161469738
1,2020-03-18,-0.3401279080839028
1,2020-03-19,-0.3419834918093537
1,2020-03-20,-0.34408381637839236
1,2020-03-21,-0.3463939560514068
1,2020-03-22,-0.3488766868202132
1,2020-03-23,-0.3514986612646069
1,2020-03-24,-0.3542150655912176
1,2020-03-25,-0.3569996300788992
1,2020-03-26,-0.3598233557792296
1,2020-03-27,-0.3626509510083088
1,2020-03-28,-0.3654141276858281
1,2020-03-29,-0.36803218374676805
1,2020-03-30,-0.37040411261335177
1,2020-03-31,-0.3724774795608532
1,2020-04-01,-0.3743509419655504
1,2020-04-02,-0.37601820189043594
1,2020-04-03,-0.37737860266958106
1,2020-04-04,-0.37840975417072636
1,2020-04-05,-0.37901944754105105
1,2020-04-06,-0.37917158445034754
1,2020-04-07,-0.37883754036708545
1,2020-04-08,-0.3779693073081701
1,2020-04-09,-0.3764959062578327
1,2020-04-10,-0.3744045255104321
1,2020-04-11,-0.3717533866027562
1,2020-04-12,-0.36853294571629563
1,2020-04-13,-0.3645148219999587
1,2020-04-14,-0.3596020933703306
1,2020-04-15,-0.3538207682624889
1,2020-04-16,-0.3472333215909273
1,2020-04-17,-0.3399836483309144
1,2020-04-18,-0.3320253745520221
1,2020-04-19,-0.32317720257735094
1,2020-04-20,-0.3133211749291396
1,2020-04-21,-0.30248404642845494
1,2020-04-22,-0.2907358565302153
1,2020-04-23,-0.2781299243078743
1,2020-04-24,-0.26467882523751635
1,2020-04-25,-0.25028054650058995
1,2020-04-26,-0.23499833584213348
1,2020-04-27,-0.21891546446745658
1,2020-04-28,-0.20203979042441558
1,2020-04-29,-0.1844262842858943
1,2020-04-30,-0.16618295689066012
1,2020-05-01,-0.1472423100951469
1,2020-05-02,-0.12761257718016264
1,2020-05-03,-0.10752408620835686
1,2020-05-04,-0.08717729740074026
1,2020-05-05,-0.0667074328901361
1,2020-05-06,-0.04605401122208508
1,2020-05-07,-0.025213856277590208
1,2020-05-08,-0.0042055885495181754
1,2020-05-09,0.017070643699664153
1,2020-05-10,0.03840942867769925
1,2020-05-11,0.05961188482754716
1,2020-05-12,0.0805834974428491
1,2020-05-13,0.10137454925026651
1,2020-05-14,0.12196568120295691
1,2020-05-15,0.14213080222645647
1,2020-05-16,0.16148798071225248
1,2020-05-17,0.17980536873595837
1,2020-05-18,0.19712327264592355
1,2020-05-19,0.21359175652249288
1,2020-05-20,0.229221238582701
1,2020-05-21,0.24408004065288483
1,2020-05-22,0.2582513049220429
1,2020-05-23,0.27165493470417335
1,2020-05-24,0.28430706006108286
1,2020-05-25,0.2961333498168754
1,2020-05-26,0.30710521461940593
1,2020-05-27,0.31726296394264575
1,2020-05-28,0.32660942421251504
1,2020-05-29,0.33522833359436366
1,2020-05-30,0.34344936585611796
1,2020-05-31,0.3513142117262229
1,2020-06-01,0.35868109610379867
1,2020-06-02,0.3655578909820015
1,2020-06-03,0.3720047761616111
1,2020-06-04,0.37808360195248136
1,2020-06-05,0.38363424422157083
1,2020-06-06,0.38867137735336954
1,2020-06-07,0.3934565232910133
1,2020-06-08,0.3980467525333367
1,2020-06-09,0.402408363479165
1,2020-06-10,0.4066554786506261
1,2020-06-11,0.41089179037924267
1,2020-06-12,0.41487870352225775
1,2020-06-13,0.4185518849322717
1,2020-06-14,0.4219012203874821
1,2020-06-15,0.4249710038427817
1,2020-06-16,0.4277199728315002
1,2020-06-17,0.4301297505952895
1,2020-06-18,0.4322008611866228
1,2020-06-19,0.4339901043252592
1,2020-06-20,0.4354921269756405
1,2020-06-21,0.4366510669436164
1,2020-06-22,0.43745039310751843
1,2020-06-23,0.43794799271174506
1,2020-06-24,0.43813575684841016
1,2020-06-25,0.43800153590570695
1,2020-06-26,0.43769548664587093
1,2020-06-27,0.4372590030481521
1,2020-06-28,0.43671227474592345
1,2020-06-29,0.4360434190047489
1,2020-06-30,0.4352470853626125
1,2020-07-01,0.4343314674990214
1,2020-07-02,0.4333101911078216
1,2020-07-03,0.43216399522965976
1,2020-07-04,0.43083004021144095
1,2020-07-05,0.42931159451814643
1,2020-07-06,0.4276713142412014
1,2020-07-07,0.42589833138815697
1,2020-07-08,0.42397862422350036
1,2020-07-09,0.42188042998117
1,2020-07-10,0.4195503811753583
1,2020-07-11,0.41694912171037746
1,2020-07-12,0.414110487027474
1,2020-07-13,0.4110693703504615
1,2020-07-14,0.4077979883638134
1,2020-07-15,0.40424204164267274
1,2020-07-16,0.40039858124769184
1,2020-07-17,0.3962969147970908
1,2020-07-18,0.39197042991303394
1,2020-07-19,0.3874023555176617
1,2020-07-20,0.3826062794469683
1,2020-07-21,0.37762814401472666
1,2020-07-22,0.37243330578414596
1,2020-07-23,0.3669833573352761
1,2020-07-24,0.3612793129594644
1,2020-07-25,0.35535648302901746
1,2020-07-26,0.3492567088222722
1,2020-07-27,0.3430272371318893
1,2020-07-28,0.3367073213709862
1,2020-07-29,0.33032989599934265
1,2020-07-30,0.3239006641808138
1,2020-07-31,0.31742567115932974
1,2020-08-01,0.3109498269417972
1,2020-08-02,0.3045181100173864
1,2020-08-03,0.29814557684693127
1,2020-08-04,0.29184125239359726
1,2020-08-05,0.2856173058550206
1,2020-08-06,0.2794676384337705
1,2020-08-07,0.2733615899531851
1,2020-08-08,0.26728518592749195
1,2020-08-09,0.2612013024196686
1,2020-08-10,0.25509854432617296
1,2020-08-11,0.2489560074764124
1,2020-08-12,0.2427338118966752
1,2020-08-13,0.23636660285015143
1,2020-08-14,0.2298183773013927
1,2020-08-15,0.22311804900859825
1,2020-08-16,0.21623569375522078
1,2020-08-17,0.2091130808835597
1,2020-08-18,0.20171363259551983
1,2020-08-19,0.1940383829371473
1,2020-08-20,0.18609201982383664
1,2020-08-21,0.1778286129592134
1,2020-08-22,0.16918085096172047
1,2020-08-23,0.1600779140426349
1,2020-08-24,0.15051726615393832
1,2020-08-25,0.1405528451620936
1,2020-08-26,0.13019877751956935
1,2020-08-27,0.11944751154869872
1,2020-08-28,0.10835229405794533
1,2020-08-29,0.09690070589327938
1,2020-08-30,0.08504770493292822
1,2020-08-31,0.07277301676236485
1,2020-09-01,0.06013058982434369
1,2020-09-02,0.04720765554490655
1,2020-09-03,0.03404240055003242
1,2020-09-04,0.020655759233041648
1,2020-09-05,0.007082823189313221
1,2020-09-06,-0.006653928386657093
1,2020-09-07,-0.02057858116040737
1,2020-09-08,-0.03461055743284681
1,2020-09-09,-0.04863901932718317
1,2020-09-10,-0.06254823290040619
1,2020-09-11,-0.07638293535108191
1,2020-09-12,-0.09015754286080792
1,2020-09-13,-0.1037269643574828
1,2020-09-14,-0.11698382006714675
1,2020-09-15,-0.12994095277041254
1,2020-09-16,-0.14260355719576326
1,2020-09-17,-0.15490507553865393
1,2020-09-18,-0.16676015833449226
1,2020-09-19,-0.17819672282870566
1,2020-09-20,-0.1891511675981887
1,2020-09-21,-0.19956851622627936
1,2020-09-22,-0.20943978396721297
1,2020-09-23,-0.21875305798948225
1,2020-09-24,-0.22757142616316264
1,2020-09-25,-0.23593228348020248
1,2020-09-26,-0.2439014493334712
1,2020-09-27,-0.25153614896405135
1,2020-09-28,-0.2588783818112355
1,2020-09-29,-0.26593822479040485
1,2020-09-30,-0.2728255298876562
1,2020-10-01,-0.27956804107720845
1,2020-10-02,-0.28621684256664165
1,2020-10-03,-0.29268743033394307
1,2020-10-04,-0.29891538377139504
1,2020-10-05,-0.30479101878841464
1,2020-10-06,-0.31035609970795963
1,2020-10-07,-0.31571218330286144
1,2020-10-08,-0.3209090953510918
1,2020-10-09,-0.32595578774241607
1,2020-10-10,-0.33084578368267126
1,2020-10-11,-0.33556938387948176
1,2020-10-12,-0.3401495179959131
1,2020-10-13,-0.34456150051274687
1,2020-10-14,-0.34870174250615255
1,2020-10-15,-0.3526357639208843
1,2020-10-16,-0.35637975371170627
1,2020-10-17,-0.3599924488105328
1,2020-10-18,-0.3635769975244043
1,2020-10-19,-0.36721305632163975
1,2020-10-20,-0.3709280153072833
1,2020-10-21,-0.3747112349352989
1,2020-10-22,-0.3785828519970463
1,2020-10-23,-0.38245691398467135
1,2020-10-24,-0.3862164940957904
1,2020-10-25,-0.3900105969761237
1,2020-10-26,-0.39398209328496947
1,2020-10-27,-0.3981099197950122
1,2020-10-28,-0.4022972562293472
1,2020-10-29,-0.4063852695811803
1,2020-10-30,-0.4102904447831926
1,2020-10-31,-0.41408012126511917
1,2020-11-01,-0.41791068513742846
1,2020-11-02,-0.421817100216273
1,2020-11-03,-0.42565981967449035
1,2020-11-04,-0.4292177096428798
1,2020-11-05,-0.4323984182831701
1,2020-11-06,-0.4351772097751228
1,2020-11-07,-0.43760710907938755
1,2020-11-08,-0.43966837501870326
1,2020-11-09,-0.4414102318993966
1,2020-11-10,-0.44296601173461964
1,2020-11-11,-0.4443922325815149
1,2020-11-12,-0.44575641722720427
1,2020-11-13,-0.447100088724858
1,2020-11-14,-0.4483726071021552
1,2020-11-15,-0.4495259354120476
1,2020-11-16,-0.45057486887165327
1,2020-11-17,-0.45150354564900996
1,2020-11-18,-0.45226293878504825
1,2020-11-19,-0.4527363308847269
1,2020-11-20,-0.45301292511229474
1,2020-11-21,-0.45320614707807116
1,2020-11-22,-0.45323842323577995
1,2020-11-23,-0.4530953816234465
1,2020-11-24,-0.45281270597456125
1,2020-11-25,-0.45239129385258176
1,2020-11-26,-0.45177298794450443
1,2020-11-27,-0.4508319229088544
1,2020-11-28,-0.4495127974663169
1,2020-11-29,-0.4478020347704496
1,2020-11-30,-0.4457155111242938
1,2020-12-01,-0.4434104700965853
1,2020-12-02,-0.4409896611519458
1,2020-12-03,-0.43849484119806476
1,2020-12-04,-0.43587944784567945
1,2020-12-05,-0.4330726373500564
1,2020-12-06,-0.43006948057525385
1,2020-12-07,-0.42691591859996614
1,2020-12-08,-0.4236349369500269
1,2020-12-09,-0.4202759634707262
1,2020-12-10,-0.41687696448794964
1,2020-12-11,-0.4134736395044642
1,2020-12-12,-0.4100367216499173
1,2020-12-13,-0.406561266491388
1,2020-12-14,-0.40305318459968176
1,2020-12-15,-0.39958029259837496
1,2020-12-16,-0.396235675995708
1,2020-12-17,-0.39299965497809675
1,2020-12-18,-0.3898338257201117
1,2020-12-19,-0.3867377283401619
1,2020-12-20,-0.3837278018072488
1,2020-12-21,-0.38080202112912825
1,2020-12-22,-0.3779224008383474
1,2020-12-23,-0.3750556635130443
1,2020-12-24,-0.3721969763502927
1,2020-12-25,-0.36933880441492545
1,2020-12-26,-0.36649445211518705
1,2020-12-27,-0.3637923877865961
1,2020-12-28,-0.36133356644044085
1,2020-12-29,-0.35916749867926157
1,2020-12-30,-0.35728067577802824
1,2020-12-31,-0.3569828544856339
1,2021-01-01,-0.35529603058971054
1,2021-01-02,-0.35393376036093405
1,2021-01-03,-0.3528383395792763
1,2021-01-04,-0.3519808063382433
1,2021-01-05,-0.3513540910530131
1,2021-01-06,-0.3509352336639432
1,2021-01-07,-0.3507175905988478
1,2021-01-08,-0.3507232271089257
1,2021-01-09,-0.3510705788218392
1,2021-01-10,-0.35165455606380736
1,2021-01-11,-0.3523949568820684
1,2021-01-12,-0.35318017332283796
1,2021-01-13,-0.3539734473812712
1,2021-01-14,-0.35480111478811116
1,2021-01-15,NA
1,2021-01-16,NA
1,2021-01-17,NA
1,2021-01-18,NA
1,2021-01-19,NA
1,2021-01-20,NA
1,2021-01-21,NA
1,2021-01-22,NA
1,2021-01-23,NA
1,2021-01-24,NA
1,2021-01-25,NA
1,2021-01-26,NA
1,2021-01-27,NA
1,2021-01-28,NA
1,2021-01-29,NA
1,2021-01-30,NA
1,2021-01-31,NA
1,2021-02-01,NA
1,2021-02-02,NA
1,2021-02-03,NA
1,2021-02-04,NA
1,2021-02-05,NA
1,2021-02-06,NA
1,2021-02-07,NA
1,2021-02-08,NA
1,2021-02-09,NA
1,2021-02-10,NA
1,2021-02-11,NA
1,2021-02-12,NA
1,2021-02-13,NA
1,2021-02-14,NA
1,2021-02-15,NA
1,2021-02-16,NA
1,2021-02-17,NA
1,2021-02-18,NA
1,2021-02-19,NA
1,2021-02-20,NA
1,2021-02-21,NA
1,2021-02-22,NA
1,2021-02-23,NA
1,2021-02-24,NA
1,2021-02-25,NA
1,2021-02-26,NA
1,2021-02-27,NA
1,2021-02-28,NA
1,2021-03-01,NA
1,2021-03-02,NA
1,2021-03-03,NA
1,2021-03-04,NA
1,2021-03-05,NA
1,2021-03-06,NA
1,2021-03-07,NA
1,2021-03-08,NA
1,2021-03-09,NA
1,2021-03-10,NA
1,2021-03-11,NA
1,2021-03-12,NA
1,2021-03-13,NA
1,2021-03-14,NA
1,2021-03-15,NA
1,2021-03-16,NA
1,2021-03-17,NA
1,2021-03-18,NA
1,2021-03-19,NA
1,2021-03-20,NA
1,2021-03-21,NA
1,2021-03-22,NA
1,2021-03-23,NA
1,2021-03-24,NA
1,2021-03-25,NA
1,2021-03-26,NA
1,2021-03-27,NA
1,2021-03-28,NA
1,2021-03-29,NA
1,2021-03-30,NA
1,2021-03-31,NA
1,2021-04-01,NA
1,2021-04-02,NA
1,2021-04-03,NA
1,2021-04-04,NA
1,2021-04-05,NA
1,2021-04-06,NA
1,2021-04-07,NA
1,2021-04-08,NA
1,2021-04-09,NA
1,2021-04-10,NA
1,2021-04-11,NA
1,2021-04-12,NA
1,2021-04-13,NA
1,2021-04-14,NA
1,2021-04-15,NA
1,2021-04-16,NA
1,2021-04-17,NA
1,2021-04-18,NA
1,2021-04-19,NA
1,2021-04-20,NA
1,2021-04-21,NA
1,2021-04-22,NA
1,2021-04-23,NA
1,2021-04-24,NA
1,2021-04-25,NA
1,2021-04-26,NA
1,2021-04-27,NA
1,2021-04-28,NA
1,2021-04-29,NA
1,2021-04-30,NA
1,2021-05-01,NA
1,2021-05-02,NA
1,2021-05-03,NA
1,2021-05-04,NA
1,2021-05-05,NA
1,2021-05-06,NA
1,2021-05-07,NA
1,2021-05-08,NA
1,2021-05-09,NA
1,2021-05-10,NA
1,2021-05-11,NA
1,2021-05-12,NA
1,2021-05-13,NA
1,2021-05-14,NA
1,2021-05-15,NA
1,2021-05-16,NA
1,2021-05-17,NA
1,2021-05-18,NA
1,2021-05-19,NA
1,2021-05-20,NA
1,2021-05-21,NA
1,2021-05-22,NA
1,2021-05-23,NA
1,2021-05-24,NA
1,2021-05-25,NA
1,2021-05-26,NA
1,2021-05-27,NA
1,2021-05-28,NA
1,2021-05-29,NA
1,2021-05-30,NA
1,2021-05-31,NA
1,2021-06-01,NA
1,2021-06-02,NA
1,2021-06-03,NA
1,2021-06-04,NA
1,2021-06-05,NA
1,2021-06-06,NA
1,2021-06-07,NA
1,2021-06-08,NA
1,2021-06-09,NA
1,2021-06-10,NA
1,2021-06-11,NA
1,2021-06-12,NA
1,2021-06-13,NA
1,2021-06-14,NA
1,2021-06-15,NA
1,2021-06-16,NA
1,2021-06-17,NA
1,2021-06-18,NA
1,2021-06-19,NA
1,2021-06-20,NA
1,2021-06-21,NA
1,2021-06-22,NA
1,2021-06-23,NA
1,2021-06-24,NA
1,2021-06-25,NA
1,2021-06-26,NA
1,2021-06-27,NA
1,2021-06-28,NA
1,2021-06-29,NA
1,2021-06-30,NA
1,2021-07-01,NA
1,2021-07-02,NA
1,2021-07-03,NA
1,2021-07-04,NA
1,2021-07-05,NA
1,2021-07-06,NA
1,2021-07-07,NA
1,2021-07-08,NA
1,2021-07-09,NA
1,2021-07-10,NA
1,2021-07-11,NA
1,2021-07-12,NA
1,2021-07-13,NA
1,2021-07-14,NA
1,2021-07-15,NA
1,2021-07-16,NA
1,2021-07-17,NA
1,2021-07-18,NA
1,2021-07-19,NA
1,2021-07-20,NA
1,2021-07-21,NA
1,2021-07-22,NA
1,2021-07-23,NA
1,2021-07-24,NA
1,2021-07-25,NA
1,2021-07-26,NA
1,2021-07-27,NA
1,2021-07-28,NA
1,2021-07-29,NA
1,2021-07-30,NA
1,2021-07-31,NA
1,2021-08-01,NA
1,2021-08-02,NA
1,2021-08-03,NA
1,2021-08-04,NA
1,2021-08-05,NA
1,2021-08-06,NA
1,2021-08-07,NA
1,2021-08-08,NA
1,2021-08-09,NA
1,2021-08-10,NA
1,2021-08-11,NA
1,2021-08-12,NA
1,2021-08-13,NA
1,2021-08-14,NA
1,2021-08-15,NA
1,2021-08-16,NA
1,2021-08-17,NA
1,2021-08-18,NA
1,2021-08-19,NA
1,2021-08-20,NA
1,2021-08-21,NA
1,2021-08-22,NA
1,2021-08-23,NA
1,2021-08-24,NA
1,2021-08-25,NA
1,2021-08-26,NA
1,2021-08-27,NA
1,2021-08-28,NA
1,2021-08-29,NA
1,2021-08-30,NA
1,2021-08-31,NA
1,2021-09-01,NA
1,2021-09-02,NA
1,2021-09-03,NA
1,2021-09-04,NA
1,2021-09-05,NA
1,2021-09-06,NA
1,2021-09-07,NA
1,2021-09-08,NA
1,2021-09-09,NA
1,2021-09-10,NA
1,2021-09-11,NA
1,2021-09-12,NA
1,2021-09-13,NA
1,2021-09-14,NA
1,2021-09-15,NA
1,2021-09-16,NA
1,2021-09-17,NA
1,2021-09-18,NA
1,2021-09-19,NA
1,2021-09-20,NA
1,2021-09-21,NA
1,2021-09-22,NA
1,2021-09-23,NA
1,2021-09-24,NA
1,2021-09-25,NA
1,2021-09-26,NA
1,2021-09-27,NA
1,2021-09-28,NA
1,2021-09-29,NA
1,2021-09-30,NA
1,2021-10-01,NA
1,2021-10-02,NA
1,2021-10-03,NA
1,2021-10-04,NA
1,2021-10-05,NA
1,2021-10-06,NA
1,2021-10-07,NA
1,2021-10-08,NA
1,2021-10-09,NA
1,2021-10-10,NA
1,2021-10-11,NA
1,2021-10-12,NA
1,2021-10-13,NA
1,2021-10-14,NA
1,2021-10-15,NA
1,2021-10-16,NA
1,2021-10-17,NA
1,2021-10-18,NA
1,2021-10-19,NA
1,2021-10-20,NA
1,2021-10-21,NA
1,2021-10-22,NA
1,2021-10-23,NA
1,2021-10-24,NA
1,2021-10-25,NA
1,2021-10-26,NA
1,2021-10-27,NA
1,2021-10-28,NA
1,2021-10-29,NA
1,2021-10-30,NA
1,2021-10-31,NA
1,2021-11-01,NA
1,2021-11-02,NA
1,2021-11-03,NA
1,2021-11-04,NA
1,2021-11-05,NA
1,2021-11-06,NA
1,2021-11-07,NA
1,2021-11-08,NA
1,2021-11-09,NA
1,2021-11-10,NA
1,2021-11-11,NA
1,2021-11-12,NA
1,2021-11-13,NA
1,2021-11-14,NA
1,2021-11-15,NA
1,2021-11-16,NA
1,2021-11-17,NA
1,2021-11-18,NA
1,2021-11-19,NA
1,2021-11-20,NA
1,2021-11-21,NA
1,2021-11-22,NA
1,2021-11-23,NA
1,2021-11-24,NA
1,2021-11-25,NA
1,2021-11-26,NA
1,2021-11-27,NA
1,2021-11-28,NA
1,2021-11-29,NA
1,2021-11-30,NA
1,2021-12-01,NA
1,2021-12-02,NA
1,2021-12-03,NA
1,2021-12-04,NA
1,2021-12-05,NA
1,2021-12-06,NA
1,2021-12-07,NA
1,2021-12-08,NA
1,2021-12-09,NA
1,2021-12-10,NA
1,2021-12-11,NA
1,2021-12-12,NA
1,2021-12-13,NA
1,2021-12-14,NA
1,2021-12-15,NA
1,2021-12-16,NA
1,2021-12-17,NA
1,2021-12-18,NA
1,2021-12-19,NA
1,2021-12-20,NA
1,2021-12-21,NA
1,2021-12-22,NA
1,2021-12-23,NA
1,2021-12-24,NA
1,2021-12-25,NA
1,2021-12-26,NA
1,2021-12-27,NA
1,2021-12-28,NA
1,2021-12-29,NA
1,2021-12-30,NA
1,2021-12-31,NA
1,2022-01-01,NA
1,2022-01-02,NA
1,2022-01-03,NA
1,2022-01-04,NA
1,2022-01-05,NA
1,2022-01-06,NA
1,2022-01-07,NA
1,2022-01-08,NA
1,2022-01-09,NA
1,2022-01-10,NA
1,2022-01-11,NA
1,2022-01-12,NA
1,2022-01-13,NA
1,2022-01-14,NA
1,2022-01-15,NA
1,2022-01-16,NA
1,2022-01-17,NA
1,2022-01-18,NA
1,2022-01-19,NA
1,2022-01-20,NA
1,2022-01-21,NA
1,2022-01-22,NA
1,2022-01-23,NA
1,2022-01-24,NA
1,2022-01-25,NA
1,2022-01-26,NA
1,2022-01-27,NA
