site,date,value
1,2012-12-31,0.004122047413404519
1,2013-01-02,0.004120154144690611
1,2013-01-03,0.004118929015242332
1,2013-01-04,0.00411775140735322
1,2013-01-05,0.0041168828021565275
1,2013-01-06,0.00411643253723808
1,2013-01-07,0.004116309690882076
1,2013-01-08,0.004116732108037296
1,2013-01-09,0.004117763707593088
1,2013-01-10,0.0041193385545012125
1,2013-01-11,0.004121044481946817
1,2013-01-12,0.004122376942400228
1,2013-01-13,0.004123066404436066
1,2013-01-14,0.0041234669190565836
1,2013-01-15,0.004123822944584996
1,2013-01-16,0.0041246043362129815
1,2013-01-17,0.004125749773695651
1,2013-01-18,0.004127165532632138
1,2013-01-19,0.004128926986656619
1,2013-01-20,0.0041309599365455425
1,2013-01-21,0.004132853101531369
1,2013-01-22,0.004134526508066148
1,2013-01-23,0.004136381807092585
1,2013-01-24,0.00413876713022281
1,2013-01-25,0.00414134696719182
1,2013-01-26,0.004143607469147024
1,2013-01-27,0.004145460952361426
1,2013-01-28,0.0041466553306885486
1,2013-01-29,0.0041467074414732776
1,2013-01-30,0.0041457241513271036
1,2013-01-31,0.004144004292779776
1,2013-02-01,0.004142360359996575
1,2013-02-02,0.004140459623455276
1,2013-02-03,0.0041381820331667755
1,2013-02-04,0.004135833467755905
1,2013-02-05,0.004133467018551409
1,2013-02-06,0.004131643745126864
1,2013-02-07,0.004130631506174671
1,2013-02-08,0.004130649716371653
1,2013-02-09,0.0041314930805086865
1,2013-02-10,0.0041328114953852295
1,2013-02-11,0.00413423476215689
1,2013-02-12,0.00413537204154903
1,2013-02-13,0.004136303457732447
1,2013-02-14,0.004136986432963018
1,2013-02-15,0.004138021664761484
1,2013-02-16,0.0041396135508255695
1,2013-02-17,0.00414130822263593
1,2013-02-18,0.004142930689089306
1,2013-02-19,0.004144186329853614
1,2013-02-20,0.0041453946358993195
1,2013-02-21,0.004146765735321408
1,2013-02-22,0.004147799406047269
1,2013-02-23,0.00414845552332611
1,2013-02-24,0.0041489373308265486
1,2013-02-25,0.004149673940124287
1,2013-02-26,0.004150481834695557
1,2013-02-27,0.00415144695135616
1,2013-02-28,0.004152455849935125
1,2013-03-01,0.004153174584966484
1,2013-03-02,0.004153419608201089
1,2013-03-03,0.004153245180047404
1,2013-03-04,0.004153161961772813
1,2013-03-05,0.004153202695088006
1,2013-03-06,0.004153104108111611
1,2013-03-07,0.004152783240995179
1,2013-03-08,0.004151484994882212
1,2013-03-09,0.004149203490327196
1,2013-03-10,0.004145877389535552
1,2013-03-11,0.004141498590059401
1,2013-03-12,0.004136202197166778
1,2013-03-13,0.004130584731904443
1,2013-03-14,0.0041251057023083786
1,2013-03-15,0.004119756605668396
1,2013-03-16,0.00411482268098912
1,2013-03-17,0.0041104707242420775
1,2013-03-18,0.004106608504777332
1,2013-03-19,0.004102876160810561
1,2013-03-20,0.004099335215963954
1,2013-03-21,0.004096547234728385
1,2013-03-22,0.004094818664811182
1,2013-03-23,0.004093963271998017
1,2013-03-24,0.004093840574112367
1,2013-03-25,0.00409419496651672
1,2013-03-26,0.00409457251721412
1,2013-03-27,0.00409483546847025
1,2013-03-28,0.004095022281251078
1,2013-03-29,0.00409531500023522
1,2013-03-30,0.004095936555885662
1,2013-03-31,0.0040965767893697234
1,2013-04-01,0.004096690362871806
1,2013-04-02,0.004095747836714351
1,2013-04-03,0.004093835030317985
1,2013-04-04,0.004091425344914145
1,2013-04-05,0.004088820435978354
1,2013-04-06,0.004085999955896719
1,2013-04-07,0.004083160190502127
1,2013-04-08,0.004080277483044178
1,2013-04-09,0.004077578109330165
1,2013-04-10,0.004075405313550776
1,2013-04-11,0.004073957813648752
1,2013-04-12,0.0040732514391866766
1,2013-04-13,0.0040731733749853095
1,2013-04-14,0.004073507934265374
1,2013-04-15,0.004073674140320723
1,2013-04-16,0.004073593105530505
1,2013-04-17,0.004073697117626136
1,2013-04-18,0.004074368240917909
1,2013-04-19,0.004075238597399392
1,2013-04-20,0.004076091436969773
1,2013-04-21,0.004076941612569131
1,2013-04-22,0.004077852766571206
1,2013-04-23,0.004078971333386094
1,2013-04-24,0.004080346173852955
1,2013-04-25,0.0040820019893756145
1,2013-04-26,0.004083824778125033
1,2013-04-27,0.004085437203105901
1,2013-04-28,0.00408661035721972
1,2013-04-29,0.004087384381870247
1,2013-04-30,0.004087849026806988
1,2013-05-01,0.004088395609699102
1,2013-05-02,0.004089353751594391
1,2013-05-03,0.004090565051416733
1,2013-05-04,0.004091755251082244
1,2013-05-05,0.004092601273606274
1,2013-05-06,0.0040931312826300685
1,2013-05-07,0.004093398942622329
1,2013-05-08,0.004093681243844776
1,2013-05-09,0.004093973680298155
1,2013-05-10,0.0040945222128682575
1,2013-05-11,0.0040952545586832555
1,2013-05-12,0.004095456599460024
1,2013-05-13,0.004095145158967372
1,2013-05-14,0.004094550197063392
1,2013-05-15,0.004094299975346518
1,2013-05-16,0.004094818503440404
1,2013-05-17,0.004095832764526481
1,2013-05-18,0.004097258560358103
1,2013-05-19,0.0040989492410496466
1,2013-05-20,0.004101028017499415
1,2013-05-21,0.004103307392109731
1,2013-05-22,0.004105516424793263
1,2013-05-23,0.004107399449520637
1,2013-05-24,0.004108957769119213
1,2013-05-25,0.004110316582073798
1,2013-05-26,0.0041113271138287465
1,2013-05-27,0.004112292898587808
1,2013-05-28,0.004113088884669363
1,2013-05-29,0.004113753088691208
1,2013-05-30,0.004114354459106909
1,2013-05-31,0.004114606101612007
1,2013-06-01,0.0041143819518912085
1,2013-06-02,0.00411370197088325
1,2013-06-03,0.004112402163503035
1,2013-06-04,0.004110294874231622
1,2013-06-05,0.004107961297145236
1,2013-06-06,0.004105726310245337
1,2013-06-07,0.004103594993985011
1,2013-06-08,0.0041017201840206595
1,2013-06-09,0.00410002167606054
1,2013-06-10,0.004098268574287491
1,2013-06-11,0.004096046690329789
1,2013-06-12,0.004093727313526013
1,2013-06-13,0.00409225519608605
1,2013-06-14,0.004092040953049939
1,2013-06-15,0.004092954319832597
1,2013-06-16,0.004094690070273247
1,2013-06-17,0.004096463239491203
1,2013-06-18,0.004097323301962805
1,2013-06-19,0.004097373514612954
1,2013-06-20,0.004097276234784623
1,2013-06-21,0.004097255590282154
1,2013-06-22,0.004097241795393922
1,2013-06-23,0.004097078742533022
1,2013-06-24,0.004096215334101785
1,2013-06-25,0.004094462595853641
1,2013-06-26,0.004092507435391451
1,2013-06-27,0.004091183572788388
1,2013-06-28,0.004090772122817946
1,2013-06-29,0.004091140427320065
1,2013-06-30,0.004091987864679913
1,2013-07-01,0.004093189405102771
1,2013-07-02,0.004094150567200961
1,2013-07-03,0.004095056507084093
1,2013-07-04,0.0040963718519372826
1,2013-07-05,0.004097822832702092
1,2013-07-06,0.0040988124867315755
1,2013-07-07,0.0040987407006106945
1,2013-07-08,0.004096777594632565
1,2013-07-09,0.004093238288087397
1,2013-07-10,0.004089720933927569
1,2013-07-11,0.004087436765918943
1,2013-07-12,0.004086255497836307
1,2013-07-13,0.004085999621801447
1,2013-07-14,0.004086445729759181
1,2013-07-15,0.004087272874797879
1,2013-07-16,0.0040880183078273145
1,2013-07-17,0.0040885897608709705
1,2013-07-18,0.004089214568995022
1,2013-07-19,0.004090038953895692
1,2013-07-20,0.004090843913114223
1,2013-07-21,0.004091628551145077
1,2013-07-22,0.00409217098121158
1,2013-07-23,0.004092076295139812
1,2013-07-24,0.004091581038611337
1,2013-07-25,0.004091049980106124
1,2013-07-26,0.004090555237585804
1,2013-07-27,0.004090264504957097
1,2013-07-28,0.004090028384822957
1,2013-07-29,0.004089865867085488
1,2013-07-30,0.004089766035624009
1,2013-07-31,0.004090057738830925
1,2013-08-01,0.004090677699820865
1,2013-08-02,0.004091611609817764
1,2013-08-03,0.0040928396331091806
1,2013-08-04,0.004094118682705792
1,2013-08-05,0.004095502510606166
1,2013-08-06,0.004096985917905447
1,2013-08-07,0.004098719214568575
1,2013-08-08,0.004100729322361937
1,2013-08-09,0.004103010366938508
1,2013-08-10,0.004105424714669657
1,2013-08-11,0.004107589966278951
1,2013-08-12,0.004109352092708938
1,2013-08-13,0.0041103918238928165
1,2013-08-14,0.004110626719829685
1,2013-08-15,0.004110126708471055
1,2013-08-16,0.004109247930510488
1,2013-08-17,0.00410829581296825
1,2013-08-18,0.004106982446155347
1,2013-08-19,0.004105368911486138
1,2013-08-20,0.004103742934506247
1,2013-08-21,0.004102564764930112
1,2013-08-22,0.004101950196511609
1,2013-08-23,0.0041017832464102615
1,2013-08-24,0.0041019908019464014
1,2013-08-25,0.004102581494713823
1,2013-08-26,0.004103157897856025
1,2013-08-27,0.004103249056712863
1,2013-08-28,0.004103146884405207
1,2013-08-29,0.004103215567878928
1,2013-08-30,0.004103250871535968
1,2013-08-31,0.004103116358975981
1,2013-09-01,0.004102756299830732
1,2013-09-02,0.004101661479955023
1,2013-09-03,0.0040996341472402074
1,2013-09-04,0.004097316610320544
1,2013-09-05,0.004095916129064504
1,2013-09-06,0.004096125203906748
1,2013-09-07,0.004097926742797301
1,2013-09-08,0.004101015124121771
1,2013-09-09,0.004104673377993324
1,2013-09-10,0.004107624055532871
1,2013-09-11,0.00410948645978013
1,2013-09-12,0.004110580958512914
1,2013-09-13,0.004111115964031454
1,2013-09-14,0.004111102355476268
1,2013-09-15,0.004110437340828114
1,2013-09-16,0.004108581294310808
1,2013-09-17,0.004105117296815338
1,2013-09-18,0.00410081385454009
1,2013-09-19,0.004096546863196365
1,2013-09-20,0.004092973070323445
1,2013-09-21,0.004090369936104846
1,2013-09-22,0.004088691419705682
1,2013-09-23,0.004087721109546399
1,2013-09-24,0.004087025301914415
1,2013-09-25,0.0040863366304696
1,2013-09-26,0.004085875581976362
1,2013-09-27,0.004085935847051896
1,2013-09-28,0.0040862489172525
1,2013-09-29,0.0040863585231855105
1,2013-09-30,0.004086149802875309
1,2013-10-01,0.004085590912052416
1,2013-10-02,0.004085082449907681
1,2013-10-03,0.004084924031199141
1,2013-10-04,0.004085214128034701
1,2013-10-05,0.0040860701817350305
1,2013-10-06,0.00408741348189599
1,2013-10-07,0.004089224415590145
1,2013-10-08,0.004091289819533914
1,2013-10-09,0.004093280454066966
1,2013-10-10,0.004095117368252129
1,2013-10-11,0.004096487594921993
1,2013-10-12,0.004097061446508458
1,2013-10-13,0.004096788945804144
1,2013-10-14,0.004095898999484756
1,2013-10-15,0.004094617232246082
1,2013-10-16,0.004093215858850054
1,2013-10-17,0.0040918543422475175
1,2013-10-18,0.004090563313052856
1,2013-10-19,0.004089427508983338
1,2013-10-20,0.004088332002170344
1,2013-10-21,0.00408744645125254
1,2013-10-22,0.004086893850175525
1,2013-10-23,0.004086716754711502
1,2013-10-24,0.0040871888262003254
1,2013-10-25,0.004088341958983287
1,2013-10-26,0.004089730202126062
1,2013-10-27,0.004090855944303588
1,2013-10-28,0.004091857611355148
1,2013-10-29,0.004092810728920603
1,2013-10-30,0.004093956351184858
1,2013-10-31,0.004095657731507708
1,2013-11-01,0.004098032541427158
1,2013-11-02,0.0041008540546959606
1,2013-11-03,0.004103867384462365
1,2013-11-04,0.0041067959749071965
1,2013-11-05,0.004109412813281973
1,2013-11-06,0.004111546187247784
1,2013-11-07,0.004113037563651559
1,2013-11-08,0.00411376096571851
1,2013-11-09,0.004113896687539208
1,2013-11-10,0.0041134372200978715
1,2013-11-11,0.0041125748361736485
1,2013-11-12,0.004111620740300897
1,2013-11-13,0.004110923101278748
1,2013-11-14,0.004110510751430537
1,2013-11-15,0.0041103994062049835
1,2013-11-16,0.0041105474550694986
1,2013-11-17,0.004110990057698136
1,2013-11-18,0.00411157787861836
1,2013-11-19,0.004112170460301826
1,2013-11-20,0.004112539302497376
1,2013-11-21,0.0041124542158140105
1,2013-11-22,0.004111621938231561
1,2013-11-23,0.004109844403265003
1,2013-11-24,0.004107170178258183
1,2013-11-25,0.0041039176964970635
1,2013-11-26,0.004100306003592635
1,2013-11-27,0.00409675671888891
1,2013-11-28,0.0040936016685913824
1,2013-11-29,0.004091242471646283
1,2013-11-30,0.004089859134614935
1,2013-12-01,0.004089418174495988
1,2013-12-02,0.004089538675602387
1,2013-12-03,0.004089656361644687
1,2013-12-04,0.004089555172851481
1,2013-12-05,0.004089491063495505
1,2013-12-06,0.004089638112188165
1,2013-12-07,0.004090021358482052
1,2013-12-08,0.004090464518749174
1,2013-12-09,0.004090643137568784
1,2013-12-10,0.004090423019767562
1,2013-12-11,0.004090171534844537
1,2013-12-12,0.004090301795344951
1,2013-12-13,0.004090976456671589
1,2013-12-14,0.004092179380146579
1,2013-12-15,0.004093782835237949
1,2013-12-16,0.004095940625190687
1,2013-12-17,0.0040986857417207485
1,2013-12-18,0.004101569898193661
1,2013-12-19,0.004104568633293861
1,2013-12-20,0.0041075065834381246
1,2013-12-21,0.00410930717763686
1,2013-12-22,0.004109422137615167
1,2013-12-23,0.0041083920784301085
1,2013-12-24,0.004106844917293202
1,2013-12-25,0.004105324501417849
1,2013-12-26,0.0041038641166427255
1,2013-12-27,0.00410254417075372
1,2013-12-28,0.004101151489820102
1,2013-12-29,0.0040998216975709455
1,2013-12-30,0.004098673102454323
1,2013-12-31,0.004097818225862502
1,2014-01-01,0.0040973214810410795
1,2014-01-02,0.004097514768010669
1,2014-01-03,0.004098598353628646
1,2014-01-04,0.004100032834666981
1,2014-01-05,0.004101264681376466
1,2014-01-06,0.00410217284059897
1,2014-01-07,0.004102924717028503
1,2014-01-08,0.004103877108867445
1,2014-01-09,0.0041048094042118
1,2014-01-10,0.0041056155285502695
1,2014-01-11,0.004106328889822774
1,2014-01-12,0.004106737373049018
1,2014-01-13,0.0041066010455267955
1,2014-01-14,0.0041061443731621565
1,2014-01-15,0.004105640974572448
1,2014-01-16,0.004105922153639013
1,2014-01-17,0.004107085818938597
1,2014-01-18,0.004108677378068592
1,2014-01-19,0.004110246445026302
1,2014-01-20,0.004111467372791982
1,2014-01-21,0.004112119379956345
1,2014-01-22,0.004112076928373298
1,2014-01-23,0.004111609280483482
1,2014-01-24,0.004111090367874142
1,2014-01-25,0.004110967770911422
1,2014-01-26,0.004111448217070723
1,2014-01-27,0.004112411490805264
1,2014-01-28,0.004113801078211705
1,2014-01-29,0.0041157577543551906
1,2014-01-30,0.0041179896137553025
1,2014-01-31,0.004119633240698532
1,2014-02-01,0.004120325419533607
1,2014-02-02,0.004120253351614384
1,2014-02-03,0.004119695041220544
1,2014-02-04,0.004118990133637871
1,2014-02-05,0.004118245519800872
1,2014-02-06,0.004117457092233556
1,2014-02-07,0.004116904202596621
1,2014-02-08,0.004117158117620836
1,2014-02-09,0.004117979701048668
1,2014-02-10,0.004119168544849724
1,2014-02-11,0.0041207089227663675
1,2014-02-12,0.004122515037231957
1,2014-02-13,0.004124524756546889
1,2014-02-14,0.004126454201855163
1,2014-02-15,0.004127358012332546
1,2014-02-16,0.004126985113001868
1,2014-02-17,0.004125918792875365
1,2014-02-18,0.0041245119801248155
1,2014-02-19,0.00412281222419884
1,2014-02-20,0.004120891242392125
1,2014-02-21,0.0041191014811782466
1,2014-02-22,0.004117745367207274
1,2014-02-23,0.004117372671438458
1,2014-02-24,0.004118066566689008
1,2014-02-25,0.004119775743434969
1,2014-02-26,0.004122485633998672
1,2014-02-27,0.004125931793479778
1,2014-02-28,0.004129655137458863
1,2014-03-01,0.004132874115131604
1,2014-03-02,0.004135279037730689
1,2014-03-03,0.004136883135311371
1,2014-03-04,0.004138030171167737
1,2014-03-05,0.0041391585767599735
1,2014-03-06,0.0041399349299050155
1,2014-03-07,0.0041400641005726845
1,2014-03-08,0.0041394336389038895
1,2014-03-09,0.0041373042690221774
1,2014-03-10,0.004133665088628103
1,2014-03-11,0.004128802673004462
1,2014-03-12,0.004123120513424335
1,2014-03-13,0.004117888874953925
1,2014-03-14,0.004113804765132675
1,2014-03-15,0.004110443027427548
1,2014-03-16,0.004107419760273814
1,2014-03-17,0.004104530138721998
1,2014-03-18,0.0041016637884150366
1,2014-03-19,0.004098922306060213
1,2014-03-20,0.004096206257350136
1,2014-03-21,0.0040936483576384484
1,2014-03-22,0.00409155455664988
1,2014-03-23,0.004090168736362861
1,2014-03-24,0.004089712607270441
1,2014-03-25,0.004090475675419331
1,2014-03-26,0.004092551920093553
1,2014-03-27,0.004095888722338858
1,2014-03-28,0.004099684684971221
1,2014-03-29,0.004103229708874768
1,2014-03-30,0.004105983889987352
1,2014-03-31,0.0041076472134252105
1,2014-04-01,0.004108110772912527
1,2014-04-02,0.004107489436031401
1,2014-04-03,0.004105617830427708
1,2014-04-04,0.004102955473136782
1,2014-04-05,0.004100215092354722
1,2014-04-06,0.004097517897835159
1,2014-04-07,0.004094803074748101
1,2014-04-08,0.004092278284089913
1,2014-04-09,0.004090086250155427
1,2014-04-10,0.004088637034897837
1,2014-04-11,0.004088208506457237
1,2014-04-12,0.004088395069687053
1,2014-04-13,0.004088668637060585
1,2014-04-14,0.004088797761767602
1,2014-04-15,0.00408854851576285
1,2014-04-16,0.004087676961035017
1,2014-04-17,0.0040862656113975875
1,2014-04-18,0.004084955673340735
1,2014-04-19,0.004084202299372775
1,2014-04-20,0.004084389889017697
1,2014-04-21,0.004085080392112233
1,2014-04-22,0.004085872619187681
1,2014-04-23,0.004086437474742504
1,2014-04-24,0.004087073352752466
1,2014-04-25,0.00408823141971287
1,2014-04-26,0.0040902029083104315
1,2014-04-27,0.004092623118309911
1,2014-04-28,0.004095185582974083
1,2014-04-29,0.004097739836456119
1,2014-04-30,0.004100360294364124
1,2014-05-01,0.004103263070634567
1,2014-05-02,0.0041062022655072965
1,2014-05-03,0.004109138696359437
1,2014-05-04,0.004111657563559964
1,2014-05-05,0.004113877328656323
1,2014-05-06,0.004115919137624904
1,2014-05-07,0.004117309949693029
1,2014-05-08,0.004117726097452135
1,2014-05-09,0.004117060625444192
1,2014-05-10,0.0041145692771187604
1,2014-05-11,0.004110496807103566
1,2014-05-12,0.004106031435549152
1,2014-05-13,0.004102350117269778
1,2014-05-14,0.004099921043303433
1,2014-05-15,0.004098694024434833
1,2014-05-16,0.004098321373735215
1,2014-05-17,0.004098619112864705
1,2014-05-18,0.004099670807434414
1,2014-05-19,0.004101605699462097
1,2014-05-20,0.00410451428961096
1,2014-05-21,0.0041082384187788624
1,2014-05-22,0.004112209571140935
1,2014-05-23,0.004115887261323264
1,2014-05-24,0.004118682917780305
1,2014-05-25,0.004120423159266171
1,2014-05-26,0.004121397261220971
1,2014-05-27,0.004122078844325184
1,2014-05-28,0.004123028797488302
1,2014-05-29,0.004123950238957532
1,2014-05-30,0.0041245335007697274
1,2014-05-31,0.004124548570922131
1,2014-06-01,0.0041236713926285536
1,2014-06-02,0.004121890212466697
1,2014-06-03,0.004119696241416889
1,2014-06-04,0.004117219494884281
1,2014-06-05,0.004115263708969561
1,2014-06-06,0.00411398784573681
1,2014-06-07,0.00411242338841707
1,2014-06-08,0.004110373841936171
1,2014-06-09,0.0041080354969493214
1,2014-06-10,0.004105687797010583
1,2014-06-11,0.0041037164640474015
1,2014-06-12,0.004102009683674534
1,2014-06-13,0.004100423640411601
1,2014-06-14,0.004098987140384421
1,2014-06-15,0.004097974523430612
1,2014-06-16,0.004097514909198619
1,2014-06-17,0.004097785241686126
1,2014-06-18,0.004099096870891394
1,2014-06-19,0.00410160135677819
1,2014-06-20,0.004104819403569864
1,2014-06-21,0.0041083955061085
1,2014-06-22,0.004111966852057631
1,2014-06-23,0.004115195097649436
1,2014-06-24,0.0041179898261776045
1,2014-06-25,0.004120149241130643
1,2014-06-26,0.0041210297501788305
1,2014-06-27,0.004120999556553772
1,2014-06-28,0.0041207356541568575
1,2014-06-29,0.004120296669771543
1,2014-06-30,0.004119462479759941
1,2014-07-01,0.0041184015319328075
1,2014-07-02,0.004117061953239517
1,2014-07-03,0.00411616842928721
1,2014-07-04,0.004116024454128637
1,2014-07-05,0.0041161435604462095
1,2014-07-06,0.004116184193648769
1,2014-07-07,0.004116157671306065
1,2014-07-08,0.0041158929669745
1,2014-07-09,0.004114930560821909
1,2014-07-10,0.0041131375443693476
1,2014-07-11,0.004111285084630743
1,2014-07-12,0.00411012750659245
1,2014-07-13,0.004110300906793329
1,2014-07-14,0.004111599828273683
1,2014-07-15,0.004113772928299921
1,2014-07-16,0.004116418794828953
1,2014-07-17,0.00411927155205483
1,2014-07-18,0.004122068101603735
1,2014-07-19,0.004125092197707878
1,2014-07-20,0.004128106870903262
1,2014-07-21,0.0041309242744869655
1,2014-07-22,0.004133627842470341
1,2014-07-23,0.0041362472418412545
1,2014-07-24,0.004138737814413377
1,2014-07-25,0.004141251314612623
1,2014-07-26,0.004143985334721784
1,2014-07-27,0.004146284801803225
1,2014-07-28,0.004148071457365083
1,2014-07-29,0.004149302028773508
1,2014-07-30,0.004149337812681415
1,2014-07-31,0.004148287047122213
1,2014-08-01,0.004146766064379043
1,2014-08-02,0.004144135049737204
1,2014-08-03,0.004140436417219954
1,2014-08-04,0.0041366296906575235
1,2014-08-05,0.00413353001849295
1,2014-08-06,0.0041313842319243045
1,2014-08-07,0.0041303794601982545
1,2014-08-08,0.004130138247232639
1,2014-08-09,0.004130331905324702
1,2014-08-10,0.004130897549814282
1,2014-08-11,0.00413212312812963
1,2014-08-12,0.0041341282954971935
1,2014-08-13,0.00413664853469695
1,2014-08-14,0.004139029235020759
1,2014-08-15,0.00414075590616295
1,2014-08-16,0.0041410152009054325
1,2014-08-17,0.004139981209614358
1,2014-08-18,0.004138550685444737
1,2014-08-19,0.004137774114521809
1,2014-08-20,0.004138238591106156
1,2014-08-21,0.004139508951370333
1,2014-08-22,0.004140984945221245
1,2014-08-23,0.004141959017129691
1,2014-08-24,0.004141412484417798
1,2014-08-25,0.004139086440705517
1,2014-08-26,0.004135008643736258
1,2014-08-27,0.00412986951477674
1,2014-08-28,0.004125172528052213
1,2014-08-29,0.004121747144300105
1,2014-08-30,0.004119237259450046
1,2014-08-31,0.004117593298213925
1,2014-09-01,0.004116676540601317
1,2014-09-02,0.004116324790698362
1,2014-09-03,0.004116487653336418
1,2014-09-04,0.004116900079565989
1,2014-09-05,0.004117486531870631
1,2014-09-06,0.004118086785699079
1,2014-09-07,0.004118567194547489
1,2014-09-08,0.004118831517678088
1,2014-09-09,0.004119185798353648
1,2014-09-10,0.004120051399302802
1,2014-09-11,0.004122079006993743
1,2014-09-12,0.0041244041300489385
1,2014-09-13,0.004126530372118454
1,2014-09-14,0.004128242850883101
1,2014-09-15,0.004129464318623311
1,2014-09-16,0.0041300558997097205
1,2014-09-17,0.004129803506526256
1,2014-09-18,0.0041286542490389065
1,2014-09-19,0.004127168743541774
1,2014-09-20,0.004125990908693259
1,2014-09-21,0.004124700957992635
1,2014-09-22,0.004123204055942024
1,2014-09-23,0.004121968802979329
1,2014-09-24,0.004121206792163375
1,2014-09-25,0.004120577743000248
1,2014-09-26,0.004119799672066968
1,2014-09-27,0.004118573044676697
1,2014-09-28,0.004117183987875996
1,2014-09-29,0.004115936018480541
1,2014-09-30,0.004114851503430873
1,2014-10-01,0.004113410180101074
1,2014-10-02,0.004111420020181087
1,2014-10-03,0.004109693074124569
1,2014-10-04,0.004108887719360004
1,2014-10-05,0.004109205949211905
1,2014-10-06,0.004110093813666182
1,2014-10-07,0.004111089537059801
1,2014-10-08,0.004111649187444975
1,2014-10-09,0.004111887282617282
1,2014-10-10,0.004112308586698827
1,2014-10-11,0.004113093097188495
1,2014-10-12,0.004114069167668256
1,2014-10-13,0.004115065342707728
1,2014-10-14,0.004115818587584679
1,2014-10-15,0.004116246505755917
1,2014-10-16,0.004116571230871242
1,2014-10-17,0.004117064042062687
1,2014-10-18,0.004117554540202111
1,2014-10-19,0.004117344097704135
1,2014-10-20,0.0041164931625885005
1,2014-10-21,0.004114895275985849
1,2014-10-22,0.004112413802393734
1,2014-10-23,0.004109257467002272
1,2014-10-24,0.00410609393328833
1,2014-10-25,0.004103076810918028
1,2014-10-26,0.0041005824122188304
1,2014-10-27,0.0040989860811146105
1,2014-10-28,0.004098874772891187
1,2014-10-29,0.004100244517790636
1,2014-10-30,0.004103086226508266
1,2014-10-31,0.004106865468943562
1,2014-11-01,0.004110945416917543
1,2014-11-02,0.004114499016204334
1,2014-11-03,0.004117466177761337
1,2014-11-04,0.004119739112390875
1,2014-11-05,0.00412136428642201
1,2014-11-06,0.004122380162006282
1,2014-11-07,0.004122788243153441
1,2014-11-08,0.004122422923626228
1,2014-11-09,0.0041215634951472895
1,2014-11-10,0.004120613751182559
1,2014-11-11,0.00411976680168134
1,2014-11-12,0.0041192240875676
1,2014-11-13,0.004119032848904806
1,2014-11-14,0.004119230009865891
1,2014-11-15,0.004119653582007641
1,2014-11-16,0.004119841718376063
1,2014-11-17,0.004119486231972187
1,2014-11-18,0.004118979888631979
1,2014-11-19,0.004118763264578464
1,2014-11-20,0.004118925511485013
1,2014-11-21,0.004118939682462661
1,2014-11-22,0.004118366513544653
1,2014-11-23,0.004117298674302713
1,2014-11-24,0.004115609852920175
1,2014-11-25,0.004113237241014204
1,2014-11-26,0.004110802333543693
1,2014-11-27,0.004108880182660996
1,2014-11-28,0.0041071482558025195
1,2014-11-29,0.004105528050602259
1,2014-11-30,0.004103732155284787
1,2014-12-01,0.004101746451655331
1,2014-12-02,0.004100024026147817
1,2014-12-03,0.0040990207139757935
1,2014-12-04,0.0040988388568920404
1,2014-12-05,0.00409925478043623
1,2014-12-06,0.0041001011785938395
1,2014-12-07,0.004101235841468275
1,2014-12-08,0.0041025363634034535
1,2014-12-09,0.004103737465603451
1,2014-12-10,0.004104248448345258
1,2014-12-11,0.004103866783456988
1,2014-12-12,0.004103461013777631
1,2014-12-13,0.004103496044930401
1,2014-12-14,0.004103742927369956
1,2014-12-15,0.004104136789057428
1,2014-12-16,0.004104976472223545
1,2014-12-17,0.004106224405780356
1,2014-12-18,0.004107205769808175
1,2014-12-19,0.004107607112922327
1,2014-12-20,0.004107461735656539
1,2014-12-21,0.0041069296854161046
1,2014-12-22,0.004106267218825978
1,2014-12-23,0.004106043298301675
1,2014-12-24,0.004106108706657941
1,2014-12-25,0.004106172341780522
1,2014-12-26,0.00410649447673803
1,2014-12-27,0.004107202045603529
1,2014-12-28,0.004108145397447385
1,2014-12-29,0.004108854907739625
1,2014-12-30,0.004108991792993472
1,2014-12-31,0.00410862943029142
1,2015-01-01,0.0041079384553778
1,2015-01-02,0.004107355962716695
1,2015-01-03,0.00410690683665799
1,2015-01-04,0.0041065035624906175
1,2015-01-05,0.0041060646320796
1,2015-01-06,0.0041057268277484675
1,2015-01-07,0.004105316603371382
1,2015-01-08,0.0041052778933699345
1,2015-01-09,0.004106017546559853
1,2015-01-10,0.004107618865420114
1,2015-01-11,0.004109878666490107
1,2015-01-12,0.0041126027273255365
1,2015-01-13,0.004115300867138242
1,2015-01-14,0.004117805516240285
1,2015-01-15,0.004119883879722296
1,2015-01-16,0.004121580990188948
1,2015-01-17,0.0041228772085118055
1,2015-01-18,0.00412369073835012
1,2015-01-19,0.004123752320596311
1,2015-01-20,0.0041231439450554845
1,2015-01-21,0.0041221567977545205
1,2015-01-22,0.004121342042926853
1,2015-01-23,0.004120440496079531
1,2015-01-24,0.00411947114759419
1,2015-01-25,0.004118075844533813
1,2015-01-26,0.004116162338721672
1,2015-01-27,0.004113879737611969
1,2015-01-28,0.0041114250838562745
1,2015-01-29,0.0041088758794939305
1,2015-01-30,0.004106336692224693
1,2015-01-31,0.004103837734586811
1,2015-02-01,0.004101518453373126
1,2015-02-02,0.004099532153631475
1,2015-02-03,0.004097884616953321
1,2015-02-04,0.004096598039493405
1,2015-02-05,0.004095746844730786
1,2015-02-06,0.004095496816539427
1,2015-02-07,0.00409582652773904
1,2015-02-08,0.004096289725092805
1,2015-02-09,0.0040965667476051924
1,2015-02-10,0.004097019470602977
1,2015-02-11,0.004097801066878289
1,2015-02-12,0.004098568335303653
1,2015-02-13,0.004098946818977444
1,2015-02-14,0.004098803971014916
1,2015-02-15,0.004098746175804118
1,2015-02-16,0.004099331147037696
1,2015-02-17,0.004100768187786614
1,2015-02-18,0.004103002683168554
1,2015-02-19,0.004106047973006368
1,2015-02-20,0.004109828859919586
1,2015-02-21,0.004114241875660115
1,2015-02-22,0.004118929046815972
1,2015-02-23,0.004123499618599324
1,2015-02-24,0.004127826528260995
1,2015-02-25,0.004132081730520671
1,2015-02-26,0.004136277599361752
1,2015-02-27,0.004140435894091039
1,2015-02-28,0.0041439160704203094
1,2015-03-01,0.004146825708228833
1,2015-03-02,0.0041489230473752935
1,2015-03-03,0.004150013033510865
1,2015-03-04,0.004149784172983662
1,2015-03-05,0.004148548177692533
1,2015-03-06,0.0041470665375898975
1,2015-03-07,0.004145967236068294
1,2015-03-08,0.004144697795966271
1,2015-03-09,0.004142631970194304
1,2015-03-10,0.004139528648955112
1,2015-03-11,0.004135309052925338
1,2015-03-12,0.004130081200986891
1,2015-03-13,0.004124474023301374
1,2015-03-14,0.004118772606381774
1,2015-03-15,0.004113531623375823
1,2015-03-16,0.004109166156665147
1,2015-03-17,0.0041055978658976235
1,2015-03-18,0.004102563588654535
1,2015-03-19,0.004100110711968686
1,2015-03-20,0.004098616724214219
1,2015-03-21,0.004098179176818182
1,2015-03-22,0.004098364263447774
1,2015-03-23,0.004098507380604018
1,2015-03-24,0.004098060977714011
1,2015-03-25,0.004097016223824596
1,2015-03-26,0.004095649226167491
1,2015-03-27,0.004094282851211693
1,2015-03-28,0.0040928311059145565
1,2015-03-29,0.004091189180091836
1,2015-03-30,0.004089693389691115
1,2015-03-31,0.004088440917073586
1,2015-04-01,0.004087255650718633
1,2015-04-02,0.004086012526988873
1,2015-04-03,0.004084894966555525
1,2015-04-04,0.004084028895198117
1,2015-04-05,0.004083396187167309
1,2015-04-06,0.004083132144317079
1,2015-04-07,0.004083382087467811
1,2015-04-08,0.0040843852932173595
1,2015-04-09,0.00408601542554617
1,2015-04-10,0.004087767701095427
1,2015-04-11,0.004089311605468989
1,2015-04-12,0.004090552051407782
1,2015-04-13,0.004091351244817142
1,2015-04-14,0.004091818269184904
1,2015-04-15,0.004092210386354895
1,2015-04-16,0.004092879848725913
1,2015-04-17,0.004093456545494773
1,2015-04-18,0.004094208983007452
1,2015-04-19,0.0040951403713447194
1,2015-04-20,0.004096150331060155
1,2015-04-21,0.0040976635436885366
1,2015-04-22,0.004099875122896706
1,2015-04-23,0.004102321225109114
1,2015-04-24,0.004104768561132458
1,2015-04-25,0.004106943963706509
1,2015-04-26,0.004108805511108187
1,2015-04-27,0.004110173482427499
1,2015-04-28,0.004111026983750991
1,2015-04-29,0.0041114472832154796
1,2015-04-30,0.004111553047666975
1,2015-05-01,0.004111358983798403
1,2015-05-02,0.004111040059404037
1,2015-05-03,0.00411011609321307
1,2015-05-04,0.004108349738558521
1,2015-05-05,0.004106411076406736
1,2015-05-06,0.004105011601494329
1,2015-05-07,0.0041042307745137
1,2015-05-08,0.004103641826199048
1,2015-05-09,0.0041029978885795855
1,2015-05-10,0.004102794336713799
1,2015-05-11,0.004103240819792218
1,2015-05-12,0.004104359623752687
1,2015-05-13,0.004106256462059674
1,2015-05-14,0.004108851199468053
1,2015-05-15,0.004111742302498032
1,2015-05-16,0.0041148677195939655
1,2015-05-17,0.004117216709448503
1,2015-05-18,0.004117677441099327
1,2015-05-19,0.004116290812910626
1,2015-05-20,0.004113909323701693
1,2015-05-21,0.004111149664286443
1,2015-05-22,0.004108671328405849
1,2015-05-23,0.004106555854579096
1,2015-05-24,0.004104936607986682
1,2015-05-25,0.004104091780291714
1,2015-05-26,0.004103662930578334
1,2015-05-27,0.004103034309181294
1,2015-05-28,0.0041023723694595705
1,2015-05-29,0.004102499664147257
1,2015-05-30,0.004103607032852185
1,2015-05-31,0.004105273118428589
1,2015-06-01,0.004106768520688624
1,2015-06-02,0.004107355796091738
1,2015-06-03,0.004107054850150133
1,2015-06-04,0.004105974060080928
1,2015-06-05,0.004104491363587513
1,2015-06-06,0.004102735992550056
1,2015-06-07,0.004100888748400169
1,2015-06-08,0.0040990635671563184
1,2015-06-09,0.004097207392097044
1,2015-06-10,0.00409527095704831
1,2015-06-11,0.004094070247193642
1,2015-06-12,0.004094261715810583
1,2015-06-13,0.00409616098466899
1,2015-06-14,0.00409928323732742
1,2015-06-15,0.004102508521599654
1,2015-06-16,0.004104786842249162
1,2015-06-17,0.0041059647906042905
1,2015-06-18,0.004106369479327441
1,2015-06-19,0.004106492336419621
1,2015-06-20,0.004105927773706688
1,2015-06-21,0.004104422494712049
1,2015-06-22,0.00410206130376695
1,2015-06-23,0.0040989528284858905
1,2015-06-24,0.004095316518671361
1,2015-06-25,0.004092192094749144
1,2015-06-26,0.0040901928003805425
1,2015-06-27,0.004089650834205701
1,2015-06-28,0.004090779836201337
1,2015-06-29,0.004093256208606105
1,2015-06-30,0.004096484923008136
1,2015-07-01,0.0041003056654712496
1,2015-07-02,0.004104402671298853
1,2015-07-03,0.0041083211444501964
1,2015-07-04,0.004111574415051795
1,2015-07-05,0.004113859031883774
1,2015-07-06,0.0041149017021384175
1,2015-07-07,0.004114953353907876
1,2015-07-08,0.004114937809231712
1,2015-07-09,0.004115744389389695
1,2015-07-10,0.004117104042886805
1,2015-07-11,0.004119171272360823
1,2015-07-12,0.004121681465044647
1,2015-07-13,0.004124344315603424
1,2015-07-14,0.004127488225941087
1,2015-07-15,0.0041315932672456555
1,2015-07-16,0.0041361299199317615
1,2015-07-17,0.004140703228677146
1,2015-07-18,0.00414434005961924
1,2015-07-19,0.00414658349103102
1,2015-07-20,0.004147008350658708
1,2015-07-21,0.004145480143761791
1,2015-07-22,0.004142500600445766
1,2015-07-23,0.0041389062723539115
1,2015-07-24,0.00413498872263807
1,2015-07-25,0.0041312581394038934
1,2015-07-26,0.004127556926107636
1,2015-07-27,0.004123591985055099
1,2015-07-28,0.0041196167142279645
1,2015-07-29,0.004116164986989839
1,2015-07-30,0.00411340184081584
1,2015-07-31,0.004111362232112902
1,2015-08-01,0.004110025062872055
1,2015-08-02,0.004109723585184969
1,2015-08-03,0.004110736030299548
1,2015-08-04,0.004112898748447499
1,2015-08-05,0.004115739551969182
1,2015-08-06,0.004119006715241128
1,2015-08-07,0.004123018735585012
1,2015-08-08,0.004127714437820704
1,2015-08-09,0.004132152729100006
1,2015-08-10,0.004135043221090286
1,2015-08-11,0.004135576417976159
1,2015-08-12,0.004134446248364423
1,2015-08-13,0.004132726450962871
1,2015-08-14,0.004131281875931713
1,2015-08-15,0.00412982388732502
1,2015-08-16,0.00412833415419642
1,2015-08-17,0.0041268721740374235
1,2015-08-18,0.004125067474401108
1,2015-08-19,0.004122787713939615
1,2015-08-20,0.004120847407348239
1,2015-08-21,0.004119845978007835
1,2015-08-22,0.004119964516379821
1,2015-08-23,0.00412052657513062
1,2015-08-24,0.004120265045907335
1,2015-08-25,0.004117904260226225
1,2015-08-26,0.0041136790220601994
1,2015-08-27,0.004108799330610712
1,2015-08-28,0.004104368555435788
1,2015-08-29,0.004100719833523479
1,2015-08-30,0.004098009600752638
1,2015-08-31,0.004096326899431974
1,2015-09-01,0.0040952479956362815
1,2015-09-02,0.004094332631658506
1,2015-09-03,0.004094431526728389
1,2015-09-04,0.0040961666541973925
1,2015-09-05,0.004099751949574546
1,2015-09-06,0.0041048324817198716
1,2015-09-07,0.004110112440887267
1,2015-09-08,0.004114286917347044
1,2015-09-09,0.004117010873188078
1,2015-09-10,0.0041184370155910414
1,2015-09-11,0.0041190198390581405
1,2015-09-12,0.004118440035113618
1,2015-09-13,0.004116632936178293
1,2015-09-14,0.004114091032418169
1,2015-09-15,0.004111103550914378
1,2015-09-16,0.004107954185283761
1,2015-09-17,0.004105271439243125
1,2015-09-18,0.004103255675700784
1,2015-09-19,0.004101996440502877
1,2015-09-20,0.004101441508200233
1,2015-09-21,0.004101083214975435
1,2015-09-22,0.004100565379009626
1,2015-09-23,0.004099863641038749
1,2015-09-24,0.004099203218840202
1,2015-09-25,0.004098606910602636
1,2015-09-26,0.004097952942275596
1,2015-09-27,0.0040972934913972615
1,2015-09-28,0.004096718107749777
1,2015-09-29,0.004096259546224206
1,2015-09-30,0.004095923767503892
1,2015-10-01,0.004095911966920971
1,2015-10-02,0.004096393419991944
1,2015-10-03,0.004097815896754047
1,2015-10-04,0.0041003679884217235
1,2015-10-05,0.004103671727249406
1,2015-10-06,0.004107636663236821
1,2015-10-07,0.0041120844138497654
1,2015-10-08,0.004116368534055049
1,2015-10-09,0.004120408888837333
1,2015-10-10,0.004123741653338318
1,2015-10-11,0.004126255572214712
1,2015-10-12,0.004127436183263219
1,2015-10-13,0.004127121692320702
1,2015-10-14,0.004125587164171527
1,2015-10-15,0.0041232398170798525
1,2015-10-16,0.004120381481113749
1,2015-10-17,0.004117351278801074
1,2015-10-18,0.004114091099697303
1,2015-10-19,0.004110479829994591
1,2015-10-20,0.004106720996528982
1,2015-10-21,0.004103448291517434
1,2015-10-22,0.004101235062625084
1,2015-10-23,0.004100348159314943
1,2015-10-24,0.0041007460580723375
1,2015-10-25,0.0041025849610195515
1,2015-10-26,0.004105446297066256
1,2015-10-27,0.004108589700879999
1,2015-10-28,0.004111677157410055
1,2015-10-29,0.004114511256987172
1,2015-10-30,0.0041173037071780445
1,2015-10-31,0.004120160830969572
1,2015-11-01,0.004122392642231309
1,2015-11-02,0.004122809936287813
1,2015-11-03,0.004120856356018308
1,2015-11-04,0.004117334991515734
1,2015-11-05,0.004113596825494257
1,2015-11-06,0.004110448223462074
1,2015-11-07,0.0041082261562365475
1,2015-11-08,0.00410682679480796
1,2015-11-09,0.004106537096698896
1,2015-11-10,0.004107212083112374
1,2015-11-11,0.0041084909320923645
1,2015-11-12,0.004110178723511753
1,2015-11-13,0.004112346438877642
1,2015-11-14,0.004114978826202289
1,2015-11-15,0.00411741253203907
1,2015-11-16,0.004118751529779915
1,2015-11-17,0.004118522247581007
1,2015-11-18,0.004117026258160409
1,2015-11-19,0.004114669246973551
1,2015-11-20,0.004112016535153484
1,2015-11-21,0.004109278565947758
1,2015-11-22,0.0041066881990837086
1,2015-11-23,0.004104557359075899
1,2015-11-24,0.004102783047893261
1,2015-11-25,0.004101217390115989
1,2015-11-26,0.004100000931041441
1,2015-11-27,0.004099194132334883
1,2015-11-28,0.004098920117386929
1,2015-11-29,0.004099046948557301
1,2015-11-30,0.004099119949102347
1,2015-12-01,0.004098813352007669
1,2015-12-02,0.004098056606343995
1,2015-12-03,0.0040970203424582664
1,2015-12-04,0.004095947929716504
1,2015-12-05,0.004095006085625259
1,2015-12-06,0.0040943539846613995
1,2015-12-07,0.0040941744482480315
1,2015-12-08,0.004094561265254305
1,2015-12-09,0.004095314292604849
1,2015-12-10,0.004096496661798826
1,2015-12-11,0.004098087697737587
1,2015-12-12,0.004100141135499665
1,2015-12-13,0.004102879456537065
1,2015-12-14,0.004105865669970277
1,2015-12-15,0.004108738867907139
1,2015-12-16,0.00411103105453323
1,2015-12-17,0.004112509791312894
1,2015-12-18,0.004113707850382665
1,2015-12-19,0.004114381126244255
1,2015-12-20,0.004114157189042535
1,2015-12-21,0.00411352311520145
1,2015-12-22,0.004113024106930947
1,2015-12-23,0.004112803083004827
1,2015-12-24,0.004112835686056051
1,2015-12-25,0.004113113682355524
1,2015-12-26,0.004113358589013055
1,2015-12-27,0.004113682611604257
1,2015-12-28,0.004114006375657477
1,2015-12-29,0.0041143334103662214
1,2015-12-30,0.004114666535601021
1,2015-12-31,0.004115323293107178
1,2016-01-01,0.004116680700049117
1,2016-01-02,0.004118798051164999
1,2016-01-03,0.0041210817546870095
1,2016-01-04,0.004122869294106855
1,2016-01-05,0.004123762209964219
1,2016-01-06,0.004123857153463906
1,2016-01-07,0.00412336541752913
1,2016-01-08,0.004122712310828631
1,2016-01-09,0.004122328195205836
1,2016-01-10,0.004122000381244679
1,2016-01-11,0.004121324939830463
1,2016-01-12,0.004120095421406688
1,2016-01-13,0.004118608401232928
1,2016-01-14,0.004117356285564134
1,2016-01-15,0.0041167593762957665
1,2016-01-16,0.004116782853452756
1,2016-01-17,0.004117343777975364
1,2016-01-18,0.004118044797555589
1,2016-01-19,0.0041187089766809605
1,2016-01-20,0.00411946386966713
1,2016-01-21,0.004120223942620033
1,2016-01-22,0.004120925724531221
1,2016-01-23,0.004121528805524462
1,2016-01-24,0.004121500087108158
1,2016-01-25,0.004120161249732902
1,2016-01-26,0.004117300468142824
1,2016-01-27,0.004113551675145568
1,2016-01-28,0.004109728390368151
1,2016-01-29,0.00410620441122234
1,2016-01-30,0.004103237116682857
1,2016-01-31,0.0041010051358746115
1,2016-02-01,0.004099552063474839
1,2016-02-02,0.004098944789593242
1,2016-02-03,0.004099398682391401
1,2016-02-04,0.004100602980146185
1,2016-02-05,0.00410224416440098
1,2016-02-06,0.004103980605904122
1,2016-02-07,0.0041058226854527
1,2016-02-08,0.004107457862754019
1,2016-02-09,0.004108872158094145
1,2016-02-10,0.004109934949367355
1,2016-02-11,0.004110450903003621
1,2016-02-12,0.0041107873921095266
1,2016-02-13,0.0041108224135677045
1,2016-02-14,0.004110551866236902
1,2016-02-15,0.00411047298168166
1,2016-02-16,0.004111029027559037
1,2016-02-17,0.004112131478356675
1,2016-02-18,0.004113279072151286
1,2016-02-19,0.004114319978193743
1,2016-02-20,0.004115114985832193
1,2016-02-21,0.0041159387929286355
1,2016-02-22,0.004116884082778622
1,2016-02-23,0.004118035960261546
1,2016-02-24,0.0041196020510041
1,2016-02-25,0.004121839781360371
1,2016-02-26,0.004124724758372295
1,2016-02-27,0.004128190944704891
1,2016-02-28,0.00413198689505866
1,2016-02-29,0.004136114376663041
1,2016-03-01,0.004140131350144533
1,2016-03-02,0.0041434368356906455
1,2016-03-03,0.004145572279637039
1,2016-03-04,0.004146760182792333
1,2016-03-05,0.004147228667208774
1,2016-03-06,0.004146785895946751
1,2016-03-07,0.0041452121975332525
1,2016-03-08,0.0041426874461800885
1,2016-03-09,0.00413981047778161
1,2016-03-10,0.004137208157271293
1,2016-03-11,0.004134915158303085
1,2016-03-12,0.004132617813572385
1,2016-03-13,0.004130148837289922
1,2016-03-14,0.004127495051415266
1,2016-03-15,0.0041245993608601435
1,2016-03-16,0.004122132796987071
1,2016-03-17,0.004120209785104936
1,2016-03-18,0.004118787300963923
1,2016-03-19,0.004117491150144616
1,2016-03-20,0.004115927668724668
1,2016-03-21,0.004113617376971811
1,2016-03-22,0.004110307023183494
1,2016-03-23,0.004106373845998077
1,2016-03-24,0.004102487618598726
1,2016-03-25,0.004099375937630736
1,2016-03-26,0.004097664676314752
1,2016-03-27,0.004096632716737634
1,2016-03-28,0.004095788787317502
1,2016-03-29,0.004095483793078548
1,2016-03-30,0.0040959037227309945
1,2016-03-31,0.0040969390225248335
1,2016-04-01,0.004098201517312636
1,2016-04-02,0.004099212546505752
1,2016-04-03,0.0040995963641044485
1,2016-04-04,0.004099283173910593
1,2016-04-05,0.004098264805178633
1,2016-04-06,0.004096370743893688
1,2016-04-07,0.00409374620931716
1,2016-04-08,0.004090965390939828
1,2016-04-09,0.004088395766008595
1,2016-04-10,0.004086356184249466
1,2016-04-11,0.004084723511138293
1,2016-04-12,0.004083595633555013
1,2016-04-13,0.004083353018053463
1,2016-04-14,0.004083653029325656
1,2016-04-15,0.004084135688635738
1,2016-04-16,0.00408457664095312
1,2016-04-17,0.004084798818067972
1,2016-04-18,0.004084834048131595
1,2016-04-19,0.004084923606367811
1,2016-04-20,0.004085296610563175
1,2016-04-21,0.004086310047910397
1,2016-04-22,0.0040880011783412
1,2016-04-23,0.0040903542028158345
1,2016-04-24,0.0040932221265408165
1,2016-04-25,0.004096506465048572
1,2016-04-26,0.00410000895453384
1,2016-04-27,0.004103192381506981
1,2016-04-28,0.004105516312496709
1,2016-04-29,0.0041071132974442
1,2016-04-30,0.004108305272333145
1,2016-05-01,0.004109328078304466
1,2016-05-02,0.004110528375349521
1,2016-05-03,0.004112508093311772
1,2016-05-04,0.004115236575978069
1,2016-05-05,0.004118191301234513
1,2016-05-06,0.004121225584900991
1,2016-05-07,0.004123380836521331
1,2016-05-08,0.004124577564227464
1,2016-05-09,0.004125509726929471
1,2016-05-10,0.00412675386499688
1,2016-05-11,0.00412864311733285
1,2016-05-12,0.004130679224417084
1,2016-05-13,0.004132671781118407
1,2016-05-14,0.0041339998393400655
1,2016-05-15,0.004134535279288493
1,2016-05-16,0.0041342545354975495
1,2016-05-17,0.004133233661478417
1,2016-05-18,0.00413189065918294
1,2016-05-19,0.004130758875537096
1,2016-05-20,0.004129903561248833
1,2016-05-21,0.004129617137371911
1,2016-05-22,0.0041296600267985185
1,2016-05-23,0.004129965549415481
1,2016-05-24,0.00413030786667978
1,2016-05-25,0.004130464233312817
1,2016-05-26,0.0041302177717559944
1,2016-05-27,0.004129851982369887
1,2016-05-28,0.004129545415697312
1,2016-05-29,0.0041292364749964915
1,2016-05-30,0.004128497375629595
1,2016-05-31,0.0041270479699818015
1,2016-06-01,0.004125162090876596
1,2016-06-02,0.004123148239286393
1,2016-06-03,0.004121433659337096
1,2016-06-04,0.004119744374687848
1,2016-06-05,0.004117862529351316
1,2016-06-06,0.004116079340343522
1,2016-06-07,0.0041147401740013155
1,2016-06-08,0.004114076251484491
1,2016-06-09,0.004113893755125355
1,2016-06-10,0.004114197567450923
1,2016-06-11,0.004114536824010525
1,2016-06-12,0.004114845339646251
1,2016-06-13,0.004114451367838629
1,2016-06-14,0.004112936291821041
1,2016-06-15,0.004110906353424693
1,2016-06-16,0.004109529500829174
1,2016-06-17,0.004109144777053649
1,2016-06-18,0.004109916698476896
1,2016-06-19,0.004111150243913491
1,2016-06-20,0.004112394763602149
1,2016-06-21,0.004113814268600715
1,2016-06-22,0.004115913248997179
1,2016-06-23,0.0041184880411512075
1,2016-06-24,0.0041212280317619
1,2016-06-25,0.004123531261934304
1,2016-06-26,0.0041248768185174235
1,2016-06-27,0.004124930236362578
1,2016-06-28,0.00412339368289295
1,2016-06-29,0.004120136354465152
1,2016-06-30,0.004115583925423261
1,2016-07-01,0.0041107750885548446
1,2016-07-02,0.004106161331887782
1,2016-07-03,0.004101897911936308
1,2016-07-04,0.004098153701110493
1,2016-07-05,0.004095798433514385
1,2016-07-06,0.00409544146559818
1,2016-07-07,0.004096668816118986
1,2016-07-08,0.00409886148752921
1,2016-07-09,0.004101224456055406
1,2016-07-10,0.004102993592241481
1,2016-07-11,0.00410385243095612
1,2016-07-12,0.004103507759519485
1,2016-07-13,0.0041019774624582
1,2016-07-14,0.004099881957844293
1,2016-07-15,0.004097872081627655
1,2016-07-16,0.004096303450273491
1,2016-07-17,0.004095465305809749
1,2016-07-18,0.00409531609984819
1,2016-07-19,0.004095954557535784
1,2016-07-20,0.0040972329638971315
1,2016-07-21,0.004098672685985658
1,2016-07-22,0.004100269653738355
1,2016-07-23,0.0041018112649412915
1,2016-07-24,0.004103401650299914
1,2016-07-25,0.004105394443987425
1,2016-07-26,0.004108125564983047
1,2016-07-27,0.004110978518520981
1,2016-07-28,0.0041134146460654435
1,2016-07-29,0.004115608048090465
1,2016-07-30,0.004117061341331416
1,2016-07-31,0.004117961205094101
1,2016-08-01,0.004118994058422417
1,2016-08-02,0.004120865593568324
1,2016-08-03,0.004123774901904808
1,2016-08-04,0.004127298374236765
1,2016-08-05,0.0041312561808100855
1,2016-08-06,0.004134914870038694
1,2016-08-07,0.004137583288901705
1,2016-08-08,0.004139068920741621
1,2016-08-09,0.004139360528329947
1,2016-08-10,0.004138801758227329
1,2016-08-11,0.004137705798216738
1,2016-08-12,0.004136854731813997
1,2016-08-13,0.004136519404128774
1,2016-08-14,0.004136453901780555
1,2016-08-15,0.0041368080871382225
1,2016-08-16,0.0041373953462570355
1,2016-08-17,0.004137798875466805
1,2016-08-18,0.004137557335261128
1,2016-08-19,0.004136886665699623
1,2016-08-20,0.0041356533104773795
1,2016-08-21,0.004133677747760491
1,2016-08-22,0.004130581400489979
1,2016-08-23,0.0041262898000765
1,2016-08-24,0.00412139282018097
1,2016-08-25,0.004117001017103741
1,2016-08-26,0.004113527079885267
1,2016-08-27,0.00411123679977381
1,2016-08-28,0.004109918476727949
1,2016-08-29,0.004109316638856598
1,2016-08-30,0.004109387096966326
1,2016-08-31,0.004110786498194071
1,2016-09-01,0.004113498982748615
1,2016-09-02,0.004117138370516197
1,2016-09-03,0.004120576741712231
1,2016-09-04,0.004122579462440785
1,2016-09-05,0.004122060845894195
1,2016-09-06,0.004118697884238378
1,2016-09-07,0.0041136335555822835
1,2016-09-08,0.004108528530905233
1,2016-09-09,0.004104454013555806
1,2016-09-10,0.004102069660633253
1,2016-09-11,0.004101007921665661
1,2016-09-12,0.004100982724117078
1,2016-09-13,0.004102475063218768
1,2016-09-14,0.004105623331072141
1,2016-09-15,0.004109806231097617
1,2016-09-16,0.004114348363788895
1,2016-09-17,0.004118234763048716
1,2016-09-18,0.004120958810755488
1,2016-09-19,0.004122255710428357
1,2016-09-20,0.004122056794890926
1,2016-09-21,0.004119817212972551
1,2016-09-22,0.0041159197611893746
1,2016-09-23,0.004111424101447898
1,2016-09-24,0.004106909414341133
1,2016-09-25,0.004102786125566891
1,2016-09-26,0.0040992163846776015
1,2016-09-27,0.004097030695212427
1,2016-09-28,0.004096770829429868
1,2016-09-29,0.004097982190724183
1,2016-09-30,0.004099946888771227
1,2016-10-01,0.0041018013051288445
1,2016-10-02,0.004103095353749264
1,2016-10-03,0.004103789574795975
1,2016-10-04,0.004104028442106385
1,2016-10-05,0.004103649310848671
1,2016-10-06,0.004103064341492681
1,2016-10-07,0.004102718858144106
1,2016-10-08,0.00410299981459453
1,2016-10-09,0.0041040998078696635
1,2016-10-10,0.004105811711849299
1,2016-10-11,0.004107735311609451
1,2016-10-12,0.004109012221614267
1,2016-10-13,0.004108890593220272
1,2016-10-14,0.004107702665305624
1,2016-10-15,0.004105822950143032
1,2016-10-16,0.004103815657876899
1,2016-10-17,0.0041025029215494176
1,2016-10-18,0.004102749776698295
1,2016-10-19,0.004104465749896969
1,2016-10-20,0.0041072154396121115
1,2016-10-21,0.004110519771428286
1,2016-10-22,0.004113525330924624
1,2016-10-23,0.0041161295984569295
1,2016-10-24,0.004118720078929699
1,2016-10-25,0.0041213665659380165
1,2016-10-26,0.004124118092355317
1,2016-10-27,0.004126680912069639
1,2016-10-28,0.004129249617328589
1,2016-10-29,0.004131241106627669
1,2016-10-30,0.004132180390307733
1,2016-10-31,0.004131963226683192
1,2016-11-01,0.004130815668428361
1,2016-11-02,0.004129225357799211
1,2016-11-03,0.004127814609614536
1,2016-11-04,0.004126848660459804
1,2016-11-05,0.0041266471083997135
1,2016-11-06,0.004127040396619947
1,2016-11-07,0.0041277272799131355
1,2016-11-08,0.004128712283236743
1,2016-11-09,0.0041303629364254045
1,2016-11-10,0.004132677326095225
1,2016-11-11,0.004135555948979717
1,2016-11-12,0.004138196968125323
1,2016-11-13,0.00413967790932342
1,2016-11-14,0.004139676340866063
1,2016-11-15,0.004138197931270026
1,2016-11-16,0.004135452334664839
1,2016-11-17,0.004131819319318591
1,2016-11-18,0.004128011401629213
1,2016-11-19,0.004124698127731526
1,2016-11-20,0.004121614721643376
1,2016-11-21,0.00411809063098444
1,2016-11-22,0.004114443966812802
1,2016-11-23,0.004110953236810062
1,2016-11-24,0.004107798199119623
1,2016-11-25,0.004105055849007017
1,2016-11-26,0.004102546567794071
1,2016-11-27,0.0041000662123045935
1,2016-11-28,0.00409734395057235
1,2016-11-29,0.004094456733102474
1,2016-11-30,0.00409160341935701
1,2016-12-01,0.004089403973985443
1,2016-12-02,0.004087932654189493
1,2016-12-03,0.00408705032577995
1,2016-12-04,0.004086664359527554
1,2016-12-05,0.004086885488522988
1,2016-12-06,0.004087676317424228
1,2016-12-07,0.004089004937489243
1,2016-12-08,0.004090408045706293
1,2016-12-09,0.004091644180289653
1,2016-12-10,0.004092233204136212
1,2016-12-11,0.004092299622621535
1,2016-12-12,0.004092175446627485
1,2016-12-13,0.004092308586388618
1,2016-12-14,0.004092608533978099
1,2016-12-15,0.004093134802979088
1,2016-12-16,0.004094081877942978
1,2016-12-17,0.004095678470679622
1,2016-12-18,0.00409771553131302
1,2016-12-19,0.004100047052173147
1,2016-12-20,0.00410269488242208
1,2016-12-21,0.004105373147667551
1,2016-12-22,0.004107218092900735
1,2016-12-23,0.004107777555282164
1,2016-12-24,0.004107186376707182
1,2016-12-25,0.004105938681291225
1,2016-12-26,0.00410437467214313
1,2016-12-27,0.004102811735328216
1,2016-12-28,0.004101569995385742
1,2016-12-29,0.00410111017442347
1,2016-12-30,0.004101484818771411
1,2016-12-31,0.00410167855504966
1,2017-01-01,0.004103989862108939
1,2017-01-02,0.004106992205663625
1,2017-01-03,0.0041103560865934745
1,2017-01-04,0.004113514735494244
1,2017-01-05,0.004115742222395125
1,2017-01-06,0.004116536599486586
1,2017-01-07,0.004116281101617433
1,2017-01-08,0.004115508180995629
1,2017-01-09,0.004115094803906264
1,2017-01-10,0.0041157350590898915
1,2017-01-11,0.004117288092562562
1,2017-01-12,0.004119467204093247
1,2017-01-13,0.0041219372218837015
1,2017-01-14,0.004124289482392084
1,2017-01-15,0.004126343760563162
1,2017-01-16,0.004127452693889668
1,2017-01-17,0.004127714392110755
1,2017-01-18,0.004127476819142464
1,2017-01-19,0.00412700775805697
1,2017-01-20,0.004126700060859471
1,2017-01-21,0.004126507981452438
1,2017-01-22,0.004126363098350291
1,2017-01-23,0.004126199031393583
1,2017-01-24,0.004125904183280352
1,2017-01-25,0.004125455360584621
1,2017-01-26,0.00412478271126342
1,2017-01-27,0.004123923680183699
1,2017-01-28,0.004123006755273027
1,2017-01-29,0.004121881947302727
1,2017-01-30,0.004120270612398464
1,2017-01-31,0.004118184069500635
1,2017-02-01,0.004115792435504504
1,2017-02-02,0.004113201563659772
1,2017-02-03,0.004110476562133775
1,2017-02-04,0.004107619557403654
1,2017-02-05,0.004104948700590711
1,2017-02-06,0.0041025475618897515
1,2017-02-07,0.0041004379509702
1,2017-02-08,0.004098622429595394
1,2017-02-09,0.004097223577516292
1,2017-02-10,0.004096526508223678
1,2017-02-11,0.004096869768960978
1,2017-02-12,0.004098237090487778
1,2017-02-13,0.004100511600246871
1,2017-02-14,0.004103699323524609
1,2017-02-15,0.004107324390507216
1,2017-02-16,0.004110722289397451
1,2017-02-17,0.004113154440408991
1,2017-02-18,0.004115107115227088
1,2017-02-19,0.004116933270870777
1,2017-02-20,0.004118822425696039
1,2017-02-21,0.004121054617994047
1,2017-02-22,0.004123646473525148
1,2017-02-23,0.0041271476623243215
1,2017-02-24,0.0041315702590499805
1,2017-02-25,0.004136310996927611
1,2017-02-26,0.004140456381078354
1,2017-02-27,0.004143836737204105
1,2017-02-28,0.004147097607256765
1,2017-03-01,0.004150156432054946
1,2017-03-02,0.00415227288796589
1,2017-03-03,0.004152697782320174
1,2017-03-04,0.004151052335673141
1,2017-03-05,0.004147913923466442
1,2017-03-06,0.004144361096341333
1,2017-03-07,0.0041411168144927755
1,2017-03-08,0.004138121943175008
1,2017-03-09,0.0041348260021070345
1,2017-03-10,0.0041310114069617355
1,2017-03-11,0.004126919998213189
1,2017-03-12,0.004122857713569097
1,2017-03-13,0.0041189830333241174
1,2017-03-14,0.004115133390247747
1,2017-03-15,0.004111069519743712
1,2017-03-16,0.004106799871051222
1,2017-03-17,0.004102609588726488
1,2017-03-18,0.004099035579227011
1,2017-03-19,0.0040963614151960336
1,2017-03-20,0.004094672248918848
1,2017-03-21,0.004093841358562767
1,2017-03-22,0.004093736307457064
1,2017-03-23,0.004094302917333179
1,2017-03-24,0.004095486957648404
1,2017-03-25,0.00409722940322375
1,2017-03-26,0.0040992983255054745
1,2017-03-27,0.004101368135497215
1,2017-03-28,0.004103145451991832
1,2017-03-29,0.004104589593972748
1,2017-03-30,0.004105643703177283
1,2017-03-31,0.004106249752436831
1,2017-04-01,0.004106234431189643
1,2017-04-02,0.004105618987222084
1,2017-04-03,0.00410471914132542
1,2017-04-04,0.004103946812429319
1,2017-04-05,0.004103321701320797
1,2017-04-06,0.0041026656147676414
1,2017-04-07,0.004102175646081289
1,2017-04-08,0.004101879271940088
1,2017-04-09,0.004101501598431482
1,2017-04-10,0.004100532823424739
1,2017-04-11,0.0040993690650812965
1,2017-04-12,0.004098378527342298
1,2017-04-13,0.004097583947188298
1,2017-04-14,0.004097383108447188
1,2017-04-15,0.00409821591829845
1,2017-04-16,0.00410014193540886
1,2017-04-17,0.004103017396368546
1,2017-04-18,0.004106311529834306
1,2017-04-19,0.004109733327196972
1,2017-04-20,0.0041135229966941
1,2017-04-21,0.004117539407702753
1,2017-04-22,0.004120988053269398
1,2017-04-23,0.004122945146669738
1,2017-04-24,0.004123240781239757
1,2017-04-25,0.004122734875972877
1,2017-04-26,0.004122074706780932
1,2017-04-27,0.004121564090649083
1,2017-04-28,0.004120888412860287
1,2017-04-29,0.004119318993469064
1,2017-04-30,0.004116997646380103
1,2017-05-01,0.004114870459798973
1,2017-05-02,0.004113790423906933
1,2017-05-03,0.004113834494467405
1,2017-05-04,0.0041145561492609735
1,2017-05-05,0.004115993176031275
1,2017-05-06,0.004118113311790111
1,2017-05-07,0.004120232657486036
1,2017-05-08,0.0041216346661946505
1,2017-05-09,0.004122740853836963
1,2017-05-10,0.0041233341885852474
1,2017-05-11,0.004122816459891727
1,2017-05-12,0.004120388919283225
1,2017-05-13,0.004116303593109615
1,2017-05-14,0.004111236399863143
1,2017-05-15,0.004106082100514292
1,2017-05-16,0.0041015652454136665
1,2017-05-17,0.004098169982160341
1,2017-05-18,0.004096586859430266
1,2017-05-19,0.00409672434051454
1,2017-05-20,0.00409805839374008
1,2017-05-21,0.00410049186431603
1,2017-05-22,0.004104195625746838
1,2017-05-23,0.004109004751841245
1,2017-05-24,0.004114023719266637
1,2017-05-25,0.004117700952809642
1,2017-05-26,0.0041183758063897714
1,2017-05-27,0.004116565412172122
1,2017-05-28,0.004113345461467795
1,2017-05-29,0.0041095909622469486
1,2017-05-30,0.00410616172345982
1,2017-05-31,0.004103428715046698
1,2017-06-01,0.004101363323416044
1,2017-06-02,0.004100184485026342
1,2017-06-03,0.00410009375868867
1,2017-06-04,0.004100718534142348
1,2017-06-05,0.004102177573988067
1,2017-06-06,0.004104502570406374
1,2017-06-07,0.004106878951786162
1,2017-06-08,0.004108030022908871
1,2017-06-09,0.0041073347698260786
1,2017-06-10,0.004105951096526953
1,2017-06-11,0.004105007637763596
1,2017-06-12,0.004105127500507556
1,2017-06-13,0.004106184322738345
1,2017-06-14,0.004107867937933347
1,2017-06-15,0.004110323070417723
1,2017-06-16,0.004113536722648439
1,2017-06-17,0.004117512781627256
1,2017-06-18,0.004121882054780996
1,2017-06-19,0.004126141174803404
1,2017-06-20,0.004129762537951585
1,2017-06-21,0.004132381330522291
1,2017-06-22,0.004133636911873222
1,2017-06-23,0.004133020794907388
1,2017-06-24,0.004130662594018005
1,2017-06-25,0.0041272141252022936
1,2017-06-26,0.004123554723904809
1,2017-06-27,0.004120725522520723
1,2017-06-28,0.004118852241664247
1,2017-06-29,0.004117555434274115
1,2017-06-30,0.004117014815330482
1,2017-07-01,0.004117236581969382
1,2017-07-02,0.004117724535998967
1,2017-07-03,0.004117361816758692
1,2017-07-04,0.004116558995506333
1,2017-07-05,0.004115860162835865
1,2017-07-06,0.00411543521431729
1,2017-07-07,0.004115159909923335
1,2017-07-08,0.004115312385777951
1,2017-07-09,0.004116284349162325
1,2017-07-10,0.004118231909347566
1,2017-07-11,0.004121259121417354
1,2017-07-12,0.004124898269466128
1,2017-07-13,0.004128865688526408
1,2017-07-14,0.004133101751731334
1,2017-07-15,0.004136884570139828
1,2017-07-16,0.004138896577785069
1,2017-07-17,0.00413831555336679
1,2017-07-18,0.0041361685938224625
1,2017-07-19,0.004133263591125178
1,2017-07-20,0.0041298825778277
1,2017-07-21,0.004126214051487661
1,2017-07-22,0.004121903722633696
1,2017-07-23,0.004117750034701138
1,2017-07-24,0.004114851090328563
1,2017-07-25,0.004113759907471811
1,2017-07-26,0.004114587612307746
1,2017-07-27,0.004117218655010437
1,2017-07-28,0.004121055177018631
1,2017-07-29,0.004125463571618981
1,2017-07-30,0.004129392388094868
1,2017-07-31,0.004132804879314358
1,2017-08-01,0.0041363409665828264
1,2017-08-02,0.004139650353855325
1,2017-08-03,0.004141611692388778
1,2017-08-04,0.004141032533415804
1,2017-08-05,0.004138672909069111
1,2017-08-06,0.004135609883449746
1,2017-08-07,0.004132927764907774
1,2017-08-08,0.00413147593455036
1,2017-08-09,0.004131581904216034
1,2017-08-10,0.00413366773513112
1,2017-08-11,0.004137531119246186
1,2017-08-12,0.004142322672588048
1,2017-08-13,0.004146553595404005
1,2017-08-14,0.004149997590185559
1,2017-08-15,0.004153538899782646
1,2017-08-16,0.004156807500908594
1,2017-08-17,0.004158160137147853
1,2017-08-18,0.004155500716350961
1,2017-08-19,0.0041487215579228305
1,2017-08-20,0.004139293876860215
1,2017-08-21,0.004129179431345772
1,2017-08-22,0.004119996960351976
1,2017-08-23,0.00411245156260143
1,2017-08-24,0.004106644271459205
1,2017-08-25,0.00410211905437247
1,2017-08-26,0.004098760193381106
1,2017-08-27,0.004096442568287447
1,2017-08-28,0.004095565814474508
1,2017-08-29,0.004095889694448438
1,2017-08-30,0.004096950750018317
1,2017-08-31,0.004097834941198333
1,2017-09-01,0.0040984261766157624
1,2017-09-02,0.004099354726431425
1,2017-09-03,0.004101281915114736
1,2017-09-04,0.004104604260602728
1,2017-09-05,0.004108959181232174
1,2017-09-06,0.004113647122900615
1,2017-09-07,0.004118421468448614
1,2017-09-08,0.004123186171281875
1,2017-09-09,0.004127497399784057
1,2017-09-10,0.004130817096523087
1,2017-09-11,0.004133053724012115
1,2017-09-12,0.0041342303696201045
1,2017-09-13,0.004134371163019578
1,2017-09-14,0.0041336326429272825
1,2017-09-15,0.004132245449623626
1,2017-09-16,0.004129996558175138
1,2017-09-17,0.004127714855954718
1,2017-09-18,0.004126187939218536
1,2017-09-19,0.004125834824090017
1,2017-09-20,0.00412598408842214
1,2017-09-21,0.004126111776205105
1,2017-09-22,0.004126513705682944
1,2017-09-23,0.00412729514021724
1,2017-09-24,0.004128387382473422
1,2017-09-25,0.004129503072317128
1,2017-09-26,0.004130675785191971
1,2017-09-27,0.004131871390077379
1,2017-09-28,0.004132743548933528
1,2017-09-29,0.004133130626174025
1,2017-09-30,0.004133293057240448
1,2017-10-01,0.004133936145812856
1,2017-10-02,0.004135557637829895
1,2017-10-03,0.004138557744659644
1,2017-10-04,0.004142612024069767
1,2017-10-05,0.004147627786874764
1,2017-10-06,0.004153138619356785
1,2017-10-07,0.00415753125224121
1,2017-10-08,0.004159272527910356
1,2017-10-09,0.004158290645869204
1,2017-10-10,0.004156105178112105
1,2017-10-11,0.00415360302204482
1,2017-10-12,0.004151243813509484
1,2017-10-13,0.0041485945692933575
1,2017-10-14,0.0041445571029690605
1,2017-10-15,0.004139749471384967
1,2017-10-16,0.004135533823656137
1,2017-10-17,0.004132908555728409
1,2017-10-18,0.004131889488347137
1,2017-10-19,0.004132001428076893
1,2017-10-20,0.004133036709614974
1,2017-10-21,0.004134280148590911
1,2017-10-22,0.0041342953073748336
1,2017-10-23,0.004133001727510705
1,2017-10-24,0.004131344532510666
1,2017-10-25,0.004129707878296609
1,2017-10-26,0.00412792734867241
1,2017-10-27,0.0041255935339340084
1,2017-10-28,0.004121871452707367
1,2017-10-29,0.004117160612308195
1,2017-10-30,0.0041127530259582636
1,2017-10-31,0.004109648179139076
1,2017-11-01,0.004108001411020388
1,2017-11-02,0.004107405064279448
1,2017-11-03,0.004107665047578871
1,2017-11-04,0.004108563820604861
1,2017-11-05,0.0041096063748433075
1,2017-11-06,0.004110993681865297
1,2017-11-07,0.004112752877001354
1,2017-11-08,0.004114883389819472
1,2017-11-09,0.004116948570412882
1,2017-11-10,0.004118238270384409
1,2017-11-11,0.004118500438419891
1,2017-11-12,0.004117917556719666
1,2017-11-13,0.004116635375131367
1,2017-11-14,0.004115169911779567
1,2017-11-15,0.004113952179021305
1,2017-11-16,0.004113327284797148
1,2017-11-17,0.00411316020662467
1,2017-11-18,0.0041131864009846565
1,2017-11-19,0.004113245109574209
1,2017-11-20,0.004113958579238696
1,2017-11-21,0.004115355155846292
1,2017-11-22,0.004116830579660873
1,2017-11-23,0.004117472313510059
1,2017-11-24,0.004117324807476553
1,2017-11-25,0.004116495444638931
1,2017-11-26,0.004115443286151706
1,2017-11-27,0.004114826533192371
1,2017-11-28,0.004114804623022845
1,2017-11-29,0.004115155802218263
1,2017-11-30,0.004115917984045276
1,2017-12-01,0.004116847103288069
1,2017-12-02,0.004117579681762882
1,2017-12-03,0.004117889417027603
1,2017-12-04,0.004118064728976075
1,2017-12-05,0.0041181099826808655
1,2017-12-06,0.004117881307415718
1,2017-12-07,0.0041172391846364224
1,2017-12-08,0.004116273712499546
1,2017-12-09,0.004114491508203585
1,2017-12-10,0.004112226403124131
1,2017-12-11,0.0041101034306271315
1,2017-12-12,0.004108599179767709
1,2017-12-13,0.004107724017642398
1,2017-12-14,0.004107468987687563
1,2017-12-15,0.004107956156829153
1,2017-12-16,0.0041087555429816965
1,2017-12-17,0.004109604439371594
1,2017-12-18,0.0041102419378819775
1,2017-12-19,0.004110706001249017
1,2017-12-20,0.004110970565877888
1,2017-12-21,0.004111349579176044
1,2017-12-22,0.004111250908459308
1,2017-12-23,0.004110153596725039
1,2017-12-24,0.004108356673526419
1,2017-12-25,0.004106328359037337
1,2017-12-26,0.0041049510753473455
1,2017-12-27,0.004104431327003239
1,2017-12-28,0.004104616679011994
1,2017-12-29,0.004105705681476311
1,2017-12-30,0.004107357074237556
1,2017-12-31,0.004108975534617861
1,2018-01-01,0.004110444400172181
1,2018-01-02,0.004112190290320502
1,2018-01-03,0.004114468991189394
1,2018-01-04,0.004117017664055405
1,2018-01-05,0.00411929106060915
1,2018-01-06,0.004120825565832233
1,2018-01-07,0.004121605829460157
1,2018-01-08,0.004121466115648096
1,2018-01-09,0.004120490943301868
1,2018-01-10,0.004118767092592793
1,2018-01-11,0.004116531288665289
1,2018-01-12,0.004114677277345744
1,2018-01-13,0.0041136772954025215
1,2018-01-14,0.004113164661268352
1,2018-01-15,0.0041127856324150135
1,2018-01-16,0.004112506904610843
1,2018-01-17,0.004112130365209066
1,2018-01-18,0.004111738224975795
1,2018-01-19,0.004111368674742991
1,2018-01-20,0.004110894038396002
1,2018-01-21,0.004110538698040175
1,2018-01-22,0.004110708736398013
1,2018-01-23,0.004111257251185014
1,2018-01-24,0.0041119594457069315
1,2018-01-25,0.004112626661345636
1,2018-01-26,0.00411302706064685
1,2018-01-27,0.004113203796435292
1,2018-01-28,0.004112946585192363
1,2018-01-29,0.0041125375587971295
1,2018-01-30,0.004112072609571204
1,2018-01-31,0.004111403871856403
1,2018-02-01,0.004110150243795994
1,2018-02-02,0.0041082920321619774
1,2018-02-03,0.004105398971409099
1,2018-02-04,0.004101786209832595
1,2018-02-05,0.004098191136647295
1,2018-02-06,0.0040953095049417985
1,2018-02-07,0.0040935391968293135
1,2018-02-08,0.004093155663344717
1,2018-02-09,0.004094139320526786
1,2018-02-10,0.004096470866911287
1,2018-02-11,0.004099910987172498
1,2018-02-12,0.004104263866893585
1,2018-02-13,0.004108947051002388
1,2018-02-14,0.004113343104015125
1,2018-02-15,0.004116580622877609
1,2018-02-16,0.004118299391305719
1,2018-02-17,0.004118605163485663
1,2018-02-18,0.004118057567604406
1,2018-02-19,0.004117306851470225
1,2018-02-20,0.004116998839862374
1,2018-02-21,0.0041176482830480345
1,2018-02-22,0.0041194941958332155
1,2018-02-23,0.0041219434798547595
1,2018-02-24,0.004124594730474728
1,2018-02-25,0.004127825682878592
1,2018-02-26,0.00413242557805998
1,2018-02-27,0.0041382774487896505
1,2018-02-28,0.004144998179795623
1,2018-03-01,0.004151659003138217
1,2018-03-02,0.004157207411733723
1,2018-03-03,0.004161280259616557
1,2018-03-04,0.004163900737499813
1,2018-03-05,0.004164589426494596
1,2018-03-06,0.00416301264450945
1,2018-03-07,0.004159282621269387
1,2018-03-08,0.004153980819084625
1,2018-03-09,0.00414858807542751
1,2018-03-10,0.004143768897029016
1,2018-03-11,0.004140110545916242
1,2018-03-12,0.004137269886311721
1,2018-03-13,0.0041347604955074314
1,2018-03-14,0.004132001589827943
1,2018-03-15,0.004128936369648343
1,2018-03-16,0.0041252827701985
1,2018-03-17,0.004120994116809027
1,2018-03-18,0.004116487561708498
1,2018-03-19,0.004112020724346629
1,2018-03-20,0.004107918290871374
1,2018-03-21,0.004104169146383379
1,2018-03-22,0.004100553051894853
1,2018-03-23,0.004097187029326783
1,2018-03-24,0.004094628607539574
1,2018-03-25,0.00409332659634425
1,2018-03-26,0.004093190069984053
1,2018-03-27,0.004093635709745285
1,2018-03-28,0.00409417451908697
1,2018-03-29,0.004094575221369513
1,2018-03-30,0.004094780781068504
1,2018-03-31,0.0040943201278205894
1,2018-04-01,0.004093246666344644
1,2018-04-02,0.004091729152088355
1,2018-04-03,0.004089832238120549
1,2018-04-04,0.004087668001571721
1,2018-04-05,0.004085574071386534
1,2018-04-06,0.004084122681516294
1,2018-04-07,0.0040836065747434265
1,2018-04-08,0.004083962083070023
1,2018-04-09,0.004084888603614303
1,2018-04-10,0.004086025572709175
1,2018-04-11,0.004086850454637348
1,2018-04-12,0.0040873661428265685
1,2018-04-13,0.004087506449367829
1,2018-04-14,0.004087477849756691
1,2018-04-15,0.004087732996555207
1,2018-04-16,0.00408871963368233
1,2018-04-17,0.004090323912315289
1,2018-04-18,0.004092632845417613
1,2018-04-19,0.004095654745786593
1,2018-04-20,0.004098836089006134
1,2018-04-21,0.004102015908469644
1,2018-04-22,0.004104957802240353
1,2018-04-23,0.004107962727878039
1,2018-04-24,0.004111028644302069
1,2018-04-25,0.0041137069355910195
1,2018-04-26,0.004115333073816518
1,2018-04-27,0.00411572773692832
1,2018-04-28,0.004114598873140505
1,2018-04-29,0.004112762496250446
1,2018-04-30,0.004110868818687757
1,2018-05-01,0.004108877293403628
1,2018-05-02,0.004106875385483367
1,2018-05-03,0.0041052337536809334
1,2018-05-04,0.004104556936668755
1,2018-05-05,0.0041051889871037035
1,2018-05-06,0.004106993466139391
1,2018-05-07,0.004109850440698334
1,2018-05-08,0.0041133477153955204
1,2018-05-09,0.004116482039681516
1,2018-05-10,0.0041182681131584735
1,2018-05-11,0.004118200978725551
1,2018-05-12,0.00411601862380755
1,2018-05-13,0.0041124164787763005
1,2018-05-14,0.004108850842359259
1,2018-05-15,0.004106188846015529
1,2018-05-16,0.004104806630438131
1,2018-05-17,0.004104293638428656
1,2018-05-18,0.004104219013451527
1,2018-05-19,0.0041046852155555945
1,2018-05-20,0.004106338564080627
1,2018-05-21,0.004109929427140304
1,2018-05-22,0.0041153026338764075
1,2018-05-23,0.004121792746259689
1,2018-05-24,0.004128168397999694
1,2018-05-25,0.004133648451556924
1,2018-05-26,0.0041378556326902675
1,2018-05-27,0.004140524131759003
1,2018-05-28,0.004141058457836629
1,2018-05-29,0.004139043831295718
1,2018-05-30,0.004134804406709099
1,2018-05-31,0.004128931452867118
1,2018-06-01,0.0041229589979908145
1,2018-06-02,0.0041180979787428205
1,2018-06-03,0.004114827873716188
1,2018-06-04,0.0041126903548308925
1,2018-06-05,0.004111373836197533
1,2018-06-06,0.004110480252084731
1,2018-06-07,0.0041097125353891616
1,2018-06-08,0.0041089761156792755
1,2018-06-09,0.004108450950869775
1,2018-06-10,0.004108261478960592
1,2018-06-11,0.0041080925098621775
1,2018-06-12,0.004107364476080327
1,2018-06-13,0.004105805036258747
1,2018-06-14,0.004103649127568023
1,2018-06-15,0.004102071859413022
1,2018-06-16,0.004101931800738864
1,2018-06-17,0.004103845617628981
1,2018-06-18,0.004107369586065685
1,2018-06-19,0.004111807049703067
1,2018-06-20,0.004116562173085567
1,2018-06-21,0.004121105795771369
1,2018-06-22,0.004124878463174438
1,2018-06-23,0.0041271101808281856
1,2018-06-24,0.004127469868222346
1,2018-06-25,0.00412554231985111
1,2018-06-26,0.0041211384178478465
1,2018-06-27,0.0041146092520159515
1,2018-06-28,0.004107186633731264
1,2018-06-29,0.004100743400122991
1,2018-06-30,0.00409658129248763
1,2018-07-01,0.004095139456611285
1,2018-07-02,0.004095611360654557
1,2018-07-03,0.0040968989782566335
1,2018-07-04,0.004098001932449181
1,2018-07-05,0.004098819926566664
1,2018-07-06,0.00409929339082089
1,2018-07-07,0.004099015046885968
1,2018-07-08,0.004098390945524163
1,2018-07-09,0.004098062299705902
1,2018-07-10,0.004097848027510825
1,2018-07-11,0.004097684173858005
1,2018-07-12,0.0040978237518225664
1,2018-07-13,0.004098302563427105
1,2018-07-14,0.004099612698004369
1,2018-07-15,0.004101832825846422
1,2018-07-16,0.00410491272375094
1,2018-07-17,0.004108424299040878
1,2018-07-18,0.0041114473970923805
1,2018-07-19,0.0041132451046926345
1,2018-07-20,0.004113395231236969
1,2018-07-21,0.00411142363313188
1,2018-07-22,0.004108412521676808
1,2018-07-23,0.0041054945900528515
1,2018-07-24,0.004102820691295975
1,2018-07-25,0.004100439908876378
1,2018-07-26,0.004098676968923357
1,2018-07-27,0.004097921330143115
1,2018-07-28,0.004098296863460988
1,2018-07-29,0.004099645930316847
1,2018-07-30,0.004101734191271234
1,2018-07-31,0.004104138947355503
1,2018-08-01,0.004106235527766216
1,2018-08-02,0.0041069284976498095
1,2018-08-03,0.0041062632661182895
1,2018-08-04,0.004104346438125368
1,2018-08-05,0.004102210746522821
1,2018-08-06,0.004100695913958733
1,2018-08-07,0.004099950046419675
1,2018-08-08,0.0041001312132594
1,2018-08-09,0.004101158734449276
1,2018-08-10,0.004102843583232974
1,2018-08-11,0.004104974400600019
1,2018-08-12,0.004107790045681844
1,2018-08-13,0.004111634039969694
1,2018-08-14,0.004116433072792084
1,2018-08-15,0.004122098684174649
1,2018-08-16,0.004127737607622844
1,2018-08-17,0.004132344345409617
1,2018-08-18,0.004135681196274884
1,2018-08-19,0.0041375955394653725
1,2018-08-20,0.004137087780739599
1,2018-08-21,0.00413375415447129
1,2018-08-22,0.0041281543610012204
1,2018-08-23,0.004121348351834978
1,2018-08-24,0.004115295351415655
1,2018-08-25,0.004111163991484933
1,2018-08-26,0.004109675202404853
1,2018-08-27,0.004110438077999757
1,2018-08-28,0.004113026403437848
1,2018-08-29,0.004117009974043285
1,2018-08-30,0.0041218850793776456
1,2018-08-31,0.004126874338717387
1,2018-09-01,0.004131854559452638
1,2018-09-02,0.004136528721878873
1,2018-09-03,0.004139763480936174
1,2018-09-04,0.004140503992295156
1,2018-09-05,0.0041384780214326865
1,2018-09-06,0.004134220941883319
1,2018-09-07,0.00412937126105686
1,2018-09-08,0.004125340651522969
1,2018-09-09,0.004123290870996842
1,2018-09-10,0.0041226421587001565
1,2018-09-11,0.0041226721119767724
1,2018-09-12,0.004123101350850884
1,2018-09-13,0.004123633221622711
1,2018-09-14,0.004124156539732884
1,2018-09-15,0.004123799837614465
1,2018-09-16,0.004122483657472215
1,2018-09-17,0.004120423838624484
1,2018-09-18,0.004117554622232306
1,2018-09-19,0.004113907286151724
1,2018-09-20,0.004109982324752012
1,2018-09-21,0.004106405801656252
1,2018-09-22,0.00410371904034636
1,2018-09-23,0.004102312467457205
1,2018-09-24,0.004102078840490273
1,2018-09-25,0.004102459454664312
1,2018-09-26,0.004102676173854503
1,2018-09-27,0.004102420686570175
1,2018-09-28,0.004101584628271645
1,2018-09-29,0.004099834129209074
1,2018-09-30,0.004097726625597788
1,2018-10-01,0.004096188314366211
1,2018-10-02,0.004095519865313559
1,2018-10-03,0.0040958363417034245
1,2018-10-04,0.004097405069314882
1,2018-10-05,0.004099938769631609
1,2018-10-06,0.0041033939282464175
1,2018-10-07,0.004107374249720314
1,2018-10-08,0.004111614846619201
1,2018-10-09,0.004115752849644928
1,2018-10-10,0.004119767301931431
1,2018-10-11,0.0041230070491544805
1,2018-10-12,0.004124717251764377
1,2018-10-13,0.004124628596045499
1,2018-10-14,0.004123663720820504
1,2018-10-15,0.004122322281640559
1,2018-10-16,0.004120397599437112
1,2018-10-17,0.0041179080830468055
1,2018-10-18,0.004115390070973449
1,2018-10-19,0.0041134752331187414
1,2018-10-20,0.004112120012556352
1,2018-10-21,0.004111113149741805
1,2018-10-22,0.004110695848429834
1,2018-10-23,0.004111067297967317
1,2018-10-24,0.004112147764563898
1,2018-10-25,0.004113037966401046
1,2018-10-26,0.004113212448360267
1,2018-10-27,0.004112339952104863
1,2018-10-28,0.004111159078247422
1,2018-10-29,0.0041103164973750085
1,2018-10-30,0.004109870346518465
1,2018-10-31,0.004109622079253309
1,2018-11-01,0.004109433487897152
1,2018-11-02,0.0041093448356244
1,2018-11-03,0.004109281164193689
1,2018-11-04,0.004109095489565184
1,2018-11-05,0.004109027959544643
1,2018-11-06,0.004109296997017672
1,2018-11-07,0.004109981933679879
1,2018-11-08,0.004110741757187734
1,2018-11-09,0.004111636858224816
1,2018-11-10,0.004112687271365791
1,2018-11-11,0.004113891197465757
1,2018-11-12,0.004115011368116501
1,2018-11-13,0.004115836478270882
1,2018-11-14,0.004116300051879494
1,2018-11-15,0.00411659940276583
1,2018-11-16,0.004117196260328335
1,2018-11-17,0.004118272545894638
1,2018-11-18,0.004119615525086915
1,2018-11-19,0.004121056339760027
1,2018-11-20,0.004122735627976302
1,2018-11-21,0.004124469547426544
1,2018-11-22,0.0041256254991590795
1,2018-11-23,0.004125746309433912
1,2018-11-24,0.004124945841276515
1,2018-11-25,0.004123506080169998
1,2018-11-26,0.00412173980230161
1,2018-11-27,0.004119892133050012
1,2018-11-28,0.004117988554550669
1,2018-11-29,0.004115623258173263
1,2018-11-30,0.004112865253525982
1,2018-12-01,0.004110086917371237
1,2018-12-02,0.0041074564869114615
1,2018-12-03,0.004104942994829604
1,2018-12-04,0.004102744328710457
1,2018-12-05,0.004101051828044381
1,2018-12-06,0.004099919769884986
1,2018-12-07,0.004099375336466458
1,2018-12-08,0.004099144291158787
1,2018-12-09,0.00409904458868739
1,2018-12-10,0.00409898716462077
1,2018-12-11,0.00409878920986852
1,2018-12-12,0.004098384192156291
1,2018-12-13,0.004097981099849827
1,2018-12-14,0.004097914549819091
1,2018-12-15,0.004098272606548461
1,2018-12-16,0.004099011547238959
1,2018-12-17,0.004100102359332867
1,2018-12-18,0.004101409349749858
1,2018-12-19,0.004102830960935205
1,2018-12-20,0.004104153462043101
1,2018-12-21,0.004105117235372661
1,2018-12-22,0.00410526687044788
1,2018-12-23,0.0041045532007925635
1,2018-12-24,0.004103581428171136
1,2018-12-25,0.004102833133023603
1,2018-12-26,0.004102306212191393
1,2018-12-27,0.004102297161054685
1,2018-12-28,0.004102913399921509
1,2018-12-29,0.004104383248788607
1,2018-12-30,0.0041063638888921665
1,2018-12-31,0.004108579988144987
1,2019-01-01,0.0041111295775996225
1,2019-01-02,0.004113992329239379
1,2019-01-03,0.004116791988824187
1,2019-01-04,0.004119216823646275
1,2019-01-05,0.004121354199920591
1,2019-01-06,0.004123949957452206
1,2019-01-07,0.004127240228720259
1,2019-01-08,0.004130648955614897
1,2019-01-09,0.004133806459239522
1,2019-01-10,0.0041363723042355145
1,2019-01-11,0.00413778813634701
1,2019-01-12,0.004138464089922914
1,2019-01-13,0.0041386226369897715
1,2019-01-14,0.00413897182866799
1,2019-01-15,0.0041395760981141165
1,2019-01-16,0.004139994844784143
1,2019-01-17,0.004139276173197749
1,2019-01-18,0.004137043913444053
1,2019-01-19,0.00413340610828462
1,2019-01-20,0.004129004204845434
1,2019-01-21,0.004124617575777586
1,2019-01-22,0.004121059276856295
1,2019-01-23,0.0041185278178194305
1,2019-01-24,0.004116822270853974
1,2019-01-25,0.004115642629941605
1,2019-01-26,0.004114702003209573
1,2019-01-27,0.00411390102816352
1,2019-01-28,0.004113517479945771
1,2019-01-29,0.004113900890967099
1,2019-01-30,0.0041151825117615275
1,2019-01-31,0.00411688231282625
1,2019-02-01,0.004118878201463432
1,2019-02-02,0.004120382085465637
1,2019-02-03,0.004120201228028659
1,2019-02-04,0.00411774075789215
1,2019-02-05,0.004113577029728876
1,2019-02-06,0.004109117747339273
1,2019-02-07,0.004105260456014993
1,2019-02-08,0.004102164000621359
1,2019-02-09,0.004099690330283134
1,2019-02-10,0.004097859938634946
1,2019-02-11,0.004096398489897197
1,2019-02-12,0.004095480017757006
1,2019-02-13,0.004095231918047022
1,2019-02-14,0.0040958036894747675
1,2019-02-15,0.004097162608765376
1,2019-02-16,0.004099356879108038
1,2019-02-17,0.004102095401195816
1,2019-02-18,0.004105194119730673
1,2019-02-19,0.004108686034467051
1,2019-02-20,0.004112406212437764
1,2019-02-21,0.004116028624073748
1,2019-02-22,0.004119324924260228
1,2019-02-23,0.004122305925952054
1,2019-02-24,0.004124694115880092
1,2019-02-25,0.00412630447651249
1,2019-02-26,0.004127532478470471
1,2019-02-27,0.004128809681184609
1,2019-02-28,0.004130336695823456
1,2019-03-01,0.004132193746013011
1,2019-03-02,0.0041344883737997155
1,2019-03-03,0.0041369889929581925
1,2019-03-04,0.004139522629652562
1,2019-03-05,0.004141858969877319
1,2019-03-06,0.004143914263689343
1,2019-03-07,0.004145088345504044
1,2019-03-08,0.00414497519230644
1,2019-03-09,0.004143969696032982
1,2019-03-10,0.004142262791265745
1,2019-03-11,0.004140029171227851
1,2019-03-12,0.004137257488596505
1,2019-03-13,0.004133757687696003
1,2019-03-14,0.004129711928535635
1,2019-03-15,0.00412465588468813
1,2019-03-16,0.004118307942387187
1,2019-03-17,0.004111240319340261
1,2019-03-18,0.004104176333179988
1,2019-03-19,0.004097824819464236
1,2019-03-20,0.0040927250699292865
1,2019-03-21,0.004089103653444167
1,2019-03-22,0.004086888484608361
1,2019-03-23,0.00408614855943654
1,2019-03-24,0.004086910743814228
1,2019-03-25,0.0040891308783725
1,2019-03-26,0.0040925609015409585
1,2019-03-27,0.004096883968450978
1,2019-03-28,0.004101958436495353
1,2019-03-29,0.004107169845719582
1,2019-03-30,0.004111175942051185
1,2019-03-31,0.004112851872918214
1,2019-04-01,0.004111768341406644
1,2019-04-02,0.004108635311311965
1,2019-04-03,0.00410497410164876
1,2019-04-04,0.0041019766284054494
1,2019-04-05,0.004099699218511884
1,2019-04-06,0.0040976538320288795
1,2019-04-07,0.00409598951594908
1,2019-04-08,0.004094946226420013
1,2019-04-09,0.004094900664474318
1,2019-04-10,0.004095905330140915
1,2019-04-11,0.004097336603898601
1,2019-04-12,0.0040984074130542315
1,2019-04-13,0.004098458876869524
1,2019-04-14,0.004097048702009217
1,2019-04-15,0.004094333232325376
1,2019-04-16,0.004091218898617483
1,2019-04-17,0.00408861606851876
1,2019-04-18,0.004087042444329444
1,2019-04-19,0.004086310854580718
1,2019-04-20,0.0040860141438969315
1,2019-04-21,0.004085866035339222
1,2019-04-22,0.00408577977147111
1,2019-04-23,0.004085841340288072
1,2019-04-24,0.00408613709776454
1,2019-04-25,0.004086550008132
1,2019-04-26,0.004087005453608215
1,2019-04-27,0.004087491434446169
1,2019-04-28,0.004087959138210005
1,2019-04-29,0.0040885170886721285
1,2019-04-30,0.004089431385731732
1,2019-05-01,0.00409088140836705
1,2019-05-02,0.004092784835014688
1,2019-05-03,0.004095160535195267
1,2019-05-04,0.00409801200639796
1,2019-05-05,0.004101285450505348
1,2019-05-06,0.004105481550900656
1,2019-05-07,0.004112409201482193
1,2019-05-08,0.004118953717369516
1,2019-05-09,0.004124318152284322
1,2019-05-10,0.004127334238041892
1,2019-05-11,0.0041281943550773754
1,2019-05-12,0.004128167666223755
1,2019-05-13,0.004128770194145651
1,2019-05-14,0.00412971452704115
1,2019-05-15,0.004129021710651323
1,2019-05-16,0.004129007669634175
1,2019-05-17,0.004129902122836527
1,2019-05-18,0.0041298783543471836
1,2019-05-19,0.004128251842511029
1,2019-05-20,0.004123951023309046
1,2019-05-21,0.0041171469469440496
1,2019-05-22,0.004113155805514985
1,2019-05-23,0.004111000306987727
1,2019-05-24,0.004110054265341657
1,2019-05-25,0.004109986710630429
1,2019-05-26,0.004110820091657596
1,2019-05-27,0.004112266206820658
1,2019-05-28,0.004113976988896425
1,2019-05-29,0.004115832308111831
1,2019-05-30,0.004117157119017421
1,2019-05-31,0.004117253654487372
1,2019-06-01,0.0041165370347052525
1,2019-06-02,0.004115685445071838
1,2019-06-03,0.004115147279343114
1,2019-06-04,0.004114929447784094
1,2019-06-05,0.00411492367193381
1,2019-06-06,0.004114912161590854
1,2019-06-07,0.004114174296323599
1,2019-06-08,0.004112242815892144
1,2019-06-09,0.004109623275077735
1,2019-06-10,0.004107016058126096
1,2019-06-11,0.004105144995488887
1,2019-06-12,0.0041043243085595975
1,2019-06-13,0.004104448765037825
1,2019-06-14,0.0041051763421264716
1,2019-06-15,0.0041066306894528525
1,2019-06-16,0.004109291472507107
1,2019-06-17,0.004113120465941988
1,2019-06-18,0.0041181638112281725
1,2019-06-19,0.004124097019854351
1,2019-06-20,0.0041308109128330404
1,2019-06-21,0.004137709402217849
1,2019-06-22,0.00414293067658535
1,2019-06-23,0.00414521936481908
1,2019-06-24,0.0041439694493904285
1,2019-06-25,0.004139961811923675
1,2019-06-26,0.004135459919899113
1,2019-06-27,0.004131724746942792
1,2019-06-28,0.004128026627872174
1,2019-06-29,0.004124290813740997
1,2019-06-30,0.004121506575063143
1,2019-07-01,0.0041204565195234015
1,2019-07-02,0.0041211223506095705
1,2019-07-03,0.004123123046165907
1,2019-07-04,0.00412612303288282
1,2019-07-05,0.004129372196982856
1,2019-07-06,0.004131477065249942
1,2019-07-07,0.004130894693326854
1,2019-07-08,0.004127296082314481
1,2019-07-09,0.004122139634444504
1,2019-07-10,0.004117150641819913
1,2019-07-11,0.004113680392787682
1,2019-07-12,0.004111722951183738
1,2019-07-13,0.004110416589768583
1,2019-07-14,0.004109865942663018
1,2019-07-15,0.0041102774497889134
1,2019-07-16,0.004112069150277887
1,2019-07-17,0.0041154432087301095
1,2019-07-18,0.00412008610780976
1,2019-07-19,0.004125488424082054
1,2019-07-20,0.004130424123390774
1,2019-07-21,0.0041329624712621894
1,2019-07-22,0.004132342479657953
1,2019-07-23,0.004129561817485392
1,2019-07-24,0.004126222932885299
1,2019-07-25,0.004123241046856022
1,2019-07-26,0.00412069322928817
1,2019-07-27,0.0041183750751474894
1,2019-07-28,0.00411612331821461
1,2019-07-29,0.004113694902708822
1,2019-07-30,0.00411096481284071
1,2019-07-31,0.0041077206757357855
1,2019-08-01,0.004104681511018959
1,2019-08-02,0.0041023166745971056
1,2019-08-03,0.0041008887367801165
1,2019-08-04,0.004100509859126366
1,2019-08-05,0.004100837434419854
1,2019-08-06,0.004101646465029678
1,2019-08-07,0.004102873085841719
1,2019-08-08,0.004104901802523864
1,2019-08-09,0.004107879446675986
1,2019-08-10,0.004111429865363506
1,2019-08-11,0.0041148388686092045
1,2019-08-12,0.0041174372399177366
1,2019-08-13,0.00411943845860006
1,2019-08-14,0.004120773595260512
1,2019-08-15,0.0041218841612160086
1,2019-08-16,0.0041230685024946125
1,2019-08-17,0.0041243197768867194
1,2019-08-18,0.0041260915771905195
1,2019-08-19,0.004128188495778017
1,2019-08-20,0.004130153530247146
1,2019-08-21,0.004132260848005605
1,2019-08-22,0.0041340988654476225
1,2019-08-23,0.004134854712231576
1,2019-08-24,0.004134941430876313
1,2019-08-25,0.004134841969459419
1,2019-08-26,0.0041346945697870695
1,2019-08-27,0.00413389925522201
1,2019-08-28,0.004132052554205037
1,2019-08-29,0.004129454489877591
1,2019-08-30,0.00412583791238735
1,2019-08-31,0.0041212064237573474
1,2019-09-01,0.004116602855345371
1,2019-09-02,0.004112350817723435
1,2019-09-03,0.004108566491715173
1,2019-09-04,0.0041058348507278415
1,2019-09-05,0.004104331040747474
1,2019-09-06,0.0041035400095271075
1,2019-09-07,0.004103504671836542
1,2019-09-08,0.004104984709942711
1,2019-09-09,0.004108468872320869
1,2019-09-10,0.004113462807562768
1,2019-09-11,0.0041195157466783865
1,2019-09-12,0.00412645502283342
1,2019-09-13,0.004133509671146372
1,2019-09-14,0.004138771566954056
1,2019-09-15,0.004140215704601855
1,2019-09-16,0.00413707331662953
1,2019-09-17,0.0041305765406540705
1,2019-09-18,0.004123313335623099
1,2019-09-19,0.004117038567140189
1,2019-09-20,0.004111999995246866
1,2019-09-21,0.0041076838658465654
1,2019-09-22,0.004104607444124209
1,2019-09-23,0.004103006282934075
1,2019-09-24,0.0041031430692370745
1,2019-09-25,0.004104898277370424
1,2019-09-26,0.004108281708943052
1,2019-09-27,0.004113101799905466
1,2019-09-28,0.004118020290073441
1,2019-09-29,0.004120797321403236
1,2019-09-30,0.004119932045508683
1,2019-10-01,0.00411611658774028
1,2019-10-02,0.0041113329546594544
1,2019-10-03,0.004107250753711062
1,2019-10-04,0.004103954229812256
1,2019-10-05,0.0041011500879352646
1,2019-10-06,0.0040990911206643145
1,2019-10-07,0.0040975042575548785
1,2019-10-08,0.00409641390791048
1,2019-10-09,0.004095839665232113
1,2019-10-10,0.004095858326885176
1,2019-10-11,0.00409654442702977
1,2019-10-12,0.004097899151548092
1,2019-10-13,0.004098974065859847
1,2019-10-14,0.004099316097891641
1,2019-10-15,0.004099512955535279
1,2019-10-16,0.0040999497620235505
1,2019-10-17,0.004100540154143736
1,2019-10-18,0.004101243840979801
1,2019-10-19,0.004101968813702599
1,2019-10-20,0.0041024131159661074
1,2019-10-21,0.004102430355983993
1,2019-10-22,0.004101808881225039
1,2019-10-23,0.004100226193759129
1,2019-10-24,0.004098445047569291
1,2019-10-25,0.004096819406863263
1,2019-10-26,0.004095646137949136
1,2019-10-27,0.004095428109010379
1,2019-10-28,0.004095848529225888
1,2019-10-29,0.004096931456566848
1,2019-10-30,0.004098881856522667
1,2019-10-31,0.00410201088039153
1,2019-11-01,0.004106310636168852
1,2019-11-02,0.004111376014168198
1,2019-11-03,0.004116599061652636
1,2019-11-04,0.004121335335622787
1,2019-11-05,0.004125178535303541
1,2019-11-06,0.004127537745626412
1,2019-11-07,0.004128983345554508
1,2019-11-08,0.00412991908282093
1,2019-11-09,0.004130571918793121
1,2019-11-10,0.004131470559192999
1,2019-11-11,0.004132395933801557
1,2019-11-12,0.004133118603925314
1,2019-11-13,0.004133911469147673
1,2019-11-14,0.004134710505025379
1,2019-11-15,0.004135109807742083
1,2019-11-16,0.00413491752363496
1,2019-11-17,0.004134251693532275
1,2019-11-18,0.004133379704668056
1,2019-11-19,0.004132249500303612
1,2019-11-20,0.004130614595588628
1,2019-11-21,0.004128070088029862
1,2019-11-22,0.00412442427137252
1,2019-11-23,0.004120069235400901
1,2019-11-24,0.004115842881430149
1,2019-11-25,0.004111725679398711
1,2019-11-26,0.004107586722453333
1,2019-11-27,0.00410356559647734
1,2019-11-28,0.004099970832702932
1,2019-11-29,0.004096965488718515
1,2019-11-30,0.004094658254661234
1,2019-12-01,0.004093293418846861
1,2019-12-02,0.004093089669046809
1,2019-12-03,0.004093925321825811
1,2019-12-04,0.004095579150215103
1,2019-12-05,0.004097873099226389
1,2019-12-06,0.0041004535082626685
1,2019-12-07,0.004102796369501973
1,2019-12-08,0.004104364017854471
1,2019-12-09,0.004104632407514099
1,2019-12-10,0.004103748424828444
1,2019-12-11,0.004102286027283398
1,2019-12-12,0.004100712415908547
1,2019-12-13,0.004099202928963829
1,2019-12-14,0.004097958615106829
1,2019-12-15,0.004097052433574545
1,2019-12-16,0.004096607742529856
1,2019-12-17,0.004096749671095513
1,2019-12-18,0.004097603939040361
1,2019-12-19,0.0040991761831325225
1,2019-12-20,0.004101485660572331
1,2019-12-21,0.004104181660584152
1,2019-12-22,0.004106563151976505
1,2019-12-23,0.004107611050253566
1,2019-12-24,0.004107484590611773
1,2019-12-25,0.00410674172600654
1,2019-12-26,0.004106256200451384
1,2019-12-27,0.00410644903546498
1,2019-12-28,0.00410738507056475
1,2019-12-29,0.004109240187608217
1,2019-12-30,0.004112010395560289
1,2019-12-31,0.004115861218813643
1,2020-01-01,0.004120387003700123
1,2020-01-02,0.004125476482281249
1,2020-01-03,0.00413115016875144
1,2020-01-04,0.004137089124818947
1,2020-01-05,0.004142386659815592
1,2020-01-06,0.004146363981229178
1,2020-01-07,0.004149536049592565
1,2020-01-08,0.004152377332636601
1,2020-01-09,0.004154594933824116
1,2020-01-10,0.0041555613642661506
1,2020-01-11,0.004155652928745288
1,2020-01-12,0.004155069207921833
1,2020-01-13,0.004153713338413464
1,2020-01-14,0.00415160660081618
1,2020-01-15,0.004148548651672936
1,2020-01-16,0.004144551233383791
1,2020-01-17,0.004139384836902325
1,2020-01-18,0.004133504325078998
1,2020-01-19,0.004128162024152216
1,2020-01-20,0.004123620387738173
1,2020-01-21,0.0041198716752166124
1,2020-01-22,0.004117049285940807
1,2020-01-23,0.004115379373065182
1,2020-01-24,0.004114859600215324
1,2020-01-25,0.004114734825205666
1,2020-01-26,0.004114371269155748
1,2020-01-27,0.004113663944549855
1,2020-01-28,0.0041125546736210765
1,2020-01-29,0.004110750496101826
1,2020-01-30,0.004108546549640119
1,2020-01-31,0.0041062952434547904
1,2020-02-01,0.004104263789366142
1,2020-02-02,0.004102855803930838
1,2020-02-03,0.004101994108625089
1,2020-02-04,0.004101467740397224
1,2020-02-05,0.004100903938565843
1,2020-02-06,0.004100211735975166
1,2020-02-07,0.004099648628797647
1,2020-02-08,0.004099400108558155
1,2020-02-09,0.004099480305173316
1,2020-02-10,0.004099723321713839
1,2020-02-11,0.004100204485105643
1,2020-02-12,0.0041008030488408655
1,2020-02-13,0.004101495797873899
1,2020-02-14,0.004102310830548763
1,2020-02-15,0.004103151846381509
1,2020-02-16,0.004104152138830145
1,2020-02-17,0.004105308044529975
1,2020-02-18,0.0041064424668154804
1,2020-02-19,0.004107542172954063
1,2020-02-20,0.004108582800058071
1,2020-02-21,0.004109764332043683
1,2020-02-22,0.004111406906178217
1,2020-02-23,0.004113470587802457
1,2020-02-24,0.004116140716577305
1,2020-02-25,0.004119627031727021
1,2020-02-26,0.004123722394828808
1,2020-02-27,0.0041280789930508675
1,2020-02-28,0.0041326379615349886
1,2020-02-29,0.004137081244304005
1,2020-03-01,0.004140860339207245
1,2020-03-02,0.004143671731219014
1,2020-03-03,0.004145482105685296
1,2020-03-04,0.004146565663110221
1,2020-03-05,0.004147027908375695
1,2020-03-06,0.004146810455725684
1,2020-03-07,0.00414647710226489
1,2020-03-08,0.004146016585232327
1,2020-03-09,0.004145060248144965
1,2020-03-10,0.004143728789401457
1,2020-03-11,0.004142100856775435
1,2020-03-12,0.004140077032197046
1,2020-03-13,0.004137542265093195
1,2020-03-14,0.004134526546402537
1,2020-03-15,0.004131045912591027
1,2020-03-16,0.0041267823266200425
1,2020-03-17,0.004121872503518819
1,2020-03-18,0.004117016224791773
1,2020-03-19,0.004112707016214075
1,2020-03-20,0.0041087701628286545
1,2020-03-21,0.004105458384420658
1,2020-03-22,0.004102979484834592
1,2020-03-23,0.004101323985576232
1,2020-03-24,0.004100554827890967
1,2020-03-25,0.004100717536226924
1,2020-03-26,0.004101798900676457
1,2020-03-27,0.004103728921502899
1,2020-03-28,0.004106481003778504
1,2020-03-29,0.004109756784536043
1,2020-03-30,0.004113272939499656
1,2020-03-31,0.0041172583923284704
1,2020-04-01,0.0041216143336757945
1,2020-04-02,0.004125654819252939
1,2020-04-03,0.0041283991970857935
1,2020-04-04,0.004129227846957014
1,2020-04-05,0.004128326595096949
1,2020-04-06,0.004126435079080577
1,2020-04-07,0.0041239272723411595
1,2020-04-08,0.004120784686160218
1,2020-04-09,0.004116987319253227
1,2020-04-10,0.0041126515403173795
1,2020-04-11,0.00410820235469846
1,2020-04-12,0.004104580207062492
1,2020-04-13,0.0041018798100372865
1,2020-04-14,0.00410015806581478
1,2020-04-15,0.004099530507090433
1,2020-04-16,0.004100110879134259
1,2020-04-17,0.00410154025723047
1,2020-04-18,0.004103211352389034
1,2020-04-19,0.004104716237762363
1,2020-04-20,0.00410605668452128
1,2020-04-21,0.004107247480395603
1,2020-04-22,0.004108002992643248
1,2020-04-23,0.004108380294775112
1,2020-04-24,0.004108502683033911
1,2020-04-25,0.0041086276469799975
1,2020-04-26,0.0041090434700393925
1,2020-04-27,0.004109707199641561
1,2020-04-28,0.0041105450896705455
1,2020-04-29,0.004111610546163307
1,2020-04-30,0.0041129075546334805
1,2020-05-01,0.0041144971249174565
1,2020-05-02,0.004115935284461494
1,2020-05-03,0.004116794986797668
1,2020-05-04,0.0041170793951955005
1,2020-05-05,0.004116889727300784
1,2020-05-06,0.004116053018942658
1,2020-05-07,0.004114214554422704
1,2020-05-08,0.004111580073217141
1,2020-05-09,0.004108791261529739
1,2020-05-10,0.004106299991166681
1,2020-05-11,0.0041038918382208835
1,2020-05-12,0.00410161940191708
1,2020-05-13,0.004099742099801931
1,2020-05-14,0.004098732851778735
1,2020-05-15,0.0040988929490228775
1,2020-05-16,0.004100390974339212
1,2020-05-17,0.004102794910488237
1,2020-05-18,0.004106358306300798
1,2020-05-19,0.004111232833517279
1,2020-05-20,0.004116562457953724
1,2020-05-21,0.004121967989821371
1,2020-05-22,0.0041276493976024654
1,2020-05-23,0.004132843144014648
1,2020-05-24,0.004136375584385708
1,2020-05-25,0.004137977475844549
1,2020-05-26,0.004138060321822495
1,2020-05-27,0.004137453490178588
1,2020-05-28,0.004136328545346592
1,2020-05-29,0.004134452278835871
1,2020-05-30,0.004132573107112365
1,2020-05-31,0.004130758847787259
1,2020-06-01,0.004128784421582949
1,2020-06-02,0.004127013761415891
1,2020-06-03,0.0041254700305325305
1,2020-06-04,0.004124346149575065
1,2020-06-05,0.004123107166069544
1,2020-06-06,0.004121238623081013
1,2020-06-07,0.004118979204469162
1,2020-06-08,0.004116177116313898
1,2020-06-09,0.004113315390703375
1,2020-06-10,0.004111732947175335
1,2020-06-11,0.004112794762795486
1,2020-06-12,0.004115087181097595
1,2020-06-13,0.0041185024772425645
1,2020-06-14,0.004122851500895707
1,2020-06-15,0.004127902491625961
1,2020-06-16,0.004133524443689713
1,2020-06-17,0.004140064506528891
1,2020-06-18,0.004147479082100992
1,2020-06-19,0.004155626920778258
1,2020-06-20,0.004163709326382662
1,2020-06-21,0.004170613319263366
1,2020-06-22,0.004175652008309046
1,2020-06-23,0.00417938470652297
1,2020-06-24,0.004182310799829791
1,2020-06-25,0.004184044854465791
1,2020-06-26,0.004184591160596416
1,2020-06-27,0.004183406837972099
1,2020-06-28,0.004180695757165603
1,2020-06-29,0.004176829920589761
1,2020-06-30,0.004172287240035436
1,2020-07-01,0.00416738123135724
1,2020-07-02,0.004161872741240972
1,2020-07-03,0.004155477447193929
1,2020-07-04,0.0041484269455790874
1,2020-07-05,0.004142505370553096
1,2020-07-06,0.004138268989637043
1,2020-07-07,0.004136039430285423
1,2020-07-08,0.004135599723317691
1,2020-07-09,0.0041365763776555035
1,2020-07-10,0.0041381972377738975
1,2020-07-11,0.004139472141966954
1,2020-07-12,0.004139686373069235
1,2020-07-13,0.0041391424484886925
1,2020-07-14,0.0041377176338612855
1,2020-07-15,0.004134902741512129
1,2020-07-16,0.004130663848993427
1,2020-07-17,0.004125327766489478
1,2020-07-18,0.00411939954622181
1,2020-07-19,0.004113948821854726
1,2020-07-20,0.004109433943136145
1,2020-07-21,0.00410603321019715
1,2020-07-22,0.0041034128808382885
1,2020-07-23,0.004101654382176804
1,2020-07-24,0.004100934220335573
1,2020-07-25,0.004101119223769028
1,2020-07-26,0.004101690686207537
1,2020-07-27,0.004102247690916761
1,2020-07-28,0.004102772961859461
1,2020-07-29,0.004103121180217956
1,2020-07-30,0.004103312697487826
1,2020-07-31,0.004103389048588511
1,2020-08-01,0.004102828642394012
1,2020-08-02,0.004101491110321782
1,2020-08-03,0.004099508838776234
1,2020-08-04,0.004097214555750867
1,2020-08-05,0.004095208837756135
1,2020-08-06,0.0040940643439340806
1,2020-08-07,0.004094180105697304
1,2020-08-08,0.004095685123405437
1,2020-08-09,0.004098148605377185
1,2020-08-10,0.004101434911780184
1,2020-08-11,0.004105840563358141
1,2020-08-12,0.004111110705158769
1,2020-08-13,0.004116949058860179
1,2020-08-14,0.004123384321910627
1,2020-08-15,0.004129305126462788
1,2020-08-16,0.004133524854666181
1,2020-08-17,0.004135434353168963
1,2020-08-18,0.0041354162118672246
1,2020-08-19,0.004134260236614552
1,2020-08-20,0.004132320058754777
1,2020-08-21,0.004129850212149667
1,2020-08-22,0.004127924960869656
1,2020-08-23,0.004126776862131715
1,2020-08-24,0.004125885698223374
1,2020-08-25,0.004125516275912757
1,2020-08-26,0.00412598825281436
1,2020-08-27,0.004127147682865647
1,2020-08-28,0.004128339078309357
1,2020-08-29,0.004128751232097442
1,2020-08-30,0.004128369485062112
1,2020-08-31,0.00412693152631154
1,2020-09-01,0.004124651322553043
1,2020-09-02,0.004122427913974398
1,2020-09-03,0.004120738866762206
1,2020-09-04,0.004119527112265386
1,2020-09-05,0.0041190455174545774
1,2020-09-06,0.004119187528999094
1,2020-09-07,0.004119366143590628
1,2020-09-08,0.0041197996520865345
1,2020-09-09,0.004121005194540197
1,2020-09-10,0.004123439526853737
1,2020-09-11,0.004126516165384186
1,2020-09-12,0.0041296088447853145
1,2020-09-13,0.004132756602229223
1,2020-09-14,0.004135949334565698
1,2020-09-15,0.004139025045649326
1,2020-09-16,0.004141614762141092
1,2020-09-17,0.0041433294441281555
1,2020-09-18,0.00414399256027544
1,2020-09-19,0.004143358747522228
1,2020-09-20,0.004141705487179018
1,2020-09-21,0.004139285300367324
1,2020-09-22,0.0041362309843713425
1,2020-09-23,0.0041325842228253536
1,2020-09-24,0.004128281298729327
1,2020-09-25,0.004123606765259576
1,2020-09-26,0.004118798697707763
1,2020-09-27,0.004114842947565731
1,2020-09-28,0.004112284031410184
1,2020-09-29,0.004111378866100055
1,2020-09-30,0.004111526656644663
1,2020-10-01,0.004112257061897721
1,2020-10-02,0.004113024667994406
1,2020-10-03,0.004113752405735447
1,2020-10-04,0.004114318291806574
1,2020-10-05,0.004114988895750519
1,2020-10-06,0.004115514607756696
1,2020-10-07,0.004115370996133041
1,2020-10-08,0.0041145920359183345
1,2020-10-09,0.004113094835009708
1,2020-10-10,0.004110575676308872
1,2020-10-11,0.004107469859756876
1,2020-10-12,0.004104456100446952
1,2020-10-13,0.0041016380108763704
1,2020-10-14,0.004099157328419773
1,2020-10-15,0.004097254285590036
1,2020-10-16,0.004096249929947251
1,2020-10-17,0.004096081043704462
1,2020-10-18,0.00409610134610101
1,2020-10-19,0.0040962384887043325
1,2020-10-20,0.00409649374212601
1,2020-10-21,0.004097063655699219
1,2020-10-22,0.004097898812327031
1,2020-10-23,0.004099164242473436
1,2020-10-24,0.004100827135874088
1,2020-10-25,0.004102548125402724
1,2020-10-26,0.004103762604076491
1,2020-10-27,0.004104462954838847
1,2020-10-28,0.004105197946103294
1,2020-10-29,0.004106358153176188
1,2020-10-30,0.004108044603485076
1,2020-10-31,0.004110078572606996
1,2020-11-01,0.004111806805400246
1,2020-11-02,0.0041133881966594725
1,2020-11-03,0.004115004687607508
1,2020-11-04,0.0041163851284832485
1,2020-11-05,0.004117798846057275
1,2020-11-06,0.004119565951769221
1,2020-11-07,0.004121372136919165
1,2020-11-08,0.0041226664065947445
1,2020-11-09,0.004123179175633148
1,2020-11-10,0.004123114980420523
1,2020-11-11,0.00412325781271063
1,2020-11-12,0.004123711156532758
1,2020-11-13,0.00412422462113245
1,2020-11-14,0.004124891318860759
1,2020-11-15,0.004125425104411339
1,2020-11-16,0.004125747419058943
1,2020-11-17,0.0041259552813596966
1,2020-11-18,0.00412595770596377
1,2020-11-19,0.004125621437240188
1,2020-11-20,0.004124738675324747
1,2020-11-21,0.004123101054866216
1,2020-11-22,0.004120845746974525
1,2020-11-23,0.004117839745606994
1,2020-11-24,0.004114406202805631
1,2020-11-25,0.004111152505330954
1,2020-11-26,0.004108420589201179
1,2020-11-27,0.004106494605351594
1,2020-11-28,0.00410531236158761
1,2020-11-29,0.004104689154757871
1,2020-11-30,0.004104401832767824
1,2020-12-01,0.004104277147003423
1,2020-12-02,0.00410419778299945
1,2020-12-03,0.0041046488762677864
1,2020-12-04,0.004105256525603462
1,2020-12-05,0.004105515557605233
1,2020-12-06,0.004105498176523972
1,2020-12-07,0.004105420546881389
1,2020-12-08,0.0041049809095812136
1,2020-12-09,0.00410412574087617
1,2020-12-10,0.004103162191536298
1,2020-12-11,0.004102289624861245
1,2020-12-12,0.004101530306781422
1,2020-12-13,0.004100974007201014
1,2020-12-14,0.004100637037745217
1,2020-12-15,0.004100641753817403
1,2020-12-16,0.004101270818740361
1,2020-12-17,0.004102260397194326
1,2020-12-18,0.0041035722759751
1,2020-12-19,0.004105161414001603
1,2020-12-20,0.004107308338403535
1,2020-12-21,0.004110110669532856
1,2020-12-22,0.004113312293838715
1,2020-12-23,0.004116517255666394
1,2020-12-24,0.0041193820669188815
1,2020-12-25,0.004121501965304173
1,2020-12-26,0.00412270559997557
1,2020-12-27,0.004123054710005226
1,2020-12-28,0.004123071234237639
1,2020-12-29,0.004122592581647381
1,2020-12-30,0.004120923224416036
1,2020-12-31,0.004117051448614958
1,2021-01-01,0.0041137234582581984
1,2021-01-02,0.004110405099705023
1,2021-01-03,0.0041073865526282845
1,2021-01-04,0.004105267971085059
1,2021-01-05,0.004104308276049257
1,2021-01-06,0.004104655243936554
1,2021-01-07,0.004106264818338801
1,2021-01-08,0.0041088290644311805
1,2021-01-09,0.0041123723881165315
1,2021-01-10,0.00411585199000555
1,2021-01-11,0.004119159834311267
1,2021-01-12,0.004121886442508851
1,2021-01-13,0.0041236090856859205
1,2021-01-14,0.0041245214707608426
1,2021-01-15,NA
1,2021-01-16,NA
1,2021-01-17,NA
1,2021-01-18,NA
1,2021-01-19,NA
1,2021-01-20,NA
1,2021-01-21,NA
1,2021-01-22,NA
1,2021-01-23,NA
1,2021-01-24,NA
1,2021-01-25,NA
1,2021-01-26,NA
1,2021-01-27,NA
1,2021-01-28,NA
1,2021-01-29,NA
1,2021-01-30,NA
1,2021-01-31,NA
1,2021-02-01,NA
1,2021-02-02,NA
1,2021-02-03,NA
1,2021-02-04,NA
1,2021-02-05,NA
1,2021-02-06,NA
1,2021-02-07,NA
1,2021-02-08,NA
1,2021-02-09,NA
1,2021-02-10,NA
1,2021-02-11,NA
1,2021-02-12,NA
1,2021-02-13,NA
1,2021-02-14,NA
1,2021-02-15,NA
1,2021-02-16,NA
1,2021-02-17,NA
1,2021-02-18,NA
1,2021-02-19,NA
1,2021-02-20,NA
1,2021-02-21,NA
1,2021-02-22,NA
1,2021-02-23,NA
1,2021-02-24,NA
1,2021-02-25,NA
1,2021-02-26,NA
1,2021-02-27,NA
1,2021-02-28,NA
1,2021-03-01,NA
1,2021-03-02,NA
1,2021-03-03,NA
1,2021-03-04,NA
1,2021-03-05,NA
1,2021-03-06,NA
1,2021-03-07,NA
1,2021-03-08,NA
1,2021-03-09,NA
1,2021-03-10,NA
1,2021-03-11,NA
1,2021-03-12,NA
1,2021-03-13,NA
1,2021-03-14,NA
1,2021-03-15,NA
1,2021-03-16,NA
1,2021-03-17,NA
1,2021-03-18,NA
1,2021-03-19,NA
1,2021-03-20,NA
1,2021-03-21,NA
1,2021-03-22,NA
1,2021-03-23,NA
1,2021-03-24,NA
1,2021-03-25,NA
1,2021-03-26,NA
1,2021-03-27,NA
1,2021-03-28,NA
1,2021-03-29,NA
1,2021-03-30,NA
1,2021-03-31,NA
1,2021-04-01,NA
1,2021-04-02,NA
1,2021-04-03,NA
1,2021-04-04,NA
1,2021-04-05,NA
1,2021-04-06,NA
1,2021-04-07,NA
1,2021-04-08,NA
1,2021-04-09,NA
1,2021-04-10,NA
1,2021-04-11,NA
1,2021-04-12,NA
1,2021-04-13,NA
1,2021-04-14,NA
1,2021-04-15,NA
1,2021-04-16,NA
1,2021-04-17,NA
1,2021-04-18,NA
1,2021-04-19,NA
1,2021-04-20,NA
1,2021-04-21,NA
1,2021-04-22,NA
1,2021-04-23,NA
1,2021-04-24,NA
1,2021-04-25,NA
1,2021-04-26,NA
1,2021-04-27,NA
1,2021-04-28,NA
1,2021-04-29,NA
1,2021-04-30,NA
1,2021-05-01,NA
1,2021-05-02,NA
1,2021-05-03,NA
1,2021-05-04,NA
1,2021-05-05,NA
1,2021-05-06,NA
1,2021-05-07,NA
1,2021-05-08,NA
1,2021-05-09,NA
1,2021-05-10,NA
1,2021-05-11,NA
1,2021-05-12,NA
1,2021-05-13,NA
1,2021-05-14,NA
1,2021-05-15,NA
1,2021-05-16,NA
1,2021-05-17,NA
1,2021-05-18,NA
1,2021-05-19,NA
1,2021-05-20,NA
1,2021-05-21,NA
1,2021-05-22,NA
1,2021-05-23,NA
1,2021-05-24,NA
1,2021-05-25,NA
1,2021-05-26,NA
1,2021-05-27,NA
1,2021-05-28,NA
1,2021-05-29,NA
1,2021-05-30,NA
1,2021-05-31,NA
1,2021-06-01,NA
1,2021-06-02,NA
1,2021-06-03,NA
1,2021-06-04,NA
1,2021-06-05,NA
1,2021-06-06,NA
1,2021-06-07,NA
1,2021-06-08,NA
1,2021-06-09,NA
1,2021-06-10,NA
1,2021-06-11,NA
1,2021-06-12,NA
1,2021-06-13,NA
1,2021-06-14,NA
1,2021-06-15,NA
1,2021-06-16,NA
1,2021-06-17,NA
1,2021-06-18,NA
1,2021-06-19,NA
1,2021-06-20,NA
1,2021-06-21,NA
1,2021-06-22,NA
1,2021-06-23,NA
1,2021-06-24,NA
1,2021-06-25,NA
1,2021-06-26,NA
1,2021-06-27,NA
1,2021-06-28,NA
1,2021-06-29,NA
1,2021-06-30,NA
1,2021-07-01,NA
1,2021-07-02,NA
1,2021-07-03,NA
1,2021-07-04,NA
1,2021-07-05,NA
1,2021-07-06,NA
1,2021-07-07,NA
1,2021-07-08,NA
1,2021-07-09,NA
1,2021-07-10,NA
1,2021-07-11,NA
1,2021-07-12,NA
1,2021-07-13,NA
1,2021-07-14,NA
1,2021-07-15,NA
1,2021-07-16,NA
1,2021-07-17,NA
1,2021-07-18,NA
1,2021-07-19,NA
1,2021-07-20,NA
1,2021-07-21,NA
1,2021-07-22,NA
1,2021-07-23,NA
1,2021-07-24,NA
1,2021-07-25,NA
1,2021-07-26,NA
1,2021-07-27,NA
1,2021-07-28,NA
1,2021-07-29,NA
1,2021-07-30,NA
1,2021-07-31,NA
1,2021-08-01,NA
1,2021-08-02,NA
1,2021-08-03,NA
1,2021-08-04,NA
1,2021-08-05,NA
1,2021-08-06,NA
1,2021-08-07,NA
1,2021-08-08,NA
1,2021-08-09,NA
1,2021-08-10,NA
1,2021-08-11,NA
1,2021-08-12,NA
1,2021-08-13,NA
1,2021-08-14,NA
1,2021-08-15,NA
1,2021-08-16,NA
1,2021-08-17,NA
1,2021-08-18,NA
1,2021-08-19,NA
1,2021-08-20,NA
1,2021-08-21,NA
1,2021-08-22,NA
1,2021-08-23,NA
1,2021-08-24,NA
1,2021-08-25,NA
1,2021-08-26,NA
1,2021-08-27,NA
1,2021-08-28,NA
1,2021-08-29,NA
1,2021-08-30,NA
1,2021-08-31,NA
1,2021-09-01,NA
1,2021-09-02,NA
1,2021-09-03,NA
1,2021-09-04,NA
1,2021-09-05,NA
1,2021-09-06,NA
1,2021-09-07,NA
1,2021-09-08,NA
1,2021-09-09,NA
1,2021-09-10,NA
1,2021-09-11,NA
1,2021-09-12,NA
1,2021-09-13,NA
1,2021-09-14,NA
1,2021-09-15,NA
1,2021-09-16,NA
1,2021-09-17,NA
1,2021-09-18,NA
1,2021-09-19,NA
1,2021-09-20,NA
1,2021-09-21,NA
1,2021-09-22,NA
1,2021-09-23,NA
1,2021-09-24,NA
1,2021-09-25,NA
1,2021-09-26,NA
1,2021-09-27,NA
1,2021-09-28,NA
1,2021-09-29,NA
1,2021-09-30,NA
1,2021-10-01,NA
1,2021-10-02,NA
1,2021-10-03,NA
1,2021-10-04,NA
1,2021-10-05,NA
1,2021-10-06,NA
1,2021-10-07,NA
1,2021-10-08,NA
1,2021-10-09,NA
1,2021-10-10,NA
1,2021-10-11,NA
1,2021-10-12,NA
1,2021-10-13,NA
1,2021-10-14,NA
1,2021-10-15,NA
1,2021-10-16,NA
1,2021-10-17,NA
1,2021-10-18,NA
1,2021-10-19,NA
1,2021-10-20,NA
1,2021-10-21,NA
1,2021-10-22,NA
1,2021-10-23,NA
1,2021-10-24,NA
1,2021-10-25,NA
1,2021-10-26,NA
1,2021-10-27,NA
1,2021-10-28,NA
1,2021-10-29,NA
1,2021-10-30,NA
1,2021-10-31,NA
1,2021-11-01,NA
1,2021-11-02,NA
1,2021-11-03,NA
1,2021-11-04,NA
1,2021-11-05,NA
1,2021-11-06,NA
1,2021-11-07,NA
1,2021-11-08,NA
1,2021-11-09,NA
1,2021-11-10,NA
1,2021-11-11,NA
1,2021-11-12,NA
1,2021-11-13,NA
1,2021-11-14,NA
1,2021-11-15,NA
1,2021-11-16,NA
1,2021-11-17,NA
1,2021-11-18,NA
1,2021-11-19,NA
1,2021-11-20,NA
1,2021-11-21,NA
1,2021-11-22,NA
1,2021-11-23,NA
1,2021-11-24,NA
1,2021-11-25,NA
1,2021-11-26,NA
1,2021-11-27,NA
1,2021-11-28,NA
1,2021-11-29,NA
1,2021-11-30,NA
1,2021-12-01,NA
1,2021-12-02,NA
1,2021-12-03,NA
1,2021-12-04,NA
1,2021-12-05,NA
1,2021-12-06,NA
1,2021-12-07,NA
1,2021-12-08,NA
1,2021-12-09,NA
1,2021-12-10,NA
1,2021-12-11,NA
1,2021-12-12,NA
1,2021-12-13,NA
1,2021-12-14,NA
1,2021-12-15,NA
1,2021-12-16,NA
1,2021-12-17,NA
1,2021-12-18,NA
1,2021-12-19,NA
1,2021-12-20,NA
1,2021-12-21,NA
1,2021-12-22,NA
1,2021-12-23,NA
1,2021-12-24,NA
1,2021-12-25,NA
1,2021-12-26,NA
1,2021-12-27,NA
1,2021-12-28,NA
1,2021-12-29,NA
1,2021-12-30,NA
1,2021-12-31,NA
1,2022-01-01,NA
1,2022-01-02,NA
1,2022-01-03,NA
1,2022-01-04,NA
1,2022-01-05,NA
1,2022-01-06,NA
1,2022-01-07,NA
1,2022-01-08,NA
1,2022-01-09,NA
1,2022-01-10,NA
1,2022-01-11,NA
1,2022-01-12,NA
1,2022-01-13,NA
1,2022-01-14,NA
1,2022-01-15,NA
1,2022-01-16,NA
1,2022-01-17,NA
1,2022-01-18,NA
1,2022-01-19,NA
1,2022-01-20,NA
1,2022-01-21,NA
1,2022-01-22,NA
1,2022-01-23,NA
1,2022-01-24,NA
1,2022-01-25,NA
1,2022-01-26,NA
1,2022-01-27,NA
