site,date,value
1,2011-01-01,-0.21261658503548672
1,2011-01-02,-0.21583155169746646
1,2011-01-03,-0.21913008912153706
1,2011-01-04,-0.22255094067283326
1,2011-01-05,-0.2261060523486265
1,2011-01-06,-0.2298595917709434
1,2011-01-07,-0.23382392093442442
1,2011-01-08,-0.2378811470705375
1,2011-01-09,-0.24193995888444692
1,2011-01-10,-0.2459283059698885
1,2011-01-11,-0.2500103838436419
1,2011-01-12,-0.25425024708423843
1,2011-01-13,-0.2586372371659184
1,2011-01-14,-0.26312044898601034
1,2011-01-15,-0.2675246229739819
1,2011-01-16,-0.27181340790811237
1,2011-01-17,-0.27583957316230606
1,2011-01-18,-0.27940607762972386
1,2011-01-19,-0.28228921136460833
1,2011-01-20,-0.2843628270804537
1,2011-01-21,-0.2856938320965742
1,2011-01-22,-0.2864739400056182
1,2011-01-23,-0.28689700886721303
1,2011-01-24,-0.28713994463526493
1,2011-01-25,-0.28712076535635694
1,2011-01-26,-0.286835416639914
1,2011-01-27,-0.2862313036188046
1,2011-01-28,-0.28527746003518095
1,2011-01-29,-0.2841020725599599
1,2011-01-30,-0.28276065418099255
1,2011-01-31,-0.28110779412727194
1,2011-02-01,-0.2791146463724433
1,2011-02-02,-0.27691424393182523
1,2011-02-03,-0.2745852929941606
1,2011-02-04,-0.2720894592027386
1,2011-02-05,-0.26921465398143557
1,2011-02-06,-0.2658390338520797
1,2011-02-07,-0.2618150845112262
1,2011-02-08,-0.25714961357123733
1,2011-02-09,-0.25200970330577616
1,2011-02-10,-0.24658522437115887
1,2011-02-11,-0.2408114743454738
1,2011-02-12,-0.23472749578423413
1,2011-02-13,-0.2283873232546694
1,2011-02-14,-0.22192339808868708
1,2011-02-15,-0.2155139102945038
1,2011-02-16,-0.20917504775474474
1,2011-02-17,-0.2029283121003596
1,2011-02-18,-0.19686901786210503
1,2011-02-19,-0.19103798037459244
1,2011-02-20,-0.1854670888403429
1,2011-02-21,-0.1802425921379092
1,2011-02-22,-0.17526495963159108
1,2011-02-23,-0.17048567412422858
1,2011-02-24,-0.16596319469452886
1,2011-02-25,-0.16168522031848384
1,2011-02-26,-0.15763187747171956
1,2011-02-27,-0.1537200765685513
1,2011-02-28,-0.14958152177147424
1,2011-03-01,-0.14488503080357062
1,2011-03-02,-0.13943177668250975
1,2011-03-03,-0.13315952160030456
1,2011-03-04,-0.125799666839866
1,2011-03-05,-0.11751069409315805
1,2011-03-06,-0.10839757641679365
1,2011-03-07,-0.09837412319231964
1,2011-03-08,-0.08743541110182383
1,2011-03-09,-0.07556111056194177
1,2011-03-10,-0.06269859568857784
1,2011-03-11,-0.04895621101875346
1,2011-03-12,-0.03454461272382749
1,2011-03-13,-0.01964017144615947
1,2011-03-14,-0.004398953769094389
1,2011-03-15,0.011039029881605746
1,2011-03-16,0.02655481757316987
1,2011-03-17,0.04203185195594707
1,2011-03-18,0.05729228262459231
1,2011-03-19,0.07250405241198385
1,2011-03-20,0.08764816640882489
1,2011-03-21,0.10261548009438239
1,2011-03-22,0.11749805310175149
1,2011-03-23,0.13227504121081582
1,2011-03-24,0.14700472961591107
1,2011-03-25,0.1616490747263859
1,2011-03-26,0.17633868410753153
1,2011-03-27,0.19116167330926315
1,2011-03-28,0.2061417232804143
1,2011-03-29,0.22135144151629643
1,2011-03-30,0.23689990413082654
1,2011-03-31,0.25279627943278316
1,2011-04-01,0.26902945045070326
1,2011-04-02,0.28533523585757625
1,2011-04-03,0.30151455757707596
1,2011-04-04,0.3173600206017776
1,2011-04-05,0.3327822363634164
1,2011-04-06,0.34772372184158024
1,2011-04-07,0.3619287824236586
1,2011-04-08,0.3753996939704447
1,2011-04-09,0.38815932579027856
1,2011-04-10,0.4002778187879016
1,2011-04-11,0.41181871300509915
1,2011-04-12,0.4226284753663633
1,2011-04-13,0.43249928850592256
1,2011-04-14,0.44142855006473597
1,2011-04-15,0.44943956907902133
1,2011-04-16,0.4566706056672687
1,2011-04-17,0.4632019798104106
1,2011-04-18,0.468880150707184
1,2011-04-19,0.47348221425748116
1,2011-04-20,0.4767989476225135
1,2011-04-21,0.47868282955979713
1,2011-04-22,0.4790499679161342
1,2011-04-23,0.47773192673094783
1,2011-04-24,0.4746159562166843
1,2011-04-25,0.4699404574797093
1,2011-04-26,0.46401106950612303
1,2011-04-27,0.45671492524248963
1,2011-04-28,0.4480994493276872
1,2011-04-29,0.43799980189388593
1,2011-04-30,0.42629187159668014
1,2011-05-01,0.4130099225568075
1,2011-05-02,0.3982731303696367
1,2011-05-03,0.3822977724164017
1,2011-05-04,0.36522776318386396
1,2011-05-05,0.3471040565308156
1,2011-05-06,0.32791471313946075
1,2011-05-07,0.30767573086860833
1,2011-05-08,0.2866298775543125
1,2011-05-09,0.264605644196677
1,2011-05-10,0.24157642327846804
1,2011-05-11,0.21767811946036325
1,2011-05-12,0.19286979577806793
1,2011-05-13,0.167503002868269
1,2011-05-14,0.14201439681402006
1,2011-05-15,0.11662015606111392
1,2011-05-16,0.09152989990200311
1,2011-05-17,0.06661289854611088
1,2011-05-18,0.041853657614267056
1,2011-05-19,0.017401455835988348
1,2011-05-20,-0.006567202777740827
1,2011-05-21,-0.030100152949765216
1,2011-05-22,-0.05334637218709353
1,2011-05-23,-0.07594963402938552
1,2011-05-24,-0.09756880872557121
1,2011-05-25,-0.1180536793349034
1,2011-05-26,-0.13730004399879522
1,2011-05-27,-0.1552012219088191
1,2011-05-28,-0.1718945919322745
1,2011-05-29,-0.1874314750314101
1,2011-05-30,-0.2018589619239997
1,2011-05-31,-0.21501763226571424
1,2011-06-01,-0.22690006757882417
1,2011-06-02,-0.23746465655756863
1,2011-06-03,-0.24654787146804005
1,2011-06-04,-0.2541720179414271
1,2011-06-05,-0.2604252650817377
1,2011-06-06,-0.2656237697924908
1,2011-06-07,-0.2699592749030621
1,2011-06-08,-0.2734868563477344
1,2011-06-09,-0.27625079287008075
1,2011-06-10,-0.278349592263063
1,2011-06-11,-0.27976694650755
1,2011-06-12,-0.28048201725592886
1,2011-06-13,-0.28056402526470847
1,2011-06-14,-0.28017450950086975
1,2011-06-15,-0.2793615806659451
1,2011-06-16,-0.27818566361732894
1,2011-06-17,-0.276778949535524
1,2011-06-18,-0.27511417997660703
1,2011-06-19,-0.2731855896756553
1,2011-06-20,-0.27101408606146965
1,2011-06-21,-0.26869214507491745
1,2011-06-22,-0.2663049582661953
1,2011-06-23,-0.2638843029685662
1,2011-06-24,-0.2614578608892472
1,2011-06-25,-0.25905953197117737
1,2011-06-26,-0.2567316756477835
1,2011-06-27,-0.25449141647192886
1,2011-06-28,-0.25232824634737955
1,2011-06-29,-0.25025384011235496
1,2011-06-30,-0.2483122072326058
1,2011-07-01,-0.24656414849384634
1,2011-07-02,-0.24506505990905958
1,2011-07-03,-0.24382278506385283
1,2011-07-04,-0.2428092208637943
1,2011-07-05,-0.2419769804302728
1,2011-07-06,-0.24127911727054005
1,2011-07-07,-0.24068498445617828
1,2011-07-08,-0.24017479289862745
1,2011-07-09,-0.23976207558977095
1,2011-07-10,-0.23945073499766117
1,2011-07-11,-0.2392356648387362
1,2011-07-12,-0.23913239742582915
1,2011-07-13,-0.23914848616013848
1,2011-07-14,-0.23927318118160418
1,2011-07-15,-0.23947073586302708
1,2011-07-16,-0.239710187017254
1,2011-07-17,-0.2399823355771844
1,2011-07-18,-0.24028997360763465
1,2011-07-19,-0.2406617164458627
1,2011-07-20,-0.2411346826967291
1,2011-07-21,-0.241737776698786
1,2011-07-22,-0.24247566891455427
1,2011-07-23,-0.24331880242915227
1,2011-07-24,-0.24421536042120948
1,2011-07-25,-0.24511396531833976
1,2011-07-26,-0.24599995988112086
1,2011-07-27,-0.2468733736599995
1,2011-07-28,-0.24771993377667303
1,2011-07-29,-0.2485114989480296
1,2011-07-30,-0.2492237039123258
1,2011-07-31,-0.24984433221655358
1,2011-08-01,-0.2503865230982636
1,2011-08-02,-0.2508687320321218
1,2011-08-03,-0.25130219313400254
1,2011-08-04,-0.2516891228251221
1,2011-08-05,-0.2520588082663394
1,2011-08-06,-0.2524368394031453
1,2011-08-07,-0.2528576882604062
1,2011-08-08,-0.2533483770669283
1,2011-08-09,-0.25390359567314935
1,2011-08-10,-0.25451524580578017
1,2011-08-11,-0.2551801399723893
1,2011-08-12,-0.2559068281491212
1,2011-08-13,-0.2567132530817607
1,2011-08-14,-0.25762198491705324
1,2011-08-15,-0.25862746708115114
1,2011-08-16,-0.2597024086852584
1,2011-08-17,-0.26082885484597035
1,2011-08-18,-0.26200662275226183
1,2011-08-19,-0.26322357071479646
1,2011-08-20,-0.2644848408281778
1,2011-08-21,-0.2657862700612343
1,2011-08-22,-0.26711554618333494
1,2011-08-23,-0.2684620011530538
1,2011-08-24,-0.269823188970245
1,2011-08-25,-0.27119045754944615
1,2011-08-26,-0.27253778696173
1,2011-08-27,-0.27384390984878487
1,2011-08-28,-0.2751038660073166
1,2011-08-29,-0.276312638160794
1,2011-08-30,-0.27746237950730407
1,2011-08-31,-0.27852699135788156
1,2011-09-01,-0.27949087624630775
1,2011-09-02,-0.28035525068799216
1,2011-09-03,-0.28113100391500884
1,2011-09-04,-0.2818356983358811
1,2011-09-05,-0.2824900623119678
1,2011-09-06,-0.28308801510723564
1,2011-09-07,-0.28361454054030594
1,2011-09-08,-0.28406717467486853
1,2011-09-09,-0.28445861809942175
1,2011-09-10,-0.28479239107564813
1,2011-09-11,-0.2850630862377873
1,2011-09-12,-0.2852798818136386
1,2011-09-13,-0.28546415979190914
1,2011-09-14,-0.28565413416754154
1,2011-09-15,-0.28587718931517553
1,2011-09-16,-0.2861399150765898
1,2011-09-17,-0.28644365510093295
1,2011-09-18,-0.2868037008825566
1,2011-09-19,-0.28724242396835
1,2011-09-20,-0.2877692985875858
1,2011-09-21,-0.28838262861240316
1,2011-09-22,-0.2890703333165298
1,2011-09-23,-0.28981459943282206
1,2011-09-24,-0.2905855006883518
1,2011-09-25,-0.2913428988262998
1,2011-09-26,-0.2920460224576867
1,2011-09-27,-0.2926871554752127
1,2011-09-28,-0.29325332871235266
1,2011-09-29,-0.29371266914978783
1,2011-09-30,-0.2940257726992102
1,2011-10-01,-0.29414748825687015
1,2011-10-02,-0.29402066775068764
1,2011-10-03,-0.29360877105878924
1,2011-10-04,-0.2928963039826414
1,2011-10-05,-0.29185053976881936
1,2011-10-06,-0.2904428748092195
1,2011-10-07,-0.2886738506269183
1,2011-10-08,-0.2865214601555225
1,2011-10-09,-0.28395815081598746
1,2011-10-10,-0.280951211052874
1,2011-10-11,-0.27746273878583866
1,2011-10-12,-0.27349447167200314
1,2011-10-13,-0.2690722724197807
1,2011-10-14,-0.26422420279268016
1,2011-10-15,-0.2589936782644001
1,2011-10-16,-0.25342390317349983
1,2011-10-17,-0.24754326029853235
1,2011-10-18,-0.2414158428152227
1,2011-10-19,-0.23510275903565217
1,2011-10-20,-0.2286387593992573
1,2011-10-21,-0.22215437665170357
1,2011-10-22,-0.21576354244233797
1,2011-10-23,-0.20954802003487552
1,2011-10-24,-0.20358120744260205
1,2011-10-25,-0.19789453000079846
1,2011-10-26,-0.19248262216524328
1,2011-10-27,-0.18739442668096432
1,2011-10-28,-0.18271605476555286
1,2011-10-29,-0.17856766464815557
1,2011-10-30,-0.1750532409416119
1,2011-10-31,-0.17219667438273153
1,2011-11-01,-0.1699448667636504
1,2011-11-02,-0.16824470439523329
1,2011-11-03,-0.1670769445101328
1,2011-11-04,-0.16632423683334058
1,2011-11-05,-0.1659992386815341
1,2011-11-06,-0.16616478484452277
1,2011-11-07,-0.16692559420466796
1,2011-11-08,-0.16830618834671657
1,2011-11-09,-0.1701830065458249
1,2011-11-10,-0.1724006829589221
1,2011-11-11,-0.17486497925926148
1,2011-11-12,-0.17752462377269068
1,2011-11-13,-0.18031122785393416
1,2011-11-14,-0.18314991537655667
1,2011-11-15,-0.1859888845753808
1,2011-11-16,-0.1888311569244112
1,2011-11-17,-0.1916766052987289
1,2011-11-18,-0.19439100868372347
1,2011-11-19,-0.19687650278262797
1,2011-11-20,-0.19907949010003306
1,2011-11-21,-0.20086922514333663
1,2011-11-22,-0.20221872045958064
1,2011-11-23,-0.20314016177751446
1,2011-11-24,-0.2036239620819494
1,2011-11-25,-0.2036980489272249
1,2011-11-26,-0.20333458384388917
1,2011-11-27,-0.20250550341197368
1,2011-11-28,-0.2012354162841502
1,2011-11-29,-0.19952842988832228
1,2011-11-30,-0.1974303642571337
1,2011-12-01,-0.19506888723943577
1,2011-12-02,-0.1925545281979081
1,2011-12-03,-0.19002380284419543
1,2011-12-04,-0.18760007592539865
1,2011-12-05,-0.18539178803681405
1,2011-12-06,-0.18343897256342304
1,2011-12-07,-0.18178747395636302
1,2011-12-08,-0.1804496767724682
1,2011-12-09,-0.17941577782101154
1,2011-12-10,-0.17872115178238057
1,2011-12-11,-0.17840546423501685
1,2011-12-12,-0.17846218874139974
1,2011-12-13,-0.17888859021911582
1,2011-12-14,-0.1797021687963056
1,2011-12-15,-0.18088268986706754
1,2011-12-16,-0.18236440783210645
1,2011-12-17,-0.1841281568879718
1,2011-12-18,-0.18616877323448117
1,2011-12-19,-0.18848449414822038
1,2011-12-20,-0.19104524698210978
1,2011-12-21,-0.19388135590140287
1,2011-12-22,-0.1970207543216336
1,2011-12-23,-0.20055551289981566
1,2011-12-24,-0.20446726775676108
1,2011-12-25,-0.2086724057862484
1,2011-12-26,-0.21310073982440073
1,2011-12-27,-0.2176056101727845
1,2011-12-28,-0.22196416319168108
1,2011-12-29,-0.2260552096626566
1,2011-12-30,-0.22986230873788827
1,2011-12-31,-0.23348000744094613
1,2012-01-01,-0.23703060231392517
1,2012-01-02,-0.24058168752076614
1,2012-01-03,-0.24403322714113726
1,2012-01-04,-0.24724348646102823
1,2012-01-05,-0.2501366548962716
1,2012-01-06,-0.25258375965567137
1,2012-01-07,-0.25468606540747013
1,2012-01-08,-0.25655308540176713
1,2012-01-09,-0.2582563313616388
1,2012-01-10,-0.25998001696677026
1,2012-01-11,-0.2619529852222471
1,2012-01-12,-0.2642773682405909
1,2012-01-13,-0.26688406151134736
1,2012-01-14,-0.2696601705155368
1,2012-01-15,-0.27255131813859423
1,2012-01-16,-0.27548200224359115
1,2012-01-17,-0.27847200738497485
1,2012-01-18,-0.2815706531676569
1,2012-01-19,-0.28483013451667893
1,2012-01-20,-0.28834597756806957
1,2012-01-21,-0.29196236444515455
1,2012-01-22,-0.29554251096390666
1,2012-01-23,-0.2991122144494924
1,2012-01-24,-0.302461488442037
1,2012-01-25,-0.3055179221964178
1,2012-01-26,-0.30825131026000047
1,2012-01-27,-0.3106046090249897
1,2012-01-28,-0.3123815461446652
1,2012-01-29,-0.3133444602366554
1,2012-01-30,-0.31330326360701183
1,2012-01-31,-0.3121704217127789
1,2012-02-01,-0.30995115922700345
1,2012-02-02,-0.3066835960749211
1,2012-02-03,-0.3023600677579559
1,2012-02-04,-0.2971436313489541
1,2012-02-05,-0.29120607000957116
1,2012-02-06,-0.284798308431943
1,2012-02-07,-0.27794943075705475
1,2012-02-08,-0.2706963791994836
1,2012-02-09,-0.26320878534135206
1,2012-02-10,-0.2556583995529177
1,2012-02-11,-0.24822309184255742
1,2012-02-12,-0.24103698597765916
1,2012-02-13,-0.23406544421557152
1,2012-02-14,-0.22732750381412561
1,2012-02-15,-0.22081600240403682
1,2012-02-16,-0.21458281430199505
1,2012-02-17,-0.20854350979660394
1,2012-02-18,-0.20264930216462212
1,2012-02-19,-0.19688249929524126
1,2012-02-20,-0.19119100476159026
1,2012-02-21,-0.18557226984419653
1,2012-02-22,-0.17997800832365823
1,2012-02-23,-0.17431448516808679
1,2012-02-24,-0.16847047417848005
1,2012-02-25,-0.1625054910410864
1,2012-02-26,-0.15642222447366452
1,2012-02-27,-0.15034332447629503
1,2012-02-28,-0.14408825692300564
1,2012-02-29,-0.13756735265060477
1,2012-03-01,-0.13077827414980017
1,2012-03-02,-0.12367714307203553
1,2012-03-03,-0.11623271549105951
1,2012-03-04,-0.1082878991286046
1,2012-03-05,-0.09956339044240202
1,2012-03-06,-0.09008530523761202
1,2012-03-07,-0.08020404733229837
1,2012-03-08,-0.07012265853844604
1,2012-03-09,-0.059664952063389995
1,2012-03-10,-0.0485165614403497
1,2012-03-11,-0.03652635288356079
1,2012-03-12,-0.023588838531393555
1,2012-03-13,-0.009762225500128355
1,2012-03-14,0.004822906139181004
1,2012-03-15,0.02020120777491463
1,2012-03-16,0.03615670888977011
1,2012-03-17,0.05242645928608566
1,2012-03-18,0.06849640421637357
1,2012-03-19,0.08406430683232569
1,2012-03-20,0.09932820483861378
1,2012-03-21,0.11481273265320019
1,2012-03-22,0.13090167054741134
1,2012-03-23,0.14728387721421612
1,2012-03-24,0.16363343786738374
1,2012-03-25,0.17989382552567543
1,2012-03-26,0.19614183886765904
1,2012-03-27,0.21222982366044318
1,2012-03-28,0.22806475586981265
1,2012-03-29,0.2435250950717634
1,2012-03-30,0.2585328301757353
1,2012-03-31,0.27315901857019764
1,2012-04-01,0.28763873418550634
1,2012-04-02,0.3019268853632765
1,2012-04-03,0.31584860353049166
1,2012-04-04,0.32918482294426266
1,2012-04-05,0.3417194971501372
1,2012-04-06,0.35342459165789675
1,2012-04-07,0.3645190537221268
1,2012-04-08,0.37520797909739656
1,2012-04-09,0.38563704609344074
1,2012-04-10,0.3958131509440906
1,2012-04-11,0.4055912225747634
1,2012-04-12,0.4148823638389717
1,2012-04-13,0.42368487976875746
1,2012-04-14,0.43194688583102925
1,2012-04-15,0.4395992760145177
1,2012-04-16,0.44668695471780157
1,2012-04-17,0.4531792453292939
1,2012-04-18,0.4589399996502317
1,2012-04-19,0.46385161960892185
1,2012-04-20,0.46776402996958444
1,2012-04-21,0.47037551043957515
1,2012-04-22,0.4715353636229041
1,2012-04-23,0.47111117626467996
1,2012-04-24,0.4691556749183208
1,2012-04-25,0.4657594660981345
1,2012-04-26,0.46082245667143096
1,2012-04-27,0.4541077277304034
1,2012-04-28,0.4454878391842051
1,2012-04-29,0.4350565147299584
1,2012-04-30,0.4229656360068062
1,2012-05-01,0.40917139898887617
1,2012-05-02,0.3937811390867573
1,2012-05-03,0.3769081017968307
1,2012-05-04,0.3588223528795607
1,2012-05-05,0.3397664912486319
1,2012-05-06,0.31977619025038445
1,2012-05-07,0.2987104981017786
1,2012-05-08,0.2762345636026373
1,2012-05-09,0.25234156136987934
1,2012-05-10,0.22733477800419744
1,2012-05-11,0.20155800599618542
1,2012-05-12,0.17529380733897462
1,2012-05-13,0.1487260341557465
1,2012-05-14,0.12201384089353504
1,2012-05-15,0.09532968880665929
1,2012-05-16,0.06881280611473094
1,2012-05-17,0.04256573347079436
1,2012-05-18,0.0167229882045535
1,2012-05-19,-0.008554190749294277
1,2012-05-20,-0.03318398615541543
1,2012-05-21,-0.05705579371945554
1,2012-05-22,-0.07988772363809933
1,2012-05-23,-0.10149989569964647
1,2012-05-24,-0.12183394640766917
1,2012-05-25,-0.14083166758172905
1,2012-05-26,-0.15846869155986856
1,2012-05-27,-0.17479042773952586
1,2012-05-28,-0.18995461864705887
1,2012-05-29,-0.20404324949235098
1,2012-05-30,-0.21707960214567137
1,2012-05-31,-0.22901593617006596
1,2012-06-01,-0.23990922616633648
1,2012-06-02,-0.24976178539600893
1,2012-06-03,-0.25850093075033104
1,2012-06-04,-0.26597955230792475
1,2012-06-05,-0.27220259015467646
1,2012-06-06,-0.2772307143817279
1,2012-06-07,-0.28120714530518376
1,2012-06-08,-0.2842414429671076
1,2012-06-09,-0.28640898350779886
1,2012-06-10,-0.28777518680071473
1,2012-06-11,-0.28837085492578024
1,2012-06-12,-0.2882592877167128
1,2012-06-13,-0.28748067723218035
1,2012-06-14,-0.2860851293721724
1,2012-06-15,-0.2841611429247822
1,2012-06-16,-0.28186414568927604
1,2012-06-17,-0.2793268816589251
1,2012-06-18,-0.27666167848153944
1,2012-06-19,-0.2739240093949997
1,2012-06-20,-0.2711455023974002
1,2012-06-21,-0.2683486528099689
1,2012-06-22,-0.26556121905988633
1,2012-06-23,-0.2628024878217176
1,2012-06-24,-0.26010702608280895
1,2012-06-25,-0.2574680979548751
1,2012-06-26,-0.2549117972880122
1,2012-06-27,-0.25246048535379045
1,2012-06-28,-0.2501667504351412
1,2012-06-29,-0.2480652229537682
1,2012-06-30,-0.2461529012104101
1,2012-07-01,-0.2444337833394256
1,2012-07-02,-0.24293358004018842
1,2012-07-03,-0.24168317793688252
1,2012-07-04,-0.24068690039937035
1,2012-07-05,-0.23992241983269333
1,2012-07-06,-0.23935045063010266
1,2012-07-07,-0.23894560488217811
1,2012-07-08,-0.2386807484926117
1,2012-07-09,-0.23854903962280705
1,2012-07-10,-0.2385474184536854
1,2012-07-11,-0.23868456958814768
1,2012-07-12,-0.2389589711556021
1,2012-07-13,-0.2393164850063683
1,2012-07-14,-0.23970852842203497
1,2012-07-15,-0.24011012598893616
1,2012-07-16,-0.24053653423286836
1,2012-07-17,-0.24099184388378023
1,2012-07-18,-0.24147083986388487
1,2012-07-19,-0.24198857616246938
1,2012-07-20,-0.2425627518524546
1,2012-07-21,-0.2432140509096572
1,2012-07-22,-0.24392943652494992
1,2012-07-23,-0.24466750277795898
1,2012-07-24,-0.24538787447942184
1,2012-07-25,-0.24606829235035
1,2012-07-26,-0.24669750953759456
1,2012-07-27,-0.24728839248898932
1,2012-07-28,-0.24787142889587852
1,2012-07-29,-0.24848610535179974
1,2012-07-30,-0.24914016747148945
1,2012-07-31,-0.24980961740636295
1,2012-08-01,-0.25048044238828737
1,2012-08-02,-0.2511231024915369
1,2012-08-03,-0.2517201748698711
1,2012-08-04,-0.25227778366626913
1,2012-08-05,-0.2528286259782751
1,2012-08-06,-0.2534089888767347
1,2012-08-07,-0.2540404350005854
1,2012-08-08,-0.2547283762508567
1,2012-08-09,-0.25546903446892516
1,2012-08-10,-0.25626558153947376
1,2012-08-11,-0.2571135070575174
1,2012-08-12,-0.2579993363595638
1,2012-08-13,-0.25890841057896463
1,2012-08-14,-0.25985290710376885
1,2012-08-15,-0.26085147835302447
1,2012-08-16,-0.26190618811588096
1,2012-08-17,-0.263011345692583
1,2012-08-18,-0.2641642052140861
1,2012-08-19,-0.2653585034586081
1,2012-08-20,-0.2665837792286098
1,2012-08-21,-0.26783490463913545
1,2012-08-22,-0.2691176284538376
1,2012-08-23,-0.27043660902057587
1,2012-08-24,-0.2717793321283445
1,2012-08-25,-0.2731254846739998
1,2012-08-26,-0.2744539578706388
1,2012-08-27,-0.27574066291871735
1,2012-08-28,-0.2769494200054514
1,2012-08-29,-0.27805870596664994
1,2012-08-30,-0.27906564379830434
1,2012-08-31,-0.2799656677926484
1,2012-09-01,-0.28075465037191777
1,2012-09-02,-0.2814315349030248
1,2012-09-03,-0.2820214561652644
1,2012-09-04,-0.28254331848119424
1,2012-09-05,-0.28298654842266724
1,2012-09-06,-0.283321343295072
1,2012-09-07,-0.28354832806533264
1,2012-09-08,-0.2836885163739308
1,2012-09-09,-0.28376549420853947
1,2012-09-10,-0.2838028148672837
1,2012-09-11,-0.2838283292048651
1,2012-09-12,-0.28386434782848186
1,2012-09-13,-0.28393491749732913
1,2012-09-14,-0.2840609993369148
1,2012-09-15,-0.28426424370605136
1,2012-09-16,-0.2845597086159542
1,2012-09-17,-0.2849234176412543
1,2012-09-18,-0.28532859598910754
1,2012-09-19,-0.28577063671031366
1,2012-09-20,-0.2862697380679741
1,2012-09-21,-0.28683590111572654
1,2012-09-22,-0.2874784563034687
1,2012-09-23,-0.28821138657039697
1,2012-09-24,-0.2890483454887552
1,2012-09-25,-0.2899601431890805
1,2012-09-26,-0.2908761213837109
1,2012-09-27,-0.2917366575059012
1,2012-09-28,-0.2924931402876539
1,2012-09-29,-0.2931365878537567
1,2012-09-30,-0.29363921699307877
1,2012-10-01,-0.2939652217503884
1,2012-10-02,-0.2940806070978537
1,2012-10-03,-0.29393211611268694
1,2012-10-04,-0.29345219720239296
1,2012-10-05,-0.2925775880872032
1,2012-10-06,-0.2912413398518201
1,2012-10-07,-0.28940241169508535
1,2012-10-08,-0.28704573224051244
1,2012-10-09,-0.28421054029497406
1,2012-10-10,-0.2809257670308812
1,2012-10-11,-0.27718447937351
1,2012-10-12,-0.2729987024792457
1,2012-10-13,-0.268345227692323
1,2012-10-14,-0.2632669556586073
1,2012-10-15,-0.2578005395160258
1,2012-10-16,-0.2519754002082519
1,2012-10-17,-0.24586193295789308
1,2012-10-18,-0.23956812835122035
1,2012-10-19,-0.2331733475356662
1,2012-10-20,-0.22669939307877712
1,2012-10-21,-0.22014986500263586
1,2012-10-22,-0.21358234187390934
1,2012-10-23,-0.20712704506667529
1,2012-10-24,-0.2009347453633569
1,2012-10-25,-0.19514165950240644
1,2012-10-26,-0.18981777029197303
1,2012-10-27,-0.1850195049993011
1,2012-10-28,-0.18078445547169508
1,2012-10-29,-0.17721032569951684
1,2012-10-30,-0.17434968636870626
1,2012-10-31,-0.17220248312169145
1,2012-11-01,-0.17076749723978019
1,2012-11-02,-0.17006269718955747
1,2012-11-03,-0.1700798544406762
1,2012-11-04,-0.170723617980612
1,2012-11-05,-0.17186169877644292
1,2012-11-06,-0.1733798269955732
1,2012-11-07,-0.1752082123495536
1,2012-11-08,-0.17732576532603123
1,2012-11-09,-0.17965013759902237
1,2012-11-10,-0.18212290744473006
1,2012-11-11,-0.18466558412941628
1,2012-11-12,-0.18716315555638832
1,2012-11-13,-0.18954794531323152
1,2012-11-14,-0.19177885656345234
1,2012-11-15,-0.19381386661739516
1,2012-11-16,-0.1956528577807161
1,2012-11-17,-0.19733890052405226
1,2012-11-18,-0.1988480961082748
1,2012-11-19,-0.20012764712718428
1,2012-11-20,-0.20111695544336836
1,2012-11-21,-0.20177469643174675
1,2012-11-22,-0.20200702053433614
1,2012-11-23,-0.20181256195712208
1,2012-11-24,-0.201191190410695
1,2012-11-25,-0.2001604811244428
1,2012-11-26,-0.19877047991553676
1,2012-11-27,-0.19705625326084758
1,2012-11-28,-0.1950647307625395
1,2012-11-29,-0.19280320933987355
1,2012-11-30,-0.19027083466033068
1,2012-12-01,-0.18752338225712362
1,2012-12-02,-0.18469635567865036
1,2012-12-03,-0.18195326668200063
1,2012-12-04,-0.17939550215082473
1,2012-12-05,-0.17705917964735318
1,2012-12-06,-0.17491013941904332
1,2012-12-07,-0.17302045643214423
1,2012-12-08,-0.17141052860818484
1,2012-12-09,-0.1700891434601508
1,2012-12-10,-0.1690196272037745
1,2012-12-11,-0.16822214021211532
1,2012-12-12,-0.16776969422074775
1,2012-12-13,-0.167714396815929
1,2012-12-14,-0.16804570731961657
1,2012-12-15,-0.1687024468036809
1,2012-12-16,-0.16963900607572027
1,2012-12-17,-0.17087714817392188
1,2012-12-18,-0.1724027393520549
1,2012-12-19,-0.17423812588989837
1,2012-12-20,-0.17625607677198535
1,2012-12-21,-0.17845559585638654
1,2012-12-22,-0.1808513779447803
1,2012-12-23,-0.18343202236089914
1,2012-12-24,-0.18624066553423907
1,2012-12-25,-0.1892661420154308
1,2012-12-26,-0.19235153776769678
1,2012-12-27,-0.19537876355797226
1,2012-12-28,-0.19848462860972121
1,2012-12-29,-0.2017463711981759
1,2012-12-30,-0.20519198976731964
1,2012-12-31,-0.20589766566380957
1,2013-01-01,-0.20954311609549683
1,2013-01-02,-0.21314940143306038
1,2013-01-03,-0.21679459273719398
1,2013-01-04,-0.22033026300939224
1,2013-01-05,-0.22364235092378348
1,2013-01-06,-0.22660205120095403
1,2013-01-07,-0.22924784505813617
1,2013-01-08,-0.23180467442600763
1,2013-01-09,-0.23459581470177882
1,2013-01-10,-0.2377136133312181
1,2013-01-11,-0.24115059219820126
1,2013-01-12,-0.24471069626725428
1,2013-01-13,-0.24830928374058173
1,2013-01-14,-0.2518252333176812
1,2013-01-15,-0.2551586059924851
1,2013-01-16,-0.2583854538035311
1,2013-01-17,-0.26153666275538995
1,2013-01-18,-0.2646857354781669
1,2013-01-19,-0.26787706694222846
1,2013-01-20,-0.2712755046774562
1,2013-01-21,-0.27474235788242074
1,2013-01-22,-0.2779912865300226
1,2013-01-23,-0.2806867936499701
1,2013-01-24,-0.2826504173486988
1,2013-01-25,-0.2839571292510028
1,2013-01-26,-0.2847992039498487
1,2013-01-27,-0.2853057735351454
1,2013-01-28,-0.2854716188901471
1,2013-01-29,-0.285357404005617
1,2013-01-30,-0.2847896195157139
1,2013-01-31,-0.28365261297303396
1,2013-02-01,-0.28194117944430314
1,2013-02-02,-0.2797075724950983
1,2013-02-03,-0.2768758929980252
1,2013-02-04,-0.27347876899992735
1,2013-02-05,-0.26959666620081035
1,2013-02-06,-0.26539485879831926
1,2013-02-07,-0.26112919821505015
1,2013-02-08,-0.25673064418455693
1,2013-02-09,-0.2520118739644932
1,2013-02-10,-0.24692052730499295
1,2013-02-11,-0.24144416878082342
1,2013-02-12,-0.2355641678227875
1,2013-02-13,-0.22946164802673294
1,2013-02-14,-0.22335033957453085
1,2013-02-15,-0.2172733925291704
1,2013-02-16,-0.21121725678792386
1,2013-02-17,-0.2052292778001996
1,2013-02-18,-0.19927231766992184
1,2013-02-19,-0.19340390191255816
1,2013-02-20,-0.18775620983503008
1,2013-02-21,-0.18227572048454949
1,2013-02-22,-0.17669588732926728
1,2013-02-23,-0.17075316060210566
1,2013-02-24,-0.16439443997219383
1,2013-02-25,-0.1574549134723708
1,2013-02-26,-0.15011833354362009
1,2013-02-27,-0.14251466189165762
1,2013-02-28,-0.13472149412129675
1,2013-03-01,-0.12691206574026698
1,2013-03-02,-0.11915083181307719
1,2013-03-03,-0.11137182123647407
1,2013-03-04,-0.10344065583273863
1,2013-03-05,-0.0952065533276411
1,2013-03-06,-0.08642676334831392
1,2013-03-07,-0.07698799243583791
1,2013-03-08,-0.06726743301737871
1,2013-03-09,-0.05729903920701354
1,2013-03-10,-0.046732909803479494
1,2013-03-11,-0.035270684749485325
1,2013-03-12,-0.02270082578020637
1,2013-03-13,-0.008893753079463648
1,2013-03-14,0.005907251157739851
1,2013-03-15,0.021550159127848547
1,2013-03-16,0.03788227056218812
1,2013-03-17,0.054807020748733414
1,2013-03-18,0.07210254279898579
1,2013-03-19,0.08972248167864377
1,2013-03-20,0.10767849452820463
1,2013-03-21,0.12601240014775836
1,2013-03-22,0.1445864695367726
1,2013-03-23,0.16317679941200802
1,2013-03-24,0.18160244107987653
1,2013-03-25,0.19973705566378833
1,2013-03-26,0.21740013911316947
1,2013-03-27,0.23424329951542036
1,2013-03-28,0.2502593360899379
1,2013-03-29,0.2655323353870145
1,2013-03-30,0.280233022018605
1,2013-03-31,0.29444972859703694
1,2013-04-01,0.30839806888997773
1,2013-04-02,0.3221874408832532
1,2013-04-03,0.33574127421808675
1,2013-04-04,0.34891416134629444
1,2013-04-05,0.36180867977721964
1,2013-04-06,0.3743231076601955
1,2013-04-07,0.3862860792407701
1,2013-04-08,0.39741999332078004
1,2013-04-09,0.40768989276993195
1,2013-04-10,0.4171444589627225
1,2013-04-11,0.4259417507391571
1,2013-04-12,0.43426510481164493
1,2013-04-13,0.4421215468023878
1,2013-04-14,0.4494556928199152
1,2013-04-15,0.4561039271706773
1,2013-04-16,0.46198841437708493
1,2013-04-17,0.4669589935253496
1,2013-04-18,0.47090576465536726
1,2013-04-19,0.4737233185391733
1,2013-04-20,0.4753741451750496
1,2013-04-21,0.47585687673268834
1,2013-04-22,0.4752644890340342
1,2013-04-23,0.47349076498962434
1,2013-04-24,0.47033224643183974
1,2013-04-25,0.4655993172087699
1,2013-04-26,0.4591527516769712
1,2013-04-27,0.4507375014829883
1,2013-04-28,0.4403328792370282
1,2013-04-29,0.42800827411948
1,2013-04-30,0.41370545571629125
1,2013-05-01,0.3975098025591833
1,2013-05-02,0.37959690107091304
1,2013-05-03,0.3600249061234854
1,2013-05-04,0.3389182081853993
1,2013-05-05,0.31665491467303486
1,2013-05-06,0.29364054826472213
1,2013-05-07,0.2702173962622248
1,2013-05-08,0.24683697495950419
1,2013-05-09,0.22337391842025975
1,2013-05-10,0.19981470616216176
1,2013-05-11,0.17612093785987815
1,2013-05-12,0.15236141701144632
1,2013-05-13,0.12848483390585502
1,2013-05-14,0.10450038698242753
1,2013-05-15,0.0805568805942317
1,2013-05-16,0.05689781405861057
1,2013-05-17,0.033873153262789
1,2013-05-18,0.011508559711035747
1,2013-05-19,-0.010439941567327497
1,2013-05-20,-0.03227997045285624
1,2013-05-21,-0.05406144418836451
1,2013-05-22,-0.07567858922851307
1,2013-05-23,-0.09655289012003289
1,2013-05-24,-0.11655089606405987
1,2013-05-25,-0.135571163038261
1,2013-05-26,-0.1536169953227179
1,2013-05-27,-0.17055857666876814
1,2013-05-28,-0.18631729840479289
1,2013-05-29,-0.20088006149439963
1,2013-05-30,-0.21450147552719737
1,2013-05-31,-0.22704165500777973
1,2013-06-01,-0.23850169321201775
1,2013-06-02,-0.24882080127353529
1,2013-06-03,-0.25794097325868726
1,2013-06-04,-0.2658000399038981
1,2013-06-05,-0.27242604846802887
1,2013-06-06,-0.27796574910367194
1,2013-06-07,-0.2825234120206496
1,2013-06-08,-0.2861043586744986
1,2013-06-09,-0.2887466100800485
1,2013-06-10,-0.2905198736378814
1,2013-06-11,-0.291366257465673
1,2013-06-12,-0.2914203770343829
1,2013-06-13,-0.29076297747777907
1,2013-06-14,-0.28953977946991316
1,2013-06-15,-0.2877641873738265
1,2013-06-16,-0.28551280712498545
1,2013-06-17,-0.282881876626718
1,2013-06-18,-0.27999364599446724
1,2013-06-19,-0.2769645245040386
1,2013-06-20,-0.27388054648909416
1,2013-06-21,-0.27080567668312844
1,2013-06-22,-0.26780492881878915
1,2013-06-23,-0.26489007025131267
1,2013-06-24,-0.2620913601375639
1,2013-06-25,-0.25947205733299616
1,2013-06-26,-0.2570418286504074
1,2013-06-27,-0.2547989794449131
1,2013-06-28,-0.25274759850011036
1,2013-06-29,-0.2509189782147937
1,2013-06-30,-0.24931856534234387
1,2013-07-01,-0.2479453989921803
1,2013-07-02,-0.24679491329425748
1,2013-07-03,-0.2458602510773916
1,2013-07-04,-0.24511276768155224
1,2013-07-05,-0.24450500477551887
1,2013-07-06,-0.24400117412660796
1,2013-07-07,-0.24356976241609601
1,2013-07-08,-0.24322063777129427
1,2013-07-09,-0.24298851032952049
1,2013-07-10,-0.24287409478583288
1,2013-07-11,-0.24286930555450623
1,2013-07-12,-0.24295387552813463
1,2013-07-13,-0.2431022823795743
1,2013-07-14,-0.2433130494219259
1,2013-07-15,-0.24358809769986486
1,2013-07-16,-0.24392599700302872
1,2013-07-17,-0.2443017830509046
1,2013-07-18,-0.24470946241225705
1,2013-07-19,-0.24515654084529237
1,2013-07-20,-0.24564027567598226
1,2013-07-21,-0.24616513716783914
1,2013-07-22,-0.2467221600209557
1,2013-07-23,-0.24729387832301514
1,2013-07-24,-0.24787076068102498
1,2013-07-25,-0.24843929941471346
1,2013-07-26,-0.24900816541508464
1,2013-07-27,-0.24956822818579896
1,2013-07-28,-0.2500952139949166
1,2013-07-29,-0.2505706946982349
1,2013-07-30,-0.25099488192094965
1,2013-07-31,-0.2513843356356744
1,2013-08-01,-0.25175155038537
1,2013-08-02,-0.25209804447495743
1,2013-08-03,-0.2524254943342305
1,2013-08-04,-0.25274504283328647
1,2013-08-05,-0.2530636299524827
1,2013-08-06,-0.25339291621485427
1,2013-08-07,-0.2537420854690744
1,2013-08-08,-0.25412977927711156
1,2013-08-09,-0.25457588918207824
1,2013-08-10,-0.25511258855584396
1,2013-08-11,-0.2557468811256982
1,2013-08-12,-0.25647869659156364
1,2013-08-13,-0.2572986919004393
1,2013-08-14,-0.2582013443046432
1,2013-08-15,-0.25918339215731784
1,2013-08-16,-0.2602367484091056
1,2013-08-17,-0.26134740933335154
1,2013-08-18,-0.26249250505607147
1,2013-08-19,-0.26366228405057557
1,2013-08-20,-0.26485397975422875
1,2013-08-21,-0.2660605185608372
1,2013-08-22,-0.2672704475887243
1,2013-08-23,-0.2684747251625708
1,2013-08-24,-0.26966446163905816
1,2013-08-25,-0.270853988158671
1,2013-08-26,-0.2720460553753954
1,2013-08-27,-0.2732399248060087
1,2013-08-28,-0.27441709867642167
1,2013-08-29,-0.27555772120589705
1,2013-08-30,-0.2766468214706716
1,2013-08-31,-0.2776683253799251
1,2013-09-01,-0.2786169739032495
1,2013-09-02,-0.2794794726281575
1,2013-09-03,-0.28024354730605533
1,2013-09-04,-0.2809083838725732
1,2013-09-05,-0.2814998160760832
1,2013-09-06,-0.2820498844357264
1,2013-09-07,-0.282571378597922
1,2013-09-08,-0.28305688753470276
1,2013-09-09,-0.2834923869427011
1,2013-09-10,-0.28386513675196634
1,2013-09-11,-0.28418077199681296
1,2013-09-12,-0.2844622616401971
1,2013-09-13,-0.28472924632454494
1,2013-09-14,-0.28498789208314657
1,2013-09-15,-0.2852486645194709
1,2013-09-16,-0.2855341157636504
1,2013-09-17,-0.2858547921713403
1,2013-09-18,-0.28622564472252116
1,2013-09-19,-0.28663434754695094
1,2013-09-20,-0.2870874204436846
1,2013-09-21,-0.2875818401548864
1,2013-09-22,-0.28809243837004067
1,2013-09-23,-0.2886039608479637
1,2013-09-24,-0.28913262286818003
1,2013-09-25,-0.2896943884172226
1,2013-09-26,-0.2902590092962742
1,2013-09-27,-0.2907965100553773
1,2013-09-28,-0.2913015199293307
1,2013-09-29,-0.2917688046919663
1,2013-09-30,-0.2921777553377673
1,2013-10-01,-0.29248909548851504
1,2013-10-02,-0.2926393614831388
1,2013-10-03,-0.2925667184400421
1,2013-10-04,-0.2922418684512969
1,2013-10-05,-0.29165124817404814
1,2013-10-06,-0.29074709721318415
1,2013-10-07,-0.2894821001495989
1,2013-10-08,-0.2878038336265515
1,2013-10-09,-0.28567251229824375
1,2013-10-10,-0.28306935069701933
1,2013-10-11,-0.27996432710394975
1,2013-10-12,-0.27633369539734576
1,2013-10-13,-0.27215305998839817
1,2013-10-14,-0.2674671015828529
1,2013-10-15,-0.26235126142439685
1,2013-10-16,-0.2568882099362255
1,2013-10-17,-0.2511409908387909
1,2013-10-18,-0.2451601997241166
1,2013-10-19,-0.23901607685195753
1,2013-10-20,-0.2328493729896343
1,2013-10-21,-0.2268193710713135
1,2013-10-22,-0.22102668735132322
1,2013-10-23,-0.2155422433148435
1,2013-10-24,-0.2103634512613853
1,2013-10-25,-0.20546483331692053
1,2013-10-26,-0.20081218385682145
1,2013-10-27,-0.19642356491060464
1,2013-10-28,-0.19234218254693508
1,2013-10-29,-0.1886614411232057
1,2013-10-30,-0.18547126596559957
1,2013-10-31,-0.18291620390967672
1,2013-11-01,-0.18104805790236222
1,2013-11-02,-0.17983410429781052
1,2013-11-03,-0.17925822871999753
1,2013-11-04,-0.17926895664344894
1,2013-11-05,-0.1797326934975743
1,2013-11-06,-0.18061368243833048
1,2013-11-07,-0.18199483590997984
1,2013-11-08,-0.1839800722302911
1,2013-11-09,-0.18658892555125023
1,2013-11-10,-0.18967807363595285
1,2013-11-11,-0.19300571618345794
1,2013-11-12,-0.19635163611077336
1,2013-11-13,-0.19956088340446965
1,2013-11-14,-0.20252417458775973
1,2013-11-15,-0.2051868392526501
1,2013-11-16,-0.20753292113857452
1,2013-11-17,-0.2094849468750513
1,2013-11-18,-0.21097530181314034
1,2013-11-19,-0.21200651267789183
1,2013-11-20,-0.21258595667209204
1,2013-11-21,-0.2127435391702952
1,2013-11-22,-0.2125058724565575
1,2013-11-23,-0.21189579036049322
1,2013-11-24,-0.21090584677057425
1,2013-11-25,-0.20958850820417466
1,2013-11-26,-0.20798394715186272
1,2013-11-27,-0.20607833459354824
1,2013-11-28,-0.2038503875332573
1,2013-11-29,-0.20130614660776067
1,2013-11-30,-0.19849930814284308
1,2013-12-01,-0.19554462957552582
1,2013-12-02,-0.19256523503260556
1,2013-12-03,-0.1896806441774551
1,2013-12-04,-0.18692620411126265
1,2013-12-05,-0.18430371006768517
1,2013-12-06,-0.18193784559987602
1,2013-12-07,-0.17995828812527662
1,2013-12-08,-0.17836902828159584
1,2013-12-09,-0.17719579825667656
1,2013-12-10,-0.1764864516240217
1,2013-12-11,-0.17628394722212054
1,2013-12-12,-0.17658146443826458
1,2013-12-13,-0.17735884519028633
1,2013-12-14,-0.17859632675031922
1,2013-12-15,-0.18022467430870742
1,2013-12-16,-0.18217058509611267
1,2013-12-17,-0.18438512880581145
1,2013-12-18,-0.18681629219951473
1,2013-12-19,-0.18942757028935567
1,2013-12-20,-0.19210910480958568
1,2013-12-21,-0.19480449549480924
1,2013-12-22,-0.19749690384833019
1,2013-12-23,-0.20026842439339843
1,2013-12-24,-0.2031162842352891
1,2013-12-25,-0.20599274401862297
1,2013-12-26,-0.2088559873701897
1,2013-12-27,-0.21165861446541284
1,2013-12-28,-0.21438352947939215
1,2013-12-29,-0.21710058625317433
1,2013-12-30,-0.21987237534132406
1,2013-12-31,-0.2226658269927877
1,2014-01-01,-0.22543521002711975
1,2014-01-02,-0.22816264319084623
1,2014-01-03,-0.23088726665837606
1,2014-01-04,-0.23358090975381515
1,2014-01-05,-0.23628033633028397
1,2014-01-06,-0.2389118807134817
1,2014-01-07,-0.24148338956521997
1,2014-01-08,-0.24397347951675719
1,2014-01-09,-0.2464095589049639
1,2014-01-10,-0.24890805564518456
1,2014-01-11,-0.2514294298896036
1,2014-01-12,-0.2539335049426377
1,2014-01-13,-0.2564582374297492
1,2014-01-14,-0.2590320872960276
1,2014-01-15,-0.2616566165695543
1,2014-01-16,-0.26438202562219315
1,2014-01-17,-0.2672095901541487
1,2014-01-18,-0.270127427621112
1,2014-01-19,-0.27310948404218355
1,2014-01-20,-0.2761251024211486
1,2014-01-21,-0.27913140397318936
1,2014-01-22,-0.28202993670135246
1,2014-01-23,-0.2846800621288515
1,2014-01-24,-0.28693356899006556
1,2014-01-25,-0.2887101891722997
1,2014-01-26,-0.2898543505336825
1,2014-01-27,-0.29013449391672946
1,2014-01-28,-0.28953044749910617
1,2014-01-29,-0.2882758097742621
1,2014-01-30,-0.2865361979956972
1,2014-01-31,-0.28438914532186826
1,2014-02-01,-0.2818180347800009
1,2014-02-02,-0.2788522479592285
1,2014-02-03,-0.2755360899584394
1,2014-02-04,-0.2719128308724455
1,2014-02-05,-0.26793360661400845
1,2014-02-06,-0.26346781888042003
1,2014-02-07,-0.25838281882480657
1,2014-02-08,-0.2526890461507759
1,2014-02-09,-0.2464429222219721
1,2014-02-10,-0.2396734490432466
1,2014-02-11,-0.23258591172465715
1,2014-02-12,-0.2252522092169715
1,2014-02-13,-0.21767698840691246
1,2014-02-14,-0.2097848542475099
1,2014-02-15,-0.20173552940907596
1,2014-02-16,-0.1936915528565098
1,2014-02-17,-0.1857162497694632
1,2014-02-18,-0.17792004719732274
1,2014-02-19,-0.17036819254309382
1,2014-02-20,-0.16290649726658396
1,2014-02-21,-0.15559050002722305
1,2014-02-22,-0.1484077274943135
1,2014-02-23,-0.14125814598999933
1,2014-02-24,-0.13416477642979163
1,2014-02-25,-0.12717847253158965
1,2014-02-26,-0.12027730227345426
1,2014-02-27,-0.11343045107895687
1,2014-02-28,-0.10672961574910876
1,2014-03-01,-0.1000797119858142
1,2014-03-02,-0.09322546437077951
1,2014-03-03,-0.08578525293400531
1,2014-03-04,-0.0774671489198017
1,2014-03-05,-0.06816829478426457
1,2014-03-06,-0.057899276472725615
1,2014-03-07,-0.04677921292449641
1,2014-03-08,-0.035065332807434686
1,2014-03-09,-0.022953393175490118
1,2014-03-10,-0.010405608162482666
1,2014-03-11,0.002551651955297228
1,2014-03-12,0.015754962183145288
1,2014-03-13,0.02940033674185589
1,2014-03-14,0.04388063810984319
1,2014-03-15,0.05897235268086492
1,2014-03-16,0.07464862232979327
1,2014-03-17,0.09073745953792059
1,2014-03-18,0.10706702466871722
1,2014-03-19,0.12329147911567723
1,2014-03-20,0.13933122747714116
1,2014-03-21,0.1553208075647237
1,2014-03-22,0.17129463622398924
1,2014-03-23,0.18721825559276684
1,2014-03-24,0.20304983157970904
1,2014-03-25,0.21878363736084874
1,2014-03-26,0.23436188743222422
1,2014-03-27,0.24926624444057227
1,2014-03-28,0.26324619580134634
1,2014-03-29,0.27660891433171025
1,2014-03-30,0.2894506854144919
1,2014-03-31,0.3016426923089357
1,2014-04-01,0.31336914099215724
1,2014-04-02,0.3249196423241864
1,2014-04-03,0.33641885767463675
1,2014-04-04,0.34799888671755114
1,2014-04-05,0.35972041554440737
1,2014-04-06,0.3715683224230046
1,2014-04-07,0.3834610146389819
1,2014-04-08,0.3953987234950733
1,2014-04-09,0.4073137383442725
1,2014-04-10,0.4193395585414159
1,2014-04-11,0.4313252163497994
1,2014-04-12,0.4429348549019952
1,2014-04-13,0.45388816719804603
1,2014-04-14,0.4640080419263924
1,2014-04-15,0.4729982050022817
1,2014-04-16,0.48071886822009735
1,2014-04-17,0.4870048982130412
1,2014-04-18,0.49167370293612295
1,2014-04-19,0.4945995719807442
1,2014-04-20,0.49578243799894406
1,2014-04-21,0.49525342690130253
1,2014-04-22,0.493072795281937
1,2014-04-23,0.4893678921922038
1,2014-04-24,0.48425573254790183
1,2014-04-25,0.4779439216497695
1,2014-04-26,0.4706128289282994
1,2014-04-27,0.46219179722632003
1,2014-04-28,0.4526452853721702
1,2014-04-29,0.44200430579853556
1,2014-04-30,0.43017613648251984
1,2014-05-01,0.4170456872577402
1,2014-05-02,0.4026007373864731
1,2014-05-03,0.38701833189567864
1,2014-05-04,0.3703496400060614
1,2014-05-05,0.35260099091220015
1,2014-05-06,0.33380897756138045
1,2014-05-07,0.31406782847551623
1,2014-05-08,0.2935572625067536
1,2014-05-09,0.2721431878753406
1,2014-05-10,0.24960662758805363
1,2014-05-11,0.22588397123836837
1,2014-05-12,0.20151306374367983
1,2014-05-13,0.17674347165417587
1,2014-05-14,0.15157387983718537
1,2014-05-15,0.12599813379131733
1,2014-05-16,0.1000694828857171
1,2014-05-17,0.07387785225177525
1,2014-05-18,0.047605107403594873
1,2014-05-19,0.021432122958947336
1,2014-05-20,-0.004427687417460514
1,2014-05-21,-0.029792958054074867
1,2014-05-22,-0.054638787924654014
1,2014-05-23,-0.07886780950896218
1,2014-05-24,-0.1022290387186493
1,2014-05-25,-0.12446905846823106
1,2014-05-26,-0.1455821229897969
1,2014-05-27,-0.16534135793198385
1,2014-05-28,-0.18354965675789803
1,2014-05-29,-0.20012036604400343
1,2014-05-30,-0.21499590538551275
1,2014-05-31,-0.228307386053719
1,2014-06-01,-0.24020243240000527
1,2014-06-02,-0.25073453789301764
1,2014-06-03,-0.25993044358401596
1,2014-06-04,-0.2678340418282795
1,2014-06-05,-0.27451584981233096
1,2014-06-06,-0.28003934012810583
1,2014-06-07,-0.28444450241270464
1,2014-06-08,-0.28776970538823
1,2014-06-09,-0.29018347578459236
1,2014-06-10,-0.29185406683368476
1,2014-06-11,-0.2928538424957276
1,2014-06-12,-0.2931829524641037
1,2014-06-13,-0.2928676144910179
1,2014-06-14,-0.2919481190766433
1,2014-06-15,-0.29052597729732815
1,2014-06-16,-0.28868306175872466
1,2014-06-17,-0.2864767164908877
1,2014-06-18,-0.2839944684538505
1,2014-06-19,-0.2813333642899096
1,2014-06-20,-0.2785609713394309
1,2014-06-21,-0.27570872566151217
1,2014-06-22,-0.27282213286836376
1,2014-06-23,-0.269934605060093
1,2014-06-24,-0.2670853863881773
1,2014-06-25,-0.2643149905904076
1,2014-06-26,-0.26167162958769513
1,2014-06-27,-0.25919619049176373
1,2014-06-28,-0.2569091984777441
1,2014-06-29,-0.2548073413562684
1,2014-06-30,-0.2529056814555003
1,2014-07-01,-0.25122506251544263
1,2014-07-02,-0.24975231421299468
1,2014-07-03,-0.24845769907539825
1,2014-07-04,-0.24733595298996225
1,2014-07-05,-0.24637268932820172
1,2014-07-06,-0.24558175397554188
1,2014-07-07,-0.24495582542834834
1,2014-07-08,-0.24448215788545127
1,2014-07-09,-0.244133161020878
1,2014-07-10,-0.2438911456811304
1,2014-07-11,-0.2437590673693407
1,2014-07-12,-0.2437382202896165
1,2014-07-13,-0.2438197251244151
1,2014-07-14,-0.24399642415306605
1,2014-07-15,-0.24424572917411638
1,2014-07-16,-0.24456572093308337
1,2014-07-17,-0.2449305369170439
1,2014-07-18,-0.2453222887105182
1,2014-07-19,-0.24575604988188435
1,2014-07-20,-0.24622607737057278
1,2014-07-21,-0.2467184316780686
1,2014-07-22,-0.24723201769805456
1,2014-07-23,-0.24777830895590272
1,2014-07-24,-0.24834589675783098
1,2014-07-25,-0.24893049329181188
1,2014-07-26,-0.24953017941379682
1,2014-07-27,-0.25014555907299757
1,2014-07-28,-0.25077125800018685
1,2014-07-29,-0.25141524930171455
1,2014-07-30,-0.25206858502921714
1,2014-07-31,-0.2527415215905239
1,2014-08-01,-0.25341891415057344
1,2014-08-02,-0.2540712703824713
1,2014-08-03,-0.25467948277801405
1,2014-08-04,-0.2552198758512553
1,2014-08-05,-0.25570391913324286
1,2014-08-06,-0.256155731423034
1,2014-08-07,-0.25659604767674893
1,2014-08-08,-0.2570463761902705
1,2014-08-09,-0.2575061936349032
1,2014-08-10,-0.2579718445470956
1,2014-08-11,-0.25845031279913194
1,2014-08-12,-0.25896636734097667
1,2014-08-13,-0.2595424652298443
1,2014-08-14,-0.2601829796160038
1,2014-08-15,-0.2608927558997895
1,2014-08-16,-0.2616830105723805
1,2014-08-17,-0.26256199336792396
1,2014-08-18,-0.26354009641010334
1,2014-08-19,-0.2646124241604576
1,2014-08-20,-0.26575134521512217
1,2014-08-21,-0.26693279617509397
1,2014-08-22,-0.26813854292085665
1,2014-08-23,-0.2693699298934572
1,2014-08-24,-0.27062132157539043
1,2014-08-25,-0.27188960009531604
1,2014-08-26,-0.2731682741531763
1,2014-08-27,-0.27444139930771094
1,2014-08-28,-0.27569852327851824
1,2014-08-29,-0.27692485009838
1,2014-08-30,-0.27809316313859905
1,2014-08-31,-0.2791743115890559
1,2014-09-01,-0.2801710598926894
1,2014-09-02,-0.28106649853619975
1,2014-09-03,-0.2818623215484451
1,2014-09-04,-0.28255609720486796
1,2014-09-05,-0.2831426232999927
1,2014-09-06,-0.28362597656501726
1,2014-09-07,-0.2840148624171384
1,2014-09-08,-0.2843097746247787
1,2014-09-09,-0.2845126017035608
1,2014-09-10,-0.2846341342040596
1,2014-09-11,-0.2846891684020129
1,2014-09-12,-0.28469416105705425
1,2014-09-13,-0.2846747448993151
1,2014-09-14,-0.2846554981544041
1,2014-09-15,-0.2846672941910052
1,2014-09-16,-0.2847522949918582
1,2014-09-17,-0.2849482381123395
1,2014-09-18,-0.2852763933014371
1,2014-09-19,-0.28572626636174053
1,2014-09-20,-0.28626184239881064
1,2014-09-21,-0.2868769045784212
1,2014-09-22,-0.28757485702908164
1,2014-09-23,-0.28834183518149104
1,2014-09-24,-0.28916297830975735
1,2014-09-25,-0.2900096251847565
1,2014-09-26,-0.29083355080880385
1,2014-09-27,-0.29159152852827924
1,2014-09-28,-0.292267129703756
1,2014-09-29,-0.2928425316854817
1,2014-09-30,-0.2932872762050043
1,2014-10-01,-0.2935900432824678
1,2014-10-02,-0.29374722356935357
1,2014-10-03,-0.2937428657835694
1,2014-10-04,-0.2935386760276993
1,2014-10-05,-0.2930647444988656
1,2014-10-06,-0.29224889613590166
1,2014-10-07,-0.29103981296167736
1,2014-10-08,-0.2894190837714468
1,2014-10-09,-0.2873652778751607
1,2014-10-10,-0.2848814917275709
1,2014-10-11,-0.28196397609206064
1,2014-10-12,-0.2786107710462466
1,2014-10-13,-0.2747920549989885
1,2014-10-14,-0.27052983038935735
1,2014-10-15,-0.2658206642749597
1,2014-10-16,-0.260691880654603
1,2014-10-17,-0.255194638870895
1,2014-10-18,-0.24940113909110134
1,2014-10-19,-0.2433790908487022
1,2014-10-20,-0.23722440142145124
1,2014-10-21,-0.23105931920488654
1,2014-10-22,-0.2249846492877024
1,2014-10-23,-0.21909031496866366
1,2014-10-24,-0.21347078997446312
1,2014-10-25,-0.20820814104308297
1,2014-10-26,-0.203318812519429
1,2014-10-27,-0.19883625981906616
1,2014-10-28,-0.19484476028457898
1,2014-10-29,-0.19141599962860634
1,2014-10-30,-0.188566331098282
1,2014-10-31,-0.18627496132216007
1,2014-11-01,-0.1845203065813448
1,2014-11-02,-0.18324727553955655
1,2014-11-03,-0.18250786118893703
1,2014-11-04,-0.18232595583273156
1,2014-11-05,-0.18261808557929152
1,2014-11-06,-0.18328545500391497
1,2014-11-07,-0.18429908211963522
1,2014-11-08,-0.1856447659347367
1,2014-11-09,-0.1872619948426067
1,2014-11-10,-0.1890637396715034
1,2014-11-11,-0.19100390724377847
1,2014-11-12,-0.1930386600776873
1,2014-11-13,-0.19509728247446254
1,2014-11-14,-0.1971541508684795
1,2014-11-15,-0.19917002789771426
1,2014-11-16,-0.2010577562054225
1,2014-11-17,-0.20274208992240833
1,2014-11-18,-0.20408077397914984
1,2014-11-19,-0.20498881452839635
1,2014-11-20,-0.20537417522655751
1,2014-11-21,-0.20515357830293338
1,2014-11-22,-0.2043120388965099
1,2014-11-23,-0.20291911508574098
1,2014-11-24,-0.20106730057012476
1,2014-11-25,-0.1987941018132491
1,2014-11-26,-0.19623527281928163
1,2014-11-27,-0.1935013662041893
1,2014-11-28,-0.19064911592507827
1,2014-11-29,-0.18774805853991677
1,2014-11-30,-0.18483623355561224
1,2014-12-01,-0.18192272481771113
1,2014-12-02,-0.17909903183546094
1,2014-12-03,-0.17643700340671123
1,2014-12-04,-0.1739617557922
1,2014-12-05,-0.17168557882422467
1,2014-12-06,-0.16962867574284551
1,2014-12-07,-0.16784610541309283
1,2014-12-08,-0.16639551215206497
1,2014-12-09,-0.16526750924096395
1,2014-12-10,-0.1643885835518395
1,2014-12-11,-0.16372584012971544
1,2014-12-12,-0.1632874881878153
1,2014-12-13,-0.16303579215855032
1,2014-12-14,-0.16321247143739306
1,2014-12-15,-0.16369513650029452
1,2014-12-16,-0.16436780807582724
1,2014-12-17,-0.16515730145817298
1,2014-12-18,-0.16599740764928092
1,2014-12-19,-0.16684561974683565
1,2014-12-20,-0.16769903791978605
1,2014-12-21,-0.16851012075872052
1,2014-12-22,-0.16937932145625267
1,2014-12-23,-0.17034621753776033
1,2014-12-24,-0.17152892428433547
1,2014-12-25,-0.1729046841338452
1,2014-12-26,-0.17440318519045078
1,2014-12-27,-0.17593766957001755
1,2014-12-28,-0.1776899031521721
1,2014-12-29,-0.17967934731172538
1,2014-12-30,-0.18193660730645486
1,2014-12-31,-0.18441224742717022
1,2015-01-01,-0.18707669318373626
1,2015-01-02,-0.18998736460913673
1,2015-01-03,-0.1930574205220202
1,2015-01-04,-0.1962123405434539
1,2015-01-05,-0.1994256883582619
1,2015-01-06,-0.20269887404438305
1,2015-01-07,-0.20600705233659325
1,2015-01-08,-0.20933911609792563
1,2015-01-09,-0.21271116479900226
1,2015-01-10,-0.21620007300547037
1,2015-01-11,-0.21963305344107376
1,2015-01-12,-0.22299372020597957
1,2015-01-13,-0.22629625973948925
1,2015-01-14,-0.2296624420947128
1,2015-01-15,-0.23309586440689317
1,2015-01-16,-0.23641391040039547
1,2015-01-17,-0.23970835401450863
1,2015-01-18,-0.24296491145939636
1,2015-01-19,-0.2461317221018098
1,2015-01-20,-0.24916746322393885
1,2015-01-21,-0.25218025647895614
1,2015-01-22,-0.2551925652497703
1,2015-01-23,-0.2580724923393186
1,2015-01-24,-0.26070723465016776
1,2015-01-25,-0.2629112853407077
1,2015-01-26,-0.2645232589375623
1,2015-01-27,-0.26544236196770993
1,2015-01-28,-0.26564267275204495
1,2015-01-29,-0.26523389366155664
1,2015-01-30,-0.2641507148610882
1,2015-01-31,-0.2621555053054024
1,2015-02-01,-0.2593044478707735
1,2015-02-02,-0.25567446412285105
1,2015-02-03,-0.2514014810164791
1,2015-02-04,-0.24646762579636974
1,2015-02-05,-0.24096954041575416
1,2015-02-06,-0.23504414126199802
1,2015-02-07,-0.22879300547147907
1,2015-02-08,-0.22215659778499758
1,2015-02-09,-0.21516268826934068
1,2015-02-10,-0.20785941332861055
1,2015-02-11,-0.20039799393980792
1,2015-02-12,-0.1927364410091392
1,2015-02-13,-0.1848192252726767
1,2015-02-14,-0.1767849244405617
1,2015-02-15,-0.16872054875774928
1,2015-02-16,-0.16078074391700406
1,2015-02-17,-0.1529326113991816
1,2015-02-18,-0.1453629783751955
1,2015-02-19,-0.13811868272329236
1,2015-02-20,-0.13131876613201382
1,2015-02-21,-0.12504395385743292
1,2015-02-22,-0.1194428059340936
1,2015-02-23,-0.11452824966054445
1,2015-02-24,-0.1100407013080833
1,2015-02-25,-0.10592615999469121
1,2015-02-26,-0.10213398676333635
1,2015-02-27,-0.09852189318713656
1,2015-02-28,-0.09497809023808249
1,2015-03-01,-0.09144645413730819
1,2015-03-02,-0.08765828713405324
1,2015-03-03,-0.0833796446875101
1,2015-03-04,-0.07845635267242923
1,2015-03-05,-0.07266582724816577
1,2015-03-06,-0.06567788860620684
1,2015-03-07,-0.05732117701181478
1,2015-03-08,-0.04752514341113927
1,2015-03-09,-0.036413973333519284
1,2015-03-10,-0.024171964362487766
1,2015-03-11,-0.010825656504079599
1,2015-03-12,0.0035967020845731326
1,2015-03-13,0.0187543988794746
1,2015-03-14,0.034671072353103995
1,2015-03-15,0.05150782802139996
1,2015-03-16,0.06912117189296656
1,2015-03-17,0.08720568355537256
1,2015-03-18,0.10560226055911338
1,2015-03-19,0.12405799669866832
1,2015-03-20,0.14229280764171023
1,2015-03-21,0.16017659686506122
1,2015-03-22,0.17766638431092519
1,2015-03-23,0.19471432401345076
1,2015-03-24,0.21127594700229427
1,2015-03-25,0.22746966341689268
1,2015-03-26,0.24342345374638694
1,2015-03-27,0.2595017870518531
1,2015-03-28,0.2756581783500193
1,2015-03-29,0.2915969960128913
1,2015-03-30,0.30719857458337374
1,2015-03-31,0.32237040726398264
1,2015-04-01,0.3369179029138998
1,2015-04-02,0.3505684961028897
1,2015-04-03,0.3632640448824525
1,2015-04-04,0.37514203780706273
1,2015-04-05,0.3863282773851964
1,2015-04-06,0.39693313567386707
1,2015-04-07,0.40704087245988085
1,2015-04-08,0.4167491416375577
1,2015-04-09,0.42608480497519924
1,2015-04-10,0.4349032958649608
1,2015-04-11,0.4432070121431395
1,2015-04-12,0.45106193613542933
1,2015-04-13,0.4585583101945661
1,2015-04-14,0.4657244840846861
1,2015-04-15,0.47242845323454735
1,2015-04-16,0.4784470675678523
1,2015-04-17,0.4835471421728444
1,2015-04-18,0.487545325782656
1,2015-04-19,0.4904493697185412
1,2015-04-20,0.4920926197795386
1,2015-04-21,0.49226028053445503
1,2015-04-22,0.49080112160631034
1,2015-04-23,0.4876987917897064
1,2015-04-24,0.4829910139528003
1,2015-04-25,0.47660048633685265
1,2015-04-26,0.4686114062917247
1,2015-04-27,0.45901880245380633
1,2015-04-28,0.4478667575936799
1,2015-04-29,0.4353506047582612
1,2015-04-30,0.42169354169258155
1,2015-05-01,0.4070835276595771
1,2015-05-02,0.39145428920492953
1,2015-05-03,0.3747460872578133
1,2015-05-04,0.35699460651397835
1,2015-05-05,0.3382085057562281
1,2015-05-06,0.3182903446218621
1,2015-05-07,0.2970395377310866
1,2015-05-08,0.2746461239583264
1,2015-05-09,0.25157205499028507
1,2015-05-10,0.22776537329091684
1,2015-05-11,0.203232126758275
1,2015-05-12,0.1781302668127703
1,2015-05-13,0.15268237492871584
1,2015-05-14,0.1271135225710038
1,2015-05-15,0.10150693088320142
1,2015-05-16,0.07586714880730568
1,2015-05-17,0.05086154820505858
1,2015-05-18,0.026342676152606808
1,2015-05-19,0.0023297655344089656
1,2015-05-20,-0.021106080005105478
1,2015-05-21,-0.043891216497951815
1,2015-05-22,-0.06605891504367692
1,2015-05-23,-0.087677049733235
1,2015-05-24,-0.1086009532145415
1,2015-05-25,-0.1285273919166281
1,2015-05-26,-0.14742219686592103
1,2015-05-27,-0.16516223519486228
1,2015-05-28,-0.18166701586953815
1,2015-05-29,-0.19678465952077037
1,2015-05-30,-0.2103651571287914
1,2015-05-31,-0.22293052163065855
1,2015-06-01,-0.2344189098719673
1,2015-06-02,-0.24474255427692576
1,2015-06-03,-0.2538335817725172
1,2015-06-04,-0.2616664662341097
1,2015-06-05,-0.2683181014462926
1,2015-06-06,-0.27384522732119326
1,2015-06-07,-0.27831547528130834
1,2015-06-08,-0.281912387730932
1,2015-06-09,-0.28472308199323565
1,2015-06-10,-0.2868562566364834
1,2015-06-11,-0.2883297636295371
1,2015-06-12,-0.2891153238446947
1,2015-06-13,-0.28934065286167737
1,2015-06-14,-0.28904696247010214
1,2015-06-15,-0.288262561378803
1,2015-06-16,-0.2870495956732299
1,2015-06-17,-0.2854743256732131
1,2015-06-18,-0.28356642046183167
1,2015-06-19,-0.2813476036339842
1,2015-06-20,-0.27886362793040415
1,2015-06-21,-0.27618434726483726
1,2015-06-22,-0.2733934039220329
1,2015-06-23,-0.2705169229140149
1,2015-06-24,-0.2676157929225099
1,2015-06-25,-0.26479534798920384
1,2015-06-26,-0.2621513866797647
1,2015-06-27,-0.2597015145075326
1,2015-06-28,-0.2574567877658322
1,2015-06-29,-0.2554241877331591
1,2015-06-30,-0.2536143133930677
1,2015-07-01,-0.25203164142717
1,2015-07-02,-0.2506809760898962
1,2015-07-03,-0.24952414477270632
1,2015-07-04,-0.24854787000659428
1,2015-07-05,-0.2477427820607351
1,2015-07-06,-0.24708594707327744
1,2015-07-07,-0.24653433824118823
1,2015-07-08,-0.24608262884596682
1,2015-07-09,-0.24572204354517366
1,2015-07-10,-0.24544866869125867
1,2015-07-11,-0.24524855491431086
1,2015-07-12,-0.2451274268548057
1,2015-07-13,-0.2450748855440978
1,2015-07-14,-0.24507887442270412
1,2015-07-15,-0.2451420270540566
1,2015-07-16,-0.2452676273216834
1,2015-07-17,-0.24547807999804996
1,2015-07-18,-0.24577890331485766
1,2015-07-19,-0.2461461152462171
1,2015-07-20,-0.2465616807214495
1,2015-07-21,-0.2470422901386358
1,2015-07-22,-0.24756794392994214
1,2015-07-23,-0.24809553530971612
1,2015-07-24,-0.24860252208343575
1,2015-07-25,-0.2490971845198642
1,2015-07-26,-0.24957534577926216
1,2015-07-27,-0.2500433224075734
1,2015-07-28,-0.25050540781924185
1,2015-07-29,-0.2509700092400582
1,2015-07-30,-0.25144706127859107
1,2015-07-31,-0.2519422279949492
1,2015-08-01,-0.2524437382134065
1,2015-08-02,-0.25293883870520173
1,2015-08-03,-0.25342301875607953
1,2015-08-04,-0.25389493049859235
1,2015-08-05,-0.2543531385696082
1,2015-08-06,-0.2548117037206731
1,2015-08-07,-0.25530099139749163
1,2015-08-08,-0.2558129241103971
1,2015-08-09,-0.2563405475344412
1,2015-08-10,-0.25688641374737253
1,2015-08-11,-0.2574551548385444
1,2015-08-12,-0.25804919222814443
1,2015-08-13,-0.25867585436662893
1,2015-08-14,-0.25934268335591965
1,2015-08-15,-0.2600708689601409
1,2015-08-16,-0.26088708381341363
1,2015-08-17,-0.26180889254423906
1,2015-08-18,-0.2628305138327932
1,2015-08-19,-0.2639352496780033
1,2015-08-20,-0.26510504382057865
1,2015-08-21,-0.26632443798313854
1,2015-08-22,-0.26758503902955905
1,2015-08-23,-0.26888297819587975
1,2015-08-24,-0.2702170909099022
1,2015-08-25,-0.27157374271130036
1,2015-08-26,-0.2729346051158311
1,2015-08-27,-0.2742781160747497
1,2015-08-28,-0.27559467705473284
1,2015-08-29,-0.27687259498545047
1,2015-08-30,-0.2780776829103118
1,2015-08-31,-0.27917379026494826
1,2015-09-01,-0.28017067647127414
1,2015-09-02,-0.2810955185128816
1,2015-09-03,-0.28196354965048465
1,2015-09-04,-0.28275738417514373
1,2015-09-05,-0.2834690142589037
1,2015-09-06,-0.2840822456838257
1,2015-09-07,-0.28459181239356646
1,2015-09-08,-0.285011212936013
1,2015-09-09,-0.28536044276721234
1,2015-09-10,-0.28565328357346165
1,2015-09-11,-0.2858971441068382
1,2015-09-12,-0.28609650349146526
1,2015-09-13,-0.28626789990909296
1,2015-09-14,-0.28643870104002533
1,2015-09-15,-0.286617629292157
1,2015-09-16,-0.2868026975581503
1,2015-09-17,-0.287003293824274
1,2015-09-18,-0.28725999028884935
1,2015-09-19,-0.2876174202538846
1,2015-09-20,-0.28810519160294795
1,2015-09-21,-0.28872946036080605
1,2015-09-22,-0.2894798364996777
1,2015-09-23,-0.2903141770906075
1,2015-09-24,-0.2911889478814131
1,2015-09-25,-0.2920806770217994
1,2015-09-26,-0.2929824163971743
1,2015-09-27,-0.2938648232074848
1,2015-09-28,-0.29471671938448163
1,2015-09-29,-0.2954946143480047
1,2015-09-30,-0.2961704980064473
1,2015-10-01,-0.296723523004028
1,2015-10-02,-0.2971036594794638
1,2015-10-03,-0.2972285098072168
1,2015-10-04,-0.2970276852953987
1,2015-10-05,-0.29643575364528074
1,2015-10-06,-0.29541201430887676
1,2015-10-07,-0.29395150261363684
1,2015-10-08,-0.2920667801401852
1,2015-10-09,-0.2897653549906621
1,2015-10-10,-0.28705515632156914
1,2015-10-11,-0.2839528039266565
1,2015-10-12,-0.28043530575899056
1,2015-10-13,-0.27648501281195537
1,2015-10-14,-0.2720853182526696
1,2015-10-15,-0.26726321136728093
1,2015-10-16,-0.2620752103729942
1,2015-10-17,-0.2565350204116257
1,2015-10-18,-0.25070597505577585
1,2015-10-19,-0.2446460238415861
1,2015-10-20,-0.23847194235735622
1,2015-10-21,-0.2323232252361317
1,2015-10-22,-0.2263060011242647
1,2015-10-23,-0.22042781764884364
1,2015-10-24,-0.21474288925109736
1,2015-10-25,-0.20931501040940872
1,2015-10-26,-0.20426133642153196
1,2015-10-27,-0.19964112798372494
1,2015-10-28,-0.19550679867187523
1,2015-10-29,-0.19188460520636735
1,2015-10-30,-0.18877525818957674
1,2015-10-31,-0.18619476684880512
1,2015-11-01,-0.1841570692975488
1,2015-11-02,-0.18272061145159213
1,2015-11-03,-0.18184936898721718
1,2015-11-04,-0.18151545195328364
1,2015-11-05,-0.18167573810848045
1,2015-11-06,-0.18230683454555158
1,2015-11-07,-0.1833221293742762
1,2015-11-08,-0.18469696285053352
1,2015-11-09,-0.18633908998557638
1,2015-11-10,-0.1882334202851054
1,2015-11-11,-0.19037142725812853
1,2015-11-12,-0.19271867845934443
1,2015-11-13,-0.19510900884197288
1,2015-11-14,-0.19749868744251506
1,2015-11-15,-0.1997674816895051
1,2015-11-16,-0.20187764460410476
1,2015-11-17,-0.2037640012962348
1,2015-11-18,-0.2053827959789482
1,2015-11-19,-0.20664587775147863
1,2015-11-20,-0.20750725796987704
1,2015-11-21,-0.20791367977537947
1,2015-11-22,-0.20778501355133633
1,2015-11-23,-0.20711043407570723
1,2015-11-24,-0.20587331642724246
1,2015-11-25,-0.20409725984392385
1,2015-11-26,-0.2018947513746574
1,2015-11-27,-0.19940102880041108
1,2015-11-28,-0.19667967999880193
1,2015-11-29,-0.19382110030555538
1,2015-11-30,-0.19087534524648989
1,2015-12-01,-0.1878417760784351
1,2015-12-02,-0.18479346342173322
1,2015-12-03,-0.18178582504593224
1,2015-12-04,-0.17888632800374785
1,2015-12-05,-0.1761823607357961
1,2015-12-06,-0.17377348481946592
1,2015-12-07,-0.17167488299642988
1,2015-12-08,-0.1698751973357415
1,2015-12-09,-0.16830618300096253
1,2015-12-10,-0.16690081661588868
1,2015-12-11,-0.1656888569551558
1,2015-12-12,-0.16473758721806134
1,2015-12-13,-0.16410012959977616
1,2015-12-14,-0.16378274719422972
1,2015-12-15,-0.16393335174008591
1,2015-12-16,-0.1645740538915349
1,2015-12-17,-0.1656650624112041
1,2015-12-18,-0.16706777925947458
1,2015-12-19,-0.16867906663107587
1,2015-12-20,-0.17044381862947172
1,2015-12-21,-0.17241487087712648
1,2015-12-22,-0.1745322892856067
1,2015-12-23,-0.17675801141513592
1,2015-12-24,-0.17921407750599377
1,2015-12-25,-0.18177610311083564
1,2015-12-26,-0.18436677657606876
1,2015-12-27,-0.18702452107147635
1,2015-12-28,-0.18965477433892855
1,2015-12-29,-0.1921392849420736
1,2015-12-30,-0.19449732596496197
1,2015-12-31,-0.196759066687804
1,2016-01-01,-0.19894826969979598
1,2016-01-02,-0.20111166782851705
1,2016-01-03,-0.20335406760043573
1,2016-01-04,-0.20576300801051758
1,2016-01-05,-0.20827776484235705
1,2016-01-06,-0.21090952313756073
1,2016-01-07,-0.21384399298446868
1,2016-01-08,-0.2169448661492144
1,2016-01-09,-0.22006970318321223
1,2016-01-10,-0.22310827432871627
1,2016-01-11,-0.22608515426628165
1,2016-01-12,-0.2290202816701856
1,2016-01-13,-0.23182416170374426
1,2016-01-14,-0.2344277897749548
1,2016-01-15,-0.2369313474431584
1,2016-01-16,-0.23924709184453763
1,2016-01-17,-0.24120710534329226
1,2016-01-18,-0.24273707694395588
1,2016-01-19,-0.2440072039385521
1,2016-01-20,-0.2450747838978799
1,2016-01-21,-0.2459319549046817
1,2016-01-22,-0.24673157823567535
1,2016-01-23,-0.24750532210201315
1,2016-01-24,-0.24826362988346556
1,2016-01-25,-0.2490677471135012
1,2016-01-26,-0.2498441426093478
1,2016-01-27,-0.25039299904642254
1,2016-01-28,-0.250503925215624
1,2016-01-29,-0.24989572414892644
1,2016-01-30,-0.24852813732056192
1,2016-01-31,-0.2466084577404245
1,2016-02-01,-0.2443961479179532
1,2016-02-02,-0.24176284188857525
1,2016-02-03,-0.23878316765236893
1,2016-02-04,-0.23538952221322704
1,2016-02-05,-0.23161035648458284
1,2016-02-06,-0.2273269488419719
1,2016-02-07,-0.22257851888724306
1,2016-02-08,-0.21745466340819053
1,2016-02-09,-0.2118871482158531
1,2016-02-10,-0.2058055134310168
1,2016-02-11,-0.19921010930773334
1,2016-02-12,-0.19244742842914786
1,2016-02-13,-0.1855615603011373
1,2016-02-14,-0.17856458252159635
1,2016-02-15,-0.17136178163696844
1,2016-02-16,-0.1639688233946227
1,2016-02-17,-0.1564911663483349
1,2016-02-18,-0.14893336762699685
1,2016-02-19,-0.1414571883626153
1,2016-02-20,-0.13420446779541573
1,2016-02-21,-0.12711730629783183
1,2016-02-22,-0.12023027610613288
1,2016-02-23,-0.11367088722041342
1,2016-02-24,-0.1075270571554891
1,2016-02-25,-0.10172233125243071
1,2016-02-26,-0.09596015854046926
1,2016-02-27,-0.09012029349951405
1,2016-02-28,-0.08414323448264949
1,2016-02-29,-0.07799581635617754
1,2016-03-01,-0.07162268871906644
1,2016-03-02,-0.06472429295807515
1,2016-03-03,-0.057278328452852204
1,2016-03-04,-0.049212654273477645
1,2016-03-05,-0.040574049847155506
1,2016-03-06,-0.03163788406519223
1,2016-03-07,-0.022674068836842212
1,2016-03-08,-0.01381297610300851
1,2016-03-09,-0.004799293998056442
1,2016-03-10,0.0047192121073617
1,2016-03-11,0.01493538149114721
1,2016-03-12,0.02574460591306193
1,2016-03-13,0.037095560943881126
1,2016-03-14,0.04906901786719089
1,2016-03-15,0.06161437190553051
1,2016-03-16,0.07455922174753157
1,2016-03-17,0.08786345604166634
1,2016-03-18,0.10173721600290771
1,2016-03-19,0.11619268402953825
1,2016-03-20,0.13122983041517414
1,2016-03-21,0.14690382741016356
1,2016-03-22,0.16315394063078717
1,2016-03-23,0.1796454010738251
1,2016-03-24,0.19603898017809065
1,2016-03-25,0.21213391329829104
1,2016-03-26,0.22801793758331218
1,2016-03-27,0.24375243173840833
1,2016-03-28,0.2593578948686788
1,2016-03-29,0.27475917704010167
1,2016-03-30,0.2898742082514727
1,2016-03-31,0.30496550523940663
1,2016-04-01,0.3199950771180302
1,2016-04-02,0.3348455021974071
1,2016-04-03,0.34946078298876837
1,2016-04-04,0.3637568578983658
1,2016-04-05,0.37750288328668863
1,2016-04-06,0.39060428747481957
1,2016-04-07,0.4030880455670405
1,2016-04-08,0.4148649725487121
1,2016-04-09,0.42580484178260924
1,2016-04-10,0.4359371553116563
1,2016-04-11,0.44520630501990927
1,2016-04-12,0.4537066619878224
1,2016-04-13,0.46147286921236336
1,2016-04-14,0.4683772940763355
1,2016-04-15,0.4740794252619386
1,2016-04-16,0.4788159774363454
1,2016-04-17,0.4827054451290345
1,2016-04-18,0.485704788112716
1,2016-04-19,0.48774053960614416
1,2016-04-20,0.4886922456346196
1,2016-04-21,0.48837154771661473
1,2016-04-22,0.4867336469451591
1,2016-04-23,0.48362386924798945
1,2016-04-24,0.4790452576766927
1,2016-04-25,0.47303881479494275
1,2016-04-26,0.4654779260226754
1,2016-04-27,0.4564080930569537
1,2016-04-28,0.4459747951130718
1,2016-04-29,0.4344243327540922
1,2016-04-30,0.4215874604981412
1,2016-05-01,0.4074233479414172
1,2016-05-02,0.39203216589775164
1,2016-05-03,0.37556137507026427
1,2016-05-04,0.357922606639015
1,2016-05-05,0.33905492825965083
1,2016-05-06,0.31882516875089284
1,2016-05-07,0.29718434506819197
1,2016-05-08,0.2742950646790332
1,2016-05-09,0.2502385248735468
1,2016-05-10,0.225001066334732
1,2016-05-11,0.198699807697472
1,2016-05-12,0.1715288373030198
1,2016-05-13,0.14380068510303295
1,2016-05-14,0.11580753150731851
1,2016-05-15,0.08802508706432319
1,2016-05-16,0.060582518522200875
1,2016-05-17,0.033588430384629525
1,2016-05-18,0.007135651811932215
1,2016-05-19,-0.018789710233286308
1,2016-05-20,-0.04394122433995787
1,2016-05-21,-0.06805954352641735
1,2016-05-22,-0.09110359559338402
1,2016-05-23,-0.1130433226588177
1,2016-05-24,-0.1339180332099365
1,2016-05-25,-0.15375465348545186
1,2016-05-26,-0.17208134738942718
1,2016-05-27,-0.18890977363560563
1,2016-05-28,-0.20432116931973662
1,2016-05-29,-0.21842359750762994
1,2016-05-30,-0.23121390313090343
1,2016-05-31,-0.24272423069104546
1,2016-06-01,-0.25300261453868417
1,2016-06-02,-0.2620117662860617
1,2016-06-03,-0.26978886278859504
1,2016-06-04,-0.2764064955404334
1,2016-06-05,-0.28194976209099426
1,2016-06-06,-0.2864461986852696
1,2016-06-07,-0.28980833807133977
1,2016-06-08,-0.29211517903357226
1,2016-06-09,-0.29362145716929916
1,2016-06-10,-0.2943372079276602
1,2016-06-11,-0.2942969897726145
1,2016-06-12,-0.29363267914126384
1,2016-06-13,-0.2924303141799929
1,2016-06-14,-0.29075027657782077
1,2016-06-15,-0.2886273825234882
1,2016-06-16,-0.28612969360981255
1,2016-06-17,-0.28335982573491564
1,2016-06-18,-0.28044652901446976
1,2016-06-19,-0.27747416164823707
1,2016-06-20,-0.27449575086221767
1,2016-06-21,-0.2715779671356929
1,2016-06-22,-0.2687171676382872
1,2016-06-23,-0.26595970778761985
1,2016-06-24,-0.2633364833274507
1,2016-06-25,-0.2608762939030495
1,2016-06-26,-0.2585809810711919
1,2016-06-27,-0.2564457387233388
1,2016-06-28,-0.2544790938651778
1,2016-06-29,-0.2526875962238472
1,2016-06-30,-0.2510733605114059
1,2016-07-01,-0.24963546011391885
1,2016-07-02,-0.2483421614502202
1,2016-07-03,-0.24716548125179114
1,2016-07-04,-0.24609187434104116
1,2016-07-05,-0.24511892137915148
1,2016-07-06,-0.2442406615038323
1,2016-07-07,-0.24348107786995823
1,2016-07-08,-0.24288864085884812
1,2016-07-09,-0.24248226146463966
1,2016-07-10,-0.24224971934249873
1,2016-07-11,-0.24217898380085945
1,2016-07-12,-0.24224504768379404
1,2016-07-13,-0.24242431154409896
1,2016-07-14,-0.24269093322337706
1,2016-07-15,-0.24302912063917093
1,2016-07-16,-0.24343085640233753
1,2016-07-17,-0.24388751817664783
1,2016-07-18,-0.24440166343460182
1,2016-07-19,-0.2449542246320972
1,2016-07-20,-0.24553928873689085
1,2016-07-21,-0.24615710659216022
1,2016-07-22,-0.24679459416099775
1,2016-07-23,-0.24741812630521337
1,2016-07-24,-0.2480337705630552
1,2016-07-25,-0.24865724474121145
1,2016-07-26,-0.2492896777146852
1,2016-07-27,-0.24992389615732205
1,2016-07-28,-0.2505617479662597
1,2016-07-29,-0.25118716957344484
1,2016-07-30,-0.2517716223439037
1,2016-07-31,-0.2523099884850189
1,2016-08-01,-0.2527969413854233
1,2016-08-02,-0.2532560341098798
1,2016-08-03,-0.25369783623976977
1,2016-08-04,-0.25412930508638487
1,2016-08-05,-0.25455637286628113
1,2016-08-06,-0.2550077023839255
1,2016-08-07,-0.25550161370071606
1,2016-08-08,-0.2560481670938269
1,2016-08-09,-0.2566434823227594
1,2016-08-10,-0.2572725282109209
1,2016-08-11,-0.2579312925780126
1,2016-08-12,-0.25862865271902885
1,2016-08-13,-0.25938010812292506
1,2016-08-14,-0.2602042773544694
1,2016-08-15,-0.26110517732976857
1,2016-08-16,-0.26208153356804115
1,2016-08-17,-0.2631112363465615
1,2016-08-18,-0.2641960588187892
1,2016-08-19,-0.2653404405265082
1,2016-08-20,-0.2665422527590144
1,2016-08-21,-0.2677899400820085
1,2016-08-22,-0.2690764719777033
1,2016-08-23,-0.27038824708270964
1,2016-08-24,-0.27171407200758935
1,2016-08-25,-0.2730330994285817
1,2016-08-26,-0.2743300323664286
1,2016-08-27,-0.2755869765687334
1,2016-08-28,-0.27677206682244104
1,2016-08-29,-0.2778766228007779
1,2016-08-30,-0.2788900544702803
1,2016-08-31,-0.27980672061943196
1,2016-09-01,-0.2806177474835879
1,2016-09-02,-0.28131945795594787
1,2016-09-03,-0.2819255260246396
1,2016-09-04,-0.28246371140695825
1,2016-09-05,-0.28293891211630723
1,2016-09-06,-0.2833444871079927
1,2016-09-07,-0.2836758485327345
1,2016-09-08,-0.28393279003613775
1,2016-09-09,-0.28412408132184896
1,2016-09-10,-0.2842618480238331
1,2016-09-11,-0.28438573244366766
1,2016-09-12,-0.2844968089482129
1,2016-09-13,-0.2846001450490288
1,2016-09-14,-0.2847093291341369
1,2016-09-15,-0.2848572263655936
1,2016-09-16,-0.28507799679875667
1,2016-09-17,-0.285389302107483
1,2016-09-18,-0.28578526668863813
1,2016-09-19,-0.2862737001370257
1,2016-09-20,-0.2868567639255642
1,2016-09-21,-0.28752490980876005
1,2016-09-22,-0.2882498279279462
1,2016-09-23,-0.28900516781304847
1,2016-09-24,-0.2897810922836755
1,2016-09-25,-0.29057572233020074
1,2016-09-26,-0.29141253767008846
1,2016-09-27,-0.29226656527404454
1,2016-09-28,-0.2931049018917067
1,2016-09-29,-0.2938722919419679
1,2016-09-30,-0.29449261376667296
1,2016-10-01,-0.29489641721400006
1,2016-10-02,-0.29502853403951435
1,2016-10-03,-0.294850424806156
1,2016-10-04,-0.2943160257401647
1,2016-10-05,-0.29338696223978317
1,2016-10-06,-0.2920426107005161
1,2016-10-07,-0.2902484622019114
1,2016-10-08,-0.28797310684876354
1,2016-10-09,-0.2852218920329433
1,2016-10-10,-0.2819767746665821
1,2016-10-11,-0.2782553220284072
1,2016-10-12,-0.274062797209108
1,2016-10-13,-0.26942591972384655
1,2016-10-14,-0.2643908142833087
1,2016-10-15,-0.25900482156706045
1,2016-10-16,-0.2533053270952675
1,2016-10-17,-0.2473733207085801
1,2016-10-18,-0.2412303015813299
1,2016-10-19,-0.23496777620371737
1,2016-10-20,-0.22866722696248945
1,2016-10-21,-0.22244779197917708
1,2016-10-22,-0.21636384279587953
1,2016-10-23,-0.21040230565080217
1,2016-10-24,-0.2045767393958784
1,2016-10-25,-0.19894595911843954
1,2016-10-26,-0.19359892370964757
1,2016-10-27,-0.188594556362087
1,2016-10-28,-0.18399809282532686
1,2016-10-29,-0.17986360058725945
1,2016-10-30,-0.176266908362896
1,2016-10-31,-0.17327262189908024
1,2016-11-01,-0.17093952821340463
1,2016-11-02,-0.16948728727441426
1,2016-11-03,-0.16892079847589708
1,2016-11-04,-0.16922902774951826
1,2016-11-05,-0.17030697485636867
1,2016-11-06,-0.17199362986594927
1,2016-11-07,-0.17412032133207797
1,2016-11-08,-0.17656363405926417
1,2016-11-09,-0.17917773281198277
1,2016-11-10,-0.1818434708256904
1,2016-11-11,-0.184547354005688
1,2016-11-12,-0.18719283445894797
1,2016-11-13,-0.1898129888633392
1,2016-11-14,-0.19238022852741532
1,2016-11-15,-0.19484642212706998
1,2016-11-16,-0.1970148547681756
1,2016-11-17,-0.19875498827693697
1,2016-11-18,-0.19996840686706943
1,2016-11-19,-0.20065121600417143
1,2016-11-20,-0.2008577418467559
1,2016-11-21,-0.2006611731401972
1,2016-11-22,-0.2002226243405496
1,2016-11-23,-0.19958459381612043
1,2016-11-24,-0.19874581218760418
1,2016-11-25,-0.19765794905538564
1,2016-11-26,-0.19627370768882324
1,2016-11-27,-0.1945449029211834
1,2016-11-28,-0.19249714390678066
1,2016-11-29,-0.1902832971949156
1,2016-11-30,-0.18786065920918268
1,2016-12-01,-0.1853364986528815
1,2016-12-02,-0.18278602993633983
1,2016-12-03,-0.1802959160587602
1,2016-12-04,-0.17794325619352175
1,2016-12-05,-0.1757889638094992
1,2016-12-06,-0.1739645697952167
1,2016-12-07,-0.17253904202641912
1,2016-12-08,-0.17149318906904865
1,2016-12-09,-0.17080378918866665
1,2016-12-10,-0.17044017233700845
1,2016-12-11,-0.17030901337352122
1,2016-12-12,-0.17033951680085782
1,2016-12-13,-0.17071572275667066
1,2016-12-14,-0.17128757391290034
1,2016-12-15,-0.17199216058109743
1,2016-12-16,-0.17285133954541235
1,2016-12-17,-0.17392379286505055
1,2016-12-18,-0.17535341772488974
1,2016-12-19,-0.1770103738527814
1,2016-12-20,-0.17867976461013532
1,2016-12-21,-0.1803102698496975
1,2016-12-22,-0.18192207031307783
1,2016-12-23,-0.18353650575279065
1,2016-12-24,-0.18523521724188405
1,2016-12-25,-0.18696895106232922
1,2016-12-26,-0.18879742252021858
1,2016-12-27,-0.19062844007032143
1,2016-12-28,-0.19244650971024949
1,2016-12-29,-0.1943112857712557
1,2016-12-30,-0.19619838514500462
1,2016-12-31,-0.1953371727383499
1,2017-01-01,-0.19743786329078383
1,2017-01-02,-0.1997573224349922
1,2017-01-03,-0.20224087403018415
1,2017-01-04,-0.204763192372341
1,2017-01-05,-0.20729809911902905
1,2017-01-06,-0.20973568222560812
1,2017-01-07,-0.21213263160375648
1,2017-01-08,-0.2146280370392235
1,2017-01-09,-0.21739862591045997
1,2017-01-10,-0.2203775855272366
1,2017-01-11,-0.2235074014312749
1,2017-01-12,-0.22664626582902206
1,2017-01-13,-0.22983886398473785
1,2017-01-14,-0.23308026397023834
1,2017-01-15,-0.2363777760684758
1,2017-01-16,-0.2397547764630441
1,2017-01-17,-0.24308588068240217
1,2017-01-18,-0.24630796630113466
1,2017-01-19,-0.24934644675930862
1,2017-01-20,-0.25218023643773996
1,2017-01-21,-0.2548043315212967
1,2017-01-22,-0.25715273136973543
1,2017-01-23,-0.259057870377146
1,2017-01-24,-0.26041794130573054
1,2017-01-25,-0.2613721149703982
1,2017-01-26,-0.26199805289215045
1,2017-01-27,-0.26235842847659707
1,2017-01-28,-0.26215705224411706
1,2017-01-29,-0.26132336960795854
1,2017-01-30,-0.25977369339008516
1,2017-01-31,-0.25751531605855255
1,2017-02-01,-0.2546020705066382
1,2017-02-02,-0.2510809239486342
1,2017-02-03,-0.24699018501106362
1,2017-02-04,-0.24234832404613074
1,2017-02-05,-0.23709660793261045
1,2017-02-06,-0.23136146770561108
1,2017-02-07,-0.22519941725858228
1,2017-02-08,-0.2187253542579076
1,2017-02-09,-0.21191148090224204
1,2017-02-10,-0.2047021808975469
1,2017-02-11,-0.1973528844670261
1,2017-02-12,-0.190104502321944
1,2017-02-13,-0.18315547261972756
1,2017-02-14,-0.1764486274952859
1,2017-02-15,-0.16985586301488276
1,2017-02-16,-0.16332972187786132
1,2017-02-17,-0.15686531912883223
1,2017-02-18,-0.15052096047200242
1,2017-02-19,-0.14450990184072254
1,2017-02-20,-0.13893871573031094
1,2017-02-21,-0.13382300165319805
1,2017-02-22,-0.1291880830768887
1,2017-02-23,-0.12521523203734813
1,2017-02-24,-0.12192572636873995
1,2017-02-25,-0.11897662685400208
1,2017-02-26,-0.11617115661555695
1,2017-02-27,-0.11318966840114546
1,2017-02-28,-0.10994335816588059
1,2017-03-01,-0.10647081893888087
1,2017-03-02,-0.10258187134807963
1,2017-03-03,-0.0980187753460216
1,2017-03-04,-0.09255600838871565
1,2017-03-05,-0.08612096754962131
1,2017-03-06,-0.07875511917237862
1,2017-03-07,-0.07032081654142348
1,2017-03-08,-0.06065425382896714
1,2017-03-09,-0.04968537646679925
1,2017-03-10,-0.037228185088470575
1,2017-03-11,-0.023357569810193157
1,2017-03-12,-0.008240811091540973
1,2017-03-13,0.007782462176564098
1,2017-03-14,0.02462429881268083
1,2017-03-15,0.04213040334356916
1,2017-03-16,0.06006285022253426
1,2017-03-17,0.07805156345454135
1,2017-03-18,0.09589001134861924
1,2017-03-19,0.11370488794523168
1,2017-03-20,0.13167920256756288
1,2017-03-21,0.1498234173728794
1,2017-03-22,0.16773006722287276
1,2017-03-23,0.1850992699792161
1,2017-03-24,0.2015992618869174
1,2017-03-25,0.2172081413117732
1,2017-03-26,0.2319613909636077
1,2017-03-27,0.24610622155374662
1,2017-03-28,0.25977959816711466
1,2017-03-29,0.27318639600243483
1,2017-03-30,0.2864693374218397
1,2017-03-31,0.29974940461548
1,2017-04-01,0.3131100415048899
1,2017-04-02,0.3266458722926809
1,2017-04-03,0.3403541209246962
1,2017-04-04,0.35403149899617037
1,2017-04-05,0.3675100846605261
1,2017-04-06,0.38073617074274807
1,2017-04-07,0.3935430315113424
1,2017-04-08,0.4057565713407788
1,2017-04-09,0.417463362041401
1,2017-04-10,0.42851852247158356
1,2017-04-11,0.4389297932591243
1,2017-04-12,0.4485963732123938
1,2017-04-13,0.45738205242193125
1,2017-04-14,0.4651287591084063
1,2017-04-15,0.4716876506146524
1,2017-04-16,0.4769032565898658
1,2017-04-17,0.4808285217962615
1,2017-04-18,0.4835345082610536
1,2017-04-19,0.4849298780021856
1,2017-04-20,0.48501862235563403
1,2017-04-21,0.48394892773779125
1,2017-04-22,0.4819471515692032
1,2017-04-23,0.47896377940625756
1,2017-04-24,0.4748588345194988
1,2017-04-25,0.46968126196384113
1,2017-04-26,0.46338831745777714
1,2017-04-27,0.4558938267561331
1,2017-04-28,0.4470655278897712
1,2017-04-29,0.4367031052775077
1,2017-04-30,0.4248695147921764
1,2017-05-01,0.4116361605069353
1,2017-05-02,0.3972630570299411
1,2017-05-03,0.38162123474435383
1,2017-05-04,0.36457719597496
1,2017-05-05,0.3460152624992029
1,2017-05-06,0.3259864253044709
1,2017-05-07,0.30483976418893377
1,2017-05-08,0.28269808128617074
1,2017-05-09,0.2592829484996841
1,2017-05-10,0.23462350096689233
1,2017-05-11,0.20910150643898767
1,2017-05-12,0.18308991617277495
1,2017-05-13,0.1569316593589258
1,2017-05-14,0.1305924871403801
1,2017-05-15,0.10425682204683333
1,2017-05-16,0.07795200477865763
1,2017-05-17,0.05187428595926143
1,2017-05-18,0.02617683216311303
1,2017-05-19,8.001339620577018e-4
1,2017-05-20,-0.024318406817441466
1,2017-05-21,-0.04889401162159171
1,2017-05-22,-0.07277117588118376
1,2017-05-23,-0.09567728567211549
1,2017-05-24,-0.11737370912642724
1,2017-05-25,-0.1377089901227006
1,2017-05-26,-0.15650055345544547
1,2017-05-27,-0.173728063981349
1,2017-05-28,-0.18946957436418843
1,2017-05-29,-0.20385988944035244
1,2017-05-30,-0.217130107423495
1,2017-05-31,-0.22913219711174546
1,2017-06-01,-0.23971367915182043
1,2017-06-02,-0.248843104292693
1,2017-06-03,-0.2567313082302275
1,2017-06-04,-0.26371502891740267
1,2017-06-05,-0.26977254848469495
1,2017-06-06,-0.27489278505327197
1,2017-06-07,-0.2791233079597068
1,2017-06-08,-0.28254124627719424
1,2017-06-09,-0.2851971227368606
1,2017-06-10,-0.28708394808714055
1,2017-06-11,-0.2883125453817468
1,2017-06-12,-0.28896883076748936
1,2017-06-13,-0.2890503420385613
1,2017-06-14,-0.288611669280668
1,2017-06-15,-0.2877463757025297
1,2017-06-16,-0.28641301918066053
1,2017-06-17,-0.28462708128160435
1,2017-06-18,-0.2824440193863047
1,2017-06-19,-0.2799654196724205
1,2017-06-20,-0.27730608986666566
1,2017-06-21,-0.27453352866913494
1,2017-06-22,-0.27172435776368303
1,2017-06-23,-0.2689752514218597
1,2017-06-24,-0.266332355189179
1,2017-06-25,-0.2637486470488117
1,2017-06-26,-0.2612043233574143
1,2017-06-27,-0.25872535256562745
1,2017-06-28,-0.2563316840006482
1,2017-06-29,-0.2540878553374942
1,2017-06-30,-0.2520785293866618
1,2017-07-01,-0.2503281977389727
1,2017-07-02,-0.24882497447273144
1,2017-07-03,-0.24754805549967676
1,2017-07-04,-0.24648006108808249
1,2017-07-05,-0.24560984579427134
1,2017-07-06,-0.24492982588591186
1,2017-07-07,-0.24442620991104372
1,2017-07-08,-0.24409548872669665
1,2017-07-09,-0.2439551610664392
1,2017-07-10,-0.24399534241110024
1,2017-07-11,-0.24418895486693717
1,2017-07-12,-0.24448582200664076
1,2017-07-13,-0.24483284901398206
1,2017-07-14,-0.2451941528761257
1,2017-07-15,-0.24556641124113443
1,2017-07-16,-0.2459376680893544
1,2017-07-17,-0.24632338840759607
1,2017-07-18,-0.24673706817302757
1,2017-07-19,-0.2471802933407808
1,2017-07-20,-0.24764397036176927
1,2017-07-21,-0.24811948543087328
1,2017-07-22,-0.24858999615638508
1,2017-07-23,-0.24904871190189434
1,2017-07-24,-0.24950577990484468
1,2017-07-25,-0.24996857049847487
1,2017-07-26,-0.25043436294001886
1,2017-07-27,-0.25091322021817347
1,2017-07-28,-0.2514022760727042
1,2017-07-29,-0.2518705877391555
1,2017-07-30,-0.2523159400679963
1,2017-07-31,-0.2527207895595523
1,2017-08-01,-0.2530888717642544
1,2017-08-02,-0.2534288537999414
1,2017-08-03,-0.25376494790382764
1,2017-08-04,-0.2541147713028448
1,2017-08-05,-0.2544965368495695
1,2017-08-06,-0.25491995616869517
1,2017-08-07,-0.2553833203232995
1,2017-08-08,-0.25587722123986056
1,2017-08-09,-0.25641032807547687
1,2017-08-10,-0.2569944146290817
1,2017-08-11,-0.2576280150313853
1,2017-08-12,-0.25831167627374463
1,2017-08-13,-0.25904688813392485
1,2017-08-14,-0.2598348948289656
1,2017-08-15,-0.26067405677650113
1,2017-08-16,-0.261568218415263
1,2017-08-17,-0.262522857234685
1,2017-08-18,-0.26353861922340904
1,2017-08-19,-0.26461479898506424
1,2017-08-20,-0.26574843142913424
1,2017-08-21,-0.26693702973618977
1,2017-08-22,-0.2681719745213846
1,2017-08-23,-0.2694361705369781
1,2017-08-24,-0.27071940001629624
1,2017-08-25,-0.2720037152541174
1,2017-08-26,-0.27328067303698245
1,2017-08-27,-0.2745613887212015
1,2017-08-28,-0.2758413773321144
1,2017-08-29,-0.27709408999135027
1,2017-08-30,-0.27828630223034456
1,2017-08-31,-0.27940204287306186
1,2017-09-01,-0.28043982695373854
1,2017-09-02,-0.28140685618840106
1,2017-09-03,-0.28230794026258166
1,2017-09-04,-0.2831469234431542
1,2017-09-05,-0.28391141547297644
1,2017-09-06,-0.2845723064629269
1,2017-09-07,-0.28511340221042025
1,2017-09-08,-0.28551875642534313
1,2017-09-09,-0.28577893868117316
1,2017-09-10,-0.28589845855495094
1,2017-09-11,-0.28590433363094925
1,2017-09-12,-0.2858545939654203
1,2017-09-13,-0.28579010744204575
1,2017-09-14,-0.2857305032512418
1,2017-09-15,-0.28568697044476765
1,2017-09-16,-0.2856754134085616
1,2017-09-17,-0.2856889150200753
1,2017-09-18,-0.28572965358957336
1,2017-09-19,-0.28581026651668545
1,2017-09-20,-0.2859760098502576
1,2017-09-21,-0.286251978597519
1,2017-09-22,-0.2866598838858572
1,2017-09-23,-0.28720941688681506
1,2017-09-24,-0.2878556429564131
1,2017-09-25,-0.28856658773077914
1,2017-09-26,-0.2893073055649791
1,2017-09-27,-0.29005342366588843
1,2017-09-28,-0.2907856875331525
1,2017-09-29,-0.29148154837831275
1,2017-09-30,-0.2920916583259643
1,2017-10-01,-0.292560708479222
1,2017-10-02,-0.292832122759629
1,2017-10-03,-0.2928725021806036
1,2017-10-04,-0.29262990946189366
1,2017-10-05,-0.2920584467531162
1,2017-10-06,-0.2911260715312254
1,2017-10-07,-0.2897987740444889
1,2017-10-08,-0.28801027687131114
1,2017-10-09,-0.28571701621576334
1,2017-10-10,-0.2829263607839777
1,2017-10-11,-0.27968583836609306
1,2017-10-12,-0.27603500206543297
1,2017-10-13,-0.2719893033830921
1,2017-10-14,-0.2675729605065226
1,2017-10-15,-0.26281958646259174
1,2017-10-16,-0.25775185922188976
1,2017-10-17,-0.252411057558485
1,2017-10-18,-0.24683775597790633
1,2017-10-19,-0.24107643555053673
1,2017-10-20,-0.23517450076750668
1,2017-10-21,-0.22920203055401575
1,2017-10-22,-0.22328488657404555
1,2017-10-23,-0.2175605714064604
1,2017-10-24,-0.21209183560376768
1,2017-10-25,-0.20694191098404308
1,2017-10-26,-0.20216710481390773
1,2017-10-27,-0.19784527639198632
1,2017-10-28,-0.1940703512568825
1,2017-10-29,-0.1908830410311665
1,2017-10-30,-0.18832682104536744
1,2017-10-31,-0.186414246397597
1,2017-11-01,-0.18505957308348425
1,2017-11-02,-0.18419543402408273
1,2017-11-03,-0.1838090638050649
1,2017-11-04,-0.18385872771585607
1,2017-11-05,-0.1843658496618977
1,2017-11-06,-0.18523531831624457
1,2017-11-07,-0.18638106005362803
1,2017-11-08,-0.187687559825835
1,2017-11-09,-0.18909005274697024
1,2017-11-10,-0.19056263702158371
1,2017-11-11,-0.19212876277896423
1,2017-11-12,-0.19381598760408575
1,2017-11-13,-0.1955782575633084
1,2017-11-14,-0.19734543022475903
1,2017-11-15,-0.19906412745533048
1,2017-11-16,-0.20069065821748144
1,2017-11-17,-0.20210269265839956
1,2017-11-18,-0.2031902602729408
1,2017-11-19,-0.20391066628732948
1,2017-11-20,-0.20426541994269434
1,2017-11-21,-0.20434164914158245
1,2017-11-22,-0.20415724271642766
1,2017-11-23,-0.20372306221612327
1,2017-11-24,-0.20302438731387573
1,2017-11-25,-0.20211156224986981
1,2017-11-26,-0.20093630315184266
1,2017-11-27,-0.1994082852715321
1,2017-11-28,-0.19751294946978565
1,2017-11-29,-0.1953890310933508
1,2017-11-30,-0.19311601873822462
1,2017-12-01,-0.19071871624455042
1,2017-12-02,-0.18828407377068473
1,2017-12-03,-0.18590875673593862
1,2017-12-04,-0.1835666542774729
1,2017-12-05,-0.18127702243720792
1,2017-12-06,-0.17909861213872158
1,2017-12-07,-0.1770985826972769
1,2017-12-08,-0.17528198886483992
1,2017-12-09,-0.17363086759199292
1,2017-12-10,-0.17217828956368708
1,2017-12-11,-0.1710022033101973
1,2017-12-12,-0.17013690701979087
1,2017-12-13,-0.16975271043749832
1,2017-12-14,-0.16980336997010065
1,2017-12-15,-0.1702561748473519
1,2017-12-16,-0.17103506203792643
1,2017-12-17,-0.17200223532581171
1,2017-12-18,-0.17327340384410592
1,2017-12-19,-0.1749152282213986
1,2017-12-20,-0.17692321628047153
1,2017-12-21,-0.17925781398226565
1,2017-12-22,-0.18194398914614437
1,2017-12-23,-0.18491488086436608
1,2017-12-24,-0.18810836341658813
1,2017-12-25,-0.19139429647510403
1,2017-12-26,-0.19477865971379055
1,2017-12-27,-0.1982086632442446
1,2017-12-28,-0.20185961122367532
1,2017-12-29,-0.2058491614829878
1,2017-12-30,-0.21003108995214428
1,2017-12-31,-0.21411944524954232
1,2018-01-01,-0.21797416035193382
1,2018-01-02,-0.22159633516915886
1,2018-01-03,-0.225059947724661
1,2018-01-04,-0.22845208750408233
1,2018-01-05,-0.23178006136485632
1,2018-01-06,-0.23497483218483392
1,2018-01-07,-0.2381181492130487
1,2018-01-08,-0.24148576526889087
1,2018-01-09,-0.24502687970291762
1,2018-01-10,-0.2484040551546621
1,2018-01-11,-0.2515678232725483
1,2018-01-12,-0.2543063254314482
1,2018-01-13,-0.2566024280979695
1,2018-01-14,-0.25857586461305887
1,2018-01-15,-0.2603476713914164
1,2018-01-16,-0.2619660273656932
1,2018-01-17,-0.2634475759864988
1,2018-01-18,-0.26484841624110067
1,2018-01-19,-0.26624656947570585
1,2018-01-20,-0.26767144017082334
1,2018-01-21,-0.2690079093686697
1,2018-01-22,-0.2701992502424122
1,2018-01-23,-0.27118039317832343
1,2018-01-24,-0.2718930057002355
1,2018-01-25,-0.2725239289046852
1,2018-01-26,-0.2731397797280613
1,2018-01-27,-0.27368916291188117
1,2018-01-28,-0.2739023411373593
1,2018-01-29,-0.2736364046508669
1,2018-01-30,-0.27293589395902573
1,2018-01-31,-0.27174439996850186
1,2018-02-01,-0.26996463962384165
1,2018-02-02,-0.2674944220160408
1,2018-02-03,-0.2642447433865578
1,2018-02-04,-0.2601903114926955
1,2018-02-05,-0.2552891823089814
1,2018-02-06,-0.24966281754959835
1,2018-02-07,-0.24347201322594042
1,2018-02-08,-0.23676058183051094
1,2018-02-09,-0.2296790239781959
1,2018-02-10,-0.222468538448223
1,2018-02-11,-0.21528694191491898
1,2018-02-12,-0.20837569558581404
1,2018-02-13,-0.20168526764229727
1,2018-02-14,-0.19520996939496246
1,2018-02-15,-0.1889602175687012
1,2018-02-16,-0.1830461337366238
1,2018-02-17,-0.17762555741307104
1,2018-02-18,-0.17269460020165533
1,2018-02-19,-0.16831813115656466
1,2018-02-20,-0.16471354746356534
1,2018-02-21,-0.16187167091605356
1,2018-02-22,-0.15939320597658435
1,2018-02-23,-0.15695655544254625
1,2018-02-24,-0.15425685696834388
1,2018-02-25,-0.1511126947174537
1,2018-02-26,-0.14738383478566006
1,2018-02-27,-0.14300195536408283
1,2018-02-28,-0.13819249026912425
1,2018-03-01,-0.1329111926656233
1,2018-03-02,-0.1270483660178056
1,2018-03-03,-0.12041529483186093
1,2018-03-04,-0.1130600814737155
1,2018-03-05,-0.10475191197011696
1,2018-03-06,-0.095161266960724
1,2018-03-07,-0.08419296512848337
1,2018-03-08,-0.07198910023625965
1,2018-03-09,-0.05886183037935518
1,2018-03-10,-0.04503940537960025
1,2018-03-11,-0.03092620750748302
1,2018-03-12,-0.016715794855112202
1,2018-03-13,-0.0022319731008288365
1,2018-03-14,0.012712459285126763
1,2018-03-15,0.027782258225772957
1,2018-03-16,0.04284045095339433
1,2018-03-17,0.05779420894781204
1,2018-03-18,0.072872230546325
1,2018-03-19,0.08803184381143712
1,2018-03-20,0.10327848090008931
1,2018-03-21,0.11872137727351176
1,2018-03-22,0.13421054812410774
1,2018-03-23,0.14986258962320398
1,2018-03-24,0.16562866915222568
1,2018-03-25,0.18165036604974696
1,2018-03-26,0.1980717188025794
1,2018-03-27,0.21478861175938116
1,2018-03-28,0.23180085837308886
1,2018-03-29,0.24919032598018928
1,2018-03-30,0.2668621604939801
1,2018-03-31,0.28468042512106956
1,2018-04-01,0.3023193457299579
1,2018-04-02,0.3196312430028381
1,2018-04-03,0.3363878284586701
1,2018-04-04,0.35231228422503746
1,2018-04-05,0.36728899184133607
1,2018-04-06,0.38119960623100907
1,2018-04-07,0.3941528465628881
1,2018-04-08,0.4061832251480707
1,2018-04-09,0.41732595010699763
1,2018-04-10,0.427481425314137
1,2018-04-11,0.436648444494824
1,2018-04-12,0.4447750863281894
1,2018-04-13,0.45181372402445297
1,2018-04-14,0.4579047277189049
1,2018-04-15,0.4631345184950872
1,2018-04-16,0.4674840991159615
1,2018-04-17,0.470893330937607
1,2018-04-18,0.4734864880181674
1,2018-04-19,0.475570292179849
1,2018-04-20,0.4770737479162693
1,2018-04-21,0.47799254220780696
1,2018-04-22,0.4783940043791623
1,2018-04-23,0.4779883093845763
1,2018-04-24,0.47667103890455603
1,2018-04-25,0.47421477361211073
1,2018-04-26,0.4705219981721197
1,2018-04-27,0.46560172615235046
1,2018-04-28,0.45933362138611256
1,2018-04-29,0.45142444467825804
1,2018-04-30,0.4416467803058264
1,2018-05-01,0.42986769380409534
1,2018-05-02,0.4164538169312633
1,2018-05-03,0.40135788127620003
1,2018-05-04,0.38471285108228714
1,2018-05-05,0.36637558319844427
1,2018-05-06,0.34605754514234005
1,2018-05-07,0.3240538115825531
1,2018-05-08,0.30081622653127216
1,2018-05-09,0.2764869842097326
1,2018-05-10,0.2512198390447072
1,2018-05-11,0.2251966643004815
1,2018-05-12,0.19854956843023308
1,2018-05-13,0.17150438099105167
1,2018-05-14,0.14439679072613043
1,2018-05-15,0.11762573652379332
1,2018-05-16,0.09091495444248748
1,2018-05-17,0.06445187181505645
1,2018-05-18,0.03841427799524046
1,2018-05-19,0.012874605365339404
1,2018-05-20,-0.011985652876039058
1,2018-05-21,-0.03603536480365586
1,2018-05-22,-0.059240393115531545
1,2018-05-23,-0.08147115905286366
1,2018-05-24,-0.10263346247015553
1,2018-05-25,-0.12259166977816813
1,2018-05-26,-0.141351008325789
1,2018-05-27,-0.15882974179547332
1,2018-05-28,-0.17507745411148937
1,2018-05-29,-0.19018613963522082
1,2018-05-30,-0.20422383103967454
1,2018-05-31,-0.21715527436530335
1,2018-06-01,-0.22887651233442344
1,2018-06-02,-0.23942344119740608
1,2018-06-03,-0.24894954545858117
1,2018-06-04,-0.257618031113587
1,2018-06-05,-0.2654448704069371
1,2018-06-06,-0.27221950467561745
1,2018-06-07,-0.27788430508145034
1,2018-06-08,-0.2826047238200077
1,2018-06-09,-0.2864410820935806
1,2018-06-10,-0.28936963410168126
1,2018-06-11,-0.2913193787113388
1,2018-06-12,-0.2924247924691412
1,2018-06-13,-0.29279808776313837
1,2018-06-14,-0.29236939122401306
1,2018-06-15,-0.29124211368213837
1,2018-06-16,-0.28944963610213886
1,2018-06-17,-0.28707899438669154
1,2018-06-18,-0.28422321590437893
1,2018-06-19,-0.28105346491519073
1,2018-06-20,-0.2777737271826184
1,2018-06-21,-0.2745104921927055
1,2018-06-22,-0.271282336567064
1,2018-06-23,-0.2681253832932863
1,2018-06-24,-0.2650656271072736
1,2018-06-25,-0.262159803811303
1,2018-06-26,-0.2594050477450122
1,2018-06-27,-0.25679809865561115
1,2018-06-28,-0.25441075031125193
1,2018-06-29,-0.25225802255812774
1,2018-06-30,-0.25035282922917584
1,2018-07-01,-0.2486779517238758
1,2018-07-02,-0.24722251548872143
1,2018-07-03,-0.24595087485577782
1,2018-07-04,-0.24483614107204232
1,2018-07-05,-0.24385235147548096
1,2018-07-06,-0.24300773434398482
1,2018-07-07,-0.24231056911515045
1,2018-07-08,-0.24177246740266506
1,2018-07-09,-0.2413732213169973
1,2018-07-10,-0.2411064972582689
1,2018-07-11,-0.24098393276990354
1,2018-07-12,-0.2409851625291806
1,2018-07-13,-0.24109868548533964
1,2018-07-14,-0.24130873101866807
1,2018-07-15,-0.2416001999465451
1,2018-07-16,-0.24197038529218545
1,2018-07-17,-0.24241514656446878
1,2018-07-18,-0.24295084093409228
1,2018-07-19,-0.24358578376853787
1,2018-07-20,-0.24432335829665375
1,2018-07-21,-0.24513150611174342
1,2018-07-22,-0.24597110033491604
1,2018-07-23,-0.24681543473771092
1,2018-07-24,-0.24764205125417443
1,2018-07-25,-0.24842942502964147
1,2018-07-26,-0.24918515189075696
1,2018-07-27,-0.24991297505552992
1,2018-07-28,-0.2506108728797102
1,2018-07-29,-0.25127501477714154
1,2018-07-30,-0.2519050355166752
1,2018-07-31,-0.2525051969342606
1,2018-08-01,-0.2530701844095815
1,2018-08-02,-0.2535874265213639
1,2018-08-03,-0.25404944059046863
1,2018-08-04,-0.254471879206976
1,2018-08-05,-0.25487578439867314
1,2018-08-06,-0.25528451965415444
1,2018-08-07,-0.25570311286019237
1,2018-08-08,-0.2561401036650572
1,2018-08-09,-0.25660978830998277
1,2018-08-10,-0.2571261753324569
1,2018-08-11,-0.2577113210626472
1,2018-08-12,-0.25837553748630737
1,2018-08-13,-0.25911296008777146
1,2018-08-14,-0.25991630642913144
1,2018-08-15,-0.26077534661149443
1,2018-08-16,-0.2616904927542648
1,2018-08-17,-0.26265977365671
1,2018-08-18,-0.26369636122006784
1,2018-08-19,-0.2647970028029763
1,2018-08-20,-0.2659514287453534
1,2018-08-21,-0.26714823580101466
1,2018-08-22,-0.26837397411387526
1,2018-08-23,-0.2696156635913611
1,2018-08-24,-0.27086896328695603
1,2018-08-25,-0.27211849923781284
1,2018-08-26,-0.2733519676565367
1,2018-08-27,-0.2745667060817566
1,2018-08-28,-0.27576098448669023
1,2018-08-29,-0.2769145774543978
1,2018-08-30,-0.27801446120761425
1,2018-08-31,-0.2790457525932814
1,2018-09-01,-0.27998433381762117
1,2018-09-02,-0.28082556484218707
1,2018-09-03,-0.28157028724795646
1,2018-09-04,-0.28223334557140833
1,2018-09-05,-0.2828126428054888
1,2018-09-06,-0.283321906029633
1,2018-09-07,-0.28375476221142026
1,2018-09-08,-0.28411539549700005
1,2018-09-09,-0.28441997280014486
1,2018-09-10,-0.28466617125654925
1,2018-09-11,-0.2848484039327184
1,2018-09-12,-0.28497614246341973
1,2018-09-13,-0.28505604182056776
1,2018-09-14,-0.28509913233239936
1,2018-09-15,-0.285132664975483
1,2018-09-16,-0.28517155799803723
1,2018-09-17,-0.2852232243446433
1,2018-09-18,-0.2853193807406816
1,2018-09-19,-0.2855043274235197
1,2018-09-20,-0.285814224982637
1,2018-09-21,-0.2862681891018374
1,2018-09-22,-0.286870780563516
1,2018-09-23,-0.2875861777056348
1,2018-09-24,-0.28837052801543755
1,2018-09-25,-0.28921701143471895
1,2018-09-26,-0.29013488861157993
1,2018-09-27,-0.2911066235037777
1,2018-09-28,-0.29208051390249545
1,2018-09-29,-0.2929780718993451
1,2018-09-30,-0.2937352614073572
1,2018-10-01,-0.29432462828651523
1,2018-10-02,-0.2947079634203963
1,2018-10-03,-0.29483862351002504
1,2018-10-04,-0.2946646815406822
1,2018-10-05,-0.29412699771993617
1,2018-10-06,-0.2931838562015578
1,2018-10-07,-0.29180205985690766
1,2018-10-08,-0.28994720136447955
1,2018-10-09,-0.28760715019698474
1,2018-10-10,-0.2847899518032196
1,2018-10-11,-0.2815282582671954
1,2018-10-12,-0.27787063420856944
1,2018-10-13,-0.2738628988048854
1,2018-10-14,-0.2695208990453501
1,2018-10-15,-0.2648245689090077
1,2018-10-16,-0.25974213161377285
1,2018-10-17,-0.25430149025107684
1,2018-10-18,-0.24854045360227267
1,2018-10-19,-0.24256378404539283
1,2018-10-20,-0.23651302879691488
1,2018-10-21,-0.23046399223965472
1,2018-10-22,-0.22446451809766782
1,2018-10-23,-0.21855638142446454
1,2018-10-24,-0.21274688827991256
1,2018-10-25,-0.20710380933139802
1,2018-10-26,-0.20175921700805866
1,2018-10-27,-0.1968182848315436
1,2018-10-28,-0.19239660156984384
1,2018-10-29,-0.18859855899057454
1,2018-10-30,-0.18550980118492066
1,2018-10-31,-0.18318921123107032
1,2018-11-01,-0.18163201754041527
1,2018-11-02,-0.18077252492166693
1,2018-11-03,-0.18055825564433775
1,2018-11-04,-0.18092520420287783
1,2018-11-05,-0.181881151635529
1,2018-11-06,-0.18337742824913045
1,2018-11-07,-0.1853111393852
1,2018-11-08,-0.18757364609258056
1,2018-11-09,-0.19007265750480193
1,2018-11-10,-0.19272983030047516
1,2018-11-11,-0.19546276957793732
1,2018-11-12,-0.19813742142473983
1,2018-11-13,-0.20064559407866775
1,2018-11-14,-0.20293627793462177
1,2018-11-15,-0.20501035775513834
1,2018-11-16,-0.20687688360378256
1,2018-11-17,-0.20845333726002885
1,2018-11-18,-0.20965397206382794
1,2018-11-19,-0.21041238742350404
1,2018-11-20,-0.21069702546634206
1,2018-11-21,-0.21054550042127085
1,2018-11-22,-0.20997124398298384
1,2018-11-23,-0.2089982956755006
1,2018-11-24,-0.2076977576212811
1,2018-11-25,-0.2060628537382914
1,2018-11-26,-0.20422905036157502
1,2018-11-27,-0.20226291422429868
1,2018-11-28,-0.20016180653078955
1,2018-11-29,-0.19789464245137153
1,2018-11-30,-0.19544860363122518
1,2018-12-01,-0.19290522468985616
1,2018-12-02,-0.19030394516184834
1,2018-12-03,-0.1876457491234999
1,2018-12-04,-0.18494856312765753
1,2018-12-05,-0.18223227498905406
1,2018-12-06,-0.17946694693645152
1,2018-12-07,-0.17662686292068536
1,2018-12-08,-0.1738577130058238
1,2018-12-09,-0.17124357555073502
1,2018-12-10,-0.16893420329464742
1,2018-12-11,-0.16695066871574557
1,2018-12-12,-0.16529984022183447
1,2018-12-13,-0.16392523565708764
1,2018-12-14,-0.16281098243137276
1,2018-12-15,-0.16200157188076972
1,2018-12-16,-0.1615802853533756
1,2018-12-17,-0.16165128244173646
1,2018-12-18,-0.1622267632672313
1,2018-12-19,-0.16336069900792255
1,2018-12-20,-0.16501779572729536
1,2018-12-21,-0.16718919820012965
1,2018-12-22,-0.16979265004514815
1,2018-12-23,-0.1728171217227177
1,2018-12-24,-0.176215588728504
1,2018-12-25,-0.17998350802855076
1,2018-12-26,-0.18403866921970863
1,2018-12-27,-0.1884350794873158
1,2018-12-28,-0.19310947984040502
1,2018-12-29,-0.19793122742677466
1,2018-12-30,-0.2027368867230478
1,2018-12-31,-0.2072782811487839
1,2019-01-01,-0.21144548235125657
1,2019-01-02,-0.2154513347837926
1,2019-01-03,-0.21926907752020833
1,2019-01-04,-0.22295351682875003
1,2019-01-05,-0.22649875730821822
1,2019-01-06,-0.22997029821869786
1,2019-01-07,-0.23315272336286166
1,2019-01-08,-0.23593204959619962
1,2019-01-09,-0.2384059682970993
1,2019-01-10,-0.24065743716984084
1,2019-01-11,-0.24280122346256194
1,2019-01-12,-0.24501305823921257
1,2019-01-13,-0.24736748147795456
1,2019-01-14,-0.249972588579082
1,2019-01-15,-0.25287333678236273
1,2019-01-16,-0.2558467206288844
1,2019-01-17,-0.25888108360171413
1,2019-01-18,-0.2619451793557122
1,2019-01-19,-0.26496796399121214
1,2019-01-20,-0.26768960019911836
1,2019-01-21,-0.2700647954421041
1,2019-01-22,-0.2722493796820783
1,2019-01-23,-0.2743999628096809
1,2019-01-24,-0.2764209475147516
1,2019-01-25,-0.2782271346329812
1,2019-01-26,-0.27994436293280456
1,2019-01-27,-0.2814800689283779
1,2019-01-28,-0.28265129986310816
1,2019-01-29,-0.28325400592945904
1,2019-01-30,-0.28313397537844254
1,2019-01-31,-0.28209727920414085
1,2019-02-01,-0.28016204783702664
1,2019-02-02,-0.27746479804284335
1,2019-02-03,-0.2741282913060508
1,2019-02-04,-0.27027695129589024
1,2019-02-05,-0.266040426568491
1,2019-02-06,-0.2615943527500311
1,2019-02-07,-0.2568666359740713
1,2019-02-08,-0.251850215209466
1,2019-02-09,-0.2465601125779546
1,2019-02-10,-0.24102754663397005
1,2019-02-11,-0.23532873658384765
1,2019-02-12,-0.22963062401538786
1,2019-02-13,-0.22400421092612133
1,2019-02-14,-0.21861301406785136
1,2019-02-15,-0.21345801785002408
1,2019-02-16,-0.2085538225362667
1,2019-02-17,-0.203903752714467
1,2019-02-18,-0.19939945366281453
1,2019-02-19,-0.1948938708377102
1,2019-02-20,-0.19022413397067614
1,2019-02-21,-0.1852478819195696
1,2019-02-22,-0.1799473542179731
1,2019-02-23,-0.17428712558982903
1,2019-02-24,-0.16839791303508267
1,2019-02-25,-0.16224557855882565
1,2019-02-26,-0.15570406688603022
1,2019-02-27,-0.14873610932402598
1,2019-02-28,-0.14136808410361562
1,2019-03-01,-0.1337011623663551
1,2019-03-02,-0.12565030994902412
1,2019-03-03,-0.11689625582983423
1,2019-03-04,-0.10745162284595439
1,2019-03-05,-0.09721224282322682
1,2019-03-06,-0.08631386066065519
1,2019-03-07,-0.07501895856585358
1,2019-03-08,-0.063531989697854
1,2019-03-09,-0.05200263934864907
1,2019-03-10,-0.04019050984830027
1,2019-03-11,-0.027997112550047904
1,2019-03-12,-0.015403762024033405
1,2019-03-13,-0.002221305803087811
1,2019-03-14,0.01149815554577137
1,2019-03-15,0.02583960051192215
1,2019-03-16,0.0410204354824832
1,2019-03-17,0.05705493264236936
1,2019-03-18,0.0738292961316594
1,2019-03-19,0.09096893885683284
1,2019-03-20,0.10826930774983022
1,2019-03-21,0.12557321671375435
1,2019-03-22,0.14269103711651773
1,2019-03-23,0.15988549057697252
1,2019-03-24,0.17703088358609861
1,2019-03-25,0.19407321194110186
1,2019-03-26,0.21081844994920712
1,2019-03-27,0.22726400750051065
1,2019-03-28,0.24333643973577557
1,2019-03-29,0.2588248870129533
1,2019-03-30,0.273643976665985
1,2019-03-31,0.28780302874053815
1,2019-04-01,0.30156722342195985
1,2019-04-02,0.31520537838245727
1,2019-04-03,0.3287615079369999
1,2019-04-04,0.3422084672428013
1,2019-04-05,0.35548267426911256
1,2019-04-06,0.3685252853106943
1,2019-04-07,0.38144194832936074
1,2019-04-08,0.3943237313798878
1,2019-04-09,0.40703975448872604
1,2019-04-10,0.4190846076801004
1,2019-04-11,0.4301642466513826
1,2019-04-12,0.4403755057175197
1,2019-04-13,0.44980122345564233
1,2019-04-14,0.45846393627040144
1,2019-04-15,0.466068054221398
1,2019-04-16,0.47259442930359713
1,2019-04-17,0.47807545495960485
1,2019-04-18,0.4826743087297311
1,2019-04-19,0.48628664794649656
1,2019-04-20,0.4886371895299535
1,2019-04-21,0.4893509057024879
1,2019-04-22,0.48815987268869343
1,2019-04-23,0.48523988161557596
1,2019-04-24,0.4808927675576699
1,2019-04-25,0.4752311324788079
1,2019-04-26,0.4681108148327868
1,2019-04-27,0.4596526523837004
1,2019-04-28,0.4498134710808173
1,2019-04-29,0.43881737065841303
1,2019-04-30,0.42645029908486637
1,2019-05-01,0.4125632348571625
1,2019-05-02,0.3971860073766944
1,2019-05-03,0.3804148087559446
1,2019-05-04,0.3626177732149321
1,2019-05-05,0.34400721837277015
1,2019-05-06,0.32459833222503487
1,2019-05-07,0.3044389030792099
1,2019-05-08,0.2834724376447704
1,2019-05-09,0.2617116722841176
1,2019-05-10,0.23939602834437015
1,2019-05-11,0.21634452769632007
1,2019-05-12,0.19263723854941242
1,2019-05-13,0.16811359939103346
1,2019-05-14,0.14284149033086813
1,2019-05-15,0.11711168898635449
1,2019-05-16,0.09130069811231363
1,2019-05-17,0.06588088125576351
1,2019-05-18,0.04098106281714693
1,2019-05-19,0.016521290886107744
1,2019-05-20,-0.007556021722139914
1,2019-05-21,-0.03124462697350284
1,2019-05-22,-0.05403287098872769
1,2019-05-23,-0.07584224369528507
1,2019-05-24,-0.09675874631419014
1,2019-05-25,-0.11687857159886786
1,2019-05-26,-0.13615812051240125
1,2019-05-27,-0.15438767998197067
1,2019-05-28,-0.17139309296739877
1,2019-05-29,-0.1872783671725241
1,2019-05-30,-0.20206562928670513
1,2019-05-31,-0.21581745483922454
1,2019-06-01,-0.22849301488010348
1,2019-06-02,-0.23993593765796387
1,2019-06-03,-0.25003926280300987
1,2019-06-04,-0.2588046120958589
1,2019-06-05,-0.266488916275947
1,2019-06-06,-0.27310916134507823
1,2019-06-07,-0.27863952937473596
1,2019-06-08,-0.2830283709220182
1,2019-06-09,-0.2864240203798317
1,2019-06-10,-0.2889841719526747
1,2019-06-11,-0.2907359276481128
1,2019-06-12,-0.2916075232276359
1,2019-06-13,-0.2917472166520502
1,2019-06-14,-0.2911980108825443
1,2019-06-15,-0.28999143147945594
1,2019-06-16,-0.28827464202146885
1,2019-06-17,-0.2861753606046554
1,2019-06-18,-0.28379432234053487
1,2019-06-19,-0.2811930058967581
1,2019-06-20,-0.2784374881660319
1,2019-06-21,-0.27555601934398066
1,2019-06-22,-0.27256800174400514
1,2019-06-23,-0.2695696037527379
1,2019-06-24,-0.26661264703263926
1,2019-06-25,-0.263752361217661
1,2019-06-26,-0.26099893063068336
1,2019-06-27,-0.2583527815260681
1,2019-06-28,-0.25583551295704887
1,2019-06-29,-0.25350437604985776
1,2019-06-30,-0.2513920657331198
1,2019-07-01,-0.24948065431468514
1,2019-07-02,-0.24776825204558492
1,2019-07-03,-0.2462405133528514
1,2019-07-04,-0.2448800301803874
1,2019-07-05,-0.24371448731852827
1,2019-07-06,-0.24278439029036805
1,2019-07-07,-0.24206710188746683
1,2019-07-08,-0.2415274247032134
1,2019-07-09,-0.2411281303402578
1,2019-07-10,-0.24087424978728772
1,2019-07-11,-0.24077015496127982
1,2019-07-12,-0.24081856421686093
1,2019-07-13,-0.24102422311334162
1,2019-07-14,-0.2413459292719009
1,2019-07-15,-0.24176749444616907
1,2019-07-16,-0.24224513366504993
1,2019-07-17,-0.2427737561029764
1,2019-07-18,-0.2433485267062239
1,2019-07-19,-0.24396392554697055
1,2019-07-20,-0.244595235734897
1,2019-07-21,-0.24522199355574584
1,2019-07-22,-0.2458650913815946
1,2019-07-23,-0.24655280961084025
1,2019-07-24,-0.24728208253466394
1,2019-07-25,-0.24802921412671813
1,2019-07-26,-0.24877882653757877
1,2019-07-27,-0.24950150578463315
1,2019-07-28,-0.2501814546511329
1,2019-07-29,-0.2508211167423402
1,2019-07-30,-0.25143756033155096
1,2019-07-31,-0.2520134212021505
1,2019-08-01,-0.2525296734858853
1,2019-08-02,-0.2529863777801156
1,2019-08-03,-0.253415486416092
1,2019-08-04,-0.25386387871953
1,2019-08-05,-0.25433255605045074
1,2019-08-06,-0.2548024272177296
1,2019-08-07,-0.2552695382733134
1,2019-08-08,-0.25575634689946775
1,2019-08-09,-0.2562680019129172
1,2019-08-10,-0.25681121933525675
1,2019-08-11,-0.25739167584565176
1,2019-08-12,-0.25801004688287466
1,2019-08-13,-0.25867650508737294
1,2019-08-14,-0.2594084536879227
1,2019-08-15,-0.2602149340204229
1,2019-08-16,-0.2611000544631292
1,2019-08-17,-0.2620531128001601
1,2019-08-18,-0.26304895137901024
1,2019-08-19,-0.26408027820308405
1,2019-08-20,-0.26516311239824664
1,2019-08-21,-0.266308720986197
1,2019-08-22,-0.2675232730218313
1,2019-08-23,-0.26880951836878564
1,2019-08-24,-0.2701648405074349
1,2019-08-25,-0.2715629707366211
1,2019-08-26,-0.27296778056946464
1,2019-08-27,-0.27437137615543694
1,2019-08-28,-0.2757581176590104
1,2019-08-29,-0.2770968938839441
1,2019-08-30,-0.2783607820646359
1,2019-08-31,-0.27953353848064977
1,2019-09-01,-0.28061041875077913
1,2019-09-02,-0.2815945676736288
1,2019-09-03,-0.2824817039476008
1,2019-09-04,-0.2832599090357305
1,2019-09-05,-0.2839325854014242
1,2019-09-06,-0.2845159414895873
1,2019-09-07,-0.2850165122946139
1,2019-09-08,-0.2854214028378356
1,2019-09-09,-0.28572634213606884
1,2019-09-10,-0.28594104517029356
1,2019-09-11,-0.2860892946362838
1,2019-09-12,-0.28620576377099544
1,2019-09-13,-0.286327313285284
1,2019-09-14,-0.28646290734834917
1,2019-09-15,-0.2866171500039594
1,2019-09-16,-0.28679152694723464
1,2019-09-17,-0.28698393337533673
1,2019-09-18,-0.2871912240999946
1,2019-09-19,-0.287433955830368
1,2019-09-20,-0.28772694090946926
1,2019-09-21,-0.28809541124466964
1,2019-09-22,-0.2885703155097857
1,2019-09-23,-0.2891483794245251
1,2019-09-24,-0.2898158892747436
1,2019-09-25,-0.29054932078204304
1,2019-09-26,-0.2913228194087097
1,2019-09-27,-0.29208807728343145
1,2019-09-28,-0.2928054573576942
1,2019-09-29,-0.29342987464596704
1,2019-09-30,-0.29391436431080553
1,2019-10-01,-0.29422035484868175
1,2019-10-02,-0.2943177964121238
1,2019-10-03,-0.2941698432305438
1,2019-10-04,-0.2937518491304565
1,2019-10-05,-0.29302498784588266
1,2019-10-06,-0.2919433026188079
1,2019-10-07,-0.2904843788960312
1,2019-10-08,-0.2885962784254803
1,2019-10-09,-0.2862404758996427
1,2019-10-10,-0.2834008247947579
1,2019-10-11,-0.2800903490395569
1,2019-10-12,-0.2763360276341687
1,2019-10-13,-0.2721597098960897
1,2019-10-14,-0.2675785928528509
1,2019-10-15,-0.2626282667458241
1,2019-10-16,-0.2573540123468813
1,2019-10-17,-0.25176554120769107
1,2019-10-18,-0.24587458097449671
1,2019-10-19,-0.23976886846436052
1,2019-10-20,-0.2335634079510994
1,2019-10-21,-0.2273442528821928
1,2019-10-22,-0.22124983958669975
1,2019-10-23,-0.21534501020700858
1,2019-10-24,-0.20964108911539017
1,2019-10-25,-0.20420911369403985
1,2019-10-26,-0.1991214314785929
1,2019-10-27,-0.19443664130394175
1,2019-10-28,-0.19021496326410484
1,2019-10-29,-0.1865514041097845
1,2019-10-30,-0.1835693696318854
1,2019-10-31,-0.18126904457696702
1,2019-11-01,-0.17968612463977157
1,2019-11-02,-0.17871428988728524
1,2019-11-03,-0.17825988173488322
1,2019-11-04,-0.1782963901160444
1,2019-11-05,-0.17875424441872265
1,2019-11-06,-0.17967739471344638
1,2019-11-07,-0.1810764064677331
1,2019-11-08,-0.18293427808205803
1,2019-11-09,-0.1852082365164583
1,2019-11-10,-0.1878618010482969
1,2019-11-11,-0.1908519074514896
1,2019-11-12,-0.19406460481035975
1,2019-11-13,-0.1973199945277881
1,2019-11-14,-0.20045906674441127
1,2019-11-15,-0.2033621636930066
1,2019-11-16,-0.20592595583596274
1,2019-11-17,-0.20809527344341905
1,2019-11-18,-0.2098255573487094
1,2019-11-19,-0.21111417542508673
1,2019-11-20,-0.21192785308221496
1,2019-11-21,-0.2123164378802444
1,2019-11-22,-0.21226627955815547
1,2019-11-23,-0.21171368812643931
1,2019-11-24,-0.21064349694299808
1,2019-11-25,-0.20903344116911618
1,2019-11-26,-0.20695715558830807
1,2019-11-27,-0.20452908239703535
1,2019-11-28,-0.2018531848543066
1,2019-11-29,-0.19906229665814756
1,2019-11-30,-0.19623429859637748
1,2019-12-01,-0.19338986216162188
1,2019-12-02,-0.1905059269790873
1,2019-12-03,-0.18757942121911791
1,2019-12-04,-0.18469302612815325
1,2019-12-05,-0.18185269548785876
1,2019-12-06,-0.17913635637317338
1,2019-12-07,-0.1766296490145986
1,2019-12-08,-0.17438905194021734
1,2019-12-09,-0.17250746686018298
1,2019-12-10,-0.17106829946711777
1,2019-12-11,-0.170044874116216
1,2019-12-12,-0.16942186844227403
1,2019-12-13,-0.1692006845605492
1,2019-12-14,-0.16940452665022201
1,2019-12-15,-0.1700521023418128
1,2019-12-16,-0.17117718333843035
1,2019-12-17,-0.17282264474581013
1,2019-12-18,-0.17500279531643761
1,2019-12-19,-0.17754920148513867
1,2019-12-20,-0.1802849219634069
1,2019-12-21,-0.18315972132944605
1,2019-12-22,-0.18615349009753662
1,2019-12-23,-0.18913443158334686
1,2019-12-24,-0.1921223242939044
1,2019-12-25,-0.19504313893521733
1,2019-12-26,-0.19787678246903517
1,2019-12-27,-0.2006158973581804
1,2019-12-28,-0.2033193703292926
1,2019-12-29,-0.20598043681335704
1,2019-12-30,-0.20861167493411484
1,2019-12-31,-0.21115844410135842
1,2020-01-01,-0.21356854408318282
1,2020-01-02,-0.21589564538765896
1,2020-01-03,-0.21829350216499585
1,2020-01-04,-0.22086107209541536
1,2020-01-05,-0.22349391618349237
1,2020-01-06,-0.22624333700970584
1,2020-01-07,-0.22923313588333225
1,2020-01-08,-0.232612047848072
1,2020-01-09,-0.2363712858339603
1,2020-01-10,-0.24037084188049418
1,2020-01-11,-0.2446290899021717
1,2020-01-12,-0.24901878918109144
1,2020-01-13,-0.2534951480364447
1,2020-01-14,-0.2579652976850718
1,2020-01-15,-0.2623473137385189
1,2020-01-16,-0.26668865267147757
1,2020-01-17,-0.27099628987697777
1,2020-01-18,-0.2751752838683674
1,2020-01-19,-0.2793599008931438
1,2020-01-20,-0.28341397671196605
1,2020-01-21,-0.28715185889883543
1,2020-01-22,-0.29042629673873943
1,2020-01-23,-0.2932735469606117
1,2020-01-24,-0.29575039925207397
1,2020-01-25,-0.2978090024493479
1,2020-01-26,-0.29950004892418025
1,2020-01-27,-0.300695322285803
1,2020-01-28,-0.30134549305687275
1,2020-01-29,-0.3012751674501049
1,2020-01-30,-0.30046690229009176
1,2020-01-31,-0.29900681913841254
1,2020-02-01,-0.296919867113498
1,2020-02-02,-0.2941628664176952
1,2020-02-03,-0.29066038240468456
1,2020-02-04,-0.2863977970347975
1,2020-02-05,-0.28144209217317434
1,2020-02-06,-0.2758809609586551
1,2020-02-07,-0.2697953650094912
1,2020-02-08,-0.26333817262444054
1,2020-02-09,-0.25659277270408476
1,2020-02-10,-0.2495093093531744
1,2020-02-11,-0.24210326513201053
1,2020-02-12,-0.23450489855480097
1,2020-02-13,-0.2268664889684795
1,2020-02-14,-0.21918840979821602
1,2020-02-15,-0.21145199908174075
1,2020-02-16,-0.20349526819857647
1,2020-02-17,-0.1952902204802687
1,2020-02-18,-0.18682550466559514
1,2020-02-19,-0.17838141081084347
1,2020-02-20,-0.17009818611513652
1,2020-02-21,-0.16211468745112298
1,2020-02-22,-0.15431776912964057
1,2020-02-23,-0.1467454490830051
1,2020-02-24,-0.13951216827144625
1,2020-02-25,-0.13255722031385964
1,2020-02-26,-0.12549335110165977
1,2020-02-27,-0.11810914772012694
1,2020-02-28,-0.1103841759077864
1,2020-02-29,-0.10240152191641405
1,2020-03-01,-0.09432264925825805
1,2020-03-02,-0.08628756296583354
1,2020-03-03,-0.07812638809086368
1,2020-03-04,-0.06948031001029849
1,2020-03-05,-0.060318271302330695
1,2020-03-06,-0.05063388736849459
1,2020-03-07,-0.04051127266113082
1,2020-03-08,-0.030094782071617397
1,2020-03-09,-0.01916070911272774
1,2020-03-10,-0.0076371713651162835
1,2020-03-11,0.004328162941720767
1,2020-03-12,0.016691752315633735
1,2020-03-13,0.029389114718250058
1,2020-03-14,0.04242058875490833
1,2020-03-15,0.05570150890976159
1,2020-03-16,0.06918029239798364
1,2020-03-17,0.08281807119945082
1,2020-03-18,0.09636264499087203
1,2020-03-19,0.11004796898198899
1,2020-03-20,0.12392312593823256
1,2020-03-21,0.13807481828335672
1,2020-03-22,0.15265062053702633
1,2020-03-23,0.1674533184845121
1,2020-03-24,0.1823632030727574
1,2020-03-25,0.19716003201683288
1,2020-03-26,0.21168673723329612
1,2020-03-27,0.22595377619955848
1,2020-03-28,0.24013652448449577
1,2020-03-29,0.2543967332683558
1,2020-03-30,0.2688405695696347
1,2020-03-31,0.28343568088540344
1,2020-04-01,0.2981443923485626
1,2020-04-02,0.31285141848270465
1,2020-04-03,0.3273609761646026
1,2020-04-04,0.3416110455919141
1,2020-04-05,0.35541527547462887
1,2020-04-06,0.36865938386997155
1,2020-04-07,0.3812909652698889
1,2020-04-08,0.393516194090247
1,2020-04-09,0.4055563500337679
1,2020-04-10,0.4173138967011701
1,2020-04-11,0.4284278024626114
1,2020-04-12,0.43881095999639774
1,2020-04-13,0.44856511770758933
1,2020-04-14,0.4576084752019963
1,2020-04-15,0.4657275477240347
1,2020-04-16,0.47267285844963547
1,2020-04-17,0.47831259465753895
1,2020-04-18,0.48248775573436886
1,2020-04-19,0.48517709825514954
1,2020-04-20,0.48650993230764833
1,2020-04-21,0.4865834256378182
1,2020-04-22,0.4853048542689315
1,2020-04-23,0.4826017752714576
1,2020-04-24,0.47835206963507954
1,2020-04-25,0.4725704791216456
1,2020-04-26,0.4652731528660881
1,2020-04-27,0.4563624477415634
1,2020-04-28,0.4457963682006868
1,2020-04-29,0.4333786712373123
1,2020-04-30,0.4190711451159578
1,2020-05-01,0.40307216047193484
1,2020-05-02,0.38558814623137605
1,2020-05-03,0.3667530355352761
1,2020-05-04,0.3464428092550162
1,2020-05-05,0.32469249340571177
1,2020-05-06,0.30187487361539245
1,2020-05-07,0.2780402391636764
1,2020-05-08,0.25346499073288253
1,2020-05-09,0.228434798254433
1,2020-05-10,0.20295898360952278
1,2020-05-11,0.17710141103266
1,2020-05-12,0.15118502592927885
1,2020-05-13,0.12540681443637314
1,2020-05-14,0.10000492239142664
1,2020-05-15,0.0749155012450664
1,2020-05-16,0.050181462320133166
1,2020-05-17,0.02587512887680828
1,2020-05-18,0.0022192636564929225
1,2020-05-19,-0.020712799498378363
1,2020-05-20,-0.04319620983879477
1,2020-05-21,-0.06516724529629636
1,2020-05-22,-0.08648616214375084
1,2020-05-23,-0.10700899908386909
1,2020-05-24,-0.12668390860122744
1,2020-05-25,-0.14567232502773902
1,2020-05-26,-0.16412261498994912
1,2020-05-27,-0.18169910200270556
1,2020-05-28,-0.19814591497380998
1,2020-05-29,-0.2132507782391046
1,2020-05-30,-0.22681383055700519
1,2020-05-31,-0.23874997225748404
1,2020-06-01,-0.24920072011324765
1,2020-06-02,-0.2583594979911983
1,2020-06-03,-0.26639211501719223
1,2020-06-04,-0.2732856196344229
1,2020-06-05,-0.2790297453231169
1,2020-06-06,-0.28361666778555444
1,2020-06-07,-0.28698749296148757
1,2020-06-08,-0.2891659096474105
1,2020-06-09,-0.2902701380389948
1,2020-06-10,-0.290539104615809
1,2020-06-11,-0.29018655466258086
1,2020-06-12,-0.28936155458146806
1,2020-06-13,-0.2881342233266052
1,2020-06-14,-0.28656056005567493
1,2020-06-15,-0.28467881986555055
1,2020-06-16,-0.28250057651799665
1,2020-06-17,-0.28004029049281143
1,2020-06-18,-0.2773462768085892
1,2020-06-19,-0.2745641605589026
1,2020-06-20,-0.27183587214734345
1,2020-06-21,-0.26921367263079177
1,2020-06-22,-0.26669819896956126
1,2020-06-23,-0.26427922229959816
1,2020-06-24,-0.26194954311172153
1,2020-06-25,-0.25971340554500333
1,2020-06-26,-0.25759015812216446
1,2020-06-27,-0.2556099110229409
1,2020-06-28,-0.253776791161833
1,2020-06-29,-0.2520691588668965
1,2020-06-30,-0.25045842107564326
1,2020-07-01,-0.24895545264734523
1,2020-07-02,-0.24759427794496286
1,2020-07-03,-0.24637238451141205
1,2020-07-04,-0.2452802658732872
1,2020-07-05,-0.24433184792754234
1,2020-07-06,-0.2435264085203817
1,2020-07-07,-0.24283935806965545
1,2020-07-08,-0.24223822623756638
1,2020-07-09,-0.24174427032381013
1,2020-07-10,-0.24137426611780857
1,2020-07-11,-0.2411566050832766
1,2020-07-12,-0.2411247180394552
1,2020-07-13,-0.24127443415185723
1,2020-07-14,-0.2415747280372793
1,2020-07-15,-0.24196061177900868
1,2020-07-16,-0.24240034733971816
1,2020-07-17,-0.24286715997051045
1,2020-07-18,-0.24336072265818648
1,2020-07-19,-0.2439012160713637
1,2020-07-20,-0.24450876519210266
1,2020-07-21,-0.24520157532656855
1,2020-07-22,-0.24595821217474237
1,2020-07-23,-0.24672771791976417
1,2020-07-24,-0.2474733388478764
1,2020-07-25,-0.24817791347441923
1,2020-07-26,-0.24882146979252917
1,2020-07-27,-0.2494023282475043
1,2020-07-28,-0.24994356136977666
1,2020-07-29,-0.250464295543054
1,2020-07-30,-0.250977175578803
1,2020-07-31,-0.2515062259885403
1,2020-08-01,-0.2520696336303826
1,2020-08-02,-0.2526767591161787
1,2020-08-03,-0.2533100749594026
1,2020-08-04,-0.2539440994425473
1,2020-08-05,-0.2545619622024987
1,2020-08-06,-0.25515824743466337
1,2020-08-07,-0.2557339284235492
1,2020-08-08,-0.2563049818077675
1,2020-08-09,-0.25689578846155015
1,2020-08-10,-0.25752015161377667
1,2020-08-11,-0.25818669719426973
1,2020-08-12,-0.2589105110443235
1,2020-08-13,-0.2597111282077109
1,2020-08-14,-0.26059616200557284
1,2020-08-15,-0.26156131626274565
1,2020-08-16,-0.2625958575208894
1,2020-08-17,-0.26369786766738074
1,2020-08-18,-0.2648469268591544
1,2020-08-19,-0.2660310055627862
1,2020-08-20,-0.26725769917642794
1,2020-08-21,-0.26853007008153207
1,2020-08-22,-0.2698334715852617
1,2020-08-23,-0.2711511532018093
1,2020-08-24,-0.2724689816287419
1,2020-08-25,-0.2737680854163874
1,2020-08-26,-0.27502689957334725
1,2020-08-27,-0.27623081058127513
1,2020-08-28,-0.27737197229347804
1,2020-08-29,-0.2784379129778624
1,2020-08-30,-0.2794308928885112
1,2020-08-31,-0.2803433032745605
1,2020-09-01,-0.2811823432453804
1,2020-09-02,-0.2819441126049606
1,2020-09-03,-0.2826212552188311
1,2020-09-04,-0.2832039757135451
1,2020-09-05,-0.28370501774368045
1,2020-09-06,-0.2841293669742409
1,2020-09-07,-0.2844877943304706
1,2020-09-08,-0.28479920350012633
1,2020-09-09,-0.28507145125610306
1,2020-09-10,-0.2852987319738234
1,2020-09-11,-0.2854694229455612
1,2020-09-12,-0.28560425112986293
1,2020-09-13,-0.2857156226263435
1,2020-09-14,-0.28581569451267363
1,2020-09-15,-0.28591674131760886
1,2020-09-16,-0.2860423528856455
1,2020-09-17,-0.28622186433406255
1,2020-09-18,-0.28648321322331216
1,2020-09-19,-0.2868421746362538
1,2020-09-20,-0.287301854484445
1,2020-09-21,-0.28785661051154643
1,2020-09-22,-0.28848446503550473
1,2020-09-23,-0.289160562492033
1,2020-09-24,-0.2898764469554936
1,2020-09-25,-0.29064731545951367
1,2020-09-26,-0.29147296420815666
1,2020-09-27,-0.29235150563408363
1,2020-09-28,-0.29324227757976074
1,2020-09-29,-0.29407187883469643
1,2020-09-30,-0.2947559154409922
1,2020-10-01,-0.29521191563801
1,2020-10-02,-0.2953828083036681
1,2020-10-03,-0.29524737431585385
1,2020-10-04,-0.2947860465425381
1,2020-10-05,-0.29395385726622736
1,2020-10-06,-0.2927095368653652
1,2020-10-07,-0.2910464487540032
1,2020-10-08,-0.2889758602249032
1,2020-10-09,-0.2864991308546749
1,2020-10-10,-0.2836137039549716
1,2020-10-11,-0.28031648562837014
1,2020-10-12,-0.2766187141188925
1,2020-10-13,-0.2725212179298596
1,2020-10-14,-0.26805822399918117
1,2020-10-15,-0.26327176922637147
1,2020-10-16,-0.2582188665157004
1,2020-10-17,-0.25294953767468653
1,2020-10-18,-0.24752455098144538
1,2020-10-19,-0.2419543113525034
1,2020-10-20,-0.23621626986361186
1,2020-10-21,-0.2303845538570704
1,2020-10-22,-0.22457817080788608
1,2020-10-23,-0.2188924844915131
1,2020-10-24,-0.2133839820227064
1,2020-10-25,-0.2081696501620009
1,2020-10-26,-0.20337001506276445
1,2020-10-27,-0.1991002842180577
1,2020-10-28,-0.1953862137986391
1,2020-10-29,-0.19221499050277444
1,2020-10-30,-0.18962471296793124
1,2020-10-31,-0.18761800966253708
1,2020-11-01,-0.18622619244776198
1,2020-11-02,-0.1855050865288796
1,2020-11-03,-0.18549296492315887
1,2020-11-04,-0.1860196012441668
1,2020-11-05,-0.18691100523033646
1,2020-11-06,-0.1880583338195059
1,2020-11-07,-0.18940156172622327
1,2020-11-08,-0.1908559605075412
1,2020-11-09,-0.19235444162326457
1,2020-11-10,-0.19382133691682327
1,2020-11-11,-0.19517253750857547
1,2020-11-12,-0.19640954615488243
1,2020-11-13,-0.19756453559091836
1,2020-11-14,-0.1986589947167005
1,2020-11-15,-0.1996423243211464
1,2020-11-16,-0.20047858490045614
1,2020-11-17,-0.201148760295155
1,2020-11-18,-0.2016527145579631
1,2020-11-19,-0.2019816770055049
1,2020-11-20,-0.20217851236009413
1,2020-11-21,-0.20226868421864483
1,2020-11-22,-0.20220336837568753
1,2020-11-23,-0.2019014487450446
1,2020-11-24,-0.2012722774339854
1,2020-11-25,-0.20029429949942854
1,2020-11-26,-0.19897211764516706
1,2020-11-27,-0.19729210830022095
1,2020-11-28,-0.19529323599159162
1,2020-11-29,-0.1929885321051001
1,2020-11-30,-0.19041564972070818
1,2020-12-01,-0.18762819548884094
1,2020-12-02,-0.18473816016502279
1,2020-12-03,-0.1818255936945142
1,2020-12-04,-0.17900922895964816
1,2020-12-05,-0.1763329293593084
1,2020-12-06,-0.1738812992802324
1,2020-12-07,-0.17177722224757608
1,2020-12-08,-0.17012660478555863
1,2020-12-09,-0.1689498620551791
1,2020-12-10,-0.1682595287126525
1,2020-12-11,-0.16806098821546603
1,2020-12-12,-0.1683408612989493
1,2020-12-13,-0.1690683995848298
1,2020-12-14,-0.17016615359781256
1,2020-12-15,-0.17155848744674798
1,2020-12-16,-0.17326326057707161
1,2020-12-17,-0.17529845390428075
1,2020-12-18,-0.1775997097278403
1,2020-12-19,-0.18013648522702044
1,2020-12-20,-0.1828848830092422
1,2020-12-21,-0.18572421923924437
1,2020-12-22,-0.18848058770923165
1,2020-12-23,-0.19115561502579098
1,2020-12-24,-0.19373918312097937
1,2020-12-25,-0.19626363534388094
1,2020-12-26,-0.19872586033548087
1,2020-12-27,-0.2010780296886074
1,2020-12-28,-0.20344293991309523
1,2020-12-29,-0.2059081806910319
1,2020-12-30,-0.20843577322827042
1,2020-12-31,-0.20805982818594027
1,2021-01-01,-0.21057468161792292
1,2021-01-02,-0.21308262114552448
1,2021-01-03,-0.21555697550447128
1,2021-01-04,-0.21802977127205328
1,2021-01-05,-0.22048804360962018
1,2021-01-06,-0.22278319574521802
1,2021-01-07,-0.22497888966190902
1,2021-01-08,-0.22715893424117684
1,2021-01-09,-0.22942167146308332
1,2021-01-10,-0.23192537322767187
1,2021-01-11,-0.23464676694973144
1,2021-01-12,-0.2374405465418104
1,2021-01-13,-0.24028457012903917
1,2021-01-14,-0.24311974780633575
1,2021-01-15,NA
1,2021-01-16,NA
1,2021-01-17,NA
1,2021-01-18,NA
1,2021-01-19,NA
1,2021-01-20,NA
1,2021-01-21,NA
1,2021-01-22,NA
1,2021-01-23,NA
1,2021-01-24,NA
1,2021-01-25,NA
1,2021-01-26,NA
1,2021-01-27,NA
1,2021-01-28,NA
1,2021-01-29,NA
1,2021-01-30,NA
1,2021-01-31,NA
1,2021-02-01,NA
1,2021-02-02,NA
1,2021-02-03,NA
1,2021-02-04,NA
1,2021-02-05,NA
1,2021-02-06,NA
1,2021-02-07,NA
1,2021-02-08,NA
1,2021-02-09,NA
1,2021-02-10,NA
1,2021-02-11,NA
1,2021-02-12,NA
1,2021-02-13,NA
1,2021-02-14,NA
1,2021-02-15,NA
1,2021-02-16,NA
1,2021-02-17,NA
1,2021-02-18,NA
1,2021-02-19,NA
1,2021-02-20,NA
1,2021-02-21,NA
1,2021-02-22,NA
1,2021-02-23,NA
1,2021-02-24,NA
1,2021-02-25,NA
1,2021-02-26,NA
1,2021-02-27,NA
1,2021-02-28,NA
1,2021-03-01,NA
1,2021-03-02,NA
1,2021-03-03,NA
1,2021-03-04,NA
1,2021-03-05,NA
1,2021-03-06,NA
1,2021-03-07,NA
1,2021-03-08,NA
1,2021-03-09,NA
1,2021-03-10,NA
1,2021-03-11,NA
1,2021-03-12,NA
1,2021-03-13,NA
1,2021-03-14,NA
1,2021-03-15,NA
1,2021-03-16,NA
1,2021-03-17,NA
1,2021-03-18,NA
1,2021-03-19,NA
1,2021-03-20,NA
1,2021-03-21,NA
1,2021-03-22,NA
1,2021-03-23,NA
1,2021-03-24,NA
1,2021-03-25,NA
1,2021-03-26,NA
1,2021-03-27,NA
1,2021-03-28,NA
1,2021-03-29,NA
1,2021-03-30,NA
1,2021-03-31,NA
1,2021-04-01,NA
1,2021-04-02,NA
1,2021-04-03,NA
1,2021-04-04,NA
1,2021-04-05,NA
1,2021-04-06,NA
1,2021-04-07,NA
1,2021-04-08,NA
1,2021-04-09,NA
1,2021-04-10,NA
1,2021-04-11,NA
1,2021-04-12,NA
1,2021-04-13,NA
1,2021-04-14,NA
1,2021-04-15,NA
1,2021-04-16,NA
1,2021-04-17,NA
1,2021-04-18,NA
1,2021-04-19,NA
1,2021-04-20,NA
1,2021-04-21,NA
1,2021-04-22,NA
1,2021-04-23,NA
1,2021-04-24,NA
1,2021-04-25,NA
1,2021-04-26,NA
1,2021-04-27,NA
1,2021-04-28,NA
1,2021-04-29,NA
1,2021-04-30,NA
1,2021-05-01,NA
1,2021-05-02,NA
1,2021-05-03,NA
1,2021-05-04,NA
1,2021-05-05,NA
1,2021-05-06,NA
1,2021-05-07,NA
1,2021-05-08,NA
1,2021-05-09,NA
1,2021-05-10,NA
1,2021-05-11,NA
1,2021-05-12,NA
1,2021-05-13,NA
1,2021-05-14,NA
1,2021-05-15,NA
1,2021-05-16,NA
1,2021-05-17,NA
1,2021-05-18,NA
1,2021-05-19,NA
1,2021-05-20,NA
1,2021-05-21,NA
1,2021-05-22,NA
1,2021-05-23,NA
1,2021-05-24,NA
1,2021-05-25,NA
1,2021-05-26,NA
1,2021-05-27,NA
1,2021-05-28,NA
1,2021-05-29,NA
1,2021-05-30,NA
1,2021-05-31,NA
1,2021-06-01,NA
1,2021-06-02,NA
1,2021-06-03,NA
1,2021-06-04,NA
1,2021-06-05,NA
1,2021-06-06,NA
1,2021-06-07,NA
1,2021-06-08,NA
1,2021-06-09,NA
1,2021-06-10,NA
1,2021-06-11,NA
1,2021-06-12,NA
1,2021-06-13,NA
1,2021-06-14,NA
1,2021-06-15,NA
1,2021-06-16,NA
1,2021-06-17,NA
1,2021-06-18,NA
1,2021-06-19,NA
1,2021-06-20,NA
1,2021-06-21,NA
1,2021-06-22,NA
1,2021-06-23,NA
1,2021-06-24,NA
1,2021-06-25,NA
1,2021-06-26,NA
1,2021-06-27,NA
1,2021-06-28,NA
1,2021-06-29,NA
1,2021-06-30,NA
1,2021-07-01,NA
1,2021-07-02,NA
1,2021-07-03,NA
1,2021-07-04,NA
1,2021-07-05,NA
1,2021-07-06,NA
1,2021-07-07,NA
1,2021-07-08,NA
1,2021-07-09,NA
1,2021-07-10,NA
1,2021-07-11,NA
1,2021-07-12,NA
1,2021-07-13,NA
1,2021-07-14,NA
1,2021-07-15,NA
1,2021-07-16,NA
1,2021-07-17,NA
1,2021-07-18,NA
1,2021-07-19,NA
1,2021-07-20,NA
1,2021-07-21,NA
1,2021-07-22,NA
1,2021-07-23,NA
1,2021-07-24,NA
1,2021-07-25,NA
1,2021-07-26,NA
1,2021-07-27,NA
1,2021-07-28,NA
1,2021-07-29,NA
1,2021-07-30,NA
1,2021-07-31,NA
1,2021-08-01,NA
1,2021-08-02,NA
1,2021-08-03,NA
1,2021-08-04,NA
1,2021-08-05,NA
1,2021-08-06,NA
1,2021-08-07,NA
1,2021-08-08,NA
1,2021-08-09,NA
1,2021-08-10,NA
1,2021-08-11,NA
1,2021-08-12,NA
1,2021-08-13,NA
1,2021-08-14,NA
1,2021-08-15,NA
1,2021-08-16,NA
1,2021-08-17,NA
1,2021-08-18,NA
1,2021-08-19,NA
1,2021-08-20,NA
1,2021-08-21,NA
1,2021-08-22,NA
1,2021-08-23,NA
1,2021-08-24,NA
1,2021-08-25,NA
1,2021-08-26,NA
1,2021-08-27,NA
1,2021-08-28,NA
1,2021-08-29,NA
1,2021-08-30,NA
1,2021-08-31,NA
1,2021-09-01,NA
1,2021-09-02,NA
1,2021-09-03,NA
1,2021-09-04,NA
1,2021-09-05,NA
1,2021-09-06,NA
1,2021-09-07,NA
1,2021-09-08,NA
1,2021-09-09,NA
1,2021-09-10,NA
1,2021-09-11,NA
1,2021-09-12,NA
1,2021-09-13,NA
1,2021-09-14,NA
1,2021-09-15,NA
1,2021-09-16,NA
1,2021-09-17,NA
1,2021-09-18,NA
1,2021-09-19,NA
1,2021-09-20,NA
1,2021-09-21,NA
1,2021-09-22,NA
1,2021-09-23,NA
1,2021-09-24,NA
1,2021-09-25,NA
1,2021-09-26,NA
1,2021-09-27,NA
1,2021-09-28,NA
1,2021-09-29,NA
1,2021-09-30,NA
1,2021-10-01,NA
1,2021-10-02,NA
1,2021-10-03,NA
1,2021-10-04,NA
1,2021-10-05,NA
1,2021-10-06,NA
1,2021-10-07,NA
1,2021-10-08,NA
1,2021-10-09,NA
1,2021-10-10,NA
1,2021-10-11,NA
1,2021-10-12,NA
1,2021-10-13,NA
1,2021-10-14,NA
1,2021-10-15,NA
1,2021-10-16,NA
1,2021-10-17,NA
1,2021-10-18,NA
1,2021-10-19,NA
1,2021-10-20,NA
1,2021-10-21,NA
1,2021-10-22,NA
1,2021-10-23,NA
1,2021-10-24,NA
1,2021-10-25,NA
1,2021-10-26,NA
1,2021-10-27,NA
1,2021-10-28,NA
1,2021-10-29,NA
1,2021-10-30,NA
1,2021-10-31,NA
1,2021-11-01,NA
1,2021-11-02,NA
1,2021-11-03,NA
1,2021-11-04,NA
1,2021-11-05,NA
1,2021-11-06,NA
1,2021-11-07,NA
1,2021-11-08,NA
1,2021-11-09,NA
1,2021-11-10,NA
1,2021-11-11,NA
1,2021-11-12,NA
1,2021-11-13,NA
1,2021-11-14,NA
1,2021-11-15,NA
1,2021-11-16,NA
1,2021-11-17,NA
1,2021-11-18,NA
1,2021-11-19,NA
1,2021-11-20,NA
1,2021-11-21,NA
1,2021-11-22,NA
1,2021-11-23,NA
1,2021-11-24,NA
1,2021-11-25,NA
1,2021-11-26,NA
1,2021-11-27,NA
1,2021-11-28,NA
1,2021-11-29,NA
1,2021-11-30,NA
1,2021-12-01,NA
1,2021-12-02,NA
1,2021-12-03,NA
1,2021-12-04,NA
1,2021-12-05,NA
1,2021-12-06,NA
1,2021-12-07,NA
1,2021-12-08,NA
1,2021-12-09,NA
1,2021-12-10,NA
1,2021-12-11,NA
1,2021-12-12,NA
1,2021-12-13,NA
1,2021-12-14,NA
1,2021-12-15,NA
1,2021-12-16,NA
1,2021-12-17,NA
1,2021-12-18,NA
1,2021-12-19,NA
1,2021-12-20,NA
1,2021-12-21,NA
1,2021-12-22,NA
1,2021-12-23,NA
1,2021-12-24,NA
1,2021-12-25,NA
1,2021-12-26,NA
1,2021-12-27,NA
1,2021-12-28,NA
1,2021-12-29,NA
1,2021-12-30,NA
1,2021-12-31,NA
1,2022-01-01,NA
1,2022-01-02,NA
1,2022-01-03,NA
1,2022-01-04,NA
1,2022-01-05,NA
1,2022-01-06,NA
1,2022-01-07,NA
1,2022-01-08,NA
1,2022-01-09,NA
1,2022-01-10,NA
1,2022-01-11,NA
1,2022-01-12,NA
1,2022-01-13,NA
1,2022-01-14,NA
1,2022-01-15,NA
1,2022-01-16,NA
1,2022-01-17,NA
1,2022-01-18,NA
1,2022-01-19,NA
