site,date,value
1,2011-01-01,0.01603326479274825
1,2011-01-02,0.0160362330507794
1,2011-01-03,0.016038813635617943
1,2011-01-04,0.01604179879071883
1,2011-01-05,0.016046120669006445
1,2011-01-06,0.016052483249420893
1,2011-01-07,0.016061639937107658
1,2011-01-08,0.01607411297894625
1,2011-01-09,0.0160896796643263
1,2011-01-10,0.01610752469043375
1,2011-01-11,0.016125328360829385
1,2011-01-12,0.01614070962750987
1,2011-01-13,0.016151137183615955
1,2011-01-14,0.016154361713272097
1,2011-01-15,0.016150745301414512
1,2011-01-16,0.01614188971075777
1,2011-01-17,0.016131267763821414
1,2011-01-18,0.01612040154125901
1,2011-01-19,0.016109622137036962
1,2011-01-20,0.01609884844010189
1,2011-01-21,0.01608943052714345
1,2011-01-22,0.016082942936986214
1,2011-01-23,0.01608041467014627
1,2011-01-24,0.016082153208232936
1,2011-01-25,0.01608643836024492
1,2011-01-26,0.016091676475651243
1,2011-01-27,0.016096749185969057
1,2011-01-28,0.016099870057662252
1,2011-01-29,0.016100258253139016
1,2011-01-30,0.016098094671942825
1,2011-01-31,0.016094811304152908
1,2011-02-01,0.0160908964763899
1,2011-02-02,0.016086965833313937
1,2011-02-03,0.016083619866041468
1,2011-02-04,0.01608166530934331
1,2011-02-05,0.01608142388435418
1,2011-02-06,0.016082387208583765
1,2011-02-07,0.016083498390455697
1,2011-02-08,0.016084188960546707
1,2011-02-09,0.016084519054959324
1,2011-02-10,0.016084666506791672
1,2011-02-11,0.01608335446982669
1,2011-02-12,0.01607956241563062
1,2011-02-13,0.016073947115470635
1,2011-02-14,0.01606858804968218
1,2011-02-15,0.016064641826189368
1,2011-02-16,0.016061682322939405
1,2011-02-17,0.016059045882254135
1,2011-02-18,0.016057696414124023
1,2011-02-19,0.01605856254615361
1,2011-02-20,0.016061958672615333
1,2011-02-21,0.0160678683421511
1,2011-02-22,0.016075393193242176
1,2011-02-23,0.01608388359209629
1,2011-02-24,0.016092652835506753
1,2011-02-25,0.016100900538554643
1,2011-02-26,0.01610930983855594
1,2011-02-27,0.016118830184137126
1,2011-02-28,0.016129149267423572
1,2011-03-01,0.016138004776743632
1,2011-03-02,0.01614308185120494
1,2011-03-03,0.01614496994267924
1,2011-03-04,0.01614392623309273
1,2011-03-05,0.01614282221117495
1,2011-03-06,0.016143247565475333
1,2011-03-07,0.016144725458006052
1,2011-03-08,0.016146919179994577
1,2011-03-09,0.016149461759283355
1,2011-03-10,0.016151952579164762
1,2011-03-11,0.01615400204392357
1,2011-03-12,0.016156088719603678
1,2011-03-13,0.016158248267195894
1,2011-03-14,0.016161429427894405
1,2011-03-15,0.016165242680852007
1,2011-03-16,0.016167630524137926
1,2011-03-17,0.01616700625753755
1,2011-03-18,0.01616473184436853
1,2011-03-19,0.01616287649318549
1,2011-03-20,0.01616365791510696
1,2011-03-21,0.016168486329695152
1,2011-03-22,0.01617687068271394
1,2011-03-23,0.016187789662406988
1,2011-03-24,0.01619866886049826
1,2011-03-25,0.016207864951137796
1,2011-03-26,0.01621394338512246
1,2011-03-27,0.01621532884999189
1,2011-03-28,0.016213575336275855
1,2011-03-29,0.016210574778060073
1,2011-03-30,0.016205565582550725
1,2011-03-31,0.016198124765275212
1,2011-04-01,0.016189526763908856
1,2011-04-02,0.016182250173963714
1,2011-04-03,0.016178494566692802
1,2011-04-04,0.016178636965785
1,2011-04-05,0.016181547624149802
1,2011-04-06,0.016185845255572373
1,2011-04-07,0.016191306218697916
1,2011-04-08,0.01619747852294163
1,2011-04-09,0.016204068381063693
1,2011-04-10,0.016209669662874685
1,2011-04-11,0.01621343489593951
1,2011-04-12,0.016215760392740853
1,2011-04-13,0.016217171158239875
1,2011-04-14,0.016217124930263314
1,2011-04-15,0.01621587718357809
1,2011-04-16,0.016213988074872905
1,2011-04-17,0.016212059747715554
1,2011-04-18,0.016209663562896215
1,2011-04-19,0.016206958151605312
1,2011-04-20,0.01620360230388272
1,2011-04-21,0.016198680753903297
1,2011-04-22,0.01619314887301046
1,2011-04-23,0.01618843395353058
1,2011-04-24,0.01618495415861921
1,2011-04-25,0.016182660788635988
1,2011-04-26,0.016180711646322392
1,2011-04-27,0.016178997605963447
1,2011-04-28,0.01617572042752061
1,2011-04-29,0.016172549155600745
1,2011-04-30,0.016171284138242304
1,2011-05-01,0.01617305953490647
1,2011-05-02,0.016176405131780217
1,2011-05-03,0.01617891750299156
1,2011-05-04,0.016179024863059135
1,2011-05-05,0.016175354404463497
1,2011-05-06,0.01616713717354194
1,2011-05-07,0.01615601065369795
1,2011-05-08,0.01614298622612522
1,2011-05-09,0.016129612618407178
1,2011-05-10,0.016116453526414658
1,2011-05-11,0.01610314317075194
1,2011-05-12,0.016089355942762864
1,2011-05-13,0.01607640574809392
1,2011-05-14,0.01606570194662956
1,2011-05-15,0.01605878311581885
1,2011-05-16,0.016056952507003737
1,2011-05-17,0.016060255457806382
1,2011-05-18,0.016067565612066157
1,2011-05-19,0.016077958078354222
1,2011-05-20,0.016089950545911422
1,2011-05-21,0.01610190893289834
1,2011-05-22,0.016112138580892634
1,2011-05-23,0.016120774834612144
1,2011-05-24,0.0161294326164157
1,2011-05-25,0.016140185272174905
1,2011-05-26,0.016153718661081496
1,2011-05-27,0.016170425258613667
1,2011-05-28,0.016188973583909978
1,2011-05-29,0.0162077608718446
1,2011-05-30,0.01622516370260648
1,2011-05-31,0.01623986950014007
1,2011-06-01,0.016253508115082936
1,2011-06-02,0.01626801380699112
1,2011-06-03,0.01628351498397045
1,2011-06-04,0.01629992446166674
1,2011-06-05,0.0163166532417174
1,2011-06-06,0.016332124037303993
1,2011-06-07,0.016344641190963696
1,2011-06-08,0.016353844374966446
1,2011-06-09,0.01635808589747532
1,2011-06-10,0.016357529748272807
1,2011-06-11,0.016354171050403234
1,2011-06-12,0.01634981891820607
1,2011-06-13,0.016344151108703703
1,2011-06-14,0.01633637080582549
1,2011-06-15,0.016325561784027533
1,2011-06-16,0.016312682471209577
1,2011-06-17,0.016299531580557875
1,2011-06-18,0.016288122905250006
1,2011-06-19,0.01627881680880528
1,2011-06-20,0.016271464460866737
1,2011-06-21,0.016264163632785076
1,2011-06-22,0.01625517599729477
1,2011-06-23,0.016244997713059484
1,2011-06-24,0.016233536917549852
1,2011-06-25,0.016221942026318277
1,2011-06-26,0.016211129755592735
1,2011-06-27,0.01620173264005468
1,2011-06-28,0.016194650807406785
1,2011-06-29,0.016190006375335197
1,2011-06-30,0.01618735031595674
1,2011-07-01,0.016186511655980302
1,2011-07-02,0.01618719973851456
1,2011-07-03,0.01618831368370572
1,2011-07-04,0.016189487765806813
1,2011-07-05,0.01619125709311155
1,2011-07-06,0.01619399791204213
1,2011-07-07,0.01619729369839073
1,2011-07-08,0.01620021280853174
1,2011-07-09,0.016202295108639405
1,2011-07-10,0.016203688024367214
1,2011-07-11,0.016204224633186493
1,2011-07-12,0.016203892943915037
1,2011-07-13,0.0162034325072771
1,2011-07-14,0.016204129852488557
1,2011-07-15,0.016207409570269
1,2011-07-16,0.016212542047276308
1,2011-07-17,0.01621818426823094
1,2011-07-18,0.016223443851797113
1,2011-07-19,0.016227906163921554
1,2011-07-20,0.016230918245968912
1,2011-07-21,0.01623069671322533
1,2011-07-22,0.016226418665927188
1,2011-07-23,0.016219921614392112
1,2011-07-24,0.01621316936035805
1,2011-07-25,0.016206436508855233
1,2011-07-26,0.01619884078762199
1,2011-07-27,0.016189241748858885
1,2011-07-28,0.016177569292709828
1,2011-07-29,0.016165093951926807
1,2011-07-30,0.016153799608878965
1,2011-07-31,0.01614351384890842
1,2011-08-01,0.016134196390111027
1,2011-08-02,0.016125815240715775
1,2011-08-03,0.016118310191573393
1,2011-08-04,0.016112462601881688
1,2011-08-05,0.01610937730187517
1,2011-08-06,0.01610875049212997
1,2011-08-07,0.016110242154011543
1,2011-08-08,0.016112718878324217
1,2011-08-09,0.01611527782058623
1,2011-08-10,0.016117365277760302
1,2011-08-11,0.016119023187300515
1,2011-08-12,0.016120217815667453
1,2011-08-13,0.016120235763846545
1,2011-08-14,0.016118043840673123
1,2011-08-15,0.016114233315277043
1,2011-08-16,0.016110732080985228
1,2011-08-17,0.016108732308145544
1,2011-08-18,0.01610768403441194
1,2011-08-19,0.01610760525366316
1,2011-08-20,0.01610903494383596
1,2011-08-21,0.016112855992832815
1,2011-08-22,0.016118163811785196
1,2011-08-23,0.01612421269670899
1,2011-08-24,0.016130684618704184
1,2011-08-25,0.01613685412331635
1,2011-08-26,0.016142326969513683
1,2011-08-27,0.016146592171113555
1,2011-08-28,0.016149241173796094
1,2011-08-29,0.01615054350400174
1,2011-08-30,0.016151466042018482
1,2011-08-31,0.016153285187897652
1,2011-09-01,0.016156219247794153
1,2011-09-02,0.016161097349518528
1,2011-09-03,0.01616693414599256
1,2011-09-04,0.01617296869578965
1,2011-09-05,0.016179265327873064
1,2011-09-06,0.01618532219787274
1,2011-09-07,0.01619026726135538
1,2011-09-08,0.016193058376214667
1,2011-09-09,0.01619364719312412
1,2011-09-10,0.016192104223454094
1,2011-09-11,0.016188226970659483
1,2011-09-12,0.016182369412515833
1,2011-09-13,0.01617613075574819
1,2011-09-14,0.016171542908767777
1,2011-09-15,0.01616979013526622
1,2011-09-16,0.016171155241053035
1,2011-09-17,0.01617462985513269
1,2011-09-18,0.016178882163881705
1,2011-09-19,0.016182567718666205
1,2011-09-20,0.01618520296216704
1,2011-09-21,0.016187204220325272
1,2011-09-22,0.016189321706525792
1,2011-09-23,0.01619225952674002
1,2011-09-24,0.016196090247975952
1,2011-09-25,0.016200338366649192
1,2011-09-26,0.016203393693630903
1,2011-09-27,0.01620469539822172
1,2011-09-28,0.01620467940419412
1,2011-09-29,0.016203203371798716
1,2011-09-30,0.01620030310834271
1,2011-10-01,0.016196272091300028
1,2011-10-02,0.01619124710406794
1,2011-10-03,0.01618448740601461
1,2011-10-04,0.01617589852593535
1,2011-10-05,0.016166698864481903
1,2011-10-06,0.016158150803450667
1,2011-10-07,0.016151295957831168
1,2011-10-08,0.016146908702786778
1,2011-10-09,0.016143584542260017
1,2011-10-10,0.01613976018566379
1,2011-10-11,0.016135470933291873
1,2011-10-12,0.01613196228468748
1,2011-10-13,0.016129829454618983
1,2011-10-14,0.016129247411162444
1,2011-10-15,0.016128773550247836
1,2011-10-16,0.016127078544219384
1,2011-10-17,0.016124129119396365
1,2011-10-18,0.0161198473939239
1,2011-10-19,0.016114070306185314
1,2011-10-20,0.016107301368849147
1,2011-10-21,0.016099644919950248
1,2011-10-22,0.01609138236376676
1,2011-10-23,0.016082806690048315
1,2011-10-24,0.016074139399182803
1,2011-10-25,0.016065153322998516
1,2011-10-26,0.016056054123781173
1,2011-10-27,0.016046405619103317
1,2011-10-28,0.016036058272536343
1,2011-10-29,0.016025010331090977
1,2011-10-30,0.016014205334387
1,2011-10-31,0.016004665918948228
1,2011-11-01,0.015997366146730564
1,2011-11-02,0.015992527459341363
1,2011-11-03,0.015989837252233536
1,2011-11-04,0.015989563382748765
1,2011-11-05,0.01599194081842912
1,2011-11-06,0.015997372426491407
1,2011-11-07,0.016006299043889387
1,2011-11-08,0.01601812745978397
1,2011-11-09,0.016031284487896688
1,2011-11-10,0.016043287375090483
1,2011-11-11,0.016052839201749547
1,2011-11-12,0.016060741483872782
1,2011-11-13,0.01606772633992867
1,2011-11-14,0.016073696042209325
1,2011-11-15,0.016078372864951264
1,2011-11-16,0.01608066083719782
1,2011-11-17,0.01607896011407355
1,2011-11-18,0.01607290558943898
1,2011-11-19,0.01606371814377248
1,2011-11-20,0.01605211923507568
1,2011-11-21,0.0160398855735349
1,2011-11-22,0.016028434388222542
1,2011-11-23,0.016019081037511217
1,2011-11-24,0.01601177751486096
1,2011-11-25,0.016006493130778676
1,2011-11-26,0.016002954079796988
1,2011-11-27,0.016001404507058392
1,2011-11-28,0.016002515866928448
1,2011-11-29,0.016006141001442865
1,2011-11-30,0.01601174598656982
1,2011-12-01,0.016018843494716047
1,2011-12-02,0.016026569708015716
1,2011-12-03,0.01603449601890873
1,2011-12-04,0.016042463780151013
1,2011-12-05,0.016050814503511045
1,2011-12-06,0.0160592858698458
1,2011-12-07,0.016067018273743097
1,2011-12-08,0.0160727192084316
1,2011-12-09,0.016075852090866125
1,2011-12-10,0.016076954496406476
1,2011-12-11,0.016076967543836265
1,2011-12-12,0.016076245678093806
1,2011-12-13,0.016074814062891754
1,2011-12-14,0.016072018546751374
1,2011-12-15,0.016067261145155685
1,2011-12-16,0.01606068627563219
1,2011-12-17,0.016052779428650008
1,2011-12-18,0.016044481214149506
1,2011-12-19,0.016036906353676394
1,2011-12-20,0.016030456897062714
1,2011-12-21,0.016025285002229814
1,2011-12-22,0.016021036119774873
1,2011-12-23,0.016017793175549078
1,2011-12-24,0.016015927613662474
1,2011-12-25,0.016015929586038997
1,2011-12-26,0.01601788504550221
1,2011-12-27,0.016021774968494915
1,2011-12-28,0.016026732089861565
1,2011-12-29,0.01603121006778004
1,2011-12-30,0.01603469478363106
1,2011-12-31,0.01603805947796083
1,2012-01-01,0.016042199976234864
1,2012-01-02,0.016047652961648458
1,2012-01-03,0.016053792237010978
1,2012-01-04,0.016059846168335903
1,2012-01-05,0.01606494322974202
1,2012-01-06,0.016067782025984356
1,2012-01-07,0.016068973198461723
1,2012-01-08,0.01606939799674331
1,2012-01-09,0.016069450631326983
1,2012-01-10,0.016069665742534624
1,2012-01-11,0.016070776733178953
1,2012-01-12,0.016072306295796132
1,2012-01-13,0.016073712765059388
1,2012-01-14,0.01607486935815825
1,2012-01-15,0.016075634474635406
1,2012-01-16,0.016075355538402728
1,2012-01-17,0.016073723408544304
1,2012-01-18,0.016071865914129582
1,2012-01-19,0.016070872506715402
1,2012-01-20,0.01607123732487419
1,2012-01-21,0.016072685095025588
1,2012-01-22,0.016074631341505722
1,2012-01-23,0.016076753806837436
1,2012-01-24,0.016079166587912357
1,2012-01-25,0.016082541039456187
1,2012-01-26,0.016087645403242052
1,2012-01-27,0.01609515074762261
1,2012-01-28,0.016104975745081795
1,2012-01-29,0.016115772080826346
1,2012-01-30,0.016125024419925957
1,2012-01-31,0.016130830826285452
1,2012-02-01,0.016132937843360805
1,2012-02-02,0.01613109404302561
1,2012-02-03,0.01612490715601578
1,2012-02-04,0.016115258191249406
1,2012-02-05,0.016103836081561164
1,2012-02-06,0.016092497910304135
1,2012-02-07,0.016082278389717403
1,2012-02-08,0.016073773612458413
1,2012-02-09,0.01606770534045636
1,2012-02-10,0.01606468828933413
1,2012-02-11,0.016065275404916816
1,2012-02-12,0.016069488837517343
1,2012-02-13,0.016075768809318658
1,2012-02-14,0.016082118403361434
1,2012-02-15,0.016087210799208367
1,2012-02-16,0.0160900616791394
1,2012-02-17,0.01609002189627668
1,2012-02-18,0.01608825613555566
1,2012-02-19,0.016086119262509763
1,2012-02-20,0.01608414435528151
1,2012-02-21,0.016082684585600946
1,2012-02-22,0.01608155133882468
1,2012-02-23,0.016080121203941363
1,2012-02-24,0.016078386231654453
1,2012-02-25,0.0160768169945633
1,2012-02-26,0.01607553334295361
1,2012-02-27,0.016075328977522712
1,2012-02-28,0.01607602272187922
1,2012-02-29,0.016077645333215238
1,2012-03-01,0.016079505167413775
1,2012-03-02,0.01608154667491089
1,2012-03-03,0.01608425749758234
1,2012-03-04,0.01608810971171698
1,2012-03-05,0.016092900219802444
1,2012-03-06,0.01609844472013576
1,2012-03-07,0.016105192971936574
1,2012-03-08,0.016113300312689406
1,2012-03-09,0.01612211439871327
1,2012-03-10,0.01613104726716377
1,2012-03-11,0.016139504940984123
1,2012-03-12,0.01614661449557693
1,2012-03-13,0.01615166377761524
1,2012-03-14,0.0161547646650695
1,2012-03-15,0.016154865304828243
1,2012-03-16,0.016152313368782503
1,2012-03-17,0.016148223745999512
1,2012-03-18,0.01614453026626372
1,2012-03-19,0.016142631137652262
1,2012-03-20,0.016142355066555324
1,2012-03-21,0.016142431570768532
1,2012-03-22,0.01614119911251779
1,2012-03-23,0.016139599150697136
1,2012-03-24,0.016138275737432563
1,2012-03-25,0.016137151878072405
1,2012-03-26,0.01613608877761721
1,2012-03-27,0.016135656900588175
1,2012-03-28,0.016136214715401945
1,2012-03-29,0.016138037939250012
1,2012-03-30,0.016141447216016205
1,2012-03-31,0.01614607451493692
1,2012-04-01,0.016150829411795388
1,2012-04-02,0.01615519168581997
1,2012-04-03,0.01615936383483069
1,2012-04-04,0.01616405097325224
1,2012-04-05,0.01616988863344088
1,2012-04-06,0.01617727009291283
1,2012-04-07,0.016185629625357908
1,2012-04-08,0.016194103471887617
1,2012-04-09,0.016201400379130995
1,2012-04-10,0.01620672739540648
1,2012-04-11,0.016210649889611885
1,2012-04-12,0.01621336922388936
1,2012-04-13,0.01621486412822603
1,2012-04-14,0.016215631636826752
1,2012-04-15,0.016216031593334783
1,2012-04-16,0.0162141049486722
1,2012-04-17,0.01620915452056951
1,2012-04-18,0.01620166447626049
1,2012-04-19,0.016192223972724122
1,2012-04-20,0.01618090846053173
1,2012-04-21,0.016169077371399374
1,2012-04-22,0.016157720080743874
1,2012-04-23,0.016147850940840362
1,2012-04-24,0.016139623742350572
1,2012-04-25,0.01613343878072913
1,2012-04-26,0.016129476782283172
1,2012-04-27,0.016128048603400478
1,2012-04-28,0.016128445889239708
1,2012-04-29,0.01612998667547408
1,2012-04-30,0.016131875390599976
1,2012-05-01,0.01613361678279378
1,2012-05-02,0.016135002119957286
1,2012-05-03,0.016135247551334466
1,2012-05-04,0.016134805014696996
1,2012-05-05,0.016133684846095328
1,2012-05-06,0.01613145315730719
1,2012-05-07,0.01612690188584624
1,2012-05-08,0.016119037169710738
1,2012-05-09,0.016109041288090976
1,2012-05-10,0.016098718249618588
1,2012-05-11,0.016089524368696675
1,2012-05-12,0.016082077000685955
1,2012-05-13,0.016076201926670853
1,2012-05-14,0.016071403872298613
1,2012-05-15,0.016067547566674285
1,2012-05-16,0.016065309686430437
1,2012-05-17,0.016066000902732608
1,2012-05-18,0.016070768780907966
1,2012-05-19,0.016079682771959366
1,2012-05-20,0.016091572226885967
1,2012-05-21,0.01610414319832965
1,2012-05-22,0.016114763261217628
1,2012-05-23,0.01612333373163809
1,2012-05-24,0.0161303514838387
1,2012-05-25,0.016135987175131514
1,2012-05-26,0.016140509205296794
1,2012-05-27,0.016144369126501384
1,2012-05-28,0.016146525872087727
1,2012-05-29,0.01614622597532594
1,2012-05-30,0.01614342722833106
1,2012-05-31,0.016138992735225205
1,2012-06-01,0.016133816555683654
1,2012-06-02,0.016129264311848957
1,2012-06-03,0.016126469420755605
1,2012-06-04,0.016126173962557916
1,2012-06-05,0.016128114891789298
1,2012-06-06,0.016132076089721174
1,2012-06-07,0.016137377153984868
1,2012-06-08,0.016143110874056496
1,2012-06-09,0.016147823931989738
1,2012-06-10,0.01615090111186457
1,2012-06-11,0.016152313943404387
1,2012-06-12,0.016151768463605953
1,2012-06-13,0.01614987467149453
1,2012-06-14,0.016147802232512897
1,2012-06-15,0.016146349005354124
1,2012-06-16,0.01614541100652342
1,2012-06-17,0.0161445829738357
1,2012-06-18,0.01614334390631591
1,2012-06-19,0.01614146550686738
1,2012-06-20,0.0161393086536322
1,2012-06-21,0.016137089607211032
1,2012-06-22,0.016134678617754587
1,2012-06-23,0.01613199824120182
1,2012-06-24,0.016129649039864035
1,2012-06-25,0.016128142913103962
1,2012-06-26,0.016128403653009184
1,2012-06-27,0.01613138092984261
1,2012-06-28,0.016137029065631806
1,2012-06-29,0.016145012687974865
1,2012-06-30,0.016155481059361078
1,2012-07-01,0.016168410328275547
1,2012-07-02,0.01618283366678795
1,2012-07-03,0.016195945791997714
1,2012-07-04,0.01620517376692876
1,2012-07-05,0.016209397720893828
1,2012-07-06,0.016208376604099566
1,2012-07-07,0.01620191635142288
1,2012-07-08,0.016191446497083657
1,2012-07-09,0.016179473323715932
1,2012-07-10,0.016167032333844318
1,2012-07-11,0.016154753280672566
1,2012-07-12,0.016142467722659218
1,2012-07-13,0.016131424554140003
1,2012-07-14,0.016122645368169132
1,2012-07-15,0.016116344272448346
1,2012-07-16,0.016111474598086484
1,2012-07-17,0.016107520408110674
1,2012-07-18,0.016104198115404242
1,2012-07-19,0.016101061989809425
1,2012-07-20,0.016097640512651303
1,2012-07-21,0.01609305944110533
1,2012-07-22,0.016087144612210964
1,2012-07-23,0.016081053770639248
1,2012-07-24,0.016075705637614547
1,2012-07-25,0.016071774447072716
1,2012-07-26,0.016069962989209333
1,2012-07-27,0.016070176692402863
1,2012-07-28,0.01607136109462841
1,2012-07-29,0.016071709395901995
1,2012-07-30,0.01607046025276192
1,2012-07-31,0.016068074045226415
1,2012-08-01,0.016065202445398663
1,2012-08-02,0.016063196856920675
1,2012-08-03,0.016062612667283822
1,2012-08-04,0.016062889492811216
1,2012-08-05,0.01606315947158282
1,2012-08-06,0.016062209506729427
1,2012-08-07,0.01606017597083497
1,2012-08-08,0.01605801325506537
1,2012-08-09,0.016056759945279383
1,2012-08-10,0.016056854415889513
1,2012-08-11,0.01605933485160633
1,2012-08-12,0.01606493149488929
1,2012-08-13,0.01607291661799428
1,2012-08-14,0.01608183155174633
1,2012-08-15,0.016090388509490492
1,2012-08-16,0.01609782213607892
1,2012-08-17,0.01610386615542242
1,2012-08-18,0.016107514750753754
1,2012-08-19,0.01610891681167346
1,2012-08-20,0.01610878891340974
1,2012-08-21,0.016106995142281474
1,2012-08-22,0.016103793309292604
1,2012-08-23,0.016099495123446994
1,2012-08-24,0.016094888355293234
1,2012-08-25,0.016090888420401416
1,2012-08-26,0.016088327605897734
1,2012-08-27,0.01608702132913984
1,2012-08-28,0.01608631826756973
1,2012-08-29,0.016086090081182353
1,2012-08-30,0.01608636041758955
1,2012-08-31,0.016087320789507857
1,2012-09-01,0.016088695087407037
1,2012-09-02,0.016090485463296413
1,2012-09-03,0.01609261164987955
1,2012-09-04,0.01609428441694178
1,2012-09-05,0.01609561863200013
1,2012-09-06,0.01609753149664904
1,2012-09-07,0.01610040040977056
1,2012-09-08,0.016103898104935087
1,2012-09-09,0.01610710384358845
1,2012-09-10,0.0161089417937145
1,2012-09-11,0.016109012579196696
1,2012-09-12,0.01610766034111836
1,2012-09-13,0.016105495251705355
1,2012-09-14,0.016103292889496742
1,2012-09-15,0.016101010718277676
1,2012-09-16,0.016098009910125877
1,2012-09-17,0.01609400794108473
1,2012-09-18,0.01608888515609307
1,2012-09-19,0.016082559240087717
1,2012-09-20,0.01607596591626244
1,2012-09-21,0.016070091091125324
1,2012-09-22,0.01606555503532403
1,2012-09-23,0.016063123654021648
1,2012-09-24,0.01606252257286238
1,2012-09-25,0.016063111722842
1,2012-09-26,0.016064793165276637
1,2012-09-27,0.016066824081386644
1,2012-09-28,0.016068650074323933
1,2012-09-29,0.01606903000669834
1,2012-09-30,0.016068384443521058
1,2012-10-01,0.016067638580706024
1,2012-10-02,0.016066958450322102
1,2012-10-03,0.016066918423720537
1,2012-10-04,0.01606741478718962
1,2012-10-05,0.01606729833418443
1,2012-10-06,0.016065446499231837
1,2012-10-07,0.01606263938573278
1,2012-10-08,0.016059802951009117
1,2012-10-09,0.01605777133945592
1,2012-10-10,0.01605674172525547
1,2012-10-11,0.01605641161478928
1,2012-10-12,0.016056551547171005
1,2012-10-13,0.01605700925189196
1,2012-10-14,0.016058264518882995
1,2012-10-15,0.016060553238201214
1,2012-10-16,0.016063854120201553
1,2012-10-17,0.016068004013807036
1,2012-10-18,0.01607238690261338
1,2012-10-19,0.016075848260860785
1,2012-10-20,0.016077454446703904
1,2012-10-21,0.01607785878155616
1,2012-10-22,0.016077624078987874
1,2012-10-23,0.016075959824211568
1,2012-10-24,0.016071642014534204
1,2012-10-25,0.01606435345512834
1,2012-10-26,0.01605395035063365
1,2012-10-27,0.016040512771618373
1,2012-10-28,0.01602550168248402
1,2012-10-29,0.016010700966093968
1,2012-10-30,0.01599765048059456
1,2012-10-31,0.015987493787029825
1,2012-11-01,0.01598016513338243
1,2012-11-02,0.01597537458566397
1,2012-11-03,0.01597256666662466
1,2012-11-04,0.015970988537191377
1,2012-11-05,0.0159699962813766
1,2012-11-06,0.015969535319750684
1,2012-11-07,0.015970507434512282
1,2012-11-08,0.01597382427098539
1,2012-11-09,0.015978692807528262
1,2012-11-10,0.015983239651896027
1,2012-11-11,0.015986756059276006
1,2012-11-12,0.015989702079622595
1,2012-11-13,0.015992970495896344
1,2012-11-14,0.015997309412064998
1,2012-11-15,0.016001978406969528
1,2012-11-16,0.016005703530578386
1,2012-11-17,0.0160073419229199
1,2012-11-18,0.016006374692254223
1,2012-11-19,0.01600273633583515
1,2012-11-20,0.01599703099564881
1,2012-11-21,0.015990632506321975
1,2012-11-22,0.015985225974969562
1,2012-11-23,0.0159815013712368
1,2012-11-24,0.015979340762229868
1,2012-11-25,0.01597966170077211
1,2012-11-26,0.015983168189797278
1,2012-11-27,0.015989843298502768
1,2012-11-28,0.01599896233081383
1,2012-11-29,0.01600938911399406
1,2012-11-30,0.01602082967958794
1,2012-12-01,0.016033564989498223
1,2012-12-02,0.016047680943463736
1,2012-12-03,0.01606200222691671
1,2012-12-04,0.016075369078996444
1,2012-12-05,0.01608688562320215
1,2012-12-06,0.016097217868746655
1,2012-12-07,0.016105748955225367
1,2012-12-08,0.01611153598595717
1,2012-12-09,0.016114351363028592
1,2012-12-10,0.016114410348017562
1,2012-12-11,0.016111703899512147
1,2012-12-12,0.01610677954343919
1,2012-12-13,0.016099180702318312
1,2012-12-14,0.01608854068510883
1,2012-12-15,0.016075747643440923
1,2012-12-16,0.016062212320341412
1,2012-12-17,0.016048772379913593
1,2012-12-18,0.01603661935561075
1,2012-12-19,0.016026621609798817
1,2012-12-20,0.01602017267813957
1,2012-12-21,0.016016897682446695
1,2012-12-22,0.016015440583689252
1,2012-12-23,0.01601526880934085
1,2012-12-24,0.016016044451357857
1,2012-12-25,0.016017550261301357
1,2012-12-26,0.016019422468044744
1,2012-12-27,0.01602087617671646
1,2012-12-28,0.016020763594133423
1,2012-12-29,0.016020206574927916
1,2012-12-30,0.016020514430335163
1,2012-12-31,0.01601841747370844
1,2013-01-01,0.016019910695834794
1,2013-01-02,0.016021636871359702
1,2013-01-03,0.016024151541694592
1,2013-01-04,0.016027379156918316
1,2013-01-05,0.016031419026739376
1,2013-01-06,0.01603622455010944
1,2013-01-07,0.016042248994762563
1,2013-01-08,0.016049223346481463
1,2013-01-09,0.016056570182114347
1,2013-01-10,0.01606357880710359
1,2013-01-11,0.01606959630771629
1,2013-01-12,0.016075453472525834
1,2013-01-13,0.01608167832441117
1,2013-01-14,0.01608843838197244
1,2013-01-15,0.016094775275860073
1,2013-01-16,0.016099697730366243
1,2013-01-17,0.01610329091210959
1,2013-01-18,0.01610527303449075
1,2013-01-19,0.016105782727177064
1,2013-01-20,0.016106112228835765
1,2013-01-21,0.016107114566354535
1,2013-01-22,0.016108962217160155
1,2013-01-23,0.016111092195848966
1,2013-01-24,0.01611254526187889
1,2013-01-25,0.016111954027671786
1,2013-01-26,0.016109315042151396
1,2013-01-27,0.016106414470796908
1,2013-01-28,0.01610420455495431
1,2013-01-29,0.016102746914104515
1,2013-01-30,0.016100709287214385
1,2013-01-31,0.01609774440628786
1,2013-02-01,0.01609362889181369
1,2013-02-02,0.016088285611392413
1,2013-02-03,0.016082188907227
1,2013-02-04,0.01607669412155744
1,2013-02-05,0.016072389651331245
1,2013-02-06,0.016069455101601245
1,2013-02-07,0.016067971984722616
1,2013-02-08,0.01606731309750976
1,2013-02-09,0.016067208860246898
1,2013-02-10,0.016067827993125908
1,2013-02-11,0.01606864582644935
1,2013-02-12,0.01606939894866766
1,2013-02-13,0.01606984937496576
1,2013-02-14,0.016070557347808233
1,2013-02-15,0.016071234736027878
1,2013-02-16,0.01607120538553818
1,2013-02-17,0.016070602426071473
1,2013-02-18,0.016069716201402025
1,2013-02-19,0.016069134833039418
1,2013-02-20,0.01606943038760112
1,2013-02-21,0.016070330441598755
1,2013-02-22,0.016070844316341135
1,2013-02-23,0.01607119629760288
1,2013-02-24,0.016072300260927538
1,2013-02-25,0.01607429133717247
1,2013-02-26,0.016077211833712687
1,2013-02-27,0.016080174664897473
1,2013-02-28,0.016082924696076518
1,2013-03-01,0.01608475011216772
1,2013-03-02,0.01608451858526906
1,2013-03-03,0.01608296500580715
1,2013-03-04,0.016081846562006598
1,2013-03-05,0.016082434869267307
1,2013-03-06,0.01608462828443127
1,2013-03-07,0.016087531762137116
1,2013-03-08,0.01609054095716844
1,2013-03-09,0.01609371142098337
1,2013-03-10,0.016097483882801206
1,2013-03-11,0.016101899149262903
1,2013-03-12,0.01610627655512327
1,2013-03-13,0.016109618098978217
1,2013-03-14,0.016111929788129527
1,2013-03-15,0.016112942864142592
1,2013-03-16,0.016111970572239818
1,2013-03-17,0.016108981347319702
1,2013-03-18,0.016104879533011176
1,2013-03-19,0.01610065831874522
1,2013-03-20,0.016096988365406018
1,2013-03-21,0.016094568357092186
1,2013-03-22,0.016093463473510886
1,2013-03-23,0.016093604372041964
1,2013-03-24,0.01609478189878869
1,2013-03-25,0.0160965490235225
1,2013-03-26,0.01609815834856117
1,2013-03-27,0.016099245797305827
1,2013-03-28,0.016100511727383176
1,2013-03-29,0.016102086310437223
1,2013-03-30,0.016103560450760217
1,2013-03-31,0.016105096209442372
1,2013-04-01,0.016107014469195616
1,2013-04-02,0.01610976627564594
1,2013-04-03,0.016113278213728287
1,2013-04-04,0.016116941087150317
1,2013-04-05,0.01612010325074665
1,2013-04-06,0.016122858541501348
1,2013-04-07,0.016126065802355257
1,2013-04-08,0.016129606277145027
1,2013-04-09,0.016133205127934876
1,2013-04-10,0.016136140810181
1,2013-04-11,0.016138754919153852
1,2013-04-12,0.01614090923093506
1,2013-04-13,0.01614145679069378
1,2013-04-14,0.016140177990441762
1,2013-04-15,0.016137459198285034
1,2013-04-16,0.016133756817219513
1,2013-04-17,0.016129482247078445
1,2013-04-18,0.016125036697458413
1,2013-04-19,0.01612072756900604
1,2013-04-20,0.01611714762596502
1,2013-04-21,0.016114503631069952
1,2013-04-22,0.01611282133180042
1,2013-04-23,0.01611180039637051
1,2013-04-24,0.016110688262071644
1,2013-04-25,0.01610889265527163
1,2013-04-26,0.016106119131501055
1,2013-04-27,0.016102608093589755
1,2013-04-28,0.01609946973714263
1,2013-04-29,0.016097863204794168
1,2013-04-30,0.01609804888815648
1,2013-05-01,0.01610041231299034
1,2013-05-02,0.016104821501997667
1,2013-05-03,0.01611127741012376
1,2013-05-04,0.016119332084022206
1,2013-05-05,0.016127420131474966
1,2013-05-06,0.01613413691127841
1,2013-05-07,0.01613765737242036
1,2013-05-08,0.01613616946042629
1,2013-05-09,0.016130867051233115
1,2013-05-10,0.016122149743574656
1,2013-05-11,0.016110838983010592
1,2013-05-12,0.016097970659625167
1,2013-05-13,0.016085406473674173
1,2013-05-14,0.01607371658450609
1,2013-05-15,0.01606299467419371
1,2013-05-16,0.016053139575199576
1,2013-05-17,0.016043202181591748
1,2013-05-18,0.016034287976267998
1,2013-05-19,0.016028983523002388
1,2013-05-20,0.016028747654759895
1,2013-05-21,0.01603284105745175
1,2013-05-22,0.016039429613113595
1,2013-05-23,0.01604648778703585
1,2013-05-24,0.016052638017099215
1,2013-05-25,0.016057446877687936
1,2013-05-26,0.016061859839678595
1,2013-05-27,0.016067429763503976
1,2013-05-28,0.016075313191078952
1,2013-05-29,0.01608598467155742
1,2013-05-30,0.01609877325813962
1,2013-05-31,0.016111438039355035
1,2013-06-01,0.016122921327906107
1,2013-06-02,0.01613320642809268
1,2013-06-03,0.01614229613916995
1,2013-06-04,0.016149989623566147
1,2013-06-05,0.016155908329362353
1,2013-06-06,0.016160244106544607
1,2013-06-07,0.016162874525784934
1,2013-06-08,0.016163864175073223
1,2013-06-09,0.016163981190044845
1,2013-06-10,0.016164996805327774
1,2013-06-11,0.016167721061390927
1,2013-06-12,0.0161730035089684
1,2013-06-13,0.016180154601161536
1,2013-06-14,0.016187453101830302
1,2013-06-15,0.016193262733217095
1,2013-06-16,0.016197436553713876
1,2013-06-17,0.01620004041779668
1,2013-06-18,0.016200964886488048
1,2013-06-19,0.01619990377588253
1,2013-06-20,0.01619718154605439
1,2013-06-21,0.016193376887342875
1,2013-06-22,0.01618897960372062
1,2013-06-23,0.016185201250707163
1,2013-06-24,0.016182410869486564
1,2013-06-25,0.016178626137601668
1,2013-06-26,0.016173226982440905
1,2013-06-27,0.016166115990860864
1,2013-06-28,0.016156783998888084
1,2013-06-29,0.01614482345856754
1,2013-06-30,0.016131925430643308
1,2013-07-01,0.016119668791391546
1,2013-07-02,0.016109696141844678
1,2013-07-03,0.016103045470780182
1,2013-07-04,0.01610040088379538
1,2013-07-05,0.016101631050914864
1,2013-07-06,0.016105523630562554
1,2013-07-07,0.0161106414921439
1,2013-07-08,0.016116423595792257
1,2013-07-09,0.01612308015837696
1,2013-07-10,0.016130034359081374
1,2013-07-11,0.01613571804680145
1,2013-07-12,0.016137867782025903
1,2013-07-13,0.01613492258834124
1,2013-07-14,0.016127194554634856
1,2013-07-15,0.016116329471171746
1,2013-07-16,0.016104247693469347
1,2013-07-17,0.01609251127239999
1,2013-07-18,0.016082716052216034
1,2013-07-19,0.016075646123505382
1,2013-07-20,0.016070851653279306
1,2013-07-21,0.016067985909211182
1,2013-07-22,0.01606683962207007
1,2013-07-23,0.016066561921691043
1,2013-07-24,0.016066398925848165
1,2013-07-25,0.01606568304838744
1,2013-07-26,0.01606422755825007
1,2013-07-27,0.01606190791437692
1,2013-07-28,0.016059570560042164
1,2013-07-29,0.016057616389446902
1,2013-07-30,0.016056599432821693
1,2013-07-31,0.016056637331824594
1,2013-08-01,0.016057833625514058
1,2013-08-02,0.01606003512114169
1,2013-08-03,0.016062763681313288
1,2013-08-04,0.016066570251676748
1,2013-08-05,0.01607171136713536
1,2013-08-06,0.016077343838341317
1,2013-08-07,0.016083136475911114
1,2013-08-08,0.01608874560640936
1,2013-08-09,0.016093607079961356
1,2013-08-10,0.01609667840111132
1,2013-08-11,0.016097667004429054
1,2013-08-12,0.01609646288787048
1,2013-08-13,0.016093943411099713
1,2013-08-14,0.016091016245350892
1,2013-08-15,0.016088526605544214
1,2013-08-16,0.016086755114079077
1,2013-08-17,0.016085792160294394
1,2013-08-18,0.016086070835781906
1,2013-08-19,0.01608798334691135
1,2013-08-20,0.016091665821070873
1,2013-08-21,0.016097017245653218
1,2013-08-22,0.016103540504746945
1,2013-08-23,0.01610981651849132
1,2013-08-24,0.016114417220520514
1,2013-08-25,0.01611674741092313
1,2013-08-26,0.016117129757761507
1,2013-08-27,0.01611585946469137
1,2013-08-28,0.016113656410300183
1,2013-08-29,0.01611143497591512
1,2013-08-30,0.016109737985329133
1,2013-08-31,0.01610901171012504
1,2013-09-01,0.016109295254344097
1,2013-09-02,0.016110673117004082
1,2013-09-03,0.01611333743363507
1,2013-09-04,0.016116790703011884
1,2013-09-05,0.01611977653244326
1,2013-09-06,0.016120257214590938
1,2013-09-07,0.01611758030331473
1,2013-09-08,0.016112967891580735
1,2013-09-09,0.016107763977075383
1,2013-09-10,0.016103348272399152
1,2013-09-11,0.016100056433144556
1,2013-09-12,0.01609713676481691
1,2013-09-13,0.016093778940324703
1,2013-09-14,0.016089936903753807
1,2013-09-15,0.016086367659884353
1,2013-09-16,0.01608417575292644
1,2013-09-17,0.01608420511576425
1,2013-09-18,0.016086549539557356
1,2013-09-19,0.016089853835921247
1,2013-09-20,0.0160923155544372
1,2013-09-21,0.016092551806093196
1,2013-09-22,0.016091340259457056
1,2013-09-23,0.016090401735140276
1,2013-09-24,0.016090887005462767
1,2013-09-25,0.016092147838901137
1,2013-09-26,0.01609323887011722
1,2013-09-27,0.016093807676907407
1,2013-09-28,0.016094448986566114
1,2013-09-29,0.01609625667353005
1,2013-09-30,0.016098998900888117
1,2013-10-01,0.016101863899684498
1,2013-10-02,0.016104395166358296
1,2013-10-03,0.016106395428988243
1,2013-10-04,0.01610745222771069
1,2013-10-05,0.016107143791372607
1,2013-10-06,0.016104462302607668
1,2013-10-07,0.016099698373069384
1,2013-10-08,0.016094949324589963
1,2013-10-09,0.016092439503315497
1,2013-10-10,0.016093055465594013
1,2013-10-11,0.01609624132427564
1,2013-10-12,0.016101117991804508
1,2013-10-13,0.01610702328342819
1,2013-10-14,0.016113664775743306
1,2013-10-15,0.016119746279910117
1,2013-10-16,0.01612393914620497
1,2013-10-17,0.016124857424404216
1,2013-10-18,0.01612144930337733
1,2013-10-19,0.016113859310846912
1,2013-10-20,0.016103745586972362
1,2013-10-21,0.01609260910361248
1,2013-10-22,0.016081846116398905
1,2013-10-23,0.016072443089812653
1,2013-10-24,0.01606498199151743
1,2013-10-25,0.01605955059319001
1,2013-10-26,0.016055241902598934
1,2013-10-27,0.01605072898857369
1,2013-10-28,0.016046087369282324
1,2013-10-29,0.016042440392590163
1,2013-10-30,0.016039657400844225
1,2013-10-31,0.01603681243199121
1,2013-11-01,0.016032035617046008
1,2013-11-02,0.016024812537506716
1,2013-11-03,0.01601642971672531
1,2013-11-04,0.01600867461839422
1,2013-11-05,0.016003466587350267
1,2013-11-06,0.016000591304298643
1,2013-11-07,0.016000324394326214
1,2013-11-08,0.0160026548228713
1,2013-11-09,0.016007015474879423
1,2013-11-10,0.016012456745950508
1,2013-11-11,0.016018121819698194
1,2013-11-12,0.016023085683849914
1,2013-11-13,0.016026740306394033
1,2013-11-14,0.0160286925004753
1,2013-11-15,0.016029040680009828
1,2013-11-16,0.016028317445306313
1,2013-11-17,0.01602635920452721
1,2013-11-18,0.016023837941181583
1,2013-11-19,0.01602127282911745
1,2013-11-20,0.016018677530363856
1,2013-11-21,0.016016143942328868
1,2013-11-22,0.016013295788885155
1,2013-11-23,0.016010028454750684
1,2013-11-24,0.016006973556417572
1,2013-11-25,0.01600472780794214
1,2013-11-26,0.016003940680434755
1,2013-11-27,0.016004731577359797
1,2013-11-28,0.016007199671993905
1,2013-11-29,0.01601128551756242
1,2013-11-30,0.01601681369811028
1,2013-12-01,0.016023860873685288
1,2013-12-02,0.01603203390131832
1,2013-12-03,0.01604064097340552
1,2013-12-04,0.01604825687993773
1,2013-12-05,0.01605438078289068
1,2013-12-06,0.016059595999700835
1,2013-12-07,0.016064570951873806
1,2013-12-08,0.016069798727909642
1,2013-12-09,0.016075484219024272
1,2013-12-10,0.016082037331265085
1,2013-12-11,0.016089408221543394
1,2013-12-12,0.01609707289882665
1,2013-12-13,0.01610416588484812
1,2013-12-14,0.016109999225003616
1,2013-12-15,0.01611347674561779
1,2013-12-16,0.01611370356308891
1,2013-12-17,0.01610959953640867
1,2013-12-18,0.016100730768563137
1,2013-12-19,0.016087498005865772
1,2013-12-20,0.016072514250349248
1,2013-12-21,0.016057647470821394
1,2013-12-22,0.016044341167375447
1,2013-12-23,0.016033707171593845
1,2013-12-24,0.016026475673671263
1,2013-12-25,0.01602326813845262
1,2013-12-26,0.0160237984000074
1,2013-12-27,0.016026934779123876
1,2013-12-28,0.016031366847839686
1,2013-12-29,0.016036457667002162
1,2013-12-30,0.016042513932290475
1,2013-12-31,0.01604912726705627
1,2014-01-01,0.016055432524772536
1,2014-01-02,0.01606086476001517
1,2014-01-03,0.01606562884883736
1,2014-01-04,0.01607058585663082
1,2014-01-05,0.016076089953354085
1,2014-01-06,0.01608118149294396
1,2014-01-07,0.016085672696314827
1,2014-01-08,0.016089687718438696
1,2014-01-09,0.016093437147396247
1,2014-01-10,0.01609670407810422
1,2014-01-11,0.016099867991515204
1,2014-01-12,0.01610331062797207
1,2014-01-13,0.016106966068622882
1,2014-01-14,0.016110749482611538
1,2014-01-15,0.01611450144266197
1,2014-01-16,0.016118412903926734
1,2014-01-17,0.01612327390245109
1,2014-01-18,0.016129615019985884
1,2014-01-19,0.016137242507599996
1,2014-01-20,0.016145406456400155
1,2014-01-21,0.016153371976911027
1,2014-01-22,0.01616081382003485
1,2014-01-23,0.01616782663176745
1,2014-01-24,0.016174449809203927
1,2014-01-25,0.0161805129697443
1,2014-01-26,0.01618539689653487
1,2014-01-27,0.01618782047002995
1,2014-01-28,0.016187383216959436
1,2014-01-29,0.016183698762038665
1,2014-01-30,0.016176426367997626
1,2014-01-31,0.01616590759492486
1,2014-02-01,0.016153427908859052
1,2014-02-02,0.016139939820553912
1,2014-02-03,0.016126841155736454
1,2014-02-04,0.016115121170122357
1,2014-02-05,0.01610564996599324
1,2014-02-06,0.01609800745348088
1,2014-02-07,0.016091881039726048
1,2014-02-08,0.016086418398624593
1,2014-02-09,0.01608149852664255
1,2014-02-10,0.016076863549786633
1,2014-02-11,0.016072051706055395
1,2014-02-12,0.016066569880885936
1,2014-02-13,0.016061003374697534
1,2014-02-14,0.01605607147387174
1,2014-02-15,0.016052405800283824
1,2014-02-16,0.016050143024821384
1,2014-02-17,0.016049033755774017
1,2014-02-18,0.016048345162148224
1,2014-02-19,0.016047635070636043
1,2014-02-20,0.01604681627949149
1,2014-02-21,0.016045800729641974
1,2014-02-22,0.01604483833289755
1,2014-02-23,0.01604480657219395
1,2014-02-24,0.016047105786664066
1,2014-02-25,0.01605206058975104
1,2014-02-26,0.016058017440827282
1,2014-02-27,0.0160641835331444
1,2014-02-28,0.016069700291450575
1,2014-03-01,0.016074931326502156
1,2014-03-02,0.016080798812695304
1,2014-03-03,0.016087830833478263
1,2014-03-04,0.0160960893049278
1,2014-03-05,0.01610574967599465
1,2014-03-06,0.01611659855669897
1,2014-03-07,0.016127643457108317
1,2014-03-08,0.016136824788028154
1,2014-03-09,0.016142691312411674
1,2014-03-10,0.016146483643619602
1,2014-03-11,0.016149514775678556
1,2014-03-12,0.016150788456851473
1,2014-03-13,0.01615057020483013
1,2014-03-14,0.01614989762689578
1,2014-03-15,0.016149358871059227
1,2014-03-16,0.01614943410072552
1,2014-03-17,0.01615000947811376
1,2014-03-18,0.016150941823369687
1,2014-03-19,0.01615135552464922
1,2014-03-20,0.016150468273436767
1,2014-03-21,0.01614823840791344
1,2014-03-22,0.016144284287555613
1,2014-03-23,0.016139414407476353
1,2014-03-24,0.016134878360017653
1,2014-03-25,0.016130924132514664
1,2014-03-26,0.016125971837974453
1,2014-03-27,0.016118713560409993
1,2014-03-28,0.016109874752632335
1,2014-03-29,0.01610234432343328
1,2014-03-30,0.01609784694035653
1,2014-03-31,0.016096797247830703
1,2014-04-01,0.01609982661310899
1,2014-04-02,0.016107089535714395
1,2014-04-03,0.01611755019860001
1,2014-04-04,0.016130124106759482
1,2014-04-05,0.016142945177544412
1,2014-04-06,0.016154403713056674
1,2014-04-07,0.016163984975395108
1,2014-04-08,0.016170560876676218
1,2014-04-09,0.01617250294991772
1,2014-04-10,0.016169599200173263
1,2014-04-11,0.016164647774861728
1,2014-04-12,0.016161061313324555
1,2014-04-13,0.01616006345423167
1,2014-04-14,0.016161711904027615
1,2014-04-15,0.016165528791592176
1,2014-04-16,0.016171677578090467
1,2014-04-17,0.016179529671065635
1,2014-04-18,0.016187236477712606
1,2014-04-19,0.016192626694749745
1,2014-04-20,0.0161943569011435
1,2014-04-21,0.01619239569868264
1,2014-04-22,0.016186476822086578
1,2014-04-23,0.01617632218884714
1,2014-04-24,0.01616302169742304
1,2014-04-25,0.0161502963821276
1,2014-04-26,0.016141570465752066
1,2014-04-27,0.016137693043838552
1,2014-04-28,0.01613742815264273
1,2014-04-29,0.01613838097887005
1,2014-04-30,0.01613864642563206
1,2014-05-01,0.016136639487286743
1,2014-05-02,0.01613047527079742
1,2014-05-03,0.016120322959438636
1,2014-05-04,0.01610803716300153
1,2014-05-05,0.01609553477316828
1,2014-05-06,0.016084217962649115
1,2014-05-07,0.016073455560195172
1,2014-05-08,0.016062591147327086
1,2014-05-09,0.016052316785791748
1,2014-05-10,0.016044068994396556
1,2014-05-11,0.016038116322657562
1,2014-05-12,0.01603528941803248
1,2014-05-13,0.016035657874343218
1,2014-05-14,0.016038975351961877
1,2014-05-15,0.016044004033447547
1,2014-05-16,0.016049114644591557
1,2014-05-17,0.016052809351373758
1,2014-05-18,0.016055273206263453
1,2014-05-19,0.016057234646082986
1,2014-05-20,0.016059061300078066
1,2014-05-21,0.016060383774984654
1,2014-05-22,0.016061527537048134
1,2014-05-23,0.0160640195521097
1,2014-05-24,0.016069002181517265
1,2014-05-25,0.01607685058239889
1,2014-05-26,0.01608727949506862
1,2014-05-27,0.01609794844262967
1,2014-05-28,0.01610741771568106
1,2014-05-29,0.016114676370034515
1,2014-05-30,0.016119626500587993
1,2014-05-31,0.01612290687824656
1,2014-06-01,0.016125336618326838
1,2014-06-02,0.01612704509956717
1,2014-06-03,0.01612804086726774
1,2014-06-04,0.016128553544696448
1,2014-06-05,0.016129334685278194
1,2014-06-06,0.01613116331223299
1,2014-06-07,0.016134793731954533
1,2014-06-08,0.016140194182519836
1,2014-06-09,0.01614750489666019
1,2014-06-10,0.01615628184440061
1,2014-06-11,0.016165600824130308
1,2014-06-12,0.01617396891284613
1,2014-06-13,0.016179690118534356
1,2014-06-14,0.016181710132519893
1,2014-06-15,0.016180401553212764
1,2014-06-16,0.01617637269075509
1,2014-06-17,0.016170285765468244
1,2014-06-18,0.01616297979901792
1,2014-06-19,0.01615562446771729
1,2014-06-20,0.016148710029667616
1,2014-06-21,0.016142205883682297
1,2014-06-22,0.016136216074260672
1,2014-06-23,0.016131709454473342
1,2014-06-24,0.01612947394659574
1,2014-06-25,0.01612955167584736
1,2014-06-26,0.01613119899681969
1,2014-06-27,0.016132746209146162
1,2014-06-28,0.016132745524162724
1,2014-06-29,0.01613093928923564
1,2014-06-30,0.01612782713560137
1,2014-07-01,0.01612368312544376
1,2014-07-02,0.016118906870850692
1,2014-07-03,0.016114781746635585
1,2014-07-04,0.01611233323186714
1,2014-07-05,0.01611112319337303
1,2014-07-06,0.016110988080072317
1,2014-07-07,0.016111652792791732
1,2014-07-08,0.016112847780119566
1,2014-07-09,0.01611387400458174
1,2014-07-10,0.016114407184915063
1,2014-07-11,0.016114894450924414
1,2014-07-12,0.016115608825203614
1,2014-07-13,0.016116523631495593
1,2014-07-14,0.016118082840379033
1,2014-07-15,0.016118917436423928
1,2014-07-16,0.016117027187422996
1,2014-07-17,0.016111428580051254
1,2014-07-18,0.016102173292344528
1,2014-07-19,0.016091597566991783
1,2014-07-20,0.01608151361141789
1,2014-07-21,0.016072847930665088
1,2014-07-22,0.016066190382142107
1,2014-07-23,0.016062080293980846
1,2014-07-24,0.01606031804286074
1,2014-07-25,0.01606027024607088
1,2014-07-26,0.016060685108174762
1,2014-07-27,0.016060692939452358
1,2014-07-28,0.016061007590578786
1,2014-07-29,0.016062672132018566
1,2014-07-30,0.01606425256217572
1,2014-07-31,0.016064590619770946
1,2014-08-01,0.016064702429537128
1,2014-08-02,0.01606624435606905
1,2014-08-03,0.016069788211670235
1,2014-08-04,0.016074284879395433
1,2014-08-05,0.016079429815600666
1,2014-08-06,0.01608552285429694
1,2014-08-07,0.01609263718656451
1,2014-08-08,0.01610028708763579
1,2014-08-09,0.016106564078439838
1,2014-08-10,0.01610909935332661
1,2014-08-11,0.016106929381955473
1,2014-08-12,0.016100760935587596
1,2014-08-13,0.016092271782154877
1,2014-08-14,0.01608258030560048
1,2014-08-15,0.01607438633075248
1,2014-08-16,0.016069605832441432
1,2014-08-17,0.016068844074256662
1,2014-08-18,0.01607179977359213
1,2014-08-19,0.016077199834495928
1,2014-08-20,0.016084206562687935
1,2014-08-21,0.01609169681287111
1,2014-08-22,0.01609911402046005
1,2014-08-23,0.016105245336532546
1,2014-08-24,0.01610983557164793
1,2014-08-25,0.01611289548801472
1,2014-08-26,0.016114570098506732
1,2014-08-27,0.01611478795655242
1,2014-08-28,0.016112598583392163
1,2014-08-29,0.01610924102534924
1,2014-08-30,0.016106917125209192
1,2014-08-31,0.016106052739916846
1,2014-09-01,0.016106282328022168
1,2014-09-02,0.01610741593710595
1,2014-09-03,0.01610889850152758
1,2014-09-04,0.01611052728133108
1,2014-09-05,0.01611222298257102
1,2014-09-06,0.016113792369529017
1,2014-09-07,0.016114533719051197
1,2014-09-08,0.01611432765769551
1,2014-09-09,0.016113689010407967
1,2014-09-10,0.016112964995676025
1,2014-09-11,0.01611203356730151
1,2014-09-12,0.016111613451091782
1,2014-09-13,0.016112676940237127
1,2014-09-14,0.0161154605869458
1,2014-09-15,0.016119588957256147
1,2014-09-16,0.016123574330727586
1,2014-09-17,0.016126016185724464
1,2014-09-18,0.016126157484053247
1,2014-09-19,0.01612428679210454
1,2014-09-20,0.01612096844624496
1,2014-09-21,0.01611609353119988
1,2014-09-22,0.01610952153372706
1,2014-09-23,0.016101808550245098
1,2014-09-24,0.01609354159087261
1,2014-09-25,0.01608432677967193
1,2014-09-26,0.016074151284189517
1,2014-09-27,0.016064021899719786
1,2014-09-28,0.01605575312545559
1,2014-09-29,0.0160505520103951
1,2014-09-30,0.016048540204725636
1,2014-10-01,0.01604893407512924
1,2014-10-02,0.016050070193229498
1,2014-10-03,0.016050848348817603
1,2014-10-04,0.016050525452707205
1,2014-10-05,0.01604991773610611
1,2014-10-06,0.016049523601238083
1,2014-10-07,0.016049162614855665
1,2014-10-08,0.016048994277734447
1,2014-10-09,0.016048962874785196
1,2014-10-10,0.016049457309623923
1,2014-10-11,0.016051729911837436
1,2014-10-12,0.016056651598605098
1,2014-10-13,0.016064491317976087
1,2014-10-14,0.016075050903835406
1,2014-10-15,0.016087105110444873
1,2014-10-16,0.016098352106847888
1,2014-10-17,0.016107046249802286
1,2014-10-18,0.016111903214225974
1,2014-10-19,0.016112433334215193
1,2014-10-20,0.01610926395575673
1,2014-10-21,0.01610266015771299
1,2014-10-22,0.01609278412318024
1,2014-10-23,0.01608065869948811
1,2014-10-24,0.01606829737925813
1,2014-10-25,0.01605671159184933
1,2014-10-26,0.016046708561292863
1,2014-10-27,0.016038748197765847
1,2014-10-28,0.016033285664663006
1,2014-10-29,0.016030115889951686
1,2014-10-30,0.016028480798950192
1,2014-10-31,0.016027773355019332
1,2014-11-01,0.01602747508711008
1,2014-11-02,0.01602744829955101
1,2014-11-03,0.016027841920826433
1,2014-11-04,0.016028209783103133
1,2014-11-05,0.016027730296287058
1,2014-11-06,0.01602566256287004
1,2014-11-07,0.016022434901845805
1,2014-11-08,0.016019345869901475
1,2014-11-09,0.016017721486365256
1,2014-11-10,0.01601787454392821
1,2014-11-11,0.016020134667057876
1,2014-11-12,0.016024066413474872
1,2014-11-13,0.01602809276659493
1,2014-11-14,0.01603084701400405
1,2014-11-15,0.01603177567486568
1,2014-11-16,0.016031083495529466
1,2014-11-17,0.0160287495575416
1,2014-11-18,0.01602458431599576
1,2014-11-19,0.01601866591895186
1,2014-11-20,0.01601130768971523
1,2014-11-21,0.01600491436759487
1,2014-11-22,0.016001427398432334
1,2014-11-23,0.01600220631500231
1,2014-11-24,0.016006985661966764
1,2014-11-25,0.016015548152527315
1,2014-11-26,0.01602682970693598
1,2014-11-27,0.016039332766176563
1,2014-11-28,0.016052390072633833
1,2014-11-29,0.016064741938063603
1,2014-11-30,0.016075766781496553
1,2014-12-01,0.016084807204290646
1,2014-12-02,0.016090788279215472
1,2014-12-03,0.016093519589021155
1,2014-12-04,0.016093002047774047
1,2014-12-05,0.01609160422426958
1,2014-12-06,0.016091634109720577
1,2014-12-07,0.016093538838137265
1,2014-12-08,0.01609719922107435
1,2014-12-09,0.016102522480585465
1,2014-12-10,0.016109281824678055
1,2014-12-11,0.016116023806785174
1,2014-12-12,0.01612159743716823
1,2014-12-13,0.016125548836813434
1,2014-12-14,0.016126346840429625
1,2014-12-15,0.016123632620201948
1,2014-12-16,0.016117873983170456
1,2014-12-17,0.016109466762044746
1,2014-12-18,0.01609925953757571
1,2014-12-19,0.016087618696999664
1,2014-12-20,0.016076513390755307
1,2014-12-21,0.016067057899161595
1,2014-12-22,0.01605984087953193
1,2014-12-23,0.016055068678397354
1,2014-12-24,0.01605155700478594
1,2014-12-25,0.016048900074972533
1,2014-12-26,0.016047040381310763
1,2014-12-27,0.01604690435037124
1,2014-12-28,0.01604796553963276
1,2014-12-29,0.01604904603444873
1,2014-12-30,0.016049245861409756
1,2014-12-31,0.016048456970043323
1,2015-01-01,0.016046984491196403
1,2015-01-02,0.016045299052919102
1,2015-01-03,0.01604438321295722
1,2015-01-04,0.016045319659906142
1,2015-01-05,0.016048384077025662
1,2015-01-06,0.016053144252469943
1,2015-01-07,0.016058421912728757
1,2015-01-08,0.01606332473219171
1,2015-01-09,0.016067908147548896
1,2015-01-10,0.016072629921585264
1,2015-01-11,0.016077526704585874
1,2015-01-12,0.016082732515612437
1,2015-01-13,0.016087711697841674
1,2015-01-14,0.016091841928214768
1,2015-01-15,0.01609485899752788
1,2015-01-16,0.016097636305914723
1,2015-01-17,0.01610118297993036
1,2015-01-18,0.016106577618166015
1,2015-01-19,0.0161138747088661
1,2015-01-20,0.016122746688813618
1,2015-01-21,0.01613075594981392
1,2015-01-22,0.01613590222965501
1,2015-01-23,0.01613852275808425
1,2015-01-24,0.016139794653703066
1,2015-01-25,0.01613981010404169
1,2015-01-26,0.016138878437976914
1,2015-01-27,0.01613782709009954
1,2015-01-28,0.01613689872330373
1,2015-01-29,0.01613597392663677
1,2015-01-30,0.016134688856905832
1,2015-01-31,0.01613473096186
1,2015-02-01,0.016136629410160426
1,2015-02-02,0.01614045585705977
1,2015-02-03,0.01614554682623185
1,2015-02-04,0.016150400887226305
1,2015-02-05,0.01615292633682034
1,2015-02-06,0.016152190442342444
1,2015-02-07,0.01614847825107889
1,2015-02-08,0.01614251246053172
1,2015-02-09,0.016134983545520613
1,2015-02-10,0.01612562768864068
1,2015-02-11,0.016114573567249345
1,2015-02-12,0.01610302955644208
1,2015-02-13,0.016093816239299688
1,2015-02-14,0.01608787799988244
1,2015-02-15,0.0160852592182684
1,2015-02-16,0.016084839628696126
1,2015-02-17,0.01608664914695424
1,2015-02-18,0.016089385911272895
1,2015-02-19,0.016091625994481735
1,2015-02-20,0.016092605746693158
1,2015-02-21,0.016092256322854916
1,2015-02-22,0.016090055212213794
1,2015-02-23,0.016086538404618836
1,2015-02-24,0.016082292254243076
1,2015-02-25,0.016076864177927183
1,2015-02-26,0.016070321499830263
1,2015-02-27,0.016064514058131103
1,2015-02-28,0.016060782322544938
1,2015-03-01,0.01605975861083974
1,2015-03-02,0.01606175785545649
1,2015-03-03,0.016066754147810763
1,2015-03-04,0.01607292507625911
1,2015-03-05,0.016078509780876632
1,2015-03-06,0.016083216218496923
1,2015-03-07,0.016087505727476338
1,2015-03-08,0.01609136286074672
1,2015-03-09,0.016095226722225624
1,2015-03-10,0.016098988475311344
1,2015-03-11,0.0161024071394127
1,2015-03-12,0.0161047255559108
1,2015-03-13,0.016106318967490357
1,2015-03-14,0.01610879616478155
1,2015-03-15,0.016112941943343798
1,2015-03-16,0.016119193068999994
1,2015-03-17,0.01612701048563101
1,2015-03-18,0.016135771980957885
1,2015-03-19,0.01614394412371453
1,2015-03-20,0.01615015816697316
1,2015-03-21,0.016153668090587825
1,2015-03-22,0.01615475801143634
1,2015-03-23,0.016153415875233494
1,2015-03-24,0.016149601177149166
1,2015-03-25,0.016144149617539526
1,2015-03-26,0.01613846855677277
1,2015-03-27,0.01613599819387953
1,2015-03-28,0.016138454383344235
1,2015-03-29,0.01614534834134797
1,2015-03-30,0.016155770779556065
1,2015-03-31,0.016168921749007924
1,2015-04-01,0.016182423903471837
1,2015-04-02,0.016193097174405813
1,2015-04-03,0.016199666352937656
1,2015-04-04,0.01620277828935565
1,2015-04-05,0.01620324710288137
1,2015-04-06,0.016201573479846246
1,2015-04-07,0.01619855168609506
1,2015-04-08,0.01619432939366778
1,2015-04-09,0.016189690597997877
1,2015-04-10,0.01618504850024642
1,2015-04-11,0.016181539519693332
1,2015-04-12,0.016179360104099545
1,2015-04-13,0.016179150059276816
1,2015-04-14,0.01618054946508354
1,2015-04-15,0.016182053592207552
1,2015-04-16,0.01618166456757649
1,2015-04-17,0.01617757498566092
1,2015-04-18,0.01616964122725176
1,2015-04-19,0.016159404388776607
1,2015-04-20,0.016148180934005
1,2015-04-21,0.016136703140627814
1,2015-04-22,0.01612589307307691
1,2015-04-23,0.01611615961898377
1,2015-04-24,0.016108215233880428
1,2015-04-25,0.01610238367426717
1,2015-04-26,0.01609912939753263
1,2015-04-27,0.01609878131957949
1,2015-04-28,0.016100316411063003
1,2015-04-29,0.016102304711645594
1,2015-04-30,0.016103035198240263
1,2015-05-01,0.0161014073649522
1,2015-05-02,0.016097561998147863
1,2015-05-03,0.016092030194651465
1,2015-05-04,0.016085216203319104
1,2015-05-05,0.016077413795634835
1,2015-05-06,0.016069511030422437
1,2015-05-07,0.016062486373110654
1,2015-05-08,0.01605709187347645
1,2015-05-09,0.016053097144587167
1,2015-05-10,0.016050409796558675
1,2015-05-11,0.01604886953572121
1,2015-05-12,0.016048239618398255
1,2015-05-13,0.016047530320736785
1,2015-05-14,0.016046122473491024
1,2015-05-15,0.016045002493188527
1,2015-05-16,0.0160463182347729
1,2015-05-17,0.016048485543349523
1,2015-05-18,0.016051408764131837
1,2015-05-19,0.01605477791011699
1,2015-05-20,0.016058653665445625
1,2015-05-21,0.01606263794708397
1,2015-05-22,0.016066684092695474
1,2015-05-23,0.016071632221251932
1,2015-05-24,0.016078061820406286
1,2015-05-25,0.016086239027660026
1,2015-05-26,0.016095530192893098
1,2015-05-27,0.016105100919737884
1,2015-05-28,0.016113567339314898
1,2015-05-29,0.016119872046181923
1,2015-05-30,0.016123451714111593
1,2015-05-31,0.016126621596263272
1,2015-06-01,0.016129220589745353
1,2015-06-02,0.016130773257349074
1,2015-06-03,0.01613170982895269
1,2015-06-04,0.016132653980842297
1,2015-06-05,0.01613471101892522
1,2015-06-06,0.016138333521624144
1,2015-06-07,0.016143754468095666
1,2015-06-08,0.016150157093937478
1,2015-06-09,0.016157065616963857
1,2015-06-10,0.016163842636895652
1,2015-06-11,0.016169356054291237
1,2015-06-12,0.016172671322886512
1,2015-06-13,0.016173311824964055
1,2015-06-14,0.016171292172532027
1,2015-06-15,0.016167042446626402
1,2015-06-16,0.016161832885204938
1,2015-06-17,0.016156357551529738
1,2015-06-18,0.016150982028164455
1,2015-06-19,0.01614606015594849
1,2015-06-20,0.016141308203579407
1,2015-06-21,0.016136717644901655
1,2015-06-22,0.01613283224313411
1,2015-06-23,0.016129087810898668
1,2015-06-24,0.01612565456987296
1,2015-06-25,0.016123383274896444
1,2015-06-26,0.016122712544233014
1,2015-06-27,0.016122811281274626
1,2015-06-28,0.016123375625900646
1,2015-06-29,0.016124393926458765
1,2015-06-30,0.01612622555826775
1,2015-07-01,0.016128973535726784
1,2015-07-02,0.016132438156660375
1,2015-07-03,0.01613610070122436
1,2015-07-04,0.016139840128371077
1,2015-07-05,0.016143762826517652
1,2015-07-06,0.016147967739519563
1,2015-07-07,0.016151378316992895
1,2015-07-08,0.016153258550988328
1,2015-07-09,0.01615270777031499
1,2015-07-10,0.016149806696532966
1,2015-07-11,0.01614480859455909
1,2015-07-12,0.01613902744950234
1,2015-07-13,0.01613329751770784
1,2015-07-14,0.016127836854472916
1,2015-07-15,0.01612267217169903
1,2015-07-16,0.0161181376639589
1,2015-07-17,0.016115326177168106
1,2015-07-18,0.01611426847236508
1,2015-07-19,0.016114141857894632
1,2015-07-20,0.016114068833350634
1,2015-07-21,0.016113419683560802
1,2015-07-22,0.016111642068588915
1,2015-07-23,0.016107940211317666
1,2015-07-24,0.01610261171011183
1,2015-07-25,0.016095627169717294
1,2015-07-26,0.016087869972783744
1,2015-07-27,0.01608032165586006
1,2015-07-28,0.016073664611647335
1,2015-07-29,0.016068500495683456
1,2015-07-30,0.01606429264952112
1,2015-07-31,0.016060556969128212
1,2015-08-01,0.016057510907739745
1,2015-08-02,0.016055515873689922
1,2015-08-03,0.01605470243113752
1,2015-08-04,0.01605445620581607
1,2015-08-05,0.01605416422447636
1,2015-08-06,0.016053844115292013
1,2015-08-07,0.016053099890597177
1,2015-08-08,0.016051534746751632
1,2015-08-09,0.01604976311834121
1,2015-08-10,0.016048626306202445
1,2015-08-11,0.016049148959343687
1,2015-08-12,0.016052303376347655
1,2015-08-13,0.01605811046297945
1,2015-08-14,0.016066019865957598
1,2015-08-15,0.0160756573365379
1,2015-08-16,0.01608606260908906
1,2015-08-17,0.016096259348520884
1,2015-08-18,0.016105610490853985
1,2015-08-19,0.016113589515660807
1,2015-08-20,0.016119024179873567
1,2015-08-21,0.016121692744114437
1,2015-08-22,0.016121927445055986
1,2015-08-23,0.016120500967378104
1,2015-08-24,0.01611784782684242
1,2015-08-25,0.01611451302440762
1,2015-08-26,0.016111280611634027
1,2015-08-27,0.01610901875074745
1,2015-08-28,0.016107704157143677
1,2015-08-29,0.01610707863090005
1,2015-08-30,0.016107054106199895
1,2015-08-31,0.01610734077210195
1,2015-09-01,0.016107797689922508
1,2015-09-02,0.01610803225768633
1,2015-09-03,0.016107786032623424
1,2015-09-04,0.01610726692919825
1,2015-09-05,0.01610682311190297
1,2015-09-06,0.016106912543638364
1,2015-09-07,0.016107127398900262
1,2015-09-08,0.016106691568619064
1,2015-09-09,0.01610526824089391
1,2015-09-10,0.01610274686096861
1,2015-09-11,0.01609966199469083
1,2015-09-12,0.01609663707201982
1,2015-09-13,0.016094519115444485
1,2015-09-14,0.016093911125487383
1,2015-09-15,0.0160944832424588
1,2015-09-16,0.016094861727189144
1,2015-09-17,0.0160930830888223
1,2015-09-18,0.01608864001292222
1,2015-09-19,0.016082239654855748
1,2015-09-20,0.016075371058899706
1,2015-09-21,0.01606934579711614
1,2015-09-22,0.01606482435200228
1,2015-09-23,0.01606148246585921
1,2015-09-24,0.016058810660574976
1,2015-09-25,0.016056554984706754
1,2015-09-26,0.016054908737761896
1,2015-09-27,0.0160538526794451
1,2015-09-28,0.01605356068680051
1,2015-09-29,0.01605380975102995
1,2015-09-30,0.016054436350508412
1,2015-10-01,0.016054807024519856
1,2015-10-02,0.016054632019857483
1,2015-10-03,0.016053955544571136
1,2015-10-04,0.016052846606511694
1,2015-10-05,0.016051525936077577
1,2015-10-06,0.016050771834106418
1,2015-10-07,0.0160514046538963
1,2015-10-08,0.016054181145535893
1,2015-10-09,0.016059559872044587
1,2015-10-10,0.016067046077820887
1,2015-10-11,0.016075806373091674
1,2015-10-12,0.016085250359019337
1,2015-10-13,0.016094535599486405
1,2015-10-14,0.016103878777441304
1,2015-10-15,0.01611356596518364
1,2015-10-16,0.016123356137614085
1,2015-10-17,0.01613207283092884
1,2015-10-18,0.016138752261910704
1,2015-10-19,0.016142492436726594
1,2015-10-20,0.01614446957974652
1,2015-10-21,0.016144852634090368
1,2015-10-22,0.016143719120311633
1,2015-10-23,0.016139494178265153
1,2015-10-24,0.016132422136394233
1,2015-10-25,0.01612303467109226
1,2015-10-26,0.01611250103398512
1,2015-10-27,0.016100793596006496
1,2015-10-28,0.01608727704320727
1,2015-10-29,0.016071924404918485
1,2015-10-30,0.016055766542746534
1,2015-10-31,0.01604066829761086
1,2015-11-01,0.016028589177810727
1,2015-11-02,0.016020213333642275
1,2015-11-03,0.016014712753156378
1,2015-11-04,0.016011106957674492
1,2015-11-05,0.016009402814197816
1,2015-11-06,0.016009719806499487
1,2015-11-07,0.016011709845254473
1,2015-11-08,0.016015366766283182
1,2015-11-09,0.016020839095477912
1,2015-11-10,0.01602751187138271
1,2015-11-11,0.016034897204681504
1,2015-11-12,0.016041917152580278
1,2015-11-13,0.016048148886737043
1,2015-11-14,0.0160535762253298
1,2015-11-15,0.01605740387952197
1,2015-11-16,0.016059326395478954
1,2015-11-17,0.016059412678035023
1,2015-11-18,0.016057811052932126
1,2015-11-19,0.01605548347660696
1,2015-11-20,0.016052537868434774
1,2015-11-21,0.016049975203652016
1,2015-11-22,0.016048257423983005
1,2015-11-23,0.01604765528402201
1,2015-11-24,0.016048037032139563
1,2015-11-25,0.016049160993225023
1,2015-11-26,0.016051127143028632
1,2015-11-27,0.016053502459766757
1,2015-11-28,0.01605641528209367
1,2015-11-29,0.016059837399156264
1,2015-11-30,0.016063268396163073
1,2015-12-01,0.01606696595536609
1,2015-12-02,0.016071007468245573
1,2015-12-03,0.016075795736101017
1,2015-12-04,0.01608086362558154
1,2015-12-05,0.016085941967199455
1,2015-12-06,0.01609028157865364
1,2015-12-07,0.01609305080841333
1,2015-12-08,0.01609354931959139
1,2015-12-09,0.016091973810377955
1,2015-12-10,0.01608863010124183
1,2015-12-11,0.016084391031413237
1,2015-12-12,0.016080257545500555
1,2015-12-13,0.01607695174807496
1,2015-12-14,0.016073852141486197
1,2015-12-15,0.016069663029978677
1,2015-12-16,0.016064078985249978
1,2015-12-17,0.01605766324646376
1,2015-12-18,0.016051646567124572
1,2015-12-19,0.016046812289432118
1,2015-12-20,0.016043491377293998
1,2015-12-21,0.016040678375774452
1,2015-12-22,0.016038334831165797
1,2015-12-23,0.016036349830313365
1,2015-12-24,0.016033850360164973
1,2015-12-25,0.016031232369754327
1,2015-12-26,0.016029360165947644
1,2015-12-27,0.016028402122612567
1,2015-12-28,0.016028262060072254
1,2015-12-29,0.01602952211345664
1,2015-12-30,0.016031472845564478
1,2015-12-31,0.0160338061872118
1,2016-01-01,0.01603613752316529
1,2016-01-02,0.01603879081614147
1,2016-01-03,0.016041344875542304
1,2016-01-04,0.01604343461800262
1,2016-01-05,0.016045540409241995
1,2016-01-06,0.016048644542634747
1,2016-01-07,0.016052157790952162
1,2016-01-08,0.01605533284890971
1,2016-01-09,0.016058168732852724
1,2016-01-10,0.016060731353486908
1,2016-01-11,0.016062531389364042
1,2016-01-12,0.016063469832608427
1,2016-01-13,0.01606418203604242
1,2016-01-14,0.016065018080937094
1,2016-01-15,0.016066458157612762
1,2016-01-16,0.01606909353146421
1,2016-01-17,0.016073576133903488
1,2016-01-18,0.01608002254638302
1,2016-01-19,0.01608751536031987
1,2016-01-20,0.016096230810889012
1,2016-01-21,0.01610556705030749
1,2016-01-22,0.016115150174679287
1,2016-01-23,0.016124695858885242
1,2016-01-24,0.01613324931963566
1,2016-01-25,0.01613896499362646
1,2016-01-26,0.016141712645550487
1,2016-01-27,0.016142435590982333
1,2016-01-28,0.016142003305473065
1,2016-01-29,0.01614170507093059
1,2016-01-30,0.016141586505251698
1,2016-01-31,0.01614073918889401
1,2016-02-01,0.016138383649788104
1,2016-02-02,0.01613574339574777
1,2016-02-03,0.01613381203967875
1,2016-02-04,0.016132549408409025
1,2016-02-05,0.016131438975639782
1,2016-02-06,0.016130293430767287
1,2016-02-07,0.016127871804132388
1,2016-02-08,0.016122604503503658
1,2016-02-09,0.016115695935566686
1,2016-02-10,0.01610811422829314
1,2016-02-11,0.016100784021341356
1,2016-02-12,0.01609356860666535
1,2016-02-13,0.016086927170434643
1,2016-02-14,0.01608164846273281
1,2016-02-15,0.016078229780819412
1,2016-02-16,0.01607689272750006
1,2016-02-17,0.016078228175014482
1,2016-02-18,0.016082062845261414
1,2016-02-19,0.016086475501748576
1,2016-02-20,0.016090232720363844
1,2016-02-21,0.016093338727708316
1,2016-02-22,0.0160947774371119
1,2016-02-23,0.01609417390728589
1,2016-02-24,0.01609198039817263
1,2016-02-25,0.0160892863333627
1,2016-02-26,0.01608764378015943
1,2016-02-27,0.01608733729196289
1,2016-02-28,0.016088535636855906
1,2016-02-29,0.016091119801153783
1,2016-03-01,0.016095454453051456
1,2016-03-02,0.016102420035576222
1,2016-03-03,0.016111626272362237
1,2016-03-04,0.016122755060486674
1,2016-03-05,0.016135277982035415
1,2016-03-06,0.016147604190932398
1,2016-03-07,0.01615711885220404
1,2016-03-08,0.0161626320710558
1,2016-03-09,0.016164628810461285
1,2016-03-10,0.016164906172074698
1,2016-03-11,0.01616456182750833
1,2016-03-12,0.016163882093672626
1,2016-03-13,0.016163149410275867
1,2016-03-14,0.016161486298358282
1,2016-03-15,0.01615938391639067
1,2016-03-16,0.016157075075316753
1,2016-03-17,0.01615498659403419
1,2016-03-18,0.01615255988589179
1,2016-03-19,0.016150109772128638
1,2016-03-20,0.016147468437015706
1,2016-03-21,0.016144001207090048
1,2016-03-22,0.016139291811829593
1,2016-03-23,0.016133608278941277
1,2016-03-24,0.01612721845787815
1,2016-03-25,0.016120698018655885
1,2016-03-26,0.016114645961266362
1,2016-03-27,0.01611039610641258
1,2016-03-28,0.016108065742513774
1,2016-03-29,0.016106683302346707
1,2016-03-30,0.016104763913072893
1,2016-03-31,0.016103529260290673
1,2016-04-01,0.01610338412326028
1,2016-04-02,0.016104212454286122
1,2016-04-03,0.016106111843757268
1,2016-04-04,0.016109452793689954
1,2016-04-05,0.01611450931407172
1,2016-04-06,0.016120572907466088
1,2016-04-07,0.0161267695401152
1,2016-04-08,0.016133227358738515
1,2016-04-09,0.016139664400535565
1,2016-04-10,0.016146180043765647
1,2016-04-11,0.01615201101112188
1,2016-04-12,0.01615774516972738
1,2016-04-13,0.016162457261913843
1,2016-04-14,0.016165497301695086
1,2016-04-15,0.016166482606640574
1,2016-04-16,0.01616605783828498
1,2016-04-17,0.016164163099298863
1,2016-04-18,0.01616081285618995
1,2016-04-19,0.016156677171896023
1,2016-04-20,0.016151954233931586
1,2016-04-21,0.01614637075590393
1,2016-04-22,0.01613997114852811
1,2016-04-23,0.01613315062734374
1,2016-04-24,0.016126605512461003
1,2016-04-25,0.01612045350037481
1,2016-04-26,0.016114410282397757
1,2016-04-27,0.01610860213219511
1,2016-04-28,0.01610398648660486
1,2016-04-29,0.016100462411002704
1,2016-04-30,0.016096798812741463
1,2016-05-01,0.01609274408203314
1,2016-05-02,0.016088553413073407
1,2016-05-03,0.01608481264978415
1,2016-05-04,0.016081346708348918
1,2016-05-05,0.016077309253623797
1,2016-05-06,0.016072162701552102
1,2016-05-07,0.016066273948521063
1,2016-05-08,0.016059416726620698
1,2016-05-09,0.016051917488762366
1,2016-05-10,0.016043685120308435
1,2016-05-11,0.01603426982547508
1,2016-05-12,0.016024449582431818
1,2016-05-13,0.016014950513092274
1,2016-05-14,0.01600727034105816
1,2016-05-15,0.016002449900430458
1,2016-05-16,0.016000458530039705
1,2016-05-17,0.01600135521229182
1,2016-05-18,0.016004913063271786
1,2016-05-19,0.016010720836433717
1,2016-05-20,0.016018526138361487
1,2016-05-21,0.016027360376222592
1,2016-05-22,0.016036103868959796
1,2016-05-23,0.016044780878295365
1,2016-05-24,0.01605361844053137
1,2016-05-25,0.01606316036391118
1,2016-05-26,0.016073416930955594
1,2016-05-27,0.016083841139422416
1,2016-05-28,0.016093287225040748
1,2016-05-29,0.0161009068900759
1,2016-05-30,0.01610676784632612
1,2016-05-31,0.0161123253640522
1,2016-06-01,0.016118206693316494
1,2016-06-02,0.016124259509165087
1,2016-06-03,0.01613056543297086
1,2016-06-04,0.016137466953899372
1,2016-06-05,0.01614568842553208
1,2016-06-06,0.01615613258755353
1,2016-06-07,0.016168192121281004
1,2016-06-08,0.01618099964461628
1,2016-06-09,0.016194308676590947
1,2016-06-10,0.016205510805159064
1,2016-06-11,0.016211327555534834
1,2016-06-12,0.016211575251133307
1,2016-06-13,0.01620667577072193
1,2016-06-14,0.016198543768049595
1,2016-06-15,0.016188710788452312
1,2016-06-16,0.01617909390677972
1,2016-06-17,0.016171669768211046
1,2016-06-18,0.016167116291549447
1,2016-06-19,0.01616412368593377
1,2016-06-20,0.01616172358932748
1,2016-06-21,0.016159045598694428
1,2016-06-22,0.016155044578165807
1,2016-06-23,0.016150130415910183
1,2016-06-24,0.016145385072231646
1,2016-06-25,0.01614169466529329
1,2016-06-26,0.016138400709989686
1,2016-06-27,0.016133865901873035
1,2016-06-28,0.016128213434084465
1,2016-06-29,0.016122185846153592
1,2016-06-30,0.01611763965691025
1,2016-07-01,0.016115970001335488
1,2016-07-02,0.016116724651815132
1,2016-07-03,0.016118859094115964
1,2016-07-04,0.016119853494082834
1,2016-07-05,0.016118553719745268
1,2016-07-06,0.016115993212363226
1,2016-07-07,0.016112980252884886
1,2016-07-08,0.016110176942891415
1,2016-07-09,0.016107052961172354
1,2016-07-10,0.01610312094904428
1,2016-07-11,0.01609806696833378
1,2016-07-12,0.016091906898421014
1,2016-07-13,0.01608520460063323
1,2016-07-14,0.016078785691587088
1,2016-07-15,0.016073097500329092
1,2016-07-16,0.016068335896053956
1,2016-07-17,0.016064894608056227
1,2016-07-18,0.016062423003771358
1,2016-07-19,0.016060941328486192
1,2016-07-20,0.016060236704085296
1,2016-07-21,0.016059965851008058
1,2016-07-22,0.016059423787976198
1,2016-07-23,0.01605828763069273
1,2016-07-24,0.016056301553088553
1,2016-07-25,0.016053695495376753
1,2016-07-26,0.016051570999135522
1,2016-07-27,0.016050252642342836
1,2016-07-28,0.016050005292469936
1,2016-07-29,0.016051246538185657
1,2016-07-30,0.01605393206739539
1,2016-07-31,0.01605747468330761
1,2016-08-01,0.016060886235082988
1,2016-08-02,0.016063747956820442
1,2016-08-03,0.01606640578629213
1,2016-08-04,0.016068357808474147
1,2016-08-05,0.016068985950990346
1,2016-08-06,0.01606748527705416
1,2016-08-07,0.016064308419102367
1,2016-08-08,0.01606029104345677
1,2016-08-09,0.016056099040187753
1,2016-08-10,0.016052433602595426
1,2016-08-11,0.016049996981848304
1,2016-08-12,0.016049511308027817
1,2016-08-13,0.016051833948657942
1,2016-08-14,0.01605695208495863
1,2016-08-15,0.016063574501445563
1,2016-08-16,0.016070789462174623
1,2016-08-17,0.016076477771477103
1,2016-08-18,0.01608147008944032
1,2016-08-19,0.016085900260137554
1,2016-08-20,0.016089386788352287
1,2016-08-21,0.016091375252889485
1,2016-08-22,0.016092689979033306
1,2016-08-23,0.01609519251890775
1,2016-08-24,0.01609880178034901
1,2016-08-25,0.016102001694566916
1,2016-08-26,0.016103796485735955
1,2016-08-27,0.016104596628185242
1,2016-08-28,0.016104469984095936
1,2016-08-29,0.016104818530199568
1,2016-08-30,0.016105714392114362
1,2016-08-31,0.01610634544575131
1,2016-09-01,0.01610676481355067
1,2016-09-02,0.016107437232612938
1,2016-09-03,0.01610870761118018
1,2016-09-04,0.01611024648971515
1,2016-09-05,0.01611156835103919
1,2016-09-06,0.016111921692174295
1,2016-09-07,0.01611071382651704
1,2016-09-08,0.01610772878858438
1,2016-09-09,0.016103672355296212
1,2016-09-10,0.01609948154151585
1,2016-09-11,0.01609542071556534
1,2016-09-12,0.0160924732205502
1,2016-09-13,0.01609152068960385
1,2016-09-14,0.016093109323999235
1,2016-09-15,0.016096460553316445
1,2016-09-16,0.01609981112577303
1,2016-09-17,0.016101221422031235
1,2016-09-18,0.016099580600419047
1,2016-09-19,0.016094120468528393
1,2016-09-20,0.016086422405722323
1,2016-09-21,0.016078265973871898
1,2016-09-22,0.016070961546577393
1,2016-09-23,0.016064434336994057
1,2016-09-24,0.0160590369668061
1,2016-09-25,0.016055199106235978
1,2016-09-26,0.016053314786667255
1,2016-09-27,0.016053527264516247
1,2016-09-28,0.016056185571788457
1,2016-09-29,0.01606135130866013
1,2016-09-30,0.016067411294290103
1,2016-10-01,0.016072346963367134
1,2016-10-02,0.01607470214481515
1,2016-10-03,0.016074294306362476
1,2016-10-04,0.016072301757678334
1,2016-10-05,0.016069699415359746
1,2016-10-06,0.01606748743816819
1,2016-10-07,0.016066483155836316
1,2016-10-08,0.01606726249119178
1,2016-10-09,0.01606992548387771
1,2016-10-10,0.01607437859220299
1,2016-10-11,0.016079571043518266
1,2016-10-12,0.016085114180435813
1,2016-10-13,0.016090784280391793
1,2016-10-14,0.016096103070776222
1,2016-10-15,0.01609992748940114
1,2016-10-16,0.01610127545943278
1,2016-10-17,0.016099852877211787
1,2016-10-18,0.016095730302372248
1,2016-10-19,0.016089075199689367
1,2016-10-20,0.016081757909194087
1,2016-10-21,0.016075091827179342
1,2016-10-22,0.016069246697504928
1,2016-10-23,0.016063908616452603
1,2016-10-24,0.016058514611812784
1,2016-10-25,0.016052723779498568
1,2016-10-26,0.016046545582672198
1,2016-10-27,0.016040086779178175
1,2016-10-28,0.016033979695002257
1,2016-10-29,0.01602836968066041
1,2016-10-30,0.016022380703405604
1,2016-10-31,0.016016236161110805
1,2016-11-01,0.01601122605274045
1,2016-11-02,0.01600749622402233
1,2016-11-03,0.016005397187807014
1,2016-11-04,0.016005057024605075
1,2016-11-05,0.01600665189055168
1,2016-11-06,0.016009963781962375
1,2016-11-07,0.016013960493037365
1,2016-11-08,0.016018072695517905
1,2016-11-09,0.01602261482424779
1,2016-11-10,0.016027388478995097
1,2016-11-11,0.016031638950672743
1,2016-11-12,0.01603506105452382
1,2016-11-13,0.0160357342789986
1,2016-11-14,0.016033747670915862
1,2016-11-15,0.01603065817506461
1,2016-11-16,0.016027397922132307
1,2016-11-17,0.016023321865661196
1,2016-11-18,0.016018741510519695
1,2016-11-19,0.01601429883024359
1,2016-11-20,0.016011059434644412
1,2016-11-21,0.016009202237032373
1,2016-11-22,0.01600799884988851
1,2016-11-23,0.016007244506656606
1,2016-11-24,0.01600670949886557
1,2016-11-25,0.016006847574822305
1,2016-11-26,0.016007898904814587
1,2016-11-27,0.01600981059091037
1,2016-11-28,0.016013032835436498
1,2016-11-29,0.016018340763518428
1,2016-11-30,0.016025740991391566
1,2016-12-01,0.0160342113126221
1,2016-12-02,0.016043168577911503
1,2016-12-03,0.016052557023416146
1,2016-12-04,0.016061870521512978
1,2016-12-05,0.016070403349618224
1,2016-12-06,0.01607762366885069
1,2016-12-07,0.016083313036966806
1,2016-12-08,0.016087276395056336
1,2016-12-09,0.016089806456988594
1,2016-12-10,0.016090190565898995
1,2016-12-11,0.016087460161922643
1,2016-12-12,0.01608266074589559
1,2016-12-13,0.01607665292769947
1,2016-12-14,0.01606977061026311
1,2016-12-15,0.016062259782115916
1,2016-12-16,0.016054826317129643
1,2016-12-17,0.016048141773805084
1,2016-12-18,0.016041763983164318
1,2016-12-19,0.016035948276261317
1,2016-12-20,0.016031864276615623
1,2016-12-21,0.0160300957599001
1,2016-12-22,0.01603057957558319
1,2016-12-23,0.016031928482647246
1,2016-12-24,0.016033080608520028
1,2016-12-25,0.01603410985069518
1,2016-12-26,0.01603553866670215
1,2016-12-27,0.01603788050128532
1,2016-12-28,0.01604067427128366
1,2016-12-29,0.016043073553110153
1,2016-12-30,0.016045248454428254
1,2016-12-31,0.016043941196306866
1,2017-01-01,0.016044667206141904
1,2017-01-02,0.01604514435357173
1,2017-01-03,0.0160461642234459
1,2017-01-04,0.016048375715113354
1,2017-01-05,0.01605167696808802
1,2017-01-06,0.016055724902718223
1,2017-01-07,0.016059503155998568
1,2017-01-08,0.01606127772378028
1,2017-01-09,0.016060791340587403
1,2017-01-10,0.016059774896891067
1,2017-01-11,0.01606004935518926
1,2017-01-12,0.016062268262205685
1,2017-01-13,0.016065477134515258
1,2017-01-14,0.01606911221015868
1,2017-01-15,0.016072102155211307
1,2017-01-16,0.01607438326865213
1,2017-01-17,0.01607661292474537
1,2017-01-18,0.01607994074430296
1,2017-01-19,0.01608571726080637
1,2017-01-20,0.016093512070314713
1,2017-01-21,0.016100818738468685
1,2017-01-22,0.016105587170831243
1,2017-01-23,0.016108848273328355
1,2017-01-24,0.016112779823333118
1,2017-01-25,0.01611781447407505
1,2017-01-26,0.0161241800580557
1,2017-01-27,0.01613008473445598
1,2017-01-28,0.016134492035770994
1,2017-01-29,0.016137348013722543
1,2017-01-30,0.01613884756318666
1,2017-01-31,0.016139593147848737
1,2017-02-01,0.016140074174434475
1,2017-02-02,0.01614136345249312
1,2017-02-03,0.016143519704273412
1,2017-02-04,0.016145033562054514
1,2017-02-05,0.016143668904467584
1,2017-02-06,0.016139467985700033
1,2017-02-07,0.01613391379713938
1,2017-02-08,0.016126720877866582
1,2017-02-09,0.016120505398089343
1,2017-02-10,0.016117155990184914
1,2017-02-11,0.01611639277446904
1,2017-02-12,0.016116653079045612
1,2017-02-13,0.01611694103908137
1,2017-02-14,0.016117186178608866
1,2017-02-15,0.016116598771404003
1,2017-02-16,0.016115209211172713
1,2017-02-17,0.016113561061368294
1,2017-02-18,0.016111637407631503
1,2017-02-19,0.016107455152487824
1,2017-02-20,0.016101369213733112
1,2017-02-21,0.016095443441748705
1,2017-02-22,0.01609028920827185
1,2017-02-23,0.016086682760887695
1,2017-02-24,0.01608559120796648
1,2017-02-25,0.01608794106610478
1,2017-02-26,0.016092024639564523
1,2017-02-27,0.016096726146821342
1,2017-02-28,0.016101394813010015
1,2017-03-01,0.01610580095295569
1,2017-03-02,0.016111114451324085
1,2017-03-03,0.016118384423109672
1,2017-03-04,0.01612761586597937
1,2017-03-05,0.016137050847403526
1,2017-03-06,0.016147422970529478
1,2017-03-07,0.01615971696512221
1,2017-03-08,0.01617201676735226
1,2017-03-09,0.01618170639939147
1,2017-03-10,0.016187124819518995
1,2017-03-11,0.01618841536049023
1,2017-03-12,0.016188407553341416
1,2017-03-13,0.016187069819669296
1,2017-03-14,0.01618381922141478
1,2017-03-15,0.01617846578361855
1,2017-03-16,0.016172385757542068
1,2017-03-17,0.016166867284571656
1,2017-03-18,0.016162339987646105
1,2017-03-19,0.016159062008288358
1,2017-03-20,0.016158652144535445
1,2017-03-21,0.016161936793429765
1,2017-03-22,0.01616591908151566
1,2017-03-23,0.016168980074707025
1,2017-03-24,0.01616957559482019
1,2017-03-25,0.016168530516015495
1,2017-03-26,0.016167051529142818
1,2017-03-27,0.016165526083021894
1,2017-03-28,0.016163881306599445
1,2017-03-29,0.016162336877156038
1,2017-03-30,0.016161224299406706
1,2017-03-31,0.016161121755885587
1,2017-04-01,0.01616133512396373
1,2017-04-02,0.016159735870645345
1,2017-04-03,0.016158566877694843
1,2017-04-04,0.016159549144244965
1,2017-04-05,0.016163285016576
1,2017-04-06,0.016168519114192124
1,2017-04-07,0.016174572660957794
1,2017-04-08,0.016181770769717743
1,2017-04-09,0.016191042642427496
1,2017-04-10,0.016201480281926594
1,2017-04-11,0.016211667430878804
1,2017-04-12,0.01622004240470623
1,2017-04-13,0.01622564866047409
1,2017-04-14,0.016228253113652523
1,2017-04-15,0.01622776798475051
1,2017-04-16,0.01622437963478758
1,2017-04-17,0.016218696896486966
1,2017-04-18,0.01621167086915741
1,2017-04-19,0.016202859315695425
1,2017-04-20,0.01619246375515266
1,2017-04-21,0.01618223525585375
1,2017-04-22,0.01617235587503277
1,2017-04-23,0.016163120392502388
1,2017-04-24,0.016154901238909145
1,2017-04-25,0.016148247415557922
1,2017-04-26,0.016143016895884498
1,2017-04-27,0.016138619143320158
1,2017-04-28,0.01613412241550908
1,2017-04-29,0.016128266006952982
1,2017-04-30,0.016121417438818595
1,2017-05-01,0.016114374500248215
1,2017-05-02,0.016107054582012708
1,2017-05-03,0.01609984110508005
1,2017-05-04,0.016092761384256277
1,2017-05-05,0.016086171784216827
1,2017-05-06,0.016080769620675155
1,2017-05-07,0.016077559216977077
1,2017-05-08,0.01607558027450486
1,2017-05-09,0.01607426120592528
1,2017-05-10,0.01607303701200415
1,2017-05-11,0.01607127147640724
1,2017-05-12,0.016068129051057534
1,2017-05-13,0.016062198159146796
1,2017-05-14,0.01605426088646324
1,2017-05-15,0.01604691293904857
1,2017-05-16,0.016041854028449598
1,2017-05-17,0.016039628272460024
1,2017-05-18,0.01604026092509637
1,2017-05-19,0.01604281665809207
1,2017-05-20,0.016046733135502242
1,2017-05-21,0.016053087887112304
1,2017-05-22,0.01606113383271666
1,2017-05-23,0.01607096153699996
1,2017-05-24,0.016081892279909006
1,2017-05-25,0.016092636647357286
1,2017-05-26,0.016101558213641804
1,2017-05-27,0.0161074296322418
1,2017-05-28,0.01610995223741659
1,2017-05-29,0.01611020846246682
1,2017-05-30,0.01610998030795161
1,2017-05-31,0.016109774696917177
1,2017-06-01,0.01611065021813143
1,2017-06-02,0.01611319166585667
1,2017-06-03,0.016117165008730963
1,2017-06-04,0.01612208462529761
1,2017-06-05,0.016127222421530276
1,2017-06-06,0.01613249026022356
1,2017-06-07,0.016138531177623545
1,2017-06-08,0.01614573686904893
1,2017-06-09,0.016153235757141643
1,2017-06-10,0.016159025781352858
1,2017-06-11,0.016162976446994035
1,2017-06-12,0.0161678248335055
1,2017-06-13,0.016175968198649276
1,2017-06-14,0.016187654468032532
1,2017-06-15,0.01620072772188694
1,2017-06-16,0.01620986943548492
1,2017-06-17,0.016214468274370942
1,2017-06-18,0.01621498084440436
1,2017-06-19,0.016211602271700223
1,2017-06-20,0.016204831246430743
1,2017-06-21,0.0161961459878909
1,2017-06-22,0.016188636919842497
1,2017-06-23,0.016185627599915445
1,2017-06-24,0.01618867943961566
1,2017-06-25,0.016194523447907123
1,2017-06-26,0.01620139450777342
1,2017-06-27,0.01620962910571965
1,2017-06-28,0.016214354786839982
1,2017-06-29,0.016214334120134524
1,2017-06-30,0.016211056990253707
1,2017-07-01,0.016203623272852737
1,2017-07-02,0.016192867031662637
1,2017-07-03,0.016180315940408682
1,2017-07-04,0.016167842153966924
1,2017-07-05,0.016157177263213408
1,2017-07-06,0.016148771323645124
1,2017-07-07,0.016142502893871948
1,2017-07-08,0.016138550993860665
1,2017-07-09,0.01613680768614167
1,2017-07-10,0.016137087401537256
1,2017-07-11,0.01614013897251603
1,2017-07-12,0.016146148574539
1,2017-07-13,0.01615202042993921
1,2017-07-14,0.016156350760070465
1,2017-07-15,0.016160559787759717
1,2017-07-16,0.016162241330263512
1,2017-07-17,0.016162087662898218
1,2017-07-18,0.016161157598485524
1,2017-07-19,0.016159914114980328
1,2017-07-20,0.016158012780120058
1,2017-07-21,0.016154970825908492
1,2017-07-22,0.016149438754275817
1,2017-07-23,0.016142413504846916
1,2017-07-24,0.01613685007973967
1,2017-07-25,0.016133966775758343
1,2017-07-26,0.01613183166228785
1,2017-07-27,0.01612775746131223
1,2017-07-28,0.016120813879649615
1,2017-07-29,0.01611058558171944
1,2017-07-30,0.016101539877632912
1,2017-07-31,0.01609325035541769
1,2017-08-01,0.016085664066397744
1,2017-08-02,0.016079791812578677
1,2017-08-03,0.016076807367958842
1,2017-08-04,0.01607660874780931
1,2017-08-05,0.016078314146747347
1,2017-08-06,0.016081056152314782
1,2017-08-07,0.016084282465991716
1,2017-08-08,0.016087428325482274
1,2017-08-09,0.01609129829265024
1,2017-08-10,0.016095261874517985
1,2017-08-11,0.016097080304854086
1,2017-08-12,0.016095720596583356
1,2017-08-13,0.01609169979915931
1,2017-08-14,0.01608680102594411
1,2017-08-15,0.01608284064972736
1,2017-08-16,0.016081436977134284
1,2017-08-17,0.01608323072001591
1,2017-08-18,0.016087472288543958
1,2017-08-19,0.016091760066915296
1,2017-08-20,0.016094955453031974
1,2017-08-21,0.01609721583557314
1,2017-08-22,0.016098602527849736
1,2017-08-23,0.016099313843866016
1,2017-08-24,0.01609968113969644
1,2017-08-25,0.016099782861597495
1,2017-08-26,0.016099363815927914
1,2017-08-27,0.016098103600730777
1,2017-08-28,0.016096551183677123
1,2017-08-29,0.016095984146519172
1,2017-08-30,0.016097866335143804
1,2017-08-31,0.016102259960057597
1,2017-09-01,0.01610800585818443
1,2017-09-02,0.016113842185372238
1,2017-09-03,0.01612007269562242
1,2017-09-04,0.016127375706654956
1,2017-09-05,0.016136371903402672
1,2017-09-06,0.016145964739835067
1,2017-09-07,0.016153935273826366
1,2017-09-08,0.016158807725897548
1,2017-09-09,0.016158687977373874
1,2017-09-10,0.016153684866555953
1,2017-09-11,0.01614451496631153
1,2017-09-12,0.016133898570768555
1,2017-09-13,0.016124647049881553
1,2017-09-14,0.016118213736540467
1,2017-09-15,0.016113677503625554
1,2017-09-16,0.016109533896612974
1,2017-09-17,0.016105481333838916
1,2017-09-18,0.016103044461072965
1,2017-09-19,0.016103903826192797
1,2017-09-20,0.016107533649182118
1,2017-09-21,0.01611136008922131
1,2017-09-22,0.016113231331425906
1,2017-09-23,0.016111913023384196
1,2017-09-24,0.016109267055733192
1,2017-09-25,0.016105928664898655
1,2017-09-26,0.016102108173549654
1,2017-09-27,0.01609762351413861
1,2017-09-28,0.016092252223187633
1,2017-09-29,0.016085888393883228
1,2017-09-30,0.016079602435328893
1,2017-10-01,0.01607482645291217
1,2017-10-02,0.01607355061790764
1,2017-10-03,0.016076007472061997
1,2017-10-04,0.016081050270198675
1,2017-10-05,0.01608555586859162
1,2017-10-06,0.016087593116634557
1,2017-10-07,0.01608698327955961
1,2017-10-08,0.016084873698940745
1,2017-10-09,0.016082500154271644
1,2017-10-10,0.016081071530795615
1,2017-10-11,0.016081928785415145
1,2017-10-12,0.016085883732532003
1,2017-10-13,0.01609331717377198
1,2017-10-14,0.016104311659379034
1,2017-10-15,0.016118321665748902
1,2017-10-16,0.016134586063303303
1,2017-10-17,0.01615138470569244
1,2017-10-18,0.016165191009583357
1,2017-10-19,0.016172732131909697
1,2017-10-20,0.016173566007274907
1,2017-10-21,0.016168273561768236
1,2017-10-22,0.016158127024535292
1,2017-10-23,0.016143404801318498
1,2017-10-24,0.016125004460017942
1,2017-10-25,0.016104479810123855
1,2017-10-26,0.016083716952476814
1,2017-10-27,0.016064599495662024
1,2017-10-28,0.01604924263797252
1,2017-10-29,0.01603946448320546
1,2017-10-30,0.016036098905061812
1,2017-10-31,0.016037887815322397
1,2017-11-01,0.016042213105736954
1,2017-11-02,0.016046573673018986
1,2017-11-03,0.016049493991485937
1,2017-11-04,0.016050554623684328
1,2017-11-05,0.01605091952117177
1,2017-11-06,0.01605054776017879
1,2017-11-07,0.01604913463348678
1,2017-11-08,0.01604622567170798
1,2017-11-09,0.016042150291436512
1,2017-11-10,0.016037921468791076
1,2017-11-11,0.016034015906840088
1,2017-11-12,0.016030889901207615
1,2017-11-13,0.016029246238372777
1,2017-11-14,0.016029103214940978
1,2017-11-15,0.016028755378627337
1,2017-11-16,0.016027161201090587
1,2017-11-17,0.01602442185280614
1,2017-11-18,0.016020556159336327
1,2017-11-19,0.016015764511379045
1,2017-11-20,0.016010651633253842
1,2017-11-21,0.016006091436105478
1,2017-11-22,0.01600335933900085
1,2017-11-23,0.01600361761413723
1,2017-11-24,0.01600713622153757
1,2017-11-25,0.016012984577227267
1,2017-11-26,0.016020601552857665
1,2017-11-27,0.016029498199841025
1,2017-11-28,0.016039128849277606
1,2017-11-29,0.0160481585475375
1,2017-11-30,0.016056688989360593
1,2017-12-01,0.016064405875001006
1,2017-12-02,0.016071304415091525
1,2017-12-03,0.016076497773867226
1,2017-12-04,0.0160792816757854
1,2017-12-05,0.01607939593721638
1,2017-12-06,0.016077550355171565
1,2017-12-07,0.016075058883451714
1,2017-12-08,0.016073327404157893
1,2017-12-09,0.016073481259085528
1,2017-12-10,0.016075558073816738
1,2017-12-11,0.016079520140175614
1,2017-12-12,0.016084905173915025
1,2017-12-13,0.016089350356131564
1,2017-12-14,0.01609231267448368
1,2017-12-15,0.0160933675290751
1,2017-12-16,0.016092566839170333
1,2017-12-17,0.01608989722207711
1,2017-12-18,0.01608549101100091
1,2017-12-19,0.016080326732488784
1,2017-12-20,0.016075696822657838
1,2017-12-21,0.01607226896443804
1,2017-12-22,0.016069984957180528
1,2017-12-23,0.016069336837773184
1,2017-12-24,0.016070821083474122
1,2017-12-25,0.01607516860053223
1,2017-12-26,0.01608235979028877
1,2017-12-27,0.01608833362641815
1,2017-12-28,0.016091524228555622
1,2017-12-29,0.016093025081387585
1,2017-12-30,0.016092745146193056
1,2017-12-31,0.016091401279999588
1,2018-01-01,0.016088751076161138
1,2018-01-02,0.016086209999519346
1,2018-01-03,0.01608502674337548
1,2018-01-04,0.01608584053044926
1,2018-01-05,0.016088204941534057
1,2018-01-06,0.016092293095376586
1,2018-01-07,0.016098555081516235
1,2018-01-08,0.016106536988549674
1,2018-01-09,0.016116416456214176
1,2018-01-10,0.01612724295668802
1,2018-01-11,0.01613729676384644
1,2018-01-12,0.016144990638147644
1,2018-01-13,0.016150744506160684
1,2018-01-14,0.016154114692755954
1,2018-01-15,0.016155181213381616
1,2018-01-16,0.016154410441641676
1,2018-01-17,0.016151732719546525
1,2018-01-18,0.0161472106431696
1,2018-01-19,0.01614034568985278
1,2018-01-20,0.016131807309150443
1,2018-01-21,0.016123319070401536
1,2018-01-22,0.016117938354583694
1,2018-01-23,0.016116478521585063
1,2018-01-24,0.01611678467049488
1,2018-01-25,0.016116660809060324
1,2018-01-26,0.016114520772154306
1,2018-01-27,0.016110515373469775
1,2018-01-28,0.016106343012024463
1,2018-01-29,0.016102774422602044
1,2018-01-30,0.016099956524203863
1,2018-01-31,0.01609811283648113
1,2018-02-01,0.016097112719406
1,2018-02-02,0.016096347457246363
1,2018-02-03,0.016096018101346057
1,2018-02-04,0.01609642069976748
1,2018-02-05,0.016098577477144986
1,2018-02-06,0.01610205124263969
1,2018-02-07,0.016105264629623302
1,2018-02-08,0.01610718116905816
1,2018-02-09,0.01610705900438118
1,2018-02-10,0.01610483854624339
1,2018-02-11,0.016100754971162517
1,2018-02-12,0.016093655366433403
1,2018-02-13,0.01608387878993085
1,2018-02-14,0.016073013265091796
1,2018-02-15,0.01606307859803898
1,2018-02-16,0.016055750420397242
1,2018-02-17,0.01605231900467373
1,2018-02-18,0.016053003546760394
1,2018-02-19,0.01605765068478154
1,2018-02-20,0.01606562070220546
1,2018-02-21,0.01607519652029679
1,2018-02-22,0.016085447033539813
1,2018-02-23,0.016094973690588096
1,2018-02-24,0.016103368412083915
1,2018-02-25,0.016111049550504217
1,2018-02-26,0.016116763859320198
1,2018-02-27,0.016119998459167083
1,2018-02-28,0.016122524481109613
1,2018-03-01,0.016125485706660687
1,2018-03-02,0.016129531973173097
1,2018-03-03,0.01613452185868183
1,2018-03-04,0.01614146860426656
1,2018-03-05,0.016150186569406564
1,2018-03-06,0.01615797669324352
1,2018-03-07,0.016161823053236612
1,2018-03-08,0.01616170890837814
1,2018-03-09,0.01615803545377896
1,2018-03-10,0.016151571517532208
1,2018-03-11,0.016144127479298408
1,2018-03-12,0.016136807278296368
1,2018-03-13,0.016130006110532707
1,2018-03-14,0.01612420014176146
1,2018-03-15,0.016120539666507536
1,2018-03-16,0.01611891373361034
1,2018-03-17,0.01611875338664715
1,2018-03-18,0.016119197175416884
1,2018-03-19,0.016120079658829906
1,2018-03-20,0.016121053078463943
1,2018-03-21,0.016122017069073808
1,2018-03-22,0.016124231458148865
1,2018-03-23,0.0161275181405497
1,2018-03-24,0.016130606358630013
1,2018-03-25,0.016132735224247893
1,2018-03-26,0.0161329533513217
1,2018-03-27,0.01613152015100697
1,2018-03-28,0.016128224862462473
1,2018-03-29,0.016122733785360832
1,2018-03-30,0.0161156910787154
1,2018-03-31,0.016108766072704426
1,2018-04-01,0.016104606882978198
1,2018-04-02,0.01610494386110723
1,2018-04-03,0.016110052057067115
1,2018-04-04,0.01611917905303448
1,2018-04-05,0.016131537026598097
1,2018-04-06,0.016145451014597405
1,2018-04-07,0.016159042223528857
1,2018-04-08,0.016171160389505758
1,2018-04-09,0.01618044030575345
1,2018-04-10,0.016186169695311163
1,2018-04-11,0.016189343346337662
1,2018-04-12,0.01619016211330971
1,2018-04-13,0.016188973563248797
1,2018-04-14,0.01618584712628
1,2018-04-15,0.0161826500753084
1,2018-04-16,0.01617964884230147
1,2018-04-17,0.016176555093662316
1,2018-04-18,0.01617417077218658
1,2018-04-19,0.016173336076272783
1,2018-04-20,0.016173945656618404
1,2018-04-21,0.016173563035491525
1,2018-04-22,0.016169698489908485
1,2018-04-23,0.016163080264170133
1,2018-04-24,0.016154531421417147
1,2018-04-25,0.016145735034482512
1,2018-04-26,0.016137991473936995
1,2018-04-27,0.016132762333672942
1,2018-04-28,0.01613134699702615
1,2018-04-29,0.0161342281616115
1,2018-04-30,0.016139855184216706
1,2018-05-01,0.01614668729988684
1,2018-05-02,0.016150774047259266
1,2018-05-03,0.01615102527593341
1,2018-05-04,0.016146757864938743
1,2018-05-05,0.016139211355980468
1,2018-05-06,0.01612872037613865
1,2018-05-07,0.01611559476517999
1,2018-05-08,0.016100944059001806
1,2018-05-09,0.016085583080526922
1,2018-05-10,0.016069998006658946
1,2018-05-11,0.016054946849748154
1,2018-05-12,0.016041159943686066
1,2018-05-13,0.016030990754253276
1,2018-05-14,0.016026183719675208
1,2018-05-15,0.016027603255340275
1,2018-05-16,0.016033081899388672
1,2018-05-17,0.016040161727770702
1,2018-05-18,0.016047304525337657
1,2018-05-19,0.0160536258497441
1,2018-05-20,0.016059694914705738
1,2018-05-21,0.01606536466750605
1,2018-05-22,0.01606988339749063
1,2018-05-23,0.01607315235651779
1,2018-05-24,0.01607524193108865
1,2018-05-25,0.01607712006597387
1,2018-05-26,0.01607949861351015
1,2018-05-27,0.01608399104163459
1,2018-05-28,0.01609132860132226
1,2018-05-29,0.016101108369567782
1,2018-05-30,0.016112348962275418
1,2018-05-31,0.016124403762318287
1,2018-06-01,0.016137204852593134
1,2018-06-02,0.016149608908961537
1,2018-06-03,0.016159942912949452
1,2018-06-04,0.016166524324724204
1,2018-06-05,0.01616957082009395
1,2018-06-06,0.016171750214422097
1,2018-06-07,0.016174567370730406
1,2018-06-08,0.01617874059323269
1,2018-06-09,0.016184667978636148
1,2018-06-10,0.01619302559409747
1,2018-06-11,0.0162027668390111
1,2018-06-12,0.016212608769457713
1,2018-06-13,0.016222450246579184
1,2018-06-14,0.01623065604640382
1,2018-06-15,0.01623669907083628
1,2018-06-16,0.016240551768811368
1,2018-06-17,0.016242940205341384
1,2018-06-18,0.016243631199558076
1,2018-06-19,0.016241572812356813
1,2018-06-20,0.016236923876675285
1,2018-06-21,0.016229811743012086
1,2018-06-22,0.016221995515226344
1,2018-06-23,0.01621424886871588
1,2018-06-24,0.016207340713167706
1,2018-06-25,0.01620144926805121
1,2018-06-26,0.01619505485243359
1,2018-06-27,0.016187256497308133
1,2018-06-28,0.016179552129284538
1,2018-06-29,0.016172783131962715
1,2018-06-30,0.016167190768990793
1,2018-07-01,0.016163776988511683
1,2018-07-02,0.016162741085006836
1,2018-07-03,0.016163896971507434
1,2018-07-04,0.01616683321575297
1,2018-07-05,0.01617136779530157
1,2018-07-06,0.016176690810508005
1,2018-07-07,0.01618221666305016
1,2018-07-08,0.016188145676712187
1,2018-07-09,0.016194006189618453
1,2018-07-10,0.016198447919307888
1,2018-07-11,0.016199657353473992
1,2018-07-12,0.016197271014320207
1,2018-07-13,0.01619254757478657
1,2018-07-14,0.016186120504704433
1,2018-07-15,0.016178947321474093
1,2018-07-16,0.016169973974172754
1,2018-07-17,0.016159335987798912
1,2018-07-18,0.016148256214719443
1,2018-07-19,0.016137565099165464
1,2018-07-20,0.016127544854636865
1,2018-07-21,0.016118002818140527
1,2018-07-22,0.01610942359981868
1,2018-07-23,0.01610296251790883
1,2018-07-24,0.016099725986874727
1,2018-07-25,0.016100146051958412
1,2018-07-26,0.016103518694884893
1,2018-07-27,0.0161087589020455
1,2018-07-28,0.016114815015621096
1,2018-07-29,0.01612108588620735
1,2018-07-30,0.01612686617770261
1,2018-07-31,0.01613104380405092
1,2018-08-01,0.016132901507950697
1,2018-08-02,0.0161312638120826
1,2018-08-03,0.01612594480477395
1,2018-08-04,0.01611915371387955
1,2018-08-05,0.016113964558526723
1,2018-08-06,0.01611113586444392
1,2018-08-07,0.016109097466308717
1,2018-08-08,0.016106655875471103
1,2018-08-09,0.016103165344618135
1,2018-08-10,0.01609922551168577
1,2018-08-11,0.01609469119629292
1,2018-08-12,0.016089930692646578
1,2018-08-13,0.016085047984663484
1,2018-08-14,0.016080738213049305
1,2018-08-15,0.01607768656280616
1,2018-08-16,0.01607616360439709
1,2018-08-17,0.016075840227957265
1,2018-08-18,0.01607724273405773
1,2018-08-19,0.016080973292279834
1,2018-08-20,0.016086854469476
1,2018-08-21,0.016093911360385793
1,2018-08-22,0.016100522269135536
1,2018-08-23,0.016105999036257257
1,2018-08-24,0.01611134036861342
1,2018-08-25,0.01611617762234292
1,2018-08-26,0.016120905853789724
1,2018-08-27,0.01612525361378459
1,2018-08-28,0.016128828073109325
1,2018-08-29,0.016131044168282878
1,2018-08-30,0.01613130754960723
1,2018-08-31,0.01613087368561599
1,2018-09-01,0.01613074539747144
1,2018-09-02,0.016132077312097756
1,2018-09-03,0.016134585604387696
1,2018-09-04,0.016136517106423644
1,2018-09-05,0.016136604751302436
1,2018-09-06,0.01613423777821032
1,2018-09-07,0.0161310626664346
1,2018-09-08,0.016127585134580846
1,2018-09-09,0.016124257865655914
1,2018-09-10,0.016120897653133036
1,2018-09-11,0.016117603496113284
1,2018-09-12,0.016113942420535158
1,2018-09-13,0.01610995895802885
1,2018-09-14,0.01610611533275323
1,2018-09-15,0.01610293854863395
1,2018-09-16,0.016101150342965734
1,2018-09-17,0.016100036316972734
1,2018-09-18,0.016098248219208813
1,2018-09-19,0.016095145266574715
1,2018-09-20,0.016090793073312112
1,2018-09-21,0.016085814675213875
1,2018-09-22,0.01608042736613551
1,2018-09-23,0.016074806520444414
1,2018-09-24,0.016068712400562967
1,2018-09-25,0.01606180996134356
1,2018-09-26,0.016054577790544436
1,2018-09-27,0.01604747706818193
1,2018-09-28,0.016041227159057026
1,2018-09-29,0.016037208576784256
1,2018-09-30,0.016035772120102765
1,2018-10-01,0.01603605988223217
1,2018-10-02,0.016036538855550727
1,2018-10-03,0.01603608845281637
1,2018-10-04,0.016035343664869292
1,2018-10-05,0.016035413065109038
1,2018-10-06,0.016036989688747127
1,2018-10-07,0.016040254943553704
1,2018-10-08,0.01604423520178836
1,2018-10-09,0.0160481726407509
1,2018-10-10,0.01605152444593996
1,2018-10-11,0.016054116534267443
1,2018-10-12,0.016057253529916934
1,2018-10-13,0.01606187223370282
1,2018-10-14,0.016067395026773294
1,2018-10-15,0.016073024258683184
1,2018-10-16,0.016078035586525742
1,2018-10-17,0.016081496377972834
1,2018-10-18,0.01608307227112163
1,2018-10-19,0.01608344821065877
1,2018-10-20,0.016082992287089082
1,2018-10-21,0.016081407916472553
1,2018-10-22,0.01607823181520529
1,2018-10-23,0.016073331681876607
1,2018-10-24,0.016066888593628918
1,2018-10-25,0.01605922489944046
1,2018-10-26,0.016051026626257126
1,2018-10-27,0.01604288365690389
1,2018-10-28,0.01603539960437625
1,2018-10-29,0.016028765861780255
1,2018-10-30,0.01602251170987269
1,2018-10-31,0.016016122607489282
1,2018-11-01,0.016010890124442
1,2018-11-02,0.016007661381223788
1,2018-11-03,0.016007027744750456
1,2018-11-04,0.016008870085259645
1,2018-11-05,0.016012377680504772
1,2018-11-06,0.01601721414566453
1,2018-11-07,0.016023474389645614
1,2018-11-08,0.016030955589709104
1,2018-11-09,0.016039678814641134
1,2018-11-10,0.01604913974659054
1,2018-11-11,0.016057986699087017
1,2018-11-12,0.01606510064088992
1,2018-11-13,0.01607012803737305
1,2018-11-14,0.016073050246556163
1,2018-11-15,0.016073772884979312
1,2018-11-16,0.01607225665410486
1,2018-11-17,0.016068731670350476
1,2018-11-18,0.016063513039031394
1,2018-11-19,0.016057214754376214
1,2018-11-20,0.01605010506348415
1,2018-11-21,0.016042106094056572
1,2018-11-22,0.016033306188109
1,2018-11-23,0.016023889933599794
1,2018-11-24,0.016014749144608865
1,2018-11-25,0.016006838394472322
1,2018-11-26,0.016001441365940783
1,2018-11-27,0.01599891055172164
1,2018-11-28,0.015999214021890997
1,2018-11-29,0.016002219025477868
1,2018-11-30,0.016007784270309206
1,2018-12-01,0.01601527169138596
1,2018-12-02,0.016023961800654393
1,2018-12-03,0.016033012220418672
1,2018-12-04,0.016041853010758562
1,2018-12-05,0.01604998247865071
1,2018-12-06,0.01605672772977732
1,2018-12-07,0.01606211559135985
1,2018-12-08,0.016067326879790286
1,2018-12-09,0.016072940094848148
1,2018-12-10,0.01607839599884092
1,2018-12-11,0.016082908153611825
1,2018-12-12,0.01608597069075966
1,2018-12-13,0.016087245516092145
1,2018-12-14,0.0160874059614632
1,2018-12-15,0.01608656432050995
1,2018-12-16,0.01608464351964978
1,2018-12-17,0.016081478026666714
1,2018-12-18,0.016077031633269973
1,2018-12-19,0.016071920201290342
1,2018-12-20,0.01606651991838557
1,2018-12-21,0.016061212049716066
1,2018-12-22,0.016057094450114575
1,2018-12-23,0.016054023532358075
1,2018-12-24,0.016051561524440344
1,2018-12-25,0.016049835256887652
1,2018-12-26,0.016049152648754242
1,2018-12-27,0.016049751362185585
1,2018-12-28,0.016051743346378926
1,2018-12-29,0.01605489316636745
1,2018-12-30,0.01605820228268771
1,2018-12-31,0.01606116991474066
1,2019-01-01,0.01606301354908833
1,2019-01-02,0.01606446956469224
1,2019-01-03,0.01606558678643854
1,2019-01-04,0.016066363629215798
1,2019-01-05,0.016067538540032063
1,2019-01-06,0.01607008268122621
1,2019-01-07,0.016074066536857178
1,2019-01-08,0.016077882404404303
1,2019-01-09,0.016080067688684137
1,2019-01-10,0.016080981621536764
1,2019-01-11,0.01608166461423131
1,2019-01-12,0.016081919459459474
1,2019-01-13,0.01608194779941148
1,2019-01-14,0.01608149018249379
1,2019-01-15,0.01607995403241013
1,2019-01-16,0.016077529253882415
1,2019-01-17,0.016075119970073187
1,2019-01-18,0.0160733757774938
1,2019-01-19,0.01607275876390373
1,2019-01-20,0.016073444470682034
1,2019-01-21,0.016075162417188732
1,2019-01-22,0.016076422062562726
1,2019-01-23,0.016076956000396807
1,2019-01-24,0.016078216857117605
1,2019-01-25,0.016081562743707162
1,2019-01-26,0.016087236713778947
1,2019-01-27,0.016094516891929374
1,2019-01-28,0.0161014741627019
1,2019-01-29,0.0161068715005618
1,2019-01-30,0.016110527718614997
1,2019-01-31,0.016111934322786518
1,2019-02-01,0.016111089544182843
1,2019-02-02,0.01610845845954484
1,2019-02-03,0.01610456762106481
1,2019-02-04,0.016099134577283673
1,2019-02-05,0.016092336438424216
1,2019-02-06,0.01608418212747011
1,2019-02-07,0.01607577556843984
1,2019-02-08,0.016068692953691167
1,2019-02-09,0.016064206802854638
1,2019-02-10,0.016062934076889412
1,2019-02-11,0.016065066162283998
1,2019-02-12,0.016069942714625588
1,2019-02-13,0.016077255803870854
1,2019-02-14,0.016086114279815798
1,2019-02-15,0.016095331360368902
1,2019-02-16,0.016104441258088176
1,2019-02-17,0.01611417691327047
1,2019-02-18,0.016123371227910396
1,2019-02-19,0.016130167917866582
1,2019-02-20,0.016133144733452724
1,2019-02-21,0.01613304667428131
1,2019-02-22,0.016131662762440584
1,2019-02-23,0.016130382412484965
1,2019-02-24,0.016129738691745634
1,2019-02-25,0.016129355361658677
1,2019-02-26,0.016128385567082158
1,2019-02-27,0.01612762129588618
1,2019-02-28,0.0161271916359429
1,2019-03-01,0.01612741649259103
1,2019-03-02,0.016127146439095616
1,2019-03-03,0.01612390607398708
1,2019-03-04,0.01611919711317712
1,2019-03-05,0.01611385764628534
1,2019-03-06,0.016109612807923397
1,2019-03-07,0.016107036843720716
1,2019-03-08,0.016106514825756976
1,2019-03-09,0.016108212732703988
1,2019-03-10,0.016111381162157976
1,2019-03-11,0.0161154589445755
1,2019-03-12,0.016120154431027586
1,2019-03-13,0.016124888737726797
1,2019-03-14,0.01612839288486118
1,2019-03-15,0.016129813574750133
1,2019-03-16,0.016128734557399813
1,2019-03-17,0.01612567656169636
1,2019-03-18,0.016121638208455122
1,2019-03-19,0.016117517080925903
1,2019-03-20,0.016114119953550627
1,2019-03-21,0.01611190006609151
1,2019-03-22,0.01611098838534379
1,2019-03-23,0.016110292537456397
1,2019-03-24,0.01610944997023871
1,2019-03-25,0.01610888910796689
1,2019-03-26,0.01610928660823754
1,2019-03-27,0.016111020325825988
1,2019-03-28,0.016113976453445273
1,2019-03-29,0.016117726901387196
1,2019-03-30,0.016121652661399408
1,2019-03-31,0.01612596103100254
1,2019-04-01,0.016130472203007187
1,2019-04-02,0.016134608389993556
1,2019-04-03,0.016138395962531634
1,2019-04-04,0.01614238809082091
1,2019-04-05,0.01614673320454799
1,2019-04-06,0.016151043195373502
1,2019-04-07,0.016154471511342555
1,2019-04-08,0.016157203140336036
1,2019-04-09,0.016159627604152516
1,2019-04-10,0.016162136270115562
1,2019-04-11,0.0161645792915378
1,2019-04-12,0.01616682527257313
1,2019-04-13,0.01616817115745911
1,2019-04-14,0.01616730128434808
1,2019-04-15,0.016164106371231255
1,2019-04-16,0.016158892732580688
1,2019-04-17,0.016152450653749133
1,2019-04-18,0.016145297840439558
1,2019-04-19,0.01613767242246237
1,2019-04-20,0.0161301243132138
1,2019-04-21,0.01612239531264761
1,2019-04-22,0.016115118583075665
1,2019-04-23,0.016109220225911013
1,2019-04-24,0.016105120175199602
1,2019-04-25,0.016102937239424565
1,2019-04-26,0.016102876032663915
1,2019-04-27,0.01610432437267871
1,2019-04-28,0.016105986817851185
1,2019-04-29,0.01610643545638814
1,2019-04-30,0.01610485807594722
1,2019-05-01,0.016101562140777907
1,2019-05-02,0.01609677456113637
1,2019-05-03,0.016091331294033374
1,2019-05-04,0.01608439063805352
1,2019-05-05,0.016075936852743437
1,2019-05-06,0.016066687335552682
1,2019-05-07,0.01605689580021371
1,2019-05-08,0.016047216035789784
1,2019-05-09,0.01603842754827996
1,2019-05-10,0.016030993253150327
1,2019-05-11,0.016025740101786663
1,2019-05-12,0.016021901946327227
1,2019-05-13,0.016018848689598165
1,2019-05-14,0.0160147667003305
1,2019-05-15,0.01601024340416594
1,2019-05-16,0.016006845621214412
1,2019-05-17,0.016006166211044715
1,2019-05-18,0.016008721164362597
1,2019-05-19,0.0160140512890563
1,2019-05-20,0.01602217320533805
1,2019-05-21,0.0160330470568444
1,2019-05-22,0.016047147529328315
1,2019-05-23,0.016064161899495527
1,2019-05-24,0.016083054701042182
1,2019-05-25,0.016102474074824808
1,2019-05-26,0.016122068957961998
1,2019-05-27,0.016141507491371904
1,2019-05-28,0.016161123644836035
1,2019-05-29,0.016178217788233182
1,2019-05-30,0.016190417009608174
1,2019-05-31,0.016196783503865254
1,2019-06-01,0.01619836132160802
1,2019-06-02,0.016197099074851028
1,2019-06-03,0.016194342489697332
1,2019-06-04,0.01619241129494782
1,2019-06-05,0.01619222616753812
1,2019-06-06,0.01619407148475298
1,2019-06-07,0.01619782346343637
1,2019-06-08,0.01620447253256152
1,2019-06-09,0.016212777567459508
1,2019-06-10,0.01622076938380621
1,2019-06-11,0.016227101010539584
1,2019-06-12,0.0162310238031482
1,2019-06-13,0.01623218557933403
1,2019-06-14,0.016230986541074712
1,2019-06-15,0.01622836496287277
1,2019-06-16,0.01622485135202706
1,2019-06-17,0.01622001161587575
1,2019-06-18,0.016214415965698583
1,2019-06-19,0.01620923184352024
1,2019-06-20,0.01620591501596244
1,2019-06-21,0.01620501617869225
1,2019-06-22,0.01620442916615203
1,2019-06-23,0.01620103023898348
1,2019-06-24,0.01619463701218258
1,2019-06-25,0.016186225568441542
1,2019-06-26,0.016176813742658825
1,2019-06-27,0.016167377008219744
1,2019-06-28,0.016160206210631797
1,2019-06-29,0.01615788826821032
1,2019-06-30,0.016159299758998193
1,2019-07-01,0.016163574212477848
1,2019-07-02,0.016170175780440797
1,2019-07-03,0.01617915897303566
1,2019-07-04,0.016190723357530912
1,2019-07-05,0.016203427731855347
1,2019-07-06,0.016215529648940238
1,2019-07-07,0.016225563209356007
1,2019-07-08,0.0162336614007547
1,2019-07-09,0.016240009527710212
1,2019-07-10,0.01624260526641231
1,2019-07-11,0.016238857928569973
1,2019-07-12,0.01622859502725844
1,2019-07-13,0.016214156039518052
1,2019-07-14,0.016198535346191516
1,2019-07-15,0.016183216385572637
1,2019-07-16,0.01616933479925214
1,2019-07-17,0.016157393211678313
1,2019-07-18,0.016148413479948567
1,2019-07-19,0.016142089988227207
1,2019-07-20,0.016137357500389637
1,2019-07-21,0.016132172633950816
1,2019-07-22,0.016125931301141334
1,2019-07-23,0.01611856009626281
1,2019-07-24,0.016111693189339207
1,2019-07-25,0.01610588041003081
1,2019-07-26,0.01610110440437803
1,2019-07-27,0.016096991839401352
1,2019-07-28,0.016093379882845524
1,2019-07-29,0.016090010704647457
1,2019-07-30,0.01608807148076992
1,2019-07-31,0.01608679574259247
1,2019-08-01,0.01608509643400106
1,2019-08-02,0.01608304527680974
1,2019-08-03,0.016082079002310064
1,2019-08-04,0.016082706742755973
1,2019-08-05,0.01608386514707479
1,2019-08-06,0.016083453451270133
1,2019-08-07,0.016080306883496532
1,2019-08-08,0.016074899330445418
1,2019-08-09,0.016067969484933383
1,2019-08-10,0.016061190822829113
1,2019-08-11,0.016055746860097933
1,2019-08-12,0.016052331340366887
1,2019-08-13,0.016051323049838542
1,2019-08-14,0.016052459144553638
1,2019-08-15,0.016056326885612336
1,2019-08-16,0.01606284628975536
1,2019-08-17,0.01607120784815181
1,2019-08-18,0.016080020095313178
1,2019-08-19,0.016088383470114664
1,2019-08-20,0.016095677145606026
1,2019-08-21,0.016101103993349356
1,2019-08-22,0.016103242694721572
1,2019-08-23,0.016101780032176726
1,2019-08-24,0.01609777203673608
1,2019-08-25,0.01609303513881396
1,2019-08-26,0.016089442425511184
1,2019-08-27,0.016087306723098046
1,2019-08-28,0.016086007509290696
1,2019-08-29,0.016085590320083002
1,2019-08-30,0.0160862794345262
1,2019-08-31,0.016088370365126083
1,2019-09-01,0.0160923907958081
1,2019-09-02,0.016097931584397228
1,2019-09-03,0.01610411693005702
1,2019-09-04,0.016109494263490762
1,2019-09-05,0.016113651463116923
1,2019-09-06,0.016115987502571413
1,2019-09-07,0.01611656274169943
1,2019-09-08,0.016115793354816207
1,2019-09-09,0.016114076463572213
1,2019-09-10,0.01611247115063487
1,2019-09-11,0.016111693580929978
1,2019-09-12,0.016112304562566047
1,2019-09-13,0.016114197172930115
1,2019-09-14,0.01611674600498972
1,2019-09-15,0.016119542369804073
1,2019-09-16,0.01612271935165508
1,2019-09-17,0.01612715132673959
1,2019-09-18,0.016131446831947005
1,2019-09-19,0.01613330773429193
1,2019-09-20,0.0161312232764381
1,2019-09-21,0.016124870107235467
1,2019-09-22,0.01611523232742973
1,2019-09-23,0.016102553907794366
1,2019-09-24,0.016089110554615937
1,2019-09-25,0.01607670092861389
1,2019-09-26,0.016066190421665343
1,2019-09-27,0.01605912856759571
1,2019-09-28,0.016056554690752213
1,2019-09-29,0.01605776870000419
1,2019-09-30,0.016061463640276122
1,2019-10-01,0.01606647632417249
1,2019-10-02,0.0160716265814235
1,2019-10-03,0.016076456815238872
1,2019-10-04,0.016080270186370312
1,2019-10-05,0.016083305890661467
1,2019-10-06,0.01608647261416578
1,2019-10-07,0.016089286597826664
1,2019-10-08,0.016092515873889823
1,2019-10-09,0.01609661321965906
1,2019-10-10,0.01610239603209269
1,2019-10-11,0.016109307972920428
1,2019-10-12,0.016115294182078747
1,2019-10-13,0.016118225820601306
1,2019-10-14,0.01611807123885142
1,2019-10-15,0.016115626638083667
1,2019-10-16,0.016111729871382277
1,2019-10-17,0.016107131898320182
1,2019-10-18,0.016102846726249474
1,2019-10-19,0.016099347509980454
1,2019-10-20,0.016096172934727246
1,2019-10-21,0.016093329506377787
1,2019-10-22,0.016090387388313934
1,2019-10-23,0.016087613112523713
1,2019-10-24,0.016085212069272024
1,2019-10-25,0.016081864364278973
1,2019-10-26,0.0160775268694426
1,2019-10-27,0.01607230071728392
1,2019-10-28,0.016066728646974948
1,2019-10-29,0.016061386767249525
1,2019-10-30,0.01605538418530878
1,2019-10-31,0.01604744460417567
1,2019-11-01,0.016037258306810433
1,2019-11-02,0.0160265579688027
1,2019-11-03,0.01601620296602168
1,2019-11-04,0.016006028728560696
1,2019-11-05,0.015997568344984003
1,2019-11-06,0.015991361987675642
1,2019-11-07,0.01598780718596385
1,2019-11-08,0.0159869401842544
1,2019-11-09,0.01598825120907841
1,2019-11-10,0.015991076672263606
1,2019-11-11,0.015995409479769143
1,2019-11-12,0.016001378533014907
1,2019-11-13,0.01600872013731208
1,2019-11-14,0.016016992955623085
1,2019-11-15,0.01602499494605072
1,2019-11-16,0.016031366272581633
1,2019-11-17,0.016036012788767668
1,2019-11-18,0.016039059891789574
1,2019-11-19,0.016041512647308662
1,2019-11-20,0.016042944961963842
1,2019-11-21,0.016043036147042535
1,2019-11-22,0.01604223176693184
1,2019-11-23,0.01603990494923655
1,2019-11-24,0.016036739082617095
1,2019-11-25,0.016032906872227935
1,2019-11-26,0.016027752107868238
1,2019-11-27,0.016020934673074777
1,2019-11-28,0.016014133351641858
1,2019-11-29,0.016009447464968962
1,2019-11-30,0.016007850342053764
1,2019-12-01,0.01600953859995341
1,2019-12-02,0.016014050650978107
1,2019-12-03,0.01602102019577548
1,2019-12-04,0.016029232167158926
1,2019-12-05,0.016037352226607852
1,2019-12-06,0.016044681648254573
1,2019-12-07,0.016050810831352062
1,2019-12-08,0.016055616361472222
1,2019-12-09,0.016058973257119847
1,2019-12-10,0.016060757393138753
1,2019-12-11,0.016060880841783687
1,2019-12-12,0.01605965116264588
1,2019-12-13,0.016058096938982323
1,2019-12-14,0.016057066344849533
1,2019-12-15,0.016056951127176568
1,2019-12-16,0.01605725506360049
1,2019-12-17,0.016057979285299485
1,2019-12-18,0.016058828237380213
1,2019-12-19,0.01605972648639943
1,2019-12-20,0.016060514421577445
1,2019-12-21,0.01606042415555855
1,2019-12-22,0.016060747665873776
1,2019-12-23,0.016061626108961946
1,2019-12-24,0.01606220901028992
1,2019-12-25,0.01606208080348043
1,2019-12-26,0.01606096597938162
1,2019-12-27,0.01606002322527207
1,2019-12-28,0.01605923091820532
1,2019-12-29,0.016058725819402656
1,2019-12-30,0.016057853782222548
1,2019-12-31,0.016057451193941745
1,2020-01-01,0.01605801016450239
1,2020-01-02,0.01605943945224241
1,2020-01-03,0.016062447113692643
1,2020-01-04,0.01606604167158726
1,2020-01-05,0.016069162519644284
1,2020-01-06,0.016071668338488415
1,2020-01-07,0.016072365269811744
1,2020-01-08,0.016071294532150306
1,2020-01-09,0.016069048099475635
1,2020-01-10,0.01606736526746207
1,2020-01-11,0.01606674672042356
1,2020-01-12,0.016066777182016198
1,2020-01-13,0.01606656254100552
1,2020-01-14,0.016066559442471703
1,2020-01-15,0.016067593154711544
1,2020-01-16,0.016070025657229495
1,2020-01-17,0.016074315151442163
1,2020-01-18,0.016080061309292234
1,2020-01-19,0.016087160182069658
1,2020-01-20,0.016094761297264983
1,2020-01-21,0.01610144497962061
1,2020-01-22,0.01610582953303128
1,2020-01-23,0.016108153655960335
1,2020-01-24,0.016109226431086622
1,2020-01-25,0.016109678347416407
1,2020-01-26,0.01611059293450088
1,2020-01-27,0.01611112435493687
1,2020-01-28,0.016111908446694318
1,2020-01-29,0.01611350831089833
1,2020-01-30,0.01611619461797719
1,2020-01-31,0.01611994186299198
1,2020-02-01,0.016123099584310716
1,2020-02-02,0.016124549994045424
1,2020-02-03,0.016123933992854843
1,2020-02-04,0.01612058891187266
1,2020-02-05,0.016114699182325064
1,2020-02-06,0.0161066863914001
1,2020-02-07,0.01609775525623827
1,2020-02-08,0.016088463725358278
1,2020-02-09,0.016079266555503884
1,2020-02-10,0.01606991011576508
1,2020-02-11,0.01606093329528152
1,2020-02-12,0.01605295356196808
1,2020-02-13,0.016046531736736078
1,2020-02-14,0.01604212342502329
1,2020-02-15,0.016039379333491557
1,2020-02-16,0.016036842327910427
1,2020-02-17,0.016034154340552314
1,2020-02-18,0.016031024474092777
1,2020-02-19,0.016028436109334458
1,2020-02-20,0.016027363248331806
1,2020-02-21,0.016028416662383208
1,2020-02-22,0.016031210693123746
1,2020-02-23,0.0160349236130553
1,2020-02-24,0.01603873272708411
1,2020-02-25,0.016042782609168242
1,2020-02-26,0.01604768034423226
1,2020-02-27,0.016054023646375447
1,2020-02-28,0.01606213735571587
1,2020-02-29,0.016071469666656492
1,2020-03-01,0.01608163828362107
1,2020-03-02,0.01609146461925306
1,2020-03-03,0.01610075884466018
1,2020-03-04,0.016109939250192395
1,2020-03-05,0.0161187817661381
1,2020-03-06,0.016126856572035102
1,2020-03-07,0.016132671918194015
1,2020-03-08,0.01613620245290762
1,2020-03-09,0.016138006817600165
1,2020-03-10,0.016138995601398712
1,2020-03-11,0.016139076804087143
1,2020-03-12,0.0161379827152431
1,2020-03-13,0.0161357785835971
1,2020-03-14,0.016132020289355734
1,2020-03-15,0.0161266494051433
1,2020-03-16,0.01612030387235213
1,2020-03-17,0.016113814801098015
1,2020-03-18,0.016107786983302647
1,2020-03-19,0.016103300358143474
1,2020-03-20,0.01610135366306987
1,2020-03-21,0.016101982368340075
1,2020-03-22,0.016104051716234254
1,2020-03-23,0.016106807687386093
1,2020-03-24,0.0161103180433721
1,2020-03-25,0.016114779819258615
1,2020-03-26,0.016120654964681264
1,2020-03-27,0.016128182500088198
1,2020-03-28,0.016136408801250415
1,2020-03-29,0.016143718897576112
1,2020-03-30,0.016148461284914494
1,2020-03-31,0.016150431374116717
1,2020-04-01,0.01614992414822211
1,2020-04-02,0.016148498747083125
1,2020-04-03,0.01614811977250927
1,2020-04-04,0.016149755588693002
1,2020-04-05,0.016153908074245535
1,2020-04-06,0.016159671163076306
1,2020-04-07,0.01616612296165808
1,2020-04-08,0.016172565169199835
1,2020-04-09,0.016178286514031786
1,2020-04-10,0.01618316069965696
1,2020-04-11,0.01618644387038304
1,2020-04-12,0.016188016950684923
1,2020-04-13,0.016188389402219203
1,2020-04-14,0.016189172728709986
1,2020-04-15,0.016190049715024895
1,2020-04-16,0.0161893937923505
1,2020-04-17,0.016185955894793554
1,2020-04-18,0.016179534688766553
1,2020-04-19,0.016171576783699765
1,2020-04-20,0.016163238929398662
1,2020-04-21,0.016155718038877304
1,2020-04-22,0.016148545800632762
1,2020-04-23,0.016141728472659957
1,2020-04-24,0.016134728454915776
1,2020-04-25,0.016127726068923626
1,2020-04-26,0.016120864307928213
1,2020-04-27,0.01611412714788362
1,2020-04-28,0.016108581461880978
1,2020-04-29,0.01610309523254163
1,2020-04-30,0.016096927125045766
1,2020-05-01,0.016090435829897245
1,2020-05-02,0.016084231912579933
1,2020-05-03,0.016078331034397424
1,2020-05-04,0.016072804571640162
1,2020-05-05,0.016069179774813414
1,2020-05-06,0.016067469913808835
1,2020-05-07,0.016067634348373806
1,2020-05-08,0.01606924031399655
1,2020-05-09,0.016071270825172672
1,2020-05-10,0.01607340191263353
1,2020-05-11,0.016075352493569114
1,2020-05-12,0.01607683902339595
1,2020-05-13,0.016076398035110014
1,2020-05-14,0.016072821751684407
1,2020-05-15,0.01606673946765064
1,2020-05-16,0.016058948974162074
1,2020-05-17,0.01605113517106828
1,2020-05-18,0.01604390462000493
1,2020-05-19,0.01603947194450566
1,2020-05-20,0.01603849274653017
1,2020-05-21,0.016040050282412368
1,2020-05-22,0.016043598259601045
1,2020-05-23,0.016048664627955855
1,2020-05-24,0.016054526599238828
1,2020-05-25,0.016060416043855018
1,2020-05-26,0.016066287879714265
1,2020-05-27,0.016072625476180234
1,2020-05-28,0.016080309303120485
1,2020-05-29,0.01608978695897173
1,2020-05-30,0.016100519775443526
1,2020-05-31,0.016110896208596383
1,2020-06-01,0.01611967479029171
1,2020-06-02,0.016128350087422645
1,2020-06-03,0.016137661481695268
1,2020-06-04,0.016147742212107272
1,2020-06-05,0.0161575691042182
1,2020-06-06,0.016165507031294563
1,2020-06-07,0.016169804087750192
1,2020-06-08,0.016169986483743765
1,2020-06-09,0.016166979967161713
1,2020-06-10,0.016161993704356017
1,2020-06-11,0.016156587029536932
1,2020-06-12,0.016151308087565847
1,2020-06-13,0.01614696702883955
1,2020-06-14,0.016144140560191304
1,2020-06-15,0.016142694468739154
1,2020-06-16,0.016142834349479444
1,2020-06-17,0.01614484662563925
1,2020-06-18,0.0161488381983794
1,2020-06-19,0.016153346993678208
1,2020-06-20,0.016155766077346024
1,2020-06-21,0.016153519270433802
1,2020-06-22,0.01614713189180917
1,2020-06-23,0.016138830901844915
1,2020-06-24,0.016131510677626176
1,2020-06-25,0.01612606305033997
1,2020-06-26,0.016122193160992827
1,2020-06-27,0.01611924416745903
1,2020-06-28,0.01611698189498383
1,2020-06-29,0.01611626684650547
1,2020-06-30,0.016117809123885378
1,2020-07-01,0.0161204056059791
1,2020-07-02,0.016123240680874833
1,2020-07-03,0.016125668601448748
1,2020-07-04,0.016127423182308757
1,2020-07-05,0.01612863558362938
1,2020-07-06,0.016129312613855553
1,2020-07-07,0.016128874266639757
1,2020-07-08,0.01612781219006262
1,2020-07-09,0.01612744929721296
1,2020-07-10,0.016127946170748343
1,2020-07-11,0.016128310423260236
1,2020-07-12,0.016127504428376106
1,2020-07-13,0.016125595375136602
1,2020-07-14,0.01612395179226843
1,2020-07-15,0.016123814316594737
1,2020-07-16,0.016125174493014566
1,2020-07-17,0.016127611531062052
1,2020-07-18,0.01612947061386704
1,2020-07-19,0.016128672700056138
1,2020-07-20,0.0161241959196518
1,2020-07-21,0.016116295285652584
1,2020-07-22,0.016107446044256558
1,2020-07-23,0.016100522767407397
1,2020-07-24,0.01609682165671115
1,2020-07-25,0.01609576850259021
1,2020-07-26,0.016096503156884476
1,2020-07-27,0.016098082855041888
1,2020-07-28,0.01610012245364577
1,2020-07-29,0.01610197061150638
1,2020-07-30,0.016102079135094358
1,2020-07-31,0.01610045408293406
1,2020-08-01,0.01609730211142015
1,2020-08-02,0.016093236609215224
1,2020-08-03,0.016089068439677306
1,2020-08-04,0.01608511406968775
1,2020-08-05,0.016081224164705196
1,2020-08-06,0.016077709699585992
1,2020-08-07,0.016074552120867006
1,2020-08-08,0.016072011269138393
1,2020-08-09,0.01607066235452589
1,2020-08-10,0.016070089030380617
1,2020-08-11,0.01607036963417491
1,2020-08-12,0.016071245137694437
1,2020-08-13,0.016072852846631035
1,2020-08-14,0.01607455895054224
1,2020-08-15,0.016075172255887574
1,2020-08-16,0.01607453468332495
1,2020-08-17,0.016074345584915654
1,2020-08-18,0.016076813880937697
1,2020-08-19,0.01608263796994233
1,2020-08-20,0.016091808921257115
1,2020-08-21,0.016103560266984174
1,2020-08-22,0.016115477791534303
1,2020-08-23,0.016125254755389788
1,2020-08-24,0.016131749258718363
1,2020-08-25,0.016135329972906183
1,2020-08-26,0.016137392600375115
1,2020-08-27,0.01613838124143935
1,2020-08-28,0.016137607656507694
1,2020-08-29,0.01613486560944353
1,2020-08-30,0.016130786204191554
1,2020-08-31,0.016126036279906088
1,2020-09-01,0.016121276681848234
1,2020-09-02,0.016116986904557533
1,2020-09-03,0.016113562182353314
1,2020-09-04,0.016112069045369885
1,2020-09-05,0.016112508849937052
1,2020-09-06,0.016114017509811507
1,2020-09-07,0.016115837156599845
1,2020-09-08,0.01611824621898433
1,2020-09-09,0.016120666414391787
1,2020-09-10,0.016122371880763126
1,2020-09-11,0.0161232221863291
1,2020-09-12,0.016122853022959415
1,2020-09-13,0.016120907861311158
1,2020-09-14,0.016117984474419943
1,2020-09-15,0.0161148160232853
1,2020-09-16,0.016111980626272365
1,2020-09-17,0.016110681019373907
1,2020-09-18,0.01611094510070058
1,2020-09-19,0.01611158988337096
1,2020-09-20,0.01611143748473676
1,2020-09-21,0.01610996520612886
1,2020-09-22,0.0161086677720489
1,2020-09-23,0.016108148049481474
1,2020-09-24,0.016107938968638793
1,2020-09-25,0.016107378044032842
1,2020-09-26,0.016104450093325912
1,2020-09-27,0.016097583338378036
1,2020-09-28,0.016087603414222038
1,2020-09-29,0.016076316749101788
1,2020-09-30,0.016066282310413293
1,2020-10-01,0.016059937510143722
1,2020-10-02,0.01605895676764025
1,2020-10-03,0.016062867891706984
1,2020-10-04,0.016070451625750114
1,2020-10-05,0.01608061707335173
1,2020-10-06,0.016091816374957282
1,2020-10-07,0.016103193017069875
1,2020-10-08,0.016114033912462647
1,2020-10-09,0.01612195792488656
1,2020-10-10,0.016125223727417305
1,2020-10-11,0.016123999525175643
1,2020-10-12,0.01611964665532431
1,2020-10-13,0.016114190463966328
1,2020-10-14,0.016110462316187627
1,2020-10-15,0.01611001313482842
1,2020-10-16,0.016113258404683275
1,2020-10-17,0.016119155156900683
1,2020-10-18,0.01612650689411685
1,2020-10-19,0.016133989502541798
1,2020-10-20,0.016140114906354502
1,2020-10-21,0.01614377153343415
1,2020-10-22,0.016144575877499668
1,2020-10-23,0.016142483167194972
1,2020-10-24,0.01613699487588598
1,2020-10-25,0.016127786677433763
1,2020-10-26,0.01611545130287019
1,2020-10-27,0.016101082300815486
1,2020-10-28,0.016086275887582515
1,2020-10-29,0.016072730887822618
1,2020-10-30,0.016062054025708594
1,2020-10-31,0.016053933436885263
1,2020-11-01,0.016047600183310234
1,2020-11-02,0.01604312556532725
1,2020-11-03,0.016041185176566646
1,2020-11-04,0.01604165955944216
1,2020-11-05,0.016043203950885692
1,2020-11-06,0.01604490638339548
1,2020-11-07,0.016045497162977956
1,2020-11-08,0.01604369082678539
1,2020-11-09,0.016039063752039024
1,2020-11-10,0.016031846714141366
1,2020-11-11,0.016023613249323207
1,2020-11-12,0.0160163306814396
1,2020-11-13,0.016011744754499697
1,2020-11-14,0.016010311330721082
1,2020-11-15,0.01601132928807962
1,2020-11-16,0.016013944544458914
1,2020-11-17,0.01601738527807463
1,2020-11-18,0.01602097497871345
1,2020-11-19,0.016024565583775068
1,2020-11-20,0.016027618878420784
1,2020-11-21,0.016029194086064107
1,2020-11-22,0.016028319638492758
1,2020-11-23,0.01602496907455101
1,2020-11-24,0.016019846595030474
1,2020-11-25,0.016014835537221255
1,2020-11-26,0.016012161258300066
1,2020-11-27,0.016012656988940104
1,2020-11-28,0.016016046329238122
1,2020-11-29,0.016021823534601267
1,2020-11-30,0.016029343384875307
1,2020-12-01,0.016037531610940077
1,2020-12-02,0.016046315016459776
1,2020-12-03,0.01605562256702998
1,2020-12-04,0.01606520762430843
1,2020-12-05,0.016074666597744532
1,2020-12-06,0.016083279954429944
1,2020-12-07,0.016090498012418263
1,2020-12-08,0.016096096329887063
1,2020-12-09,0.01610085452999292
1,2020-12-10,0.01610556190658379
1,2020-12-11,0.01611040462497878
1,2020-12-12,0.016113982427457107
1,2020-12-13,0.016115298486735784
1,2020-12-14,0.01611450275585057
1,2020-12-15,0.01611154511740212
1,2020-12-16,0.016106513313561523
1,2020-12-17,0.01609941478544859
1,2020-12-18,0.01608924664841739
1,2020-12-19,0.016076379916727064
1,2020-12-20,0.016061844575592184
1,2020-12-21,0.01604680169328605
1,2020-12-22,0.016032587532012504
1,2020-12-23,0.016020403330453726
1,2020-12-24,0.016011415677574782
1,2020-12-25,0.01600569979370159
1,2020-12-26,0.01600320414792719
1,2020-12-27,0.016003183974296255
1,2020-12-28,0.01600539736478103
1,2020-12-29,0.016009554618663685
1,2020-12-30,0.016015651599705714
1,2020-12-31,0.016019001660533435
1,2021-01-01,0.01602652171231753
1,2021-01-02,0.01603426940723685
1,2021-01-03,0.01604115820672562
1,2021-01-04,0.016046398651211814
1,2021-01-05,0.01604981617444379
1,2021-01-06,0.01605233982222316
1,2021-01-07,0.016055177185559627
1,2021-01-08,0.0160584559572715
1,2021-01-09,0.016060963798463813
1,2021-01-10,0.016061961952207982
1,2021-01-11,0.016062572931483884
1,2021-01-12,0.0160639021340495
1,2021-01-13,0.016066077724082656
1,2021-01-14,0.016068599001920585
1,2021-01-15,NA
1,2021-01-16,NA
1,2021-01-17,NA
1,2021-01-18,NA
1,2021-01-19,NA
1,2021-01-20,NA
1,2021-01-21,NA
1,2021-01-22,NA
1,2021-01-23,NA
1,2021-01-24,NA
1,2021-01-25,NA
1,2021-01-26,NA
1,2021-01-27,NA
1,2021-01-28,NA
1,2021-01-29,NA
1,2021-01-30,NA
1,2021-01-31,NA
1,2021-02-01,NA
1,2021-02-02,NA
1,2021-02-03,NA
1,2021-02-04,NA
1,2021-02-05,NA
1,2021-02-06,NA
1,2021-02-07,NA
1,2021-02-08,NA
1,2021-02-09,NA
1,2021-02-10,NA
1,2021-02-11,NA
1,2021-02-12,NA
1,2021-02-13,NA
1,2021-02-14,NA
1,2021-02-15,NA
1,2021-02-16,NA
1,2021-02-17,NA
1,2021-02-18,NA
1,2021-02-19,NA
1,2021-02-20,NA
1,2021-02-21,NA
1,2021-02-22,NA
1,2021-02-23,NA
1,2021-02-24,NA
1,2021-02-25,NA
1,2021-02-26,NA
1,2021-02-27,NA
1,2021-02-28,NA
1,2021-03-01,NA
1,2021-03-02,NA
1,2021-03-03,NA
1,2021-03-04,NA
1,2021-03-05,NA
1,2021-03-06,NA
1,2021-03-07,NA
1,2021-03-08,NA
1,2021-03-09,NA
1,2021-03-10,NA
1,2021-03-11,NA
1,2021-03-12,NA
1,2021-03-13,NA
1,2021-03-14,NA
1,2021-03-15,NA
1,2021-03-16,NA
1,2021-03-17,NA
1,2021-03-18,NA
1,2021-03-19,NA
1,2021-03-20,NA
1,2021-03-21,NA
1,2021-03-22,NA
1,2021-03-23,NA
1,2021-03-24,NA
1,2021-03-25,NA
1,2021-03-26,NA
1,2021-03-27,NA
1,2021-03-28,NA
1,2021-03-29,NA
1,2021-03-30,NA
1,2021-03-31,NA
1,2021-04-01,NA
1,2021-04-02,NA
1,2021-04-03,NA
1,2021-04-04,NA
1,2021-04-05,NA
1,2021-04-06,NA
1,2021-04-07,NA
1,2021-04-08,NA
1,2021-04-09,NA
1,2021-04-10,NA
1,2021-04-11,NA
1,2021-04-12,NA
1,2021-04-13,NA
1,2021-04-14,NA
1,2021-04-15,NA
1,2021-04-16,NA
1,2021-04-17,NA
1,2021-04-18,NA
1,2021-04-19,NA
1,2021-04-20,NA
1,2021-04-21,NA
1,2021-04-22,NA
1,2021-04-23,NA
1,2021-04-24,NA
1,2021-04-25,NA
1,2021-04-26,NA
1,2021-04-27,NA
1,2021-04-28,NA
1,2021-04-29,NA
1,2021-04-30,NA
1,2021-05-01,NA
1,2021-05-02,NA
1,2021-05-03,NA
1,2021-05-04,NA
1,2021-05-05,NA
1,2021-05-06,NA
1,2021-05-07,NA
1,2021-05-08,NA
1,2021-05-09,NA
1,2021-05-10,NA
1,2021-05-11,NA
1,2021-05-12,NA
1,2021-05-13,NA
1,2021-05-14,NA
1,2021-05-15,NA
1,2021-05-16,NA
1,2021-05-17,NA
1,2021-05-18,NA
1,2021-05-19,NA
1,2021-05-20,NA
1,2021-05-21,NA
1,2021-05-22,NA
1,2021-05-23,NA
1,2021-05-24,NA
1,2021-05-25,NA
1,2021-05-26,NA
1,2021-05-27,NA
1,2021-05-28,NA
1,2021-05-29,NA
1,2021-05-30,NA
1,2021-05-31,NA
1,2021-06-01,NA
1,2021-06-02,NA
1,2021-06-03,NA
1,2021-06-04,NA
1,2021-06-05,NA
1,2021-06-06,NA
1,2021-06-07,NA
1,2021-06-08,NA
1,2021-06-09,NA
1,2021-06-10,NA
1,2021-06-11,NA
1,2021-06-12,NA
1,2021-06-13,NA
1,2021-06-14,NA
1,2021-06-15,NA
1,2021-06-16,NA
1,2021-06-17,NA
1,2021-06-18,NA
1,2021-06-19,NA
1,2021-06-20,NA
1,2021-06-21,NA
1,2021-06-22,NA
1,2021-06-23,NA
1,2021-06-24,NA
1,2021-06-25,NA
1,2021-06-26,NA
1,2021-06-27,NA
1,2021-06-28,NA
1,2021-06-29,NA
1,2021-06-30,NA
1,2021-07-01,NA
1,2021-07-02,NA
1,2021-07-03,NA
1,2021-07-04,NA
1,2021-07-05,NA
1,2021-07-06,NA
1,2021-07-07,NA
1,2021-07-08,NA
1,2021-07-09,NA
1,2021-07-10,NA
1,2021-07-11,NA
1,2021-07-12,NA
1,2021-07-13,NA
1,2021-07-14,NA
1,2021-07-15,NA
1,2021-07-16,NA
1,2021-07-17,NA
1,2021-07-18,NA
1,2021-07-19,NA
1,2021-07-20,NA
1,2021-07-21,NA
1,2021-07-22,NA
1,2021-07-23,NA
1,2021-07-24,NA
1,2021-07-25,NA
1,2021-07-26,NA
1,2021-07-27,NA
1,2021-07-28,NA
1,2021-07-29,NA
1,2021-07-30,NA
1,2021-07-31,NA
1,2021-08-01,NA
1,2021-08-02,NA
1,2021-08-03,NA
1,2021-08-04,NA
1,2021-08-05,NA
1,2021-08-06,NA
1,2021-08-07,NA
1,2021-08-08,NA
1,2021-08-09,NA
1,2021-08-10,NA
1,2021-08-11,NA
1,2021-08-12,NA
1,2021-08-13,NA
1,2021-08-14,NA
1,2021-08-15,NA
1,2021-08-16,NA
1,2021-08-17,NA
1,2021-08-18,NA
1,2021-08-19,NA
1,2021-08-20,NA
1,2021-08-21,NA
1,2021-08-22,NA
1,2021-08-23,NA
1,2021-08-24,NA
1,2021-08-25,NA
1,2021-08-26,NA
1,2021-08-27,NA
1,2021-08-28,NA
1,2021-08-29,NA
1,2021-08-30,NA
1,2021-08-31,NA
1,2021-09-01,NA
1,2021-09-02,NA
1,2021-09-03,NA
1,2021-09-04,NA
1,2021-09-05,NA
1,2021-09-06,NA
1,2021-09-07,NA
1,2021-09-08,NA
1,2021-09-09,NA
1,2021-09-10,NA
1,2021-09-11,NA
1,2021-09-12,NA
1,2021-09-13,NA
1,2021-09-14,NA
1,2021-09-15,NA
1,2021-09-16,NA
1,2021-09-17,NA
1,2021-09-18,NA
1,2021-09-19,NA
1,2021-09-20,NA
1,2021-09-21,NA
1,2021-09-22,NA
1,2021-09-23,NA
1,2021-09-24,NA
1,2021-09-25,NA
1,2021-09-26,NA
1,2021-09-27,NA
1,2021-09-28,NA
1,2021-09-29,NA
1,2021-09-30,NA
1,2021-10-01,NA
1,2021-10-02,NA
1,2021-10-03,NA
1,2021-10-04,NA
1,2021-10-05,NA
1,2021-10-06,NA
1,2021-10-07,NA
1,2021-10-08,NA
1,2021-10-09,NA
1,2021-10-10,NA
1,2021-10-11,NA
1,2021-10-12,NA
1,2021-10-13,NA
1,2021-10-14,NA
1,2021-10-15,NA
1,2021-10-16,NA
1,2021-10-17,NA
1,2021-10-18,NA
1,2021-10-19,NA
1,2021-10-20,NA
1,2021-10-21,NA
1,2021-10-22,NA
1,2021-10-23,NA
1,2021-10-24,NA
1,2021-10-25,NA
1,2021-10-26,NA
1,2021-10-27,NA
1,2021-10-28,NA
1,2021-10-29,NA
1,2021-10-30,NA
1,2021-10-31,NA
1,2021-11-01,NA
1,2021-11-02,NA
1,2021-11-03,NA
1,2021-11-04,NA
1,2021-11-05,NA
1,2021-11-06,NA
1,2021-11-07,NA
1,2021-11-08,NA
1,2021-11-09,NA
1,2021-11-10,NA
1,2021-11-11,NA
1,2021-11-12,NA
1,2021-11-13,NA
1,2021-11-14,NA
1,2021-11-15,NA
1,2021-11-16,NA
1,2021-11-17,NA
1,2021-11-18,NA
1,2021-11-19,NA
1,2021-11-20,NA
1,2021-11-21,NA
1,2021-11-22,NA
1,2021-11-23,NA
1,2021-11-24,NA
1,2021-11-25,NA
1,2021-11-26,NA
1,2021-11-27,NA
1,2021-11-28,NA
1,2021-11-29,NA
1,2021-11-30,NA
1,2021-12-01,NA
1,2021-12-02,NA
1,2021-12-03,NA
1,2021-12-04,NA
1,2021-12-05,NA
1,2021-12-06,NA
1,2021-12-07,NA
1,2021-12-08,NA
1,2021-12-09,NA
1,2021-12-10,NA
1,2021-12-11,NA
1,2021-12-12,NA
1,2021-12-13,NA
1,2021-12-14,NA
1,2021-12-15,NA
1,2021-12-16,NA
1,2021-12-17,NA
1,2021-12-18,NA
1,2021-12-19,NA
1,2021-12-20,NA
1,2021-12-21,NA
1,2021-12-22,NA
1,2021-12-23,NA
1,2021-12-24,NA
1,2021-12-25,NA
1,2021-12-26,NA
1,2021-12-27,NA
1,2021-12-28,NA
1,2021-12-29,NA
1,2021-12-30,NA
1,2021-12-31,NA
1,2022-01-01,NA
1,2022-01-02,NA
1,2022-01-03,NA
1,2022-01-04,NA
1,2022-01-05,NA
1,2022-01-06,NA
1,2022-01-07,NA
1,2022-01-08,NA
1,2022-01-09,NA
1,2022-01-10,NA
1,2022-01-11,NA
1,2022-01-12,NA
1,2022-01-13,NA
1,2022-01-14,NA
1,2022-01-15,NA
1,2022-01-16,NA
1,2022-01-17,NA
1,2022-01-18,NA
1,2022-01-19,NA
