site,date,value
1,2012-12-31,-0.44387436061965885
1,2013-01-02,-0.4433835118163269
1,2013-01-03,-0.4431686994541568
1,2013-01-04,-0.4427797724742997
1,2013-01-05,-0.4421929366081566
1,2013-01-06,-0.44138531121890395
1,2013-01-07,-0.44037433791001035
1,2013-01-08,-0.4391782891035143
1,2013-01-09,-0.4377958382529714
1,2013-01-10,-0.4362127569277698
1,2013-01-11,-0.4344784601255777
1,2013-01-12,-0.4325923787133871
1,2013-01-13,-0.4305366433413536
1,2013-01-14,-0.4283134614673243
1,2013-01-15,-0.42590047391133595
1,2013-01-16,-0.4233593568411935
1,2013-01-17,-0.42079827902152833
1,2013-01-18,-0.4183276630427458
1,2013-01-19,-0.4160009762415534
1,2013-01-20,-0.41382387256068454
1,2013-01-21,-0.4117543834220128
1,2013-01-22,-0.409743315574046
1,2013-01-23,-0.40785867691744243
1,2013-01-24,-0.4061114467013982
1,2013-01-25,-0.40445106559097693
1,2013-01-26,-0.4029221574711308
1,2013-01-27,-0.4015590316552492
1,2013-01-28,-0.4003600494628962
1,2013-01-29,-0.3993316784301156
1,2013-01-30,-0.39847176842817805
1,2013-01-31,-0.39776194929391523
1,2013-02-01,-0.3971267250874725
1,2013-02-02,-0.3964977805312778
1,2013-02-03,-0.3959066712654116
1,2013-02-04,-0.39541756987971044
1,2013-02-05,-0.39503928042850955
1,2013-02-06,-0.39468509202405894
1,2013-02-07,-0.3943189723851365
1,2013-02-08,-0.39396719723367735
1,2013-02-09,-0.3936026848909143
1,2013-02-10,-0.3931893280244268
1,2013-02-11,-0.3926862240460766
1,2013-02-12,-0.39205202815641776
1,2013-02-13,-0.3913187873410033
1,2013-02-14,-0.39054798756529274
1,2013-02-15,-0.3898722804037656
1,2013-02-16,-0.38930633450825425
1,2013-02-17,-0.3888092364891927
1,2013-02-18,-0.3883541635599595
1,2013-02-19,-0.3879531954318216
1,2013-02-20,-0.38765498424397055
1,2013-02-21,-0.387445661596471
1,2013-02-22,-0.38728749530532725
1,2013-02-23,-0.3871899569065251
1,2013-02-24,-0.38717087285854523
1,2013-02-25,-0.3872456691631882
1,2013-02-26,-0.3874324048510445
1,2013-02-27,-0.3877040454720594
1,2013-02-28,-0.3879938830401004
1,2013-03-01,-0.3881738143034861
1,2013-03-02,-0.3882089736275439
1,2013-03-03,-0.38809731618296356
1,2013-03-04,-0.38782465792611814
1,2013-03-05,-0.38740445384313865
1,2013-03-06,-0.3868981380671047
1,2013-03-07,-0.38637336688405766
1,2013-03-08,-0.38585217590807885
1,2013-03-09,-0.38532773188805025
1,2013-03-10,-0.38476993413424954
1,2013-03-11,-0.3841825676762214
1,2013-03-12,-0.3835373236870826
1,2013-03-13,-0.3828184074996796
1,2013-03-14,-0.382082338597301
1,2013-03-15,-0.3813555903275436
1,2013-03-16,-0.3805484847649077
1,2013-03-17,-0.37962712782802704
1,2013-03-18,-0.3784846569901978
1,2013-03-19,-0.37707665694639564
1,2013-03-20,-0.37537632402777316
1,2013-03-21,-0.3732640839304013
1,2013-03-22,-0.3708454381853092
1,2013-03-23,-0.36833614770538936
1,2013-03-24,-0.3659370714440238
1,2013-03-25,-0.36380331365066876
1,2013-03-26,-0.361985039102179
1,2013-03-27,-0.36027276128386476
1,2013-03-28,-0.35842260029976436
1,2013-03-29,-0.3563080036948113
1,2013-03-30,-0.35380200461507827
1,2013-03-31,-0.3508101983481004
1,2013-04-01,-0.3473628033277447
1,2013-04-02,-0.3434095838012686
1,2013-04-03,-0.3389250407487298
1,2013-04-04,-0.3335472803039936
1,2013-04-05,-0.32694095196342837
1,2013-04-06,-0.31918136813534564
1,2013-04-07,-0.310149688286291
1,2013-04-08,-0.2995177437158708
1,2013-04-09,-0.2870919543294757
1,2013-04-10,-0.2731082616668901
1,2013-04-11,-0.25813190348408716
1,2013-04-12,-0.24275726910857673
1,2013-04-13,-0.22720229892538946
1,2013-04-14,-0.21140907331928951
1,2013-04-15,-0.19514453064759626
1,2013-04-16,-0.17814251032306322
1,2013-04-17,-0.16016739846960695
1,2013-04-18,-0.14156043276907462
1,2013-04-19,-0.12221546997312979
1,2013-04-20,-0.10202504221210328
1,2013-04-21,-0.08101586383000452
1,2013-04-22,-0.05919588994447965
1,2013-04-23,-0.03669238911911219
1,2013-04-24,-0.014031300868634095
1,2013-04-25,0.008843077028839005
1,2013-04-26,0.032156240585216087
1,2013-04-27,0.05580182580869586
1,2013-04-28,0.07946607696002812
1,2013-04-29,0.10296156715913138
1,2013-04-30,0.1260506911486894
1,2013-05-01,0.14848123455038806
1,2013-05-02,0.17000560667659337
1,2013-05-03,0.1904045285617153
1,2013-05-04,0.2099800728632821
1,2013-05-05,0.2288843091037546
1,2013-05-06,0.24690880989704891
1,2013-05-07,0.26393459796883767
1,2013-05-08,0.28004258102648416
1,2013-05-09,0.29509466796844125
1,2013-05-10,0.3090847282696946
1,2013-05-11,0.3220126306667154
1,2013-05-12,0.3342454830869466
1,2013-05-13,0.34615792775994053
1,2013-05-14,0.35765165511049934
1,2013-05-15,0.36845922380980656
1,2013-05-16,0.37831165778495196
1,2013-05-17,0.38706131727901544
1,2013-05-18,0.39442319947776555
1,2013-05-19,0.4003330480024975
1,2013-05-20,0.40500340111986505
1,2013-05-21,0.4087379024311008
1,2013-05-22,0.411709524670057
1,2013-05-23,0.4139709211833725
1,2013-05-24,0.4154698435677218
1,2013-05-25,0.41621583084238317
1,2013-05-26,0.4159233244365867
1,2013-05-27,0.41433024143830405
1,2013-05-28,0.4118422221972251
1,2013-05-29,0.40886796996530167
1,2013-05-30,0.4058187593192571
1,2013-05-31,0.4027634745055688
1,2013-06-01,0.39971049589485963
1,2013-06-02,0.3966474420896789
1,2013-06-03,0.3934497070776079
1,2013-06-04,0.39009392846481583
1,2013-06-05,0.38669742511571886
1,2013-06-06,0.38331206830064934
1,2013-06-07,0.38001617998120923
1,2013-06-08,0.37681068081928265
1,2013-06-09,0.3738108674827022
1,2013-06-10,0.37123455210096323
1,2013-06-11,0.36911887863177606
1,2013-06-12,0.3672050436202717
1,2013-06-13,0.36537498549184105
1,2013-06-14,0.3636115050135654
1,2013-06-15,0.3618634547537012
1,2013-06-16,0.36014558205888186
1,2013-06-17,0.3586000835049508
1,2013-06-18,0.3573538723634209
1,2013-06-19,0.35641484942384105
1,2013-06-20,0.3556001305172875
1,2013-06-21,0.35469955936588926
1,2013-06-22,0.35372990113097713
1,2013-06-23,0.35262705606869316
1,2013-06-24,0.35147404159777473
1,2013-06-25,0.35040656006398313
1,2013-06-26,0.3494522157940263
1,2013-06-27,0.34852422132471395
1,2013-06-28,0.34740565638287507
1,2013-06-29,0.34607689687358223
1,2013-06-30,0.34436332031658135
1,2013-07-01,0.34207594238006167
1,2013-07-02,0.3391573133024903
1,2013-07-03,0.335732512337474
1,2013-07-04,0.33207319749075037
1,2013-07-05,0.3285079549647835
1,2013-07-06,0.3249845395156083
1,2013-07-07,0.3213354730744155
1,2013-07-08,0.3175163919125913
1,2013-07-09,0.3135981204203134
1,2013-07-10,0.3096061619647811
1,2013-07-11,0.3055739636731478
1,2013-07-12,0.3014928758560139
1,2013-07-13,0.2972483457598682
1,2013-07-14,0.2928857371738804
1,2013-07-15,0.2884074838658337
1,2013-07-16,0.28374850042511834
1,2013-07-17,0.2790359466206379
1,2013-07-18,0.2743750938420328
1,2013-07-19,0.2698486064716213
1,2013-07-20,0.26564684753069784
1,2013-07-21,0.26192524110509247
1,2013-07-22,0.2586062299626239
1,2013-07-23,0.2556239375199207
1,2013-07-24,0.2529876844389504
1,2013-07-25,0.25072166111275207
1,2013-07-26,0.2487813420564115
1,2013-07-27,0.2470814707491395
1,2013-07-28,0.24555099373443048
1,2013-07-29,0.24409391309472867
1,2013-07-30,0.24266408591715022
1,2013-07-31,0.24132623831428468
1,2013-08-01,0.24010368621945144
1,2013-08-02,0.23896185402294065
1,2013-08-03,0.2378505053919463
1,2013-08-04,0.23668489212401278
1,2013-08-05,0.23541668984706624
1,2013-08-06,0.23399343718031948
1,2013-08-07,0.23249424651000056
1,2013-08-08,0.23095674504743627
1,2013-08-09,0.22930956930160568
1,2013-08-10,0.2274845461940569
1,2013-08-11,0.2253673901904758
1,2013-08-12,0.22278051578745356
1,2013-08-13,0.21950593296293067
1,2013-08-14,0.21551051117326964
1,2013-08-15,0.21098942481425967
1,2013-08-16,0.2061697767495135
1,2013-08-17,0.20118311920454068
1,2013-08-18,0.19599877989167125
1,2013-08-19,0.1903620256270411
1,2013-08-20,0.18411156496044245
1,2013-08-21,0.17720686192200721
1,2013-08-22,0.16984647264124403
1,2013-08-23,0.16228183809441585
1,2013-08-24,0.1545760080509109
1,2013-08-25,0.1469448171950151
1,2013-08-26,0.13943600388084817
1,2013-08-27,0.13200135294012555
1,2013-08-28,0.12466067359215313
1,2013-08-29,0.11722736077851553
1,2013-08-30,0.10940056513278955
1,2013-08-31,0.10112442694269377
1,2013-09-01,0.09254834908753133
1,2013-09-02,0.08390283747805717
1,2013-09-03,0.0751826131831441
1,2013-09-04,0.06658032056748049
1,2013-09-05,0.05812460797185512
1,2013-09-06,0.04969652510154213
1,2013-09-07,0.0412163257905656
1,2013-09-08,0.03246445217104884
1,2013-09-09,0.023397965476694784
1,2013-09-10,0.014020682192073182
1,2013-09-11,0.0043193344035009976
1,2013-09-12,-0.0054573595642904305
1,2013-09-13,-0.015028208800681203
1,2013-09-14,-0.024129634583114252
1,2013-09-15,-0.0330529859905036
1,2013-09-16,-0.04211598407395904
1,2013-09-17,-0.05151248125285325
1,2013-09-18,-0.06137789828771422
1,2013-09-19,-0.07162488057154595
1,2013-09-20,-0.08203947809912013
1,2013-09-21,-0.09239879613942605
1,2013-09-22,-0.10245074004383047
1,2013-09-23,-0.11228262875001686
1,2013-09-24,-0.12183859620644387
1,2013-09-25,-0.13110049003888338
1,2013-09-26,-0.14014267784258597
1,2013-09-27,-0.14892922858219462
1,2013-09-28,-0.15756751390946327
1,2013-09-29,-0.16600382144557915
1,2013-09-30,-0.17407295364138073
1,2013-10-01,-0.18162524685975098
1,2013-10-02,-0.18874667247026902
1,2013-10-03,-0.19550158913121643
1,2013-10-04,-0.20179084927947455
1,2013-10-05,-0.20742062509581743
1,2013-10-06,-0.21241419409967183
1,2013-10-07,-0.21697661456587322
1,2013-10-08,-0.22131129744070424
1,2013-10-09,-0.22560335776896834
1,2013-10-10,-0.22989561744529355
1,2013-10-11,-0.23428638285590966
1,2013-10-12,-0.23887076961182982
1,2013-10-13,-0.24357599130440163
1,2013-10-14,-0.24837554922910873
1,2013-10-15,-0.25329511916401753
1,2013-10-16,-0.2582249863537773
1,2013-10-17,-0.2632417491639307
1,2013-10-18,-0.26842794603973796
1,2013-10-19,-0.27372722042313335
1,2013-10-20,-0.2791517940213273
1,2013-10-21,-0.284712960488602
1,2013-10-22,-0.29044475068776876
1,2013-10-23,-0.29634035639719775
1,2013-10-24,-0.30230382934968636
1,2013-10-25,-0.30816972195709363
1,2013-10-26,-0.31383265383602676
1,2013-10-27,-0.31935239608459803
1,2013-10-28,-0.3248110868489961
1,2013-10-29,-0.33024426426539394
1,2013-10-30,-0.3357824046955336
1,2013-10-31,-0.3414440042772954
1,2013-11-01,-0.34717718506244455
1,2013-11-02,-0.35306724690981134
1,2013-11-03,-0.3591599164062367
1,2013-11-04,-0.36537661485689016
1,2013-11-05,-0.37163642117226703
1,2013-11-06,-0.3778572204963119
1,2013-11-07,-0.38400200935965345
1,2013-11-08,-0.39005820187602686
1,2013-11-09,-0.39601870014797835
1,2013-11-10,-0.40188715400290964
1,2013-11-11,-0.40764695960004627
1,2013-11-12,-0.4132821361371737
1,2013-11-13,-0.4187283754981072
1,2013-11-14,-0.4240002385957229
1,2013-11-15,-0.429122078915583
1,2013-11-16,-0.43399136599860444
1,2013-11-17,-0.4385776284490911
1,2013-11-18,-0.44290441961244115
1,2013-11-19,-0.4469983422767685
1,2013-11-20,-0.450792575646622
1,2013-11-21,-0.4542303839663086
1,2013-11-22,-0.4572760625173043
1,2013-11-23,-0.45989280696934387
1,2013-11-24,-0.46207245693219
1,2013-11-25,-0.46393679789167513
1,2013-11-26,-0.4655801116939963
1,2013-11-27,-0.4669591998460682
1,2013-11-28,-0.46800104410936466
1,2013-11-29,-0.4686801449186026
1,2013-11-30,-0.46900374261543953
1,2013-12-01,-0.4688864855670087
1,2013-12-02,-0.46837318813762674
1,2013-12-03,-0.4675898685032491
1,2013-12-04,-0.46667659339757556
1,2013-12-05,-0.46563879106385947
1,2013-12-06,-0.46449330224705787
1,2013-12-07,-0.46322581836770793
1,2013-12-08,-0.46186115244392906
1,2013-12-09,-0.46045617743421074
1,2013-12-10,-0.45909167173077636
1,2013-12-11,-0.45782645086209545
1,2013-12-12,-0.4566715685454397
1,2013-12-13,-0.45562891044600123
1,2013-12-14,-0.4547441129889207
1,2013-12-15,-0.4540793312378524
1,2013-12-16,-0.4536326354061236
1,2013-12-17,-0.45329040091944617
1,2013-12-18,-0.4529910611848441
1,2013-12-19,-0.4527299438875015
1,2013-12-20,-0.45251188118261065
1,2013-12-21,-0.4523618064355368
1,2013-12-22,-0.4522189988806376
1,2013-12-23,-0.45201230180176183
1,2013-12-24,-0.4517126530130666
1,2013-12-25,-0.45135455791629664
1,2013-12-26,-0.4509209313761188
1,2013-12-27,-0.45036281631416425
1,2013-12-28,-0.4496772185840199
1,2013-12-29,-0.4488397881903551
1,2013-12-30,-0.44786447073771146
1,2013-12-31,-0.4468042985840401
1,2014-01-01,-0.44567488544177936
1,2014-01-02,-0.44451112040031504
1,2014-01-03,-0.44333978154314396
1,2014-01-04,-0.4421631304864304
1,2014-01-05,-0.44095653892994596
1,2014-01-06,-0.4396962609994984
1,2014-01-07,-0.438327574427595
1,2014-01-08,-0.436825238524854
1,2014-01-09,-0.43520974255780265
1,2014-01-10,-0.4335855238610062
1,2014-01-11,-0.43195730553904704
1,2014-01-12,-0.4303640924424737
1,2014-01-13,-0.4287647350758881
1,2014-01-14,-0.4271188093760752
1,2014-01-15,-0.4254005551194274
1,2014-01-16,-0.42362323917774114
1,2014-01-17,-0.42176692738767174
1,2014-01-18,-0.41989675320715436
1,2014-01-19,-0.4180814888421021
1,2014-01-20,-0.4163199619481333
1,2014-01-21,-0.41463561970948604
1,2014-01-22,-0.41304043055342765
1,2014-01-23,-0.41156335747610384
1,2014-01-24,-0.4102056562403419
1,2014-01-25,-0.40899826410983453
1,2014-01-26,-0.40788398820115895
1,2014-01-27,-0.4068264979338322
1,2014-01-28,-0.4058355221029314
1,2014-01-29,-0.40491659017491305
1,2014-01-30,-0.4040884415936529
1,2014-01-31,-0.40337159341109124
1,2014-02-01,-0.4026882312707309
1,2014-02-02,-0.4020056369853784
1,2014-02-03,-0.4013577262188133
1,2014-02-04,-0.400729716237477
1,2014-02-05,-0.40010267873223576
1,2014-02-06,-0.3994260205240757
1,2014-02-07,-0.39868951996316127
1,2014-02-08,-0.39790607018184143
1,2014-02-09,-0.3971486287589989
1,2014-02-10,-0.3965058474729802
1,2014-02-11,-0.3959949552284402
1,2014-02-12,-0.3956060038778798
1,2014-02-13,-0.3952914523691597
1,2014-02-14,-0.3950597818288878
1,2014-02-15,-0.3949725567858367
1,2014-02-16,-0.3949869325308292
1,2014-02-17,-0.39505683095081595
1,2014-02-18,-0.3951990305057045
1,2014-02-19,-0.3954342340736611
1,2014-02-20,-0.3957524428774934
1,2014-02-21,-0.39611953937502087
1,2014-02-22,-0.39651729035723277
1,2014-02-23,-0.3969061241643761
1,2014-02-24,-0.39722487609728346
1,2014-02-25,-0.3974630969406792
1,2014-02-26,-0.39760421590751527
1,2014-02-27,-0.39768600168031937
1,2014-02-28,-0.39770364948665504
1,2014-03-01,-0.39758260796821915
1,2014-03-02,-0.3973512520159473
1,2014-03-03,-0.39705423714363053
1,2014-03-04,-0.396682485583783
1,2014-03-05,-0.3962418603625423
1,2014-03-06,-0.3957651465438668
1,2014-03-07,-0.39520711454114227
1,2014-03-08,-0.39455637795536125
1,2014-03-09,-0.39382332989078883
1,2014-03-10,-0.3930902799995499
1,2014-03-11,-0.39244244312638066
1,2014-03-12,-0.391925731165832
1,2014-03-13,-0.3914150892216354
1,2014-03-14,-0.3908595631873929
1,2014-03-15,-0.3902159677644987
1,2014-03-16,-0.389428891081464
1,2014-03-17,-0.38855113089633697
1,2014-03-18,-0.3877108245162788
1,2014-03-19,-0.3870259932909898
1,2014-03-20,-0.3863236042141137
1,2014-03-21,-0.3855477701977326
1,2014-03-22,-0.38460403058100495
1,2014-03-23,-0.3834635677526374
1,2014-03-24,-0.38212020297422244
1,2014-03-25,-0.3806236983364699
1,2014-03-26,-0.37904761337204895
1,2014-03-27,-0.3774863212821293
1,2014-03-28,-0.3758468124910045
1,2014-03-29,-0.3738848223567017
1,2014-03-30,-0.37147827368194397
1,2014-03-31,-0.3683792190647994
1,2014-04-01,-0.36458957784922424
1,2014-04-02,-0.3602713537811383
1,2014-04-03,-0.3558002073021251
1,2014-04-04,-0.351258739946079
1,2014-04-05,-0.34644295727325986
1,2014-04-06,-0.3410462114769814
1,2014-04-07,-0.33459307521599024
1,2014-04-08,-0.3270223252949934
1,2014-04-09,-0.3186050569419325
1,2014-04-10,-0.3092890235430002
1,2014-04-11,-0.29890648644252893
1,2014-04-12,-0.2874718812124074
1,2014-04-13,-0.2749425979925395
1,2014-04-14,-0.26118502437215285
1,2014-04-15,-0.24637366760042972
1,2014-04-16,-0.23041471338055394
1,2014-04-17,-0.2133312919859966
1,2014-04-18,-0.19522737758686534
1,2014-04-19,-0.17631720279178012
1,2014-04-20,-0.15657309187913981
1,2014-04-21,-0.1358213386979649
1,2014-04-22,-0.11390809694592466
1,2014-04-23,-0.09082908347000285
1,2014-04-24,-0.06667282853530947
1,2014-04-25,-0.04167108715294622
1,2014-04-26,-0.01601559366665951
1,2014-04-27,0.010140230766153861
1,2014-04-28,0.03633459335751819
1,2014-04-29,0.06259215522514114
1,2014-04-30,0.08894298101503315
1,2014-05-01,0.11524884817263248
1,2014-05-02,0.14143490120388344
1,2014-05-03,0.16723895613274706
1,2014-05-04,0.192323881776914
1,2014-05-05,0.21625285990697543
1,2014-05-06,0.23878387746868293
1,2014-05-07,0.25993891126263124
1,2014-05-08,0.2798140010656996
1,2014-05-09,0.2983944483102404
1,2014-05-10,0.3155635322283298
1,2014-05-11,0.331156998007428
1,2014-05-12,0.34508404555515626
1,2014-05-13,0.3573107934588982
1,2014-05-14,0.36785236817133443
1,2014-05-15,0.3768597442919853
1,2014-05-16,0.38435741008281477
1,2014-05-17,0.39052873383309894
1,2014-05-18,0.39573825687244274
1,2014-05-19,0.40017354503735003
1,2014-05-20,0.4039843084942028
1,2014-05-21,0.4071551753186162
1,2014-05-22,0.40958265315380804
1,2014-05-23,0.4113890381352451
1,2014-05-24,0.4127426759426688
1,2014-05-25,0.41372071639933194
1,2014-05-26,0.41428366521928184
1,2014-05-27,0.41458425218406736
1,2014-05-28,0.4146296958480009
1,2014-05-29,0.4145357916359547
1,2014-05-30,0.41417741088422677
1,2014-05-31,0.41325504284714915
1,2014-06-01,0.4114739070254085
1,2014-06-02,0.40891398851684424
1,2014-06-03,0.405834904898514
1,2014-06-04,0.40264562947536
1,2014-06-05,0.39953362448096064
1,2014-06-06,0.3965662482080831
1,2014-06-07,0.39388773724535603
1,2014-06-08,0.39153960545720096
1,2014-06-09,0.3894894338022325
1,2014-06-10,0.3875771583372312
1,2014-06-11,0.3855646449696821
1,2014-06-12,0.38329514572573936
1,2014-06-13,0.3809758082167138
1,2014-06-14,0.37871450601392365
1,2014-06-15,0.37666354243417177
1,2014-06-16,0.37481761840369926
1,2014-06-17,0.37300970623724816
1,2014-06-18,0.37103267931875145
1,2014-06-19,0.3690293030515497
1,2014-06-20,0.36701939410382795
1,2014-06-21,0.36495519746944793
1,2014-06-22,0.3628539608558177
1,2014-06-23,0.3606301517562081
1,2014-06-24,0.3582194601798725
1,2014-06-25,0.3557554919479144
1,2014-06-26,0.3534697101573589
1,2014-06-27,0.35132810625436306
1,2014-06-28,0.34926539836693593
1,2014-06-29,0.3471780278914325
1,2014-06-30,0.34494457622301516
1,2014-07-01,0.3425632425562231
1,2014-07-02,0.3400440852590188
1,2014-07-03,0.33736922614865
1,2014-07-04,0.3345529969193392
1,2014-07-05,0.331668637932917
1,2014-07-06,0.32870234287149147
1,2014-07-07,0.32559424983169444
1,2014-07-08,0.32236341157395537
1,2014-07-09,0.318941851309905
1,2014-07-10,0.3152882391221102
1,2014-07-11,0.311567796173297
1,2014-07-12,0.30782806559751014
1,2014-07-13,0.3039759126425897
1,2014-07-14,0.29990622022172714
1,2014-07-15,0.29550738644852087
1,2014-07-16,0.2907639199904361
1,2014-07-17,0.28580914624319387
1,2014-07-18,0.28067021563891276
1,2014-07-19,0.2754158333164241
1,2014-07-20,0.2702811620998568
1,2014-07-21,0.2654908420882817
1,2014-07-22,0.2610585926193937
1,2014-07-23,0.2569927763476796
1,2014-07-24,0.25342503894913365
1,2014-07-25,0.2503584139586415
1,2014-07-26,0.2479599361840187
1,2014-07-27,0.2461856383826473
1,2014-07-28,0.24494306048803585
1,2014-07-29,0.2440726503612256
1,2014-07-30,0.2433887303024521
1,2014-07-31,0.24274189410021763
1,2014-08-01,0.24207668462230245
1,2014-08-02,0.2413400467378699
1,2014-08-03,0.24043041824239966
1,2014-08-04,0.2392928161367459
1,2014-08-05,0.23784019337557555
1,2014-08-06,0.23604828700229305
1,2014-08-07,0.23401775848837042
1,2014-08-08,0.23186452796228924
1,2014-08-09,0.2296161150004409
1,2014-08-10,0.22735914029479576
1,2014-08-11,0.2250494536453216
1,2014-08-12,0.22268135840842804
1,2014-08-13,0.22024785985904266
1,2014-08-14,0.21757110743454744
1,2014-08-15,0.2144866386724176
1,2014-08-16,0.21090500368900345
1,2014-08-17,0.20685682039976108
1,2014-08-18,0.2024132280282729
1,2014-08-19,0.19773645118205088
1,2014-08-20,0.19280948472609574
1,2014-08-21,0.18747361956471972
1,2014-08-22,0.18175549288833603
1,2014-08-23,0.17570852513297924
1,2014-08-24,0.16933425123839663
1,2014-08-25,0.1627073146439438
1,2014-08-26,0.1558169023353505
1,2014-08-27,0.1485825382922449
1,2014-08-28,0.1410380339090895
1,2014-08-29,0.1331818658176631
1,2014-08-30,0.1250059788725543
1,2014-08-31,0.11646125996445894
1,2014-09-01,0.10743886252904336
1,2014-09-02,0.09765430048986272
1,2014-09-03,0.08707747200492091
1,2014-09-04,0.0759663785189206
1,2014-09-05,0.06442369966254108
1,2014-09-06,0.052630722269790556
1,2014-09-07,0.04102139017695183
1,2014-09-08,0.029717620579654908
1,2014-09-09,0.01876998208144967
1,2014-09-10,0.008154201612192187
1,2014-09-11,-0.002138336987340145
1,2014-09-12,-0.012081898020937855
1,2014-09-13,-0.021721216286731997
1,2014-09-14,-0.031041532233113543
1,2014-09-15,-0.04001059547296919
1,2014-09-16,-0.048386985231734125
1,2014-09-17,-0.056082620866186594
1,2014-09-18,-0.06348772306329428
1,2014-09-19,-0.07096757594482875
1,2014-09-20,-0.07881583586302701
1,2014-09-21,-0.08726627557514036
1,2014-09-22,-0.09628807750593231
1,2014-09-23,-0.1058587446140791
1,2014-09-24,-0.1158006577234906
1,2014-09-25,-0.12581010223371225
1,2014-09-26,-0.1356278703986314
1,2014-09-27,-0.14511488765704553
1,2014-09-28,-0.15428089246671112
1,2014-09-29,-0.1631043351621828
1,2014-09-30,-0.17155885719696207
1,2014-10-01,-0.17952421449142872
1,2014-10-02,-0.186859842746515
1,2014-10-03,-0.1936206262622599
1,2014-10-04,-0.19991071204818078
1,2014-10-05,-0.20596871367997885
1,2014-10-06,-0.21182295510061536
1,2014-10-07,-0.2173532201681263
1,2014-10-08,-0.22256424631451951
1,2014-10-09,-0.22755574723492458
1,2014-10-10,-0.2324765703959711
1,2014-10-11,-0.23734266736080964
1,2014-10-12,-0.24218752194568546
1,2014-10-13,-0.2471435928598572
1,2014-10-14,-0.25230076573209426
1,2014-10-15,-0.2576735460789174
1,2014-10-16,-0.26305007854609624
1,2014-10-17,-0.26832558943284124
1,2014-10-18,-0.2735363937086825
1,2014-10-19,-0.2787163647330931
1,2014-10-20,-0.2840362690345574
1,2014-10-21,-0.28960537368984113
1,2014-10-22,-0.2953989683042178
1,2014-10-23,-0.30131272553072397
1,2014-10-24,-0.3073308822434289
1,2014-10-25,-0.3134125349633317
1,2014-10-26,-0.31950899633768776
1,2014-10-27,-0.32557452342475185
1,2014-10-28,-0.3315551676970805
1,2014-10-29,-0.3373802950264354
1,2014-10-30,-0.34302061004738493
1,2014-10-31,-0.34857689738213293
1,2014-11-01,-0.3541146125795522
1,2014-11-02,-0.35969451370686495
1,2014-11-03,-0.3653497000421733
1,2014-11-04,-0.3711109559753015
1,2014-11-05,-0.376970713825648
1,2014-11-06,-0.3829297176431456
1,2014-11-07,-0.3889249408508741
1,2014-11-08,-0.3948319033404032
1,2014-11-09,-0.4006090814235463
1,2014-11-10,-0.40622571021509873
1,2014-11-11,-0.41163033136934285
1,2014-11-12,-0.4167977436578097
1,2014-11-13,-0.4217102194736412
1,2014-11-14,-0.426329201824803
1,2014-11-15,-0.4306375211629132
1,2014-11-16,-0.4346444512367845
1,2014-11-17,-0.438336495996861
1,2014-11-18,-0.44171761302532586
1,2014-11-19,-0.4447971831142676
1,2014-11-20,-0.44761643986898586
1,2014-11-21,-0.450203686704206
1,2014-11-22,-0.45261095585823036
1,2014-11-23,-0.4548443661454204
1,2014-11-24,-0.45692472945704166
1,2014-11-25,-0.4589011955410083
1,2014-11-26,-0.46076964806391707
1,2014-11-27,-0.46247317471200505
1,2014-11-28,-0.4639520537531402
1,2014-11-29,-0.465149709002965
1,2014-11-30,-0.46603760136937233
1,2014-12-01,-0.4666174640430329
1,2014-12-02,-0.4668253834591209
1,2014-12-03,-0.46660093780718864
1,2014-12-04,-0.4659725219769468
1,2014-12-05,-0.4650454215701948
1,2014-12-06,-0.4639272154541325
1,2014-12-07,-0.4626944105290688
1,2014-12-08,-0.4613760236298077
1,2014-12-09,-0.45996013110546297
1,2014-12-10,-0.45845094056078006
1,2014-12-11,-0.4569072147341521
1,2014-12-12,-0.45542378798988564
1,2014-12-13,-0.45411857001399586
1,2014-12-14,-0.45299472472913893
1,2014-12-15,-0.4520917061970455
1,2014-12-16,-0.4514361137278058
1,2014-12-17,-0.45102905154447526
1,2014-12-18,-0.45080208557588997
1,2014-12-19,-0.4506576041297596
1,2014-12-20,-0.4505493135427297
1,2014-12-21,-0.4504167305976403
1,2014-12-22,-0.45024087115607436
1,2014-12-23,-0.45004168748657203
1,2014-12-24,-0.4498230798070636
1,2014-12-25,-0.44960768105904647
1,2014-12-26,-0.44941345227954377
1,2014-12-27,-0.4491912037466493
1,2014-12-28,-0.44897661445226694
1,2014-12-29,-0.44867643697238013
1,2014-12-30,-0.44821558261739064
1,2014-12-31,-0.4475527822970914
1,2015-01-01,-0.4467125941738953
1,2015-01-02,-0.4457096676893129
1,2015-01-03,-0.44457060754239974
1,2015-01-04,-0.4433529883459026
1,2015-01-05,-0.4420766845547033
1,2015-01-06,-0.4407319655153605
1,2015-01-07,-0.4393578205880405
1,2015-01-08,-0.43790933222846556
1,2015-01-09,-0.43630124096232215
1,2015-01-10,-0.434514882324961
1,2015-01-11,-0.43248533674370376
1,2015-01-12,-0.43027803935137615
1,2015-01-13,-0.4279995529545397
1,2015-01-14,-0.4257554180435156
1,2015-01-15,-0.42355166525480487
1,2015-01-16,-0.42141097320119175
1,2015-01-17,-0.4193235262248389
1,2015-01-18,-0.41731370366582304
1,2015-01-19,-0.41542287765954466
1,2015-01-20,-0.4136735393514786
1,2015-01-21,-0.4120127602433616
1,2015-01-22,-0.4104959278968405
1,2015-01-23,-0.40914565146390103
1,2015-01-24,-0.4079530606747515
1,2015-01-25,-0.4069162444518267
1,2015-01-26,-0.40600449243189635
1,2015-01-27,-0.4051684326873813
1,2015-01-28,-0.4043540495765685
1,2015-01-29,-0.4036274068962334
1,2015-01-30,-0.4029824225758215
1,2015-01-31,-0.40238351828436014
1,2015-02-01,-0.40176051659276335
1,2015-02-02,-0.40107051165105034
1,2015-02-03,-0.4002997206708683
1,2015-02-04,-0.39947102017283065
1,2015-02-05,-0.39858836507806544
1,2015-02-06,-0.3976828864607494
1,2015-02-07,-0.39674136257349063
1,2015-02-08,-0.3957582960445764
1,2015-02-09,-0.3947614143409744
1,2015-02-10,-0.3938243045334031
1,2015-02-11,-0.3930011439694632
1,2015-02-12,-0.39225976043779753
1,2015-02-13,-0.3915788344981787
1,2015-02-14,-0.3909502349981704
1,2015-02-15,-0.39042655500568757
1,2015-02-16,-0.3900622853782156
1,2015-02-17,-0.38991899860621504
1,2015-02-18,-0.3899692718393142
1,2015-02-19,-0.39016410300130916
1,2015-02-20,-0.3904799350356017
1,2015-02-21,-0.3908879430577325
1,2015-02-22,-0.3913511768672602
1,2015-02-23,-0.3918299973746168
1,2015-02-24,-0.39225721356550625
1,2015-02-25,-0.3925996097907745
1,2015-02-26,-0.3929609509093094
1,2015-02-27,-0.39336375346065294
1,2015-02-28,-0.3937556668305139
1,2015-03-01,-0.39406101194059817
1,2015-03-02,-0.3942364105788563
1,2015-03-03,-0.39420057660604474
1,2015-03-04,-0.3939276376851104
1,2015-03-05,-0.39345244944016633
1,2015-03-06,-0.3928237476940191
1,2015-03-07,-0.39207203518083
1,2015-03-08,-0.391237971498433
1,2015-03-09,-0.3903508970431189
1,2015-03-10,-0.38942103030937725
1,2015-03-11,-0.3883958824160573
1,2015-03-12,-0.38726674450967125
1,2015-03-13,-0.38607868861555944
1,2015-03-14,-0.3848758094546664
1,2015-03-15,-0.38370158426827083
1,2015-03-16,-0.3825404494450677
1,2015-03-17,-0.3814972675992657
1,2015-03-18,-0.3806043946572169
1,2015-03-19,-0.3797601645607459
1,2015-03-20,-0.3790004486731809
1,2015-03-21,-0.3784234371570518
1,2015-03-22,-0.37792799211913997
1,2015-03-23,-0.37741546195097675
1,2015-03-24,-0.376769098411443
1,2015-03-25,-0.3757807165053561
1,2015-03-26,-0.3744160789087134
1,2015-03-27,-0.3726001620465829
1,2015-03-28,-0.37022847961726324
1,2015-03-29,-0.3672405883578023
1,2015-03-30,-0.3637122928060393
1,2015-03-31,-0.35965497984195666
1,2015-04-01,-0.35505259070559453
1,2015-04-02,-0.34997234017742174
1,2015-04-03,-0.3443507874060606
1,2015-04-04,-0.3380218047094027
1,2015-04-05,-0.3309321943865475
1,2015-04-06,-0.3229105606631822
1,2015-04-07,-0.31376344740780754
1,2015-04-08,-0.3035157449392424
1,2015-04-09,-0.29213491273680875
1,2015-04-10,-0.27988238212908667
1,2015-04-11,-0.2670971787352429
1,2015-04-12,-0.2538488580095861
1,2015-04-13,-0.23979576002250433
1,2015-04-14,-0.22488719150810563
1,2015-04-15,-0.20911447505039918
1,2015-04-16,-0.19236289054213926
1,2015-04-17,-0.1746601757165141
1,2015-04-18,-0.1560187204300281
1,2015-04-19,-0.13622189638970775
1,2015-04-20,-0.11534161868422149
1,2015-04-21,-0.09381981462818562
1,2015-04-22,-0.07222192242093264
1,2015-04-23,-0.05071782006507373
1,2015-04-24,-0.029181133396906495
1,2015-04-25,-0.00771646078946807
1,2015-04-26,0.013961816025033364
1,2015-04-27,0.03577669176288926
1,2015-04-28,0.05741741159268339
1,2015-04-29,0.07870394528013326
1,2015-04-30,0.09982350944479022
1,2015-05-01,0.12083662683763494
1,2015-05-02,0.14173290291069318
1,2015-05-03,0.16233682863358112
1,2015-05-04,0.18261087786732197
1,2015-05-05,0.2023783037559578
1,2015-05-06,0.22147942505090318
1,2015-05-07,0.2400781393746519
1,2015-05-08,0.2581358535054876
1,2015-05-09,0.2754662405879161
1,2015-05-10,0.2916394366791452
1,2015-05-11,0.3066364324853454
1,2015-05-12,0.32079267250008975
1,2015-05-13,0.33429012811985703
1,2015-05-14,0.34714247039628887
1,2015-05-15,0.359399231383028
1,2015-05-16,0.370879113221062
1,2015-05-17,0.3815995121541304
1,2015-05-18,0.3913829635476083
1,2015-05-19,0.3999950480727313
1,2015-05-20,0.40737549213378416
1,2015-05-21,0.4133396594153724
1,2015-05-22,0.417922519713097
1,2015-05-23,0.4213964353382827
1,2015-05-24,0.42415439478579553
1,2015-05-25,0.42610892907261394
1,2015-05-26,0.42712157735419576
1,2015-05-27,0.42731960927003504
1,2015-05-28,0.4268381673744079
1,2015-05-29,0.4257208769735008
1,2015-05-30,0.42398256691255526
1,2015-05-31,0.4215599627462736
1,2015-06-01,0.4184654199126199
1,2015-06-02,0.4150044702144527
1,2015-06-03,0.41144912951582036
1,2015-06-04,0.4077596284925097
1,2015-06-05,0.40394961383692873
1,2015-06-06,0.4000971168872165
1,2015-06-07,0.39616461204999215
1,2015-06-08,0.3922659363767167
1,2015-06-09,0.38853368893473855
1,2015-06-10,0.38501674035036215
1,2015-06-11,0.3817585713245192
1,2015-06-12,0.3787377551730077
1,2015-06-13,0.3760108992048709
1,2015-06-14,0.37364476060502777
1,2015-06-15,0.371740281620651
1,2015-06-16,0.37018599517328826
1,2015-06-17,0.36887498972744914
1,2015-06-18,0.36773128594819393
1,2015-06-19,0.3666766874404925
1,2015-06-20,0.36559880732809835
1,2015-06-21,0.3644765111109517
1,2015-06-22,0.36321847131641455
1,2015-06-23,0.3616317075799303
1,2015-06-24,0.35971211440562445
1,2015-06-25,0.3576369394291285
1,2015-06-26,0.35549209828526157
1,2015-06-27,0.3532527737920099
1,2015-06-28,0.3510175398894645
1,2015-06-29,0.34878179437044893
1,2015-06-30,0.3464520494937878
1,2015-07-01,0.34398104961096976
1,2015-07-02,0.34121908369332454
1,2015-07-03,0.3382649361861404
1,2015-07-04,0.33526495538064405
1,2015-07-05,0.3322773191447839
1,2015-07-06,0.32918041769775586
1,2015-07-07,0.32582609166086773
1,2015-07-08,0.3221905625065455
1,2015-07-09,0.3182183642824743
1,2015-07-10,0.3138975369817943
1,2015-07-11,0.309266344924393
1,2015-07-12,0.3043455605084911
1,2015-07-13,0.29917235514639473
1,2015-07-14,0.29383316762644873
1,2015-07-15,0.2884547779579079
1,2015-07-16,0.2831783002426323
1,2015-07-17,0.2780683621899887
1,2015-07-18,0.2731340786508084
1,2015-07-19,0.26845334774717744
1,2015-07-20,0.2640332261849745
1,2015-07-21,0.259872856900942
1,2015-07-22,0.25603844961919187
1,2015-07-23,0.2525159421893823
1,2015-07-24,0.24923411570255946
1,2015-07-25,0.2461612242860085
1,2015-07-26,0.24331308955018793
1,2015-07-27,0.2408157042200453
1,2015-07-28,0.2387274332542062
1,2015-07-29,0.23700221377689884
1,2015-07-30,0.23557156965516723
1,2015-07-31,0.23440153918756843
1,2015-08-01,0.23345655304647778
1,2015-08-02,0.2325976867974295
1,2015-08-03,0.23174920471688903
1,2015-08-04,0.2308917896373382
1,2015-08-05,0.2299356399628763
1,2015-08-06,0.2288292249726137
1,2015-08-07,0.2275117610846014
1,2015-08-08,0.225915478428641
1,2015-08-09,0.2240726604080528
1,2015-08-10,0.2219945467804858
1,2015-08-11,0.2196141202391173
1,2015-08-12,0.21684864462239847
1,2015-08-13,0.2136089061911878
1,2015-08-14,0.20993674031737017
1,2015-08-15,0.2059543329540135
1,2015-08-16,0.2017636002360432
1,2015-08-17,0.19729467102235015
1,2015-08-18,0.1925556836416027
1,2015-08-19,0.18754533629811693
1,2015-08-20,0.18208298289247235
1,2015-08-21,0.17613017632185116
1,2015-08-22,0.16973021320710496
1,2015-08-23,0.16278073087412762
1,2015-08-24,0.15529055858678925
1,2015-08-25,0.1474351533686408
1,2015-08-26,0.13942154936383672
1,2015-08-27,0.13135029474868173
1,2015-08-28,0.12324813018673131
1,2015-08-29,0.11511370885078859
1,2015-08-30,0.10686564406259356
1,2015-08-31,0.09858200875173809
1,2015-09-01,0.09036722837937637
1,2015-09-02,0.08216342440829189
1,2015-09-03,0.07395079318480031
1,2015-09-04,0.0656466964072169
1,2015-09-05,0.05723498792602419
1,2015-09-06,0.048948738225762685
1,2015-09-07,0.040987370754278746
1,2015-09-08,0.033158261982597206
1,2015-09-09,0.025144600897052328
1,2015-09-10,0.01669670778584885
1,2015-09-11,0.007835597686565839
1,2015-09-12,-0.001231678388203674
1,2015-09-13,-0.010244392620158192
1,2015-09-14,-0.019344405843096178
1,2015-09-15,-0.02880021963040296
1,2015-09-16,-0.038580799293434144
1,2015-09-17,-0.04863209559964905
1,2015-09-18,-0.058855796305149616
1,2015-09-19,-0.06921773603040345
1,2015-09-20,-0.07964075789236083
1,2015-09-21,-0.0901541817169319
1,2015-09-22,-0.10065099014726707
1,2015-09-23,-0.11096478677679475
1,2015-09-24,-0.12102479855757346
1,2015-09-25,-0.13097903784882092
1,2015-09-26,-0.14102043196298772
1,2015-09-27,-0.15120234689657455
1,2015-09-28,-0.16121771786338904
1,2015-09-29,-0.17074528649309179
1,2015-09-30,-0.17967597985898467
1,2015-10-01,-0.18792945171728564
1,2015-10-02,-0.195646651758612
1,2015-10-03,-0.2029585692660414
1,2015-10-04,-0.20996501495758915
1,2015-10-05,-0.21668414368897693
1,2015-10-06,-0.2230688090714205
1,2015-10-07,-0.22903651246058795
1,2015-10-08,-0.23448904244614296
1,2015-10-09,-0.23942513200599794
1,2015-10-10,-0.24389380141213973
1,2015-10-11,-0.24814723788522153
1,2015-10-12,-0.2523062617858162
1,2015-10-13,-0.25648470701742054
1,2015-10-14,-0.26074415758933567
1,2015-10-15,-0.2652097753489813
1,2015-10-16,-0.2698728924595956
1,2015-10-17,-0.2746283913401897
1,2015-10-18,-0.2792960933576565
1,2015-10-19,-0.28395402585450735
1,2015-10-20,-0.2887459870436952
1,2015-10-21,-0.2937879848681313
1,2015-10-22,-0.29905549580607427
1,2015-10-23,-0.3044961002027251
1,2015-10-24,-0.3101401387725752
1,2015-10-25,-0.3158251144345964
1,2015-10-26,-0.321475292547884
1,2015-10-27,-0.32706110881510797
1,2015-10-28,-0.332567045861579
1,2015-10-29,-0.3379616602940553
1,2015-10-30,-0.343279776961267
1,2015-10-31,-0.34862431835315594
1,2015-11-01,-0.3541079755357722
1,2015-11-02,-0.3596834589829425
1,2015-11-03,-0.3652326875866263
1,2015-11-04,-0.3707034979504342
1,2015-11-05,-0.37611815439639373
1,2015-11-06,-0.38152720215126534
1,2015-11-07,-0.38694329946233885
1,2015-11-08,-0.39240379021782734
1,2015-11-09,-0.3979282922074865
1,2015-11-10,-0.4035098668264049
1,2015-11-11,-0.4090935606088922
1,2015-11-12,-0.4146696754968308
1,2015-11-13,-0.42028124473708833
1,2015-11-14,-0.4258863873589331
1,2015-11-15,-0.43138670482683183
1,2015-11-16,-0.43671448599547064
1,2015-11-17,-0.44181880866986045
1,2015-11-18,-0.4466465623210205
1,2015-11-19,-0.45114558046962816
1,2015-11-20,-0.45520058210393033
1,2015-11-21,-0.45880312398694184
1,2015-11-22,-0.46196232073580745
1,2015-11-23,-0.4646659283441329
1,2015-11-24,-0.4668473627222528
1,2015-11-25,-0.46854077949968703
1,2015-11-26,-0.4698334049816689
1,2015-11-27,-0.4707266714146533
1,2015-11-28,-0.47118845440055657
1,2015-11-29,-0.47124571309270097
1,2015-11-30,-0.47093283749241205
1,2015-12-01,-0.47028403518109885
1,2015-12-02,-0.469322101963721
1,2015-12-03,-0.46810978393568026
1,2015-12-04,-0.4667584063855214
1,2015-12-05,-0.46525980144393336
1,2015-12-06,-0.46363166556238367
1,2015-12-07,-0.46188670942903326
1,2015-12-08,-0.46006329205732616
1,2015-12-09,-0.45819241533223576
1,2015-12-10,-0.4563153066029597
1,2015-12-11,-0.4544814524302191
1,2015-12-12,-0.45275918984789365
1,2015-12-13,-0.45124761998588836
1,2015-12-14,-0.45001294380868867
1,2015-12-15,-0.44900646104750835
1,2015-12-16,-0.44816149715474
1,2015-12-17,-0.44747335927861187
1,2015-12-18,-0.44694343163004974
1,2015-12-19,-0.4466001869179123
1,2015-12-20,-0.44642445479352283
1,2015-12-21,-0.4463474125406191
1,2015-12-22,-0.44632198235910014
1,2015-12-23,-0.4463224022390387
1,2015-12-24,-0.4463078470163084
1,2015-12-25,-0.44629116303297195
1,2015-12-26,-0.4462799733121089
1,2015-12-27,-0.4462661607184477
1,2015-12-28,-0.4462529304718019
1,2015-12-29,-0.4461851352914112
1,2015-12-30,-0.44599610792226857
1,2015-12-31,-0.4456222176681884
1,2016-01-01,-0.44506181225457186
1,2016-01-02,-0.44429201328390455
1,2016-01-03,-0.44332602618316613
1,2016-01-04,-0.44221307117921205
1,2016-01-05,-0.4409700183670169
1,2016-01-06,-0.4396203671182849
1,2016-01-07,-0.4381862191222182
1,2016-01-08,-0.43662158298463644
1,2016-01-09,-0.4348950665288557
1,2016-01-10,-0.4330435660003064
1,2016-01-11,-0.4310812074418936
1,2016-01-12,-0.4290541399997351
1,2016-01-13,-0.4270272454704833
1,2016-01-14,-0.42502033250328475
1,2016-01-15,-0.4230033066349285
1,2016-01-16,-0.4209627475211924
1,2016-01-17,-0.4188795372657173
1,2016-01-18,-0.4167588449702019
1,2016-01-19,-0.41465140773467213
1,2016-01-20,-0.4126242775884282
1,2016-01-21,-0.4106599470202466
1,2016-01-22,-0.4087087342324975
1,2016-01-23,-0.406777084163486
1,2016-01-24,-0.4048811483127148
1,2016-01-25,-0.40306008252392306
1,2016-01-26,-0.4013535350647017
1,2016-01-27,-0.3997721243411811
1,2016-01-28,-0.3983358292776278
1,2016-01-29,-0.3970822366112604
1,2016-01-30,-0.39600595893818297
1,2016-01-31,-0.3950711024239121
1,2016-02-01,-0.3942308535481733
1,2016-02-02,-0.39345947049884256
1,2016-02-03,-0.39271497047192705
1,2016-02-04,-0.39205814313587517
1,2016-02-05,-0.39153858833140814
1,2016-02-06,-0.3911399947765728
1,2016-02-07,-0.3908336525856614
1,2016-02-08,-0.39060354545635845
1,2016-02-09,-0.3904564052425736
1,2016-02-10,-0.390361170057841
1,2016-02-11,-0.39030085089999944
1,2016-02-12,-0.390198049864762
1,2016-02-13,-0.3900259220575226
1,2016-02-14,-0.38976893796059586
1,2016-02-15,-0.38945142219335915
1,2016-02-16,-0.3891391895967275
1,2016-02-17,-0.38889714278919385
1,2016-02-18,-0.38869540550836024
1,2016-02-19,-0.3885070489730975
1,2016-02-20,-0.388300957871138
1,2016-02-21,-0.3880612739754895
1,2016-02-22,-0.38779614636378396
1,2016-02-23,-0.3875485662976146
1,2016-02-24,-0.38735819277744193
1,2016-02-25,-0.38720045469226827
1,2016-02-26,-0.3870757994023617
1,2016-02-27,-0.3869770556363101
1,2016-02-28,-0.38691855995352004
1,2016-02-29,-0.3868495929134069
1,2016-03-01,-0.38670423619275424
1,2016-03-02,-0.38644152742724536
1,2016-03-03,-0.38607502968016494
1,2016-03-04,-0.38560565910925526
1,2016-03-05,-0.38505280311821327
1,2016-03-06,-0.38437597034210175
1,2016-03-07,-0.3835428653292507
1,2016-03-08,-0.38257204154897523
1,2016-03-09,-0.3814396249078202
1,2016-03-10,-0.3801930808167201
1,2016-03-11,-0.3788318408040506
1,2016-03-12,-0.37727310084195165
1,2016-03-13,-0.3754800505083959
1,2016-03-14,-0.3734915876190857
1,2016-03-15,-0.37140799866859775
1,2016-03-16,-0.36937980502817036
1,2016-03-17,-0.3674835210498954
1,2016-03-18,-0.36576558623601874
1,2016-03-19,-0.3642391752356895
1,2016-03-20,-0.36284848023917177
1,2016-03-21,-0.3616183147070799
1,2016-03-22,-0.36046788842436817
1,2016-03-23,-0.35916817132170725
1,2016-03-24,-0.3575388936645389
1,2016-03-25,-0.35547009483230124
1,2016-03-26,-0.3531184643569861
1,2016-03-27,-0.35069682815160536
1,2016-03-28,-0.3484047327438759
1,2016-03-29,-0.3462392437628011
1,2016-03-30,-0.34404295978850846
1,2016-03-31,-0.3414998220350648
1,2016-04-01,-0.3383144201681681
1,2016-04-02,-0.33427944105069485
1,2016-04-03,-0.32944104666617546
1,2016-04-04,-0.32352795759663727
1,2016-04-05,-0.31623840281948534
1,2016-04-06,-0.3076812858845292
1,2016-04-07,-0.29813892585360613
1,2016-04-08,-0.2875597792321148
1,2016-04-09,-0.2758188733365225
1,2016-04-10,-0.2628271379934978
1,2016-04-11,-0.24854487581366233
1,2016-04-12,-0.23314656387893537
1,2016-04-13,-0.21677796147513007
1,2016-04-14,-0.19947774488283507
1,2016-04-15,-0.18149670820530364
1,2016-04-16,-0.1628307759387993
1,2016-04-17,-0.1431932783252216
1,2016-04-18,-0.12256188807645642
1,2016-04-19,-0.10122508153170236
1,2016-04-20,-0.07970364589459258
1,2016-04-21,-0.05812761478847031
1,2016-04-22,-0.036486334358315935
1,2016-04-23,-0.014848808218668698
1,2016-04-24,0.00693808944275925
1,2016-04-25,0.028839257391145397
1,2016-04-26,0.050946577916554055
1,2016-04-27,0.07358291642805988
1,2016-04-28,0.09645643963387818
1,2016-04-29,0.11931911462281447
1,2016-04-30,0.14194389187003523
1,2016-05-01,0.16411825033591318
1,2016-05-02,0.18546900246113754
1,2016-05-03,0.20573570926195076
1,2016-05-04,0.22488154584669912
1,2016-05-05,0.24295317022667837
1,2016-05-06,0.2600085076067067
1,2016-05-07,0.27618079811487656
1,2016-05-08,0.2915739562667821
1,2016-05-09,0.306356755713317
1,2016-05-10,0.32055751211983496
1,2016-05-11,0.33373231161157185
1,2016-05-12,0.3457277942755699
1,2016-05-13,0.3565081957197819
1,2016-05-14,0.3660667032955449
1,2016-05-15,0.3742314487903851
1,2016-05-16,0.3811255521685987
1,2016-05-17,0.3868051441400741
1,2016-05-18,0.3913882874856323
1,2016-05-19,0.3949831041886163
1,2016-05-20,0.397632022713457
1,2016-05-21,0.39938892848982466
1,2016-05-22,0.4003298272040837
1,2016-05-23,0.4004480768105285
1,2016-05-24,0.39976167576800276
1,2016-05-25,0.3983740518549318
1,2016-05-26,0.39636554336283036
1,2016-05-27,0.39387410973030046
1,2016-05-28,0.39102787092599844
1,2016-05-29,0.3879531967592383
1,2016-05-30,0.38448641665137595
1,2016-05-31,0.3805592681308347
1,2016-06-01,0.3762326436923749
1,2016-06-02,0.37172883700610826
1,2016-06-03,0.36737060558455154
1,2016-06-04,0.36327321854580696
1,2016-06-05,0.3594167482694734
1,2016-06-06,0.35565827849191034
1,2016-06-07,0.3519456606057521
1,2016-06-08,0.34827141174447074
1,2016-06-09,0.3447525256921171
1,2016-06-10,0.34165573511791864
1,2016-06-11,0.3390041607665771
1,2016-06-12,0.33691941124369723
1,2016-06-13,0.33545562815677576
1,2016-06-14,0.3344847876647444
1,2016-06-15,0.33376403005882405
1,2016-06-16,0.33303695752450563
1,2016-06-17,0.3322219751635871
1,2016-06-18,0.3315162351460881
1,2016-06-19,0.33095758770988076
1,2016-06-20,0.33062895504996187
1,2016-06-21,0.3305051799975328
1,2016-06-22,0.3304665821932887
1,2016-06-23,0.3303980833052529
1,2016-06-24,0.3302527751726713
1,2016-06-25,0.33002640587772036
1,2016-06-26,0.32980217423561875
1,2016-06-27,0.329349621783071
1,2016-06-28,0.32845287076897034
1,2016-06-29,0.32712947771526507
1,2016-06-30,0.32554064446743197
1,2016-07-01,0.32372721492129986
1,2016-07-02,0.3215406642421587
1,2016-07-03,0.3189010474971095
1,2016-07-04,0.3157962584514543
1,2016-07-05,0.3123941832854438
1,2016-07-06,0.3088967943147244
1,2016-07-07,0.30538502452783206
1,2016-07-08,0.30198167346523835
1,2016-07-09,0.298615283891783
1,2016-07-10,0.2951591390857373
1,2016-07-11,0.29162051826616797
1,2016-07-12,0.28791709803464766
1,2016-07-13,0.2841349263626119
1,2016-07-14,0.28028724267740224
1,2016-07-15,0.27648460545524434
1,2016-07-16,0.272824846365394
1,2016-07-17,0.26924637876797214
1,2016-07-18,0.26570759725015924
1,2016-07-19,0.2621874086548392
1,2016-07-20,0.2586627369455957
1,2016-07-21,0.2553364833271824
1,2016-07-22,0.25232559242463365
1,2016-07-23,0.2497480528252414
1,2016-07-24,0.24768448267916568
1,2016-07-25,0.24599850941310075
1,2016-07-26,0.24468003406095967
1,2016-07-27,0.24369251183567542
1,2016-07-28,0.24300179458379345
1,2016-07-29,0.24247019641395845
1,2016-07-30,0.24199980753168157
1,2016-07-31,0.24160463547095654
1,2016-08-01,0.2412707186335523
1,2016-08-02,0.24092342010156506
1,2016-08-03,0.24046332957395697
1,2016-08-04,0.239794436544796
1,2016-08-05,0.23892739601937488
1,2016-08-06,0.2378047770215739
1,2016-08-07,0.23636424212274587
1,2016-08-08,0.2345458673311891
1,2016-08-09,0.23231686909157784
1,2016-08-10,0.22976564907294014
1,2016-08-11,0.22688019606343637
1,2016-08-12,0.22356112891203828
1,2016-08-13,0.21968982011766042
1,2016-08-14,0.2151409859646862
1,2016-08-15,0.209844633110333
1,2016-08-16,0.20386438692659703
1,2016-08-17,0.19731860579171592
1,2016-08-18,0.19033621305038867
1,2016-08-19,0.18303325353433772
1,2016-08-20,0.17548794555339484
1,2016-08-21,0.16773468688827858
1,2016-08-22,0.15977893445548177
1,2016-08-23,0.15175244189244577
1,2016-08-24,0.14372070244384855
1,2016-08-25,0.13560294569142675
1,2016-08-26,0.12740202056834593
1,2016-08-27,0.11926153141803121
1,2016-08-28,0.11120763089554703
1,2016-08-29,0.10326892830511189
1,2016-08-30,0.09530374382237347
1,2016-08-31,0.08695171925577551
1,2016-09-01,0.07811687383826435
1,2016-09-02,0.0686095646239428
1,2016-09-03,0.058471895138777416
1,2016-09-04,0.04796325442898313
1,2016-09-05,0.03730426018888849
1,2016-09-06,0.0266539808351954
1,2016-09-07,0.0161535486191588
1,2016-09-08,0.005859080948431165
1,2016-09-09,-0.004291090046397427
1,2016-09-10,-0.014433713581753176
1,2016-09-11,-0.024608421339133785
1,2016-09-12,-0.03492095630927075
1,2016-09-13,-0.045221769643995616
1,2016-09-14,-0.055141523801364216
1,2016-09-15,-0.06458908771446016
1,2016-09-16,-0.07374617814917384
1,2016-09-17,-0.0827807783364579
1,2016-09-18,-0.09187667291554782
1,2016-09-19,-0.10117041000528568
1,2016-09-20,-0.11077889257534464
1,2016-09-21,-0.12062370078540939
1,2016-09-22,-0.1305275871881355
1,2016-09-23,-0.14032336157073716
1,2016-09-24,-0.14993837645893918
1,2016-09-25,-0.15922499491628148
1,2016-09-26,-0.16813803346029382
1,2016-09-27,-0.1767920319446649
1,2016-09-28,-0.1851508489592118
1,2016-09-29,-0.19312760889170197
1,2016-09-30,-0.20044015085030892
1,2016-10-01,-0.20705555043481674
1,2016-10-02,-0.21307107905409137
1,2016-10-03,-0.2185935689143939
1,2016-10-04,-0.22366389087017705
1,2016-10-05,-0.22843949666708574
1,2016-10-06,-0.23311931457224966
1,2016-10-07,-0.23778383428944772
1,2016-10-08,-0.24239168217055207
1,2016-10-09,-0.24701487782695863
1,2016-10-10,-0.25156233788029325
1,2016-10-11,-0.25596014040989484
1,2016-10-12,-0.2603143181147006
1,2016-10-13,-0.26479637865003275
1,2016-10-14,-0.26945600678916865
1,2016-10-15,-0.2741309897554595
1,2016-10-16,-0.27875420204835377
1,2016-10-17,-0.28334391984573826
1,2016-10-18,-0.28792642365453974
1,2016-10-19,-0.29253551233693353
1,2016-10-20,-0.29719786518499886
1,2016-10-21,-0.30196693667543234
1,2016-10-22,-0.3068682762676208
1,2016-10-23,-0.3118908650351613
1,2016-10-24,-0.31697430586840214
1,2016-10-25,-0.32203736818433376
1,2016-10-26,-0.3270471628852334
1,2016-10-27,-0.3320071123033925
1,2016-10-28,-0.3368919527620964
1,2016-10-29,-0.341708066358596
1,2016-10-30,-0.34649070242464575
1,2016-10-31,-0.3512098651294883
1,2016-11-01,-0.35594110679746077
1,2016-11-02,-0.36077865905623197
1,2016-11-03,-0.3657309918877274
1,2016-11-04,-0.3707928781187571
1,2016-11-05,-0.3759891283244227
1,2016-11-06,-0.3812898246050721
1,2016-11-07,-0.3866577830806606
1,2016-11-08,-0.39208227558333403
1,2016-11-09,-0.3974908282443848
1,2016-11-10,-0.40279889324295487
1,2016-11-11,-0.4079437633123449
1,2016-11-12,-0.4129215008310508
1,2016-11-13,-0.41774196794044743
1,2016-11-14,-0.4223966783305221
1,2016-11-15,-0.42691153700509427
1,2016-11-16,-0.4312247224403678
1,2016-11-17,-0.4352912850819464
1,2016-11-18,-0.43912898675459466
1,2016-11-19,-0.44272919133843536
1,2016-11-20,-0.44603740586934904
1,2016-11-21,-0.44894151495568313
1,2016-11-22,-0.45145196118811226
1,2016-11-23,-0.45367469690912565
1,2016-11-24,-0.45567010912046896
1,2016-11-25,-0.4575120992023579
1,2016-11-26,-0.4592021975435422
1,2016-11-27,-0.46068876779964885
1,2016-11-28,-0.4618792517129711
1,2016-11-29,-0.46262974931132095
1,2016-11-30,-0.462880296310497
1,2016-12-01,-0.4626691788521416
1,2016-12-02,-0.4621079031222043
1,2016-12-03,-0.4613271791718534
1,2016-12-04,-0.46041147994412324
1,2016-12-05,-0.4594161754671916
1,2016-12-06,-0.4583177015644386
1,2016-12-07,-0.45706291260171006
1,2016-12-08,-0.45567526661674956
1,2016-12-09,-0.4542142817613023
1,2016-12-10,-0.4527427981757448
1,2016-12-11,-0.45137935796382
1,2016-12-12,-0.45020247965105165
1,2016-12-13,-0.44922230075307196
1,2016-12-14,-0.4484136983782818
1,2016-12-15,-0.44777693256897555
1,2016-12-16,-0.44725472190030985
1,2016-12-17,-0.446859304105178
1,2016-12-18,-0.4465750561932165
1,2016-12-19,-0.44643281857076256
1,2016-12-20,-0.4464613760111899
1,2016-12-21,-0.4466473978103011
1,2016-12-22,-0.4469177637846324
1,2016-12-23,-0.44720543997962064
1,2016-12-24,-0.4474406749171264
1,2016-12-25,-0.4476060474326375
1,2016-12-26,-0.4476572681834335
1,2016-12-27,-0.44757753353922347
1,2016-12-28,-0.4474164110298301
1,2016-12-29,-0.4471805573497069
1,2016-12-30,-0.4468550178088029
1,2016-12-31,-0.4469181157720332
1,2017-01-01,-0.4464144861244924
1,2017-01-02,-0.4457895234067331
1,2017-01-03,-0.4450023498920245
1,2017-01-04,-0.4440316297963063
1,2017-01-05,-0.4428984032037184
1,2017-01-06,-0.44159041914787844
1,2017-01-07,-0.440104270435326
1,2017-01-08,-0.4383932652723062
1,2017-01-09,-0.4365279967475192
1,2017-01-10,-0.4345559942705553
1,2017-01-11,-0.4325498715275413
1,2017-01-12,-0.4305299716930373
1,2017-01-13,-0.42851417672013575
1,2017-01-14,-0.42652004829032253
1,2017-01-15,-0.424492920125364
1,2017-01-16,-0.4223790560028056
1,2017-01-17,-0.42020691787131753
1,2017-01-18,-0.41804374716651593
1,2017-01-19,-0.41595412757306
1,2017-01-20,-0.4139919653564096
1,2017-01-21,-0.41218903765822185
1,2017-01-22,-0.4105643037002455
1,2017-01-23,-0.4090342919446377
1,2017-01-24,-0.4076024023845893
1,2017-01-25,-0.4062636519777321
1,2017-01-26,-0.4050276959114386
1,2017-01-27,-0.40390101007340534
1,2017-01-28,-0.40285409210603706
1,2017-01-29,-0.40188898029781456
1,2017-01-30,-0.40106904474439037
1,2017-01-31,-0.40041930643186996
1,2017-02-01,-0.399798500572795
1,2017-02-02,-0.39908038592132267
1,2017-02-03,-0.39824771650324203
1,2017-02-04,-0.3973170475368654
1,2017-02-05,-0.39632062975506616
1,2017-02-06,-0.39534746756000916
1,2017-02-07,-0.3944208403740556
1,2017-02-08,-0.39356731865387007
1,2017-02-09,-0.39278069811369387
1,2017-02-10,-0.39203108574890455
1,2017-02-11,-0.3913353568217875
1,2017-02-12,-0.39067870071428484
1,2017-02-13,-0.39001032815587505
1,2017-02-14,-0.3893532269256909
1,2017-02-15,-0.38883809306075545
1,2017-02-16,-0.38855289971950685
1,2017-02-17,-0.3885284508758354
1,2017-02-18,-0.3887115021731977
1,2017-02-19,-0.38905669084546274
1,2017-02-20,-0.3894439731334283
1,2017-02-21,-0.38982217523947527
1,2017-02-22,-0.39015698112107483
1,2017-02-23,-0.3904392363896032
1,2017-02-24,-0.39069804843958006
1,2017-02-25,-0.3909689359382932
1,2017-02-26,-0.3912299768294346
1,2017-02-27,-0.391469613847212
1,2017-02-28,-0.39170311502251537
1,2017-03-01,-0.39181865128992216
1,2017-03-02,-0.39177104221564807
1,2017-03-03,-0.39150124141323506
1,2017-03-04,-0.3909950501909832
1,2017-03-05,-0.39025880741440117
1,2017-03-06,-0.3893428314418035
1,2017-03-07,-0.38831330361575
1,2017-03-08,-0.387241873701092
1,2017-03-09,-0.3861657104742378
1,2017-03-10,-0.38504530953022353
1,2017-03-11,-0.38383276494129803
1,2017-03-12,-0.3825419619594229
1,2017-03-13,-0.3811854897311547
1,2017-03-14,-0.3797636714980025
1,2017-03-15,-0.37831092496236496
1,2017-03-16,-0.3768866265861229
1,2017-03-17,-0.3756504632589479
1,2017-03-18,-0.3745758567339505
1,2017-03-19,-0.37355606607066405
1,2017-03-20,-0.3724528091076464
1,2017-03-21,-0.3711308867781211
1,2017-03-22,-0.36943672331627303
1,2017-03-23,-0.36736276434897264
1,2017-03-24,-0.36497781669524915
1,2017-03-25,-0.3624858127670828
1,2017-03-26,-0.3599427510710288
1,2017-03-27,-0.35701487481432265
1,2017-03-28,-0.3534407589921827
1,2017-03-29,-0.3492497635972252
1,2017-03-30,-0.34459341962353746
1,2017-03-31,-0.3393357366924332
1,2017-04-01,-0.333413551358809
1,2017-04-02,-0.3268027330869381
1,2017-04-03,-0.3196308501390745
1,2017-04-04,-0.3120735655009915
1,2017-04-05,-0.3040886459873832
1,2017-04-06,-0.29550018787120014
1,2017-04-07,-0.28637184313119796
1,2017-04-08,-0.2767392522621725
1,2017-04-09,-0.2662761747636819
1,2017-04-10,-0.25481976468090556
1,2017-04-11,-0.24222778390202554
1,2017-04-12,-0.22845858902750205
1,2017-04-13,-0.21354055786589723
1,2017-04-14,-0.19750106839188136
1,2017-04-15,-0.18061315774259334
1,2017-04-16,-0.16314530660778534
1,2017-04-17,-0.14490844934737934
1,2017-04-18,-0.12572201587742354
1,2017-04-19,-0.10561458879708592
1,2017-04-20,-0.08468836384057556
1,2017-04-21,-0.06317306158825206
1,2017-04-22,-0.040914679812753006
1,2017-04-23,-0.01772201438662947
1,2017-04-24,0.005835378583287973
1,2017-04-25,0.029132919881937537
1,2017-04-26,0.05185064635227394
1,2017-04-27,0.0742486985379424
1,2017-04-28,0.09652172960715583
1,2017-04-29,0.11871582641518443
1,2017-04-30,0.14055008485045553
1,2017-05-01,0.1614803984626989
1,2017-05-02,0.18144780923621606
1,2017-05-03,0.20044639688334828
1,2017-05-04,0.21858677074389507
1,2017-05-05,0.2359380330104539
1,2017-05-06,0.25247977345223677
1,2017-05-07,0.2676724580978587
1,2017-05-08,0.2814413106073944
1,2017-05-09,0.2940077501453388
1,2017-05-10,0.3054414913928279
1,2017-05-11,0.31557215901252683
1,2017-05-12,0.3242420976220297
1,2017-05-13,0.3313578426366144
1,2017-05-14,0.3371973846247653
1,2017-05-15,0.34217664093339034
1,2017-05-16,0.3467724059265677
1,2017-05-17,0.35072137006503057
1,2017-05-18,0.3537641610215175
1,2017-05-19,0.35582485687055476
1,2017-05-20,0.35711811336564614
1,2017-05-21,0.3581833943676192
1,2017-05-22,0.35914622186359285
1,2017-05-23,0.3597314876722265
1,2017-05-24,0.35998983703704907
1,2017-05-25,0.36003237011833344
1,2017-05-26,0.359975431485376
1,2017-05-27,0.35986234161641695
1,2017-05-28,0.35975761127611866
1,2017-05-29,0.35958256280828377
1,2017-05-30,0.35885530730801546
1,2017-05-31,0.3575369792896319
1,2017-06-01,0.35584592753078853
1,2017-06-02,0.3538624082546586
1,2017-06-03,0.351412502581562
1,2017-06-04,0.34868923568561716
1,2017-06-05,0.3460909376461281
1,2017-06-06,0.34360145451971014
1,2017-06-07,0.3412666649692636
1,2017-06-08,0.3390546710203536
1,2017-06-09,0.3369426790568603
1,2017-06-10,0.3350146317564588
1,2017-06-11,0.33329170921276685
1,2017-06-12,0.3317699964457195
1,2017-06-13,0.33049658495528955
1,2017-06-14,0.3293940189617536
1,2017-06-15,0.32836379262195703
1,2017-06-16,0.32739429625853134
1,2017-06-17,0.3263322137081575
1,2017-06-18,0.3252793266915722
1,2017-06-19,0.32404795721894747
1,2017-06-20,0.3226024014750543
1,2017-06-21,0.3210761592804091
1,2017-06-22,0.3194796048836006
1,2017-06-23,0.31761802911663534
1,2017-06-24,0.31545376976031164
1,2017-06-25,0.3130104274734515
1,2017-06-26,0.3105359975354073
1,2017-06-27,0.30825975317236176
1,2017-06-28,0.3062670262303697
1,2017-06-29,0.30447938047374823
1,2017-06-30,0.3027429798719268
1,2017-07-01,0.3009817211919033
1,2017-07-02,0.29916327940699294
1,2017-07-03,0.2973866772627184
1,2017-07-04,0.29538666145415554
1,2017-07-05,0.29308860164929307
1,2017-07-06,0.29055481572447517
1,2017-07-07,0.28796155011073754
1,2017-07-08,0.285376359356687
1,2017-07-09,0.2826340723615873
1,2017-07-10,0.27962009019332973
1,2017-07-11,0.27665916399346085
1,2017-07-12,0.273721636572732
1,2017-07-13,0.2708504482489679
1,2017-07-14,0.2682300968460936
1,2017-07-15,0.2657326563044183
1,2017-07-16,0.26309612044673447
1,2017-07-17,0.26027284837332715
1,2017-07-18,0.2576101659663442
1,2017-07-19,0.25515192348721843
1,2017-07-20,0.2528114363277249
1,2017-07-21,0.25043338438432894
1,2017-07-22,0.24812290784327354
1,2017-07-23,0.24610100805504148
1,2017-07-24,0.24451493887581954
1,2017-07-25,0.24302731209959627
1,2017-07-26,0.241786866986043
1,2017-07-27,0.24081444259623766
1,2017-07-28,0.2400565051851946
1,2017-07-29,0.23933134571742148
1,2017-07-30,0.23851970125511945
1,2017-07-31,0.2377658296157274
1,2017-08-01,0.23709787150349176
1,2017-08-02,0.236495363445467
1,2017-08-03,0.23587870414169834
1,2017-08-04,0.23508807945509283
1,2017-08-05,0.23396492257316043
1,2017-08-06,0.23237065799928613
1,2017-08-07,0.2303319222988528
1,2017-08-08,0.228127510536523
1,2017-08-09,0.22575883754559276
1,2017-08-10,0.2231554999647736
1,2017-08-11,0.22034052504079524
1,2017-08-12,0.2173405446580441
1,2017-08-13,0.2140324846700745
1,2017-08-14,0.21020342206101228
1,2017-08-15,0.20584729007923144
1,2017-08-16,0.20102604758269854
1,2017-08-17,0.1958151856067796
1,2017-08-18,0.19038821714517037
1,2017-08-19,0.18486244585822725
1,2017-08-20,0.17923869304408807
1,2017-08-21,0.17334019587342933
1,2017-08-22,0.16673574249256481
1,2017-08-23,0.15944315852862864
1,2017-08-24,0.1515630753871873
1,2017-08-25,0.14326354494847363
1,2017-08-26,0.13450974987662057
1,2017-08-27,0.1252141494050462
1,2017-08-28,0.11548915796739952
1,2017-08-29,0.1055778053619254
1,2017-08-30,0.09563068214913786
1,2017-08-31,0.08556424600798129
1,2017-09-01,0.07520747009574401
1,2017-09-02,0.06455334255271823
1,2017-09-03,0.05370614696307415
1,2017-09-04,0.042868886396119285
1,2017-09-05,0.03229722121940393
1,2017-09-06,0.022045368721405553
1,2017-09-07,0.01195786558667696
1,2017-09-08,0.001846040354399345
1,2017-09-09,-0.008167651316038287
1,2017-09-10,-0.017796170190863988
1,2017-09-11,-0.027247320583061427
1,2017-09-12,-0.03698273375635296
1,2017-09-13,-0.04719524422996101
1,2017-09-14,-0.0576057756476347
1,2017-09-15,-0.0678268928871991
1,2017-09-16,-0.07771759573876086
1,2017-09-17,-0.08725398903680055
1,2017-09-18,-0.09653714511954067
1,2017-09-19,-0.1055660421858328
1,2017-09-20,-0.11443446737445376
1,2017-09-21,-0.12307074565236152
1,2017-09-22,-0.13144968223576975
1,2017-09-23,-0.13945980822866572
1,2017-09-24,-0.14704765021763283
1,2017-09-25,-0.15425398532290466
1,2017-09-26,-0.16113192267849055
1,2017-09-27,-0.16764395444404978
1,2017-09-28,-0.17390909053091144
1,2017-09-29,-0.18015435635290103
1,2017-09-30,-0.18662480582668547
1,2017-10-01,-0.19325720365201882
1,2017-10-02,-0.1998782876869903
1,2017-10-03,-0.20633891343318578
1,2017-10-04,-0.21257662599095273
1,2017-10-05,-0.21868605311232317
1,2017-10-06,-0.22463613389506246
1,2017-10-07,-0.23049411227651587
1,2017-10-08,-0.23626201743951475
1,2017-10-09,-0.2418938757716942
1,2017-10-10,-0.24736616297867223
1,2017-10-11,-0.25265597997293393
1,2017-10-12,-0.25779913696904017
1,2017-10-13,-0.26263660553838025
1,2017-10-14,-0.26697563611939396
1,2017-10-15,-0.27087387591234285
1,2017-10-16,-0.2745493613987472
1,2017-10-17,-0.27808600822045065
1,2017-10-18,-0.28149516139873915
1,2017-10-19,-0.28494482558419915
1,2017-10-20,-0.2884624969272644
1,2017-10-21,-0.29220774194073074
1,2017-10-22,-0.2963695279709151
1,2017-10-23,-0.3009787721462868
1,2017-10-24,-0.30591037182594727
1,2017-10-25,-0.3111247405600994
1,2017-10-26,-0.31649834553018896
1,2017-10-27,-0.3220350929775157
1,2017-10-28,-0.3276514042167539
1,2017-10-29,-0.3332702932722607
1,2017-10-30,-0.3388595472106068
1,2017-10-31,-0.3444496240333145
1,2017-11-01,-0.3500358886365025
1,2017-11-02,-0.3555383386652021
1,2017-11-03,-0.3609000579351028
1,2017-11-04,-0.36606127933426913
1,2017-11-05,-0.3710549775927703
1,2017-11-06,-0.37595731321637454
1,2017-11-07,-0.38078772238057884
1,2017-11-08,-0.38554092985706934
1,2017-11-09,-0.39022268804030125
1,2017-11-10,-0.39487182173630525
1,2017-11-11,-0.39951660293504665
1,2017-11-12,-0.40412676994413377
1,2017-11-13,-0.40866641763677253
1,2017-11-14,-0.413130896431778
1,2017-11-15,-0.417514849944654
1,2017-11-16,-0.4218052164950865
1,2017-11-17,-0.4258937468441882
1,2017-11-18,-0.42977421127159454
1,2017-11-19,-0.4335422494687633
1,2017-11-20,-0.4372049280983425
1,2017-11-21,-0.4406227344718964
1,2017-11-22,-0.443690313907289
1,2017-11-23,-0.44641886471056735
1,2017-11-24,-0.448858486572784
1,2017-11-25,-0.4509797222232354
1,2017-11-26,-0.45276243229040825
1,2017-11-27,-0.45420087636600265
1,2017-11-28,-0.45536605244024125
1,2017-11-29,-0.4562236159906322
1,2017-11-30,-0.45686732783003536
1,2017-12-01,-0.4573013598268209
1,2017-12-02,-0.45751962628963905
1,2017-12-03,-0.45754265638157154
1,2017-12-04,-0.45739787254492664
1,2017-12-05,-0.4571834754062071
1,2017-12-06,-0.45692626515624885
1,2017-12-07,-0.45658651925102195
1,2017-12-08,-0.4560797972514556
1,2017-12-09,-0.45539723641539853
1,2017-12-10,-0.4546201717438779
1,2017-12-11,-0.4538258502277139
1,2017-12-12,-0.4529710643353586
1,2017-12-13,-0.45210437240130885
1,2017-12-14,-0.45120523092023473
1,2017-12-15,-0.4503014626181252
1,2017-12-16,-0.4493504696722213
1,2017-12-17,-0.44833523379100537
1,2017-12-18,-0.44728084691882364
1,2017-12-19,-0.4462357333983115
1,2017-12-20,-0.4452889750544478
1,2017-12-21,-0.4444894867449219
1,2017-12-22,-0.4438915833627741
1,2017-12-23,-0.4435396044986769
1,2017-12-24,-0.4433682476386481
1,2017-12-25,-0.4433094837447607
1,2017-12-26,-0.44330074615205683
1,2017-12-27,-0.4433175436374216
1,2017-12-28,-0.44329577428208433
1,2017-12-29,-0.4432248119292947
1,2017-12-30,-0.4431012090631084
1,2017-12-31,-0.442852904099132
1,2018-01-01,-0.44243237759554804
1,2018-01-02,-0.4417967876792843
1,2018-01-03,-0.4408940492467462
1,2018-01-04,-0.4397698845514355
1,2018-01-05,-0.43842622796887987
1,2018-01-06,-0.4367763932471893
1,2018-01-07,-0.4347818355286808
1,2018-01-08,-0.4325073504883802
1,2018-01-09,-0.4301968442783023
1,2018-01-10,-0.42786518439489407
1,2018-01-11,-0.4255038436233397
1,2018-01-12,-0.42314532077732764
1,2018-01-13,-0.42089836831206195
1,2018-01-14,-0.4187898542711136
1,2018-01-15,-0.4167470255756863
1,2018-01-16,-0.4147640586713353
1,2018-01-17,-0.4129174469637581
1,2018-01-18,-0.4112418499994074
1,2018-01-19,-0.4097486752538266
1,2018-01-20,-0.4084983637057317
1,2018-01-21,-0.40756328724917346
1,2018-01-22,-0.40686570742181716
1,2018-01-23,-0.40614624998061244
1,2018-01-24,-0.4054039354381871
1,2018-01-25,-0.40466019538934583
1,2018-01-26,-0.40386841860827316
1,2018-01-27,-0.4029751369761825
1,2018-01-28,-0.4019869998488488
1,2018-01-29,-0.40103493458672107
1,2018-01-30,-0.4001375852525699
1,2018-01-31,-0.39917682281302114
1,2018-02-01,-0.398106721780032
1,2018-02-02,-0.39695654972810074
1,2018-02-03,-0.39573247316538485
1,2018-02-04,-0.3944824385854595
1,2018-02-05,-0.39327605100184715
1,2018-02-06,-0.3922295741074233
1,2018-02-07,-0.3913195072022908
1,2018-02-08,-0.39049306817288365
1,2018-02-09,-0.3897906329842197
1,2018-02-10,-0.38924405019114455
1,2018-02-11,-0.3888654443609834
1,2018-02-12,-0.3885678325846858
1,2018-02-13,-0.38833131051109765
1,2018-02-14,-0.38823868750404456
1,2018-02-15,-0.3883150326209193
1,2018-02-16,-0.3885307876074249
1,2018-02-17,-0.38890891195669935
1,2018-02-18,-0.38940835136057667
1,2018-02-19,-0.3899492279114781
1,2018-02-20,-0.3904062339689017
1,2018-02-21,-0.3908130622209115
1,2018-02-22,-0.39123909609905255
1,2018-02-23,-0.39163335251253106
1,2018-02-24,-0.3919862622424632
1,2018-02-25,-0.3922876589238782
1,2018-02-26,-0.39249066470679306
1,2018-02-27,-0.39253479791116125
1,2018-02-28,-0.39238918756336777
1,2018-03-01,-0.39206099511152753
1,2018-03-02,-0.3915530244195253
1,2018-03-03,-0.3908945958661927
1,2018-03-04,-0.39016085990626564
1,2018-03-05,-0.3894032565851125
1,2018-03-06,-0.3886417863982836
1,2018-03-07,-0.38787446514646873
1,2018-03-08,-0.38706822285123543
1,2018-03-09,-0.38624256184887523
1,2018-03-10,-0.3853325884980172
1,2018-03-11,-0.3843073304846195
1,2018-03-12,-0.3832833547282728
1,2018-03-13,-0.3823520609790916
1,2018-03-14,-0.38144073611433993
1,2018-03-15,-0.38042501899031667
1,2018-03-16,-0.37934911338593025
1,2018-03-17,-0.37818790337077335
1,2018-03-18,-0.3769502515680535
1,2018-03-19,-0.37571500951693554
1,2018-03-20,-0.3745614531719775
1,2018-03-21,-0.3734576297766241
1,2018-03-22,-0.3723030352158787
1,2018-03-23,-0.3710380466244223
1,2018-03-24,-0.3697899586566381
1,2018-03-25,-0.3687882200902351
1,2018-03-26,-0.3679822756509389
1,2018-03-27,-0.36718606612455357
1,2018-03-28,-0.3663612395565637
1,2018-03-29,-0.3655059662114473
1,2018-03-30,-0.3642311155202741
1,2018-03-31,-0.3622067184140718
1,2018-04-01,-0.3592478242461406
1,2018-04-02,-0.35525730391824556
1,2018-04-03,-0.3503735197399741
1,2018-04-04,-0.34482471383123525
1,2018-04-05,-0.338672745705534
1,2018-04-06,-0.33182926424607184
1,2018-04-07,-0.32408921164110965
1,2018-04-08,-0.3153457294194384
1,2018-04-09,-0.3052213171033076
1,2018-04-10,-0.2940242738449222
1,2018-04-11,-0.28202661178111277
1,2018-04-12,-0.26912089082144447
1,2018-04-13,-0.2553895640107626
1,2018-04-14,-0.24139784065031167
1,2018-04-15,-0.22760348316938894
1,2018-04-16,-0.21358430792971939
1,2018-04-17,-0.1983506873274932
1,2018-04-18,-0.18196763202285798
1,2018-04-19,-0.16432750253470227
1,2018-04-20,-0.14520996481203485
1,2018-04-21,-0.124378323629964
1,2018-04-22,-0.10197821274458378
1,2018-04-23,-0.07886174811001237
1,2018-04-24,-0.05501454473658592
1,2018-04-25,-0.030264204608403202
1,2018-04-26,-0.004473734749842239
1,2018-04-27,0.021930797043941807
1,2018-04-28,0.04855368437266702
1,2018-04-29,0.07522168600752643
1,2018-04-30,0.10186647535952228
1,2018-05-01,0.12796626072606115
1,2018-05-02,0.15363719842433066
1,2018-05-03,0.17851894018767342
1,2018-05-04,0.2019995147518982
1,2018-05-05,0.22393336032260444
1,2018-05-06,0.24460176721824547
1,2018-05-07,0.26437406501000765
1,2018-05-08,0.2832417836779224
1,2018-05-09,0.3010891839292113
1,2018-05-10,0.3175232829873016
1,2018-05-11,0.33237701983684736
1,2018-05-12,0.3458223865679209
1,2018-05-13,0.3582217694074208
1,2018-05-14,0.369366589033797
1,2018-05-15,0.37906584429830514
1,2018-05-16,0.3871741317959401
1,2018-05-17,0.39370490509206507
1,2018-05-18,0.3989532642925243
1,2018-05-19,0.40292617512221995
1,2018-05-20,0.40597667963178447
1,2018-05-21,0.40791527198350463
1,2018-05-22,0.40893144263197617
1,2018-05-23,0.4094148533090147
1,2018-05-24,0.4095018573487214
1,2018-05-25,0.4092528645865825
1,2018-05-26,0.40852228290563264
1,2018-05-27,0.4069395948384233
1,2018-05-28,0.4045723992085064
1,2018-05-29,0.4016096892580661
1,2018-05-30,0.39827298481533335
1,2018-05-31,0.39486745287667774
1,2018-06-01,0.39142173453780815
1,2018-06-02,0.3881132704464583
1,2018-06-03,0.3845369587665017
1,2018-06-04,0.3809213609146074
1,2018-06-05,0.3774845476280093
1,2018-06-06,0.3741603572150308
1,2018-06-07,0.37097448736168187
1,2018-06-08,0.3680802056385525
1,2018-06-09,0.3654194881716625
1,2018-06-10,0.36295768215938534
1,2018-06-11,0.36081851600125214
1,2018-06-12,0.35898087275127466
1,2018-06-13,0.3572249144957247
1,2018-06-14,0.3554973988206233
1,2018-06-15,0.3539045139844336
1,2018-06-16,0.35246919130732995
1,2018-06-17,0.3514084708236655
1,2018-06-18,0.3505876612541435
1,2018-06-19,0.3498109397036513
1,2018-06-20,0.3490645427781564
1,2018-06-21,0.34855436422032277
1,2018-06-22,0.34813761495460266
1,2018-06-23,0.34755535869514637
1,2018-06-24,0.3465910538479695
1,2018-06-25,0.3452855414249408
1,2018-06-26,0.34371476266605
1,2018-06-27,0.34193656280706475
1,2018-06-28,0.33998433949450163
1,2018-06-29,0.3378568730161446
1,2018-06-30,0.3353796749871115
1,2018-07-01,0.33240682601237714
1,2018-07-02,0.3289670952868683
1,2018-07-03,0.3253654982259262
1,2018-07-04,0.32183651226635246
1,2018-07-05,0.31845291783395546
1,2018-07-06,0.3152881136239105
1,2018-07-07,0.3124307784765944
1,2018-07-08,0.30966146128706346
1,2018-07-09,0.3066423956372374
1,2018-07-10,0.30336758154612103
1,2018-07-11,0.2998034970162424
1,2018-07-12,0.29594066452385354
1,2018-07-13,0.2915849598806312
1,2018-07-14,0.2868303814134864
1,2018-07-15,0.28190674383932224
1,2018-07-16,0.2769168894538884
1,2018-07-17,0.2718669691667
1,2018-07-18,0.26677320547810296
1,2018-07-19,0.2618028491224515
1,2018-07-20,0.2571694438407336
1,2018-07-21,0.25308441063820386
1,2018-07-22,0.2497672660370845
1,2018-07-23,0.24722215545411627
1,2018-07-24,0.2453777071865598
1,2018-07-25,0.24409197128468768
1,2018-07-26,0.24321702437224624
1,2018-07-27,0.24268339929122432
1,2018-07-28,0.24232402854310897
1,2018-07-29,0.24194537127436638
1,2018-07-30,0.24164747265474745
1,2018-07-31,0.2413780797383295
1,2018-08-01,0.24112714890697504
1,2018-08-02,0.24082149722526325
1,2018-08-03,0.24041824710428505
1,2018-08-04,0.2399176388637584
1,2018-08-05,0.23931631325975528
1,2018-08-06,0.23855786639993168
1,2018-08-07,0.23755151268347535
1,2018-08-08,0.23623159951755085
1,2018-08-09,0.23455418047159773
1,2018-08-10,0.23258466733010366
1,2018-08-11,0.23018970136782152
1,2018-08-12,0.22728344819904922
1,2018-08-13,0.22383572301460467
1,2018-08-14,0.21987786328306846
1,2018-08-15,0.21536588387512173
1,2018-08-16,0.21027054727074568
1,2018-08-17,0.20476311276407602
1,2018-08-18,0.19906600490892612
1,2018-08-19,0.19336712632362105
1,2018-08-20,0.18764342096532247
1,2018-08-21,0.18188094211297293
1,2018-08-22,0.17594104613561276
1,2018-08-23,0.16973136358734123
1,2018-08-24,0.16318665844772823
1,2018-08-25,0.15633066354944147
1,2018-08-26,0.14911802454951997
1,2018-08-27,0.1416901832825619
1,2018-08-28,0.1339076911313446
1,2018-08-29,0.125596604922535
1,2018-08-30,0.1167827031874396
1,2018-08-31,0.10751191041478982
1,2018-09-01,0.09782476020584516
1,2018-09-02,0.08795571793921299
1,2018-09-03,0.07798850917811066
1,2018-09-04,0.06788487854202015
1,2018-09-05,0.05755328534004224
1,2018-09-06,0.04712288240068968
1,2018-09-07,0.0371406755905695
1,2018-09-08,0.027523005325983767
1,2018-09-09,0.018142341224460377
1,2018-09-10,0.008755067826281769
1,2018-09-11,-7.585958926219896e-4
1,2018-09-12,-0.010398775223253534
1,2018-09-13,-0.019991469603379834
1,2018-09-14,-0.0294681901198984
1,2018-09-15,-0.03886222717017243
1,2018-09-16,-0.04825330458697995
1,2018-09-17,-0.05745654866905935
1,2018-09-18,-0.06648692431845975
1,2018-09-19,-0.07543804975599304
1,2018-09-20,-0.08428256316115192
1,2018-09-21,-0.09317740925300816
1,2018-09-22,-0.10194571666775669
1,2018-09-23,-0.11059750333377169
1,2018-09-24,-0.1190748445479326
1,2018-09-25,-0.12736081000282426
1,2018-09-26,-0.1352890545988854
1,2018-09-27,-0.14288256551720882
1,2018-09-28,-0.15024120953989026
1,2018-09-29,-0.15761510708287765
1,2018-09-30,-0.16509303867065922
1,2018-10-01,-0.17254379121519683
1,2018-10-02,-0.17988984382116155
1,2018-10-03,-0.18703359774875175
1,2018-10-04,-0.19404361043077334
1,2018-10-05,-0.20094997906145146
1,2018-10-06,-0.20758149153333574
1,2018-10-07,-0.21394301691466194
1,2018-10-08,-0.2201328030742877
1,2018-10-09,-0.22609427569533705
1,2018-10-10,-0.23181600366089058
1,2018-10-11,-0.23721818614093218
1,2018-10-12,-0.24218706923563757
1,2018-10-13,-0.24683077309512114
1,2018-10-14,-0.2514007841737568
1,2018-10-15,-0.25616366893644793
1,2018-10-16,-0.26110953179829965
1,2018-10-17,-0.26615750451588843
1,2018-10-18,-0.2712937964764477
1,2018-10-19,-0.27650903370815927
1,2018-10-20,-0.28182911714374054
1,2018-10-21,-0.2871996423361565
1,2018-10-22,-0.2926204952281848
1,2018-10-23,-0.2982120581350053
1,2018-10-24,-0.3039734227394522
1,2018-10-25,-0.3098504221663627
1,2018-10-26,-0.31587105939731747
1,2018-10-27,-0.321919848768258
1,2018-10-28,-0.32791120222965986
1,2018-10-29,-0.3338095472529848
1,2018-10-30,-0.3396370912998752
1,2018-10-31,-0.34537188872888624
1,2018-11-01,-0.35103351292811646
1,2018-11-02,-0.3567034626709056
1,2018-11-03,-0.36241366114172324
1,2018-11-04,-0.3682069074262015
1,2018-11-05,-0.37406199948096897
1,2018-11-06,-0.3798711618964148
1,2018-11-07,-0.3855625936697724
1,2018-11-08,-0.3911542227032956
1,2018-11-09,-0.39663931374512706
1,2018-11-10,-0.40197400904888886
1,2018-11-11,-0.40719042471049816
1,2018-11-12,-0.4122586781576649
1,2018-11-13,-0.4171250801960201
1,2018-11-14,-0.4217494853100581
1,2018-11-15,-0.4261719880726458
1,2018-11-16,-0.4304244437203797
1,2018-11-17,-0.4344149462962778
1,2018-11-18,-0.43804027040695726
1,2018-11-19,-0.44124596708947134
1,2018-11-20,-0.44412232299929694
1,2018-11-21,-0.4467906965756405
1,2018-11-22,-0.4492621055186346
1,2018-11-23,-0.45152902820915497
1,2018-11-24,-0.45364062624283374
1,2018-11-25,-0.4554962198367063
1,2018-11-26,-0.4570814301106193
1,2018-11-27,-0.4584324837021475
1,2018-11-28,-0.45959319834391765
1,2018-11-29,-0.46056667392188594
1,2018-11-30,-0.46122548201019137
1,2018-12-01,-0.4616240325683508
1,2018-12-02,-0.46181296144501716
1,2018-12-03,-0.46177883546217213
1,2018-12-04,-0.4616019885266334
1,2018-12-05,-0.46127980985393535
1,2018-12-06,-0.4608374606273216
1,2018-12-07,-0.4602698003694639
1,2018-12-08,-0.4595134676341878
1,2018-12-09,-0.45858813478696064
1,2018-12-10,-0.4575781153731769
1,2018-12-11,-0.4565639133602361
1,2018-12-12,-0.45555964863290654
1,2018-12-13,-0.4545520986744404
1,2018-12-14,-0.45360152086632316
1,2018-12-15,-0.45272889490602586
1,2018-12-16,-0.45196836161823
1,2018-12-17,-0.4513846621827146
1,2018-12-18,-0.4509170204213373
1,2018-12-19,-0.4505534957331209
1,2018-12-20,-0.4503014759462415
1,2018-12-21,-0.4501397556100412
1,2018-12-22,-0.4501169202155654
1,2018-12-23,-0.4502153655170128
1,2018-12-24,-0.450437831160995
1,2018-12-25,-0.45070371801364634
1,2018-12-26,-0.4509062661094565
1,2018-12-27,-0.45100739497843545
1,2018-12-28,-0.45101788582319363
1,2018-12-29,-0.4508696888538576
1,2018-12-30,-0.45056561905497805
1,2018-12-31,-0.45005762668724947
1,2019-01-01,-0.4493517064985782
1,2019-01-02,-0.44846456506952975
1,2019-01-03,-0.447418842535257
1,2019-01-04,-0.44622323549719206
1,2019-01-05,-0.444890568029366
1,2019-01-06,-0.4434639480688353
1,2019-01-07,-0.4419321290745068
1,2019-01-08,-0.44033799317458444
1,2019-01-09,-0.4387059158603443
1,2019-01-10,-0.43696815963130625
1,2019-01-11,-0.4350942831306781
1,2019-01-12,-0.4331337573862795
1,2019-01-13,-0.43109961386051204
1,2019-01-14,-0.42903079184836246
1,2019-01-15,-0.42697045910770143
1,2019-01-16,-0.42497007344670956
1,2019-01-17,-0.42304296389025825
1,2019-01-18,-0.42120899411373997
1,2019-01-19,-0.4194513845316603
1,2019-01-20,-0.4177071503697141
1,2019-01-21,-0.415960473088563
1,2019-01-22,-0.41417707563770334
1,2019-01-23,-0.4124161166505228
1,2019-01-24,-0.41073757998515215
1,2019-01-25,-0.4091570455894638
1,2019-01-26,-0.4076978794328349
1,2019-01-27,-0.406353852730454
1,2019-01-28,-0.40510453159188353
1,2019-01-29,-0.40391010354363993
1,2019-01-30,-0.4027771376350454
1,2019-01-31,-0.40168320337617985
1,2019-02-01,-0.40058385391033646
1,2019-02-02,-0.39949717598365264
1,2019-02-03,-0.3984773775058042
1,2019-02-04,-0.3975124063791041
1,2019-02-05,-0.3966689014656647
1,2019-02-06,-0.3959586644020176
1,2019-02-07,-0.39534933026659635
1,2019-02-08,-0.3948174943297087
1,2019-02-09,-0.39432568957605646
1,2019-02-10,-0.3938785878806726
1,2019-02-11,-0.3934368082037069
1,2019-02-12,-0.39302344743561524
1,2019-02-13,-0.3926829757560037
1,2019-02-14,-0.3924426482124275
1,2019-02-15,-0.3923247007218842
1,2019-02-16,-0.39230951557405686
1,2019-02-17,-0.39233947470422226
1,2019-02-18,-0.392405684245155
1,2019-02-19,-0.39246264786479024
1,2019-02-20,-0.39248323265638513
1,2019-02-21,-0.39251640511422825
1,2019-02-22,-0.39259389726112937
1,2019-02-23,-0.3927445790388089
1,2019-02-24,-0.392898622625851
1,2019-02-25,-0.3930381560067016
1,2019-02-26,-0.39313321781209254
1,2019-02-27,-0.39316834609920853
1,2019-02-28,-0.39313319690044124
1,2019-03-01,-0.39303338769974133
1,2019-03-02,-0.3928716079053129
1,2019-03-03,-0.3926654468118539
1,2019-03-04,-0.39243007034590627
1,2019-03-05,-0.39211772894271474
1,2019-03-06,-0.39163749189829833
1,2019-03-07,-0.3909408419371072
1,2019-03-08,-0.39006099416622536
1,2019-03-09,-0.38897442135803195
1,2019-03-10,-0.38778917382550104
1,2019-03-11,-0.38647543259759126
1,2019-03-12,-0.38497788267796307
1,2019-03-13,-0.38335388594789443
1,2019-03-14,-0.3816894058445107
1,2019-03-15,-0.3799778513565375
1,2019-03-16,-0.37817759962293834
1,2019-03-17,-0.3762294484587766
1,2019-03-18,-0.37410114319574095
1,2019-03-19,-0.3718776118275808
1,2019-03-20,-0.3696970205206837
1,2019-03-21,-0.3677259825673694
1,2019-03-22,-0.36597075594870504
1,2019-03-23,-0.3644078655641517
1,2019-03-24,-0.3627664769277739
1,2019-03-25,-0.3608253685318859
1,2019-03-26,-0.35861113751319745
1,2019-03-27,-0.3560367598148715
1,2019-03-28,-0.35309265053638333
1,2019-03-29,-0.3499658659565722
1,2019-03-30,-0.34680966577410677
1,2019-03-31,-0.34373712377659776
1,2019-04-01,-0.340698112816231
1,2019-04-02,-0.33765617794901753
1,2019-04-03,-0.33450059499609686
1,2019-04-04,-0.33102219508237307
1,2019-04-05,-0.32720016753682346
1,2019-04-06,-0.32284178563747545
1,2019-04-07,-0.31757397685624206
1,2019-04-08,-0.31120124667325627
1,2019-04-09,-0.30381064697935756
1,2019-04-10,-0.2953544293925932
1,2019-04-11,-0.2858081059772483
1,2019-04-12,-0.27488374447372094
1,2019-04-13,-0.2621818541008121
1,2019-04-14,-0.24749791878692914
1,2019-04-15,-0.2310345954170375
1,2019-04-16,-0.21300705405465634
1,2019-04-17,-0.19372225731140882
1,2019-04-18,-0.17376943063911654
1,2019-04-19,-0.15335082856865875
1,2019-04-20,-0.13267579482687314
1,2019-04-21,-0.11170653204473567
1,2019-04-22,-0.09033570810011425
1,2019-04-23,-0.06833619980864881
1,2019-04-24,-0.045696660661838036
1,2019-04-25,-0.02242956630518276
1,2019-04-26,0.0013999618571963282
1,2019-04-27,0.025338269730071788
1,2019-04-28,0.04887222060411246
1,2019-04-29,0.07199907234250809
1,2019-04-30,0.09490236397865365
1,2019-05-01,0.117746557486802
1,2019-05-02,0.14066073978201105
1,2019-05-03,0.16374918675791447
1,2019-05-04,0.18698930406153752
1,2019-05-05,0.2099207491860876
1,2019-05-06,0.23206104071554856
1,2019-05-07,0.25297009930599407
1,2019-05-08,0.27247941145471666
1,2019-05-09,0.2904093292356555
1,2019-05-10,0.30663253886419767
1,2019-05-11,0.3212740348478738
1,2019-05-12,0.33466113564398736
1,2019-05-13,0.3469008853496337
1,2019-05-14,0.3579513617479838
1,2019-05-15,0.3678142959621156
1,2019-05-16,0.37664117981623
1,2019-05-17,0.38472691382090807
1,2019-05-18,0.3917926873838958
1,2019-05-19,0.39762255112519396
1,2019-05-20,0.4024096664570368
1,2019-05-21,0.40640368581554454
1,2019-05-22,0.40965646408838213
1,2019-05-23,0.41217793390761703
1,2019-05-24,0.4140554523453353
1,2019-05-25,0.41556777962741775
1,2019-05-26,0.41679964691179217
1,2019-05-27,0.4178389790559627
1,2019-05-28,0.41856963033852523
1,2019-05-29,0.4189571259154572
1,2019-05-30,0.41893953180481464
1,2019-05-31,0.4180029109387012
1,2019-06-01,0.41599500242991216
1,2019-06-02,0.41309396191624503
1,2019-06-03,0.4096415863089273
1,2019-06-04,0.4059794563977006
1,2019-06-05,0.4021544521575837
1,2019-06-06,0.3982105974187241
1,2019-06-07,0.3940738550028902
1,2019-06-08,0.3897660467249983
1,2019-06-09,0.38541900559708864
1,2019-06-10,0.3809942072224862
1,2019-06-11,0.3766775727688204
1,2019-06-12,0.37258932094713854
1,2019-06-13,0.36866030833878655
1,2019-06-14,0.36496736991225204
1,2019-06-15,0.3616126520858933
1,2019-06-16,0.3585020090772192
1,2019-06-17,0.3557033312306525
1,2019-06-18,0.35319917415170593
1,2019-06-19,0.3510069765349631
1,2019-06-20,0.34901230074052947
1,2019-06-21,0.3472832402072654
1,2019-06-22,0.3459744000551906
1,2019-06-23,0.34520876407936674
1,2019-06-24,0.3449986910092948
1,2019-06-25,0.34514127162734476
1,2019-06-26,0.345341073396129
1,2019-06-27,0.3452628720216041
1,2019-06-28,0.3448147774842348
1,2019-06-29,0.3438358097588464
1,2019-06-30,0.34225284663386446
1,2019-07-01,0.3401615933956833
1,2019-07-02,0.3378082465441834
1,2019-07-03,0.33537849574408424
1,2019-07-04,0.33293520484719724
1,2019-07-05,0.33032860078197046
1,2019-07-06,0.327408295298014
1,2019-07-07,0.3240960254045525
1,2019-07-08,0.32039671899296196
1,2019-07-09,0.31636523930054716
1,2019-07-10,0.31209750529909863
1,2019-07-11,0.30764573307154713
1,2019-07-12,0.3032762106916514
1,2019-07-13,0.2989692085243015
1,2019-07-14,0.2946077315375062
1,2019-07-15,0.2902764896506975
1,2019-07-16,0.28592513429367133
1,2019-07-17,0.2816207046825828
1,2019-07-18,0.2774344334033908
1,2019-07-19,0.27339247930038924
1,2019-07-20,0.2696059220496819
1,2019-07-21,0.266090182255611
1,2019-07-22,0.26272578438058986
1,2019-07-23,0.25948936715564275
1,2019-07-24,0.2564035841779139
1,2019-07-25,0.25350931273718447
1,2019-07-26,0.2506602188420505
1,2019-07-27,0.2480373775441051
1,2019-07-28,0.24580208709036502
1,2019-07-29,0.24386438803892166
1,2019-07-30,0.2420889971446252
1,2019-07-31,0.2404255043599871
1,2019-08-01,0.23885971055082975
1,2019-08-02,0.23739111400250257
1,2019-08-03,0.23598915183091798
1,2019-08-04,0.23471143384088491
1,2019-08-05,0.23353622499001994
1,2019-08-06,0.2323109836253154
1,2019-08-07,0.23093107150086237
1,2019-08-08,0.22934386302819854
1,2019-08-09,0.22758124915002326
1,2019-08-10,0.22568400193781318
1,2019-08-11,0.22358013275183355
1,2019-08-12,0.2211614981980916
1,2019-08-13,0.21836460564130217
1,2019-08-14,0.21524929466441353
1,2019-08-15,0.2118656211440079
1,2019-08-16,0.20816091231232697
1,2019-08-17,0.20400828752444763
1,2019-08-18,0.19926705009604895
1,2019-08-19,0.1937427724452387
1,2019-08-20,0.18747431108374077
1,2019-08-21,0.18060222388462
1,2019-08-22,0.17335835973884167
1,2019-08-23,0.1657111807089731
1,2019-08-24,0.15788047708262246
1,2019-08-25,0.15000295198883684
1,2019-08-26,0.1420375555775515
1,2019-08-27,0.13383118903391752
1,2019-08-28,0.12527587497119771
1,2019-08-29,0.11637302578640091
1,2019-08-30,0.10725752797822248
1,2019-08-31,0.09820485522642032
1,2019-09-01,0.08955720763339303
1,2019-09-02,0.08139095821980191
1,2019-09-03,0.07353525758979652
1,2019-09-04,0.06572795545376385
1,2019-09-05,0.05756474483335249
1,2019-09-06,0.048875144822466514
1,2019-09-07,0.03961458115926015
1,2019-09-08,0.02972275522344599
1,2019-09-09,0.019450321306350122
1,2019-09-10,0.009131124316447765
1,2019-09-11,-0.001102215645715193
1,2019-09-12,-0.011250128393023005
1,2019-09-13,-0.021131233698648066
1,2019-09-14,-0.03066929504420138
1,2019-09-15,-0.0401199089477271
1,2019-09-16,-0.049514609564751365
1,2019-09-17,-0.05885206522238644
1,2019-09-18,-0.06812600312553155
1,2019-09-19,-0.07736978990678714
1,2019-09-20,-0.08654162260031918
1,2019-09-21,-0.09556821196793613
1,2019-09-22,-0.10449809832466522
1,2019-09-23,-0.11341017541424374
1,2019-09-24,-0.1222935650447627
1,2019-09-25,-0.13125751788873188
1,2019-09-26,-0.14017084498825835
1,2019-09-27,-0.14902256129498698
1,2019-09-28,-0.15779594486482212
1,2019-09-29,-0.16636175186968935
1,2019-09-30,-0.1748348437619702
1,2019-10-01,-0.1832763195942022
1,2019-10-02,-0.19157094913855288
1,2019-10-03,-0.19943652070778697
1,2019-10-04,-0.2066925752074875
1,2019-10-05,-0.21336964603973335
1,2019-10-06,-0.21943604803694172
1,2019-10-07,-0.2249473577368824
1,2019-10-08,-0.23020130894369029
1,2019-10-09,-0.23516104580234237
1,2019-10-10,-0.23991363413283742
1,2019-10-11,-0.24449350418788274
1,2019-10-12,-0.24914592440773786
1,2019-10-13,-0.25392608997079685
1,2019-10-14,-0.25869307622272814
1,2019-10-15,-0.2633726858371643
1,2019-10-16,-0.2681387644512939
1,2019-10-17,-0.27310545854442625
1,2019-10-18,-0.27822830145751953
1,2019-10-19,-0.2834616042267571
1,2019-10-20,-0.28877070206183536
1,2019-10-21,-0.2940562927473579
1,2019-10-22,-0.29928991317079534
1,2019-10-23,-0.304523312523901
1,2019-10-24,-0.3097504646600722
1,2019-10-25,-0.31490291846555174
1,2019-10-26,-0.31990860685663064
1,2019-10-27,-0.32486322346108887
1,2019-10-28,-0.32994213169888215
1,2019-10-29,-0.3352501673722824
1,2019-10-30,-0.3407002464593936
1,2019-10-31,-0.34623115265658494
1,2019-11-01,-0.3518110517213835
1,2019-11-02,-0.3573947589269316
1,2019-11-03,-0.36292990551280174
1,2019-11-04,-0.36841234445493676
1,2019-11-05,-0.3738776177136646
1,2019-11-06,-0.37932919546901145
1,2019-11-07,-0.3847483333547536
1,2019-11-08,-0.3901971447750426
1,2019-11-09,-0.39573685796993086
1,2019-11-10,-0.4013386158170855
1,2019-11-11,-0.40693694072955355
1,2019-11-12,-0.41250359018180754
1,2019-11-13,-0.4179830379322451
1,2019-11-14,-0.4232500146661891
1,2019-11-15,-0.4282573552909148
1,2019-11-16,-0.43296016828664013
1,2019-11-17,-0.43730813151911124
1,2019-11-18,-0.4413719651118601
1,2019-11-19,-0.44524647167871545
1,2019-11-20,-0.44889945319932933
1,2019-11-21,-0.4523052855494701
1,2019-11-22,-0.4554733744403462
1,2019-11-23,-0.4583877161791669
1,2019-11-24,-0.46101237933603323
1,2019-11-25,-0.4633514668450735
1,2019-11-26,-0.46533566171869956
1,2019-11-27,-0.466994985149574
1,2019-11-28,-0.46830257932211855
1,2019-11-29,-0.46929050294952074
1,2019-11-30,-0.46989319529085466
1,2019-12-01,-0.4701193247162179
1,2019-12-02,-0.4700144468756379
1,2019-12-03,-0.4695688804669603
1,2019-12-04,-0.46883525516611224
1,2019-12-05,-0.46783583831958875
1,2019-12-06,-0.4665541837922545
1,2019-12-07,-0.46500085023359483
1,2019-12-08,-0.46328294219691774
1,2019-12-09,-0.4614976991757832
1,2019-12-10,-0.4597350332295661
1,2019-12-11,-0.4580233688665138
1,2019-12-12,-0.45647266202224335
1,2019-12-13,-0.4550778339605259
1,2019-12-14,-0.4538403023460111
1,2019-12-15,-0.4527748818660856
1,2019-12-16,-0.4519046202192134
1,2019-12-17,-0.4511267372369853
1,2019-12-18,-0.45046586534461835
1,2019-12-19,-0.4499676007033578
1,2019-12-20,-0.44963843871290937
1,2019-12-21,-0.44949029190962636
1,2019-12-22,-0.44934632967386545
1,2019-12-23,-0.4492083496425273
1,2019-12-24,-0.44910037114928114
1,2019-12-25,-0.44896758079600785
1,2019-12-26,-0.44874618422390405
1,2019-12-27,-0.44840555601151555
1,2019-12-28,-0.44801086936467416
1,2019-12-29,-0.44754173439716705
1,2019-12-30,-0.44695093920761525
1,2019-12-31,-0.4462740797527884
1,2020-01-01,-0.44547463090730693
1,2020-01-02,-0.4445118098892907
1,2020-01-03,-0.44339134973511435
1,2020-01-04,-0.4421125652266586
1,2020-01-05,-0.4408242135043782
1,2020-01-06,-0.4394676820500571
1,2020-01-07,-0.43792257106103677
1,2020-01-08,-0.43619931326610945
1,2020-01-09,-0.43434435629453
1,2020-01-10,-0.43250370542456207
1,2020-01-11,-0.43066751507794154
1,2020-01-12,-0.42881688713197896
1,2020-01-13,-0.42698589019080513
1,2020-01-14,-0.42518329155434914
1,2020-01-15,-0.42342279122016174
1,2020-01-16,-0.4217040439437243
1,2020-01-17,-0.4200417007138925
1,2020-01-18,-0.4183967052233298
1,2020-01-19,-0.4167259340891366
1,2020-01-20,-0.4151379707610545
1,2020-01-21,-0.4137101640861659
1,2020-01-22,-0.4124417816275553
1,2020-01-23,-0.411312599516388
1,2020-01-24,-0.41016759155620136
1,2020-01-25,-0.40896897052594394
1,2020-01-26,-0.4077518769744995
1,2020-01-27,-0.4065559112940622
1,2020-01-28,-0.4054137057755944
1,2020-01-29,-0.4043350608103725
1,2020-01-30,-0.4032944789250146
1,2020-01-31,-0.4022895244901604
1,2020-02-01,-0.4013034216101189
1,2020-02-02,-0.4003426078283813
1,2020-02-03,-0.3993651445170845
1,2020-02-04,-0.39836410781538534
1,2020-02-05,-0.3973198267086302
1,2020-02-06,-0.3962553093846666
1,2020-02-07,-0.3952569800377544
1,2020-02-08,-0.3944119235658398
1,2020-02-09,-0.393692938096465
1,2020-02-10,-0.3930386799238883
1,2020-02-11,-0.39244784719175896
1,2020-02-12,-0.3919461102695901
1,2020-02-13,-0.3915305819021793
1,2020-02-14,-0.39117943721650117
1,2020-02-15,-0.39086641511266246
1,2020-02-16,-0.390612540533523
1,2020-02-17,-0.39046341983371424
1,2020-02-18,-0.3904104051864158
1,2020-02-19,-0.39043879427802763
1,2020-02-20,-0.39053954180503836
1,2020-02-21,-0.3906515966188287
1,2020-02-22,-0.39074187931879906
1,2020-02-23,-0.3908267207775203
1,2020-02-24,-0.39097336551535405
1,2020-02-25,-0.3911213914952907
1,2020-02-26,-0.3912363072415563
1,2020-02-27,-0.3912962078900297
1,2020-02-28,-0.39126408142913094
1,2020-02-29,-0.3911578910432109
1,2020-03-01,-0.3909028819192016
1,2020-03-02,-0.39046589607073345
1,2020-03-03,-0.3899001548305422
1,2020-03-04,-0.38920066716801666
1,2020-03-05,-0.3882957646933305
1,2020-03-06,-0.38714800826244844
1,2020-03-07,-0.3857957080252008
1,2020-03-08,-0.3843064821301727
1,2020-03-09,-0.38263284046706236
1,2020-03-10,-0.38082862569851633
1,2020-03-11,-0.3789998419845189
1,2020-03-12,-0.3771668963384458
1,2020-03-13,-0.37530973765008613
1,2020-03-14,-0.37336881828714497
1,2020-03-15,-0.3713916419216354
1,2020-03-16,-0.36934179780793036
1,2020-03-17,-0.3671678888878778
1,2020-03-18,-0.3649037604251206
1,2020-03-19,-0.3625496571454335
1,2020-03-20,-0.36021430509704666
1,2020-03-21,-0.35789251695233976
1,2020-03-22,-0.3555448170441225
1,2020-03-23,-0.3533077738258354
1,2020-03-24,-0.35107504695996844
1,2020-03-25,-0.3486990818495954
1,2020-03-26,-0.34611445215501807
1,2020-03-27,-0.3434823330294174
1,2020-03-28,-0.3409862283920517
1,2020-03-29,-0.33854000674158236
1,2020-03-30,-0.33624196698995434
1,2020-03-31,-0.33402776627441844
1,2020-04-01,-0.33176700178276813
1,2020-04-02,-0.32925917028910107
1,2020-04-03,-0.32630255683183207
1,2020-04-04,-0.3225153471986021
1,2020-04-05,-0.3176552423634136
1,2020-04-06,-0.3115351119065872
1,2020-04-07,-0.30390280740594977
1,2020-04-08,-0.29492267991472976
1,2020-04-09,-0.28495330388735296
1,2020-04-10,-0.2740756835683654
1,2020-04-11,-0.26211327044104665
1,2020-04-12,-0.24876199030317567
1,2020-04-13,-0.23384505629132044
1,2020-04-14,-0.2176619713791647
1,2020-04-15,-0.20077386563618804
1,2020-04-16,-0.18377710895529556
1,2020-04-17,-0.16616278886556993
1,2020-04-18,-0.14788718918940238
1,2020-04-19,-0.12873510284513573
1,2020-04-20,-0.10839077915000794
1,2020-04-21,-0.08693185021873436
1,2020-04-22,-0.06469566303716279
1,2020-04-23,-0.0418390386676172
1,2020-04-24,-0.018541714888005753
1,2020-04-25,0.005068008547927935
1,2020-04-26,0.028981833207417887
1,2020-04-27,0.053327694707355267
1,2020-04-28,0.07797629677061346
1,2020-04-29,0.10277761304172597
1,2020-04-30,0.12756301374781157
1,2020-05-01,0.15170454032753988
1,2020-05-02,0.17499291621418306
1,2020-05-03,0.19727827227831957
1,2020-05-04,0.21847860312843795
1,2020-05-05,0.23836462077327716
1,2020-05-06,0.25714666246876283
1,2020-05-07,0.27485811750307915
1,2020-05-08,0.29165522327830473
1,2020-05-09,0.3077319581935325
1,2020-05-10,0.32271364576858674
1,2020-05-11,0.3363855517666951
1,2020-05-12,0.34882648511486053
1,2020-05-13,0.3602613901556258
1,2020-05-14,0.37074940329764433
1,2020-05-15,0.38022558275804763
1,2020-05-16,0.3887060337240159
1,2020-05-17,0.39597472432292197
1,2020-05-18,0.40191633343213906
1,2020-05-19,0.4064694693553036
1,2020-05-20,0.40962780985426017
1,2020-05-21,0.41165042315590933
1,2020-05-22,0.4127880486129687
1,2020-05-23,0.41310171401894175
1,2020-05-24,0.412883764887065
1,2020-05-25,0.41209699395655636
1,2020-05-26,0.4108492917991722
1,2020-05-27,0.409264684208388
1,2020-05-28,0.4074168174713995
1,2020-05-29,0.40498295003710505
1,2020-05-30,0.40184717531910935
1,2020-05-31,0.3981917153814428
1,2020-06-01,0.3941186475992341
1,2020-06-02,0.3898708467963122
1,2020-06-03,0.38538832060974104
1,2020-06-04,0.38059858501155913
1,2020-06-05,0.37556331581947183
1,2020-06-06,0.3703480649973095
1,2020-06-07,0.3653640429761169
1,2020-06-08,0.3607661782491649
1,2020-06-09,0.35643027679541356
1,2020-06-10,0.3522742612303346
1,2020-06-11,0.348324709894284
1,2020-06-12,0.3448190557916464
1,2020-06-13,0.3418891972146865
1,2020-06-14,0.3394783994473688
1,2020-06-15,0.3377090496981012
1,2020-06-16,0.336346784669457
1,2020-06-17,0.3350857300202512
1,2020-06-18,0.3338247915483518
1,2020-06-19,0.3326308254999392
1,2020-06-20,0.3317389330096346
1,2020-06-21,0.3311009016214129
1,2020-06-22,0.3308129158461994
1,2020-06-23,0.33095264876638436
1,2020-06-24,0.3313012285999759
1,2020-06-25,0.3315704853660318
1,2020-06-26,0.33158007434811804
1,2020-06-27,0.3312711466806659
1,2020-06-28,0.33064276459926806
1,2020-06-29,0.32951603114965483
1,2020-06-30,0.3279343902123696
1,2020-07-01,0.32594203936778027
1,2020-07-02,0.3236064985586676
1,2020-07-03,0.3208914746937749
1,2020-07-04,0.3177709160859512
1,2020-07-05,0.31443976875553387
1,2020-07-06,0.3109987672428114
1,2020-07-07,0.3073900439296943
1,2020-07-08,0.3036775128062721
1,2020-07-09,0.3000899781372134
1,2020-07-10,0.29671688961411097
1,2020-07-11,0.2934170038788577
1,2020-07-12,0.29006313815131546
1,2020-07-13,0.2867069125128995
1,2020-07-14,0.2832642211716765
1,2020-07-15,0.2798109442506017
1,2020-07-16,0.2763554629999054
1,2020-07-17,0.2729114312897713
1,2020-07-18,0.2694240675407333
1,2020-07-19,0.2660113507675821
1,2020-07-20,0.2626162361739664
1,2020-07-21,0.2592714674459312
1,2020-07-22,0.25604084816845707
1,2020-07-23,0.25300293019763154
1,2020-07-24,0.2501493192807496
1,2020-07-25,0.24749196170089383
1,2020-07-26,0.24507083441595523
1,2020-07-27,0.24287151893732598
1,2020-07-28,0.2409880198052974
1,2020-07-29,0.2393374822186638
1,2020-07-30,0.23780773730212434
1,2020-07-31,0.23636920315269308
1,2020-08-01,0.23507388267344506
1,2020-08-02,0.23387850631337356
1,2020-08-03,0.2327398010374906
1,2020-08-04,0.23162919266958087
1,2020-08-05,0.23056069566937326
1,2020-08-06,0.22951728570300903
1,2020-08-07,0.22843949298799218
1,2020-08-08,0.22724348631265087
1,2020-08-09,0.22580887977814115
1,2020-08-10,0.22388893012657118
1,2020-08-11,0.22137195132591556
1,2020-08-12,0.21832249697892075
1,2020-08-13,0.21488935665934403
1,2020-08-14,0.2110787577152421
1,2020-08-15,0.20674479358415848
1,2020-08-16,0.2018093895364327
1,2020-08-17,0.19616088592240602
1,2020-08-18,0.1897490019898481
1,2020-08-19,0.1827444620964029
1,2020-08-20,0.17544567583468526
1,2020-08-21,0.16796996608759074
1,2020-08-22,0.16031962553615547
1,2020-08-23,0.15243488232523023
1,2020-08-24,0.14440051484535532
1,2020-08-25,0.13626327872595131
1,2020-08-26,0.12801100960426268
1,2020-08-27,0.11956903057692754
1,2020-08-28,0.11102298008875586
1,2020-08-29,0.10242618607170878
1,2020-08-30,0.0937417818605582
1,2020-08-31,0.08492447933434198
1,2020-09-01,0.07607040091737584
1,2020-09-02,0.06713597446682125
1,2020-09-03,0.05801826207704047
1,2020-09-04,0.048756502472396976
1,2020-09-05,0.039393786334801034
1,2020-09-06,0.02999940361986412
1,2020-09-07,0.020533307419479317
1,2020-09-08,0.010886977327839109
1,2020-09-09,9.344061908530563e-4
1,2020-09-10,-0.009125341032674017
1,2020-09-11,-0.01911895563245033
1,2020-09-12,-0.028938628501552495
1,2020-09-13,-0.03873480741186932
1,2020-09-14,-0.04851681742058996
1,2020-09-15,-0.05822254917336682
1,2020-09-16,-0.06779889782859538
1,2020-09-17,-0.07729742745233671
1,2020-09-18,-0.08677330562945501
1,2020-09-19,-0.09631485873526927
1,2020-09-20,-0.10586199141020436
1,2020-09-21,-0.11543263935316726
1,2020-09-22,-0.12490078912275965
1,2020-09-23,-0.13411052472215965
1,2020-09-24,-0.14315610610697532
1,2020-09-25,-0.15196357078696354
1,2020-09-26,-0.16040780903896443
1,2020-09-27,-0.16821125985722016
1,2020-09-28,-0.1753715226137602
1,2020-09-29,-0.1820688079562863
1,2020-09-30,-0.188404156137418
1,2020-10-01,-0.19469206309443146
1,2020-10-02,-0.20093183898450523
1,2020-10-03,-0.20700167380053194
1,2020-10-04,-0.21284360076671163
1,2020-10-05,-0.21835983657554212
1,2020-10-06,-0.22347203361489745
1,2020-10-07,-0.2283419510966181
1,2020-10-08,-0.2330148494252611
1,2020-10-09,-0.23759941680111243
1,2020-10-10,-0.24237011273483527
1,2020-10-11,-0.2473552547834038
1,2020-10-12,-0.25240509863920535
1,2020-10-13,-0.25741765016660123
1,2020-10-14,-0.2624448098566873
1,2020-10-15,-0.2674508571547559
1,2020-10-16,-0.2724007600356513
1,2020-10-17,-0.2774381146029624
1,2020-10-18,-0.28264399513083904
1,2020-10-19,-0.28798972270093176
1,2020-10-20,-0.2933851065598331
1,2020-10-21,-0.29870586061418475
1,2020-10-22,-0.30394646495390826
1,2020-10-23,-0.309042880909214
1,2020-10-24,-0.3139645636407385
1,2020-10-25,-0.31882450313428445
1,2020-10-26,-0.32367688976873554
1,2020-10-27,-0.328523199407721
1,2020-10-28,-0.33334078115638394
1,2020-10-29,-0.33825895523069827
1,2020-10-30,-0.3434257851209025
1,2020-10-31,-0.34880076314795555
1,2020-11-01,-0.354306462599571
1,2020-11-02,-0.3599323984496689
1,2020-11-03,-0.3656451218566855
1,2020-11-04,-0.37138807040890986
1,2020-11-05,-0.37718610442813827
1,2020-11-06,-0.38304169566047647
1,2020-11-07,-0.38891929274969383
1,2020-11-08,-0.3948103027888729
1,2020-11-09,-0.4006757486779819
1,2020-11-10,-0.4064770286407306
1,2020-11-11,-0.4121232700299797
1,2020-11-12,-0.41749787126197124
1,2020-11-13,-0.4225684505759487
1,2020-11-14,-0.42737113317017117
1,2020-11-15,-0.43192794686892744
1,2020-11-16,-0.4362164625642856
1,2020-11-17,-0.44025810181491887
1,2020-11-18,-0.4440245057204333
1,2020-11-19,-0.44748709827432237
1,2020-11-20,-0.4506103920527075
1,2020-11-21,-0.4533913784935536
1,2020-11-22,-0.4558551510451709
1,2020-11-23,-0.45804904116411593
1,2020-11-24,-0.4599523077230422
1,2020-11-25,-0.4615048892045151
1,2020-11-26,-0.46267469046834986
1,2020-11-27,-0.4633963624134932
1,2020-11-28,-0.4637183346537989
1,2020-11-29,-0.4637495598298112
1,2020-11-30,-0.4635582049931837
1,2020-12-01,-0.46311861667918175
1,2020-12-02,-0.4624814958293085
1,2020-12-03,-0.46158402406090404
1,2020-12-04,-0.460442422651121
1,2020-12-05,-0.4591424131696119
1,2020-12-06,-0.45787831053288336
1,2020-12-07,-0.45668991434332357
1,2020-12-08,-0.4555738106984984
1,2020-12-09,-0.4544787943201203
1,2020-12-10,-0.45338265607632067
1,2020-12-11,-0.4523029408328577
1,2020-12-12,-0.45128442753938397
1,2020-12-13,-0.45036376082959506
1,2020-12-14,-0.4496327346740071
1,2020-12-15,-0.44906390342888586
1,2020-12-16,-0.4485492174022654
1,2020-12-17,-0.44810883193581863
1,2020-12-18,-0.4477414518428956
1,2020-12-19,-0.44742170768634243
1,2020-12-20,-0.44708811914433433
1,2020-12-21,-0.4467537831871369
1,2020-12-22,-0.44647495905324697
1,2020-12-23,-0.4463298943862528
1,2020-12-24,-0.44629905429304795
1,2020-12-25,-0.44635267193682404
1,2020-12-26,-0.44641324205339955
1,2020-12-27,-0.4464190102278364
1,2020-12-28,-0.4462774446346682
1,2020-12-29,-0.44596548004700115
1,2020-12-30,-0.4454929836864038
1,2020-12-31,-0.44539637908829144
1,2021-01-01,-0.4447573702408042
1,2021-01-02,-0.44405196399796176
1,2021-01-03,-0.4432158200394325
1,2021-01-04,-0.44222811381526644
1,2021-01-05,-0.4410855595944895
1,2021-01-06,-0.4397962765821407
1,2021-01-07,-0.43830315817079213
1,2021-01-08,-0.436676078290527
1,2021-01-09,-0.43491877215935154
1,2021-01-10,-0.4330369190069826
1,2021-01-11,-0.4311184553417856
1,2021-01-12,-0.42922194259242996
1,2021-01-13,-0.4274129687986037
1,2021-01-14,-0.42568797461329805
1,2021-01-15,NA
1,2021-01-16,NA
1,2021-01-17,NA
1,2021-01-18,NA
1,2021-01-19,NA
1,2021-01-20,NA
1,2021-01-21,NA
1,2021-01-22,NA
1,2021-01-23,NA
1,2021-01-24,NA
1,2021-01-25,NA
1,2021-01-26,NA
1,2021-01-27,NA
1,2021-01-28,NA
1,2021-01-29,NA
1,2021-01-30,NA
1,2021-01-31,NA
1,2021-02-01,NA
1,2021-02-02,NA
1,2021-02-03,NA
1,2021-02-04,NA
1,2021-02-05,NA
1,2021-02-06,NA
1,2021-02-07,NA
1,2021-02-08,NA
1,2021-02-09,NA
1,2021-02-10,NA
1,2021-02-11,NA
1,2021-02-12,NA
1,2021-02-13,NA
1,2021-02-14,NA
1,2021-02-15,NA
1,2021-02-16,NA
1,2021-02-17,NA
1,2021-02-18,NA
1,2021-02-19,NA
1,2021-02-20,NA
1,2021-02-21,NA
1,2021-02-22,NA
1,2021-02-23,NA
1,2021-02-24,NA
1,2021-02-25,NA
1,2021-02-26,NA
1,2021-02-27,NA
1,2021-02-28,NA
1,2021-03-01,NA
1,2021-03-02,NA
1,2021-03-03,NA
1,2021-03-04,NA
1,2021-03-05,NA
1,2021-03-06,NA
1,2021-03-07,NA
1,2021-03-08,NA
1,2021-03-09,NA
1,2021-03-10,NA
1,2021-03-11,NA
1,2021-03-12,NA
1,2021-03-13,NA
1,2021-03-14,NA
1,2021-03-15,NA
1,2021-03-16,NA
1,2021-03-17,NA
1,2021-03-18,NA
1,2021-03-19,NA
1,2021-03-20,NA
1,2021-03-21,NA
1,2021-03-22,NA
1,2021-03-23,NA
1,2021-03-24,NA
1,2021-03-25,NA
1,2021-03-26,NA
1,2021-03-27,NA
1,2021-03-28,NA
1,2021-03-29,NA
1,2021-03-30,NA
1,2021-03-31,NA
1,2021-04-01,NA
1,2021-04-02,NA
1,2021-04-03,NA
1,2021-04-04,NA
1,2021-04-05,NA
1,2021-04-06,NA
1,2021-04-07,NA
1,2021-04-08,NA
1,2021-04-09,NA
1,2021-04-10,NA
1,2021-04-11,NA
1,2021-04-12,NA
1,2021-04-13,NA
1,2021-04-14,NA
1,2021-04-15,NA
1,2021-04-16,NA
1,2021-04-17,NA
1,2021-04-18,NA
1,2021-04-19,NA
1,2021-04-20,NA
1,2021-04-21,NA
1,2021-04-22,NA
1,2021-04-23,NA
1,2021-04-24,NA
1,2021-04-25,NA
1,2021-04-26,NA
1,2021-04-27,NA
1,2021-04-28,NA
1,2021-04-29,NA
1,2021-04-30,NA
1,2021-05-01,NA
1,2021-05-02,NA
1,2021-05-03,NA
1,2021-05-04,NA
1,2021-05-05,NA
1,2021-05-06,NA
1,2021-05-07,NA
1,2021-05-08,NA
1,2021-05-09,NA
1,2021-05-10,NA
1,2021-05-11,NA
1,2021-05-12,NA
1,2021-05-13,NA
1,2021-05-14,NA
1,2021-05-15,NA
1,2021-05-16,NA
1,2021-05-17,NA
1,2021-05-18,NA
1,2021-05-19,NA
1,2021-05-20,NA
1,2021-05-21,NA
1,2021-05-22,NA
1,2021-05-23,NA
1,2021-05-24,NA
1,2021-05-25,NA
1,2021-05-26,NA
1,2021-05-27,NA
1,2021-05-28,NA
1,2021-05-29,NA
1,2021-05-30,NA
1,2021-05-31,NA
1,2021-06-01,NA
1,2021-06-02,NA
1,2021-06-03,NA
1,2021-06-04,NA
1,2021-06-05,NA
1,2021-06-06,NA
1,2021-06-07,NA
1,2021-06-08,NA
1,2021-06-09,NA
1,2021-06-10,NA
1,2021-06-11,NA
1,2021-06-12,NA
1,2021-06-13,NA
1,2021-06-14,NA
1,2021-06-15,NA
1,2021-06-16,NA
1,2021-06-17,NA
1,2021-06-18,NA
1,2021-06-19,NA
1,2021-06-20,NA
1,2021-06-21,NA
1,2021-06-22,NA
1,2021-06-23,NA
1,2021-06-24,NA
1,2021-06-25,NA
1,2021-06-26,NA
1,2021-06-27,NA
1,2021-06-28,NA
1,2021-06-29,NA
1,2021-06-30,NA
1,2021-07-01,NA
1,2021-07-02,NA
1,2021-07-03,NA
1,2021-07-04,NA
1,2021-07-05,NA
1,2021-07-06,NA
1,2021-07-07,NA
1,2021-07-08,NA
1,2021-07-09,NA
1,2021-07-10,NA
1,2021-07-11,NA
1,2021-07-12,NA
1,2021-07-13,NA
1,2021-07-14,NA
1,2021-07-15,NA
1,2021-07-16,NA
1,2021-07-17,NA
1,2021-07-18,NA
1,2021-07-19,NA
1,2021-07-20,NA
1,2021-07-21,NA
1,2021-07-22,NA
1,2021-07-23,NA
1,2021-07-24,NA
1,2021-07-25,NA
1,2021-07-26,NA
1,2021-07-27,NA
1,2021-07-28,NA
1,2021-07-29,NA
1,2021-07-30,NA
1,2021-07-31,NA
1,2021-08-01,NA
1,2021-08-02,NA
1,2021-08-03,NA
1,2021-08-04,NA
1,2021-08-05,NA
1,2021-08-06,NA
1,2021-08-07,NA
1,2021-08-08,NA
1,2021-08-09,NA
1,2021-08-10,NA
1,2021-08-11,NA
1,2021-08-12,NA
1,2021-08-13,NA
1,2021-08-14,NA
1,2021-08-15,NA
1,2021-08-16,NA
1,2021-08-17,NA
1,2021-08-18,NA
1,2021-08-19,NA
1,2021-08-20,NA
1,2021-08-21,NA
1,2021-08-22,NA
1,2021-08-23,NA
1,2021-08-24,NA
1,2021-08-25,NA
1,2021-08-26,NA
1,2021-08-27,NA
1,2021-08-28,NA
1,2021-08-29,NA
1,2021-08-30,NA
1,2021-08-31,NA
1,2021-09-01,NA
1,2021-09-02,NA
1,2021-09-03,NA
1,2021-09-04,NA
1,2021-09-05,NA
1,2021-09-06,NA
1,2021-09-07,NA
1,2021-09-08,NA
1,2021-09-09,NA
1,2021-09-10,NA
1,2021-09-11,NA
1,2021-09-12,NA
1,2021-09-13,NA
1,2021-09-14,NA
1,2021-09-15,NA
1,2021-09-16,NA
1,2021-09-17,NA
1,2021-09-18,NA
1,2021-09-19,NA
1,2021-09-20,NA
1,2021-09-21,NA
1,2021-09-22,NA
1,2021-09-23,NA
1,2021-09-24,NA
1,2021-09-25,NA
1,2021-09-26,NA
1,2021-09-27,NA
1,2021-09-28,NA
1,2021-09-29,NA
1,2021-09-30,NA
1,2021-10-01,NA
1,2021-10-02,NA
1,2021-10-03,NA
1,2021-10-04,NA
1,2021-10-05,NA
1,2021-10-06,NA
1,2021-10-07,NA
1,2021-10-08,NA
1,2021-10-09,NA
1,2021-10-10,NA
1,2021-10-11,NA
1,2021-10-12,NA
1,2021-10-13,NA
1,2021-10-14,NA
1,2021-10-15,NA
1,2021-10-16,NA
1,2021-10-17,NA
1,2021-10-18,NA
1,2021-10-19,NA
1,2021-10-20,NA
1,2021-10-21,NA
1,2021-10-22,NA
1,2021-10-23,NA
1,2021-10-24,NA
1,2021-10-25,NA
1,2021-10-26,NA
1,2021-10-27,NA
1,2021-10-28,NA
1,2021-10-29,NA
1,2021-10-30,NA
1,2021-10-31,NA
1,2021-11-01,NA
1,2021-11-02,NA
1,2021-11-03,NA
1,2021-11-04,NA
1,2021-11-05,NA
1,2021-11-06,NA
1,2021-11-07,NA
1,2021-11-08,NA
1,2021-11-09,NA
1,2021-11-10,NA
1,2021-11-11,NA
1,2021-11-12,NA
1,2021-11-13,NA
1,2021-11-14,NA
1,2021-11-15,NA
1,2021-11-16,NA
1,2021-11-17,NA
1,2021-11-18,NA
1,2021-11-19,NA
1,2021-11-20,NA
1,2021-11-21,NA
1,2021-11-22,NA
1,2021-11-23,NA
1,2021-11-24,NA
1,2021-11-25,NA
1,2021-11-26,NA
1,2021-11-27,NA
1,2021-11-28,NA
1,2021-11-29,NA
1,2021-11-30,NA
1,2021-12-01,NA
1,2021-12-02,NA
1,2021-12-03,NA
1,2021-12-04,NA
1,2021-12-05,NA
1,2021-12-06,NA
1,2021-12-07,NA
1,2021-12-08,NA
1,2021-12-09,NA
1,2021-12-10,NA
1,2021-12-11,NA
1,2021-12-12,NA
1,2021-12-13,NA
1,2021-12-14,NA
1,2021-12-15,NA
1,2021-12-16,NA
1,2021-12-17,NA
1,2021-12-18,NA
1,2021-12-19,NA
1,2021-12-20,NA
1,2021-12-21,NA
1,2021-12-22,NA
1,2021-12-23,NA
1,2021-12-24,NA
1,2021-12-25,NA
1,2021-12-26,NA
1,2021-12-27,NA
1,2021-12-28,NA
1,2021-12-29,NA
1,2021-12-30,NA
1,2021-12-31,NA
1,2022-01-01,NA
1,2022-01-02,NA
1,2022-01-03,NA
1,2022-01-04,NA
1,2022-01-05,NA
1,2022-01-06,NA
1,2022-01-07,NA
1,2022-01-08,NA
1,2022-01-09,NA
1,2022-01-10,NA
1,2022-01-11,NA
1,2022-01-12,NA
1,2022-01-13,NA
1,2022-01-14,NA
1,2022-01-15,NA
1,2022-01-16,NA
1,2022-01-17,NA
1,2022-01-18,NA
1,2022-01-19,NA
1,2022-01-20,NA
1,2022-01-21,NA
