site,date,value
1,2012-12-31,0.004050668112029474
1,2013-01-02,0.004045594830165593
1,2013-01-03,0.004045602777165498
1,2013-01-04,0.00404653804250749
1,2013-01-05,0.004048216107737837
1,2013-01-06,0.004050191350581036
1,2013-01-07,0.004052068443019923
1,2013-01-08,0.00405373560115784
1,2013-01-09,0.004054567958122755
1,2013-01-10,0.0040549864984073935
1,2013-01-11,0.0040556696482167195
1,2013-01-12,0.004056906195321069
1,2013-01-13,0.004058275544725562
1,2013-01-14,0.004059353026181994
1,2013-01-15,0.004060096866037634
1,2013-01-16,0.004061292905788589
1,2013-01-17,0.004063145318652163
1,2013-01-18,0.00406540139274955
1,2013-01-19,0.004067957702148876
1,2013-01-20,0.004070360772922837
1,2013-01-21,0.0040715939510035295
1,2013-01-22,0.0040717204279464275
1,2013-01-23,0.0040705916161522995
1,2013-01-24,0.004068260121108799
1,2013-01-25,0.0040654068321622685
1,2013-01-26,0.004062387876095896
1,2013-01-27,0.004058793577103452
1,2013-01-28,0.004054415804170449
1,2013-01-29,0.004049404142824576
1,2013-01-30,0.004044879184720619
1,2013-01-31,0.004041263793472498
1,2013-02-01,0.004038878294234484
1,2013-02-02,0.004037497303746846
1,2013-02-03,0.004035861426134745
1,2013-02-04,0.004032801301947231
1,2013-02-05,0.004029104013087222
1,2013-02-06,0.004026535944215917
1,2013-02-07,0.004025788647918691
1,2013-02-08,0.00402623897119409
1,2013-02-09,0.00402759849410139
1,2013-02-10,0.004029508029767597
1,2013-02-11,0.00403146315186447
1,2013-02-12,0.004033716868029667
1,2013-02-13,0.004036753426642821
1,2013-02-14,0.004040810187516583
1,2013-02-15,0.004045113670852034
1,2013-02-16,0.004049175837608518
1,2013-02-17,0.004052651308350965
1,2013-02-18,0.004055245440447398
1,2013-02-19,0.0040573264666636435
1,2013-02-20,0.0040586147330257515
1,2013-02-21,0.004059440995113369
1,2013-02-22,0.0040606982048197165
1,2013-02-23,0.0040624013061199265
1,2013-02-24,0.004063651780419784
1,2013-02-25,0.004063472091005512
1,2013-02-26,0.004061125499141864
1,2013-02-27,0.004057599588591752
1,2013-02-28,0.004053570793742909
1,2013-03-01,0.004049666665139788
1,2013-03-02,0.004045842757799489
1,2013-03-03,0.004041956258023266
1,2013-03-04,0.0040375347695255194
1,2013-03-05,0.00403351105238593
1,2013-03-06,0.004030288645782633
1,2013-03-07,0.00402777618489676
1,2013-03-08,0.004026525694190129
1,2013-03-09,0.004026246319142159
1,2013-03-10,0.004026487663551575
1,2013-03-11,0.004027302591580682
1,2013-03-12,0.004028902613694705
1,2013-03-13,0.004031641221717235
1,2013-03-14,0.004036137512907924
1,2013-03-15,0.004042511541830098
1,2013-03-16,0.004049851224707702
1,2013-03-17,0.004056324033771539
1,2013-03-18,0.004060715525473468
1,2013-03-19,0.004062704408652805
1,2013-03-20,0.00406299889907962
1,2013-03-21,0.00406240679184061
1,2013-03-22,0.004061540092999671
1,2013-03-23,0.004061475430426944
1,2013-03-24,0.004061680879502627
1,2013-03-25,0.004060497344732577
1,2013-03-26,0.004057621339127118
1,2013-03-27,0.004054698637533152
1,2013-03-28,0.00405377310075832
1,2013-03-29,0.004055952679063923
1,2013-03-30,0.004060137017226488
1,2013-03-31,0.004064112024802112
1,2013-04-01,0.004065613395356353
1,2013-04-02,0.004064149915652874
1,2013-04-03,0.004060533257860278
1,2013-04-04,0.004056277073117771
1,2013-04-05,0.0040526638317469246
1,2013-04-06,0.004050387672180915
1,2013-04-07,0.004049018303917259
1,2013-04-08,0.004047213896443196
1,2013-04-09,0.004044441158370928
1,2013-04-10,0.0040419682139893305
1,2013-04-11,0.004040898911619779
1,2013-04-12,0.00404107014710586
1,2013-04-13,0.0040417180390238784
1,2013-04-14,0.004041613663023591
1,2013-04-15,0.00403993598800585
1,2013-04-16,0.004038066385904542
1,2013-04-17,0.004036919773055825
1,2013-04-18,0.004036200537179337
1,2013-04-19,0.0040360494477536925
1,2013-04-20,0.004036376049522719
1,2013-04-21,0.0040366548162024994
1,2013-04-22,0.004036773650596845
1,2013-04-23,0.0040369798135333175
1,2013-04-24,0.0040376763838538875
1,2013-04-25,0.004040026044498113
1,2013-04-26,0.004044719774872666
1,2013-04-27,0.004050545425471554
1,2013-04-28,0.0040554719582748654
1,2013-04-29,0.004058401669855291
1,2013-04-30,0.004059977994615388
1,2013-05-01,0.004061075470336425
1,2013-05-02,0.004062364108245646
1,2013-05-03,0.004063694560823559
1,2013-05-04,0.004065882105606855
1,2013-05-05,0.004068570805162977
1,2013-05-06,0.0040704640118715465
1,2013-05-07,0.004071141889991225
1,2013-05-08,0.004071741960999615
1,2013-05-09,0.004073687919800699
1,2013-05-10,0.004077224879757027
1,2013-05-11,0.004081785530538248
1,2013-05-12,0.004086753096520268
1,2013-05-13,0.004090956782514759
1,2013-05-14,0.004094100786172316
1,2013-05-15,0.004095314681487576
1,2013-05-16,0.004094150250071883
1,2013-05-17,0.0040916741064841704
1,2013-05-18,0.004088134352752895
1,2013-05-19,0.004083578639724845
1,2013-05-20,0.004078150321441333
1,2013-05-21,0.004072554774483675
1,2013-05-22,0.004067771065406586
1,2013-05-23,0.004064501278994539
1,2013-05-24,0.004063147116979094
1,2013-05-25,0.004062693223860691
1,2013-05-26,0.004061872279738842
1,2013-05-27,0.0040601668035430746
1,2013-05-28,0.004058440706354567
1,2013-05-29,0.004056812621985656
1,2013-05-30,0.004055474936087168
1,2013-05-31,0.004055189870225675
1,2013-06-01,0.004056072519031935
1,2013-06-02,0.004057903602282182
1,2013-06-03,0.004060466264348977
1,2013-06-04,0.0040637226435610765
1,2013-06-05,0.004067522451310547
1,2013-06-06,0.00407156218640029
1,2013-06-07,0.0040758874403967384
1,2013-06-08,0.004079622390974437
1,2013-06-09,0.00408201730871161
1,2013-06-10,0.0040827067240931155
1,2013-06-11,0.004082454451310896
1,2013-06-12,0.004082309334287852
1,2013-06-13,0.004082201975488536
1,2013-06-14,0.004082142526774779
1,2013-06-15,0.004083110774371094
1,2013-06-16,0.004085541459217195
1,2013-06-17,0.004089130099029994
1,2013-06-18,0.004092685509179625
1,2013-06-19,0.004095794909482689
1,2013-06-20,0.004098638130959382
1,2013-06-21,0.004101283175903745
1,2013-06-22,0.004103556764650551
1,2013-06-23,0.004105579005000018
1,2013-06-24,0.004106799292271901
1,2013-06-25,0.004106306535929525
1,2013-06-26,0.004103534818905774
1,2013-06-27,0.004099121176022407
1,2013-06-28,0.00409463563940681
1,2013-06-29,0.004090601504665592
1,2013-06-30,0.004086918770775825
1,2013-07-01,0.004083300298930488
1,2013-07-02,0.004079384052120929
1,2013-07-03,0.004076283305546038
1,2013-07-04,0.004075608656167682
1,2013-07-05,0.004077627726881574
1,2013-07-06,0.004080788916023521
1,2013-07-07,0.004083666717578744
1,2013-07-08,0.004085748549307452
1,2013-07-09,0.0040869741427618424
1,2013-07-10,0.0040879466658612
1,2013-07-11,0.00408901891854054
1,2013-07-12,0.004090151822410687
1,2013-07-13,0.00409154212066532
1,2013-07-14,0.004092313546010471
1,2013-07-15,0.004092035152047311
1,2013-07-16,0.004091020069861955
1,2013-07-17,0.00408983658630324
1,2013-07-18,0.004089498416351497
1,2013-07-19,0.00409024490947516
1,2013-07-20,0.004091490795617219
1,2013-07-21,0.004092932754623363
1,2013-07-22,0.004094261694114946
1,2013-07-23,0.004096043584986447
1,2013-07-24,0.004098396563006019
1,2013-07-25,0.004101228498028726
1,2013-07-26,0.0041048412567705524
1,2013-07-27,0.004109430386502638
1,2013-07-28,0.004114146849405786
1,2013-07-29,0.004118743244071644
1,2013-07-30,0.0041225321927288085
1,2013-07-31,0.0041250030175686275
1,2013-08-01,0.004126857631739462
1,2013-08-02,0.004129111094030092
1,2013-08-03,0.0041317923899359035
1,2013-08-04,0.004134134960519514
1,2013-08-05,0.00413524789869677
1,2013-08-06,0.004135262305314897
1,2013-08-07,0.004133370611661245
1,2013-08-08,0.00412926047913696
1,2013-08-09,0.0041236982879495395
1,2013-08-10,0.004116824693022462
1,2013-08-11,0.004109546827930846
1,2013-08-12,0.004103012872004227
1,2013-08-13,0.004098609043519453
1,2013-08-14,0.00409689509510045
1,2013-08-15,0.004096647323833981
1,2013-08-16,0.00409691535587942
1,2013-08-17,0.004096717478058167
1,2013-08-18,0.004096563052877004
1,2013-08-19,0.004097555566546276
1,2013-08-20,0.00410080916755169
1,2013-08-21,0.004104967723852658
1,2013-08-22,0.004109505892710784
1,2013-08-23,0.00411510307942729
1,2013-08-24,0.004120521345012033
1,2013-08-25,0.004125621881045772
1,2013-08-26,0.004130749037092872
1,2013-08-27,0.0041356952706431745
1,2013-08-28,0.004139524897154874
1,2013-08-29,0.004141894681417428
1,2013-08-30,0.004142414779334155
1,2013-08-31,0.004140698557415888
1,2013-09-01,0.0041372554282977075
1,2013-09-02,0.004132666693683234
1,2013-09-03,0.004126732109357536
1,2013-09-04,0.004120640546155329
1,2013-09-05,0.004113522686815791
1,2013-09-06,0.004104950165094696
1,2013-09-07,0.004095166190075867
1,2013-09-08,0.0040842278475044565
1,2013-09-09,0.004073587329005866
1,2013-09-10,0.004064320701109526
1,2013-09-11,0.004057304928833659
1,2013-09-12,0.004053267951595973
1,2013-09-13,0.00405213553588706
1,2013-09-14,0.004053239725595769
1,2013-09-15,0.0040551831289726194
1,2013-09-16,0.004057125832631859
1,2013-09-17,0.00405876249254431
1,2013-09-18,0.004060044461136827
1,2013-09-19,0.004060663678023975
1,2013-09-20,0.0040601242133979625
1,2013-09-21,0.0040575129195919
1,2013-09-22,0.004052538006161418
1,2013-09-23,0.004046143945915651
1,2013-09-24,0.004039737512203613
1,2013-09-25,0.004034714140682083
1,2013-09-26,0.004031666914920009
1,2013-09-27,0.004030648852319433
1,2013-09-28,0.004030038707866769
1,2013-09-29,0.0040292980250450266
1,2013-09-30,0.004028839233308391
1,2013-10-01,0.004028939453877172
1,2013-10-02,0.004029526033516991
1,2013-10-03,0.004030665552632489
1,2013-10-04,0.004033062940412513
1,2013-10-05,0.004037342550356154
1,2013-10-06,0.004043418385907102
1,2013-10-07,0.004050419738208894
1,2013-10-08,0.004057294682382277
1,2013-10-09,0.004062845458711937
1,2013-10-10,0.004066203901718362
1,2013-10-11,0.0040675243870149135
1,2013-10-12,0.004067921948457452
1,2013-10-13,0.00406918117158985
1,2013-10-14,0.004071563545527087
1,2013-10-15,0.004075010199729124
1,2013-10-16,0.0040781892180058645
1,2013-10-17,0.004080365609334625
1,2013-10-18,0.004081725568651542
1,2013-10-19,0.004079204254351617
1,2013-10-20,0.004072647226598057
1,2013-10-21,0.0040649883463044195
1,2013-10-22,0.004057673131510451
1,2013-10-23,0.00405084996590149
1,2013-10-24,0.004045297846486715
1,2013-10-25,0.0040410354509068155
1,2013-10-26,0.004037378617437891
1,2013-10-27,0.0040336080806005386
1,2013-10-28,0.004030707928012833
1,2013-10-29,0.0040287708992831125
1,2013-10-30,0.004027651167403083
1,2013-10-31,0.00402675060600349
1,2013-11-01,0.004025793200378288
1,2013-11-02,0.004024360892582593
1,2013-11-03,0.004021488942322006
1,2013-11-04,0.00401810684577891
1,2013-11-05,0.0040152819923306975
1,2013-11-06,0.004013455364648718
1,2013-11-07,0.004012677082133068
1,2013-11-08,0.00401301357176608
1,2013-11-09,0.004014009696044503
1,2013-11-10,0.00401535399883089
1,2013-11-11,0.0040166849705598655
1,2013-11-12,0.004017883683256171
1,2013-11-13,0.004018425897133038
1,2013-11-14,0.004018029712406138
1,2013-11-15,0.0040171335223396195
1,2013-11-16,0.004015263701914022
1,2013-11-17,0.004012743723921691
1,2013-11-18,0.004009495771288664
1,2013-11-19,0.004005524067307646
1,2013-11-20,0.004000966730850505
1,2013-11-21,0.00399570468416313
1,2013-11-22,0.003990150343964533
1,2013-11-23,0.003984894453180771
1,2013-11-24,0.003980696739502698
1,2013-11-25,0.003978428112810418
1,2013-11-26,0.0039778763754667506
1,2013-11-27,0.003978145569143406
1,2013-11-28,0.003978594333064471
1,2013-11-29,0.003979138457963693
1,2013-11-30,0.003979696585932285
1,2013-12-01,0.003980246208613436
1,2013-12-02,0.003981231796680472
1,2013-12-03,0.003982959958234109
1,2013-12-04,0.003985660849251287
1,2013-12-05,0.003988954070532004
1,2013-12-06,0.003992481107834287
1,2013-12-07,0.003996136005821588
1,2013-12-08,0.003999906936266969
1,2013-12-09,0.004003528455700814
1,2013-12-10,0.0040065767878173005
1,2013-12-11,0.004008880262743497
1,2013-12-12,0.004010221955162559
1,2013-12-13,0.004010476596983932
1,2013-12-14,0.0040098705593780756
1,2013-12-15,0.004008612431951189
1,2013-12-16,0.004006809400780448
1,2013-12-17,0.0040046283060281756
1,2013-12-18,0.004002430813288103
1,2013-12-19,0.004000503552499699
1,2013-12-20,0.00399900017608802
1,2013-12-21,0.003997972142306827
1,2013-12-22,0.003997149242957553
1,2013-12-23,0.003996321255239526
1,2013-12-24,0.003995273254002651
1,2013-12-25,0.003994106820278416
1,2013-12-26,0.003992921053161497
1,2013-12-27,0.003991824747552536
1,2013-12-28,0.003990840055358329
1,2013-12-29,0.003989859443597231
1,2013-12-30,0.003988673023274164
1,2013-12-31,0.003987360976499645
1,2014-01-01,0.00398660885084665
1,2014-01-02,0.003986790689732468
1,2014-01-03,0.003987932936423894
1,2014-01-04,0.003989824256724274
1,2014-01-05,0.0039920862559135375
1,2014-01-06,0.003994278769318041
1,2014-01-07,0.003995963889929785
1,2014-01-08,0.003996702425855804
1,2014-01-09,0.0039965330394475095
1,2014-01-10,0.003995697168877306
1,2014-01-11,0.00399494640107311
1,2014-01-12,0.003994718508727948
1,2014-01-13,0.003994864181549725
1,2014-01-14,0.0039950486818740565
1,2014-01-15,0.003995230609829951
1,2014-01-16,0.003995596404159951
1,2014-01-17,0.0039965479083986415
1,2014-01-18,0.003998512092136049
1,2014-01-19,0.004001451173781594
1,2014-01-20,0.004004950860687186
1,2014-01-21,0.004008396271259129
1,2014-01-22,0.004011339605176382
1,2014-01-23,0.004013621004078793
1,2014-01-24,0.004015202596795378
1,2014-01-25,0.004016684626992455
1,2014-01-26,0.004018302424485529
1,2014-01-27,0.004020036427247039
1,2014-01-28,0.00402149548458573
1,2014-01-29,0.004022102141079423
1,2014-01-30,0.004021428401405533
1,2014-01-31,0.0040199484428575846
1,2014-02-01,0.004017782160050129
1,2014-02-02,0.004015574956739777
1,2014-02-03,0.004014022802411835
1,2014-02-04,0.004013054366440371
1,2014-02-05,0.004012223641003833
1,2014-02-06,0.004010992233112698
1,2014-02-07,0.0040091383136711305
1,2014-02-08,0.004006996158116828
1,2014-02-09,0.0040048990559313396
1,2014-02-10,0.004003169794870973
1,2014-02-11,0.004001977283407098
1,2014-02-12,0.004001169269381944
1,2014-02-13,0.00400045596083663
1,2014-02-14,0.003999906865852795
1,2014-02-15,0.0039998670671926
1,2014-02-16,0.004000433425557453
1,2014-02-17,0.004001665809826282
1,2014-02-18,0.004003471324056843
1,2014-02-19,0.004005629153116236
1,2014-02-20,0.0040079865520013845
1,2014-02-21,0.004010328968092674
1,2014-02-22,0.004012870449149884
1,2014-02-23,0.004015361535450552
1,2014-02-24,0.004017302604369684
1,2014-02-25,0.004018784793066475
1,2014-02-26,0.004019787066867783
1,2014-02-27,0.004020283069402286
1,2014-02-28,0.004020082225150744
1,2014-03-01,0.0040186935935188255
1,2014-03-02,0.004016788380655144
1,2014-03-03,0.004015398016643888
1,2014-03-04,0.004014679959253251
1,2014-03-05,0.004014450005953843
1,2014-03-06,0.0040142871530639114
1,2014-03-07,0.004014025403479461
1,2014-03-08,0.004013757832972321
1,2014-03-09,0.004013818612595717
1,2014-03-10,0.004014152087110233
1,2014-03-11,0.004014565011909213
1,2014-03-12,0.004014935328557329
1,2014-03-13,0.0040152125843890595
1,2014-03-14,0.004015267541070419
1,2014-03-15,0.0040147974119769305
1,2014-03-16,0.004014566202824134
1,2014-03-17,0.004015781762094284
1,2014-03-18,0.004018749039120374
1,2014-03-19,0.004023179286422697
1,2014-03-20,0.004027842539652747
1,2014-03-21,0.0040327144206934225
1,2014-03-22,0.004038161248370875
1,2014-03-23,0.004043994832270981
1,2014-03-24,0.004049497033860516
1,2014-03-25,0.004053651300688033
1,2014-03-26,0.004056118398273264
1,2014-03-27,0.004057740136489787
1,2014-03-28,0.004058755652030196
1,2014-03-29,0.0040591326855620915
1,2014-03-30,0.004059181108992718
1,2014-03-31,0.004058683181687913
1,2014-04-01,0.004056913074403824
1,2014-04-02,0.004053623175260623
1,2014-04-03,0.00404888745817635
1,2014-04-04,0.004043024937015539
1,2014-04-05,0.0040376163603339
1,2014-04-06,0.004033758423243984
1,2014-04-07,0.00403102789449848
1,2014-04-08,0.0040289213348702725
1,2014-04-09,0.0040271662326151385
1,2014-04-10,0.004025984122750055
1,2014-04-11,0.0040252762695508525
1,2014-04-12,0.0040248011156724505
1,2014-04-13,0.004024817329328028
1,2014-04-14,0.0040255745313574455
1,2014-04-15,0.004027176790529501
1,2014-04-16,0.004029044377986261
1,2014-04-17,0.0040301520713131285
1,2014-04-18,0.004030906224033061
1,2014-04-19,0.004031916733945287
1,2014-04-20,0.004033609921846285
1,2014-04-21,0.00403606036996383
1,2014-04-22,0.004038700995133292
1,2014-04-23,0.004040748376191608
1,2014-04-24,0.004042579589946899
1,2014-04-25,0.00404445901176705
1,2014-04-26,0.004046320802473001
1,2014-04-27,0.004048531522000095
1,2014-04-28,0.004051929598182199
1,2014-04-29,0.004056628599129632
1,2014-04-30,0.004062489456112142
1,2014-05-01,0.004068350243522435
1,2014-05-02,0.004074866316277464
1,2014-05-03,0.004083018468366886
1,2014-05-04,0.004093162638847838
1,2014-05-05,0.004104752181188982
1,2014-05-06,0.004115866282963029
1,2014-05-07,0.0041242769725646
1,2014-05-08,0.004131001812381059
1,2014-05-09,0.0041371996397519244
1,2014-05-10,0.004144207239819583
1,2014-05-11,0.004151374055776659
1,2014-05-12,0.0041572142946401155
1,2014-05-13,0.004160069656871294
1,2014-05-14,0.004161124521503265
1,2014-05-15,0.004161729636044239
1,2014-05-16,0.004162305895852361
1,2014-05-17,0.004164730872615463
1,2014-05-18,0.004169673782662397
1,2014-05-19,0.004175683396011548
1,2014-05-20,0.004180405511055972
1,2014-05-21,0.004181289900991958
1,2014-05-22,0.004177863559789113
1,2014-05-23,0.004170183838560817
1,2014-05-24,0.004157577265516575
1,2014-05-25,0.004142876220090552
1,2014-05-26,0.004130113477115399
1,2014-05-27,0.004120195143125697
1,2014-05-28,0.004113779269091738
1,2014-05-29,0.00411052772870763
1,2014-05-30,0.004109766658677563
1,2014-05-31,0.0041116561201465
1,2014-06-01,0.004115475562131167
1,2014-06-02,0.004120485766366725
1,2014-06-03,0.004125448911235221
1,2014-06-04,0.004129134546606626
1,2014-06-05,0.004131088962567376
1,2014-06-06,0.0041309585049940836
1,2014-06-07,0.0041281059889580595
1,2014-06-08,0.004123334544196574
1,2014-06-09,0.004118147936687069
1,2014-06-10,0.00411309597574072
1,2014-06-11,0.004108636976252937
1,2014-06-12,0.004104300332765999
1,2014-06-13,0.0041006796037435286
1,2014-06-14,0.004098117026008262
1,2014-06-15,0.004097081062025143
1,2014-06-16,0.0040969446903932945
1,2014-06-17,0.004096560603232121
1,2014-06-18,0.004095179899538821
1,2014-06-19,0.00409395229120915
1,2014-06-20,0.004093084907656265
1,2014-06-21,0.004093158369185381
1,2014-06-22,0.004094198999990145
1,2014-06-23,0.004095257046506087
1,2014-06-24,0.004095292626003033
1,2014-06-25,0.004094964133727269
1,2014-06-26,0.004095398557355771
1,2014-06-27,0.004096881224117345
1,2014-06-28,0.004100182160833818
1,2014-06-29,0.004105729691097409
1,2014-06-30,0.004112585690925137
1,2014-07-01,0.00411999245310502
1,2014-07-02,0.00412807395636868
1,2014-07-03,0.004136552330628358
1,2014-07-04,0.004143740320718401
1,2014-07-05,0.004147565401382785
1,2014-07-06,0.004148985351107663
1,2014-07-07,0.004151105869596166
1,2014-07-08,0.004156145771524523
1,2014-07-09,0.004163478759164346
1,2014-07-10,0.004169904889029774
1,2014-07-11,0.004176048524366577
1,2014-07-12,0.004183150218588552
1,2014-07-13,0.004191551143667807
1,2014-07-14,0.004201066287877736
1,2014-07-15,0.004209482384176363
1,2014-07-16,0.004214102205718417
1,2014-07-17,0.004215576722920831
1,2014-07-18,0.004215002478256588
1,2014-07-19,0.0042131420518357245
1,2014-07-20,0.004210724735754392
1,2014-07-21,0.004206647476839928
1,2014-07-22,0.004199459028425901
1,2014-07-23,0.004189585647027835
1,2014-07-24,0.004179629013151405
1,2014-07-25,0.004172594254263978
1,2014-07-26,0.00416779220427251
1,2014-07-27,0.0041664002964136426
1,2014-07-28,0.004168149779319423
1,2014-07-29,0.004170703473183634
1,2014-07-30,0.0041709370583176055
1,2014-07-31,0.004169362982366945
1,2014-08-01,0.004166087169143613
1,2014-08-02,0.004160807157939058
1,2014-08-03,0.004153654885142929
1,2014-08-04,0.004145814188895978
1,2014-08-05,0.00413693139282637
1,2014-08-06,0.004129317249533614
1,2014-08-07,0.004123814329964412
1,2014-08-08,0.004120812789842698
1,2014-08-09,0.004121140464034839
1,2014-08-10,0.004123973341448905
1,2014-08-11,0.004127941379196675
1,2014-08-12,0.004130907822557732
1,2014-08-13,0.004131981297309966
1,2014-08-14,0.004131673457899677
1,2014-08-15,0.004130849017593077
1,2014-08-16,0.004130766234715011
1,2014-08-17,0.00413130865924787
1,2014-08-18,0.004133168164285791
1,2014-08-19,0.004137272983427273
1,2014-08-20,0.004143812549788848
1,2014-08-21,0.004151561548170589
1,2014-08-22,0.004160932337223774
1,2014-08-23,0.004171849273812969
1,2014-08-24,0.004182984856591831
1,2014-08-25,0.00419358097092099
1,2014-08-26,0.00420164875105129
1,2014-08-27,0.00420486190471917
1,2014-08-28,0.004203914758097294
1,2014-08-29,0.004199319350922067
1,2014-08-30,0.004191091296189586
1,2014-08-31,0.00418000538547531
1,2014-09-01,0.004166067336130373
1,2014-09-02,0.004147533558298588
1,2014-09-03,0.004125512094255003
1,2014-09-04,0.004103330911389957
1,2014-09-05,0.00408278972011685
1,2014-09-06,0.004065654483016252
1,2014-09-07,0.004053825692789529
1,2014-09-08,0.004046106121426645
1,2014-09-09,0.004040869902385431
1,2014-09-10,0.004037055377392827
1,2014-09-11,0.004034235265102755
1,2014-09-12,0.0040320784397666455
1,2014-09-13,0.0040302294546067695
1,2014-09-14,0.004029053376506558
1,2014-09-15,0.004028717871732984
1,2014-09-16,0.004029332809036852
1,2014-09-17,0.004031265604409588
1,2014-09-18,0.004034679009847099
1,2014-09-19,0.004039577638414961
1,2014-09-20,0.0040449403301890865
1,2014-09-21,0.004049531575726883
1,2014-09-22,0.004052540407604678
1,2014-09-23,0.004053159301255381
1,2014-09-24,0.004051422229810723
1,2014-09-25,0.004048390127448326
1,2014-09-26,0.004044869434269785
1,2014-09-27,0.004041381444977987
1,2014-09-28,0.004038042846227252
1,2014-09-29,0.0040346866686277365
1,2014-09-30,0.004031068789292933
1,2014-10-01,0.004027321577349667
1,2014-10-02,0.004023817941037162
1,2014-10-03,0.004020759412461644
1,2014-10-04,0.004018317516015666
1,2014-10-05,0.004016210959947132
1,2014-10-06,0.004014553398540737
1,2014-10-07,0.004013751780079211
1,2014-10-08,0.004014222636972526
1,2014-10-09,0.004015927484940623
1,2014-10-10,0.0040181871092187915
1,2014-10-11,0.004020368726780672
1,2014-10-12,0.004022198140473121
1,2014-10-13,0.004023464997639696
1,2014-10-14,0.004024229082905448
1,2014-10-15,0.004024354713826032
1,2014-10-16,0.004023596991591256
1,2014-10-17,0.004022410882617773
1,2014-10-18,0.00402124199308732
1,2014-10-19,0.004020708600763767
1,2014-10-20,0.004020854203999361
1,2014-10-21,0.004021418159122788
1,2014-10-22,0.0040221161443204975
1,2014-10-23,0.004022938884089838
1,2014-10-24,0.004023886478714493
1,2014-10-25,0.004024885614554889
1,2014-10-26,0.004025937858890963
1,2014-10-27,0.004026866625222591
1,2014-10-28,0.004027355951685405
1,2014-10-29,0.004027099639947565
1,2014-10-30,0.004026021544199383
1,2014-10-31,0.004024923104355084
1,2014-11-01,0.004024415176773806
1,2014-11-02,0.00402479616009018
1,2014-11-03,0.0040259451738132905
1,2014-11-04,0.004027376873384099
1,2014-11-05,0.004028412770025994
1,2014-11-06,0.00402864643484777
1,2014-11-07,0.00402778048574289
1,2014-11-08,0.004025639389427424
1,2014-11-09,0.004022447866696878
1,2014-11-10,0.0040184088102415885
1,2014-11-11,0.004013761704124747
1,2014-11-12,0.004009212283345961
1,2014-11-13,0.004005374698796281
1,2014-11-14,0.004002542728998448
1,2014-11-15,0.004000934466326217
1,2014-11-16,0.004000509940230301
1,2014-11-17,0.004000836934440252
1,2014-11-18,0.004001116608268592
1,2014-11-19,0.004000896954236913
1,2014-11-20,0.004000289260990356
1,2014-11-21,0.003999560597092213
1,2014-11-22,0.003998377108151365
1,2014-11-23,0.003996732396231202
1,2014-11-24,0.003994763053639458
1,2014-11-25,0.003992769941206403
1,2014-11-26,0.003991193840534408
1,2014-11-27,0.003990214271167891
1,2014-11-28,0.003989973916752637
1,2014-11-29,0.0039902314312456385
1,2014-11-30,0.003990587381074972
1,2014-12-01,0.003990987999444422
1,2014-12-02,0.003991917667241042
1,2014-12-03,0.003993831860919468
1,2014-12-04,0.00399667436786985
1,2014-12-05,0.003999895871167341
1,2014-12-06,0.004002846816826415
1,2014-12-07,0.0040053856958723435
1,2014-12-08,0.004007602691679051
1,2014-12-09,0.004009424765339377
1,2014-12-10,0.004010618663565139
1,2014-12-11,0.004011413113539451
1,2014-12-12,0.004012038044727167
1,2014-12-13,0.004012559509224479
1,2014-12-14,0.004012996352938764
1,2014-12-15,0.004013239161882035
1,2014-12-16,0.004013489555488009
1,2014-12-17,0.004014117811108918
1,2014-12-18,0.004015114529166154
1,2014-12-19,0.004015979580771105
1,2014-12-20,0.00401588973850357
1,2014-12-21,0.004014924030725305
1,2014-12-22,0.00401345199386773
1,2014-12-23,0.004011883307110238
1,2014-12-24,0.004010147211313734
1,2014-12-25,0.004008235916819894
1,2014-12-26,0.00400643153446535
1,2014-12-27,0.004005115504759339
1,2014-12-28,0.004004681421708294
1,2014-12-29,0.004004812775864714
1,2014-12-30,0.004005655193995224
1,2014-12-31,0.004007252034270372
1,2015-01-01,0.004009012899245322
1,2015-01-02,0.004010316951918091
1,2015-01-03,0.004010592442618628
1,2015-01-04,0.0040098950138791585
1,2015-01-05,0.004008504871493927
1,2015-01-06,0.004007047647522818
1,2015-01-07,0.004005767888561417
1,2015-01-08,0.004004327261634588
1,2015-01-09,0.004002487787173864
1,2015-01-10,0.004000297577377192
1,2015-01-11,0.003998005396196371
1,2015-01-12,0.003995985620782202
1,2015-01-13,0.0039948362456557794
1,2015-01-14,0.0039946236981222615
1,2015-01-15,0.003994931737785802
1,2015-01-16,0.003995402324969544
1,2015-01-17,0.003995745489295292
1,2015-01-18,0.003996091955757791
1,2015-01-19,0.003996658817033835
1,2015-01-20,0.003997666096949103
1,2015-01-21,0.003998920982909372
1,2015-01-22,0.004000231314803001
1,2015-01-23,0.004001492750900557
1,2015-01-24,0.004002716751805002
1,2015-01-25,0.004003982936535205
1,2015-01-26,0.004005432701430339
1,2015-01-27,0.004007616413348158
1,2015-01-28,0.004010832667245027
1,2015-01-29,0.0040146811400553805
1,2015-01-30,0.004018252437618516
1,2015-01-31,0.00402071152984292
1,2015-02-01,0.004021777556799164
1,2015-02-02,0.00402177831590964
1,2015-02-03,0.004021470925602072
1,2015-02-04,0.004021175982052584
1,2015-02-05,0.0040206320037508275
1,2015-02-06,0.004019870511734758
1,2015-02-07,0.004019272974729237
1,2015-02-08,0.004018968168727118
1,2015-02-09,0.004019123869375097
1,2015-02-10,0.0040204601608398146
1,2015-02-11,0.00402312284786147
1,2015-02-12,0.004026107728468409
1,2015-02-13,0.004028308213293312
1,2015-02-14,0.004029244770389238
1,2015-02-15,0.004028791981979964
1,2015-02-16,0.004027204542868963
1,2015-02-17,0.004025168115836758
1,2015-02-18,0.004023309369333405
1,2015-02-19,0.0040215793525914655
1,2015-02-20,0.0040199335506378485
1,2015-02-21,0.0040188080096171435
1,2015-02-22,0.004018239803546935
1,2015-02-23,0.004018448704875795
1,2015-02-24,0.004020130201819243
1,2015-02-25,0.004023635385216223
1,2015-02-26,0.004027648575977494
1,2015-02-27,0.004030534604091222
1,2015-02-28,0.004031212865199416
1,2015-03-01,0.004029704461725013
1,2015-03-02,0.004026866819058787
1,2015-03-03,0.004023759342955427
1,2015-03-04,0.004021118507609977
1,2015-03-05,0.004018957540119277
1,2015-03-06,0.004016996628710362
1,2015-03-07,0.004015294519944248
1,2015-03-08,0.004013883023294429
1,2015-03-09,0.004012917705942237
1,2015-03-10,0.004013012393411222
1,2015-03-11,0.004014591078228551
1,2015-03-12,0.004017201200762701
1,2015-03-13,0.004019853536419903
1,2015-03-14,0.004021236694876977
1,2015-03-15,0.00402098544481731
1,2015-03-16,0.004019904525653627
1,2015-03-17,0.004018809670075005
1,2015-03-18,0.004018322807003328
1,2015-03-19,0.004018893420902737
1,2015-03-20,0.00402046993095905
1,2015-03-21,0.004022899737436217
1,2015-03-22,0.004025921391298847
1,2015-03-23,0.004029231378243616
1,2015-03-24,0.004032690483847417
1,2015-03-25,0.00403631670116721
1,2015-03-26,0.004039679542099853
1,2015-03-27,0.004042077838041937
1,2015-03-28,0.004043269944107528
1,2015-03-29,0.004043387090359407
1,2015-03-30,0.004042727046935352
1,2015-03-31,0.004041744772900214
1,2015-04-01,0.0040410536082551
1,2015-04-02,0.004040851255980643
1,2015-04-03,0.004040897617114414
1,2015-04-04,0.004041639640215107
1,2015-04-05,0.004042977060616499
1,2015-04-06,0.0040451526996174905
1,2015-04-07,0.004048650403408263
1,2015-04-08,0.004053335036902644
1,2015-04-09,0.004058476886362959
1,2015-04-10,0.004062623539833969
1,2015-04-11,0.00406407557658677
1,2015-04-12,0.004062781543782588
1,2015-04-13,0.004059921922366738
1,2015-04-14,0.00405570135038468
1,2015-04-15,0.0040512617184938595
1,2015-04-16,0.0040483123167442455
1,2015-04-17,0.0040476457426047285
1,2015-04-18,0.0040495075968430385
1,2015-04-19,0.0040538079894898976
1,2015-04-20,0.004059817122116885
1,2015-04-21,0.004067320623591468
1,2015-04-22,0.004076126350302472
1,2015-04-23,0.004085181478188439
1,2015-04-24,0.004092631499063254
1,2015-04-25,0.004097242280115028
1,2015-04-26,0.004098648839843509
1,2015-04-27,0.004097653477935252
1,2015-04-28,0.004095666901029573
1,2015-04-29,0.004094239913347208
1,2015-04-30,0.004093464696399823
1,2015-05-01,0.0040923216075606835
1,2015-05-02,0.004091015168460629
1,2015-05-03,0.0040901128466797245
1,2015-05-04,0.004091049603735365
1,2015-05-05,0.0040953752209271065
1,2015-05-06,0.004103309376393699
1,2015-05-07,0.0041125060766023
1,2015-05-08,0.004120886142586334
1,2015-05-09,0.004127318398290078
1,2015-05-10,0.004131550784942933
1,2015-05-11,0.004133163974474613
1,2015-05-12,0.004131344096282586
1,2015-05-13,0.004126699247295118
1,2015-05-14,0.004119991149527448
1,2015-05-15,0.004112233807688262
1,2015-05-16,0.00410425032774688
1,2015-05-17,0.004096955434809456
1,2015-05-18,0.004090926811596824
1,2015-05-19,0.004086602637912757
1,2015-05-20,0.00408393970165658
1,2015-05-21,0.00408271025279777
1,2015-05-22,0.004082408786122342
1,2015-05-23,0.0040829232696566724
1,2015-05-24,0.00408496613625838
1,2015-05-25,0.004088307663584824
1,2015-05-26,0.004091422745562344
1,2015-05-27,0.004093736241328581
1,2015-05-28,0.0040959169359741626
1,2015-05-29,0.00409883577461014
1,2015-05-30,0.0041026235980944955
1,2015-05-31,0.004106873276432768
1,2015-06-01,0.004110978255722762
1,2015-06-02,0.004114929083041638
1,2015-06-03,0.00411879186622236
1,2015-06-04,0.004122103130509319
1,2015-06-05,0.004123632114133987
1,2015-06-06,0.004122705942926982
1,2015-06-07,0.004119730028407832
1,2015-06-08,0.004115668041269954
1,2015-06-09,0.004110931983447424
1,2015-06-10,0.004106193588613352
1,2015-06-11,0.00410157013193403
1,2015-06-12,0.004097031363623117
1,2015-06-13,0.004093398323505261
1,2015-06-14,0.004090819508797594
1,2015-06-15,0.004088853434717576
1,2015-06-16,0.004086871097861799
1,2015-06-17,0.0040847402054520875
1,2015-06-18,0.004082560369138425
1,2015-06-19,0.004079937909331205
1,2015-06-20,0.004076888577161984
1,2015-06-21,0.0040738738984072275
1,2015-06-22,0.0040710259762887415
1,2015-06-23,0.004067730980406405
1,2015-06-24,0.004064607759652337
1,2015-06-25,0.0040626412047135
1,2015-06-26,0.0040624778715023565
1,2015-06-27,0.004064468843166453
1,2015-06-28,0.0040686744496778214
1,2015-06-29,0.004074271510080536
1,2015-06-30,0.0040798674449231045
1,2015-07-01,0.004084690751643942
1,2015-07-02,0.004089243711695374
1,2015-07-03,0.004093144359743282
1,2015-07-04,0.004095546192788372
1,2015-07-05,0.004096039485749428
1,2015-07-06,0.0040953043784864775
1,2015-07-07,0.004093151090548577
1,2015-07-08,0.004090346785797136
1,2015-07-09,0.004088218288824002
1,2015-07-10,0.004087041229186473
1,2015-07-11,0.004086857299394396
1,2015-07-12,0.004087285338452787
1,2015-07-13,0.0040874247839651195
1,2015-07-14,0.004086745638122847
1,2015-07-15,0.004085071175834403
1,2015-07-16,0.004083232871002476
1,2015-07-17,0.004081645222119788
1,2015-07-18,0.004080051932937262
1,2015-07-19,0.004078608306710479
1,2015-07-20,0.00407801782067777
1,2015-07-21,0.004078878934493739
1,2015-07-22,0.004081581928508165
1,2015-07-23,0.004087184250920297
1,2015-07-24,0.00409592125232818
1,2015-07-25,0.004107779229131801
1,2015-07-26,0.004122556147552843
1,2015-07-27,0.004140182129497764
1,2015-07-28,0.0041592852747150315
1,2015-07-29,0.004178062092257377
1,2015-07-30,0.004194834529823914
1,2015-07-31,0.004209415683662583
1,2015-08-01,0.004223114057503375
1,2015-08-02,0.004237458571900996
1,2015-08-03,0.004249880831085189
1,2015-08-04,0.004255614948536593
1,2015-08-05,0.00425453236376303
1,2015-08-06,0.004248633809086638
1,2015-08-07,0.004240922822881172
1,2015-08-08,0.0042331357469058885
1,2015-08-09,0.004226030215162378
1,2015-08-10,0.004219420273572914
1,2015-08-11,0.004212975035020777
1,2015-08-12,0.004206638499379306
1,2015-08-13,0.004200887278599864
1,2015-08-14,0.004195113887747214
1,2015-08-15,0.004188671008758316
1,2015-08-16,0.004182585275597226
1,2015-08-17,0.004177794357767542
1,2015-08-18,0.004172762338892846
1,2015-08-19,0.004166838580891596
1,2015-08-20,0.004160552673061832
1,2015-08-21,0.0041540784480453685
1,2015-08-22,0.00414732273627323
1,2015-08-23,0.0041400708994429785
1,2015-08-24,0.004131626644618752
1,2015-08-25,0.004121574142537275
1,2015-08-26,0.004110252233040386
1,2015-08-27,0.0040987374903173526
1,2015-08-28,0.004087363654978004
1,2015-08-29,0.00407625343910945
1,2015-08-30,0.004065735951983644
1,2015-08-31,0.00405697200995747
1,2015-09-01,0.004050482401775438
1,2015-09-02,0.004046012457026854
1,2015-09-03,0.004043523069886935
1,2015-09-04,0.004042853933040885
1,2015-09-05,0.004044156011598338
1,2015-09-06,0.00404775740483902
1,2015-09-07,0.004052962008949014
1,2015-09-08,0.004059423002697229
1,2015-09-09,0.0040666015922750905
1,2015-09-10,0.004073609508622343
1,2015-09-11,0.004080768850634379
1,2015-09-12,0.004088389283066448
1,2015-09-13,0.004097475433573068
1,2015-09-14,0.004106541047652205
1,2015-09-15,0.004112356131418219
1,2015-09-16,0.0041139803648976205
1,2015-09-17,0.004112715069386727
1,2015-09-18,0.004110520162175951
1,2015-09-19,0.004108106137456232
1,2015-09-20,0.0041048664969019185
1,2015-09-21,0.0041004763597229845
1,2015-09-22,0.004093718723308359
1,2015-09-23,0.004084193859743851
1,2015-09-24,0.0040733721122531066
1,2015-09-25,0.004062333183965377
1,2015-09-26,0.004052526005376032
1,2015-09-27,0.004044133124269626
1,2015-09-28,0.004037333251939971
1,2015-09-29,0.004031971701465108
1,2015-09-30,0.004027725004308464
1,2015-10-01,0.004024330609351317
1,2015-10-02,0.004021913730577993
1,2015-10-03,0.004020597673366792
1,2015-10-04,0.004020627488313379
1,2015-10-05,0.004020809146419624
1,2015-10-06,0.004020140574920982
1,2015-10-07,0.004018163120547831
1,2015-10-08,0.004015666238400076
1,2015-10-09,0.004013234097357389
1,2015-10-10,0.004010824801515619
1,2015-10-11,0.0040090352159302236
1,2015-10-12,0.004007960863650556
1,2015-10-13,0.0040073574887906195
1,2015-10-14,0.004007259296224611
1,2015-10-15,0.004008025654168798
1,2015-10-16,0.004009464869804592
1,2015-10-17,0.004011519049450662
1,2015-10-18,0.004013668279456274
1,2015-10-19,0.004015425942523852
1,2015-10-20,0.004016317930053885
1,2015-10-21,0.004016266706509353
1,2015-10-22,0.004015816095611986
1,2015-10-23,0.004015367770849644
1,2015-10-24,0.00401550996285927
1,2015-10-25,0.004016205343204007
1,2015-10-26,0.0040171774162957976
1,2015-10-27,0.004017676809160242
1,2015-10-28,0.004017357408411601
1,2015-10-29,0.004016549355660709
1,2015-10-30,0.004016121416218028
1,2015-10-31,0.004016860366335588
1,2015-11-01,0.004019421365325991
1,2015-11-02,0.00402372111538103
1,2015-11-03,0.0040288464934463124
1,2015-11-04,0.004033576055474134
1,2015-11-05,0.004036885513702214
1,2015-11-06,0.00403878952563595
1,2015-11-07,0.004040217961287088
1,2015-11-08,0.004042197076550698
1,2015-11-09,0.004043949739924895
1,2015-11-10,0.004043916469627176
1,2015-11-11,0.004041666557648814
1,2015-11-12,0.004037654862692431
1,2015-11-13,0.004032790885146574
1,2015-11-14,0.0040278795872534775
1,2015-11-15,0.004023385957723867
1,2015-11-16,0.00401927132795985
1,2015-11-17,0.004015426743674741
1,2015-11-18,0.004011944799640084
1,2015-11-19,0.004009022334546466
1,2015-11-20,0.004006335491435438
1,2015-11-21,0.004004060458883773
1,2015-11-22,0.004002525238565221
1,2015-11-23,0.004001786323016299
1,2015-11-24,0.004000969337359909
1,2015-11-25,0.003999776074983312
1,2015-11-26,0.003998211647889707
1,2015-11-27,0.003996470306387873
1,2015-11-28,0.003995013604829717
1,2015-11-29,0.003994137091284244
1,2015-11-30,0.003993691592370664
1,2015-12-01,0.003993483115958156
1,2015-12-02,0.0039935919749595665
1,2015-12-03,0.003994110171859096
1,2015-12-04,0.003994658219296438
1,2015-12-05,0.003994931990468192
1,2015-12-06,0.003995545784502332
1,2015-12-07,0.003996751914391748
1,2015-12-08,0.003998413369566528
1,2015-12-09,0.0040003056935890196
1,2015-12-10,0.004002401740059805
1,2015-12-11,0.004004687123659012
1,2015-12-12,0.004007305118228962
1,2015-12-13,0.004009747500657951
1,2015-12-14,0.004011313348895357
1,2015-12-15,0.004012080911299764
1,2015-12-16,0.00401204936962479
1,2015-12-17,0.004011453385681192
1,2015-12-18,0.004010313271651846
1,2015-12-19,0.00400845483885672
1,2015-12-20,0.00400608975897392
1,2015-12-21,0.00400376007692974
1,2015-12-22,0.004001455123917965
1,2015-12-23,0.003999161324922636
1,2015-12-24,0.003996816310462369
1,2015-12-25,0.003994466476339003
1,2015-12-26,0.003992422104105815
1,2015-12-27,0.003991058598879886
1,2015-12-28,0.003990026483670304
1,2015-12-29,0.0039892766769336315
1,2015-12-30,0.003988778203756785
1,2015-12-31,0.003988395467838501
1,2016-01-01,0.003988172753000193
1,2016-01-02,0.003987984666265458
1,2016-01-03,0.003987877176004425
1,2016-01-04,0.003987944047286645
1,2016-01-05,0.00398797169975428
1,2016-01-06,0.003988009160594425
1,2016-01-07,0.003988176198415229
1,2016-01-08,0.003988420088107047
1,2016-01-09,0.003989051183978462
1,2016-01-10,0.003990444892045382
1,2016-01-11,0.003992712998302392
1,2016-01-12,0.0039956498311938165
1,2016-01-13,0.003998124518799667
1,2016-01-14,0.003999895719657938
1,2016-01-15,0.004001334633495721
1,2016-01-16,0.004002866896782161
1,2016-01-17,0.004004318114254347
1,2016-01-18,0.004005409211431524
1,2016-01-19,0.004005980019898246
1,2016-01-20,0.004006209056419703
1,2016-01-21,0.00400630863883501
1,2016-01-22,0.004006579857637886
1,2016-01-23,0.004007249906456232
1,2016-01-24,0.004008698738776182
1,2016-01-25,0.004010664111640969
1,2016-01-26,0.004013631349047223
1,2016-01-27,0.00401813214152758
1,2016-01-28,0.004023059550672889
1,2016-01-29,0.00402685384540404
1,2016-01-30,0.0040294427795972395
1,2016-01-31,0.004031890051514711
1,2016-02-01,0.00403408418526383
1,2016-02-02,0.004035723530673113
1,2016-02-03,0.004036865707151579
1,2016-02-04,0.004037106954169767
1,2016-02-05,0.004036200125391033
1,2016-02-06,0.004035056059323719
1,2016-02-07,0.0040340965836066335
1,2016-02-08,0.004032765727459778
1,2016-02-09,0.004030693793740503
1,2016-02-10,0.004028360538080024
1,2016-02-11,0.004026360828999831
1,2016-02-12,0.004025086881781004
1,2016-02-13,0.004024440181105154
1,2016-02-14,0.004024118034514535
1,2016-02-15,0.004023769712599432
1,2016-02-16,0.004022951079518345
1,2016-02-17,0.0040216255098423125
1,2016-02-18,0.004020214087573364
1,2016-02-19,0.004019027929712078
1,2016-02-20,0.004018554996792223
1,2016-02-21,0.004019331198039271
1,2016-02-22,0.004021220976801136
1,2016-02-23,0.004023849591261707
1,2016-02-24,0.0040268425022135556
1,2016-02-25,0.00402985294544384
1,2016-02-26,0.0040322173096410995
1,2016-02-27,0.004033713428370921
1,2016-02-28,0.004034496603855864
1,2016-02-29,0.004034454403267293
1,2016-03-01,0.004034015237338155
1,2016-03-02,0.004033564264022403
1,2016-03-03,0.004032902822058278
1,2016-03-04,0.004032199446368461
1,2016-03-05,0.004032065477570281
1,2016-03-06,0.004033213004190528
1,2016-03-07,0.004035522941071323
1,2016-03-08,0.0040384355647415425
1,2016-03-09,0.004041140559436826
1,2016-03-10,0.004043531108826358
1,2016-03-11,0.004045796916917086
1,2016-03-12,0.004047300452733241
1,2016-03-13,0.004048198219035089
1,2016-03-14,0.004048930157724511
1,2016-03-15,0.0040495312834592
1,2016-03-16,0.004050243219495027
1,2016-03-17,0.0040510465408256134
1,2016-03-18,0.004051508178115675
1,2016-03-19,0.004051620068788346
1,2016-03-20,0.0040515550383006015
1,2016-03-21,0.004051244758406927
1,2016-03-22,0.0040512488716158545
1,2016-03-23,0.004052512591264544
1,2016-03-24,0.0040543824031247285
1,2016-03-25,0.004056573795443752
1,2016-03-26,0.004059065886523721
1,2016-03-27,0.0040612012422733944
1,2016-03-28,0.004062208347473157
1,2016-03-29,0.0040614876063041535
1,2016-03-30,0.004059440194402788
1,2016-03-31,0.004056692375349618
1,2016-04-01,0.00405373799010089
1,2016-04-02,0.004050813060312045
1,2016-04-03,0.004048501741668027
1,2016-04-04,0.004046549690325291
1,2016-04-05,0.004044753494528504
1,2016-04-06,0.004043122510615856
1,2016-04-07,0.004041659375923016
1,2016-04-08,0.004040289945040823
1,2016-04-09,0.004038628468654033
1,2016-04-10,0.0040364290799157045
1,2016-04-11,0.004034016561431622
1,2016-04-12,0.00403210279466149
1,2016-04-13,0.004031151933242824
1,2016-04-14,0.004031288725693448
1,2016-04-15,0.004032218445397887
1,2016-04-16,0.004033718332276924
1,2016-04-17,0.00403577736912764
1,2016-04-18,0.004037666015871804
1,2016-04-19,0.0040390671181987055
1,2016-04-20,0.004040511934638805
1,2016-04-21,0.0040421719621647175
1,2016-04-22,0.00404352632242323
1,2016-04-23,0.004044075231668697
1,2016-04-24,0.004043776424880787
1,2016-04-25,0.004043009085760008
1,2016-04-26,0.004042951615466651
1,2016-04-27,0.004044493454230709
1,2016-04-28,0.004047248119343723
1,2016-04-29,0.004050083255156209
1,2016-04-30,0.004052468756695374
1,2016-05-01,0.004054538703077848
1,2016-05-02,0.004056005977037298
1,2016-05-03,0.004056638759513993
1,2016-05-04,0.0040571389886769945
1,2016-05-05,0.004058130907156515
1,2016-05-06,0.004059437126287103
1,2016-05-07,0.004060336146986183
1,2016-05-08,0.0040606506150282825
1,2016-05-09,0.004060486339501129
1,2016-05-10,0.004060185920617637
1,2016-05-11,0.004059894551802527
1,2016-05-12,0.004059593243699816
1,2016-05-13,0.004059313141212472
1,2016-05-14,0.004059529734682042
1,2016-05-15,0.004060882957333442
1,2016-05-16,0.004063696543480806
1,2016-05-17,0.0040675834356469955
1,2016-05-18,0.004072156780402193
1,2016-05-19,0.004077343663601378
1,2016-05-20,0.004082239407439811
1,2016-05-21,0.00408591629548311
1,2016-05-22,0.004088219334589678
1,2016-05-23,0.004089811167229276
1,2016-05-24,0.004091218225285532
1,2016-05-25,0.0040922781001378385
1,2016-05-26,0.0040920698941684635
1,2016-05-27,0.0040896991487903486
1,2016-05-28,0.004085230022215057
1,2016-05-29,0.004079754895253166
1,2016-05-30,0.004074168397459497
1,2016-05-31,0.0040688548352228095
1,2016-06-01,0.004065143949871631
1,2016-06-02,0.004063390561770621
1,2016-06-03,0.004063431730526255
1,2016-06-04,0.004064646710991304
1,2016-06-05,0.004066124707665061
1,2016-06-06,0.004067400179556596
1,2016-06-07,0.004068646297370039
1,2016-06-08,0.004069791620330191
1,2016-06-09,0.004070911916491773
1,2016-06-10,0.004071170229876504
1,2016-06-11,0.004070280310616179
1,2016-06-12,0.004068268068630217
1,2016-06-13,0.004064815370356257
1,2016-06-14,0.0040606169383978815
1,2016-06-15,0.004057349853393883
1,2016-06-16,0.004055571431922976
1,2016-06-17,0.00405527255052896
1,2016-06-18,0.004055562457142092
1,2016-06-19,0.0040562031278887755
1,2016-06-20,0.004056747030165215
1,2016-06-21,0.0040574270776708695
1,2016-06-22,0.004058490325789828
1,2016-06-23,0.004060719131930094
1,2016-06-24,0.004063639719209122
1,2016-06-25,0.004067067444176743
1,2016-06-26,0.004070395822166192
1,2016-06-27,0.004073531299582591
1,2016-06-28,0.004075863194937737
1,2016-06-29,0.0040781493892551295
1,2016-06-30,0.004081360667863845
1,2016-07-01,0.0040845518691616425
1,2016-07-02,0.004086917306365017
1,2016-07-03,0.0040875852201232975
1,2016-07-04,0.0040866058332355
1,2016-07-05,0.004085469214142474
1,2016-07-06,0.004085829845849922
1,2016-07-07,0.004087498574732476
1,2016-07-08,0.004089472093840686
1,2016-07-09,0.004090327523205274
1,2016-07-10,0.0040899505255691995
1,2016-07-11,0.004088502043096255
1,2016-07-12,0.004085468916853232
1,2016-07-13,0.004082228014676467
1,2016-07-14,0.004079852993483615
1,2016-07-15,0.00407859088278415
1,2016-07-16,0.004077905527529705
1,2016-07-17,0.004077377830319589
1,2016-07-18,0.004076795599000196
1,2016-07-19,0.004076648947503347
1,2016-07-20,0.004076977245161864
1,2016-07-21,0.004078209321359624
1,2016-07-22,0.0040795865500221195
1,2016-07-23,0.00408088375342453
1,2016-07-24,0.004082673001226602
1,2016-07-25,0.00408502297060785
1,2016-07-26,0.004087735226660281
1,2016-07-27,0.004090734785975705
1,2016-07-28,0.004094234296397102
1,2016-07-29,0.0040975759872708874
1,2016-07-30,0.0040999444483353405
1,2016-07-31,0.004101836081321973
1,2016-08-01,0.004103556641347572
1,2016-08-02,0.004104974548484059
1,2016-08-03,0.004105508032034242
1,2016-08-04,0.004104757387638899
1,2016-08-05,0.004102544205478375
1,2016-08-06,0.004099060168226155
1,2016-08-07,0.00409514893963271
1,2016-08-08,0.004091362179768699
1,2016-08-09,0.004087971872942414
1,2016-08-10,0.004085646616163248
1,2016-08-11,0.004084733972578495
1,2016-08-12,0.004084663795297273
1,2016-08-13,0.004084712901283682
1,2016-08-14,0.004084154561990383
1,2016-08-15,0.004083098169315609
1,2016-08-16,0.004082285477384045
1,2016-08-17,0.004082023434982469
1,2016-08-18,0.004082298401280908
1,2016-08-19,0.0040816461924743485
1,2016-08-20,0.004079087088918498
1,2016-08-21,0.0040747359486478
1,2016-08-22,0.004069343868234819
1,2016-08-23,0.004063853820711155
1,2016-08-24,0.0040591968566917585
1,2016-08-25,0.00405626569303282
1,2016-08-26,0.004054826554141992
1,2016-08-27,0.004054249534368016
1,2016-08-28,0.004054338532839602
1,2016-08-29,0.004055172735942079
1,2016-08-30,0.0040569842799553415
1,2016-08-31,0.004059525698761194
1,2016-09-01,0.00406196185514234
1,2016-09-02,0.004062336960295459
1,2016-09-03,0.004060099791134307
1,2016-09-04,0.0040561165114386035
1,2016-09-05,0.00405157019897336
1,2016-09-06,0.004046931478319919
1,2016-09-07,0.004042858533434687
1,2016-09-08,0.004039744778011664
1,2016-09-09,0.0040376848180546845
1,2016-09-10,0.004036186074847789
1,2016-09-11,0.00403576340440028
1,2016-09-12,0.004036538398325987
1,2016-09-13,0.00403812267454824
1,2016-09-14,0.0040397801924933864
1,2016-09-15,0.004041148110367083
1,2016-09-16,0.004041858631432337
1,2016-09-17,0.004041336724429264
1,2016-09-18,0.004039750134176371
1,2016-09-19,0.004037657063968967
1,2016-09-20,0.004036046262039792
1,2016-09-21,0.0040357524254912335
1,2016-09-22,0.004036446426558647
1,2016-09-23,0.004037657902897594
1,2016-09-24,0.004038639258392621
1,2016-09-25,0.004039362525421869
1,2016-09-26,0.0040394969265953925
1,2016-09-27,0.004039238825505877
1,2016-09-28,0.004039254372301409
1,2016-09-29,0.004039868360127073
1,2016-09-30,0.004039832689593166
1,2016-10-01,0.004038128274245244
1,2016-10-02,0.0040344729164650305
1,2016-10-03,0.00402923309534922
1,2016-10-04,0.004022835951670749
1,2016-10-05,0.004016738910064576
1,2016-10-06,0.004012017522033123
1,2016-10-07,0.004008666874832198
1,2016-10-08,0.004006144032851715
1,2016-10-09,0.0040045171224071295
1,2016-10-10,0.00400358152897797
1,2016-10-11,0.0040036523572265755
1,2016-10-12,0.004005175381440745
1,2016-10-13,0.004008119712421298
1,2016-10-14,0.004011573267097118
1,2016-10-15,0.004014635960023686
1,2016-10-16,0.0040172264027766285
1,2016-10-17,0.004019406224765429
1,2016-10-18,0.004020886238643881
1,2016-10-19,0.004021871206930709
1,2016-10-20,0.004022885409662118
1,2016-10-21,0.004024089212271825
1,2016-10-22,0.00402518241155724
1,2016-10-23,0.004026152927642861
1,2016-10-24,0.00402674969527971
1,2016-10-25,0.004027016266387369
1,2016-10-26,0.004027583757813352
1,2016-10-27,0.004028596005382056
1,2016-10-28,0.004029328024193227
1,2016-10-29,0.0040289295636644325
1,2016-10-30,0.004027572532728505
1,2016-10-31,0.004025533364771271
1,2016-11-01,0.004023458794479439
1,2016-11-02,0.004021919139384861
1,2016-11-03,0.004020957640010978
1,2016-11-04,0.004020193157071803
1,2016-11-05,0.004019477456127343
1,2016-11-06,0.004019437940902243
1,2016-11-07,0.004019739978585926
1,2016-11-08,0.004019891608257364
1,2016-11-09,0.004019639303247395
1,2016-11-10,0.004019280976939306
1,2016-11-11,0.00401854594909135
1,2016-11-12,0.0040170974469713435
1,2016-11-13,0.004014953681442624
1,2016-11-14,0.004011894604468391
1,2016-11-15,0.004007890897569045
1,2016-11-16,0.004003640762851768
1,2016-11-17,0.004000431671632808
1,2016-11-18,0.0039987586910850735
1,2016-11-19,0.003998216590678058
1,2016-11-20,0.00399845626225071
1,2016-11-21,0.003999142510772635
1,2016-11-22,0.004000040623100774
1,2016-11-23,0.004000883530385403
1,2016-11-24,0.004001745751757399
1,2016-11-25,0.004002256646254433
1,2016-11-26,0.004002107668209386
1,2016-11-27,0.004001402574320888
1,2016-11-28,0.004000735665520448
1,2016-11-29,0.004000576565436041
1,2016-11-30,0.004001222856332688
1,2016-12-01,0.004002598968317246
1,2016-12-02,0.004004518156807334
1,2016-12-03,0.004006808598963592
1,2016-12-04,0.004009700779042382
1,2016-12-05,0.00401313141064749
1,2016-12-06,0.0040168717217625065
1,2016-12-07,0.004020491833225674
1,2016-12-08,0.00402406699854065
1,2016-12-09,0.004026987439363893
1,2016-12-10,0.004028821013688876
1,2016-12-11,0.004029721083401457
1,2016-12-12,0.004029946540114944
1,2016-12-13,0.004030132809479127
1,2016-12-14,0.004029845160487632
1,2016-12-15,0.004029136936503992
1,2016-12-16,0.004028395193034305
1,2016-12-17,0.004027833474535472
1,2016-12-18,0.004027383934755732
1,2016-12-19,0.00402650587729889
1,2016-12-20,0.004024941049766859
1,2016-12-21,0.004022406994092472
1,2016-12-22,0.004019183749510281
1,2016-12-23,0.004015734664589403
1,2016-12-24,0.004012033158430445
1,2016-12-25,0.004007970204106084
1,2016-12-26,0.004003223708065924
1,2016-12-27,0.003999246039994309
1,2016-12-28,0.003997370980376889
1,2016-12-29,0.003996953876995402
1,2016-12-30,0.0039976567280214205
1,2016-12-31,0.003997579104599057
1,2017-01-01,0.003999232732220718
1,2017-01-02,0.004001259684014177
1,2017-01-03,0.00400358621402813
1,2017-01-04,0.004005922091744986
1,2017-01-05,0.004008314073586433
1,2017-01-06,0.004011061320621496
1,2017-01-07,0.004014099213075285
1,2017-01-08,0.004016742388974756
1,2017-01-09,0.004018916088796687
1,2017-01-10,0.00402075564397184
1,2017-01-11,0.00402279155541233
1,2017-01-12,0.004025178197711932
1,2017-01-13,0.004027989346837601
1,2017-01-14,0.0040313622519253575
1,2017-01-15,0.004035063757914922
1,2017-01-16,0.004037994629092037
1,2017-01-17,0.0040396174755158
1,2017-01-18,0.004040044018998758
1,2017-01-19,0.0040402360760120925
1,2017-01-20,0.00404053593816638
1,2017-01-21,0.004041103725573596
1,2017-01-22,0.0040415494936035645
1,2017-01-23,0.004041192612545157
1,2017-01-24,0.004040518484728367
1,2017-01-25,0.004040534889651473
1,2017-01-26,0.0040418106949567005
1,2017-01-27,0.0040443595871683235
1,2017-01-28,0.004048042707217874
1,2017-01-29,0.004051859280727631
1,2017-01-30,0.004054451403854067
1,2017-01-31,0.004055977623501765
1,2017-02-01,0.004055995946565546
1,2017-02-02,0.004054609101828801
1,2017-02-03,0.0040519451316551516
1,2017-02-04,0.004048067200395589
1,2017-02-05,0.00404331092400832
1,2017-02-06,0.004038200133140509
1,2017-02-07,0.004033513502686122
1,2017-02-08,0.004029795347674633
1,2017-02-09,0.00402734281175003
1,2017-02-10,0.00402599996840306
1,2017-02-11,0.004025952983131809
1,2017-02-12,0.0040270555434161375
1,2017-02-13,0.004028585993777267
1,2017-02-14,0.004030382743281877
1,2017-02-15,0.004032344150763088
1,2017-02-16,0.004034185931847766
1,2017-02-17,0.004035476009691658
1,2017-02-18,0.004036312741388421
1,2017-02-19,0.004036771703678538
1,2017-02-20,0.004037059532603642
1,2017-02-21,0.004037814943254722
1,2017-02-22,0.0040397172435643934
1,2017-02-23,0.00404262385625388
1,2017-02-24,0.0040460108897659485
1,2017-02-25,0.004049990854512288
1,2017-02-26,0.004054064154415801
1,2017-02-27,0.00405771363919522
1,2017-02-28,0.004060806092871306
1,2017-03-01,0.00406170814982342
1,2017-03-02,0.004060100187638206
1,2017-03-03,0.004056634897206505
1,2017-03-04,0.0040523557188849426
1,2017-03-05,0.004048178247635694
1,2017-03-06,0.004044498843331292
1,2017-03-07,0.00404103853784126
1,2017-03-08,0.004037720331425518
1,2017-03-09,0.004034775807596388
1,2017-03-10,0.00403214595800092
1,2017-03-11,0.004031043444207971
1,2017-03-12,0.004031763760360398
1,2017-03-13,0.004033953259377746
1,2017-03-14,0.004037897988640492
1,2017-03-15,0.00404162220220698
1,2017-03-16,0.0040438220277629385
1,2017-03-17,0.004043416732081269
1,2017-03-18,0.004040619525533006
1,2017-03-19,0.004036490096828984
1,2017-03-20,0.004032906275737281
1,2017-03-21,0.004031297184824101
1,2017-03-22,0.004032138096438589
1,2017-03-23,0.004035119568697299
1,2017-03-24,0.004039166761144253
1,2017-03-25,0.0040434715958668046
1,2017-03-26,0.0040486646028467565
1,2017-03-27,0.004055318425481359
1,2017-03-28,0.004063373274701415
1,2017-03-29,0.0040716104951187045
1,2017-03-30,0.004078894911964911
1,2017-03-31,0.004085716215096303
1,2017-04-01,0.0040932692235768255
1,2017-04-02,0.00410112420693296
1,2017-04-03,0.0041083559803324465
1,2017-04-04,0.004113809875555976
1,2017-04-05,0.00411725091605558
1,2017-04-06,0.004119250999065903
1,2017-04-07,0.004120705815167268
1,2017-04-08,0.004122915864869519
1,2017-04-09,0.00412465575792601
1,2017-04-10,0.0041246268401174315
1,2017-04-11,0.004124242241534256
1,2017-04-12,0.004123058278771947
1,2017-04-13,0.004120821303373557
1,2017-04-14,0.004116280589140249
1,2017-04-15,0.004109666485602249
1,2017-04-16,0.0041023131477805255
1,2017-04-17,0.004095490294553054
1,2017-04-18,0.004089594014220132
1,2017-04-19,0.004084476341469958
1,2017-04-20,0.0040797925209161475
1,2017-04-21,0.004075425420140983
1,2017-04-22,0.004072705391159273
1,2017-04-23,0.004071823944784126
1,2017-04-24,0.004071547991806665
1,2017-04-25,0.004071526223126993
1,2017-04-26,0.004071134446083575
1,2017-04-27,0.004070544939753165
1,2017-04-28,0.004069836882390021
1,2017-04-29,0.004069161763974078
1,2017-04-30,0.004069084495560626
1,2017-05-01,0.004069908468310885
1,2017-05-02,0.004071456824275703
1,2017-05-03,0.004073379604905522
1,2017-05-04,0.004075616763929318
1,2017-05-05,0.004078673466852442
1,2017-05-06,0.004082468207450679
1,2017-05-07,0.004085947228242624
1,2017-05-08,0.004088744824949397
1,2017-05-09,0.0040923660322841875
1,2017-05-10,0.004097618483570137
1,2017-05-11,0.004104372796995442
1,2017-05-12,0.0041124426831953675
1,2017-05-13,0.00412154093276886
1,2017-05-14,0.004132009531822528
1,2017-05-15,0.004143356359886488
1,2017-05-16,0.004151442800897422
1,2017-05-17,0.004156978568575657
1,2017-05-18,0.004160263230505958
1,2017-05-19,0.0041623996209551655
1,2017-05-20,0.004163430499061599
1,2017-05-21,0.0041617483291394855
1,2017-05-22,0.004158778942780806
1,2017-05-23,0.004157351790406846
1,2017-05-24,0.004155725522172636
1,2017-05-25,0.004152065463259453
1,2017-05-26,0.004144599435628933
1,2017-05-27,0.004133832359257994
1,2017-05-28,0.004121366042949803
1,2017-05-29,0.004110010655536405
1,2017-05-30,0.004100824584871562
1,2017-05-31,0.0040938023990222585
1,2017-06-01,0.004088584301404919
1,2017-06-02,0.0040850843836435
1,2017-06-03,0.004083805445446431
1,2017-06-04,0.0040839335305722976
1,2017-06-05,0.004085391340875674
1,2017-06-06,0.0040900440968032244
1,2017-06-07,0.004096821350503979
1,2017-06-08,0.004103569648590958
1,2017-06-09,0.0041071326710149635
1,2017-06-10,0.004106146146082184
1,2017-06-11,0.004101842616279
1,2017-06-12,0.004097056414089221
1,2017-06-13,0.0040921873737188915
1,2017-06-14,0.0040877194326614085
1,2017-06-15,0.004083474295536694
1,2017-06-16,0.004079301913744065
1,2017-06-17,0.004075301017118274
1,2017-06-18,0.004071001218821034
1,2017-06-19,0.004067427773665934
1,2017-06-20,0.004066025488186511
1,2017-06-21,0.004067306794844549
1,2017-06-22,0.004070834340871963
1,2017-06-23,0.004076254296523521
1,2017-06-24,0.00408341919261195
1,2017-06-25,0.004092711895628451
1,2017-06-26,0.004103216066385056
1,2017-06-27,0.004112493149346925
1,2017-06-28,0.004118860047130113
1,2017-06-29,0.004122101331305492
1,2017-06-30,0.004123037756959886
1,2017-07-01,0.004122934443831021
1,2017-07-02,0.004122478850918681
1,2017-07-03,0.004121603139694769
1,2017-07-04,0.00412230759884962
1,2017-07-05,0.004123998771907824
1,2017-07-06,0.004125864173814669
1,2017-07-07,0.004126670948042184
1,2017-07-08,0.00412669545220795
1,2017-07-09,0.004128514491449872
1,2017-07-10,0.004133889212001375
1,2017-07-11,0.004137476331943312
1,2017-07-12,0.0041392529672059485
1,2017-07-13,0.004139693476321307
1,2017-07-14,0.0041390372758503945
1,2017-07-15,0.004136224867016846
1,2017-07-16,0.004132281062612693
1,2017-07-17,0.00412997017764157
1,2017-07-18,0.004129024369842192
1,2017-07-19,0.004128673798062766
1,2017-07-20,0.004128685986007191
1,2017-07-21,0.004128630381158049
1,2017-07-22,0.004129275305357135
1,2017-07-23,0.004130894291123904
1,2017-07-24,0.00413515670432151
1,2017-07-25,0.00414195503810128
1,2017-07-26,0.004149770098533704
1,2017-07-27,0.004158198395346485
1,2017-07-28,0.004168836835413884
1,2017-07-29,0.004179032325410335
1,2017-07-30,0.004183567989261372
1,2017-07-31,0.004182417302382909
1,2017-08-01,0.004180467903323546
1,2017-08-02,0.004180363018350444
1,2017-08-03,0.004181934459812191
1,2017-08-04,0.00418356874682575
1,2017-08-05,0.004185374195964075
1,2017-08-06,0.004189250875171148
1,2017-08-07,0.004195471427853181
1,2017-08-08,0.004198524162275541
1,2017-08-09,0.0041976283898603455
1,2017-08-10,0.004192545212961916
1,2017-08-11,0.004185347933504736
1,2017-08-12,0.004176229867439497
1,2017-08-13,0.004164327186793519
1,2017-08-14,0.004151117314730042
1,2017-08-15,0.004138597873956552
1,2017-08-16,0.004128436420689155
1,2017-08-17,0.004121257441203041
1,2017-08-18,0.004115064691574027
1,2017-08-19,0.004108355560467261
1,2017-08-20,0.0041010398560165275
1,2017-08-21,0.004094780594873891
1,2017-08-22,0.004090284682551652
1,2017-08-23,0.004086975660636238
1,2017-08-24,0.004083823492214865
1,2017-08-25,0.004080794178880116
1,2017-08-26,0.004077723515665708
1,2017-08-27,0.004074210020543546
1,2017-08-28,0.004070743340829177
1,2017-08-29,0.004068198851378308
1,2017-08-30,0.00406648784552857
1,2017-08-31,0.004066078011664578
1,2017-09-01,0.004066880275723992
1,2017-09-02,0.004067736846183492
1,2017-09-03,0.004068241852076345
1,2017-09-04,0.0040686452591279145
1,2017-09-05,0.0040682037139863885
1,2017-09-06,0.004067072724231803
1,2017-09-07,0.004066299314650161
1,2017-09-08,0.0040666729200849305
1,2017-09-09,0.004067243996517899
1,2017-09-10,0.0040659162257535904
1,2017-09-11,0.004063265904765049
1,2017-09-12,0.004062318818155161
1,2017-09-13,0.0040641770874014676
1,2017-09-14,0.00406750249200608
1,2017-09-15,0.004069657657515142
1,2017-09-16,0.004069656310428825
1,2017-09-17,0.004068003385055139
1,2017-09-18,0.004065983385493693
1,2017-09-19,0.004063640402839649
1,2017-09-20,0.004061625745029938
1,2017-09-21,0.004059952775288178
1,2017-09-22,0.0040586570900795465
1,2017-09-23,0.004056747318612676
1,2017-09-24,0.004053204071601526
1,2017-09-25,0.0040479588417199185
1,2017-09-26,0.004042080961648672
1,2017-09-27,0.004036332188429871
1,2017-09-28,0.004031803776499579
1,2017-09-29,0.004028339977354771
1,2017-09-30,0.004026133427586445
1,2017-10-01,0.004025165718109401
1,2017-10-02,0.0040253173691945626
1,2017-10-03,0.004025932852637884
1,2017-10-04,0.004026879212068073
1,2017-10-05,0.004028156978261399
1,2017-10-06,0.004029986799843043
1,2017-10-07,0.004031085634996404
1,2017-10-08,0.0040303771774420185
1,2017-10-09,0.004027983753956852
1,2017-10-10,0.00402568990532398
1,2017-10-11,0.004024435666917949
1,2017-10-12,0.00402499491193174
1,2017-10-13,0.004026415239885774
1,2017-10-14,0.004027758616293693
1,2017-10-15,0.004029186836821426
1,2017-10-16,0.004030962457928254
1,2017-10-17,0.004032791392587836
1,2017-10-18,0.004034160685504341
1,2017-10-19,0.004035747450083378
1,2017-10-20,0.004037395248264393
1,2017-10-21,0.004038791580755802
1,2017-10-22,0.0040399667844987965
1,2017-10-23,0.004040375780551529
1,2017-10-24,0.004039693487396806
1,2017-10-25,0.004038025307502903
1,2017-10-26,0.004035869463747112
1,2017-10-27,0.004033920276015003
1,2017-10-28,0.004033042821880132
1,2017-10-29,0.004033097036606098
1,2017-10-30,0.004033854249894932
1,2017-10-31,0.004035013716123919
1,2017-11-01,0.004036362130147385
1,2017-11-02,0.004037945196322221
1,2017-11-03,0.004040339968874565
1,2017-11-04,0.004042421852787585
1,2017-11-05,0.004042296689439914
1,2017-11-06,0.004039563184713995
1,2017-11-07,0.004035733646314146
1,2017-11-08,0.0040319395671971955
1,2017-11-09,0.00402890022545183
1,2017-11-10,0.004026179919570942
1,2017-11-11,0.004023855216818533
1,2017-11-12,0.004022076008776664
1,2017-11-13,0.00402096228391723
1,2017-11-14,0.004020086400692754
1,2017-11-15,0.004019455977817649
1,2017-11-16,0.0040189562259808544
1,2017-11-17,0.004019095919491627
1,2017-11-18,0.004019189290590326
1,2017-11-19,0.004017790900304316
1,2017-11-20,0.00401471718044107
1,2017-11-21,0.004011360971752377
1,2017-11-22,0.0040085530071013705
1,2017-11-23,0.004006372667709379
1,2017-11-24,0.004004283049767289
1,2017-11-25,0.004002540186145027
1,2017-11-26,0.0040016934646088295
1,2017-11-27,0.0040022133523232
1,2017-11-28,0.004002843140665392
1,2017-11-29,0.004003815484569827
1,2017-11-30,0.0040050633438903265
1,2017-12-01,0.004006932829224018
1,2017-12-02,0.004008866264741428
1,2017-12-03,0.004010805727923712
1,2017-12-04,0.004013087513996523
1,2017-12-05,0.004015443997493378
1,2017-12-06,0.004018009606769615
1,2017-12-07,0.004020812087735892
1,2017-12-08,0.004023105727116066
1,2017-12-09,0.004024313015683044
1,2017-12-10,0.004023955632963515
1,2017-12-11,0.0040226200432645475
1,2017-12-12,0.004021494108392523
1,2017-12-13,0.004020142786512648
1,2017-12-14,0.0040184791473889024
1,2017-12-15,0.004016489810947256
1,2017-12-16,0.004014501619983392
1,2017-12-17,0.004012937572741388
1,2017-12-18,0.0040118748814959625
1,2017-12-19,0.004011281120510605
1,2017-12-20,0.004011339899515165
1,2017-12-21,0.004011828122152329
1,2017-12-22,0.004012219033447137
1,2017-12-23,0.004012339532801971
1,2017-12-24,0.0040119922987731
1,2017-12-25,0.00401121825525237
1,2017-12-26,0.004009989157825708
1,2017-12-27,0.004008265329653986
1,2017-12-28,0.004006406149009578
1,2017-12-29,0.004004531731290427
1,2017-12-30,0.004002624560250243
1,2017-12-31,0.004001050593461777
1,2018-01-01,0.003999724283535189
1,2018-01-02,0.003998790281433786
1,2018-01-03,0.003998483088245267
1,2018-01-04,0.0039985595900028
1,2018-01-05,0.003998827671136003
1,2018-01-06,0.00399993600611803
1,2018-01-07,0.004002743472267052
1,2018-01-08,0.004007576573251235
1,2018-01-09,0.004011905283631154
1,2018-01-10,0.00401549184161321
1,2018-01-11,0.004018438656055713
1,2018-01-12,0.004020509910816585
1,2018-01-13,0.004020704635603797
1,2018-01-14,0.004019309230904854
1,2018-01-15,0.004017591123836106
1,2018-01-16,0.00401601787849525
1,2018-01-17,0.00401431798349129
1,2018-01-18,0.0040120162797013855
1,2018-01-19,0.004009154859741888
1,2018-01-20,0.004005715213629042
1,2018-01-21,0.004001871276523674
1,2018-01-22,0.003998830831403238
1,2018-01-23,0.003997610111433914
1,2018-01-24,0.003997709154039295
1,2018-01-25,0.003998661123933668
1,2018-01-26,0.0040002750543330825
1,2018-01-27,0.00400187983558666
1,2018-01-28,0.004003577544227988
1,2018-01-29,0.004004905561375628
1,2018-01-30,0.004005944901611316
1,2018-01-31,0.004007503425344649
1,2018-02-01,0.004009641210206796
1,2018-02-02,0.0040122304537260674
1,2018-02-03,0.004015754268134738
1,2018-02-04,0.0040202441144236685
1,2018-02-05,0.00402540056388669
1,2018-02-06,0.0040297819871715395
1,2018-02-07,0.004033306220382141
1,2018-02-08,0.0040362904995700265
1,2018-02-09,0.004038296882913293
1,2018-02-10,0.004038633802826615
1,2018-02-11,0.00403755547261615
1,2018-02-12,0.004036102219091686
1,2018-02-13,0.0040351805769891416
1,2018-02-14,0.004034862490519755
1,2018-02-15,0.0040344108202411254
1,2018-02-16,0.004033671452174999
1,2018-02-17,0.004032309612555071
1,2018-02-18,0.004030314655545484
1,2018-02-19,0.004028618791261954
1,2018-02-20,0.004027619785831269
1,2018-02-21,0.004026740324612578
1,2018-02-22,0.004025842040527365
1,2018-02-23,0.004025375309264741
1,2018-02-24,0.004026096180652025
1,2018-02-25,0.004028305412757072
1,2018-02-26,0.00403165435036702
1,2018-02-27,0.004036261778400084
1,2018-02-28,0.004041104800410837
1,2018-03-01,0.0040447467245066345
1,2018-03-02,0.0040463480478802934
1,2018-03-03,0.004045400987353799
1,2018-03-04,0.00404213696266637
1,2018-03-05,0.004037687027359756
1,2018-03-06,0.004033320646744143
1,2018-03-07,0.004029216391283548
1,2018-03-08,0.0040253008831513445
1,2018-03-09,0.004021862165460513
1,2018-03-10,0.004019756304617287
1,2018-03-11,0.00401948550359765
1,2018-03-12,0.004021019061349812
1,2018-03-13,0.0040246387379364494
1,2018-03-14,0.004030848458913283
1,2018-03-15,0.004038859266976695
1,2018-03-16,0.004047624576629304
1,2018-03-17,0.004056377761156809
1,2018-03-18,0.004063461708825029
1,2018-03-19,0.004067953408407548
1,2018-03-20,0.004068946106628895
1,2018-03-21,0.0040670003263501755
1,2018-03-22,0.004063716695887958
1,2018-03-23,0.004060239220092616
1,2018-03-24,0.0040574706354950234
1,2018-03-25,0.004056374283008435
1,2018-03-26,0.0040569123272271215
1,2018-03-27,0.00405882855365231
1,2018-03-28,0.004061969466527848
1,2018-03-29,0.004065907241107633
1,2018-03-30,0.004069485681659329
1,2018-03-31,0.004071627682462406
1,2018-04-01,0.004071436253105331
1,2018-04-02,0.004069134967213532
1,2018-04-03,0.0040647816632080665
1,2018-04-04,0.004058773203326675
1,2018-04-05,0.004051852548169779
1,2018-04-06,0.004044103289271834
1,2018-04-07,0.004036927774534
1,2018-04-08,0.004032195684148398
1,2018-04-09,0.00402978167690259
1,2018-04-10,0.00402995059845746
1,2018-04-11,0.004032999564211275
1,2018-04-12,0.004038858690117509
1,2018-04-13,0.00404611567547508
1,2018-04-14,0.004052862453003165
1,2018-04-15,0.004058957621365133
1,2018-04-16,0.004065347790260172
1,2018-04-17,0.004067853933723059
1,2018-04-18,0.0040682986998728295
1,2018-04-19,0.004067307387753917
1,2018-04-20,0.004065174422619601
1,2018-04-21,0.004060130095935281
1,2018-04-22,0.004053757163887622
1,2018-04-23,0.004049025279041536
1,2018-04-24,0.004045628538022835
1,2018-04-25,0.004043612626170816
1,2018-04-26,0.004042558720164788
1,2018-04-27,0.004042458684792692
1,2018-04-28,0.004042753681895797
1,2018-04-29,0.00404170879892887
1,2018-04-30,0.004040273625793703
1,2018-05-01,0.0040399808655603485
1,2018-05-02,0.004040662164333524
1,2018-05-03,0.004042782265276508
1,2018-05-04,0.0040454005547710436
1,2018-05-05,0.004048473699533682
1,2018-05-06,0.0040520489913899145
1,2018-05-07,0.004056671039623584
1,2018-05-08,0.004062356820041855
1,2018-05-09,0.004067661542603669
1,2018-05-10,0.0040714361539647605
1,2018-05-11,0.00407341422624617
1,2018-05-12,0.004073118674973708
1,2018-05-13,0.004072571100305884
1,2018-05-14,0.004073430906569064
1,2018-05-15,0.004074929264801836
1,2018-05-16,0.004077000369430197
1,2018-05-17,0.0040795904243408395
1,2018-05-18,0.004082331394045123
1,2018-05-19,0.004084515045908883
1,2018-05-20,0.004086775840456377
1,2018-05-21,0.004090276412358927
1,2018-05-22,0.004094291491047694
1,2018-05-23,0.004097228044235164
1,2018-05-24,0.004097609341138368
1,2018-05-25,0.004095280775653706
1,2018-05-26,0.004090160350452473
1,2018-05-27,0.004083878597700657
1,2018-05-28,0.004077946277437327
1,2018-05-29,0.0040722475976671165
1,2018-05-30,0.004067021542243128
1,2018-05-31,0.004062854068643538
1,2018-06-01,0.004060634624453855
1,2018-06-02,0.004060657062966326
1,2018-06-03,0.004062334298621585
1,2018-06-04,0.004066054779128239
1,2018-06-05,0.004072608686878731
1,2018-06-06,0.004082905541760757
1,2018-06-07,0.004096229478020989
1,2018-06-08,0.004110615733181248
1,2018-06-09,0.0041238201131933005
1,2018-06-10,0.004132556591121055
1,2018-06-11,0.004135547059033064
1,2018-06-12,0.0041329506980729
1,2018-06-13,0.004126367569240208
1,2018-06-14,0.004117735263390354
1,2018-06-15,0.004108446354796831
1,2018-06-16,0.004101812722362262
1,2018-06-17,0.004100065216340555
1,2018-06-18,0.004102110966387856
1,2018-06-19,0.004106628447497566
1,2018-06-20,0.004112171208962517
1,2018-06-21,0.004118526584329428
1,2018-06-22,0.004124110941569765
1,2018-06-23,0.0041266072658638474
1,2018-06-24,0.004125894687790876
1,2018-06-25,0.004123172210217163
1,2018-06-26,0.004119180567344822
1,2018-06-27,0.004114642736346317
1,2018-06-28,0.004109903332608243
1,2018-06-29,0.004105663865591356
1,2018-06-30,0.004102661125785922
1,2018-07-01,0.00410065757521139
1,2018-07-02,0.004099576035677564
1,2018-07-03,0.0040993883937354685
1,2018-07-04,0.004099836972290915
1,2018-07-05,0.004101140561907397
1,2018-07-06,0.004102998557049089
1,2018-07-07,0.004104201628512915
1,2018-07-08,0.0041044236308212505
1,2018-07-09,0.004103859846891355
1,2018-07-10,0.004102670321405549
1,2018-07-11,0.004101943654789891
1,2018-07-12,0.004101839003344937
1,2018-07-13,0.0041018010231286175
1,2018-07-14,0.004101848746295861
1,2018-07-15,0.004101511595878763
1,2018-07-16,0.0041018841474338
1,2018-07-17,0.004103223511488886
1,2018-07-18,0.004105213783985344
1,2018-07-19,0.004107967128221144
1,2018-07-20,0.0041113965409045935
1,2018-07-21,0.004114031033520876
1,2018-07-22,0.004115234975087615
1,2018-07-23,0.004114819928011498
1,2018-07-24,0.004113003734838358
1,2018-07-25,0.0041109769600611076
1,2018-07-26,0.004109952280133325
1,2018-07-27,0.004109517459361533
1,2018-07-28,0.004110714539179062
1,2018-07-29,0.004114260950940472
1,2018-07-30,0.004119684966973491
1,2018-07-31,0.0041254730429078745
1,2018-08-01,0.004130610016593572
1,2018-08-02,0.004134558093729144
1,2018-08-03,0.004136139217059116
1,2018-08-04,0.004135009886581066
1,2018-08-05,0.00413283900657877
1,2018-08-06,0.004130042262650504
1,2018-08-07,0.004126766174307002
1,2018-08-08,0.004123664069566253
1,2018-08-09,0.004120796579237999
1,2018-08-10,0.004118455362040236
1,2018-08-11,0.004116214456983026
1,2018-08-12,0.004113426920893578
1,2018-08-13,0.004110813484846152
1,2018-08-14,0.004108899409087539
1,2018-08-15,0.004107678148030179
1,2018-08-16,0.004107094019934037
1,2018-08-17,0.004106975242452423
1,2018-08-18,0.004106196717474786
1,2018-08-19,0.004104659485004046
1,2018-08-20,0.004102997402735403
1,2018-08-21,0.00410175563798639
1,2018-08-22,0.004101231313939994
1,2018-08-23,0.004101036444844447
1,2018-08-24,0.004100992852807973
1,2018-08-25,0.004101344163848426
1,2018-08-26,0.0041013270807427945
1,2018-08-27,0.0041009345379159675
1,2018-08-28,0.004099705982029111
1,2018-08-29,0.004096577185352971
1,2018-08-30,0.0040918067158541
1,2018-08-31,0.00408611932879154
1,2018-09-01,0.0040797376087534625
1,2018-09-02,0.004073484930447948
1,2018-09-03,0.004067572246304633
1,2018-09-04,0.004062158994542859
1,2018-09-05,0.004057532524922565
1,2018-09-06,0.004053859361315816
1,2018-09-07,0.004051877338355247
1,2018-09-08,0.004051700186839401
1,2018-09-09,0.004053985852453234
1,2018-09-10,0.00405940994741672
1,2018-09-11,0.00406646467116741
1,2018-09-12,0.004074155264399288
1,2018-09-13,0.0040817726644735135
1,2018-09-14,0.00408768528761754
1,2018-09-15,0.004091379032090085
1,2018-09-16,0.004094087265007781
1,2018-09-17,0.004097030066414221
1,2018-09-18,0.004098895584541994
1,2018-09-19,0.004099055211626365
1,2018-09-20,0.004097730756922302
1,2018-09-21,0.004095653017930771
1,2018-09-22,0.004094666709646288
1,2018-09-23,0.004094253825756037
1,2018-09-24,0.0040932374377695615
1,2018-09-25,0.00409198194425729
1,2018-09-26,0.0040914518104093935
1,2018-09-27,0.004092136389213475
1,2018-09-28,0.0040937527442425955
1,2018-09-29,0.0040946398950298165
1,2018-09-30,0.004093072715054926
1,2018-10-01,0.004088206810769662
1,2018-10-02,0.004080512222438838
1,2018-10-03,0.004071515603705887
1,2018-10-04,0.004062053163250588
1,2018-10-05,0.004052201788998301
1,2018-10-06,0.004043380067235963
1,2018-10-07,0.004035999358504764
1,2018-10-08,0.004029707152634354
1,2018-10-09,0.004025069646443805
1,2018-10-10,0.004022469428389649
1,2018-10-11,0.004022205311937155
1,2018-10-12,0.004024547140907537
1,2018-10-13,0.004028101949444659
1,2018-10-14,0.004031388684681188
1,2018-10-15,0.0040336391283608665
1,2018-10-16,0.004035227966529807
1,2018-10-17,0.004036538362648297
1,2018-10-18,0.004037465898958875
1,2018-10-19,0.004038500452158399
1,2018-10-20,0.0040402014937802435
1,2018-10-21,0.004043244866925017
1,2018-10-22,0.004048098626891488
1,2018-10-23,0.0040534569991736765
1,2018-10-24,0.004058365565001913
1,2018-10-25,0.004062701275987683
1,2018-10-26,0.004065794437952136
1,2018-10-27,0.0040675409095888345
1,2018-10-28,0.004068451349301427
1,2018-10-29,0.004069528838070052
1,2018-10-30,0.004070329880011143
1,2018-10-31,0.004070591520353181
1,2018-11-01,0.0040705036447225545
1,2018-11-02,0.004069716997280105
1,2018-11-03,0.004068995695717127
1,2018-11-04,0.004067455847035521
1,2018-11-05,0.004064353574877761
1,2018-11-06,0.004059994680919067
1,2018-11-07,0.004055184423679503
1,2018-11-08,0.004050638415132283
1,2018-11-09,0.00404679861744144
1,2018-11-10,0.0040431145001509254
1,2018-11-11,0.004039040387900973
1,2018-11-12,0.00403392545408295
1,2018-11-13,0.004028074110277735
1,2018-11-14,0.00402254775196358
1,2018-11-15,0.004017890654751885
1,2018-11-16,0.004014208635132331
1,2018-11-17,0.004011553858179901
1,2018-11-18,0.004009765254869039
1,2018-11-19,0.004008920147252623
1,2018-11-20,0.004008859216160153
1,2018-11-21,0.004009213570840398
1,2018-11-22,0.004009585342252089
1,2018-11-23,0.004009960704820242
1,2018-11-24,0.004009994894644908
1,2018-11-25,0.004009838022126057
1,2018-11-26,0.004009633454039614
1,2018-11-27,0.004009254353407062
1,2018-11-28,0.004008644220819199
1,2018-11-29,0.0040079053230095115
1,2018-11-30,0.0040078992183118405
1,2018-12-01,0.0040092078174726155
1,2018-12-02,0.004011732140710196
1,2018-12-03,0.004015069386399934
1,2018-12-04,0.004018974526502952
1,2018-12-05,0.004023007441506789
1,2018-12-06,0.004026840001218596
1,2018-12-07,0.004029869982225887
1,2018-12-08,0.004031986965262501
1,2018-12-09,0.004033114548390981
1,2018-12-10,0.0040334240092106035
1,2018-12-11,0.004033204934251583
1,2018-12-12,0.0040326999836399185
1,2018-12-13,0.004032437233519917
1,2018-12-14,0.004032505741936433
1,2018-12-15,0.004032841341247205
1,2018-12-16,0.004033469110925064
1,2018-12-17,0.004034275409571053
1,2018-12-18,0.004034610368555921
1,2018-12-19,0.00403419914952195
1,2018-12-20,0.004033019523114
1,2018-12-21,0.004031263581427154
1,2018-12-22,0.004028938937710444
1,2018-12-23,0.004026419697148916
1,2018-12-24,0.004024280165493518
1,2018-12-25,0.004022307269439978
1,2018-12-26,0.004020566002499655
1,2018-12-27,0.0040197464389922265
1,2018-12-28,0.004019790964247258
1,2018-12-29,0.004020640696584647
1,2018-12-30,0.0040226960522782625
1,2018-12-31,0.00402617910080538
1,2019-01-01,0.004031524413708733
1,2019-01-02,0.00403740152949488
1,2019-01-03,0.0040421331031800555
1,2019-01-04,0.004044453780559285
1,2019-01-05,0.004043362792432911
1,2019-01-06,0.004039048484053694
1,2019-01-07,0.004032612922185455
1,2019-01-08,0.004025429713367492
1,2019-01-09,0.004018349808708443
1,2019-01-10,0.004012589499818328
1,2019-01-11,0.004008934440615207
1,2019-01-12,0.004007574402120064
1,2019-01-13,0.004008102446074862
1,2019-01-14,0.004010314577950395
1,2019-01-15,0.004013968470350436
1,2019-01-16,0.004018724073869729
1,2019-01-17,0.0040236579591288926
1,2019-01-18,0.004028441351254343
1,2019-01-19,0.004032297472065875
1,2019-01-20,0.004034608348612701
1,2019-01-21,0.0040354887657739315
1,2019-01-22,0.004035436607520376
1,2019-01-23,0.004034953090709904
1,2019-01-24,0.0040351808741690195
1,2019-01-25,0.004036333658400981
1,2019-01-26,0.00403826138299127
1,2019-01-27,0.004040727094988085
1,2019-01-28,0.004043479004477038
1,2019-01-29,0.00404646916291585
1,2019-01-30,0.004049235927917322
1,2019-01-31,0.0040511174741566
1,2019-02-01,0.0040516878198234
1,2019-02-02,0.004050787167685363
1,2019-02-03,0.0040488371633905
1,2019-02-04,0.004046666385757948
1,2019-02-05,0.004045048001119605
1,2019-02-06,0.00404427074884917
1,2019-02-07,0.004045135612097736
1,2019-02-08,0.004047003076093228
1,2019-02-09,0.004048955602192051
1,2019-02-10,0.004050751656734315
1,2019-02-11,0.004052144979285831
1,2019-02-12,0.004053263490077353
1,2019-02-13,0.004054146760988147
1,2019-02-14,0.004054529056929988
1,2019-02-15,0.0040534746857868575
1,2019-02-16,0.00405079480739953
1,2019-02-17,0.004047195954685505
1,2019-02-18,0.004043662831851992
1,2019-02-19,0.004041192999131475
1,2019-02-20,0.004039566595059127
1,2019-02-21,0.004038461118598879
1,2019-02-22,0.004038511405153716
1,2019-02-23,0.004039288788634955
1,2019-02-24,0.004040790501336854
1,2019-02-25,0.004042866292353625
1,2019-02-26,0.004045328350156048
1,2019-02-27,0.004047601415826016
1,2019-02-28,0.0040491257919761355
1,2019-03-01,0.004048643986869227
1,2019-03-02,0.004045911584757872
1,2019-03-03,0.00404138718110823
1,2019-03-04,0.004035946900145281
1,2019-03-05,0.0040307532075058135
1,2019-03-06,0.004026571401312397
1,2019-03-07,0.004023790355068972
1,2019-03-08,0.00402191850074361
1,2019-03-09,0.004020953658960988
1,2019-03-10,0.004020813229853945
1,2019-03-11,0.0040219696416362765
1,2019-03-12,0.004024495322060573
1,2019-03-13,0.0040280906974742335
1,2019-03-14,0.004032275582594452
1,2019-03-15,0.004036071068280943
1,2019-03-16,0.004038391646233678
1,2019-03-17,0.004039161044171511
1,2019-03-18,0.00403927299371498
1,2019-03-19,0.004039929613807466
1,2019-03-20,0.004041756012592891
1,2019-03-21,0.004045340482026918
1,2019-03-22,0.00405038802242502
1,2019-03-23,0.004056866647764347
1,2019-03-24,0.004065085757921803
1,2019-03-25,0.004074436093925443
1,2019-03-26,0.004084623068620832
1,2019-03-27,0.0040943283363639085
1,2019-03-28,0.004102332160528082
1,2019-03-29,0.004107469756863732
1,2019-03-30,0.00410777685839527
1,2019-03-31,0.004103079096008528
1,2019-04-01,0.004094449940701203
1,2019-04-02,0.004085041087122631
1,2019-04-03,0.004076289090870812
1,2019-04-04,0.004069288994443731
1,2019-04-05,0.004064131974457775
1,2019-04-06,0.004060393632530307
1,2019-04-07,0.004058221587485989
1,2019-04-08,0.00405747232708918
1,2019-04-09,0.004057696387826587
1,2019-04-10,0.0040586549403876775
1,2019-04-11,0.0040597047294650326
1,2019-04-12,0.004059731011824231
1,2019-04-13,0.004058368249542163
1,2019-04-14,0.004055837762473992
1,2019-04-15,0.004053189326949825
1,2019-04-16,0.004052148984445847
1,2019-04-17,0.004053902844449555
1,2019-04-18,0.004059121272551444
1,2019-04-19,0.004066040895276844
1,2019-04-20,0.0040719025067838584
1,2019-04-21,0.00407648326867408
1,2019-04-22,0.004080845851658804
1,2019-04-23,0.004085905479646287
1,2019-04-24,0.0040913868677448
1,2019-04-25,0.00409683159520032
1,2019-04-26,0.004100248146095454
1,2019-04-27,0.00409949533677356
1,2019-04-28,0.004094481203046776
1,2019-04-29,0.00408616920305485
1,2019-04-30,0.004079501333187919
1,2019-05-01,0.004077414963981769
1,2019-05-02,0.004079544167832154
1,2019-05-03,0.004084082755812052
1,2019-05-04,0.004089809274292517
1,2019-05-05,0.004096128918684909
1,2019-05-06,0.004102979298024277
1,2019-05-07,0.00411093694806181
1,2019-05-08,0.004119872487877858
1,2019-05-09,0.004128612031256756
1,2019-05-10,0.0041353664637067255
1,2019-05-11,0.004138451037545085
1,2019-05-12,0.004136402737672827
1,2019-05-13,0.0041301724157778354
1,2019-05-14,0.004122693935547135
1,2019-05-15,0.004115032396362709
1,2019-05-16,0.004108181868591991
1,2019-05-17,0.0041025757257803965
1,2019-05-18,0.004098461541726271
1,2019-05-19,0.0040955016561649345
1,2019-05-20,0.004093027901430955
1,2019-05-21,0.004090122677210329
1,2019-05-22,0.004086954875489988
1,2019-05-23,0.0040842337314341195
1,2019-05-24,0.00408207692722457
1,2019-05-25,0.004080403057465742
1,2019-05-26,0.004079686290850903
1,2019-05-27,0.004079728143313184
1,2019-05-28,0.004080328963587251
1,2019-05-29,0.004082197925999396
1,2019-05-30,0.004086346142578625
1,2019-05-31,0.004091643293675366
1,2019-06-01,0.004096109002001141
1,2019-06-02,0.0040986413922265135
1,2019-06-03,0.004099959869369825
1,2019-06-04,0.004101028984312109
1,2019-06-05,0.004101802291922909
1,2019-06-06,0.0041024370109847665
1,2019-06-07,0.0041018861729963775
1,2019-06-08,0.00409965356604748
1,2019-06-09,0.004096292581578167
1,2019-06-10,0.0040923223840006375
1,2019-06-11,0.004089896348627537
1,2019-06-12,0.004089643768673238
1,2019-06-13,0.004089618826457383
1,2019-06-14,0.004088738793276264
1,2019-06-15,0.004087003627053503
1,2019-06-16,0.004086004025975488
1,2019-06-17,0.004085763161261099
1,2019-06-18,0.0040850362928780675
1,2019-06-19,0.004083962571572465
1,2019-06-20,0.004082893391207104
1,2019-06-21,0.004081199874190926
1,2019-06-22,0.0040782367061539095
1,2019-06-23,0.0040742465426546245
1,2019-06-24,0.004069954806957021
1,2019-06-25,0.004067159717016431
1,2019-06-26,0.004066897942000434
1,2019-06-27,0.00406899281999838
1,2019-06-28,0.00407235347648925
1,2019-06-29,0.004076529966465034
1,2019-06-30,0.0040819415842405695
1,2019-07-01,0.00408799877491031
1,2019-07-02,0.004093841366251598
1,2019-07-03,0.004099549098802583
1,2019-07-04,0.004105823506043207
1,2019-07-05,0.004111408326998611
1,2019-07-06,0.004113832605122899
1,2019-07-07,0.004111393826804163
1,2019-07-08,0.004103456453235335
1,2019-07-09,0.004093426575514527
1,2019-07-10,0.004084883168700424
1,2019-07-11,0.004080176313982975
1,2019-07-12,0.004078465907098891
1,2019-07-13,0.004079146931034552
1,2019-07-14,0.004080991544924144
1,2019-07-15,0.0040833552673024045
1,2019-07-16,0.004086125127546676
1,2019-07-17,0.004089521844209442
1,2019-07-18,0.004093518375436941
1,2019-07-19,0.004097741280588726
1,2019-07-20,0.004101347584624845
1,2019-07-21,0.004104019544478981
1,2019-07-22,0.0041061143704793825
1,2019-07-23,0.00410938986895956
1,2019-07-24,0.004114854747058963
1,2019-07-25,0.004121555786623992
1,2019-07-26,0.004127865862333482
1,2019-07-27,0.004131865904850788
1,2019-07-28,0.004133884955816581
1,2019-07-29,0.0041346825188361535
1,2019-07-30,0.004135064361462123
1,2019-07-31,0.00413558312163669
1,2019-08-01,0.004136327522185649
1,2019-08-02,0.004136815223810623
1,2019-08-03,0.004136350903710407
1,2019-08-04,0.00413385640633449
1,2019-08-05,0.00412997097479458
1,2019-08-06,0.004127751151796094
1,2019-08-07,0.00412874171598864
1,2019-08-08,0.004132064703897346
1,2019-08-09,0.0041359995945094135
1,2019-08-10,0.004139247050375999
1,2019-08-11,0.004141362380868844
1,2019-08-12,0.004142841236618488
1,2019-08-13,0.004144354499440948
1,2019-08-14,0.004145406009678594
1,2019-08-15,0.004146682489413375
1,2019-08-16,0.004146626462015501
1,2019-08-17,0.00414425172558072
1,2019-08-18,0.0041400135676602275
1,2019-08-19,0.004133153352312893
1,2019-08-20,0.004124340206032187
1,2019-08-21,0.004115605480871342
1,2019-08-22,0.004108703192556051
1,2019-08-23,0.004104156180276082
1,2019-08-24,0.004101127541861023
1,2019-08-25,0.004099175405526475
1,2019-08-26,0.004097772422585083
1,2019-08-27,0.004095487906470454
1,2019-08-28,0.004092344379546529
1,2019-08-29,0.0040884696437782555
1,2019-08-30,0.0040833972378992636
1,2019-08-31,0.004076883801152826
1,2019-09-01,0.004070059983887408
1,2019-09-02,0.004063907033144151
1,2019-09-03,0.004058954450306329
1,2019-09-04,0.004054630311145077
1,2019-09-05,0.004050502643940605
1,2019-09-06,0.004046090692522497
1,2019-09-07,0.004041190678827132
1,2019-09-08,0.004035684753223305
1,2019-09-09,0.004030507963270519
1,2019-09-10,0.004026684975478219
1,2019-09-11,0.004024624917838218
1,2019-09-12,0.0040240716055024
1,2019-09-13,0.004024920879920643
1,2019-09-14,0.004026727760025396
1,2019-09-15,0.004028816646171833
1,2019-09-16,0.004031745156359842
1,2019-09-17,0.004036373055171722
1,2019-09-18,0.004042112110796092
1,2019-09-19,0.004047430395623204
1,2019-09-20,0.0040513510203088925
1,2019-09-21,0.004053563523762202
1,2019-09-22,0.004054691157420886
1,2019-09-23,0.00405544892722221
1,2019-09-24,0.004055859039158864
1,2019-09-25,0.004055514348288046
1,2019-09-26,0.004054572952663571
1,2019-09-27,0.004052267952393404
1,2019-09-28,0.004048455641110974
1,2019-09-29,0.004044054642226817
1,2019-09-30,0.004039141563320738
1,2019-10-01,0.004034015609996344
1,2019-10-02,0.004029105586874683
1,2019-10-03,0.004024963783531196
1,2019-10-04,0.004021506634793335
1,2019-10-05,0.004018218822433463
1,2019-10-06,0.004015388083476315
1,2019-10-07,0.004012939088289963
1,2019-10-08,0.004010423957769507
1,2019-10-09,0.004008326219601127
1,2019-10-10,0.00400692888982875
1,2019-10-11,0.004005996686249275
1,2019-10-12,0.0040051404938781345
1,2019-10-13,0.004004107926595298
1,2019-10-14,0.004003011838868757
1,2019-10-15,0.0040023334759771555
1,2019-10-16,0.004002336636885842
1,2019-10-17,0.0040029550549659275
1,2019-10-18,0.00400384012722704
1,2019-10-19,0.00400472388114356
1,2019-10-20,0.004005426342426424
1,2019-10-21,0.004006355999928786
1,2019-10-22,0.004007791384234437
1,2019-10-23,0.004009659738766315
1,2019-10-24,0.00401197060770989
1,2019-10-25,0.004014571030427272
1,2019-10-26,0.00401767645093559
1,2019-10-27,0.004019955259193607
1,2019-10-28,0.004022047828137369
1,2019-10-29,0.00402455716381527
1,2019-10-30,0.004027450699462467
1,2019-10-31,0.004029827504021829
1,2019-11-01,0.004030729509995526
1,2019-11-02,0.004029764488974676
1,2019-11-03,0.00402717870717517
1,2019-11-04,0.004023857887767737
1,2019-11-05,0.004021037966573844
1,2019-11-06,0.004019199122845025
1,2019-11-07,0.004017680685130453
1,2019-11-08,0.004016168735634697
1,2019-11-09,0.004014229620053612
1,2019-11-10,0.004012452037148442
1,2019-11-11,0.004011332671799766
1,2019-11-12,0.00401102003209716
1,2019-11-13,0.004011437043886072
1,2019-11-14,0.004012085818083389
1,2019-11-15,0.0040122876221645645
1,2019-11-16,0.004011680881804173
1,2019-11-17,0.004010321168547109
1,2019-11-18,0.004008464981605312
1,2019-11-19,0.004006447308720619
1,2019-11-20,0.004004730583849777
1,2019-11-21,0.0040036836195084845
1,2019-11-22,0.004002824310790948
1,2019-11-23,0.0040010227551682655
1,2019-11-24,0.0039989228845078275
1,2019-11-25,0.003997178144436312
1,2019-11-26,0.003996586875576349
1,2019-11-27,0.003996344795082393
1,2019-11-28,0.003996374199667874
1,2019-11-29,0.003996958611066232
1,2019-11-30,0.0039977361560372725
1,2019-12-01,0.003998761095806191
1,2019-12-02,0.004000302731335273
1,2019-12-03,0.004002120607969809
1,2019-12-04,0.004004059080748723
1,2019-12-05,0.004006102205273515
1,2019-12-06,0.004008550632339276
1,2019-12-07,0.004011433006366559
1,2019-12-08,0.004014745825694469
1,2019-12-09,0.004018240790859209
1,2019-12-10,0.004021508518406566
1,2019-12-11,0.004024230210032791
1,2019-12-12,0.004026186313786274
1,2019-12-13,0.004027303874740079
1,2019-12-14,0.004027432415304231
1,2019-12-15,0.004027030470157384
1,2019-12-16,0.004026648415106524
1,2019-12-17,0.004026159465260087
1,2019-12-18,0.004025141734856787
1,2019-12-19,0.004023676473200966
1,2019-12-20,0.004022327019973332
1,2019-12-21,0.004022258638357948
1,2019-12-22,0.004022053503771027
1,2019-12-23,0.004021906689923746
1,2019-12-24,0.004022173876218592
1,2019-12-25,0.00402316399446606
1,2019-12-26,0.004024735811158328
1,2019-12-27,0.00402611823366821
1,2019-12-28,0.004026765846000331
1,2019-12-29,0.004026471960436101
1,2019-12-30,0.0040248960927479595
1,2019-12-31,0.004022248056973354
1,2020-01-01,0.004019453530001151
1,2020-01-02,0.004016763391390453
1,2020-01-03,0.0040142131592168905
1,2020-01-04,0.0040117965211334166
1,2020-01-05,0.004010248144626545
1,2020-01-06,0.004009599509806156
1,2020-01-07,0.004009892021904346
1,2020-01-08,0.004010798724147735
1,2020-01-09,0.004012741518248192
1,2020-01-10,0.004015312585377717
1,2020-01-11,0.004018051002363324
1,2020-01-12,0.004020654142160869
1,2020-01-13,0.004023362663050254
1,2020-01-14,0.0040254555327312504
1,2020-01-15,0.004027112444590264
1,2020-01-16,0.004028496083334357
1,2020-01-17,0.004030148560608839
1,2020-01-18,0.004031588688274737
1,2020-01-19,0.0040326039610610155
1,2020-01-20,0.004033342349354642
1,2020-01-21,0.004034483574652363
1,2020-01-22,0.004036265922905366
1,2020-01-23,0.004038349514017553
1,2020-01-24,0.004040162109713313
1,2020-01-25,0.0040410710108867
1,2020-01-26,0.004041040627177727
1,2020-01-27,0.004039990501177271
1,2020-01-28,0.004038601998085927
1,2020-01-29,0.004037177513483882
1,2020-01-30,0.004035722325558694
1,2020-01-31,0.004034718432477606
1,2020-02-01,0.004034378806627157
1,2020-02-02,0.004035094343272703
1,2020-02-03,0.004036185648734201
1,2020-02-04,0.004037597085127192
1,2020-02-05,0.004039687523585346
1,2020-02-06,0.004042383479812378
1,2020-02-07,0.00404394110592175
1,2020-02-08,0.004044200258266335
1,2020-02-09,0.004043949110236386
1,2020-02-10,0.004044277047147123
1,2020-02-11,0.004044791153316565
1,2020-02-12,0.00404564970182406
1,2020-02-13,0.004047143247147477
1,2020-02-14,0.004049326602519122
1,2020-02-15,0.0040520004554026375
1,2020-02-16,0.004055724933916772
1,2020-02-17,0.004059953052426913
1,2020-02-18,0.004064386822484415
1,2020-02-19,0.00406867290887075
1,2020-02-20,0.004072872941398546
1,2020-02-21,0.004077155761983002
1,2020-02-22,0.004080756579464785
1,2020-02-23,0.0040836217127369675
1,2020-02-24,0.004084996285322278
1,2020-02-25,0.004084955892121508
1,2020-02-26,0.004083995881901127
1,2020-02-27,0.004081932171254547
1,2020-02-28,0.004080190202653119
1,2020-02-29,0.004078039573297261
1,2020-03-01,0.004076442297009824
1,2020-03-02,0.0040748020053676445
1,2020-03-03,0.00407264481977304
1,2020-03-04,0.004070039312952764
1,2020-03-05,0.004067544797012495
1,2020-03-06,0.004065300778543687
1,2020-03-07,0.004062883207940673
1,2020-03-08,0.00406013386199648
1,2020-03-09,0.004057518833450574
1,2020-03-10,0.0040550359861806825
1,2020-03-11,0.0040528288155940425
1,2020-03-12,0.00405131670457307
1,2020-03-13,0.004050570761230386
1,2020-03-14,0.004050711972452295
1,2020-03-15,0.004051861474541414
1,2020-03-16,0.004053946386495441
1,2020-03-17,0.0040575314417733
1,2020-03-18,0.004062527648698687
1,2020-03-19,0.004068865699746618
1,2020-03-20,0.004075979081461315
1,2020-03-21,0.004082936947473198
1,2020-03-22,0.004089720746670423
1,2020-03-23,0.004095002851040632
1,2020-03-24,0.00409869971292178
1,2020-03-25,0.004102034917453331
1,2020-03-26,0.0041056208271062124
1,2020-03-27,0.0041089678654988495
1,2020-03-28,0.004111689289062885
1,2020-03-29,0.0041132716823414125
1,2020-03-30,0.0041135552070044375
1,2020-03-31,0.004112919694959574
1,2020-04-01,0.0041120331533474105
1,2020-04-02,0.004112099538601454
1,2020-04-03,0.004113339880289381
1,2020-04-04,0.0041154633234063345
1,2020-04-05,0.004117263486881668
1,2020-04-06,0.004118373731485496
1,2020-04-07,0.004118605922336876
1,2020-04-08,0.004118132784979361
1,2020-04-09,0.004116759858325004
1,2020-04-10,0.004115320712764414
1,2020-04-11,0.004113292645755688
1,2020-04-12,0.0041112146277048536
1,2020-04-13,0.0041082381884140606
1,2020-04-14,0.004105197839074764
1,2020-04-15,0.004103973095850656
1,2020-04-16,0.004104527521551519
1,2020-04-17,0.004104505588608759
1,2020-04-18,0.004103680904134354
1,2020-04-19,0.004103304774751666
1,2020-04-20,0.004102513120139177
1,2020-04-21,0.004101554367041361
1,2020-04-22,0.00410015435937793
1,2020-04-23,0.004098357889956415
1,2020-04-24,0.004096154791738886
1,2020-04-25,0.004093057066553786
1,2020-04-26,0.004090112106281329
1,2020-04-27,0.00408737552099042
1,2020-04-28,0.004084838082456006
1,2020-04-29,0.004083104112336122
1,2020-04-30,0.004083542269708548
1,2020-05-01,0.004086602222498013
1,2020-05-02,0.004090357982167848
1,2020-05-03,0.004094193064709113
1,2020-05-04,0.004097595531065248
1,2020-05-05,0.0041000776328571405
1,2020-05-06,0.0041018308581446585
1,2020-05-07,0.004103056721538016
1,2020-05-08,0.004103802645656106
1,2020-05-09,0.004103791242782559
1,2020-05-10,0.004102468109066266
1,2020-05-11,0.004100139423451365
1,2020-05-12,0.004096948879789944
1,2020-05-13,0.004093732355625343
1,2020-05-14,0.004091726613662526
1,2020-05-15,0.0040910684829455115
1,2020-05-16,0.0040918945758154895
1,2020-05-17,0.00409366806879735
1,2020-05-18,0.0040954453949580746
1,2020-05-19,0.004097153031015194
1,2020-05-20,0.004098356551355159
1,2020-05-21,0.0040993639924656235
1,2020-05-22,0.004100194781600506
1,2020-05-23,0.004099823747961596
1,2020-05-24,0.004098322942558198
1,2020-05-25,0.004094776036086592
1,2020-05-26,0.004090235381812022
1,2020-05-27,0.004086617602043524
1,2020-05-28,0.004084812982062499
1,2020-05-29,0.00408423764826858
1,2020-05-30,0.004085125464174616
1,2020-05-31,0.004087358498894257
1,2020-06-01,0.004091193746006144
1,2020-06-02,0.004096579675710537
1,2020-06-03,0.004103188369747293
1,2020-06-04,0.004110961722534367
1,2020-06-05,0.004119301704183396
1,2020-06-06,0.004126384241171529
1,2020-06-07,0.004131730553529235
1,2020-06-08,0.0041347797110079226
1,2020-06-09,0.004136046129104931
1,2020-06-10,0.004134603839401318
1,2020-06-11,0.004131248843727049
1,2020-06-12,0.004127687073593211
1,2020-06-13,0.004124221652838272
1,2020-06-14,0.004121699790148999
1,2020-06-15,0.004117768412208426
1,2020-06-16,0.004114632961968815
1,2020-06-17,0.004113356968511636
1,2020-06-18,0.004113453695361499
1,2020-06-19,0.0041140393094791
1,2020-06-20,0.0041130329699386025
1,2020-06-21,0.004110946842247864
1,2020-06-22,0.004108188802086401
1,2020-06-23,0.004104831620297745
1,2020-06-24,0.004101642040374996
1,2020-06-25,0.004099724872026358
1,2020-06-26,0.004099239180693906
1,2020-06-27,0.004100580829438946
1,2020-06-28,0.00410330451856152
1,2020-06-29,0.004105015924206782
1,2020-06-30,0.004106240321135641
1,2020-07-01,0.004108246445473118
1,2020-07-02,0.004111028064744967
1,2020-07-03,0.004113245200734658
1,2020-07-04,0.004111625210744247
1,2020-07-05,0.004106653370485739
1,2020-07-06,0.004099160822840292
1,2020-07-07,0.004090243199978602
1,2020-07-08,0.004082243626519854
1,2020-07-09,0.004077032093027759
1,2020-07-10,0.004075215068685347
1,2020-07-11,0.00407639125372297
1,2020-07-12,0.004079959596547602
1,2020-07-13,0.004085592891697179
1,2020-07-14,0.004093056881108377
1,2020-07-15,0.0041015544296661415
1,2020-07-16,0.004111236966634428
1,2020-07-17,0.004121336369798221
1,2020-07-18,0.0041299584971067945
1,2020-07-19,0.004136879517144169
1,2020-07-20,0.0041424739657777345
1,2020-07-21,0.004147648155499414
1,2020-07-22,0.004152589429052457
1,2020-07-23,0.00415767920355022
1,2020-07-24,0.004161876010490546
1,2020-07-25,0.0041652543866037475
1,2020-07-26,0.004168749384057422
1,2020-07-27,0.004170060745891392
1,2020-07-28,0.004169961015293681
1,2020-07-29,0.004169825555359585
1,2020-07-30,0.004169397019755499
1,2020-07-31,0.004167685650113951
1,2020-08-01,0.004162509445453854
1,2020-08-02,0.0041554135949911485
1,2020-08-03,0.004146906463099091
1,2020-08-04,0.004137416944177108
1,2020-08-05,0.004127886419977576
1,2020-08-06,0.004119475503503464
1,2020-08-07,0.004112232904266702
1,2020-08-08,0.004106173166722236
1,2020-08-09,0.0041017144983254965
1,2020-08-10,0.004098885049750435
1,2020-08-11,0.0040973904475185684
1,2020-08-12,0.004096382793720403
1,2020-08-13,0.004095538822534167
1,2020-08-14,0.004094392640106864
1,2020-08-15,0.004091486470075857
1,2020-08-16,0.004086704986502208
1,2020-08-17,0.004080731859928117
1,2020-08-18,0.004074632662211209
1,2020-08-19,0.004069370400787272
1,2020-08-20,0.004065824257453518
1,2020-08-21,0.004063602240690507
1,2020-08-22,0.00406198775119712
1,2020-08-23,0.004060997253124017
1,2020-08-24,0.004060833815320157
1,2020-08-25,0.004060968249306988
1,2020-08-26,0.00406122243753195
1,2020-08-27,0.004061246924664598
1,2020-08-28,0.004060790288340983
1,2020-08-29,0.004059394202072691
1,2020-08-30,0.004056900212240045
1,2020-08-31,0.004053878162570154
1,2020-09-01,0.0040512634438705135
1,2020-09-02,0.004049138650905467
1,2020-09-03,0.004047174307777572
1,2020-09-04,0.004045028609808117
1,2020-09-05,0.004042873105504896
1,2020-09-06,0.004041185422123219
1,2020-09-07,0.004040125416847074
1,2020-09-08,0.004040307637956171
1,2020-09-09,0.004041037920216891
1,2020-09-10,0.00404210955398297
1,2020-09-11,0.004042356278806292
1,2020-09-12,0.0040403583353626525
1,2020-09-13,0.0040375947631894876
1,2020-09-14,0.004035592859190929
1,2020-09-15,0.004035025446313828
1,2020-09-16,0.004035746406524221
1,2020-09-17,0.004038084854246932
1,2020-09-18,0.004041390559951873
1,2020-09-19,0.00404553126868301
1,2020-09-20,0.004050693215773758
1,2020-09-21,0.004055707328085896
1,2020-09-22,0.004061340682062984
1,2020-09-23,0.004067329138716427
1,2020-09-24,0.0040737173875492454
1,2020-09-25,0.004079796651787563
1,2020-09-26,0.004083269093083706
1,2020-09-27,0.004082279890485046
1,2020-09-28,0.004078344616615824
1,2020-09-29,0.0040723569712183254
1,2020-09-30,0.004064654786647392
1,2020-10-01,0.004057053495420923
1,2020-10-02,0.004050844460657251
1,2020-10-03,0.004045409723565615
1,2020-10-04,0.004040132902095439
1,2020-10-05,0.0040344784097665525
1,2020-10-06,0.0040301659429389835
1,2020-10-07,0.004027952045540001
1,2020-10-08,0.004027080049816671
1,2020-10-09,0.004026949081409635
1,2020-10-10,0.004026133124692963
1,2020-10-11,0.00402615842197238
1,2020-10-12,0.004027452516630626
1,2020-10-13,0.0040297904652764945
1,2020-10-14,0.004033407086827996
1,2020-10-15,0.0040380494049460204
1,2020-10-16,0.004041704042848792
1,2020-10-17,0.0040444498470411355
1,2020-10-18,0.004047033079820869
1,2020-10-19,0.004049561211154773
1,2020-10-20,0.004051706230202523
1,2020-10-21,0.004053758725286861
1,2020-10-22,0.0040547027063767335
1,2020-10-23,0.004053269355004807
1,2020-10-24,0.004047800601207419
1,2020-10-25,0.004040214165625866
1,2020-10-26,0.004032167199727236
1,2020-10-27,0.004025899429941711
1,2020-10-28,0.0040223863044960406
1,2020-10-29,0.00402206199735351
1,2020-10-30,0.0040237487283744985
1,2020-10-31,0.004026174567473643
1,2020-11-01,0.004028980651549057
1,2020-11-02,0.0040315618325730395
1,2020-11-03,0.004033605837053969
1,2020-11-04,0.004035139830404451
1,2020-11-05,0.004036187139162315
1,2020-11-06,0.0040359950544641195
1,2020-11-07,0.0040330162286766795
1,2020-11-08,0.004027592233720059
1,2020-11-09,0.004020976417222944
1,2020-11-10,0.004014205925003544
1,2020-11-11,0.004008196412438511
1,2020-11-12,0.004003883961083773
1,2020-11-13,0.004001982664631945
1,2020-11-14,0.004001067392806366
1,2020-11-15,0.004000128393328256
1,2020-11-16,0.003998785120068222
1,2020-11-17,0.003997035225790957
1,2020-11-18,0.003994895702395998
1,2020-11-19,0.0039923865800806
1,2020-11-20,0.0039900376112914195
1,2020-11-21,0.003987849175858841
1,2020-11-22,0.003985813822063218
1,2020-11-23,0.003984041628832124
1,2020-11-24,0.003982711556221373
1,2020-11-25,0.003982102149718542
1,2020-11-26,0.003983537875185688
1,2020-11-27,0.003985811588643097
1,2020-11-28,0.003988760700849829
1,2020-11-29,0.003992118049709945
1,2020-11-30,0.003995570187720236
1,2020-12-01,0.003998969444594246
1,2020-12-02,0.004002642936156304
1,2020-12-03,0.004006123842472153
1,2020-12-04,0.00400877514416116
1,2020-12-05,0.004010274055615816
1,2020-12-06,0.004010530461343806
1,2020-12-07,0.00400984919853421
1,2020-12-08,0.00400913920718982
1,2020-12-09,0.004009257984882197
1,2020-12-10,0.004010496527373013
1,2020-12-11,0.004012277418338683
1,2020-12-12,0.004014029488770684
1,2020-12-13,0.004015370721813146
1,2020-12-14,0.004015964364472218
1,2020-12-15,0.004015905713563394
1,2020-12-16,0.004015130073536451
1,2020-12-17,0.00401365289280185
1,2020-12-18,0.0040116050690230925
1,2020-12-19,0.004008789893771449
1,2020-12-20,0.004005607266256738
1,2020-12-21,0.004002612863573741
1,2020-12-22,0.00400030982857427
1,2020-12-23,0.003998840138092753
1,2020-12-24,0.003998330880773121
1,2020-12-25,0.003998434247911927
1,2020-12-26,0.0039992276880876
1,2020-12-27,0.004000613359177013
1,2020-12-28,0.004001744278338303
1,2020-12-29,0.004002954267335329
1,2020-12-30,0.004004203329707097
1,2020-12-31,0.004005961751097857
1,2021-01-01,0.004005830352809892
1,2021-01-02,0.004004780859577968
1,2021-01-03,0.004003435298788595
1,2021-01-04,0.004002221932654626
1,2021-01-05,0.004001807725937027
1,2021-01-06,0.004003111370720574
1,2021-01-07,0.004006169214734565
1,2021-01-08,0.004011092325957384
1,2021-01-09,0.004015217788996652
1,2021-01-10,0.004017639352808901
1,2021-01-11,0.004019007111067949
1,2021-01-12,0.004019349600809315
1,2021-01-13,0.004018701240180283
1,2021-01-14,0.004017168900593912
1,2021-01-15,NA
1,2021-01-16,NA
1,2021-01-17,NA
1,2021-01-18,NA
1,2021-01-19,NA
1,2021-01-20,NA
1,2021-01-21,NA
1,2021-01-22,NA
1,2021-01-23,NA
1,2021-01-24,NA
1,2021-01-25,NA
1,2021-01-26,NA
1,2021-01-27,NA
1,2021-01-28,NA
1,2021-01-29,NA
1,2021-01-30,NA
1,2021-01-31,NA
1,2021-02-01,NA
1,2021-02-02,NA
1,2021-02-03,NA
1,2021-02-04,NA
1,2021-02-05,NA
1,2021-02-06,NA
1,2021-02-07,NA
1,2021-02-08,NA
1,2021-02-09,NA
1,2021-02-10,NA
1,2021-02-11,NA
1,2021-02-12,NA
1,2021-02-13,NA
1,2021-02-14,NA
1,2021-02-15,NA
1,2021-02-16,NA
1,2021-02-17,NA
1,2021-02-18,NA
1,2021-02-19,NA
1,2021-02-20,NA
1,2021-02-21,NA
1,2021-02-22,NA
1,2021-02-23,NA
1,2021-02-24,NA
1,2021-02-25,NA
1,2021-02-26,NA
1,2021-02-27,NA
1,2021-02-28,NA
1,2021-03-01,NA
1,2021-03-02,NA
1,2021-03-03,NA
1,2021-03-04,NA
1,2021-03-05,NA
1,2021-03-06,NA
1,2021-03-07,NA
1,2021-03-08,NA
1,2021-03-09,NA
1,2021-03-10,NA
1,2021-03-11,NA
1,2021-03-12,NA
1,2021-03-13,NA
1,2021-03-14,NA
1,2021-03-15,NA
1,2021-03-16,NA
1,2021-03-17,NA
1,2021-03-18,NA
1,2021-03-19,NA
1,2021-03-20,NA
1,2021-03-21,NA
1,2021-03-22,NA
1,2021-03-23,NA
1,2021-03-24,NA
1,2021-03-25,NA
1,2021-03-26,NA
1,2021-03-27,NA
1,2021-03-28,NA
1,2021-03-29,NA
1,2021-03-30,NA
1,2021-03-31,NA
1,2021-04-01,NA
1,2021-04-02,NA
1,2021-04-03,NA
1,2021-04-04,NA
1,2021-04-05,NA
1,2021-04-06,NA
1,2021-04-07,NA
1,2021-04-08,NA
1,2021-04-09,NA
1,2021-04-10,NA
1,2021-04-11,NA
1,2021-04-12,NA
1,2021-04-13,NA
1,2021-04-14,NA
1,2021-04-15,NA
1,2021-04-16,NA
1,2021-04-17,NA
1,2021-04-18,NA
1,2021-04-19,NA
1,2021-04-20,NA
1,2021-04-21,NA
1,2021-04-22,NA
1,2021-04-23,NA
1,2021-04-24,NA
1,2021-04-25,NA
1,2021-04-26,NA
1,2021-04-27,NA
1,2021-04-28,NA
1,2021-04-29,NA
1,2021-04-30,NA
1,2021-05-01,NA
1,2021-05-02,NA
1,2021-05-03,NA
1,2021-05-04,NA
1,2021-05-05,NA
1,2021-05-06,NA
1,2021-05-07,NA
1,2021-05-08,NA
1,2021-05-09,NA
1,2021-05-10,NA
1,2021-05-11,NA
1,2021-05-12,NA
1,2021-05-13,NA
1,2021-05-14,NA
1,2021-05-15,NA
1,2021-05-16,NA
1,2021-05-17,NA
1,2021-05-18,NA
1,2021-05-19,NA
1,2021-05-20,NA
1,2021-05-21,NA
1,2021-05-22,NA
1,2021-05-23,NA
1,2021-05-24,NA
1,2021-05-25,NA
1,2021-05-26,NA
1,2021-05-27,NA
1,2021-05-28,NA
1,2021-05-29,NA
1,2021-05-30,NA
1,2021-05-31,NA
1,2021-06-01,NA
1,2021-06-02,NA
1,2021-06-03,NA
1,2021-06-04,NA
1,2021-06-05,NA
1,2021-06-06,NA
1,2021-06-07,NA
1,2021-06-08,NA
1,2021-06-09,NA
1,2021-06-10,NA
1,2021-06-11,NA
1,2021-06-12,NA
1,2021-06-13,NA
1,2021-06-14,NA
1,2021-06-15,NA
1,2021-06-16,NA
1,2021-06-17,NA
1,2021-06-18,NA
1,2021-06-19,NA
1,2021-06-20,NA
1,2021-06-21,NA
1,2021-06-22,NA
1,2021-06-23,NA
1,2021-06-24,NA
1,2021-06-25,NA
1,2021-06-26,NA
1,2021-06-27,NA
1,2021-06-28,NA
1,2021-06-29,NA
1,2021-06-30,NA
1,2021-07-01,NA
1,2021-07-02,NA
1,2021-07-03,NA
1,2021-07-04,NA
1,2021-07-05,NA
1,2021-07-06,NA
1,2021-07-07,NA
1,2021-07-08,NA
1,2021-07-09,NA
1,2021-07-10,NA
1,2021-07-11,NA
1,2021-07-12,NA
1,2021-07-13,NA
1,2021-07-14,NA
1,2021-07-15,NA
1,2021-07-16,NA
1,2021-07-17,NA
1,2021-07-18,NA
1,2021-07-19,NA
1,2021-07-20,NA
1,2021-07-21,NA
1,2021-07-22,NA
1,2021-07-23,NA
1,2021-07-24,NA
1,2021-07-25,NA
1,2021-07-26,NA
1,2021-07-27,NA
1,2021-07-28,NA
1,2021-07-29,NA
1,2021-07-30,NA
1,2021-07-31,NA
1,2021-08-01,NA
1,2021-08-02,NA
1,2021-08-03,NA
1,2021-08-04,NA
1,2021-08-05,NA
1,2021-08-06,NA
1,2021-08-07,NA
1,2021-08-08,NA
1,2021-08-09,NA
1,2021-08-10,NA
1,2021-08-11,NA
1,2021-08-12,NA
1,2021-08-13,NA
1,2021-08-14,NA
1,2021-08-15,NA
1,2021-08-16,NA
1,2021-08-17,NA
1,2021-08-18,NA
1,2021-08-19,NA
1,2021-08-20,NA
1,2021-08-21,NA
1,2021-08-22,NA
1,2021-08-23,NA
1,2021-08-24,NA
1,2021-08-25,NA
1,2021-08-26,NA
1,2021-08-27,NA
1,2021-08-28,NA
1,2021-08-29,NA
1,2021-08-30,NA
1,2021-08-31,NA
1,2021-09-01,NA
1,2021-09-02,NA
1,2021-09-03,NA
1,2021-09-04,NA
1,2021-09-05,NA
1,2021-09-06,NA
1,2021-09-07,NA
1,2021-09-08,NA
1,2021-09-09,NA
1,2021-09-10,NA
1,2021-09-11,NA
1,2021-09-12,NA
1,2021-09-13,NA
1,2021-09-14,NA
1,2021-09-15,NA
1,2021-09-16,NA
1,2021-09-17,NA
1,2021-09-18,NA
1,2021-09-19,NA
1,2021-09-20,NA
1,2021-09-21,NA
1,2021-09-22,NA
1,2021-09-23,NA
1,2021-09-24,NA
1,2021-09-25,NA
1,2021-09-26,NA
1,2021-09-27,NA
1,2021-09-28,NA
1,2021-09-29,NA
1,2021-09-30,NA
1,2021-10-01,NA
1,2021-10-02,NA
1,2021-10-03,NA
1,2021-10-04,NA
1,2021-10-05,NA
1,2021-10-06,NA
1,2021-10-07,NA
1,2021-10-08,NA
1,2021-10-09,NA
1,2021-10-10,NA
1,2021-10-11,NA
1,2021-10-12,NA
1,2021-10-13,NA
1,2021-10-14,NA
1,2021-10-15,NA
1,2021-10-16,NA
1,2021-10-17,NA
1,2021-10-18,NA
1,2021-10-19,NA
1,2021-10-20,NA
1,2021-10-21,NA
1,2021-10-22,NA
1,2021-10-23,NA
1,2021-10-24,NA
1,2021-10-25,NA
1,2021-10-26,NA
1,2021-10-27,NA
1,2021-10-28,NA
1,2021-10-29,NA
1,2021-10-30,NA
1,2021-10-31,NA
1,2021-11-01,NA
1,2021-11-02,NA
1,2021-11-03,NA
1,2021-11-04,NA
1,2021-11-05,NA
1,2021-11-06,NA
1,2021-11-07,NA
1,2021-11-08,NA
1,2021-11-09,NA
1,2021-11-10,NA
1,2021-11-11,NA
1,2021-11-12,NA
1,2021-11-13,NA
1,2021-11-14,NA
1,2021-11-15,NA
1,2021-11-16,NA
1,2021-11-17,NA
1,2021-11-18,NA
1,2021-11-19,NA
1,2021-11-20,NA
1,2021-11-21,NA
1,2021-11-22,NA
1,2021-11-23,NA
1,2021-11-24,NA
1,2021-11-25,NA
1,2021-11-26,NA
1,2021-11-27,NA
1,2021-11-28,NA
1,2021-11-29,NA
1,2021-11-30,NA
1,2021-12-01,NA
1,2021-12-02,NA
1,2021-12-03,NA
1,2021-12-04,NA
1,2021-12-05,NA
1,2021-12-06,NA
1,2021-12-07,NA
1,2021-12-08,NA
1,2021-12-09,NA
1,2021-12-10,NA
1,2021-12-11,NA
1,2021-12-12,NA
1,2021-12-13,NA
1,2021-12-14,NA
1,2021-12-15,NA
1,2021-12-16,NA
1,2021-12-17,NA
1,2021-12-18,NA
1,2021-12-19,NA
1,2021-12-20,NA
1,2021-12-21,NA
1,2021-12-22,NA
1,2021-12-23,NA
1,2021-12-24,NA
1,2021-12-25,NA
1,2021-12-26,NA
1,2021-12-27,NA
1,2021-12-28,NA
1,2021-12-29,NA
1,2021-12-30,NA
1,2021-12-31,NA
1,2022-01-01,NA
1,2022-01-02,NA
1,2022-01-03,NA
1,2022-01-04,NA
1,2022-01-05,NA
1,2022-01-06,NA
1,2022-01-07,NA
1,2022-01-08,NA
1,2022-01-09,NA
1,2022-01-10,NA
1,2022-01-11,NA
1,2022-01-12,NA
1,2022-01-13,NA
1,2022-01-14,NA
1,2022-01-15,NA
1,2022-01-16,NA
1,2022-01-17,NA
1,2022-01-18,NA
1,2022-01-19,NA
1,2022-01-20,NA
1,2022-01-21,NA
