site,date,value
1,2012-12-31,-0.14011671035252854
1,2013-01-02,-0.13760214722201447
1,2013-01-03,-0.1178217805234069
1,2013-01-04,-0.10583131591171488
1,2013-01-05,-0.10611737210881746
1,2013-01-06,-0.1105288643487436
1,2013-01-07,-0.1071481294646301
1,2013-01-08,-0.09386415435733787
1,2013-01-09,-0.08152853580069529
1,2013-01-10,-0.079516139047969
1,2013-01-11,-0.08407801624866541
1,2013-01-12,-0.08945946115343666
1,2013-01-13,-0.10198712572801036
1,2013-01-14,-0.12754612895986747
1,2013-01-15,-0.1512247890938826
1,2013-01-16,-0.14894370533917156
1,2013-01-17,-0.11841284117990344
1,2013-01-18,-0.0824684258029199
1,2013-01-19,-0.06308244546458293
1,2013-01-20,-0.06470860934992258
1,2013-01-21,-0.07612702307195873
1,2013-01-22,-0.07744514665323042
1,2013-01-23,-0.06138187770046522
1,2013-01-24,-0.05422327520869438
1,2013-01-25,-0.08576781505998504
1,2013-01-26,-0.13695865605568602
1,2013-01-27,-0.15872524464528287
1,2013-01-28,-0.1406860407283793
1,2013-01-29,-0.1174798316629532
1,2013-01-30,-0.11280867042621913
1,2013-01-31,-0.11661236694667036
1,2013-02-01,-0.11254723344039139
1,2013-02-02,-0.09961272808268337
1,2013-02-03,-0.08665937806485881
1,2013-02-04,-0.07801238242967247
1,2013-02-05,-0.0684888621770246
1,2013-02-06,-0.05593264807622179
1,2013-02-07,-0.05737708980519632
1,2013-02-08,-0.0980160229268491
1,2013-02-09,-0.171826710377586
1,2013-02-10,-0.22759042639053476
1,2013-02-11,-0.21753983068957883
1,2013-02-12,-0.15185760568513448
1,2013-02-13,-0.08495108434666754
1,2013-02-14,-0.05689016730025515
1,2013-02-15,-0.062359854045723494
1,2013-02-16,-0.06866770568313178
1,2013-02-17,-0.055207987972435264
1,2013-02-18,-0.03675592565048812
1,2013-02-19,-0.04501038498210337
1,2013-02-20,-0.0849649510477472
1,2013-02-21,-0.1246264198591904
1,2013-02-22,-0.14043771778581426
1,2013-02-23,-0.15210842878206135
1,2013-02-24,-0.18762497203889406
1,2013-02-25,-0.23269806576348054
1,2013-02-26,-0.2497415501325849
1,2013-02-27,-0.236969996566982
1,2013-02-28,-0.22983158481908292
1,2013-03-01,-0.2414461912832399
1,2013-03-02,-0.23419806927160838
1,2013-03-03,-0.16446882471255522
1,2013-03-04,-0.043783615129178034
1,2013-03-05,0.059737510683784634
1,2013-03-06,0.08865475200342715
1,2013-03-07,0.054083190946708694
1,2013-03-08,0.013122265012982167
1,2013-03-09,0.0022621275283059654
1,2013-03-10,0.012372402374703665
1,2013-03-11,0.021304352331208948
1,2013-03-12,0.026031965237512607
1,2013-03-13,0.02831445506138601
1,2013-03-14,0.007393796052091995
1,2013-03-15,-0.05533833027887479
1,2013-03-16,-0.12886187235866775
1,2013-03-17,-0.15722483696351536
1,2013-03-18,-0.13230938503524495
1,2013-03-19,-0.09145402597756518
1,2013-03-20,-0.052146858389119644
1,2013-03-21,-0.008493913712252818
1,2013-03-22,0.026408657733082295
1,2013-03-23,0.03922616636381414
1,2013-03-24,0.05575762769170804
1,2013-03-25,0.107067364279048
1,2013-03-26,0.1788069727106336
1,2013-03-27,0.22796854270217606
1,2013-03-28,0.22654433854046183
1,2013-03-29,0.17600364104111324
1,2013-03-30,0.10691071601372946
1,2013-03-31,0.0690634830768729
1,2013-04-01,0.09139172449919396
1,2013-04-02,0.14518428053906285
1,2013-04-03,0.1747286504794813
1,2013-04-04,0.16860902535970515
1,2013-04-05,0.16913188338787954
1,2013-04-06,0.20602293419764006
1,2013-04-07,0.2563701523349306
1,2013-04-08,0.2809637716424936
1,2013-04-09,0.27083784834587515
1,2013-04-10,0.24608690601029584
1,2013-04-11,0.2306993326766814
1,2013-04-12,0.2390475070316017
1,2013-04-13,0.26838124411488445
1,2013-04-14,0.29454298344696317
1,2013-04-15,0.29252076445412556
1,2013-04-16,0.26932081092493304
1,2013-04-17,0.2585275467779066
1,2013-04-18,0.2775252559949816
1,2013-04-19,0.30994638680961806
1,2013-04-20,0.33292934901499766
1,2013-04-21,0.3424337048248848
1,2013-04-22,0.3499694228669719
1,2013-04-23,0.36789815995750474
1,2013-04-24,0.39767429164601165
1,2013-04-25,0.4257865574366149
1,2013-04-26,0.43471481443995036
1,2013-04-27,0.42188026147431096
1,2013-04-28,0.40294385495754176
1,2013-04-29,0.39325779924549753
1,2013-04-30,0.39243205515267954
1,2013-05-01,0.39139324125048436
1,2013-05-02,0.387865351935232
1,2013-05-03,0.388201864368396
1,2013-05-04,0.3962909537459568
1,2013-05-05,0.4051336327419681
1,2013-05-06,0.40147675188397436
1,2013-05-07,0.38034474120173534
1,2013-05-08,0.35253059919734975
1,2013-05-09,0.33285917978084345
1,2013-05-10,0.32433702408451137
1,2013-05-11,0.3213541275446009
1,2013-05-12,0.32364068920894384
1,2013-05-13,0.3342583704650757
1,2013-05-14,0.34683553973265646
1,2013-05-15,0.34966540422256076
1,2013-05-16,0.34044834937751894
1,2013-05-17,0.3252717533860144
1,2013-05-18,0.3081180913651967
1,2013-05-19,0.2902374478108103
1,2013-05-20,0.2746259541064225
1,2013-05-21,0.2656937308744318
1,2013-05-22,0.264886438081768
1,2013-05-23,0.26547051054624043
1,2013-05-24,0.254895124922199
1,2013-05-25,0.2289690958070331
1,2013-05-26,0.1995147548898173
1,2013-05-27,0.18098730067920196
1,2013-05-28,0.17492548829138593
1,2013-05-29,0.17245782200669474
1,2013-05-30,0.16726367753599364
1,2013-05-31,0.16164591092150793
1,2013-06-01,0.15769892411773276
1,2013-06-02,0.14704033076079134
1,2013-06-03,0.12172481617660516
1,2013-06-04,0.09307155817018677
1,2013-06-05,0.08216667759619645
1,2013-06-06,0.09081208598883217
1,2013-06-07,0.09828968642631852
1,2013-06-08,0.08947207792343456
1,2013-06-09,0.0709954355844642
1,2013-06-10,0.05598525831931379
1,2013-06-11,0.0478679110640912
1,2013-06-12,0.04430964815653752
1,2013-06-13,0.044654344344025744
1,2013-06-14,0.047790002781268555
1,2013-06-15,0.04917035211437667
1,2013-06-16,0.04358847580979074
1,2013-06-17,0.02973111272749831
1,2013-06-18,0.01281539454959433
1,2013-06-19,0.0029663947413273587
1,2013-06-20,0.006401124874774132
1,2013-06-21,0.015750403601940143
1,2013-06-22,0.015518968174709583
1,2013-06-23,0.0018451354831969839
1,2013-06-24,-0.011387426053075432
1,2013-06-25,-0.012590420969695697
1,2013-06-26,-0.008633045322834692
1,2013-06-27,-0.012919897463619318
1,2013-06-28,-0.026357942972317073
1,2013-06-29,-0.037887419627857355
1,2013-06-30,-0.038911820981809314
1,2013-07-01,-0.03378804626332517
1,2013-07-02,-0.03768400271908274
1,2013-07-03,-0.061205748859595115
1,2013-07-04,-0.09490088568673069
1,2013-07-05,-0.1159667962517089
1,2013-07-06,-0.11526418109411747
1,2013-07-07,-0.10958065205012206
1,2013-07-08,-0.12016106648196423
1,2013-07-09,-0.14562169379611528
1,2013-07-10,-0.16518777871186313
1,2013-07-11,-0.16806282897375951
1,2013-07-12,-0.16709536787820006
1,2013-07-13,-0.17549434948514292
1,2013-07-14,-0.18639938463977865
1,2013-07-15,-0.1897906828560727
1,2013-07-16,-0.19282656034593046
1,2013-07-17,-0.20777400153396033
1,2013-07-18,-0.22726718755048717
1,2013-07-19,-0.22000451452180983
1,2013-07-20,-0.16223011475546756
1,2013-07-21,-0.08331853446512906
1,2013-07-22,-0.05266116471470417
1,2013-07-23,-0.0948759414755579
1,2013-07-24,-0.15503724747133218
1,2013-07-25,-0.17684767420664146
1,2013-07-26,-0.17084369931775278
1,2013-07-27,-0.17937719184244386
1,2013-07-28,-0.21523519154386292
1,2013-07-29,-0.25623881850533364
1,2013-07-30,-0.27611286984140565
1,2013-07-31,-0.27154689808841964
1,2013-08-01,-0.2668744029196339
1,2013-08-02,-0.28589914262702193
1,2013-08-03,-0.3203353471941052
1,2013-08-04,-0.3418788777812669
1,2013-08-05,-0.3396906016228752
1,2013-08-06,-0.32596399599065484
1,2013-08-07,-0.3095950085879782
1,2013-08-08,-0.2880888709848924
1,2013-08-09,-0.2680108447187078
1,2013-08-10,-0.2683698844527965
1,2013-08-11,-0.29255580750658455
1,2013-08-12,-0.31819132264867955
1,2013-08-13,-0.3281846171515909
1,2013-08-14,-0.3339930003796561
1,2013-08-15,-0.3536584519252999
1,2013-08-16,-0.3811039385188176
1,2013-08-17,-0.3945966727558471
1,2013-08-18,-0.3887225778972851
1,2013-08-19,-0.38102726504955975
1,2013-08-20,-0.38541789911012275
1,2013-08-21,-0.39211272412836834
1,2013-08-22,-0.3828555460026739
1,2013-08-23,-0.3585347593376688
1,2013-08-24,-0.3388237951821345
1,2013-08-25,-0.3356264941167215
1,2013-08-26,-0.3395765319171949
1,2013-08-27,-0.3370441295011804
1,2013-08-28,-0.33011271484376187
1,2013-08-29,-0.33083518177037585
1,2013-08-30,-0.34121125129254387
1,2013-08-31,-0.348546465987306
1,2013-09-01,-0.3419147239456352
1,2013-09-02,-0.32771478201305915
1,2013-09-03,-0.32068123335193843
1,2013-09-04,-0.3205975558136411
1,2013-09-05,-0.31398617966868636
1,2013-09-06,-0.2997701789509636
1,2013-09-07,-0.2899679795281028
1,2013-09-08,-0.283410394298027
1,2013-09-09,-0.2660829402719703
1,2013-09-10,-0.24001209832946363
1,2013-09-11,-0.22525579495485187
1,2013-09-12,-0.22985023579150973
1,2013-09-13,-0.23912467446014693
1,2013-09-14,-0.23851748231835834
1,2013-09-15,-0.2314793996090452
1,2013-09-16,-0.2266705111045816
1,2013-09-17,-0.21588668142276451
1,2013-09-18,-0.18306420709960952
1,2013-09-19,-0.13838533030165337
1,2013-09-20,-0.11532486927935126
1,2013-09-21,-0.11832627917906209
1,2013-09-22,-0.10726217778444873
1,2013-09-23,-0.05992733471809336
1,2013-09-24,-0.018430258887828767
1,2013-09-25,-0.03884982271207377
1,2013-09-26,-0.11123843486296678
1,2013-09-27,-0.16377715151258926
1,2013-09-28,-0.14844171477711804
1,2013-09-29,-0.09713645600094893
1,2013-09-30,-0.07732127223728655
1,2013-10-01,-0.10795506475682597
1,2013-10-02,-0.14724289992440284
1,2013-10-03,-0.15912438094479334
1,2013-10-04,-0.1543081134457323
1,2013-10-05,-0.1553370624517965
1,2013-10-06,-0.15874426153379181
1,2013-10-07,-0.15269287790200126
1,2013-10-08,-0.1419958581598169
1,2013-10-09,-0.13192548197375437
1,2013-10-10,-0.11017764548952613
1,2013-10-11,-0.07077527378914274
1,2013-10-12,-0.04078654866157751
1,2013-10-13,-0.052197971620500244
1,2013-10-14,-0.08929328354362315
1,2013-10-15,-0.09586877963191476
1,2013-10-16,-0.04470602770820665
1,2013-10-17,0.025890078839004946
1,2013-10-18,0.059815852437512515
1,2013-10-19,0.04665186660350261
1,2013-10-20,0.01762924344339716
1,2013-10-21,-0.0037841904964182474
1,2013-10-22,-0.016650565671926593
1,2013-10-23,-0.017909269812527627
1,2013-10-24,-0.0011987403751211583
1,2013-10-25,0.020822578701984472
1,2013-10-26,0.028940775038167648
1,2013-10-27,0.028662616220361894
1,2013-10-28,0.03619773281099194
1,2013-10-29,0.04451047797828683
1,2013-10-30,0.03626958706393434
1,2013-10-31,0.01817925078825891
1,2013-11-01,0.013586446553295268
1,2013-11-02,0.03201145392758007
1,2013-11-03,0.06702355824123081
1,2013-11-04,0.10994481321873471
1,2013-11-05,0.1482259946143198
1,2013-11-06,0.1638368675558736
1,2013-11-07,0.1469299171707462
1,2013-11-08,0.10754808318051644
1,2013-11-09,0.07058403820350705
1,2013-11-10,0.05537636390428674
1,2013-11-11,0.058697585755891554
1,2013-11-12,0.06645720992535734
1,2013-11-13,0.07801833035562065
1,2013-11-14,0.09857733618191981
1,2013-11-15,0.11589131450379046
1,2013-11-16,0.1165636326560985
1,2013-11-17,0.1138809021565458
1,2013-11-18,0.1215784720046636
1,2013-11-19,0.11620315851087744
1,2013-11-20,0.06577358659251988
1,2013-11-21,-0.016912822111702242
1,2013-11-22,-0.07810598701797379
1,2013-11-23,-0.07180001259229288
1,2013-11-24,0.0012977503027581932
1,2013-11-25,0.09063106682704034
1,2013-11-26,0.13459986911070154
1,2013-11-27,0.11087010322653522
1,2013-11-28,0.04786552515002951
1,2013-11-29,-0.00788402945096503
1,2013-11-30,-0.03340553309151127
1,2013-12-01,-0.04137321653186962
1,2013-12-02,-0.048021255037491724
1,2013-12-03,-0.04146895442286474
1,2013-12-04,-0.004125263479655122
1,2013-12-05,0.04554365287437492
1,2013-12-06,0.06429976501908488
1,2013-12-07,0.03663709438098554
1,2013-12-08,-0.004111705048826869
1,2013-12-09,-0.013220261994453667
1,2013-12-10,0.015358377854812923
1,2013-12-11,0.045607840577455726
1,2013-12-12,0.04455739064654966
1,2013-12-13,0.019154509757489557
1,2013-12-14,0.0026337291785642203
1,2013-12-15,0.012966689502078793
1,2013-12-16,0.035772789994548346
1,2013-12-17,0.04733125342588677
1,2013-12-18,0.04178190047874933
1,2013-12-19,0.026794077018661665
1,2013-12-20,0.003340177943516322
1,2013-12-21,-0.030566654481758035
1,2013-12-22,-0.059955718804784564
1,2013-12-23,-0.06344729486797558
1,2013-12-24,-0.046809827489702305
1,2013-12-25,-0.03738085302867565
1,2013-12-26,-0.0430258548943099
1,2013-12-27,-0.04901222701464967
1,2013-12-28,-0.053922313976521266
1,2013-12-29,-0.07328836398188684
1,2013-12-30,-0.1086149786492794
1,2013-12-31,-0.14020559425689386
1,2014-01-01,-0.14992443071698977
1,2014-01-02,-0.13764324287222088
1,2014-01-03,-0.11785182539158005
1,2014-01-04,-0.10585617355935677
1,2014-01-05,-0.10614012149065812
1,2014-01-06,-0.1105504859614782
1,2014-01-07,-0.1071654760777273
1,2014-01-08,-0.09386703417542167
1,2014-01-09,-0.08150617364575065
1,2014-01-10,-0.07946613112080729
1,2014-01-11,-0.08401915119765599
1,2014-01-12,-0.08943715127049229
1,2014-01-13,-0.10205168493738322
1,2014-01-14,-0.1277241152114802
1,2014-01-15,-0.15151149182313456
1,2014-01-16,-0.14931976411236017
1,2014-01-17,-0.11885354755913877
1,2014-01-18,-0.08294841988043757
1,2014-01-19,-0.06357593494756393
1,2014-01-20,-0.06519306552339732
1,2014-01-21,-0.07658727067243966
1,2014-01-22,-0.07787775810934422
1,2014-01-23,-0.06178741607875218
1,2014-01-24,-0.05460092726584222
1,2014-01-25,-0.08611773450113412
1,2014-01-26,-0.13728061640678488
1,2014-01-27,-0.15902002076375923
1,2014-01-28,-0.14095398773113457
1,2014-01-29,-0.11771721533466091
1,2014-01-30,-0.11301376118648035
1,2014-01-31,-0.11678916249702265
1,2014-02-01,-0.11271254591993075
1,2014-02-02,-0.09979287135570121
1,2014-02-03,-0.0868792473303141
1,2014-02-04,-0.07828046920974707
1,2014-02-05,-0.06879861756011431
1,2014-02-06,-0.0562745632694962
1,2014-02-07,-0.05775018296946724
1,2014-02-08,-0.09842693700604303
1,2014-02-09,-0.17227669810988902
1,2014-02-10,-0.22806936055327903
1,2014-02-11,-0.21803012657583568
1,2014-02-12,-0.1523398281054422
1,2014-02-13,-0.08541670183228499
1,2014-02-14,-0.057346068249089506
1,2014-02-15,-0.06283911521880858
1,2014-02-16,-0.06919867465714549
1,2014-02-17,-0.05578072044023297
1,2014-02-18,-0.03732707915808507
1,2014-02-19,-0.04555399056571986
1,2014-02-20,-0.08548852479082479
1,2014-02-21,-0.12514613068363703
1,2014-02-22,-0.1409549488206499
1,2014-02-23,-0.15260169686855785
1,2014-02-24,-0.18806793415674733
1,2014-02-25,-0.23308321721826866
1,2014-02-26,-0.2500887863525376
1,2014-02-27,-0.2373208505443988
1,2014-02-28,-0.23021215417234683
1,2014-03-01,-0.24185527366222745
1,2014-03-02,-0.2346142728599622
1,2014-03-03,-0.16486193746426056
1,2014-03-04,-0.04413133974629278
1,2014-03-05,0.05943090058472299
1,2014-03-06,0.08836050822783362
1,2014-03-07,0.05377173635239412
1,2014-03-08,0.012775165065871832
1,2014-03-09,0.001882638365653645
1,2014-03-10,0.011986835028615084
1,2014-03-11,0.020945673066681225
1,2014-03-12,0.02571266261643917
1,2014-03-13,0.028013866061281867
1,2014-03-14,0.0070879172707269695
1,2014-03-15,-0.05565086677743488
1,2014-03-16,-0.12918207786874503
1,2014-03-17,-0.1575973484594927
1,2014-03-18,-0.13282393979482163
1,2014-03-19,-0.09219039114085278
1,2014-03-20,-0.05312915078727357
1,2014-03-21,-0.009692318905662987
1,2014-03-22,0.025068854812529965
1,2014-03-23,0.037856809594905956
1,2014-03-24,0.05446074150773272
1,2014-03-25,0.10589130762959759
1,2014-03-26,0.17775347665668448
1,2014-03-27,0.227026416035596
1,2014-03-28,0.22572218873598532
1,2014-03-29,0.1753261130751045
1,2014-03-30,0.10639633328871718
1,2014-03-31,0.06870963306453837
1,2014-04-01,0.09116722606218676
1,2014-04-02,0.14503921269850542
1,2014-04-03,0.17460893987667514
1,2014-04-04,0.1684691425723075
1,2014-04-05,0.16894744996283786
1,2014-04-06,0.20579995559573477
1,2014-04-07,0.256140154944637
1,2014-04-08,0.28075885499043385
1,2014-04-09,0.27066672658513247
1,2014-04-10,0.245926088980651
1,2014-04-11,0.23050867174729953
1,2014-04-12,0.23880288815394415
1,2014-04-13,0.26809642023969793
1,2014-04-14,0.2942636555744211
1,2014-04-15,0.29229028798411905
1,2014-04-16,0.26915471867805085
1,2014-04-17,0.25841212225803123
1,2014-04-18,0.27743329005351763
1,2014-04-19,0.3098504533996344
1,2014-04-20,0.33280717285150113
1,2014-04-21,0.3422711977815549
1,2014-04-22,0.3497677654857609
1,2014-04-23,0.3676777632511526
1,2014-04-24,0.3974630443587891
1,2014-04-25,0.4256021027207788
1,2014-04-26,0.43456045490591605
1,2014-04-27,0.42175309183714305
1,2014-04-28,0.4028434628530393
1,2014-04-29,0.3931865563175093
1,2014-04-30,0.3923914750620874
1,2014-05-01,0.3913834220039054
1,2014-05-02,0.38788481067866487
1,2014-05-03,0.38824622783133284
1,2014-05-04,0.39635163603371565
1,2014-05-05,0.4051999021542204
1,2014-05-06,0.40153914498136434
1,2014-05-07,0.38039877695857965
1,2014-05-08,0.3525763470461969
1,2014-05-09,0.3328975710224851
1,2014-05-10,0.324368769891379
1,2014-05-11,0.32137958193270644
1,2014-05-12,0.32365866993909276
1,2014-05-13,0.33426445466123667
1,2014-05-14,0.3468238411246475
1,2014-05-15,0.3496336049921961
1,2014-05-16,0.3404004573438127
1,2014-05-17,0.32521604890109806
1,2014-05-18,0.30806399464908696
1,2014-05-19,0.2901926133904985
1,2014-05-20,0.2745950187086849
1,2014-05-21,0.2656782719923097
1,2014-05-22,0.26488591094596126
1,2014-05-23,0.265487654949564
1,2014-05-24,0.2549388083929562
1,2014-05-25,0.22904739110910283
1,2014-05-26,0.19962329880855179
1,2014-05-27,0.18110563761709034
1,2014-05-28,0.1750294440906091
1,2014-05-29,0.17253364700976676
1,2014-05-30,0.16731015249773756
1,2014-05-31,0.16166579361335376
1,2014-06-01,0.1576971422326117
1,2014-06-02,0.1470243089909248
1,2014-06-03,0.12170140908842413
1,2014-06-04,0.09304546608260444
1,2014-06-05,0.08213856945284649
1,2014-06-06,0.09078117380442227
1,2014-06-07,0.09825802770897117
1,2014-06-08,0.08944420301535827
1,2014-06-09,0.07097497019789198
1,2014-06-10,0.055972446809210125
1,2014-06-11,0.04786193833510764
1,2014-06-12,0.04430955268232031
1,2014-06-13,0.044658872307444544
1,2014-06-14,0.04779716697650064
1,2014-06-15,0.04917801367224676
1,2014-06-16,0.043595708710811656
1,2014-06-17,0.029737947966792796
1,2014-06-18,0.012821145723942185
1,2014-06-19,0.0029688791785458584
1,2014-06-20,0.006398376534717834
1,2014-06-21,0.015742950267108834
1,2014-06-22,0.015509958116458835
1,2014-06-23,0.001838770944148834
1,2014-06-24,-0.01138840641814244
1,2014-06-25,-0.012586356249607748
1,2014-06-26,-0.008626833683982229
1,2014-06-27,-0.012915244359423027
1,2014-06-28,-0.0263575722709482
1,2014-06-29,-0.037890215908391534
1,2014-06-30,-0.03891422612181986
1,2014-07-01,-0.03378726729725026
1,2014-07-02,-0.037680063168115056
1,2014-07-03,-0.061199889367938305
1,2014-07-04,-0.09489228101520147
1,2014-07-05,-0.11595167008177648
1,2014-07-06,-0.11523922714290742
1,2014-07-07,-0.10954502788086662
1,2014-07-08,-0.12011040955407606
1,2014-07-09,-0.14554238969875213
1,2014-07-10,-0.16506529296886027
1,2014-07-11,-0.1678970884612079
1,2014-07-12,-0.1669047670860097
1,2014-07-13,-0.17530288172283784
1,2014-07-14,-0.18622780924958987
1,2014-07-15,-0.18964927956781558
1,2014-07-16,-0.1927168250265088
1,2014-07-17,-0.2076975734352242
1,2014-07-18,-0.2272355532061421
1,2014-07-19,-0.22004152165730043
1,2014-07-20,-0.16237011285034783
1,2014-07-21,-0.08359788583285763
1,2014-07-22,-0.05310062352958504
1,2014-07-23,-0.09546035257491856
1,2014-07-24,-0.15570377271168312
1,2014-07-25,-0.17750665016042705
1,2014-07-26,-0.1714320802854354
1,2014-07-27,-0.17989798584109928
1,2014-07-28,-0.2157280834419182
1,2014-07-29,-0.256724622057817
1,2014-07-30,-0.2765759792654429
1,2014-07-31,-0.2719627872853363
1,2014-08-01,-0.2672336291379809
1,2014-08-02,-0.28620325684410736
1,2014-08-03,-0.32058925501677776
1,2014-08-04,-0.3420909225658652
1,2014-08-05,-0.3398697158333701
1,2014-08-06,-0.326118711422886
1,2014-08-07,-0.3097277206389738
1,2014-08-08,-0.2881973506428853
1,2014-08-09,-0.26809274224190127
1,2014-08-10,-0.2684286506823411
1,2014-08-11,-0.2925999492567936
1,2014-08-12,-0.3182278894814567
1,2014-08-13,-0.3282140429596788
1,2014-08-14,-0.33400928096772586
1,2014-08-15,-0.353656166472883
1,2014-08-16,-0.38107956636909507
1,2014-08-17,-0.3945456501679018
1,2014-08-18,-0.3886400583008622
1,2014-08-19,-0.3809141792388197
1,2014-08-20,-0.38528252996615403
1,2014-08-21,-0.3919677835491952
1,2014-08-22,-0.3827111475442591
1,2014-08-23,-0.3583979281382533
1,2014-08-24,-0.3387026793252838
1,2014-08-25,-0.3355249613063876
1,2014-08-26,-0.3394867335365148
1,2014-08-27,-0.3369498313017439
1,2014-08-28,-0.32999962868923766
1,2014-08-29,-0.3306952110554755
1,2014-08-30,-0.3410416550950968
1,2014-08-31,-0.3483505129070034
1,2014-09-01,-0.34170398951944686
1,2014-09-02,-0.3275066149408608
1,2014-09-03,-0.32049078291389743
1,2014-09-04,-0.3204377459269711
1,2014-09-05,-0.3138682517507911
1,2014-09-06,-0.29970080966571283
1,2014-09-07,-0.28994550576474504
1,2014-09-08,-0.28342607987691076
1,2014-09-09,-0.26612930988302097
1,2014-09-10,-0.2400853972742401
1,2014-09-11,-0.22534860395568826
1,2014-09-12,-0.22994501057142758
1,2014-09-13,-0.23920441242365065
1,2014-09-14,-0.2385805013233834
1,2014-09-15,-0.2315391614110138
1,2014-09-16,-0.22674733441853975
1,2014-09-17,-0.2160017487768614
1,2014-09-18,-0.1832324363124123
1,2014-09-19,-0.13860858784636185
1,2014-09-20,-0.1155898799283204
1,2014-09-21,-0.1186154110117719
1,2014-09-22,-0.10757022912878242
1,2014-09-23,-0.06025606287977588
1,2014-09-24,-0.018765471320476384
1,2014-09-25,-0.03915178727471804
1,2014-09-26,-0.11146590009204883
1,2014-09-27,-0.16392937707831984
1,2014-09-28,-0.14855298111950288
1,2014-09-29,-0.09724115993047037
1,2014-09-30,-0.07743318110600482
1,2014-10-01,-0.1080717294609819
1,2014-10-02,-0.14735977835965924
1,2014-10-03,-0.15924111709042965
1,2014-10-04,-0.1544274783889493
1,2014-10-05,-0.15545706389731584
1,2014-10-06,-0.1588564166589464
1,2014-10-07,-0.15278681706308053
1,2014-10-08,-0.1420595576836649
1,2014-10-09,-0.13194661668461222
1,2014-10-10,-0.11014321847813656
1,2014-10-11,-0.07068265962088337
1,2014-10-12,-0.04064995265119876
1,2014-10-13,-0.052042205049754216
1,2014-10-14,-0.08914150384507001
1,2014-10-15,-0.09573045834592929
1,2014-10-16,-0.04458230926670501
1,2014-10-17,0.0260037368486757
1,2014-10-18,0.05992715978561248
1,2014-10-19,0.04677226758142984
1,2014-10-20,0.017774258543953307
1,2014-10-21,-0.0036070477771986504
1,2014-10-22,-0.016445595017903814
1,2014-10-23,-0.0176789401793706
1,2014-10-24,-9.269353442890972e-4
1,2014-10-25,0.021149116349169387
1,2014-10-26,0.029308926651014915
1,2014-10-27,0.029038744288865725
1,2014-10-28,0.036548775659012045
1,2014-10-29,0.044816873721393397
1,2014-10-30,0.03651398104867639
1,2014-10-31,0.01834176653202283
1,2014-11-01,0.013654991519894926
1,2014-11-02,0.03199646668820296
1,2014-11-03,0.06695559315578752
1,2014-11-04,0.10984867867142076
1,2014-11-05,0.14810421653021483
1,2014-11-06,0.16367583529063404
1,2014-11-07,0.14672260272811471
1,2014-11-08,0.10730138557775354
1,2014-11-09,0.07031057728506294
1,2014-11-10,0.05508634778931508
1,2014-11-11,0.05839194280194083
1,2014-11-12,0.06612972590086649
1,2014-11-13,0.07765597801264387
1,2014-11-14,0.09816101053295963
1,2014-11-15,0.1154137008869675
1,2014-11-16,0.11604354949236087
1,2014-11-17,0.11335982344020952
1,2014-11-18,0.12110367145724352
1,2014-11-19,0.11580676448972346
1,2014-11-20,0.0654480178003653
1,2014-11-21,-0.017213618306814525
1,2014-11-22,-0.07844204240599867
1,2014-11-23,-0.07220211431789655
1,2014-11-24,8.496467471689938e-4
1,2014-11-25,0.09019959488301486
1,2014-11-26,0.13424789671083046
1,2014-11-27,0.11062959041869605
1,2014-11-28,0.047739987050935025
1,2014-11-29,-0.007911640120285519
1,2014-11-30,-0.033357409943184625
1,2014-12-01,-0.04127007473370422
1,2014-12-02,-0.04788286181066354
1,2014-12-03,-0.04130906567349797
1,2014-12-04,-0.003945768249863806
1,2014-12-05,0.04574763592087725
1,2014-12-06,0.06452361512454986
1,2014-12-07,0.0368640314038976
1,2014-12-08,-0.00389527156380543
1,2014-12-09,-0.01300855768142737
1,2014-12-10,0.015585731370227977
1,2014-12-11,0.04586214569932894
1,2014-12-12,0.04482723562109468
1,2014-12-13,0.019417607795444183
1,2014-12-14,0.00287650156352747
1,2014-12-15,0.0131901945528792
1,2014-12-16,0.03598145378763294
1,2014-12-17,0.04752743123852217
1,2014-12-18,0.041966978778283266
1,2014-12-19,0.02696814014191387
1,2014-12-20,0.003500167898547412
1,2014-12-21,-0.030421724375770023
1,2014-12-22,-0.05981796421896353
1,2014-12-23,-0.06330388673515971
1,2014-12-24,-0.04665683856018693
1,2014-12-25,-0.03722879037795112
1,2014-12-26,-0.04289039591052146
1,2014-12-27,-0.048895615033849975
1,2014-12-28,-0.05382014467975613
1,2014-12-29,-0.07319582687902593
1,2014-12-30,-0.10852824762824351
1,2014-12-31,-0.14012164924930814
1,2015-01-01,-0.14984122680792636
1,2015-01-02,-0.1375610990760459
1,2015-01-03,-0.11777274279212473
1,2015-01-04,-0.10577900789065546
1,2015-01-05,-0.10605611520562408
1,2015-01-06,-0.11045084526449879
1,2015-01-07,-0.10705180269010302
1,2015-01-08,-0.09375301881116994
1,2015-01-09,-0.08140864400097216
1,2015-01-10,-0.07939346522791994
1,2015-01-11,-0.08395638175577319
1,2015-01-12,-0.08934467289267208
1,2015-01-13,-0.10188394181602788
1,2015-01-14,-0.12745218247084555
1,2015-01-15,-0.15113061077271936
1,2015-01-16,-0.14884069429283198
1,2015-01-17,-0.11829537415778969
1,2015-01-18,-0.08233940063809676
1,2015-01-19,-0.06294346529803103
1,2015-01-20,-0.06455207000716756
1,2015-01-21,-0.07594073910803152
1,2015-01-22,-0.07723692704081905
1,2015-01-23,-0.06117171504762495
1,2015-01-24,-0.054026622659234226
1,2015-01-25,-0.08558789043746187
1,2015-01-26,-0.1367853671642294
1,2015-01-27,-0.15854634181250218
1,2015-01-28,-0.1404946731528162
1,2015-01-29,-0.11727468089286691
1,2015-01-30,-0.11259267191597773
1,2015-01-31,-0.11638646470010158
1,2015-02-01,-0.11231529793535755
1,2015-02-02,-0.0993839628071249
1,2015-02-03,-0.08645165663919195
1,2015-02-04,-0.07783830951431879
1,2015-02-05,-0.06834913572192099
1,2015-02-06,-0.05582060460901021
1,2015-02-07,-0.057282059383438964
1,2015-02-08,-0.09792572914962505
1,2015-02-09,-0.17172691849666688
1,2015-02-10,-0.22747211332625947
1,2015-02-11,-0.217411426308857
1,2015-02-12,-0.15173767896970947
1,2015-02-13,-0.08484871869861886
1,2015-02-14,-0.05679057609607614
1,2015-02-15,-0.06224812181291741
1,2015-02-16,-0.06853637074923008
1,2015-02-17,-0.0550622699471677
1,2015-02-18,-0.036600578787665705
1,2015-02-19,-0.04485597082949511
1,2015-02-20,-0.08482087928159365
1,2015-02-21,-0.12448669700465424
1,2015-02-22,-0.14029300521357133
1,2015-02-23,-0.15195758529854608
1,2015-02-24,-0.1874787755813555
1,2015-02-25,-0.2325668005883324
1,2015-02-26,-0.24961793097790305
1,2015-02-27,-0.2368342525907672
1,2015-02-28,-0.22965473844330372
1,2015-03-01,-0.24120806436022826
1,2015-03-02,-0.23389971019175038
1,2015-03-03,-0.16413862860702086
1,2015-03-04,-0.04345718329324954
1,2015-03-05,0.060041707063860916
1,2015-03-06,0.0889385043267659
1,2015-03-07,0.05436608069364332
1,2015-03-08,0.013416027012638802
1,2015-03-09,0.0025661143760044576
1,2015-03-10,0.012678242524694596
1,2015-03-11,0.02160232839809815
1,2015-03-12,0.02631902271816413
1,2015-03-13,0.02858955573198546
1,2015-03-14,0.007653673168090023
1,2015-03-15,-0.05509899517737886
1,2015-03-16,-0.1286406550208731
1,2015-03-17,-0.1570082201230642
1,2015-03-18,-0.1320853000842679
1,2015-03-19,-0.09122100711004998
1,2015-03-20,-0.05190926099735698
1,2015-03-21,-0.008246706020602
1,2015-03-22,0.026679355544444203
1,2015-03-23,0.03953449576837704
1,2015-03-24,0.05610467518570565
1,2015-03-25,0.10743662264984669
1,2015-03-26,0.17918233787528315
1,2015-03-27,0.22834343901031282
1,2015-03-28,0.22692203315354356
1,2015-03-29,0.17637872878541824
1,2015-03-30,0.10726723682783004
1,2015-03-31,0.06939483799161004
1,2015-04-01,0.09170376448456212
1,2015-04-02,0.1454883063604745
1,2015-04-03,0.17503024009149606
1,2015-04-04,0.1689082103205706
1,2015-04-05,0.16943089153578175
1,2015-04-06,0.20632710580728253
1,2015-04-07,0.25668517057506995
1,2015-04-08,0.2812861754318072
1,2015-04-09,0.2711528408010952
1,2015-04-10,0.24637444469820463
1,2015-04-11,0.23094301629802194
1,2015-04-12,0.23924267292579052
1,2015-04-13,0.2685339079310547
1,2015-04-14,0.2946663100884122
1,2015-04-15,0.2926229518583556
1,2015-04-16,0.26940921697300485
1,2015-04-17,0.2586112677214124
1,2015-04-18,0.27761495758977467
1,2015-04-19,0.31004850331308453
1,2015-04-20,0.3330432253354849
1,2015-04-21,0.3425519258285828
1,2015-04-22,0.3500792002992641
1,2015-04-23,0.36798788739823235
1,2015-04-24,0.3977408814440881
1,2015-04-25,0.42583562849554335
1,2015-04-26,0.43475613334188373
1,2015-04-27,0.4219266402537489
1,2015-04-28,0.403010286815488
1,2015-04-29,0.39335710466247054
1,2015-04-30,0.3925675222600424
1,2015-05-01,0.39155619462443236
1,2015-05-02,0.38804030061217004
1,2015-05-03,0.388374720983838
1,2015-05-04,0.39645339387871137
1,2015-05-05,0.4052803122563613
1,2015-05-06,0.40160083269884433
1,2015-05-07,0.38043851303511805
1,2015-05-08,0.35258870635985295
1,2015-05-09,0.33288161038853303
1,2015-05-10,0.3243318946628695
1,2015-05-11,0.32133712504526796
1,2015-05-12,0.3236276786225953
1,2015-05-13,0.33425737131231714
1,2015-05-14,0.3468438565629746
1,2015-05-15,0.34967570943813175
1,2015-05-16,0.3404553380463124
1,2015-05-17,0.32527229277015557
1,2015-05-18,0.3081100812689542
1,2015-05-19,0.2902174712962151
1,2015-05-20,0.2745906497014678
1,2015-05-21,0.26564199891945817
1,2015-05-22,0.2648193242501743
1,2015-05-23,0.2653874318935922
1,2015-05-24,0.25479095489233633
1,2015-05-25,0.22883649797051667
1,2015-05-26,0.1993536998926123
1,2015-05-27,0.18080734406359186
1,2015-05-28,0.17473931392371106
1,2015-05-29,0.1722744236189079
1,2015-05-30,0.16708546810460345
1,2015-05-31,0.16147191203623282
1,2015-06-01,0.15753301815213244
1,2015-06-02,0.14689197996532521
1,2015-06-03,0.12160045263839721
1,2015-06-04,0.09296651616736486
1,2015-06-05,0.0820659872369785
1,2015-06-06,0.09070349033967985
1,2015-06-07,0.09817560625991416
1,2015-06-08,0.08936658143961827
1,2015-06-09,0.07091027771611275
1,2015-06-10,0.055922495742180146
1,2015-06-11,0.04782278675815074
1,2015-06-12,0.044275237691629075
1,2015-06-13,0.044624778991712126
1,2015-06-14,0.04776211050978853
1,2015-06-15,0.049143515360196996
1,2015-06-16,0.04356345523085407
1,2015-06-17,0.029708706868454265
1,2015-06-18,0.012795282967430228
1,2015-06-19,0.0029469021643222003
1,2015-06-20,0.006380018937715241
1,2015-06-21,0.01572613094040218
1,2015-06-22,0.015491611103733227
1,2015-06-23,0.0018167271610264755
1,2015-06-24,-0.01141491145132922
1,2015-06-25,-0.012617040820493709
1,2015-06-26,-0.008658990459273685
1,2015-06-27,-0.012944701482740684
1,2015-06-28,-0.026383156252127244
1,2015-06-29,-0.03791872637322686
1,2015-06-30,-0.03895799515205768
1,2015-07-01,-0.03385735943451226
1,2015-07-02,-0.03778039657310132
1,2015-07-03,-0.061326856090764506
1,2015-07-04,-0.09503640852935996
1,2015-07-05,-0.11609983356918888
1,2015-07-06,-0.11538022655093003
1,2015-07-07,-0.10967988466753968
1,2015-07-08,-0.12026032779715425
1,2015-07-09,-0.14573780684451546
1,2015-07-10,-0.16532104670753187
1,2015-07-11,-0.16819846623564574
1,2015-07-12,-0.16721797951005768
1,2015-07-13,-0.17559668180866467
1,2015-07-14,-0.18648300191171419
1,2015-07-15,-0.18986109056165973
1,2015-07-16,-0.1928910883856088
1,2015-07-17,-0.20784255075082658
1,2015-07-18,-0.22735624604462712
1,2015-07-19,-0.22013722991164092
1,2015-07-20,-0.16242699461831225
1,2015-07-21,-0.08358102933188351
1,2015-07-22,-0.05296775415557996
1,2015-07-23,-0.09519884173200563
1,2015-07-24,-0.1553652127786633
1,2015-07-25,-0.17717753913213127
1,2015-07-26,-0.17116575233650783
1,2015-07-27,-0.1796851805697039
1,2015-07-28,-0.21553887665636542
1,2015-07-29,-0.25654651858454625
1,2015-07-30,-0.27641002014742866
1,2015-07-31,-0.2718082885204052
1,2015-08-01,-0.26708684680208183
1,2015-08-02,-0.28606298950820713
1,2015-08-03,-0.32046004446593496
1,2015-08-04,-0.34197765698889104
1,2015-08-05,-0.3397749249451792
1,2015-08-06,-0.3260391188400418
1,2015-08-07,-0.30966179744233335
1,2015-08-08,-0.28814867843672165
1,2015-08-09,-0.2680685214800586
1,2015-08-10,-0.268430226194311
1,2015-08-11,-0.29262171703322537
1,2015-08-12,-0.31826155694095154
1,2015-08-13,-0.32825239635270054
1,2015-08-14,-0.33404796102568696
1,2015-08-15,-0.35369281609412684
1,2015-08-16,-0.3811186766884651
1,2015-08-17,-0.3945969134304377
1,2015-08-18,-0.38871121124021585
1,2015-08-19,-0.38100287681317696
1,2015-08-20,-0.3853798724798091
1,2015-08-21,-0.39206681483711936
1,2015-08-22,-0.38281194603788715
1,2015-08-23,-0.35850310771475347
1,2015-08-24,-0.33881195846750567
1,2015-08-25,-0.33563652009051903
1,2015-08-26,-0.3396011832074419
1,2015-08-27,-0.337069546236372
1,2015-08-28,-0.330125783624605
1,2015-08-29,-0.33082763091864525
1,2015-08-30,-0.34118126531442544
1,2015-08-31,-0.348495793737272
1,2015-09-01,-0.34184727651695057
1,2015-09-02,-0.32763530449533773
1,2015-09-03,-0.32059668967929594
1,2015-09-04,-0.32051728981992134
1,2015-09-05,-0.31392114033536106
1,2015-09-06,-0.29973094304814546
1,2015-09-07,-0.28996044730463244
1,2015-09-08,-0.28343352159332896
1,2015-09-09,-0.2661323191355913
1,2015-09-10,-0.24008333195841372
1,2015-09-11,-0.22534007999058567
1,2015-09-12,-0.2299303356783323
1,2015-09-13,-0.2391842669891729
1,2015-09-14,-0.23854961238851097
1,2015-09-15,-0.2314874263869906
1,2015-09-16,-0.22666405203906415
1,2015-09-17,-0.21588103528135666
1,2015-09-18,-0.18307876629888953
1,2015-09-19,-0.13843541625962286
1,2015-09-20,-0.11541099273957994
1,2015-09-21,-0.11843902497875655
1,2015-09-22,-0.10739629096402165
1,2015-09-23,-0.06007780287566145
1,2015-09-24,-0.018580115415731343
1,2015-09-25,-0.03897299199380789
1,2015-09-26,-0.11132019364745042
1,2015-09-27,-0.16383809686157524
1,2015-09-28,-0.14851439907784117
1,2015-09-29,-0.09723355697509242
1,2015-09-30,-0.07742906954927288
1,2015-10-01,-0.10805431992860269
1,2015-10-02,-0.14732832369561202
1,2015-10-03,-0.15920559452827665
1,2015-10-04,-0.15439999816076289
1,2015-10-05,-0.1554409595663279
1,2015-10-06,-0.15884659263672393
1,2015-10-07,-0.15278045043980465
1,2015-10-08,-0.14206243311119326
1,2015-10-09,-0.1319688879010253
1,2015-10-10,-0.11019212546069378
1,2015-10-11,-0.07075494688503456
1,2015-10-12,-0.040718956315329964
1,2015-10-13,-0.052067474457219896
1,2015-10-14,-0.08910367675165183
1,2015-10-15,-0.09566067814669611
1,2015-10-16,-0.04453552978144186
1,2015-10-17,0.02600100189289599
1,2015-10-18,0.05989230469557591
1,2015-10-19,0.04673044663867364
1,2015-10-20,0.017731699345787968
1,2015-10-21,-0.0036561715753455227
1,2015-10-22,-0.016502671427165994
1,2015-10-23,-0.01773767427972538
1,2015-10-24,-9.858983227594223e-4
1,2015-10-25,0.021085305558874015
1,2015-10-26,0.0292349103783571
1,2015-10-27,0.028952718826070874
1,2015-10-28,0.03645233478664587
1,2015-10-29,0.04471179404363314
1,2015-10-30,0.03640690693631557
1,2015-10-31,0.01824778296953633
1,2015-11-01,0.013591086593824244
1,2015-11-02,0.03197405889015604
1,2015-11-03,0.06697258505636729
1,2015-11-04,0.10989001812439778
1,2015-11-05,0.1481516162047873
1,2015-11-06,0.16371779062447067
1,2015-11-07,0.1467543700692826
1,2015-11-08,0.10732564961891498
1,2015-11-09,0.07033568094698708
1,2015-11-10,0.05512725514300413
1,2015-11-11,0.05846991307916061
1,2015-11-12,0.06626489047075519
1,2015-11-13,0.07785981394586544
1,2015-11-14,0.0984305393785008
1,2015-11-15,0.11572328092426781
1,2015-11-16,0.11635125504446286
1,2015-11-17,0.11362244997274451
1,2015-11-18,0.12129710660981263
1,2015-11-19,0.11593863937782538
1,2015-11-20,0.06555650448831109
1,2015-11-21,-0.01707581179189491
1,2015-11-22,-0.07822651446099378
1,2015-11-23,-0.07188813353995255
1,2015-11-24,0.0012366906582768511
1,2015-11-25,0.09059265762569617
1,2015-11-26,0.1345809788666428
1,2015-11-27,0.11086502751937675
1,2015-11-28,0.04787346446116223
1,2015-11-29,-0.007863084955284302
1,2015-11-30,-0.03336978970799708
1,2015-12-01,-0.04132009135763444
1,2015-12-02,-0.04794879418543461
1,2015-12-03,-0.041377743419185854
1,2015-12-04,-0.004016088844190584
1,2015-12-05,0.045676876489248994
1,2015-12-06,0.06446655216608782
1,2015-12-07,0.036839115379356295
1,2015-12-08,-0.00388604250305632
1,2015-12-09,-0.012989368959772145
1,2015-12-10,0.015583479687369258
1,2015-12-11,0.045822026488994076
1,2015-12-12,0.044756549737509574
1,2015-12-13,0.019338047989584543
1,2015-12-14,0.0028077719515305355
1,2015-12-15,0.013138149771141123
1,2015-12-16,0.03594376059339251
1,2015-12-17,0.04749918834440727
1,2015-12-18,0.04194591683263232
1,2015-12-19,0.026960096813334514
1,2015-12-20,0.0035242613653338147
1,2015-12-21,-0.030338060103729025
1,2015-12-22,-0.059653636166084205
1,2015-12-23,-0.06305512551027229
1,2015-12-24,-0.04634361896788688
1,2015-12-25,-0.03689208230769985
1,2015-12-26,-0.042574793545150674
1,2015-12-27,-0.048638162958734965
1,2015-12-28,-0.05363320682435766
1,2015-12-29,-0.07307095947987523
1,2015-12-30,-0.10845160430015865
1,2015-12-31,-0.14008508514970078
1,2016-01-01,-0.1498414634968179
1,2016-01-02,-0.13759178653439838
1,2016-01-03,-0.11782279247504965
1,2016-01-04,-0.10583937163256815
1,2016-01-05,-0.10612854649046921
1,2016-01-06,-0.11054212811477858
1,2016-01-07,-0.1071637277333643
1,2016-01-08,-0.09387910258920842
1,2016-01-09,-0.08153866674317135
1,2016-01-10,-0.07951773606039056
1,2016-01-11,-0.0840641858448001
1,2016-01-12,-0.08942342714842301
1,2016-01-13,-0.10192442475875979
1,2016-01-14,-0.12745745427951602
1,2016-01-15,-0.1511181224538399
1,2016-01-16,-0.14882899491223875
1,2016-01-17,-0.11828946287351627
1,2016-01-18,-0.0823254158052252
1,2016-01-19,-0.062907920811746093
1,2016-01-20,-0.06449480776699655
1,2016-01-21,-0.07587282512048724
1,2016-01-22,-0.07716244149808638
1,2016-01-23,-0.06108246567852066
1,2016-01-24,-0.0539103299797326
1,2016-01-25,-0.08544115453476886
1,2016-01-26,-0.13661891668607
1,2016-01-27,-0.15837828561183534
1,2016-01-28,-0.14033896022981682
1,2016-01-29,-0.11713444347118411
1,2016-01-30,-0.11245963135306823
1,2016-01-31,-0.11624780230811894
1,2016-02-01,-0.11216610174084515
1,2016-02-02,-0.09923882983149566
1,2016-02-03,-0.08633222831563146
1,2016-02-04,-0.07774985582775112
1,2016-02-05,-0.06826935965698577
1,2016-02-06,-0.05571078584185727
1,2016-02-07,-0.05711647210918374
1,2016-02-08,-0.09771599546929534
1,2016-02-09,-0.17151448746331682
1,2016-02-10,-0.22729210195410085
1,2016-02-11,-0.21725092527172551
1,2016-02-12,-0.15153550468055244
1,2016-02-13,-0.08454820198697849
1,2016-02-14,-0.05639911409990636
1,2016-02-15,-0.06182897967768573
1,2016-02-16,-0.06814714059818418
1,2016-02-17,-0.054711246181972595
1,2016-02-18,-0.03626576959235475
1,2016-02-19,-0.044528226783615586
1,2016-02-20,-0.08451150125092727
1,2016-02-21,-0.12421049778363188
1,2016-02-22,-0.14005361344153064
1,2016-02-23,-0.15174512716589267
1,2016-02-24,-0.18727872046991473
1,2016-02-25,-0.23236679338410385
1,2016-02-26,-0.24940188083772868
1,2016-02-27,-0.23658280223417533
1,2016-02-28,-0.22936105512527896
1,2016-02-29,-0.24089188032452719
1,2016-03-01,-0.23359881291870777
1,2016-03-02,-0.16388346784706948
1,2016-03-03,-0.043258249836117695
1,2016-03-04,0.06019257941525238
1,2016-03-05,0.08906200928493242
1,2016-03-06,0.05448317305262472
1,2016-03-07,0.013542270508317808
1,2016-03-08,0.002706736935866307
1,2016-03-09,0.012825132899929365
1,2016-03-10,0.02173190966264981
1,2016-03-11,0.02639386677664562
1,2016-03-12,0.028584537546135276
1,2016-03-13,0.007572887766108445
1,2016-03-14,-0.05523109965610167
1,2016-03-15,-0.12880089560356411
1,2016-03-16,-0.15718565581857227
1,2016-03-17,-0.13226572791287972
1,2016-03-18,-0.09138076162013256
1,2016-03-19,-0.05203306786450551
1,2016-03-20,-0.008341623863486004
1,2016-03-21,0.026599610843359708
1,2016-03-22,0.03945978785005852
1,2016-03-23,0.05603637535888868
1,2016-03-24,0.10737670224872568
1,2016-03-25,0.1791320942122801
1,2016-03-26,0.2283007979866691
1,2016-03-27,0.2268788523614369
1,2016-03-28,0.17632677392269266
1,2016-03-29,0.10720360635144918
1,2016-03-30,0.06932404187856887
1,2016-03-31,0.09163388832049223
1,2016-04-01,0.14542327779570322
1,2016-04-02,0.1749705474493283
1,2016-04-03,0.16885551205497296
1,2016-04-04,0.1693860585396029
1,2016-04-05,0.20628356901486403
1,2016-04-06,0.25662282183904106
1,2016-04-07,0.2811845015564805
1,2016-04-08,0.2710138099349267
1,2016-04-09,0.24623045906238739
1,2016-04-10,0.2308429389459864
1,2016-04-11,0.23922047051862508
1,2016-04-12,0.268589397285045
1,2016-04-13,0.2947703954845257
1,2016-04-14,0.29274093245474475
1,2016-04-15,0.26951649921629256
1,2016-04-16,0.2586945156861207
1,2016-04-17,0.2776653085737285
1,2016-04-18,0.3100633550445169
1,2016-04-19,0.3330326777186873
1,2016-04-20,0.34253631605036794
1,2016-04-21,0.35007931607974313
1,2016-04-22,0.36801544806185843
1,2016-04-23,0.3977958775540484
1,2016-04-24,0.4259098323884752
1,2016-04-25,0.4348372372498644
1,2016-04-26,0.4219993493945965
1,2016-04-27,0.4030599825224955
1,2016-04-28,0.39337411032888164
1,2016-04-29,0.3925535456417787
1,2016-04-30,0.39152457807387414
1,2016-05-01,0.38800640433171324
1,2016-05-02,0.3883479702688207
1,2016-05-03,0.3964360004440642
1,2016-05-04,0.40527073440835076
1,2016-05-05,0.40159772232772056
1,2016-05-06,0.3804420680461445
1,2016-05-07,0.3525996765319325
1,2016-05-08,0.3328988434853353
1,2016-05-09,0.32435007770793206
1,2016-05-10,0.3213470730278505
1,2016-05-11,0.3236198879453715
1,2016-05-12,0.3342257158534677
1,2016-05-13,0.34679053832224876
1,2016-05-14,0.34960995631613134
1,2016-05-15,0.340388560096813
1,2016-05-16,0.32521295650718723
1,2016-05-17,0.3080609451837004
1,2016-05-18,0.2901781741238036
1,2016-05-19,0.27455956347339705
1,2016-05-20,0.2656152655344894
1,2016-05-21,0.26478976970151785
1,2016-05-22,0.2653480309452317
1,2016-05-23,0.25473903989666374
1,2016-05-24,0.2287744726959435
1,2016-05-25,0.19928410589202658
1,2016-05-26,0.1807317028692881
1,2016-05-27,0.17465942270863882
1,2016-05-28,0.17219365628536168
1,2016-05-29,0.16700863850732076
1,2016-05-30,0.1614044944275312
1,2016-05-31,0.15747984862463943
1,2016-06-01,0.14685516135636517
1,2016-06-02,0.12157912687264247
1,2016-06-03,0.0929582605544065
1,2016-06-04,0.08206832150974348
1,2016-06-05,0.09071299454801474
1,2016-06-06,0.09818826812832382
1,2016-06-07,0.08937981752158787
1,2016-06-08,0.07092230243098144
1,2016-06-09,0.055932668785319876
1,2016-06-10,0.04783265149080013
1,2016-06-11,0.04428712862258898
1,2016-06-12,0.04463999256458597
1,2016-06-13,0.04777962221305713
1,2016-06-14,0.04916159777722925
1,2016-06-15,0.04358089298245887
1,2016-06-16,0.02972415594449834
1,2016-06-17,0.012806924858358475
1,2016-06-18,0.0029537051973798877
1,2016-06-19,0.006382973968067052
1,2016-06-20,0.015727160194421323
1,2016-06-21,0.01549118744787603
1,2016-06-22,0.0018126020628535307
1,2016-06-23,-0.011426237064395309
1,2016-06-24,-0.012637965302327522
1,2016-06-25,-0.00869086832191543
1,2016-06-26,-0.012986628563247329
1,2016-06-27,-0.026428912846549586
1,2016-06-28,-0.03795693549996893
1,2016-06-29,-0.03897522291888247
1,2016-06-30,-0.03384332640445971
1,2016-07-01,-0.037730831504835236
1,2016-07-02,-0.061244469214910696
1,2016-07-03,-0.09493251985476563
1,2016-07-04,-0.11599084814563072
1,2016-07-05,-0.11527887265309865
1,2016-07-06,-0.10958577796492057
1,2016-07-07,-0.12015683847598387
1,2016-07-08,-0.14560615260092857
1,2016-07-09,-0.16515834927094486
1,2016-07-10,-0.16801922162430824
1,2016-07-11,-0.16704252753353752
1,2016-07-12,-0.17544117034864334
1,2016-07-13,-0.18635494005715136
1,2016-07-14,-0.18975992147491005
1,2016-07-15,-0.19280905136785
1,2016-07-16,-0.2077667118547277
1,2016-07-17,-0.22726803080156094
1,2016-07-18,-0.2200178545526256
1,2016-07-19,-0.16227142822485607
1,2016-07-20,-0.08341309869850158
1,2016-07-21,-0.052830769418913424
1,2016-07-22,-0.09512098825416157
1,2016-07-23,-0.15533194462926903
1,2016-07-24,-0.17715036394003028
1,2016-07-25,-0.17113088045419605
1,2016-07-26,-0.17966418143801888
1,2016-07-27,-0.21555623826267362
1,2016-07-28,-0.25660208848051486
1,2016-07-29,-0.27648658804075554
1,2016-07-30,-0.27188691671351023
1,2016-07-31,-0.2671557334479841
1,2016-08-01,-0.2861147731480512
1,2016-08-02,-0.3204855366156199
1,2016-08-03,-0.34197553146607174
1,2016-08-04,-0.3397503433715564
1,2016-08-05,-0.3260006205969669
1,2016-08-06,-0.30961310399077807
1,2016-08-07,-0.2880881692090443
1,2016-08-08,-0.267992372652398
1,2016-08-09,-0.2683375634908987
1,2016-08-10,-0.2925154515575935
1,2016-08-11,-0.31814903737520783
1,2016-08-12,-0.3281444222094655
1,2016-08-13,-0.33395454510261113
1,2016-08-14,-0.3536197743958853
1,2016-08-15,-0.3810631244985001
1,2016-08-16,-0.3945510674556693
1,2016-08-17,-0.3886686097323493
1,2016-08-18,-0.3809651068329102
1,2016-08-19,-0.3853510806365056
1,2016-08-20,-0.39204699656575065
1,2016-08-21,-0.3827952314141655
1,2016-08-22,-0.3584810344581219
1,2016-08-23,-0.3387777022805037
1,2016-08-24,-0.3355886540274156
1,2016-08-25,-0.339543509407374
1,2016-08-26,-0.3370102829850528
1,2016-08-27,-0.3300742357107535
1,2016-08-28,-0.33078876558098175
1,2016-08-29,-0.34115319930315047
1,2016-08-30,-0.3484737795309135
1,2016-08-31,-0.34182716290964965
1,2016-09-01,-0.327615186478928
1,2016-09-02,-0.3205768622010208
1,2016-09-03,-0.3204974981441453
1,2016-09-04,-0.31389579547765384
1,2016-09-05,-0.29969000826026065
1,2016-09-06,-0.289899487008726
1,2016-09-07,-0.283357299729677
1,2016-09-08,-0.2660501150734995
1,2016-09-09,-0.24000311216468537
1,2016-09-10,-0.2252694684714188
1,2016-09-11,-0.22987636035846631
1,2016-09-12,-0.23914820881249424
1,2016-09-13,-0.2385251735203204
1,2016-09-14,-0.23146614830261403
1,2016-09-15,-0.2266386390722788
1,2016-09-16,-0.21584500523955918
1,2016-09-17,-0.18302504336300282
1,2016-09-18,-0.1383585935275108
1,2016-09-19,-0.11531277106090512
1,2016-09-20,-0.11832735342920624
1,2016-09-21,-0.10727865212117345
1,2016-09-22,-0.05995625078947686
1,2016-09-23,-0.01845454669083981
1,2016-09-24,-0.03884731574650961
1,2016-09-25,-0.1112031647892744
1,2016-09-26,-0.16373009544805592
1,2016-09-27,-0.14840882211332024
1,2016-09-28,-0.09712679343963264
1,2016-09-29,-0.07732458107999156
1,2016-09-30,-0.10795571118631954
1,2016-10-01,-0.14723051403810355
1,2016-10-02,-0.1590929781184377
1,2016-10-03,-0.15425507693842236
1,2016-10-04,-0.15526159783042304
1,2016-10-05,-0.15864768624715925
1,2016-10-06,-0.15257468272801694
1,2016-10-07,-0.14185208340599612
1,2016-10-08,-0.13175615343602873
1,2016-10-09,-0.10999122276800158
1,2016-10-10,-0.07058912408022183
1,2016-10-11,-0.0406177266676858
1,2016-10-12,-0.05205101618806879
1,2016-10-13,-0.0891558976907367
1,2016-10-14,-0.095715208451899
1,2016-10-15,-0.04451346382256178
1,2016-10-16,0.02613314480814428
1,2016-10-17,0.060106692067455544
1,2016-10-18,0.04696990491510068
1,2016-10-19,0.017946077668756194
1,2016-10-20,-0.0034848952340167413
1,2016-10-21,-0.016365401207102188
1,2016-10-22,-0.017643840617280842
1,2016-10-23,-9.854768286816384e-4
1,2016-10-24,0.020944012313643214
1,2016-10-25,0.0289554445873979
1,2016-10-26,0.028589806231934297
1,2016-10-27,0.0360729007001615
1,2016-10-28,0.04437085492916521
1,2016-10-29,0.03614270968952926
1,2016-10-30,0.018086549258126285
1,2016-10-31,0.013546414941838681
1,2016-11-01,0.032035518827733256
1,2016-11-02,0.06710590807163493
1,2016-11-03,0.11005912785656438
1,2016-11-04,0.14833726505895414
1,2016-11-05,0.16391915257682804
1,2016-11-06,0.14697491432229365
1,2016-11-07,0.10756270477986012
1,2016-11-08,0.07057462583169753
1,2016-11-09,0.05535201885785798
1,2016-11-10,0.058686425851884834
1,2016-11-11,0.06651011941867412
1,2016-11-12,0.07818992593167347
1,2016-11-13,0.09889089717354264
1,2016-11-14,0.11631192721268357
1,2016-11-15,0.11700645190900526
1,2016-11-16,0.11425221903075201
1,2016-11-17,0.121826165269532
1,2016-11-18,0.11634937120265575
1,2016-11-19,0.0658929291366032
1,2016-11-20,-0.016742477869021232
1,2016-11-21,-0.07784972716321573
1,2016-11-22,-0.07146881503731162
1,2016-11-23,0.0016663109978774374
1,2016-11-24,0.09099739829285079
1,2016-11-25,0.1349264256047163
1,2016-11-26,0.11111869932429971
1,2016-11-27,0.048017805686303455
1,2016-11-28,-0.00781691234901955
1,2016-11-29,-0.03338923060215808
1,2016-11-30,-0.041372024796914805
1,2016-12-01,-0.04800602194916374
1,2016-12-02,-0.04141667235675767
1,2016-12-03,-0.004017483316864154
1,2016-12-04,0.04571950382891788
1,2016-12-05,0.06454506268251402
1,2016-12-06,0.036935548662805205
1,2016-12-07,-0.0037860853286472425
1,2016-12-08,-0.012887510346164175
1,2016-12-09,0.01569483261132774
1,2016-12-10,0.04594581099503709
1,2016-12-11,0.04488163645580552
1,2016-12-12,0.01944117308967273
1,2016-12-13,0.002869490846218142
1,2016-12-14,0.013153026484143949
1,2016-12-15,0.03592066673616337
1,2016-12-16,0.04745506513769416
1,2016-12-17,0.04189383049800212
1,2016-12-18,0.026908145233847235
1,2016-12-19,0.0034786501646315612
1,2016-12-20,-0.030366685200634336
1,2016-12-21,-0.059652650952707664
1,2016-12-22,-0.0630223636518976
1,2016-12-23,-0.04628438638253891
1,2016-12-24,-0.03681028769738732
1,2016-12-25,-0.04247727715117209
1,2016-12-26,-0.04853982691374113
1,2016-12-27,-0.053556482676556855
1,2016-12-28,-0.07303513299761777
1,2016-12-29,-0.10845953592544227
1,2016-12-30,-0.14012030740260395
1,2016-12-31,-0.14012193888371444
1,2017-01-01,-0.14988539117899782
1,2017-01-02,-0.13762846480524354
1,2017-01-03,-0.11785063111259479
1,2017-01-04,-0.10586968115073926
1,2017-01-05,-0.10617664479874162
1,2017-01-06,-0.11061702136416628
1,2017-01-07,-0.10726276389119244
1,2017-01-08,-0.09399205748676309
1,2017-01-09,-0.08165438232332908
1,2017-01-10,-0.0796298391386108
1,2017-01-11,-0.084177053878974
1,2017-01-12,-0.0895535846738299
1,2017-01-13,-0.10209034481928886
1,2017-01-14,-0.12766579358004715
1,2017-01-15,-0.15136067098871528
1,2017-01-16,-0.1490930786144117
1,2017-01-17,-0.11857073275817036
1,2017-01-18,-0.0826285794918491
1,2017-01-19,-0.06323608544075922
1,2017-01-20,-0.06485061770052526
1,2017-01-21,-0.07625539266139762
1,2017-01-22,-0.0775566615649656
1,2017-01-23,-0.06146803591582643
1,2017-01-24,-0.05427809551913268
1,2017-01-25,-0.08579910971414681
1,2017-01-26,-0.13698304672594155
1,2017-01-27,-0.15875275506167383
1,2017-01-28,-0.1407140202350285
1,2017-01-29,-0.11749803689978036
1,2017-01-30,-0.1128074707498129
1,2017-01-31,-0.11658622005031982
1,2017-02-01,-0.1125030309237907
1,2017-02-02,-0.09956764034701826
1,2017-02-03,-0.0866307758982109
1,2017-02-04,-0.07800769571796165
1,2017-02-05,-0.06849758023064238
1,2017-02-06,-0.05593480633794246
1,2017-02-07,-0.057359629692494994
1,2017-02-08,-0.0979833712834586
1,2017-02-09,-0.17178987095698914
1,2017-02-10,-0.22755074624516086
1,2017-02-11,-0.21749145063218245
1,2017-02-12,-0.15179544575982007
1,2017-02-13,-0.08488389223024041
1,2017-02-14,-0.0568351245676315
1,2017-02-15,-0.06233900287994304
1,2017-02-16,-0.06869690462198179
1,2017-02-17,-0.0552817152721104
1,2017-02-18,-0.03685667376076554
1,2017-02-19,-0.04512969392430322
1,2017-02-20,-0.08511479754258311
1,2017-02-21,-0.12481558004399305
1,2017-02-22,-0.1406602377519596
1,2017-02-23,-0.1523376222852881
1,2017-02-24,-0.1878268086010474
1,2017-02-25,-0.23285967758064122
1,2017-02-26,-0.24987858830399304
1,2017-02-27,-0.23711462352343604
1,2017-02-28,-0.23000424058578686
1,2017-03-01,-0.2416515249066461
1,2017-03-02,-0.23443095525490465
1,2017-03-03,-0.1647129801405459
1,2017-03-04,-0.04402186664628839
1,2017-03-05,0.059511243857407234
1,2017-03-06,0.08843057514371136
1,2017-03-07,0.053847948177770395
1,2017-03-08,0.01287158512594736
1,2017-03-09,0.0020003793454469315
1,2017-03-10,0.012109826312485467
1,2017-03-11,0.021054886004528258
1,2017-03-12,0.02580321903585799
1,2017-03-13,0.02810831460314111
1,2017-03-14,0.0072086804626735074
1,2017-03-15,-0.0555033653598213
1,2017-03-16,-0.12900930380241926
1,2017-03-17,-0.15737783330106295
1,2017-03-18,-0.13251457358699134
1,2017-03-19,-0.09175268314135002
1,2017-03-20,-0.052557079847297836
1,2017-03-21,-0.009010958532389843
1,2017-03-22,0.025806093235832373
1,2017-03-23,0.038578944183226625
1,2017-03-24,0.055116696395450415
1,2017-03-25,0.10646106241300851
1,2017-03-26,0.17822919783933613
1,2017-03-27,0.2274025497702937
1,2017-03-28,0.22599938208153697
1,2017-03-29,0.1755108642589463
1,2017-03-30,0.1064972556984677
1,2017-03-31,0.06874013650840881
1,2017-04-01,0.09114187665118484
1,2017-04-02,0.14497052949410155
1,2017-04-03,0.17451885641075648
1,2017-04-04,0.1683839472996097
1,2017-04-05,0.16888135839068577
1,2017-04-06,0.2057413630838438
1,2017-04-07,0.25606437960129275
1,2017-04-08,0.2806539117592048
1,2017-04-09,0.27054499612126653
1,2017-04-10,0.245821774133851
1,2017-04-11,0.23045954385235362
1,2017-04-12,0.23882644251109467
1,2017-04-13,0.26817934606701876
1,2017-04-14,0.2943721845166453
1,2017-04-15,0.29239308365162925
1,2017-04-16,0.26923311484032153
1,2017-04-17,0.25845872374762985
1,2017-04-18,0.27744813324775025
1,2017-04-19,0.30984553547805643
1,2017-04-20,0.3328072435093494
1,2017-04-21,0.3423033345118135
1,2017-04-22,0.349840923969444
1,2017-04-23,0.36777259904113563
1,2017-04-24,0.39754568680066066
1,2017-04-25,0.42565212581337947
1,2017-04-26,0.4345793381828857
1,2017-04-27,0.421749077812931
1,2017-04-28,0.4028167199500916
1,2017-04-29,0.393134308403164
1,2017-04-30,0.3923194613011879
1,2017-05-01,0.3913052333559263
1,2017-05-02,0.38781050670734796
1,2017-05-03,0.3881789364686657
1,2017-05-04,0.396292796076701
1,2017-05-05,0.4051527302457905
1,2017-05-06,0.4015054271247823
1,2017-05-07,0.38037715514233456
1,2017-05-08,0.3525641443860558
1,2017-05-09,0.3328928320924282
1,2017-05-10,0.324368661087647
1,2017-05-11,0.3213782737368383
1,2017-05-12,0.3236492441153148
1,2017-05-13,0.3342440218388179
1,2017-05-14,0.3467966666973956
1,2017-05-15,0.3496089262130574
1,2017-05-16,0.3403869297631339
1,2017-05-17,0.32521680157827376
1,2017-05-18,0.3080770599824263
1,2017-05-19,0.29021187333164283
1,2017-05-20,0.27461143161340795
1,2017-05-21,0.2656835492809655
1,2017-05-22,0.26487521911915846
1,2017-05-23,0.26545879292416813
1,2017-05-24,0.25488969687777147
1,2017-05-25,0.22897584806207702
1,2017-05-26,0.1995320605732872
1,2017-05-27,0.18100692437051855
1,2017-05-28,0.17493848012616373
1,2017-05-29,0.17246123771299868
1,2017-05-30,0.1672594952470237
1,2017-05-31,0.1616360381617659
1,2017-06-01,0.15768747669764582
1,2017-06-02,0.1470321383067459
1,2017-06-03,0.12172101985780298
1,2017-06-04,0.09307116192197261
1,2017-06-05,0.08216998400318143
1,2017-06-06,0.09082205209436162
1,2017-06-07,0.09831081437633848
1,2017-06-08,0.08950436925302965
1,2017-06-09,0.07103271591699561
1,2017-06-10,0.056019456553575
1,2017-06-11,0.047894016359984894
1,2017-06-12,0.04432696413442209
1,2017-06-13,0.044665176250225494
1,2017-06-14,0.047797542542853504
1,2017-06-15,0.04917675389261024
1,2017-06-16,0.04359442947639193
1,2017-06-17,0.02973701509880752
1,2017-06-18,0.012821531125060133
1,2017-06-19,0.0029724255710027406
1,2017-06-20,0.006406537701458153
1,2017-06-21,0.015755232844631806
1,2017-06-22,0.015523321514711542
1,2017-06-23,0.0018494397323721246
1,2017-06-24,-0.01138137672745771
1,2017-06-25,-0.012579106396503547
1,2017-06-26,-0.008612324254316473
1,2017-06-27,-0.012887137167270189
1,2017-06-28,-0.026314099330993605
1,2017-06-29,-0.03783669086644666
1,2017-06-30,-0.038859187487808776
1,2017-07-01,-0.033738285220762054
1,2017-07-02,-0.03764045592303316
1,2017-07-03,-0.06116943766633124
1,2017-07-04,-0.09486966481575339
1,2017-07-05,-0.11593622669429762
1,2017-07-06,-0.11523150689236064
1,2017-07-07,-0.10954640814173768
1,2017-07-08,-0.12012412179796182
1,2017-07-09,-0.1455740263889963
1,2017-07-10,-0.16511745707103823
1,2017-07-11,-0.16796323218579348
1,2017-07-12,-0.16697129586330645
1,2017-07-13,-0.17535917077292126
1,2017-07-14,-0.18627017822113037
1,2017-07-15,-0.18967683000742144
1,2017-07-16,-0.19273158487225156
1,2017-07-17,-0.2077041789731047
1,2017-07-18,-0.2272387993524782
1,2017-07-19,-0.22004309814781914
1,2017-07-20,-0.1623584587017573
1,2017-07-21,-0.08354219002653315
1,2017-07-22,-0.05296625807389162
1,2017-07-23,-0.09523755880010902
1,2017-07-24,-0.15543305014049094
1,2017-07-25,-0.17725920999498543
1,2017-07-26,-0.17124454661024469
1,2017-07-27,-0.17973870701453845
1,2017-07-28,-0.21553727092013295
1,2017-07-29,-0.2564743288363594
1,2017-07-30,-0.2762877713975107
1,2017-07-31,-0.2716704186294069
1,2017-08-01,-0.2669573723244555
1,2017-08-02,-0.285952086733095
1,2017-08-03,-0.32037184216688386
1,2017-08-04,-0.3419135256203381
1,2017-08-05,-0.33973456647189454
1,2017-08-06,-0.32601798284889433
1,2017-08-07,-0.3096544425148758
1,2017-08-08,-0.28815052327313456
1,2017-08-09,-0.26807504261207826
1,2017-08-10,-0.2684395810703287
1,2017-08-11,-0.29263374973665307
1,2017-08-12,-0.31827552424298255
1,2017-08-13,-0.3282648689558186
1,2017-08-14,-0.33405337223951104
1,2017-08-15,-0.3536878757462807
1,2017-08-16,-0.38110207328275636
1,2017-08-17,-0.39456805593323313
1,2017-08-18,-0.38866901460035047
1,2017-08-19,-0.38094715849067484
1,2017-08-20,-0.3853123649704624
1,2017-08-21,-0.39199075842828
1,2017-08-22,-0.38273188752804815
1,2017-08-23,-0.35842332458382214
1,2017-08-24,-0.33873391122017604
1,2017-08-25,-0.33556049251152686
1,2017-08-26,-0.33952918488358375
1,2017-08-27,-0.3370059100397282
1,2017-08-28,-0.33007358014304977
1,2017-08-29,-0.33078803220896175
1,2017-08-30,-0.3411534504108321
1,2017-08-31,-0.34847996130844194
1,2017-09-01,-0.3418443833668664
1,2017-09-02,-0.32764532521449485
1,2017-09-03,-0.3206149327210125
1,2017-09-04,-0.3205399143882688
1,2017-09-05,-0.31394621075517765
1,2017-09-06,-0.2997588483032903
1,2017-09-07,-0.28999089293897673
1,2017-09-08,-0.2834624552054668
1,2017-09-09,-0.2661568944080922
1,2017-09-10,-0.24010638027687306
1,2017-09-11,-0.2253655614131072
1,2017-09-12,-0.22995866169957357
1,2017-09-13,-0.23921381774528155
1,2017-09-14,-0.2385821843133645
1,2017-09-15,-0.23152668135117976
1,2017-09-16,-0.22671434814358513
1,2017-09-17,-0.21594510613299434
1,2017-09-18,-0.18315340935067348
1,2017-09-19,-0.1385108088880061
1,2017-09-20,-0.11547659989558072
1,2017-09-21,-0.11848849674130356
1,2017-09-22,-0.10743298682249643
1,2017-09-23,-0.06011773659115501
1,2017-09-24,-0.018638370308629703
1,2017-09-25,-0.039048102616196824
1,2017-09-26,-0.11139366388575063
1,2017-09-27,-0.16388451992527708
1,2017-09-28,-0.14852167459778587
1,2017-09-29,-0.09720742363557869
1,2017-09-30,-0.0773917558920166
1,2017-10-01,-0.10802982048817725
1,2017-10-02,-0.14733008516258211
1,2017-10-03,-0.1592372503842708
1,2017-10-04,-0.1544577309981583
1,2017-10-05,-0.15551689649298114
1,2017-10-06,-0.15893223136325166
1,2017-10-07,-0.15287096155198093
1,2017-10-08,-0.14215923827510976
1,2017-10-09,-0.1320753715874632
1,2017-10-10,-0.1103092059847478
1,2017-10-11,-0.07088112042050243
1,2017-10-12,-0.040864736153383575
1,2017-10-13,-0.05225689504632279
1,2017-10-14,-0.08934955305978633
1,2017-10-15,-0.09593720867615424
1,2017-10-16,-0.04478727247999069
1,2017-10-17,0.025805966162969873
1,2017-10-18,0.059729379637342046
1,2017-10-19,0.0465502157729332
1,2017-10-20,0.017509614990155596
1,2017-10-21,-0.003912199008281189
1,2017-10-22,-0.016782764185655368
1,2017-10-23,-0.018051239681437493
1,2017-10-24,-0.0013619484130618544
1,2017-10-25,0.020633715041188005
1,2017-10-26,0.028731604452250155
1,2017-10-27,0.028447912972733944
1,2017-10-28,0.03599188087570822
1,2017-10-29,0.04431600409725861
1,2017-10-30,0.03607730510745675
1,2017-10-31,0.017982515547229995
1,2017-11-01,0.013385348429661052
1,2017-11-02,0.03180986804689847
1,2017-11-03,0.06682821921701232
1,2017-11-04,0.10976394667664394
1,2017-11-05,0.14806158867865926
1,2017-11-06,0.16368123136538068
1,2017-11-07,0.1467712180409764
1,2017-11-08,0.10737855708494869
1,2017-11-09,0.07039602386776259
1,2017-11-10,0.05516293883590539
1,2017-11-11,0.058448174473775184
1,2017-11-12,0.0661562262388144
1,2017-11-13,0.07764907203096426
1,2017-11-14,0.09812740324857813
1,2017-11-15,0.11535962643506013
1,2017-11-16,0.11597269175448363
1,2017-11-17,0.11327576906677199
1,2017-11-18,0.12100099208800963
1,2017-11-19,0.11566794932890669
1,2017-11-20,0.06525642414113159
1,2017-11-21,-0.01746016708389483
1,2017-11-22,-0.07871878173595992
1,2017-11-23,-0.07246481348149109
1,2017-11-24,6.428269572333963e-4
1,2017-11-25,0.09006675091736065
1,2017-11-26,0.1341738215385714
1,2017-11-27,0.11057618304144895
1,2017-11-28,0.04766961223334642
1,2017-11-29,-0.008018500303126484
1,2017-11-30,-0.03350348455794471
1,2017-12-01,-0.041454218180246416
1,2017-12-02,-0.04809941806286513
1,2017-12-03,-0.04154137497193494
1,2017-12-04,-0.00417680156141011
1,2017-12-05,0.045518699346087335
1,2017-12-06,0.06428677866445147
1,2017-12-07,0.036617350361142144
1,2017-12-08,-0.00413248199976028
1,2017-12-09,-0.01321020295053967
1,2017-12-10,0.015427591262314494
1,2017-12-11,0.04573914025182948
1,2017-12-12,0.04472841846915169
1,2017-12-13,0.019334874886885196
1,2017-12-14,0.002800688408332771
1,2017-12-15,0.013111635163728244
1,2017-12-16,0.03589734556678481
1,2017-12-17,0.04744099773255171
1,2017-12-18,0.04187902214509205
1,2017-12-19,0.026869803004164597
1,2017-12-20,0.003371539077790111
1,2017-12-21,-0.030602093671661914
1,2017-12-22,-0.060057533234030784
1,2017-12-23,-0.06357975490559414
1,2017-12-24,-0.0469204390946593
1,2017-12-25,-0.03743328308412746
1,2017-12-26,-0.04301743250233408
1,2017-12-27,-0.04896673717776569
1,2017-12-28,-0.053877012857894035
1,2017-12-29,-0.07327826161436272
1,2017-12-30,-0.10865509782435803
1,2017-12-31,-0.14028324468093903
1,2018-01-01,-0.15000992509783712
1,2018-01-02,-0.13770934571084675
1,2018-01-03,-0.1178884535675009
1,2018-01-04,-0.10587025538789842
1,2018-01-05,-0.1061445345208889
1,2018-01-06,-0.11055433514020019
1,2018-01-07,-0.10717294712329227
1,2018-01-08,-0.09388057439676567
1,2018-01-09,-0.08152706340407588
1,2018-01-10,-0.07949599434803561
1,2018-01-11,-0.08405231667430828
1,2018-01-12,-0.08946113954175672
1,2018-01-13,-0.1020573019932853
1,2018-01-14,-0.12770802970138026
1,2018-01-15,-0.15147008064350623
1,2018-01-16,-0.1492404777025915
1,2018-01-17,-0.11873574751212491
1,2018-01-18,-0.08282119875386493
1,2018-01-19,-0.06348207044172523
1,2018-01-20,-0.06514939305510441
1,2018-01-21,-0.07657713728337305
1,2018-01-22,-0.07787647926262183
1,2018-01-23,-0.06178060799567827
1,2018-01-24,-0.0545908643822315
1,2018-01-25,-0.08611208845187518
1,2018-01-26,-0.13727886011511564
1,2018-01-27,-0.15901901449835593
1,2018-01-28,-0.1409582150081612
1,2018-01-29,-0.11773996708266928
1,2018-01-30,-0.11306196444800007
1,2018-01-31,-0.11685349321594651
1,2018-02-01,-0.11276258845163543
1,2018-02-02,-0.09979105529893637
1,2018-02-03,-0.08680079397233505
1,2018-02-04,-0.07813176450656253
1,2018-02-05,-0.06860959317334822
1,2018-02-06,-0.05607512635121631
1,2018-02-07,-0.05755375526136692
1,2018-02-08,-0.09822789355348985
1,2018-02-09,-0.17205769259541312
1,2018-02-10,-0.227816455798506
1,2018-02-11,-0.21775717360096417
1,2018-02-12,-0.15209030381126182
1,2018-02-13,-0.08522293044177391
1,2018-02-14,-0.05719627964781513
1,2018-02-15,-0.06268458738304934
1,2018-02-16,-0.06900398730666842
1,2018-02-17,-0.05554965623447492
1,2018-02-18,-0.037088515127013354
1,2018-02-19,-0.0453197103837961
1,2018-02-20,-0.08523748720523938
1,2018-02-21,-0.12485512739726823
1,2018-02-22,-0.14063135366013643
1,2018-02-23,-0.15227963047507104
1,2018-02-24,-0.1877815878914492
1,2018-02-25,-0.2328424682135559
1,2018-02-26,-0.2498768854604827
1,2018-02-27,-0.23710681945147533
1,2018-02-28,-0.2299807410061803
1,2018-03-01,-0.2416137676736028
1,2018-03-02,-0.23438344481013926
1,2018-03-03,-0.16465062546139694
1,2018-03-04,-0.04393474580943699
1,2018-03-05,0.05962855790611005
1,2018-03-06,0.08858241030489238
1,2018-03-07,0.05403593936732879
1,2018-03-08,0.013088835987256804
1,2018-03-09,0.0022310123678912722
1,2018-03-10,0.012336667125624918
1,2018-03-11,0.021261173571601455
1,2018-03-12,0.02598151764668498
1,2018-03-13,0.028260826778258197
1,2018-03-14,0.007334911581029673
1,2018-03-15,-0.0554137881107014
1,2018-03-16,-0.12896029065633952
1,2018-03-17,-0.1573464913281913
1,2018-03-18,-0.13245725666399233
1,2018-03-19,-0.09163540189119451
1,2018-03-20,-0.052367789333644894
1,2018-03-21,-0.0087450095354512
1,2018-03-22,0.026145741607301987
1,2018-03-23,0.03897278548081494
1,2018-03-24,0.05553553939459749
1,2018-03-25,0.10688448313933958
1,2018-03-26,0.1786593501740042
1,2018-03-27,0.22784958122715454
1,2018-03-28,0.2264524904145402
1,2018-03-29,0.17593038942765743
1,2018-03-30,0.10683675020493208
1,2018-03-31,0.06898004032874834
1,2018-04-01,0.09129705793264717
1,2018-04-02,0.14508071005636175
1,2018-04-03,0.17463006451974966
1,2018-04-04,0.16853764459488474
1,2018-04-05,0.16910539701714253
1,2018-04-06,0.20604111705437883
1,2018-04-07,0.25641535791507786
1,2018-04-08,0.2810124119338756
1,2018-04-09,0.2708730172990044
1,2018-04-10,0.2461074204140642
1,2018-04-11,0.23071093712424257
1,2018-04-12,0.23904857526916623
1,2018-04-13,0.26836000656316517
1,2018-04-14,0.2944961557048709
1,2018-04-15,0.29245658734466246
1,2018-04-16,0.2692515629161751
1,2018-04-17,0.2584614725163832
1,2018-04-18,0.2774649366194084
1,2018-04-19,0.3098896372447274
1,2018-04-20,0.33287248933779134
1,2018-04-21,0.3423721059493558
1,2018-04-22,0.3499003033134174
1,2018-04-23,0.36782179044105645
1,2018-04-24,0.3975944849814394
1,2018-04-25,0.4257098140010076
1,2018-04-26,0.43464655410751224
1,2018-04-27,0.4218266571793256
1,2018-04-28,0.4029170128505979
1,2018-04-29,0.3932704527123953
1,2018-04-30,0.39248919138394306
1,2018-05-01,0.39148922761134103
1,2018-05-02,0.3879871594556107
1,2018-05-03,0.38833723024416855
1,2018-05-04,0.3964324371005082
1,2018-05-05,0.4052742316163474
1,2018-05-06,0.4016049268108647
1,2018-05-07,0.38044798201012625
1,2018-05-08,0.35260263212364035
1,2018-05-09,0.33290244366569566
1,2018-05-10,0.32436120842219895
1,2018-05-11,0.32137397229910525
1,2018-05-12,0.3236714675631087
1,2018-05-13,0.3343092601377139
1,2018-05-14,0.34690444174937657
1,2018-05-15,0.3497407147919936
1,2018-05-16,0.3405163276492757
1,2018-05-17,0.3253208570961665
1,2018-05-18,0.3081411240120074
1,2018-05-19,0.290233042800343
1,2018-05-20,0.2746005016389989
1,2018-05-21,0.2656600240577816
1,2018-05-22,0.26485661211531225
1,2018-05-23,0.2654489379089071
1,2018-05-24,0.25487692844701954
1,2018-05-25,0.22894787377248965
1,2018-05-26,0.19949241262187709
1,2018-05-27,0.18097476278822955
1,2018-05-28,0.17493385817130647
1,2018-05-29,0.17249285011960802
1,2018-05-30,0.16732370174019995
1,2018-05-31,0.16172440808203614
1,2018-06-01,0.15778831120857253
1,2018-06-02,0.14713096454950392
1,2018-06-03,0.12180758323306824
1,2018-06-04,0.09314663227446104
1,2018-06-05,0.08224462784724988
1,2018-06-06,0.09090184889675124
1,2018-06-07,0.09838920442567615
1,2018-06-08,0.0895685317016729
1,2018-06-09,0.0710739911778223
1,2018-06-10,0.05603800083190665
1,2018-06-11,0.04789615253375578
1,2018-06-12,0.04432011152062248
1,2018-06-13,0.04465467991116406
1,2018-06-14,0.047786130062211565
1,2018-06-15,0.049165607437710146
1,2018-06-16,0.04358457737962261
1,2018-06-17,0.029729692243428873
1,2018-06-18,0.012818592700113254
1,2018-06-19,0.0029763409051155078
1,2018-06-20,0.00641940969046728
1,2018-06-21,0.01577702454006704
1,2018-06-22,0.015551406440358214
1,2018-06-23,0.0018800328796156316
1,2018-06-24,-0.0113509357445689
1,2018-06-25,-0.012550433446927958
1,2018-06-26,-0.008587901054094519
1,2018-06-27,-0.012870653440360934
1,2018-06-28,-0.026308089056732636
1,2018-06-29,-0.03784099850885069
1,2018-06-30,-0.038872004993531446
1,2018-07-01,-0.03375477651686238
1,2018-07-02,-0.037653182192537174
1,2018-07-03,-0.0611706308646872
1,2018-07-04,-0.0948580730808454
1,2018-07-05,-0.11592079872450778
1,2018-07-06,-0.1152244213618027
1,2018-07-07,-0.10955091330060912
1,2018-07-08,-0.12013197543629767
1,2018-07-09,-0.14557411620924204
1,2018-07-10,-0.16510694111546165
1,2018-07-11,-0.1679516292369439
1,2018-07-12,-0.1669726103429806
1,2018-07-13,-0.17538152997186848
1,2018-07-14,-0.18631045918602845
1,2018-07-15,-0.18972862580230251
1,2018-07-16,-0.19278594394602924
1,2018-07-17,-0.20775280862625856
1,2018-07-18,-0.22727399711178284
1,2018-07-19,-0.22006055516619222
1,2018-07-20,-0.16236823160803454
1,2018-07-21,-0.08357126941426889
1,2018-07-22,-0.05304006849454812
1,2018-07-23,-0.09535936027132862
1,2018-07-24,-0.15557153111631886
1,2018-07-25,-0.17736238273991858
1,2018-07-26,-0.17128759735120122
1,2018-07-27,-0.17974406778724936
1,2018-07-28,-0.21555014731753389
1,2018-07-29,-0.2565215680111828
1,2018-07-30,-0.276369534234525
1,2018-07-31,-0.2717769654305856
1,2018-08-01,-0.26708013642622724
1,2018-08-02,-0.2860870073483862
1,2018-08-03,-0.3205100561971992
1,2018-08-04,-0.34204188275617864
1,2018-08-05,-0.33984194624089487
1,2018-08-06,-0.32610478061583
1,2018-08-07,-0.30972091447925054
1,2018-08-08,-0.2881927354428987
1,2018-08-09,-0.26808886179545943
1,2018-08-10,-0.26842570166248414
1,2018-08-11,-0.29259838463831067
1,2018-08-12,-0.3182287157036215
1,2018-08-13,-0.3282202351774475
1,2018-08-14,-0.33402470365037057
1,2018-08-15,-0.35368290901816
1,2018-08-16,-0.3811170686245468
1,2018-08-17,-0.39459272870609524
1,2018-08-18,-0.3886951215142504
1,2018-08-19,-0.3809753429066021
1,2018-08-20,-0.38534912367669805
1,2018-08-21,-0.39203974171027417
1,2018-08-22,-0.3827874984559107
1,2018-08-23,-0.35847457256825416
1,2018-08-24,-0.3387715191471482
1,2018-08-25,-0.335579685856998
1,2018-08-26,-0.3395289375081741
1,2018-08-27,-0.33698795094904443
1,2018-08-28,-0.3300426488915723
1,2018-08-29,-0.3307471735532566
1,2018-08-30,-0.3411026564496379
1,2018-08-31,-0.3484199258846115
1,2018-09-01,-0.3417808176660991
1,2018-09-02,-0.32758938547906014
1,2018-09-03,-0.32057789645342055
1,2018-09-04,-0.3205245675820335
1,2018-09-05,-0.3139494559315493
1,2018-09-06,-0.29977347760414297
1,2018-09-07,-0.2900089391458133
1,2018-09-08,-0.28348027665819514
1,2018-09-09,-0.2661709144410876
1,2018-09-10,-0.24011113678530144
1,2018-09-11,-0.22535805187143704
1,2018-09-12,-0.22994157069477636
1,2018-09-13,-0.239193216122714
1,2018-09-14,-0.238566396761395
1,2018-09-15,-0.23152555777829878
1,2018-09-16,-0.22673486502070034
1,2018-09-17,-0.21598682184247212
1,2018-09-18,-0.1832066528401621
1,2018-09-19,-0.13856079156340356
1,2018-09-20,-0.1155136288655151
1,2018-09-21,-0.11851362787093098
1,2018-09-22,-0.10744881821215158
1,2018-09-23,-0.06012208765659286
1,2018-09-24,-0.018632653947291578
1,2018-09-25,-0.03904310953842562
1,2018-09-26,-0.11140053023764569
1,2018-09-27,-0.16390695578248285
1,2018-09-28,-0.14855848998531765
1,2018-09-29,-0.09726019419877041
1,2018-09-30,-0.07745991987161227
1,2018-10-01,-0.1081045645562649
1,2018-10-02,-0.14739776866046383
1,2018-10-03,-0.15928757205667754
1,2018-10-04,-0.15448943011713168
1,2018-10-05,-0.15553843119700814
1,2018-10-06,-0.15895344855714588
1,2018-10-07,-0.15289149238835942
1,2018-10-08,-0.14216893483690302
1,2018-10-09,-0.1320577395718669
1,2018-10-10,-0.11025810530547313
1,2018-10-11,-0.0708074866864563
1,2018-10-12,-0.040795489503824736
1,2018-10-13,-0.052216902388528795
1,2018-10-14,-0.08934131016997601
1,2018-10-15,-0.0959400865879045
1,2018-10-16,-0.04478630064150345
1,2018-10-17,0.025803843894602097
1,2018-10-18,0.05970873464991057
1,2018-10-19,0.04650760250075038
1,2018-10-20,0.01745585651514586
1,2018-10-21,-0.0039593622922230185
1,2018-10-22,-0.01680219667167376
1,2018-10-23,-0.018018820391028346
1,2018-10-24,-0.0012443957756381383
1,2018-10-25,0.020861050254336887
1,2018-10-26,0.029055789611069242
1,2018-10-27,0.028818446786717754
1,2018-10-28,0.036352154833278735
1,2018-10-29,0.044630802295263616
1,2018-10-30,0.03633277418940964
1,2018-10-31,0.018168331481314474
1,2018-11-01,0.013489452660158984
1,2018-11-02,0.03183702713119668
1,2018-11-03,0.06680098563319581
1,2018-11-04,0.10969736097628086
1,2018-11-05,0.14795136623372926
1,2018-11-06,0.16352163431037983
1,2018-11-07,0.1465736032030576
1,2018-11-08,0.10716778990145713
1,2018-11-09,0.07019701201164401
1,2018-11-10,0.054993362868756675
1,2018-11-11,0.05831642490600042
1,2018-11-12,0.06606339702765453
1,2018-11-13,0.0775941817539082
1,2018-11-14,0.09811132432140945
1,2018-11-15,0.11538446576041321
1,2018-11-16,0.11603895006917087
1,2018-11-17,0.1133739073442461
1,2018-11-18,0.1211261103416509
1,2018-11-19,0.11583234781534493
1,2018-11-20,0.06549253158868072
1,2018-11-21,-0.017121594730560616
1,2018-11-22,-0.07827852215128435
1,2018-11-23,-0.07196971221714119
1,2018-11-24,0.0011177889833736577
1,2018-11-25,0.09045232027065486
1,2018-11-26,0.13443589809675444
1,2018-11-27,0.11073307311262967
1,2018-11-28,0.047762750452377725
1,2018-11-29,-0.007948996209540303
1,2018-11-30,-0.033430270603440275
1,2018-12-01,-0.041357264632398874
1,2018-12-02,-0.047968176555820745
1,2018-12-03,-0.04138584469136019
1,2018-12-04,-0.004021757801092216
1,2018-12-05,0.045660998092262775
1,2018-12-06,0.06442973622768462
1,2018-12-07,0.03677530938534064
1,2018-12-08,-0.003977406981817968
1,2018-12-09,-0.013101335260854802
1,2018-12-10,0.01545937694282606
1,2018-12-11,0.04569392568731145
1,2018-12-12,0.044626052989586384
1,2018-12-13,0.019205129262804405
1,2018-12-14,0.002674314045010796
1,2018-12-15,0.013009225070540753
1,2018-12-16,0.03582191785914112
1,2018-12-17,0.04738579260574341
1,2018-12-18,0.04184007664944527
1,2018-12-19,0.02685941551414428
1,2018-12-20,0.00342524001450986
1,2018-12-21,-0.030435708616373253
1,2018-12-22,-0.0597448091733718
1,2018-12-23,-0.06313502598755122
1,2018-12-24,-0.04640911079586242
1,2018-12-25,-0.03693940828160879
1,2018-12-26,-0.04260558867152034
1,2018-12-27,-0.04866109874662811
1,2018-12-28,-0.05366181963020099
1,2018-12-29,-0.07311798721760937
1,2018-12-30,-0.1085178023010219
1,2018-12-31,-0.14015822662030344
1,2019-01-01,-0.14990623946613318
1,2019-01-02,-0.13763722120391217
1,2019-01-03,-0.11784735803404697
1,2019-01-04,-0.10584914517005777
1,2019-01-05,-0.1061285401415421
1,2019-01-06,-0.11053230607463467
1,2019-01-07,-0.10714071949469399
1,2019-01-08,-0.0938402336890615
1,2019-01-09,-0.08148567907848368
1,2019-01-10,-0.07945880372681109
1,2019-01-11,-0.08401635678690064
1,2019-01-12,-0.08941147922573735
1,2019-01-13,-0.10197289030589358
1,2019-01-14,-0.12757561600214562
1,2019-01-15,-0.15129632524489275
1,2019-01-16,-0.14904987630623734
1,2019-01-17,-0.11854898837615584
1,2019-01-18,-0.08263198979019384
1,2019-01-19,-0.06326819348865019
1,2019-01-20,-0.06490514605888013
1,2019-01-21,-0.07632159652534332
1,2019-01-22,-0.07763429718793417
1,2019-01-23,-0.06156426575893599
1,2019-01-24,-0.05439251204677467
1,2019-01-25,-0.08591819336287959
1,2019-01-26,-0.13708274959804742
1,2019-01-27,-0.1588151815450034
1,2019-01-28,-0.14073731672702547
1,2019-01-29,-0.11749303414236749
1,2019-01-30,-0.112787180155518
1,2019-01-31,-0.11656074794443512
1,2019-02-01,-0.11247920852075126
1,2019-02-02,-0.099557280548706
1,2019-02-03,-0.08665000044538171
1,2019-02-04,-0.07806348219851231
1,2019-02-05,-0.06859216650564762
1,2019-02-06,-0.05607067985403667
1,2019-02-07,-0.057537661345783656
1,2019-02-08,-0.09819652136178424
1,2019-02-09,-0.1720223168681142
1,2019-02-10,-0.22779039452846353
1,2019-02-11,-0.21773113310400816
1,2019-02-12,-0.15202921816109868
1,2019-02-13,-0.08509648754969854
1,2019-02-14,-0.05701589333884542
1,2019-02-15,-0.06249705697171496
1,2019-02-16,-0.06885003938209672
1,2019-02-17,-0.05544131034469817
1,2019-02-18,-0.03701184098245647
1,2019-02-19,-0.04526696147517469
1,2019-02-20,-0.08522135638176469
1,2019-02-21,-0.12488127538367266
1,2019-02-22,-0.14068616770210102
1,2019-02-23,-0.15233800623124
1,2019-02-24,-0.18782428128117973
1,2019-02-25,-0.23286165815791943
1,2019-02-26,-0.24987359116086383
1,2019-02-27,-0.23708279774259108
1,2019-02-28,-0.22993324848750826
1,2019-03-01,-0.24154028565299238
1,2019-03-02,-0.2342864957532367
1,2019-03-03,-0.16455272333459275
1,2019-03-04,-0.04385956263040257
1,2019-03-05,0.05966644335020628
1,2019-03-06,0.08858195990856954
1,2019-03-07,0.05400198567195675
1,2019-03-08,0.01302819634158443
1,2019-03-09,0.0021535761408237298
1,2019-03-10,0.01225445797550261
1,2019-03-11,0.02118376173354463
1,2019-03-12,0.025908254204683782
1,2019-03-13,0.028183030631822932
1,2019-03-14,0.0072530869352532956
1,2019-03-15,-0.05548988803051289
1,2019-03-16,-0.12902950279302816
1,2019-03-17,-0.15742487333809585
1,2019-03-18,-0.13256304916557146
1,2019-03-19,-0.09177256208388516
1,2019-03-20,-0.052525917213561625
1,2019-03-21,-0.008907718693567773
1,2019-03-22,0.025997608882230527
1,2019-03-23,0.03886083758147584
1,2019-03-24,0.05546865485394122
1,2019-03-25,0.10686200736400894
1,2019-03-26,0.17867550366999985
1,2019-03-27,0.22790080374663363
1,2019-03-28,0.22653865749493216
1,2019-03-29,0.17605299993253518
1,2019-03-30,0.10699156357754189
1,2019-03-31,0.06915152537215763
1,2019-04-01,0.09147417974255034
1,2019-04-02,0.14525723449737304
1,2019-04-03,0.17479131370096934
1,2019-04-04,0.16865833389896318
1,2019-04-05,0.16916490941373633
1,2019-04-06,0.2060403685592126
1,2019-04-07,0.2563787283513084
1,2019-04-08,0.2809680704583116
1,2019-04-09,0.27083294080014747
1,2019-04-10,0.24605626716121623
1,2019-04-11,0.23062336678669312
1,2019-04-12,0.23891763141323288
1,2019-04-13,0.26820722201582425
1,2019-04-14,0.29434989896923575
1,2019-04-15,0.2923406508281364
1,2019-04-16,0.2691734027498751
1,2019-04-17,0.2584119954443043
1,2019-04-18,0.27743003098748903
1,2019-04-19,0.309859966642837
1,2019-04-20,0.3328435715405933
1,2019-04-21,0.3423431486170877
1,2019-04-22,0.3498733302646744
1,2019-04-23,0.3678021742649745
1,2019-04-24,0.3975870516756728
1,2019-04-25,0.42571399559076906
1,2019-04-26,0.43465837292661885
1,2019-04-27,0.42184028736656165
1,2019-04-28,0.4029241542926476
1,2019-04-29,0.39326468834170214
1,2019-04-30,0.3924694007452506
1,2019-05-01,0.391458967928031
1,2019-05-02,0.3879514560382018
1,2019-05-03,0.38829968284887006
1,2019-05-04,0.3963941345470797
1,2019-05-05,0.4052353937749431
1,2019-05-06,0.4015673814347086
1,2019-05-07,0.3804162171362582
1,2019-05-08,0.3525803506033719
1,2019-05-09,0.33288959405958085
1,2019-05-10,0.32435445892225095
1,2019-05-11,0.3213688818807728
1,2019-05-12,0.3236638293089842
1,2019-05-13,0.33429526344680993
1,2019-05-14,0.346882023093371
1,2019-05-15,0.3497109672148688
1,2019-05-16,0.3404830731811224
1,2019-05-17,0.32528968903160976
1,2019-05-18,0.3081195328077629
1,2019-05-19,0.29022830359739166
1,2019-05-20,0.274615455753913
1,2019-05-21,0.2656912144077257
1,2019-05-22,0.2648983530882846
1,2019-05-23,0.2655014740297231
1,2019-05-24,0.2549516899814046
1,2019-05-25,0.22905866021173982
1,2019-05-26,0.19963823177382994
1,2019-05-27,0.18113452331388863
1,2019-05-28,0.1750818702261515
1,2019-05-29,0.1726147201633052
1,2019-05-30,0.16741867093356838
1,2019-05-31,0.16179511610594832
1,2019-06-01,0.1578351941228603
1,2019-06-02,0.14715624365918564
1,2019-06-03,0.12181740227441225
1,2019-06-04,0.09314801550810993
1,2019-06-05,0.08224088151351125
1,2019-06-06,0.09089391148986867
1,2019-06-07,0.09837895735525799
1,2019-06-08,0.08955875003999625
1,2019-06-09,0.07106602460146189
1,2019-06-10,0.05603218544213727
1,2019-06-11,0.047892445282519895
1,2019-06-12,0.04431780267681273
1,2019-06-13,0.044652733202230496
1,2019-06-14,0.04778393882173601
1,2019-06-15,0.049163448379550376
1,2019-06-16,0.04358302575667123
1,2019-06-17,0.029729906745029244
1,2019-06-18,0.012821889781080073
1,2019-06-19,0.0029827895714533816
1,2019-06-20,0.006427366578741702
1,2019-06-21,0.015785306614532136
1,2019-06-22,0.01556042502375206
1,2019-06-23,0.0018897413449196529
1,2019-06-24,-0.011343335501676958
1,2019-06-25,-0.012548511823437237
1,2019-06-26,-0.008592859770832996
1,2019-06-27,-0.012880976149601158
1,2019-06-28,-0.02632146816443847
1,2019-06-29,-0.03785608060814535
1,2019-06-30,-0.03888822931053882
1,2019-07-01,-0.033774787718658356
1,2019-07-02,-0.03768204631590776
1,2019-07-03,-0.06121448328951216
1,2019-07-04,-0.09491890892786846
1,2019-07-05,-0.11599060477463889
1,2019-07-06,-0.11528992317253896
1,2019-07-07,-0.10960594444197531
1,2019-07-08,-0.12018557224799142
1,2019-07-09,-0.14564317296427903
1,2019-07-10,-0.16520028259116915
1,2019-07-11,-0.16805963916964606
1,2019-07-12,-0.1670749796135951
1,2019-07-13,-0.1754615064797533
1,2019-07-14,-0.1863617712583351
1,2019-07-15,-0.1897545313838258
1,2019-07-16,-0.19279464039254282
1,2019-07-17,-0.20774827105037624
1,2019-07-18,-0.22725368126862053
1,2019-07-19,-0.22001553044389308
1,2019-07-20,-0.16228172385479933
1,2019-07-21,-0.08342271447634704
1,2019-07-22,-0.052817591574803056
1,2019-07-23,-0.09507405917956034
1,2019-07-24,-0.15525829157658894
1,2019-07-25,-0.17706681765258256
1,2019-07-26,-0.17104277922357078
1,2019-07-27,-0.17955994764559371
1,2019-07-28,-0.21542286821660087
1,2019-07-29,-0.2564451109585276
1,2019-07-30,-0.27633075833501664
1,2019-07-31,-0.2717578659102901
1,2019-08-01,-0.2670626616360567
1,2019-08-02,-0.28605571784404543
1,2019-08-03,-0.32045659248120906
1,2019-08-04,-0.3419673557160256
1,2019-08-05,-0.33975425444297574
1,2019-08-06,-0.3260127332565904
1,2019-08-07,-0.30963240363337796
1,2019-08-08,-0.28811398266948596
1,2019-08-09,-0.26802336327660875
1,2019-08-10,-0.26837275125733917
1,2019-08-11,-0.2925532483974849
1,2019-08-12,-0.31818613289285463
1,2019-08-13,-0.32817671263768905
1,2019-08-14,-0.33397966922369615
1,2019-08-15,-0.3536381756768393
1,2019-08-16,-0.381075933975661
1,2019-08-17,-0.39455943956122974
1,2019-08-18,-0.3886744013608372
1,2019-08-19,-0.3809696316975621
1,2019-08-20,-0.38535515091566014
1,2019-08-21,-0.39205083627596815
1,2019-08-22,-0.38279838297883406
1,2019-08-23,-0.35848358198483565
1,2019-08-24,-0.33877882424833067
1,2019-08-25,-0.3355858904103111
1,2019-08-26,-0.3395349452341369
1,2019-08-27,-0.3369941488460204
1,2019-08-28,-0.33004766625206233
1,2019-08-29,-0.33075091646518745
1,2019-08-30,-0.341108187231657
1,2019-08-31,-0.3484309578470835
1,2019-09-01,-0.3417967815117589
1,2019-09-02,-0.3276043285167017
1,2019-09-03,-0.3205855614356557
1,2019-09-04,-0.3205232338769168
1,2019-09-05,-0.3139365173799653
1,2019-09-06,-0.29974704204037217
1,2019-09-07,-0.28997079660974295
1,2019-09-08,-0.28343492892074834
1,2019-09-09,-0.2661236365955233
1,2019-09-10,-0.24006695355286406
1,2019-09-11,-0.2253210786088268
1,2019-09-12,-0.2299139608708324
1,2019-09-13,-0.2391738538613436
1,2019-09-14,-0.23854991824588906
1,2019-09-15,-0.23150478737713046
1,2019-09-16,-0.22670247776611585
1,2019-09-17,-0.2159373784038344
1,2019-09-18,-0.18313980033444627
1,2019-09-19,-0.13848344777851687
1,2019-09-20,-0.11543882075409215
1,2019-09-21,-0.11844979132302605
1,2019-09-22,-0.10739516463001453
1,2019-09-23,-0.06006897091700845
1,2019-09-24,-0.01856772049573988
1,2019-09-25,-0.0389596287219931
1,2019-09-26,-0.11130613621289132
1,2019-09-27,-0.16381893266977535
1,2019-09-28,-0.1484893854996938
1,2019-09-29,-0.09720886443399994
1,2019-09-30,-0.07741375747187428
1,2019-10-01,-0.10805329189402924
1,2019-10-02,-0.14733966353526626
1,2019-10-03,-0.1592203913683643
1,2019-10-04,-0.15440356982865286
1,2019-10-05,-0.155425733733831
1,2019-10-06,-0.15881647427113163
1,2019-10-07,-0.1527386330399172
1,2019-10-08,-0.1420065107609908
1,2019-10-09,-0.1318949115011211
1,2019-10-10,-0.11011020653478328
1,2019-10-11,-0.07069321153571657
1,2019-10-12,-0.04072355321255083
1,2019-10-13,-0.05218181574503857
1,2019-10-14,-0.08932975937170429
1,2019-10-15,-0.09593857068754891
1,2019-10-16,-0.044785552876066614
1,2019-10-17,0.025811038961597244
1,2019-10-18,0.05972853032473071
1,2019-10-19,0.04654124233893262
1,2019-10-20,0.017497341386097612
1,2019-10-21,-0.003916382921997366
1,2019-10-22,-0.01676163745954315
1,2019-10-23,-0.017993046567654113
1,2019-10-24,-0.001262279980948962
1,2019-10-25,0.020768612854352466
1,2019-10-26,0.028885847368299536
1,2019-10-27,0.0285984660536066
1,2019-10-28,0.03612388482991739
1,2019-10-29,0.0444257685971013
1,2019-10-30,0.03616782199726907
1,2019-10-31,0.018058047720776346
1,2019-11-01,0.01345531902757301
1,2019-11-02,0.031887496327328874
1,2019-11-03,0.0669220217139442
1,2019-11-04,0.10987084759459226
1,2019-11-05,0.14817334835848323
1,2019-11-06,0.163795072844677
1,2019-11-07,0.14689068912333433
1,2019-11-08,0.10750220185924472
1,2019-11-09,0.07051876522818554
1,2019-11-10,0.05528552952308665
1,2019-11-11,0.05858771731306388
1,2019-11-12,0.0663408825288764
1,2019-11-13,0.0779018381470937
1,2019-11-14,0.09845919385899767
1,2019-11-15,0.11576414948316337
1,2019-11-16,0.11642921657013279
1,2019-11-17,0.113746211124791
1,2019-11-18,0.12145389335637954
1,2019-11-19,0.11609407287145421
1,2019-11-20,0.06567709885908728
1,2019-11-21,-0.017006597011803577
1,2019-11-22,-0.07820384773852364
1,2019-11-23,-0.07189907057286397
1,2019-11-24,0.0012065212984369448
1,2019-11-25,0.09056216566555855
1,2019-11-26,0.1345542520099515
1,2019-11-27,0.11083887099092127
1,2019-11-28,0.0478416717842904
1,2019-11-29,-0.00790044319596093
1,2019-11-30,-0.033414092216801264
1,2019-12-01,-0.04137464826415908
1,2019-12-02,-0.04801567029782263
1,2019-12-03,-0.04145549037400838
1,2019-12-04,-0.004102661119189926
1,2019-12-05,0.045575754100356344
1,2019-12-06,0.06433954914811635
1,2019-12-07,0.03668194248121709
1,2019-12-08,-0.004061918140907975
1,2019-12-09,-0.013162872439688954
1,2019-12-10,0.015425144460580405
1,2019-12-11,0.04568208183487338
1,2019-12-12,0.04463102079748456
1,2019-12-13,0.01921896378444809
1,2019-12-14,0.0026874992205770027
1,2019-12-15,0.013013309191395279
1,2019-12-16,0.03581584964850164
1,2019-12-17,0.047372098691133374
1,2019-12-18,0.04181996023328371
1,2019-12-19,0.026828386539099025
1,2019-12-20,0.0033730294271078183
1,2019-12-21,-0.030523828056592765
1,2019-12-22,-0.05988231429780345
1,2019-12-23,-0.06332278769278679
1,2019-12-24,-0.04663316271693035
1,2019-12-25,-0.03717688115854414
1,2019-12-26,-0.04282945013566924
1,2019-12-27,-0.04885107642795362
1,2019-12-28,-0.05381094082572473
1,2019-12-29,-0.07322987635208372
1,2019-12-30,-0.10859980297216507
1,2019-12-31,-0.1402143515020953
1,2020-01-01,-0.14993752882549902
1,2020-01-02,-0.1376476449638088
1,2020-01-03,-0.11784484003705968
1,2020-01-04,-0.10584012487590919
1,2020-01-05,-0.10611598010089263
1,2020-01-06,-0.11051813669100653
1,2020-01-07,-0.10712647959586034
1,2020-01-08,-0.09382599325961499
1,2020-01-09,-0.08146750174949241
1,2020-01-10,-0.07943240239081298
1,2020-01-11,-0.08398933269424555
1,2020-01-12,-0.08940835802288638
1,2020-01-13,-0.1020229125798136
1,2020-01-14,-0.1276976420700723
1,2020-01-15,-0.15149150673112524
1,2020-01-16,-0.14930941077386078
1,2020-01-17,-0.11885897494292633
1,2020-01-18,-0.08297867785558999
1,2020-01-19,-0.06363481789178355
1,2020-01-20,-0.06527340970519796
1,2020-01-21,-0.07667328388533175
1,2020-01-22,-0.07795795837426918
1,2020-01-23,-0.061857406326151325
1,2020-01-24,-0.054661482964860376
1,2020-01-25,-0.08616841972178046
1,2020-01-26,-0.13732189780746248
1,2020-01-27,-0.1590553579319682
1,2020-01-28,-0.14099185304853792
1,2020-01-29,-0.11776895902193042
1,2020-01-30,-0.11308474710594811
1,2020-01-31,-0.11687667352313749
1,2020-02-01,-0.1128036747830926
1,2020-02-02,-0.09986973589378446
1,2020-02-03,-0.08692864920881153
1,2020-02-04,-0.07830151737871816
1,2020-02-05,-0.06880168192462156
1,2020-02-06,-0.05627415390795693
1,2020-02-07,-0.057754482123834036
1,2020-02-08,-0.09843170052681931
1,2020-02-09,-0.17226963070609558
1,2020-02-10,-0.22804333524568834
1,2020-02-11,-0.21799260919697927
1,2020-02-12,-0.15230610827095897
1,2020-02-13,-0.08538940346891248
1,2020-02-14,-0.05731042299234892
1,2020-02-15,-0.06277466273662807
1,2020-02-16,-0.06909828896105036
1,2020-02-17,-0.05565238256601401
1,2020-02-18,-0.037182726528239236
1,2020-02-19,-0.04539443432103681
1,2020-02-20,-0.08530327625094669
1,2020-02-21,-0.1249281696609457
1,2020-02-22,-0.14071112525296056
1,2020-02-23,-0.15235262230131486
1,2020-02-24,-0.18783273760485536
1,2020-02-25,-0.23286758893123818
1,2020-02-26,-0.2498818702784466
1,2020-02-27,-0.23710024201613344
1,2020-02-28,-0.22996304268853432
1,2020-02-29,-0.24158100129775256
1,2020-03-01,-0.2343354813438066
1,2020-03-02,-0.16460128529943288
1,2020-03-03,-0.04389953534388109
1,2020-03-04,0.05964190796880543
1,2020-03-05,0.08857310969306567
1,2020-03-06,0.05401235829798716
1,2020-03-07,0.013065297860718528
1,2020-03-08,0.0022268813938560194
1,2020-03-09,0.012369110215765733
1,2020-03-10,0.021329253702579525
1,2020-03-11,0.026063691790636827
1,2020-03-12,0.02832099795511205
1,2020-03-13,0.007351965280237011
1,2020-03-14,-0.05542915317006315
1,2020-03-15,-0.1289937723390073
1,2020-03-16,-0.15740374999332823
1,2020-03-17,-0.13254657758260913
1,2020-03-18,-0.09174570513622543
1,2020-03-19,-0.05246851612503555
1,2020-03-20,-0.008807659314201225
1,2020-03-21,0.02614275431964176
1,2020-03-22,0.03903809057238157
1,2020-03-23,0.05566169946385929
1,2020-03-24,0.10704882388256673
1,2020-03-25,0.17884224478019942
1,2020-03-26,0.22803848857520337
1,2020-03-27,0.22664153996003147
1,2020-03-28,0.1761234167930707
1,2020-03-29,0.1070396659977188
1,2020-03-30,0.06918811982339054
1,2020-03-31,0.09150816021165077
1,2020-04-01,0.1452932140721199
1,2020-04-02,0.17482894188366208
1,2020-04-03,0.16869848049709715
1,2020-04-04,0.16921419949395272
1,2020-04-05,0.20610646762868776
1,2020-04-06,0.25646565833485613
1,2020-04-07,0.2810724718277714
1,2020-04-08,0.2709493006177275
1,2020-04-09,0.24617952522968062
1,2020-04-10,0.23074683274081742
1,2020-04-11,0.23903310949645115
1,2020-04-12,0.2683095461264831
1,2020-04-13,0.29443882859831355
1,2020-04-14,0.2924142538379814
1,2020-04-15,0.26923187621781725
1,2020-04-16,0.25846253870684816
1,2020-04-17,0.27748091666790903
1,2020-04-18,0.3099142286890644
1,2020-04-19,0.3328994750565401
1,2020-04-20,0.3423997250436546
1,2020-04-21,0.34993223687415687
1,2020-04-22,0.3678663816750897
1,2020-04-23,0.39765736374083277
1,2020-04-24,0.4257875366751882
1,2020-04-25,0.4347307458564107
1,2020-04-26,0.4219076181532112
1,2020-04-27,0.40298292756627097
1,2020-04-28,0.3933133270878399
1,2020-04-29,0.3925071507932807
1,2020-04-30,0.39148755020570303
1,2020-05-01,0.3879758521299385
1,2020-05-02,0.38832422194271393
1,2020-05-03,0.39642035128654574
1,2020-05-04,0.4052635093855949
1,2020-05-05,0.4015966095351641
1,2020-05-06,0.38044336907056603
1,2020-05-07,0.3526006102175376
1,2020-05-08,0.33289930074516816
1,2020-05-09,0.324352704409577
1,2020-05-10,0.32135817670278477
1,2020-05-11,0.3236493475822254
1,2020-05-12,0.3342807221563959
1,2020-05-13,0.34686749523936006
1,2020-05-14,0.3496967942188814
1,2020-05-15,0.3404724369746439
1,2020-05-16,0.32528636641716907
1,2020-05-17,0.30812385551751764
1,2020-05-18,0.2902359186466903
1,2020-05-19,0.27462015496460646
1,2020-05-20,0.2656878961231084
1,2020-05-21,0.2648839589024177
1,2020-05-22,0.2654731301520554
1,2020-05-23,0.2549044399687708
1,2020-05-24,0.22898807323135206
1,2020-05-25,0.19954559629464225
1,2020-05-26,0.18102691876295088
1,2020-05-27,0.17496928001493667
1,2020-05-28,0.17250270385250469
1,2020-05-29,0.16730869030250223
1,2020-05-30,0.16168896912816053
1,2020-05-31,0.15773710449947298
1,2020-06-01,0.1470706992989272
1,2020-06-02,0.1217462656358609
1,2020-06-03,0.093085909868252
1,2020-06-04,0.08217648009973108
1,2020-06-05,0.09081817483835386
1,2020-06-06,0.09829212505163686
1,2020-06-07,0.0894727710736001
1,2020-06-08,0.0709963121833748
1,2020-06-09,0.05598673285535533
1,2020-06-10,0.04786975394631936
1,2020-06-11,0.04431197854792006
1,2020-06-12,0.0446575197376512
1,2020-06-13,0.04779400902803489
1,2020-06-14,0.04917493927287876
1,2020-06-15,0.04359347531937749
1,2020-06-16,0.02973674547114178
1,2020-06-17,0.012822228703219127
1,2020-06-18,0.00297501562736412
1,2020-06-19,0.006412186942528466
1,2020-06-20,0.01576439622134315
1,2020-06-21,0.015535136006891003
1,2020-06-22,0.001861633443437097
1,2020-06-23,-0.011372049970261039
1,2020-06-24,-0.012576498323233817
1,2020-06-25,-0.008619684228049682
1,2020-06-26,-0.012905563630321415
1,2020-06-27,-0.02634056589834219
1,2020-06-28,-0.03786519423699115
1,2020-06-29,-0.03888399733952228
1,2020-06-30,-0.03375444659237806
1,2020-07-01,-0.03764401262204823
1,2020-07-02,-0.06115915676646363
1,2020-07-03,-0.09485009053384022
1,2020-07-04,-0.11591641933346478
1,2020-07-05,-0.11521897684470143
1,2020-07-06,-0.10954009233978129
1,2020-07-07,-0.12011445232643489
1,2020-07-08,-0.14554855999905933
1,2020-07-09,-0.16506903008660204
1,2020-07-10,-0.1678943450023896
1,2020-07-11,-0.16689165624461863
1,2020-07-12,-0.17528037447250344
1,2020-07-13,-0.1862015071266679
1,2020-07-14,-0.1896257064077798
1,2020-07-15,-0.19269725336951649
1,2020-07-16,-0.20767945545156324
1,2020-07-17,-0.22721500675081827
1,2020-07-18,-0.2200110722899281
1,2020-07-19,-0.1623120250993094
1,2020-07-20,-0.08348520531934453
1,2020-07-21,-0.052911394897181406
1,2020-07-22,-0.09520305621737207
1,2020-07-23,-0.15542147115880675
1,2020-07-24,-0.17724798075508352
1,2020-07-25,-0.1712199001419685
1,2020-07-26,-0.17972043715474573
1,2020-07-27,-0.21556450507334066
1,2020-07-28,-0.25656598509978784
1,2020-07-29,-0.27642608462636453
1,2020-07-30,-0.27182213104314257
1,2020-07-31,-0.26709889708065077
1,2020-08-01,-0.28607306772964985
1,2020-08-02,-0.32046545305104907
1,2020-08-03,-0.34197685261709115
1,2020-08-04,-0.3397693821785451
1,2020-08-05,-0.3260348354832781
1,2020-08-06,-0.3096596290757287
1,2020-08-07,-0.2881419515886059
1,2020-08-08,-0.26804681294026
1,2020-08-09,-0.26838837058210374
1,2020-08-10,-0.2925622800367643
1,2020-08-11,-0.3181928494368617
1,2020-08-12,-0.3281846263655455
1,2020-08-13,-0.33398853319379523
1,2020-08-14,-0.35364507750418184
1,2020-08-15,-0.38107768772854594
1,2020-08-16,-0.3945531525321923
1,2020-08-17,-0.38865644245230824
1,2020-08-18,-0.38093532467602387
1,2020-08-19,-0.38530215102341225
1,2020-08-20,-0.39198036145741394
1,2020-08-21,-0.3827158109128426
1,2020-08-22,-0.35839672832803354
1,2020-08-23,-0.3386955943505355
1,2020-08-24,-0.33551141327110173
1,2020-08-25,-0.33946853170798924
1,2020-08-26,-0.33693226154961387
1,2020-08-27,-0.3299882009089322
1,2020-08-28,-0.3306944399723325
1,2020-08-29,-0.3410573300005176
1,2020-08-30,-0.34838803168452975
1,2020-08-31,-0.341763183633706
1,2020-09-01,-0.3275790019617465
1,2020-09-02,-0.32056424328169897
1,2020-09-03,-0.32050075117673166
1,2020-09-04,-0.31391346433279066
1,2020-09-05,-0.2997275767608757
1,2020-09-06,-0.28995884985354514
1,2020-09-07,-0.2834306914682373
1,2020-09-08,-0.2661264796505451
1,2020-09-09,-0.24007696730506908
1,2020-09-10,-0.2253376904141654
1,2020-09-11,-0.2299345460918623
1,2020-09-12,-0.23919541947093195
1,2020-09-13,-0.23857119971033972
1,2020-09-14,-0.2315272779226864
1,2020-09-15,-0.22673100015334774
1,2020-09-16,-0.21597778768913778
1,2020-09-17,-0.18319528110341107
1,2020-09-18,-0.1385526225903495
1,2020-09-19,-0.11551301114448581
1,2020-09-20,-0.1185202833835796
1,2020-09-21,-0.10746152269475474
1,2020-09-22,-0.060140194942400735
1,2020-09-23,-0.01865306935810198
1,2020-09-24,-0.03905654545475214
1,2020-09-25,-0.11139713897026728
1,2020-09-26,-0.16388485735349453
1,2020-09-27,-0.14852265651429203
1,2020-09-28,-0.09721619236499593
1,2020-09-29,-0.07741059326628423
1,2020-09-30,-0.10805305365533835
1,2020-10-01,-0.1473473826218114
1,2020-10-02,-0.15923811173573837
1,2020-10-03,-0.15443884025024893
1,2020-10-04,-0.1554849983028776
1,2020-10-05,-0.15889525793104614
1,2020-10-06,-0.1528276219112426
1,2020-10-07,-0.14209902233081537
1,2020-10-08,-0.1319852853933473
1,2020-10-09,-0.11018513914372319
1,2020-10-10,-0.07073224715679244
1,2020-10-11,-0.040712070728870085
1,2020-10-12,-0.05212326028019118
1,2020-10-13,-0.08924325112826761
1,2020-10-14,-0.09584384977760296
1,2020-10-15,-0.04468710252461628
1,2020-10-16,0.025921631712296386
1,2020-10-17,0.05985696765880517
1,2020-10-18,0.04668262040732345
1,2020-10-19,0.0176412098654029
1,2020-10-20,-0.003779973855192547
1,2020-10-21,-0.01664214128768408
1,2020-10-22,-0.01789972522883598
1,2020-10-23,-0.0012015893718776254
1,2020-10-24,0.0208004064785836
1,2020-10-25,0.0289045385555842
1,2020-10-26,0.028627906617872824
1,2020-10-27,0.03618042434698
1,2020-10-28,0.044511938292345
1,2020-10-29,0.03627353066405618
1,2020-10-30,0.018161596524995858
1,2020-10-31,0.013530383358069999
1,2020-11-01,0.03192104294420174
1,2020-11-02,0.0669152340408166
1,2020-11-03,0.10982315680938018
1,2020-11-04,0.14807411515783367
1,2020-11-05,0.16363321144999304
1,2020-11-06,0.14666855632177092
1,2020-11-07,0.10724428181230944
1,2020-11-08,0.07025824127229671
1,2020-11-09,0.055045538471745564
1,2020-11-10,0.05837378254380491
1,2020-11-11,0.06614748981080544
1,2020-11-12,0.0777258316700711
1,2020-11-13,0.09829877016781455
1,2020-11-14,0.11562089239201435
1,2020-11-15,0.1162926893330916
1,2020-11-16,0.11361393780789342
1,2020-11-17,0.12133139791082974
1,2020-11-18,0.11599384853590054
1,2020-11-19,0.06561783137602359
1,2020-11-20,-0.017012308007678386
1,2020-11-21,-0.07816613088537314
1,2020-11-22,-0.07185071835785525
1,2020-11-23,0.0012338213833267648
1,2020-11-24,0.09055805809033306
1,2020-11-25,0.13453089970591736
1,2020-11-26,0.11081804106303175
1,2020-11-27,0.04783622950139611
1,2020-11-28,-0.007890677392663166
1,2020-11-29,-0.033388773801106414
1,2020-11-30,-0.04133350298781859
1,2020-12-01,-0.04796090048907543
1,2020-12-02,-0.041392346275461324
1,2020-12-03,-0.004037345816088683
1,2020-12-04,0.045640452159010136
1,2020-12-05,0.06440380603830462
1,2020-12-06,0.03674247871204129
1,2020-12-07,-0.004009556701032896
1,2020-12-08,-0.013122071840307847
1,2020-12-09,0.015456318403367135
1,2020-12-10,0.0457086167052904
1,2020-12-11,0.04465769820164388
1,2020-12-12,0.01924989969340029
1,2020-12-13,0.002724616917885927
1,2020-12-14,0.013057572247926676
1,2020-12-15,0.03586573285691696
1,2020-12-16,0.04742445507813907
1,2020-12-17,0.04187312931874005
1,2020-12-18,0.02688113892095241
1,2020-12-19,0.0034212894808505973
1,2020-12-20,-0.030485732625091418
1,2020-12-21,-0.05985766295564846
1,2020-12-22,-0.06331320796004142
1,2020-12-23,-0.046635260409570244
1,2020-12-24,-0.037178900762666285
1,2020-12-25,-0.042819525498082524
1,2020-12-26,-0.04882355547325236
1,2020-12-27,-0.05376480482345897
1,2020-12-28,-0.07316460533326709
1,2020-12-29,-0.10852206260600782
1,2020-12-30,-0.1401387430695421
1,2020-12-31,-0.14014435022330096
1,2021-01-01,-0.14988316425399006
1,2021-01-02,-0.13761213675786643
1,2021-01-03,-0.11782454946732737
1,2021-01-04,-0.10582854293783156
1,2021-01-05,-0.1061057522017278
1,2021-01-06,-0.11050216650733155
1,2021-01-07,-0.10710105537196848
1,2021-01-08,-0.09379396624940872
1,2021-01-09,-0.0814370568507604
1,2021-01-10,-0.07941014452249827
1,2021-01-11,-0.08396904804739061
1,2021-01-12,-0.08936293862523491
1,2021-01-13,-0.10191326865445943
1,2021-01-14,-0.12749308871295856
1,2021-01-15,NA
1,2021-01-16,NA
1,2021-01-17,NA
1,2021-01-18,NA
1,2021-01-19,NA
1,2021-01-20,NA
1,2021-01-21,NA
1,2021-01-22,NA
1,2021-01-23,NA
1,2021-01-24,NA
1,2021-01-25,NA
1,2021-01-26,NA
1,2021-01-27,NA
1,2021-01-28,NA
1,2021-01-29,NA
1,2021-01-30,NA
1,2021-01-31,NA
1,2021-02-01,NA
1,2021-02-02,NA
1,2021-02-03,NA
1,2021-02-04,NA
1,2021-02-05,NA
1,2021-02-06,NA
1,2021-02-07,NA
1,2021-02-08,NA
1,2021-02-09,NA
1,2021-02-10,NA
1,2021-02-11,NA
1,2021-02-12,NA
1,2021-02-13,NA
1,2021-02-14,NA
1,2021-02-15,NA
1,2021-02-16,NA
1,2021-02-17,NA
1,2021-02-18,NA
1,2021-02-19,NA
1,2021-02-20,NA
1,2021-02-21,NA
1,2021-02-22,NA
1,2021-02-23,NA
1,2021-02-24,NA
1,2021-02-25,NA
1,2021-02-26,NA
1,2021-02-27,NA
1,2021-02-28,NA
1,2021-03-01,NA
1,2021-03-02,NA
1,2021-03-03,NA
1,2021-03-04,NA
1,2021-03-05,NA
1,2021-03-06,NA
1,2021-03-07,NA
1,2021-03-08,NA
1,2021-03-09,NA
1,2021-03-10,NA
1,2021-03-11,NA
1,2021-03-12,NA
1,2021-03-13,NA
1,2021-03-14,NA
1,2021-03-15,NA
1,2021-03-16,NA
1,2021-03-17,NA
1,2021-03-18,NA
1,2021-03-19,NA
1,2021-03-20,NA
1,2021-03-21,NA
1,2021-03-22,NA
1,2021-03-23,NA
1,2021-03-24,NA
1,2021-03-25,NA
1,2021-03-26,NA
1,2021-03-27,NA
1,2021-03-28,NA
1,2021-03-29,NA
1,2021-03-30,NA
1,2021-03-31,NA
1,2021-04-01,NA
1,2021-04-02,NA
1,2021-04-03,NA
1,2021-04-04,NA
1,2021-04-05,NA
1,2021-04-06,NA
1,2021-04-07,NA
1,2021-04-08,NA
1,2021-04-09,NA
1,2021-04-10,NA
1,2021-04-11,NA
1,2021-04-12,NA
1,2021-04-13,NA
1,2021-04-14,NA
1,2021-04-15,NA
1,2021-04-16,NA
1,2021-04-17,NA
1,2021-04-18,NA
1,2021-04-19,NA
1,2021-04-20,NA
1,2021-04-21,NA
1,2021-04-22,NA
1,2021-04-23,NA
1,2021-04-24,NA
1,2021-04-25,NA
1,2021-04-26,NA
1,2021-04-27,NA
1,2021-04-28,NA
1,2021-04-29,NA
1,2021-04-30,NA
1,2021-05-01,NA
1,2021-05-02,NA
1,2021-05-03,NA
1,2021-05-04,NA
1,2021-05-05,NA
1,2021-05-06,NA
1,2021-05-07,NA
1,2021-05-08,NA
1,2021-05-09,NA
1,2021-05-10,NA
1,2021-05-11,NA
1,2021-05-12,NA
1,2021-05-13,NA
1,2021-05-14,NA
1,2021-05-15,NA
1,2021-05-16,NA
1,2021-05-17,NA
1,2021-05-18,NA
1,2021-05-19,NA
1,2021-05-20,NA
1,2021-05-21,NA
1,2021-05-22,NA
1,2021-05-23,NA
1,2021-05-24,NA
1,2021-05-25,NA
1,2021-05-26,NA
1,2021-05-27,NA
1,2021-05-28,NA
1,2021-05-29,NA
1,2021-05-30,NA
1,2021-05-31,NA
1,2021-06-01,NA
1,2021-06-02,NA
1,2021-06-03,NA
1,2021-06-04,NA
1,2021-06-05,NA
1,2021-06-06,NA
1,2021-06-07,NA
1,2021-06-08,NA
1,2021-06-09,NA
1,2021-06-10,NA
1,2021-06-11,NA
1,2021-06-12,NA
1,2021-06-13,NA
1,2021-06-14,NA
1,2021-06-15,NA
1,2021-06-16,NA
1,2021-06-17,NA
1,2021-06-18,NA
1,2021-06-19,NA
1,2021-06-20,NA
1,2021-06-21,NA
1,2021-06-22,NA
1,2021-06-23,NA
1,2021-06-24,NA
1,2021-06-25,NA
1,2021-06-26,NA
1,2021-06-27,NA
1,2021-06-28,NA
1,2021-06-29,NA
1,2021-06-30,NA
1,2021-07-01,NA
1,2021-07-02,NA
1,2021-07-03,NA
1,2021-07-04,NA
1,2021-07-05,NA
1,2021-07-06,NA
1,2021-07-07,NA
1,2021-07-08,NA
1,2021-07-09,NA
1,2021-07-10,NA
1,2021-07-11,NA
1,2021-07-12,NA
1,2021-07-13,NA
1,2021-07-14,NA
1,2021-07-15,NA
1,2021-07-16,NA
1,2021-07-17,NA
1,2021-07-18,NA
1,2021-07-19,NA
1,2021-07-20,NA
1,2021-07-21,NA
1,2021-07-22,NA
1,2021-07-23,NA
1,2021-07-24,NA
1,2021-07-25,NA
1,2021-07-26,NA
1,2021-07-27,NA
1,2021-07-28,NA
1,2021-07-29,NA
1,2021-07-30,NA
1,2021-07-31,NA
1,2021-08-01,NA
1,2021-08-02,NA
1,2021-08-03,NA
1,2021-08-04,NA
1,2021-08-05,NA
1,2021-08-06,NA
1,2021-08-07,NA
1,2021-08-08,NA
1,2021-08-09,NA
1,2021-08-10,NA
1,2021-08-11,NA
1,2021-08-12,NA
1,2021-08-13,NA
1,2021-08-14,NA
1,2021-08-15,NA
1,2021-08-16,NA
1,2021-08-17,NA
1,2021-08-18,NA
1,2021-08-19,NA
1,2021-08-20,NA
1,2021-08-21,NA
1,2021-08-22,NA
1,2021-08-23,NA
1,2021-08-24,NA
1,2021-08-25,NA
1,2021-08-26,NA
1,2021-08-27,NA
1,2021-08-28,NA
1,2021-08-29,NA
1,2021-08-30,NA
1,2021-08-31,NA
1,2021-09-01,NA
1,2021-09-02,NA
1,2021-09-03,NA
1,2021-09-04,NA
1,2021-09-05,NA
1,2021-09-06,NA
1,2021-09-07,NA
1,2021-09-08,NA
1,2021-09-09,NA
1,2021-09-10,NA
1,2021-09-11,NA
1,2021-09-12,NA
1,2021-09-13,NA
1,2021-09-14,NA
1,2021-09-15,NA
1,2021-09-16,NA
1,2021-09-17,NA
1,2021-09-18,NA
1,2021-09-19,NA
1,2021-09-20,NA
1,2021-09-21,NA
1,2021-09-22,NA
1,2021-09-23,NA
1,2021-09-24,NA
1,2021-09-25,NA
1,2021-09-26,NA
1,2021-09-27,NA
1,2021-09-28,NA
1,2021-09-29,NA
1,2021-09-30,NA
1,2021-10-01,NA
1,2021-10-02,NA
1,2021-10-03,NA
1,2021-10-04,NA
1,2021-10-05,NA
1,2021-10-06,NA
1,2021-10-07,NA
1,2021-10-08,NA
1,2021-10-09,NA
1,2021-10-10,NA
1,2021-10-11,NA
1,2021-10-12,NA
1,2021-10-13,NA
1,2021-10-14,NA
1,2021-10-15,NA
1,2021-10-16,NA
1,2021-10-17,NA
1,2021-10-18,NA
1,2021-10-19,NA
1,2021-10-20,NA
1,2021-10-21,NA
1,2021-10-22,NA
1,2021-10-23,NA
1,2021-10-24,NA
1,2021-10-25,NA
1,2021-10-26,NA
1,2021-10-27,NA
1,2021-10-28,NA
1,2021-10-29,NA
1,2021-10-30,NA
1,2021-10-31,NA
1,2021-11-01,NA
1,2021-11-02,NA
1,2021-11-03,NA
1,2021-11-04,NA
1,2021-11-05,NA
1,2021-11-06,NA
1,2021-11-07,NA
1,2021-11-08,NA
1,2021-11-09,NA
1,2021-11-10,NA
1,2021-11-11,NA
1,2021-11-12,NA
1,2021-11-13,NA
1,2021-11-14,NA
1,2021-11-15,NA
1,2021-11-16,NA
1,2021-11-17,NA
1,2021-11-18,NA
1,2021-11-19,NA
1,2021-11-20,NA
1,2021-11-21,NA
1,2021-11-22,NA
1,2021-11-23,NA
1,2021-11-24,NA
1,2021-11-25,NA
1,2021-11-26,NA
1,2021-11-27,NA
1,2021-11-28,NA
1,2021-11-29,NA
1,2021-11-30,NA
1,2021-12-01,NA
1,2021-12-02,NA
1,2021-12-03,NA
1,2021-12-04,NA
1,2021-12-05,NA
1,2021-12-06,NA
1,2021-12-07,NA
1,2021-12-08,NA
1,2021-12-09,NA
1,2021-12-10,NA
1,2021-12-11,NA
1,2021-12-12,NA
1,2021-12-13,NA
1,2021-12-14,NA
1,2021-12-15,NA
1,2021-12-16,NA
1,2021-12-17,NA
1,2021-12-18,NA
1,2021-12-19,NA
1,2021-12-20,NA
1,2021-12-21,NA
1,2021-12-22,NA
1,2021-12-23,NA
1,2021-12-24,NA
1,2021-12-25,NA
1,2021-12-26,NA
1,2021-12-27,NA
1,2021-12-28,NA
1,2021-12-29,NA
1,2021-12-30,NA
1,2021-12-31,NA
1,2022-01-01,NA
1,2022-01-02,NA
1,2022-01-03,NA
1,2022-01-04,NA
1,2022-01-05,NA
1,2022-01-06,NA
1,2022-01-07,NA
1,2022-01-08,NA
1,2022-01-09,NA
1,2022-01-10,NA
1,2022-01-11,NA
1,2022-01-12,NA
1,2022-01-13,NA
1,2022-01-14,NA
1,2022-01-15,NA
1,2022-01-16,NA
1,2022-01-17,NA
1,2022-01-18,NA
1,2022-01-19,NA
1,2022-01-20,NA
1,2022-01-21,NA
1,2022-01-22,NA
1,2022-01-23,NA
1,2022-01-24,NA
1,2022-01-25,NA
1,2022-01-26,NA
