site,date,value
1,2012-12-31,0.05233347407075444
1,2013-01-02,0.052509651567298705
1,2013-01-03,0.05350965821893908
1,2013-01-04,0.055213915878048116
1,2013-01-05,0.05518428435168757
1,2013-01-06,0.05360795536485103
1,2013-01-07,0.053219985377287005
1,2013-01-08,0.05312204854515608
1,2013-01-09,0.052646037873791275
1,2013-01-10,0.053010121390006174
1,2013-01-11,0.05248889520306227
1,2013-01-12,0.052043846881778974
1,2013-01-13,0.05304730496650938
1,2013-01-14,0.053122213992051866
1,2013-01-15,0.05251325561549545
1,2013-01-16,0.05240069371686458
1,2013-01-17,0.05241225193431218
1,2013-01-18,0.05241087888842411
1,2013-01-19,0.052422528614766144
1,2013-01-20,0.052404333777212625
1,2013-01-21,0.052509165588300655
1,2013-01-22,0.05328826129972794
1,2013-01-23,0.053802649102655635
1,2013-01-24,0.052671406188266316
1,2013-01-25,0.052029008961135687
1,2013-01-26,0.053225637920361064
1,2013-01-27,0.0539500817234448
1,2013-01-28,0.05312655492506891
1,2013-01-29,0.05146236418828667
1,2013-01-30,0.05084600059016849
1,2013-01-31,0.05117044254430292
1,2013-02-01,0.051202079471615355
1,2013-02-02,0.05116883322364711
1,2013-02-03,0.050799417577937045
1,2013-02-04,0.0509436777244361
1,2013-02-05,0.052349395383963826
1,2013-02-06,0.05281172594293545
1,2013-02-07,0.051384291641544164
1,2013-02-08,0.05014292062738628
1,2013-02-09,0.04975969802242318
1,2013-02-10,0.04978940720766738
1,2013-02-11,0.050126706464606985
1,2013-02-12,0.05119256623870304
1,2013-02-13,0.05163940595961774
1,2013-02-14,0.05132077324881924
1,2013-02-15,0.05167543524784967
1,2013-02-16,0.0516805436476289
1,2013-02-17,0.050843287173172484
1,2013-02-18,0.050496528731201654
1,2013-02-19,0.05133452175731191
1,2013-02-20,0.05226290743622643
1,2013-02-21,0.05253564100894654
1,2013-02-22,0.05312590386855554
1,2013-02-23,0.05325931005675353
1,2013-02-24,0.05361877467477012
1,2013-02-25,0.055553075326185114
1,2013-02-26,0.05648174520118834
1,2013-02-27,0.054499656868512616
1,2013-02-28,0.05216375293971685
1,2013-03-01,0.05171253085934597
1,2013-03-02,0.051270538377237475
1,2013-03-03,0.05020379841038689
1,2013-03-04,0.05051348441904143
1,2013-03-05,0.05179540390003394
1,2013-03-06,0.052262544406435386
1,2013-03-07,0.051772175665015435
1,2013-03-08,0.05135108545266124
1,2013-03-09,0.051694378050406116
1,2013-03-10,0.05176619155126363
1,2013-03-11,0.05182443256873882
1,2013-03-12,0.05224140571454777
1,2013-03-13,0.05178245183543844
1,2013-03-14,0.051299674880815375
1,2013-03-15,0.051350443999207594
1,2013-03-16,0.05259112148232605
1,2013-03-17,0.05380444750565805
1,2013-03-18,0.05314682446298813
1,2013-03-19,0.05146993714931242
1,2013-03-20,0.051006033245866444
1,2013-03-21,0.052315522051718466
1,2013-03-22,0.052335680414820326
1,2013-03-23,0.05150035564010656
1,2013-03-24,0.05261137485851097
1,2013-03-25,0.05400934260543094
1,2013-03-26,0.054217530350286175
1,2013-03-27,0.054252037911568546
1,2013-03-28,0.05415897470329252
1,2013-03-29,0.05330550815612612
1,2013-03-30,0.05305688706663821
1,2013-03-31,0.05616702366669703
1,2013-04-01,0.05791767274608212
1,2013-04-02,0.05514765343258903
1,2013-04-03,0.05354582038660896
1,2013-04-04,0.05394550094542076
1,2013-04-05,0.053285151181369485
1,2013-04-06,0.051913889782172484
1,2013-04-07,0.051327500742255235
1,2013-04-08,0.05178288905911733
1,2013-04-09,0.05228859018376822
1,2013-04-10,0.05228139936337525
1,2013-04-11,0.05167102877031862
1,2013-04-12,0.05048625778778899
1,2013-04-13,0.049562732677001314
1,2013-04-14,0.04958673393133468
1,2013-04-15,0.051209147583925675
1,2013-04-16,0.053816484211277105
1,2013-04-17,0.0539366771224115
1,2013-04-18,0.05217045562593692
1,2013-04-19,0.05243851057119413
1,2013-04-20,0.0528533670016159
1,2013-04-21,0.05141165335186724
1,2013-04-22,0.05015496427429476
1,2013-04-23,0.05015173064528908
1,2013-04-24,0.05140538416300469
1,2013-04-25,0.052922947921040284
1,2013-04-26,0.05295262835017587
1,2013-04-27,0.05143178898424792
1,2013-04-28,0.050923617755721004
1,2013-04-29,0.051579625416468405
1,2013-04-30,0.05089977095683404
1,2013-05-01,0.050278103947051574
1,2013-05-02,0.05193601175384173
1,2013-05-03,0.05303393609453226
1,2013-05-04,0.0536128711168399
1,2013-05-05,0.054952978164456365
1,2013-05-06,0.054213113364539565
1,2013-05-07,0.05219600461080425
1,2013-05-08,0.05269552151002789
1,2013-05-09,0.05373847928234927
1,2013-05-10,0.052154520471647925
1,2013-05-11,0.051939321665978255
1,2013-05-12,0.055497940436994166
1,2013-05-13,0.05624755035991813
1,2013-05-14,0.05313782083917255
1,2013-05-15,0.051345931236004776
1,2013-05-16,0.05130263518303645
1,2013-05-17,0.051801719837946805
1,2013-05-18,0.05221649712864839
1,2013-05-19,0.05137212429345474
1,2013-05-20,0.05165386549945292
1,2013-05-21,0.054118859230896293
1,2013-05-22,0.05494267632179482
1,2013-05-23,0.053470726931301726
1,2013-05-24,0.05242228774758663
1,2013-05-25,0.0517693567688636
1,2013-05-26,0.05088495248843169
1,2013-05-27,0.050962194560712507
1,2013-05-28,0.05239739572926375
1,2013-05-29,0.05291794252327531
1,2013-05-30,0.052019433059146844
1,2013-05-31,0.05262017404733704
1,2013-06-01,0.05381190640594419
1,2013-06-02,0.0532139792003812
1,2013-06-03,0.051958957524516965
1,2013-06-04,0.051963315598509814
1,2013-06-05,0.05320440969048746
1,2013-06-06,0.05405917329246449
1,2013-06-07,0.053890613005342154
1,2013-06-08,0.052064567633541774
1,2013-06-09,0.050648698245233534
1,2013-06-10,0.05190651303658362
1,2013-06-11,0.052908361869366434
1,2013-06-12,0.05248868106392805
1,2013-06-13,0.052227523497611845
1,2013-06-14,0.051292751609182036
1,2013-06-15,0.05043538194696448
1,2013-06-16,0.05038784951779998
1,2013-06-17,0.05076251297271295
1,2013-06-18,0.051153140719252047
1,2013-06-19,0.05124372972271213
1,2013-06-20,0.051877115744449656
1,2013-06-21,0.053013762806953926
1,2013-06-22,0.05301039619173531
1,2013-06-23,0.05200327052949661
1,2013-06-24,0.052346015251171205
1,2013-06-25,0.0522501057688333
1,2013-06-26,0.050628288867757575
1,2013-06-27,0.05052255833009127
1,2013-06-28,0.051837802995504244
1,2013-06-29,0.05299447842168982
1,2013-06-30,0.05298979947549931
1,2013-07-01,0.05188609714866448
1,2013-07-02,0.051267813670407635
1,2013-07-03,0.05135460981230548
1,2013-07-04,0.052400301299816265
1,2013-07-05,0.052962351730687765
1,2013-07-06,0.05249148843513936
1,2013-07-07,0.05221762252126869
1,2013-07-08,0.050959386888673394
1,2013-07-09,0.05018850473043211
1,2013-07-10,0.05130177035776989
1,2013-07-11,0.05217876960768314
1,2013-07-12,0.051782220502088076
1,2013-07-13,0.05139063420577723
1,2013-07-14,0.052572828980961654
1,2013-07-15,0.05377818603060088
1,2013-07-16,0.053280353353347
1,2013-07-17,0.05253774468211009
1,2013-07-18,0.05249418246517181
1,2013-07-19,0.05352193570354244
1,2013-07-20,0.05447015749514986
1,2013-07-21,0.05234968225087289
1,2013-07-22,0.049539906668428876
1,2013-07-23,0.049077028043553315
1,2013-07-24,0.049105269211625176
1,2013-07-25,0.049617051750900365
1,2013-07-26,0.05137387085267998
1,2013-07-27,0.052727226082267827
1,2013-07-28,0.051849137891724816
1,2013-07-29,0.049953170305020916
1,2013-07-30,0.05016369970866399
1,2013-07-31,0.051101442273059225
1,2013-08-01,0.05119497435804278
1,2013-08-02,0.05114554079537386
1,2013-08-03,0.0507637749767135
1,2013-08-04,0.050467206063041524
1,2013-08-05,0.05141671662638943
1,2013-08-06,0.05297360079087785
1,2013-08-07,0.05309423802874462
1,2013-08-08,0.052600918427592666
1,2013-08-09,0.053484229058277884
1,2013-08-10,0.054967886032434125
1,2013-08-11,0.054108393861816935
1,2013-08-12,0.05161633943628353
1,2013-08-13,0.0509135185904748
1,2013-08-14,0.0516931743556107
1,2013-08-15,0.05176052447324892
1,2013-08-16,0.051788063819130516
1,2013-08-17,0.0522064623237084
1,2013-08-18,0.051668971232375634
1,2013-08-19,0.05050059924588841
1,2013-08-20,0.04980155040921326
1,2013-08-21,0.05038276792466405
1,2013-08-22,0.05065124099884807
1,2013-08-23,0.05011297058861868
1,2013-08-24,0.05059111173770277
1,2013-08-25,0.0523303781549198
1,2013-08-26,0.05295892255569701
1,2013-08-27,0.05242354997130209
1,2013-08-28,0.05181520615645665
1,2013-08-29,0.05194680282757384
1,2013-08-30,0.05290825822987515
1,2013-08-31,0.05237136268145401
1,2013-09-01,0.05098164704783297
1,2013-09-02,0.051339192150477636
1,2013-09-03,0.05219743339982503
1,2013-09-04,0.05181076264457922
1,2013-09-05,0.05180567432820822
1,2013-09-06,0.052157728367007675
1,2013-09-07,0.051313317643308244
1,2013-09-08,0.04989579171111926
1,2013-09-09,0.050330820481304904
1,2013-09-10,0.05224987102055294
1,2013-09-11,0.052311873058524555
1,2013-09-12,0.051471245420037524
1,2013-09-13,0.05258436371237049
1,2013-09-14,0.05372267230733571
1,2013-09-15,0.05264316402827512
1,2013-09-16,0.052175022797631844
1,2013-09-17,0.0541806971736623
1,2013-09-18,0.05483624895638222
1,2013-09-19,0.05279000104815828
1,2013-09-20,0.050968661161172865
1,2013-09-21,0.0509556450685077
1,2013-09-22,0.05222782588349069
1,2013-09-23,0.05176205392096415
1,2013-09-24,0.04941161295814865
1,2013-09-25,0.04884249122686163
1,2013-09-26,0.05062196876994108
1,2013-09-27,0.05158090613994481
1,2013-09-28,0.05053681385238536
1,2013-09-29,0.050775562680645224
1,2013-09-30,0.053446107722836325
1,2013-10-01,0.05488951089161986
1,2013-10-02,0.054292695874484674
1,2013-10-03,0.053040340030712695
1,2013-10-04,0.051050428830239684
1,2013-10-05,0.0498130502003874
1,2013-10-06,0.04952782195278902
1,2013-10-07,0.049932758035299264
1,2013-10-08,0.05183601061552818
1,2013-10-09,0.05283202911744591
1,2013-10-10,0.05240483740237563
1,2013-10-11,0.05173432513608302
1,2013-10-12,0.051236613221339176
1,2013-10-13,0.05078877556695059
1,2013-10-14,0.050108633439321454
1,2013-10-15,0.05061961211488414
1,2013-10-16,0.05230509340290136
1,2013-10-17,0.05283260594670293
1,2013-10-18,0.05141560000649951
1,2013-10-19,0.05040913289532721
1,2013-10-20,0.05006758725708356
1,2013-10-21,0.05012120673628402
1,2013-10-22,0.05125665214698243
1,2013-10-23,0.052060930118761416
1,2013-10-24,0.051268690259081796
1,2013-10-25,0.0501531776400948
1,2013-10-26,0.05043523316978257
1,2013-10-27,0.051188413388476
1,2013-10-28,0.05175350995732973
1,2013-10-29,0.05221999520255841
1,2013-10-30,0.05181750679969649
1,2013-10-31,0.05182712527708586
1,2013-11-01,0.052309843236012774
1,2013-11-02,0.05240724228834546
1,2013-11-03,0.05236830658005608
1,2013-11-04,0.05250133998253409
1,2013-11-05,0.052959531466907385
1,2013-11-06,0.052365441912874094
1,2013-11-07,0.050936206643585204
1,2013-11-08,0.05077026862464793
1,2013-11-09,0.05076878479997774
1,2013-11-10,0.05094227054106034
1,2013-11-11,0.05250327731500783
1,2013-11-12,0.05375513400939089
1,2013-11-13,0.05316284993224289
1,2013-11-14,0.051885083440990576
1,2013-11-15,0.05132408444036996
1,2013-11-16,0.05177455441557692
1,2013-11-17,0.05225288114489953
1,2013-11-18,0.051722564248456115
1,2013-11-19,0.05052478616441779
1,2013-11-20,0.05062564346404331
1,2013-11-21,0.05222885600504405
1,2013-11-22,0.05231508626724152
1,2013-11-23,0.05136672519191082
1,2013-11-24,0.051189226630740874
1,2013-11-25,0.05121127163570808
1,2013-11-26,0.05122976722288475
1,2013-11-27,0.05119666783524048
1,2013-11-28,0.051282907326851306
1,2013-11-29,0.0519076332613593
1,2013-11-30,0.05319776024223911
1,2013-12-01,0.05431508339565854
1,2013-12-02,0.05567586481871768
1,2013-12-03,0.05668068673139591
1,2013-12-04,0.055431642256772176
1,2013-12-05,0.052779710264410466
1,2013-12-06,0.05096356681438356
1,2013-12-07,0.050485955407128545
1,2013-12-08,0.0514592398015466
1,2013-12-09,0.05287110645152971
1,2013-12-10,0.0523892432387041
1,2013-12-11,0.05142166393703971
1,2013-12-12,0.051709787823077835
1,2013-12-13,0.05176789887612252
1,2013-12-14,0.051973967182921584
1,2013-12-15,0.052942731516761744
1,2013-12-16,0.05249026380003499
1,2013-12-17,0.05219974203490101
1,2013-12-18,0.05419342104788608
1,2013-12-19,0.05495294886681367
1,2013-12-20,0.05358569983466956
1,2013-12-21,0.053172796397621215
1,2013-12-22,0.05295343833342079
1,2013-12-23,0.05138552952514232
1,2013-12-24,0.04987847724108559
1,2013-12-25,0.049317899581928365
1,2013-12-26,0.05022281150162058
1,2013-12-27,0.05156921018575025
1,2013-12-28,0.05166968766362614
1,2013-12-29,0.05130594200035084
1,2013-12-30,0.05176660312748992
1,2013-12-31,0.05232766989608132
1,2014-01-01,0.0524120416502086
1,2014-01-02,0.05249911029296736
1,2014-01-03,0.05349249653696216
1,2014-01-04,0.05519044340348166
1,2014-01-05,0.055161490929497695
1,2014-01-06,0.05359718398587857
1,2014-01-07,0.053224612326441205
1,2014-01-08,0.05313185859907543
1,2014-01-09,0.05265096081720653
1,2014-01-10,0.053004872689237495
1,2014-01-11,0.052470319194764185
1,2014-01-12,0.052024041883602934
1,2014-01-13,0.05304335262527656
1,2014-01-14,0.05313310250244746
1,2014-01-15,0.052527074323994304
1,2014-01-16,0.05240663824769188
1,2014-01-17,0.0524074320780574
1,2014-01-18,0.05240210352215011
1,2014-01-19,0.052417829272770826
1,2014-01-20,0.05241039493922791
1,2014-01-21,0.05252446488941072
1,2014-01-22,0.053300851867292075
1,2014-01-23,0.053808703526778
1,2014-01-24,0.05267480005108069
1,2014-01-25,0.052026773460461084
1,2014-01-26,0.053214888383228395
1,2014-01-27,0.05393770771258843
1,2014-01-28,0.05312083878675744
1,2014-01-29,0.05146171429589727
1,2014-01-30,0.05084482403683392
1,2014-01-31,0.05116767569000889
1,2014-02-01,0.051198835959244224
1,2014-02-02,0.051163933426420165
1,2014-02-03,0.05079106948480191
1,2014-02-04,0.050932782183317975
1,2014-02-05,0.052338264290180736
1,2014-02-06,0.05280141863778353
1,2014-02-07,0.05137415368245851
1,2014-02-08,0.05013194402398151
1,2014-02-09,0.04974587265814021
1,2014-02-10,0.04977164192164074
1,2014-02-11,0.050107954204167963
1,2014-02-12,0.051177745839407526
1,2014-02-13,0.051631450145004816
1,2014-02-14,0.051318303861461904
1,2014-02-15,0.05167249327485315
1,2014-02-16,0.051673883565999036
1,2014-02-17,0.05083547192217504
1,2014-02-18,0.050491042149075384
1,2014-02-19,0.051331187844202826
1,2014-02-20,0.052256045994123354
1,2014-02-21,0.05252337325913795
1,2014-02-22,0.05311301998105034
1,2014-02-23,0.053247931639221265
1,2014-02-24,0.0536084767565408
1,2014-02-25,0.0555424562571528
1,2014-02-26,0.05647007402844929
1,2014-02-27,0.05448833690709096
1,2014-02-28,0.052152443979582186
1,2014-03-01,0.05170177961524144
1,2014-03-02,0.05126231191152029
1,2014-03-03,0.050197385955513624
1,2014-03-04,0.050509675454143144
1,2014-03-05,0.05179499156783617
1,2014-03-06,0.0522620971674727
1,2014-03-07,0.0517698571451846
1,2014-03-08,0.05134717571803281
1,2014-03-09,0.05168624255819789
1,2014-03-10,0.05175445686254458
1,2014-03-11,0.05181584844520782
1,2014-03-12,0.052241136999668
1,2014-03-13,0.05178696944345187
1,2014-03-14,0.05130021191162268
1,2014-03-15,0.05134614612725289
1,2014-03-16,0.05259076102093561
1,2014-03-17,0.05381346855438817
1,2014-03-18,0.053156120303365265
1,2014-03-19,0.05146714424758034
1,2014-03-20,0.05099597106867555
1,2014-03-21,0.052309549490436404
1,2014-03-22,0.052332296774100846
1,2014-03-23,0.05149466082965139
1,2014-03-24,0.05261223947192213
1,2014-03-25,0.054023377335574184
1,2014-03-26,0.05423765069433822
1,2014-03-27,0.054271172426822334
1,2014-03-28,0.05417371977172843
1,2014-03-29,0.05331176158683971
1,2014-03-30,0.05305233062426445
1,2014-03-31,0.05615868541299745
1,2014-04-01,0.05791591225971311
1,2014-04-02,0.055153018395381836
1,2014-04-03,0.05355177010411424
1,2014-04-04,0.05394701796984037
1,2014-04-05,0.05328198524131323
1,2014-04-06,0.051909412908428806
1,2014-04-07,0.05132552771196463
1,2014-04-08,0.05178491112570292
1,2014-04-09,0.05229340964725234
1,2014-04-10,0.05228599050091228
1,2014-04-11,0.051672181552780694
1,2014-04-12,0.05048270348833456
1,2014-04-13,0.049556064561859334
1,2014-04-14,0.04958086562387854
1,2014-04-15,0.05120554643114376
1,2014-04-16,0.053813297888107355
1,2014-04-17,0.05393561338754198
1,2014-04-18,0.05217429316726222
1,2014-04-19,0.052446220494413484
1,2014-04-20,0.052862241349040426
1,2014-04-21,0.05141718971416122
1,2014-04-22,0.0501532485859756
1,2014-04-23,0.0501459601867008
1,2014-04-24,0.05140158249168928
1,2014-04-25,0.05292055583655849
1,2014-04-26,0.05294752404784538
1,2014-04-27,0.05142236973448997
1,2014-04-28,0.050912226978677824
1,2014-04-29,0.051567980757073875
1,2014-04-30,0.05088552302727377
1,2014-05-01,0.05025984376097282
1,2014-05-02,0.051915673418940086
1,2014-05-03,0.05301450108656844
1,2014-05-04,0.05359570383258529
1,2014-05-05,0.054936912923650015
1,2014-05-06,0.054196941709203965
1,2014-05-07,0.05217950247059833
1,2014-05-08,0.05267918061995782
1,2014-05-09,0.053723332289481146
1,2014-05-10,0.052141712179302864
1,2014-05-11,0.05192936837681979
1,2014-05-12,0.0554906118074442
1,2014-05-13,0.05624325863505191
1,2014-05-14,0.053136909371142065
1,2014-05-15,0.051346127970142284
1,2014-05-16,0.051302222708471804
1,2014-05-17,0.05180391072732735
1,2014-05-18,0.052224184233604566
1,2014-05-19,0.051383509090037145
1,2014-05-20,0.05166413450449821
1,2014-05-21,0.05412093143917013
1,2014-05-22,0.05493698519801398
1,2014-05-23,0.0534674633933589
1,2014-05-24,0.052425146979190505
1,2014-05-25,0.05177047306989209
1,2014-05-26,0.05087726070435558
1,2014-05-27,0.05094896967426186
1,2014-05-28,0.0523865663950983
1,2014-05-29,0.05291155423001087
1,2014-05-30,0.05201507316196114
1,2014-05-31,0.05261509074491227
1,2014-06-01,0.053805341629879794
1,2014-06-02,0.05320693812266717
1,2014-06-03,0.05195145067204661
1,2014-06-04,0.051954692023505195
1,2014-06-05,0.053195529859614905
1,2014-06-06,0.054051821018248944
1,2014-06-07,0.053884868565970315
1,2014-06-08,0.05205897974555433
1,2014-06-09,0.05064320705163725
1,2014-06-10,0.05190140248204396
1,2014-06-11,0.052902376880289155
1,2014-06-12,0.05248055708354109
1,2014-06-13,0.052218373624299756
1,2014-06-14,0.051285856152910224
1,2014-06-15,0.050432156528411695
1,2014-06-16,0.05038626236627549
1,2014-06-17,0.05076013661926802
1,2014-06-18,0.051148000537625
1,2014-06-19,0.051236422716942946
1,2014-06-20,0.05187045826110063
1,2014-06-21,0.05300932957850562
1,2014-06-22,0.05300719904012353
1,2014-06-23,0.051999399695434566
1,2014-06-24,0.05234151449881461
1,2014-06-25,0.052245755524191743
1,2014-06-26,0.05062390045832706
1,2014-06-27,0.05051882510811581
1,2014-06-28,0.05183561037887079
1,2014-06-29,0.05299286939719788
1,2014-06-30,0.052987090288695124
1,2014-07-01,0.05188242873623826
1,2014-07-02,0.051264118680240736
1,2014-07-03,0.051351174683048506
1,2014-07-04,0.05239757829165158
1,2014-07-05,0.05296024376737797
1,2014-07-06,0.05248928312034431
1,2014-07-07,0.05221527632984432
1,2014-07-08,0.05095847396203506
1,2014-07-09,0.05019023009235189
1,2014-07-10,0.05130365937465488
1,2014-07-11,0.052178064580870515
1,2014-07-12,0.05178029504819966
1,2014-07-13,0.051389251643126896
1,2014-07-14,0.05257184048666402
1,2014-07-15,0.053777572447288244
1,2014-07-16,0.05327906612776393
1,2014-07-17,0.05253476736716034
1,2014-07-18,0.052489593315935744
1,2014-07-19,0.053517090241812164
1,2014-07-20,0.054469377921550786
1,2014-07-21,0.05235701484952353
1,2014-07-22,0.049551372902417054
1,2014-07-23,0.04908420090859088
1,2014-07-24,0.04910922432343744
1,2014-07-25,0.04962482315336917
1,2014-07-26,0.05138697445061184
1,2014-07-27,0.052740143930445675
1,2014-07-28,0.051855952111840783
1,2014-07-29,0.04995481597317991
1,2014-07-30,0.05016523581752492
1,2014-07-31,0.05110437882164535
1,2014-08-01,0.051196742717082855
1,2014-08-02,0.05114498964374514
1,2014-08-03,0.05076234836213554
1,2014-08-04,0.05046621744163376
1,2014-08-05,0.051417058475709765
1,2014-08-06,0.05297497719896945
1,2014-08-07,0.05309509712271102
1,2014-08-08,0.0526015721856029
1,2014-08-09,0.05348711289038488
1,2014-08-10,0.054971928493668006
1,2014-08-11,0.054109396365223925
1,2014-08-12,0.05161277878238654
1,2014-08-13,0.050908274687048775
1,2014-08-14,0.05169111149470113
1,2014-08-15,0.05176317998597276
1,2014-08-16,0.051792745846116484
1,2014-08-17,0.052211458024512325
1,2014-08-18,0.05167312934244411
1,2014-08-19,0.05050275615116134
1,2014-08-20,0.049803521127389484
1,2014-08-21,0.050385232085684274
1,2014-08-22,0.05065129510321759
1,2014-08-23,0.05010925817886857
1,2014-08-24,0.05058609635397705
1,2014-08-25,0.05232766913481528
1,2014-08-26,0.052960229085043185
1,2014-08-27,0.05242675644270213
1,2014-08-28,0.0518175760489352
1,2014-08-29,0.051948011676086474
1,2014-08-30,0.05290940913516021
1,2014-08-31,0.05237530647004203
1,2014-09-01,0.05098821754396393
1,2014-09-02,0.051345661803324824
1,2014-09-03,0.05220514936565463
1,2014-09-04,0.05181696436553565
1,2014-09-05,0.05180736813592218
1,2014-09-06,0.05216016262783413
1,2014-09-07,0.051318053230240045
1,2014-09-08,0.04989763481026664
1,2014-09-09,0.05032679597585076
1,2014-09-10,0.052242902694761534
1,2014-09-11,0.05230619368146186
1,2014-09-12,0.051469055676641486
1,2014-09-13,0.0525843556133661
1,2014-09-14,0.05372231469710896
1,2014-09-15,0.052639595815141375
1,2014-09-16,0.05216622120053251
1,2014-09-17,0.054169554668327145
1,2014-09-18,0.054829504114275444
1,2014-09-19,0.052790794365592045
1,2014-09-20,0.05097245603385937
1,2014-09-21,0.05095756761681329
1,2014-09-22,0.05223041416451124
1,2014-09-23,0.05176994404535233
1,2014-09-24,0.04942376499482845
1,2014-09-25,0.048854565337971986
1,2014-09-26,0.050633916078287045
1,2014-09-27,0.05159486650791171
1,2014-09-28,0.050553554610094344
1,2014-09-29,0.05079203426996554
1,2014-09-30,0.05345537023845128
1,2014-10-01,0.05488998888906092
1,2014-10-02,0.05429052461680477
1,2014-10-03,0.05303948128414431
1,2014-10-04,0.05104921414328319
1,2014-10-05,0.049812185530805006
1,2014-10-06,0.04953088011942385
1,2014-10-07,0.04993927527362482
1,2014-10-08,0.05184435537590519
1,2014-10-09,0.052842436114562415
1,2014-10-10,0.052415622346174605
1,2014-10-11,0.05174216713132099
1,2014-10-12,0.05124028186098993
1,2014-10-13,0.05079061926065138
1,2014-10-14,0.0501114353321712
1,2014-10-15,0.05062319322795126
1,2014-10-16,0.05230788785679755
1,2014-10-17,0.05283445163303445
1,2014-10-18,0.051417425323178216
1,2014-10-19,0.050412366093603035
1,2014-10-20,0.05007281868010738
1,2014-10-21,0.05012550964367535
1,2014-10-22,0.0512597803858523
1,2014-10-23,0.05206625461062788
1,2014-10-24,0.05127463371876906
1,2014-10-25,0.05015712707037512
1,2014-10-26,0.05044072010785703
1,2014-10-27,0.05119685429040557
1,2014-10-28,0.05176050137262717
1,2014-10-29,0.05222492862531845
1,2014-10-30,0.051823633554151864
1,2014-10-31,0.05183303837995522
1,2014-11-01,0.05231380505032264
1,2014-11-02,0.05241315937590178
1,2014-11-03,0.05237714835306189
1,2014-11-04,0.05250771251830904
1,2014-11-05,0.05296311971511664
1,2014-11-06,0.05237382968941164
1,2014-11-07,0.050951086106867424
1,2014-11-08,0.05078439265205427
1,2014-11-09,0.0507786795499224
1,2014-11-10,0.050951208337091033
1,2014-11-11,0.052514717054074275
1,2014-11-12,0.053768477023956034
1,2014-11-13,0.053174725971801735
1,2014-11-14,0.05189379161838472
1,2014-11-15,0.051331161487944
1,2014-11-16,0.05178304307030467
1,2014-11-17,0.052264924988496456
1,2014-11-18,0.05173708023512647
1,2014-11-19,0.05053657349587677
1,2014-11-20,0.05062894316886654
1,2014-11-21,0.05222430659224512
1,2014-11-22,0.052310318232387056
1,2014-11-23,0.05136891187394318
1,2014-11-24,0.051199863825228946
1,2014-11-25,0.051225798552473674
1,2014-11-26,0.05124166983614226
1,2014-11-27,0.05120248302257158
1,2014-11-28,0.05128213165537211
1,2014-11-29,0.05190280527090681
1,2014-11-30,0.05319001474739482
1,2014-12-01,0.05430353007732692
1,2014-12-02,0.05566228047463148
1,2014-12-03,0.05666760569850967
1,2014-12-04,0.0554214663886215
1,2014-12-05,0.05277679038965484
1,2014-12-06,0.05096679698468923
1,2014-12-07,0.050489067420111465
1,2014-12-08,0.05146038011090658
1,2014-12-09,0.05287027775688933
1,2014-12-10,0.05238637048023408
1,2014-12-11,0.05141813831934445
1,2014-12-12,0.05170441404543907
1,2014-12-13,0.05175840897202253
1,2014-12-14,0.05196349288714577
1,2014-12-15,0.052932698659633036
1,2014-12-16,0.05247567648323638
1,2014-12-17,0.05218283615104873
1,2014-12-18,0.05418305527603691
1,2014-12-19,0.05494898575295848
1,2014-12-20,0.053582403571982656
1,2014-12-21,0.053171018584031095
1,2014-12-22,0.05295615530709434
1,2014-12-23,0.05139262789327547
1,2014-12-24,0.04988743243083049
1,2014-12-25,0.049325296232076286
1,2014-12-26,0.050227685652799156
1,2014-12-27,0.05157545850840696
1,2014-12-28,0.05168039872140395
1,2014-12-29,0.05131671959151233
1,2014-12-30,0.051773837782836805
1,2014-12-31,0.05233444242931037
1,2015-01-01,0.05241955096245837
1,2015-01-02,0.05250972210848822
1,2015-01-03,0.053512964460422745
1,2015-01-04,0.055221007540005716
1,2015-01-05,0.05519132452184491
1,2015-01-06,0.05361121178015269
1,2015-01-07,0.05321803634691886
1,2015-01-08,0.05311663503363605
1,2015-01-09,0.0526394224129439
1,2015-01-10,0.053004747893197555
1,2015-01-11,0.052486038753538175
1,2015-01-12,0.05204194889783051
1,2015-01-13,0.053045334024575966
1,2015-01-14,0.053120724385070366
1,2015-01-15,0.05251106070696321
1,2015-01-16,0.05239872478131409
1,2015-01-17,0.052414094853462365
1,2015-01-18,0.05241608483217001
1,2015-01-19,0.05242881185846384
1,2015-01-20,0.05240737382572532
1,2015-01-21,0.05250549640847658
1,2015-01-22,0.05328215384221025
1,2015-01-23,0.05379886940703171
1,2015-01-24,0.05267032166871734
1,2015-01-25,0.052032293557831635
1,2015-01-26,0.053232937429397886
1,2015-01-27,0.053955033743803255
1,2015-01-28,0.053122811866413606
1,2015-01-29,0.05145187049186343
1,2015-01-30,0.050836054882641125
1,2015-01-31,0.05116267546340125
1,2015-02-01,0.05119226491349462
1,2015-02-02,0.05115773984208008
1,2015-02-03,0.05079143425332195
1,2015-02-04,0.05093891360827429
1,2015-02-05,0.052345143860048134
1,2015-02-06,0.05280790427848925
1,2015-02-07,0.05138097104126772
1,2015-02-08,0.050138951376029674
1,2015-02-09,0.04975509861333705
1,2015-02-10,0.049785561282152654
1,2015-02-11,0.05012503872335264
1,2015-02-12,0.05119242918204618
1,2015-02-13,0.05163685511312927
1,2015-02-14,0.05131368610462468
1,2015-02-15,0.051666121778497054
1,2015-02-16,0.05167194252221347
1,2015-02-17,0.05083542506640916
1,2015-02-18,0.05048737950219262
1,2015-02-19,0.051324535891132846
1,2015-02-20,0.05225534232511215
1,2015-02-21,0.052531016606193234
1,2015-02-22,0.053121375741985756
1,2015-02-23,0.05325259106101375
1,2015-02-24,0.053612425172623525
1,2015-02-25,0.055552345939517606
1,2015-02-26,0.05648907161702563
1,2015-02-27,0.054512015349288935
1,2015-02-28,0.05217556659628306
1,2015-03-01,0.05172068288191936
1,2015-03-02,0.05127469843465218
1,2015-03-03,0.05020266084266983
1,2015-03-04,0.0505046534302983
1,2015-03-05,0.051780312529202635
1,2015-03-06,0.052247263517941206
1,2015-03-07,0.05176097141207847
1,2015-03-08,0.05134355080806828
1,2015-03-09,0.05168908409193493
1,2015-03-10,0.05176252618330056
1,2015-03-11,0.051821995555775754
1,2015-03-12,0.052238852402742106
1,2015-03-13,0.051777969084788676
1,2015-03-14,0.051294338469104916
1,2015-03-15,0.051346792289015314
1,2015-03-16,0.05258963336092639
1,2015-03-17,0.05380248133636086
1,2015-03-18,0.05314277159145149
1,2015-03-19,0.05146578554427363
1,2015-03-20,0.05100284548008469
1,2015-03-21,0.052311743765045216
1,2015-03-22,0.052331947942929787
1,2015-03-23,0.051501173498473586
1,2015-03-24,0.052616618049004395
1,2015-03-25,0.054013772506435
1,2015-03-26,0.05422003633808181
1,2015-03-27,0.05425423824848767
1,2015-03-28,0.0541619903695736
1,2015-03-29,0.05331142618829622
1,2015-03-30,0.05306821853460206
1,2015-03-31,0.0561810355380203
1,2015-04-01,0.05792776460054975
1,2015-04-02,0.05515089120999364
1,2015-04-03,0.053545005922155955
1,2015-04-04,0.05394491046997477
1,2015-04-05,0.05328529405100709
1,2015-04-06,0.051915447395017716
1,2015-04-07,0.051333272720769506
1,2015-04-08,0.05179027876100934
1,2015-04-09,0.05229192050732635
1,2015-04-10,0.05228098022357352
1,2015-04-11,0.051670798172314895
1,2015-04-12,0.05048663829262153
1,2015-04-13,0.04956133644851875
1,2015-04-14,0.049583363916782384
1,2015-04-15,0.051206501826362466
1,2015-04-16,0.053817409653916674
1,2015-04-17,0.053940752165660334
1,2015-04-18,0.0521746617161303
1,2015-04-19,0.052441183214115714
1,2015-04-20,0.05285318068088626
1,2015-04-21,0.05140889749615093
1,2015-04-22,0.05015382249659619
1,2015-04-23,0.05015380228409378
1,2015-04-24,0.05140809414614144
1,2015-04-25,0.05292321290926562
1,2015-04-26,0.05294790934704134
1,2015-04-27,0.05142334734405913
1,2015-04-28,0.05091642250000271
1,2015-04-29,0.05157323856491122
1,2015-04-30,0.050887667430791796
1,2015-05-01,0.05025927652456904
1,2015-05-02,0.051913639033159695
1,2015-05-03,0.05301006181329914
1,2015-05-04,0.05359037062428339
1,2015-05-05,0.054932142481035284
1,2015-05-06,0.054193803961889234
1,2015-05-07,0.05217925780984454
1,2015-05-08,0.05268059216013749
1,2015-05-09,0.05372767221021327
1,2015-05-10,0.05215316268343381
1,2015-05-11,0.051944709776834706
1,2015-05-12,0.05549900989971129
1,2015-05-13,0.05623917774795826
1,2015-05-14,0.05312674219301657
1,2015-05-15,0.05134077137065784
1,2015-05-16,0.05130377625274452
1,2015-05-17,0.0518026764864401
1,2015-05-18,0.052213780384581625
1,2015-05-19,0.051368823298849495
1,2015-05-20,0.05165542113938828
1,2015-05-21,0.05412859682893814
1,2015-05-22,0.054955418695130036
1,2015-05-23,0.053476985193398184
1,2015-05-24,0.05242058201386392
1,2015-05-25,0.05176640050860754
1,2015-05-26,0.050887310477045575
1,2015-05-27,0.050969266892025925
1,2015-05-28,0.0524019386502088
1,2015-05-29,0.05291489874703508
1,2015-05-30,0.05200916868709918
1,2015-05-31,0.052606619903586796
1,2015-06-01,0.05379947219627096
1,2015-06-02,0.053202792781116906
1,2015-06-03,0.05194497252969834
1,2015-06-04,0.05194736529511208
1,2015-06-05,0.053193632276122144
1,2015-06-06,0.05405587544527759
1,2015-06-07,0.05388923599733483
1,2015-06-08,0.052059857569288444
1,2015-06-09,0.05064405120872792
1,2015-06-10,0.05190649571390395
1,2015-06-11,0.05290897473680703
1,2015-06-12,0.05248493199173584
1,2015-06-13,0.05222127750134042
1,2015-06-14,0.05128820658958771
1,2015-06-15,0.05043270825200146
1,2015-06-16,0.05038465160490686
1,2015-06-17,0.05075824215361552
1,2015-06-18,0.05114849796306337
1,2015-06-19,0.05123972194961625
1,2015-06-20,0.051874956648552274
1,2015-06-21,0.053013416141349
1,2015-06-22,0.053009646152554414
1,2015-06-23,0.05200003166806935
1,2015-06-24,0.052341170345408354
1,2015-06-25,0.05224503265653659
1,2015-06-26,0.05062378296517928
1,2015-06-27,0.050521841362110645
1,2015-06-28,0.05184330470035213
1,2015-06-29,0.05300277881941961
1,2015-06-30,0.05299584654305677
1,2015-07-01,0.05189011786806828
1,2015-07-02,0.051271588165615306
1,2015-07-03,0.05135604752355129
1,2015-07-04,0.05239749936998589
1,2015-07-05,0.05295798068399248
1,2015-07-06,0.05249172231747321
1,2015-07-07,0.05222576539343535
1,2015-07-08,0.0509709473386172
1,2015-07-09,0.05019600525876205
1,2015-07-10,0.05130331197088164
1,2015-07-11,0.05217775100757845
1,2015-07-12,0.0517810087757121
1,2015-07-13,0.05138844201782041
1,2015-07-14,0.05257012176533965
1,2015-07-15,0.05377670754800368
1,2015-07-16,0.053279416374803705
1,2015-07-17,0.052536725637411553
1,2015-07-18,0.0524934702731547
1,2015-07-19,0.053520278351401655
1,2015-07-20,0.054468411537909954
1,2015-07-21,0.052352362278395626
1,2015-07-22,0.049548137728447086
1,2015-07-23,0.04908644172458187
1,2015-07-24,0.04911288883996701
1,2015-07-25,0.04962295888605065
1,2015-07-26,0.05137877860632511
1,2015-07-27,0.05273200290924227
1,2015-07-28,0.05185323381354818
1,2015-07-29,0.04995540525204568
1,2015-07-30,0.050164378333987625
1,2015-07-31,0.05110263106343568
1,2015-08-01,0.05119794599175412
1,2015-08-02,0.051148855109269885
1,2015-08-03,0.050766318043677365
1,2015-08-04,0.05046934219026798
1,2015-08-05,0.05141867574509215
1,2015-08-06,0.05297555786056385
1,2015-08-07,0.0530964194005805
1,2015-08-08,0.05260354565973059
1,2015-08-09,0.05348727476788086
1,2015-08-10,0.05496967236880978
1,2015-08-11,0.05410740994491478
1,2015-08-12,0.051613398356767995
1,2015-08-13,0.050910285472537786
1,2015-08-14,0.05169179071332378
1,2015-08-15,0.051761791634548554
1,2015-08-16,0.05179130965890874
1,2015-08-17,0.0522112418754566
1,2015-08-18,0.051673434108555474
1,2015-08-19,0.05050288796377931
1,2015-08-20,0.049802775906718194
1,2015-08-21,0.050383669032511326
1,2015-08-22,0.05065114645466287
1,2015-08-23,0.05011249505945177
1,2015-08-24,0.05058966142725501
1,2015-08-25,0.052325757996714906
1,2015-08-26,0.05295207566355194
1,2015-08-27,0.05241862979022225
1,2015-08-28,0.05181479344484658
1,2015-08-29,0.051949367642576835
1,2015-08-30,0.052911342751909445
1,2015-08-31,0.05237425859455858
1,2015-09-01,0.050983848063502216
1,2015-09-02,0.05134066246483437
1,2015-09-03,0.052199595839373385
1,2015-09-04,0.05181239656898356
1,2015-09-05,0.05180378515243139
1,2015-09-06,0.05215468995429037
1,2015-09-07,0.051312307454710084
1,2015-09-08,0.04989331572889529
1,2015-09-09,0.050322831806203124
1,2015-09-10,0.05224014981625876
1,2015-09-11,0.0523058583293885
1,2015-09-12,0.05146810307641479
1,2015-09-13,0.05257853928506627
1,2015-09-14,0.053713728429748774
1,2015-09-15,0.05263669507968435
1,2015-09-16,0.05217441001469602
1,2015-09-17,0.05418432073898431
1,2015-09-18,0.05484160443697682
1,2015-09-19,0.05279638019685362
1,2015-09-20,0.05097377151891406
1,2015-09-21,0.05095558890855648
1,2015-09-22,0.05222532663493801
1,2015-09-23,0.05176477087593308
1,2015-09-24,0.04942148656294837
1,2015-09-25,0.0488553509966683
1,2015-09-26,0.05063193130609106
1,2015-09-27,0.051585406591079304
1,2015-09-28,0.0505391143915686
1,2015-09-29,0.05077927658057389
1,2015-09-30,0.05345128991630044
1,2015-10-01,0.05488959559697145
1,2015-10-02,0.0542835830883128
1,2015-10-03,0.053030998336604955
1,2015-10-04,0.051051494961209025
1,2015-10-05,0.04982445728408583
1,2015-10-06,0.04954258942176669
1,2015-10-07,0.04994732649906
1,2015-10-08,0.05185267120291385
1,2015-10-09,0.05285108540577139
1,2015-10-10,0.052420148562774826
1,2015-10-11,0.051742689973126914
1,2015-10-12,0.051245900185059534
1,2015-10-13,0.05080513291230403
1,2015-10-14,0.050125221168181
1,2015-10-15,0.050631472578662705
1,2015-10-16,0.0523168940175254
1,2015-10-17,0.052844810788980054
1,2015-10-18,0.05142790193607905
1,2015-10-19,0.050424104417558846
1,2015-10-20,0.05008361173258683
1,2015-10-21,0.05013417381098619
1,2015-10-22,0.05126722062874987
1,2015-10-23,0.05207134014831429
1,2015-10-24,0.05127647315233894
1,2015-10-25,0.05015779222963113
1,2015-10-26,0.05044110578828723
1,2015-10-27,0.05119577346053572
1,2015-10-28,0.051757643911513364
1,2015-10-29,0.05222097559041385
1,2015-10-30,0.05182025708044831
1,2015-10-31,0.051831514196327075
1,2015-11-01,0.0523121909994069
1,2015-11-02,0.052407958621308384
1,2015-11-03,0.05236969114290007
1,2015-11-04,0.05250321811340176
1,2015-11-05,0.05296157515511246
1,2015-11-06,0.052370218145060835
1,2015-11-07,0.050943975644604775
1,2015-11-08,0.05077588275095842
1,2015-11-09,0.050770261161033364
1,2015-11-10,0.050944643603946356
1,2015-11-11,0.05251120531439046
1,2015-11-12,0.053767043664247866
1,2015-11-13,0.053173857758479874
1,2015-11-14,0.05189175185688925
1,2015-11-15,0.05132668908587733
1,2015-11-16,0.05177639298487462
1,2015-11-17,0.052256483531792415
1,2015-11-18,0.0517270017267581
1,2015-11-19,0.05052680384643328
1,2015-11-20,0.05062318035725617
1,2015-11-21,0.0522250064082265
1,2015-11-22,0.05231428511561652
1,2015-11-23,0.05137059268483771
1,2015-11-24,0.051197023367388655
1,2015-11-25,0.05121939025193005
1,2015-11-26,0.05123383378950836
1,2015-11-27,0.05119667546922797
1,2015-11-28,0.05128215735237137
1,2015-11-29,0.05190751984154371
1,2015-11-30,0.05319636290936477
1,2015-12-01,0.05431229510497003
1,2015-12-02,0.05567441017315289
1,2015-12-03,0.05668032797732486
1,2015-12-04,0.055429802514437396
1,2015-12-05,0.0527784182553771
1,2015-12-06,0.050966196428962475
1,2015-12-07,0.05049056635071942
1,2015-12-08,0.051460895770065566
1,2015-12-09,0.05286654444401818
1,2015-12-10,0.05238247154651418
1,2015-12-11,0.05141946866594434
1,2015-12-12,0.051708848229539105
1,2015-12-13,0.051760643393595374
1,2015-12-14,0.05196395299105137
1,2015-12-15,0.05293400189170611
1,2015-12-16,0.05247609876339417
1,2015-12-17,0.05217980588798672
1,2015-12-18,0.054180082457646626
1,2015-12-19,0.05495090596923484
1,2015-12-20,0.05358605772051178
1,2015-12-21,0.053172342403061165
1,2015-12-22,0.05295824660227288
1,2015-12-23,0.051396182675423646
1,2015-12-24,0.04988851081517236
1,2015-12-25,0.04932304145758261
1,2015-12-26,0.050222708398999866
1,2015-12-27,0.05156737432411142
1,2015-12-28,0.05167293989185268
1,2015-12-29,0.05131469802565253
1,2015-12-30,0.05177536406202168
1,2015-12-31,0.05233319672461003
1,2016-01-01,0.05241521967095258
1,2016-01-02,0.052503285235002174
1,2016-01-03,0.05350070111060138
1,2016-01-04,0.05520308362845028
1,2016-01-05,0.055172862102278675
1,2016-01-06,0.05359963916077377
1,2016-01-07,0.05321750701722926
1,2016-01-08,0.053121793844684524
1,2016-01-09,0.05264354779250831
1,2016-01-10,0.053004189541419264
1,2016-01-11,0.05248017148726013
1,2016-01-12,0.05203505172942226
1,2016-01-13,0.05303911170466227
1,2016-01-14,0.05311386091202214
1,2016-01-15,0.05250718635191325
1,2016-01-16,0.05239881883525035
1,2016-01-17,0.05241319085734281
1,2016-01-18,0.05241179903927902
1,2016-01-19,0.05242250099892241
1,2016-01-20,0.05240331021570179
1,2016-01-21,0.052507082372260976
1,2016-01-22,0.05328699381216524
1,2016-01-23,0.053801091793564806
1,2016-01-24,0.05266801896222085
1,2016-01-25,0.05203004626794479
1,2016-01-26,0.05323464469842353
1,2016-01-27,0.05395911496201785
1,2016-01-28,0.05312977206213081
1,2016-01-29,0.05146523439301968
1,2016-01-30,0.05085312916120334
1,2016-01-31,0.05117830246052609
1,2016-02-01,0.05120426011759788
1,2016-02-02,0.05116432589998895
1,2016-02-03,0.050793818951416
1,2016-02-04,0.05094113931006271
1,2016-02-05,0.05234798052866284
1,2016-02-06,0.052807756707081134
1,2016-02-07,0.051377147245802515
1,2016-02-08,0.05013593532860816
1,2016-02-09,0.04975710866320412
1,2016-02-10,0.04979299266822467
1,2016-02-11,0.05013409448826309
1,2016-02-12,0.05119881029524855
1,2016-02-13,0.05163842909259021
1,2016-02-14,0.05131068824464652
1,2016-02-15,0.051662359594054935
1,2016-02-16,0.05167198312863684
1,2016-02-17,0.05083827694379977
1,2016-02-18,0.05048853409924354
1,2016-02-19,0.05132393614626934
1,2016-02-20,0.05225597424854964
1,2016-02-21,0.05253406448199337
1,2016-02-22,0.053126339203403705
1,2016-02-23,0.05325797332810492
1,2016-02-24,0.05361760426867286
1,2016-02-25,0.055557705322191786
1,2016-02-26,0.056491735571855925
1,2016-02-27,0.05450889754971565
1,2016-02-28,0.05217023797173821
1,2016-02-29,0.051717150539343185
1,2016-03-01,0.05127252035710622
1,2016-03-02,0.05020107204517355
1,2016-03-03,0.05050365889927145
1,2016-03-04,0.051779274681959434
1,2016-03-05,0.05224539728575772
1,2016-03-06,0.051758459304308696
1,2016-03-07,0.05133985682925022
1,2016-03-08,0.05168164215781794
1,2016-03-09,0.05175078626472572
1,2016-03-10,0.051810653897329605
1,2016-03-11,0.05223375840273327
1,2016-03-12,0.051778243174544276
1,2016-03-13,0.0512934313046702
1,2016-03-14,0.05134282523329105
1,2016-03-15,0.05258689977054662
1,2016-03-16,0.053803198020011773
1,2016-03-17,0.053143603895445465
1,2016-03-18,0.05146400549737973
1,2016-03-19,0.05100061250218226
1,2016-03-20,0.052312649958819214
1,2016-03-21,0.05233605467715512
1,2016-03-22,0.051504985999079
1,2016-03-23,0.052618091427850684
1,2016-03-24,0.054013561780674284
1,2016-03-25,0.05421911021099588
1,2016-03-26,0.05425277031206691
1,2016-03-27,0.05415962882914886
1,2016-03-28,0.0533070179730508
1,2016-03-29,0.05305990542779995
1,2016-03-30,0.056169511477867536
1,2016-03-31,0.05791597078221547
1,2016-04-01,0.05514106392772116
1,2016-04-02,0.0535376667478098
1,2016-04-03,0.05393859919719177
1,2016-04-04,0.05327934484982287
1,2016-04-05,0.051908016007680705
1,2016-04-06,0.051321737955627424
1,2016-04-07,0.051779454520875914
1,2016-04-08,0.052288921050816055
1,2016-04-09,0.05228371870725063
1,2016-04-10,0.05167205764043562
1,2016-04-11,0.05048444816070451
1,2016-04-12,0.04955953940076909
1,2016-04-13,0.04958412697496487
1,2016-04-14,0.05120743796634771
1,2016-04-15,0.05381498108211615
1,2016-04-16,0.05393464556820763
1,2016-04-17,0.05216818388623838
1,2016-04-18,0.052437431878962854
1,2016-04-19,0.052854561044091246
1,2016-04-20,0.0514140860283682
1,2016-04-21,0.050156730115850284
1,2016-04-22,0.05015166840773258
1,2016-04-23,0.051402411629157575
1,2016-04-24,0.05291594274778217
1,2016-04-25,0.05294161814020718
1,2016-04-26,0.05141834580525035
1,2016-04-27,0.05090986543592096
1,2016-04-28,0.051566702073313826
1,2016-04-29,0.05088581861235063
1,2016-04-30,0.050260750173808925
1,2016-05-01,0.051914271221763224
1,2016-05-02,0.05300875396140898
1,2016-05-03,0.05358725687872884
1,2016-05-04,0.054927268439897654
1,2016-05-05,0.05418712982227083
1,2016-05-06,0.05217184701652139
1,2016-05-07,0.052673770648099714
1,2016-05-08,0.053719488430413846
1,2016-05-09,0.05214183015085255
1,2016-05-10,0.05193226800837347
1,2016-05-11,0.05548917770221722
1,2016-05-12,0.05623433525214324
1,2016-05-13,0.05312385748746919
1,2016-05-14,0.05133406227975734
1,2016-05-15,0.05129370427618238
1,2016-05-16,0.05179513606192212
1,2016-05-17,0.05221050421417817
1,2016-05-18,0.05136614739587691
1,2016-05-19,0.05165069728727811
1,2016-05-20,0.05412043279577948
1,2016-05-21,0.054944261196461695
1,2016-05-22,0.05346674920043354
1,2016-05-23,0.052414224188522957
1,2016-05-24,0.0517617988188249
1,2016-05-25,0.0508821679181956
1,2016-05-26,0.05096553416197978
1,2016-05-27,0.052401017371954246
1,2016-05-28,0.05291637544984791
1,2016-05-29,0.052012605265859206
1,2016-05-30,0.052610201888177395
1,2016-05-31,0.053801694484055224
1,2016-06-01,0.0532046924237446
1,2016-06-02,0.05194822323774712
1,2016-06-03,0.051952013962163375
1,2016-06-04,0.05319788006273519
1,2016-06-05,0.05405899405621501
1,2016-06-06,0.053892186193702014
1,2016-06-07,0.052063138049060965
1,2016-06-08,0.05064744014230918
1,2016-06-09,0.05191012213956047
1,2016-06-10,0.05291265559024306
1,2016-06-11,0.05248731493068134
1,2016-06-12,0.05222241230566558
1,2016-06-13,0.051290240789138825
1,2016-06-14,0.05043516086615079
1,2016-06-15,0.0503852852318952
1,2016-06-16,0.050757592669746665
1,2016-06-17,0.051147969340486835
1,2016-06-18,0.0512387765781846
1,2016-06-19,0.05187233665562135
1,2016-06-20,0.053009604557353346
1,2016-06-21,0.05300674310086679
1,2016-06-22,0.05199967045419418
1,2016-06-23,0.05234267630830014
1,2016-06-24,0.05224736226995045
1,2016-06-25,0.05062621947127188
1,2016-06-26,0.05052025579302543
1,2016-06-27,0.05183446798870582
1,2016-06-28,0.05299048925259996
1,2016-06-29,0.05298620049318949
1,2016-06-30,0.05188340504857767
1,2016-07-01,0.05126561969911885
1,2016-07-02,0.05135240360819579
1,2016-07-03,0.052397802796286135
1,2016-07-04,0.05295935436014437
1,2016-07-05,0.052488376507189696
1,2016-07-06,0.052214748152200965
1,2016-07-07,0.0509561444360244
1,2016-07-08,0.05018468651983527
1,2016-07-09,0.05129825242383548
1,2016-07-10,0.052175724159556576
1,2016-07-11,0.051779354359598795
1,2016-07-12,0.051388083703022745
1,2016-07-13,0.052570081545135566
1,2016-07-14,0.05377481081182232
1,2016-07-15,0.05327735176042772
1,2016-07-16,0.05253638348266349
1,2016-07-17,0.052494904274986993
1,2016-07-18,0.053525614882066745
1,2016-07-19,0.05447851465026176
1,2016-07-20,0.052363142420524235
1,2016-07-21,0.04955419626321989
1,2016-07-22,0.04908785654171746
1,2016-07-23,0.04911534459089204
1,2016-07-24,0.04963072155679869
1,2016-07-25,0.051392147146447534
1,2016-07-26,0.05274709674709438
1,2016-07-27,0.05186568931580398
1,2016-07-28,0.049966460966696394
1,2016-07-29,0.050178168650363036
1,2016-07-30,0.051117189802090714
1,2016-07-31,0.05120726047001516
1,2016-08-01,0.05115287685901273
1,2016-08-02,0.05076910434567997
1,2016-08-03,0.05047248215453396
1,2016-08-04,0.05142264321993692
1,2016-08-05,0.0529793970601213
1,2016-08-06,0.05309762238023146
1,2016-08-07,0.052599529182538296
1,2016-08-08,0.05347892938898062
1,2016-08-09,0.054962882339811205
1,2016-08-10,0.0541058504018093
1,2016-08-11,0.05161483799153081
1,2016-08-12,0.050911626139266836
1,2016-08-13,0.05169218590278935
1,2016-08-14,0.051762563025214973
1,2016-08-15,0.05179281777739711
1,2016-08-16,0.052212180273264484
1,2016-08-17,0.051673983693293214
1,2016-08-18,0.050504084140935435
1,2016-08-19,0.049804699683447105
1,2016-08-20,0.05038603776747484
1,2016-08-21,0.05065343957534013
1,2016-08-22,0.05011372589819543
1,2016-08-23,0.050591602261017506
1,2016-08-24,0.05233206547881074
1,2016-08-25,0.05296239243228542
1,2016-08-26,0.05242790675576942
1,2016-08-27,0.05181920496367897
1,2016-08-28,0.05194988085656605
1,2016-08-29,0.05291055397154162
1,2016-08-30,0.05237362303477378
1,2016-08-31,0.05098335939002869
1,2016-09-01,0.05133909897917839
1,2016-09-02,0.052197016510557394
1,2016-09-03,0.051810984190263545
1,2016-09-04,0.05180502810291416
1,2016-09-05,0.05215621522098129
1,2016-09-06,0.0513127387993303
1,2016-09-07,0.04989530968926184
1,2016-09-08,0.05032663895560919
1,2016-09-09,0.05224295876760558
1,2016-09-10,0.052307652492097775
1,2016-09-11,0.05147067327301169
1,2016-09-12,0.0525827915643665
1,2016-09-13,0.053718318034913205
1,2016-09-14,0.05263895178862981
1,2016-09-15,0.05217432336655202
1,2016-09-16,0.05418397816689101
1,2016-09-17,0.05484094397156669
1,2016-09-18,0.05279497689973231
1,2016-09-19,0.05097440844483301
1,2016-09-20,0.05095944919629729
1,2016-09-21,0.0522293433238691
1,2016-09-22,0.051767364447752574
1,2016-09-23,0.04942371235370477
1,2016-09-24,0.04885681762896341
1,2016-09-25,0.05063402029170001
1,2016-09-26,0.051592892867453895
1,2016-09-27,0.05055133321661875
1,2016-09-28,0.050790387746092826
1,2016-09-29,0.05345807401905571
1,2016-09-30,0.05489778029500115
1,2016-10-01,0.05429874257944763
1,2016-10-02,0.05304581102816989
1,2016-10-03,0.05105591141319356
1,2016-10-04,0.049819804000703134
1,2016-10-05,0.04953695499244425
1,2016-10-06,0.04994135815989837
1,2016-10-07,0.05184207624452424
1,2016-10-08,0.05283780159070412
1,2016-10-09,0.052411906039999526
1,2016-10-10,0.0517423451472462
1,2016-10-11,0.051245166382159375
1,2016-10-12,0.050799071198306914
1,2016-10-13,0.05012199413296253
1,2016-10-14,0.05063299953564244
1,2016-10-15,0.052314690780263455
1,2016-10-16,0.052839916564958615
1,2016-10-17,0.05142225224690917
1,2016-10-18,0.05041573705737582
1,2016-10-19,0.050079714426938045
1,2016-10-20,0.050140234377924066
1,2016-10-21,0.05127411529866899
1,2016-10-22,0.052073248434270275
1,2016-10-23,0.05128001042541168
1,2016-10-24,0.05016485602164253
1,2016-10-25,0.05044831260301309
1,2016-10-26,0.05120380005754257
1,2016-10-27,0.05176811463714435
1,2016-10-28,0.052232389285216764
1,2016-10-29,0.05182979781598846
1,2016-10-30,0.05183950351758774
1,2016-10-31,0.05232045253203393
1,2016-11-01,0.05241488266257921
1,2016-11-02,0.05237267333627362
1,2016-11-03,0.05250304569634446
1,2016-11-04,0.052960225486213174
1,2016-11-05,0.05236819299714443
1,2016-11-06,0.050941194953761586
1,2016-11-07,0.050773948109547586
1,2016-11-08,0.05077070086484843
1,2016-11-09,0.050946252974433115
1,2016-11-10,0.0525113110666852
1,2016-11-11,0.053764711630517804
1,2016-11-12,0.0531685268649303
1,2016-11-13,0.05188279215736439
1,2016-11-14,0.0513163458923822
1,2016-11-15,0.05176818417942732
1,2016-11-16,0.05225459202674551
1,2016-11-17,0.05173549212124052
1,2016-11-18,0.05054553701218786
1,2016-11-19,0.05064829039459195
1,2016-11-20,0.052249616908735884
1,2016-11-21,0.05233138404746957
1,2016-11-22,0.05137838803486948
1,2016-11-23,0.05119819787215427
1,2016-11-24,0.05121664859436234
1,2016-11-25,0.05123122563569561
1,2016-11-26,0.05119947116166271
1,2016-11-27,0.05129122752702822
1,2016-11-28,0.05191983627679996
1,2016-11-29,0.053210662673085315
1,2016-11-30,0.05432708148865091
1,2016-12-01,0.05568642710985958
1,2016-12-02,0.0566904711002139
1,2016-12-03,0.055441338437659596
1,2016-12-04,0.052789447154697446
1,2016-12-05,0.050973173204128634
1,2016-12-06,0.05049386730959621
1,2016-12-07,0.051464445504347825
1,2016-12-08,0.05287432662210873
1,2016-12-09,0.052390710588237875
1,2016-12-10,0.05142161081724651
1,2016-12-11,0.05170702820752947
1,2016-12-12,0.05176077238034182
1,2016-12-13,0.05196772117688292
1,2016-12-14,0.0529399564696755
1,2016-12-15,0.05248512249174984
1,2016-12-16,0.05219231771604056
1,2016-12-17,0.05419139451019404
1,2016-12-18,0.05495772637528586
1,2016-12-19,0.053592185006795204
1,2016-12-20,0.05317884779336572
1,2016-12-21,0.052960120478615307
1,2016-12-22,0.05139542064785706
1,2016-12-23,0.049891093259798826
1,2016-12-24,0.04932658851910925
1,2016-12-25,0.050224132569779416
1,2016-12-26,0.0515691809466732
1,2016-12-27,0.05167685291571632
1,2016-12-28,0.05131948722738139
1,2016-12-29,0.05177685318975212
1,2016-12-30,0.052331926415746924
1,2016-12-31,0.052332567903952625
1,2017-01-01,0.05241819085491064
1,2017-01-02,0.05251183578157383
1,2017-01-03,0.05351053171491489
1,2017-01-04,0.05521116693280824
1,2017-01-05,0.05517907351858786
1,2017-01-06,0.053603250000113054
1,2017-01-07,0.05321822059148394
1,2017-01-08,0.05312156410018231
1,2017-01-09,0.05264259902096083
1,2017-01-10,0.05300022198382994
1,2017-01-11,0.052470567056653775
1,2017-01-12,0.05202394375429655
1,2017-01-13,0.05303437890531615
1,2017-01-14,0.053116350197466695
1,2017-01-15,0.05251160476694287
1,2017-01-16,0.052398361208575904
1,2017-01-17,0.052405958666006586
1,2017-01-18,0.05240329609731749
1,2017-01-19,0.05241624568950238
1,2017-01-20,0.052402853516585385
1,2017-01-21,0.05251512163232822
1,2017-01-22,0.05329611778239518
1,2017-01-23,0.05380640873678719
1,2017-01-24,0.05267019199870309
1,2017-01-25,0.0520241142645024
1,2017-01-26,0.0532200432692004
1,2017-01-27,0.053946680341260135
1,2017-01-28,0.053127004711427374
1,2017-01-29,0.05146573317615346
1,2017-01-30,0.05084866008437602
1,2017-01-31,0.051171094187925925
1,2017-02-01,0.05120223280947195
1,2017-02-02,0.05116706974862267
1,2017-02-03,0.05079279778354095
1,2017-02-04,0.050932950459287786
1,2017-02-05,0.052337266469776024
1,2017-02-06,0.05279866902550131
1,2017-02-07,0.05137048615027317
1,2017-02-08,0.050129972065290046
1,2017-02-09,0.04974864514050031
1,2017-02-10,0.049780262464608295
1,2017-02-11,0.05011800886839725
1,2017-02-12,0.05118350702704119
1,2017-02-13,0.051632774667343465
1,2017-02-14,0.0513193235288649
1,2017-02-15,0.051675952723336284
1,2017-02-16,0.05167797728207465
1,2017-02-17,0.05083770274950584
1,2017-02-18,0.05049272783161905
1,2017-02-19,0.05133313167975415
1,2017-02-20,0.052259027250368226
1,2017-02-21,0.052528764721938036
1,2017-02-22,0.0531202498275215
1,2017-02-23,0.053258015361893445
1,2017-02-24,0.05362094536203387
1,2017-02-25,0.05555355400362279
1,2017-02-26,0.056475869270013766
1,2017-02-27,0.05448944110853288
1,2017-02-28,0.05215582379867707
1,2017-03-01,0.05171105069447129
1,2017-03-02,0.05127487064127335
1,2017-03-03,0.05021052909810211
1,2017-03-04,0.05052116656327277
1,2017-03-05,0.05180395802870794
1,2017-03-06,0.05226970156069432
1,2017-03-07,0.05177582939975343
1,2017-03-08,0.051352385209204945
1,2017-03-09,0.051695410035228505
1,2017-03-10,0.05176689294148525
1,2017-03-11,0.05182367332631549
1,2017-03-12,0.05224128907034255
1,2017-03-13,0.051785708241807296
1,2017-03-14,0.051303935897366024
1,2017-03-15,0.05135295691953615
1,2017-03-16,0.052594427960044515
1,2017-03-17,0.0538114279451352
1,2017-03-18,0.053152842346675666
1,2017-03-19,0.05146812266141283
1,2017-03-20,0.05099880339576157
1,2017-03-21,0.052309855791363956
1,2017-03-22,0.052331126236172344
1,2017-03-23,0.0514929035649342
1,2017-03-24,0.05260539382455376
1,2017-03-25,0.05401140980166323
1,2017-03-26,0.05422664096321559
1,2017-03-27,0.054264406371946926
1,2017-03-28,0.054171698620502605
1,2017-03-29,0.0533148688476408
1,2017-03-30,0.05305994989263304
1,2017-03-31,0.056167681924956823
1,2017-04-01,0.05792433663784625
1,2017-04-02,0.05516220477725839
1,2017-04-03,0.05356238460490718
1,2017-04-04,0.05395935177218722
1,2017-04-05,0.053296733655420335
1,2017-04-06,0.05192365549558485
1,2017-04-07,0.0513333087584768
1,2017-04-08,0.05178584789512057
1,2017-04-09,0.05229367936284177
1,2017-04-10,0.0522890940364068
1,2017-04-11,0.05167783919740938
1,2017-04-12,0.050491427075848735
1,2017-04-13,0.04956795351759561
1,2017-04-14,0.04959400473533817
1,2017-04-15,0.051216705285145596
1,2017-04-16,0.05381849490300205
1,2017-04-17,0.05393357165053105
1,2017-04-18,0.05216770054728292
1,2017-04-19,0.05243900422867818
1,2017-04-20,0.05286130890513968
1,2017-04-21,0.05142820203902466
1,2017-04-22,0.05017370408714339
1,2017-04-23,0.050168713939660874
1,2017-04-24,0.05142192183643887
1,2017-04-25,0.05294265958949449
1,2017-04-26,0.05297740782962055
1,2017-04-27,0.051457183364434646
1,2017-04-28,0.050941098099481864
1,2017-04-29,0.051588151505182256
1,2017-04-30,0.05090467315200065
1,2017-05-01,0.05027983440505285
1,2017-05-02,0.05193325458620476
1,2017-05-03,0.05302738390565333
1,2017-05-04,0.053603580070116265
1,2017-05-05,0.054941841388278845
1,2017-05-06,0.0542002416843598
1,2017-05-07,0.05218264804451436
1,2017-05-08,0.0526839580535202
1,2017-05-09,0.05372806245470068
1,2017-05-10,0.05214282434013234
1,2017-05-11,0.05192680739472044
1,2017-05-12,0.05548908745149202
1,2017-05-13,0.05624588921857625
1,2017-05-14,0.053141515041427556
1,2017-05-15,0.05135010137651664
1,2017-05-16,0.05130544596929181
1,2017-05-17,0.05180527392693645
1,2017-05-18,0.05222130485182276
1,2017-05-19,0.05137506017348029
1,2017-05-20,0.051652073406019974
1,2017-05-21,0.054112746173136037
1,2017-05-22,0.05493593052377322
1,2017-05-23,0.053466981232713706
1,2017-05-24,0.05242125718059381
1,2017-05-25,0.0517671034104616
1,2017-05-26,0.05087852229207569
1,2017-05-27,0.050952646390986005
1,2017-05-28,0.052387955569844866
1,2017-05-29,0.052910533073123885
1,2017-05-30,0.05201289057459639
1,2017-05-31,0.052613239666180034
1,2017-06-01,0.05380570983074035
1,2017-06-02,0.05320851032744433
1,2017-06-03,0.05195369892952448
1,2017-06-04,0.05195964492892274
1,2017-06-05,0.05320275956167582
1,2017-06-06,0.054058408042122134
1,2017-06-07,0.0538900542798191
1,2017-06-08,0.0520645625061246
1,2017-06-09,0.05064850317752229
1,2017-06-10,0.05190423683336245
1,2017-06-11,0.052905979562878167
1,2017-06-12,0.05249045616352442
1,2017-06-13,0.0522329578295343
1,2017-06-14,0.05129791034730458
1,2017-06-15,0.05044003967538107
1,2017-06-16,0.05039481544383785
1,2017-06-17,0.05077095652484548
1,2017-06-18,0.0511611202977305
1,2017-06-19,0.051250702965545965
1,2017-06-20,0.05188214333136753
1,2017-06-21,0.05301653873278636
1,2017-06-22,0.053011847657680446
1,2017-06-23,0.05200414163773536
1,2017-06-24,0.05234626716478654
1,2017-06-25,0.05224980842254315
1,2017-06-26,0.050627512881593104
1,2017-06-27,0.05052159953561948
1,2017-06-28,0.051837883911347804
1,2017-06-29,0.05299606242587037
1,2017-06-30,0.052990825334141976
1,2017-07-01,0.05188541452401447
1,2017-07-02,0.05126634637964269
1,2017-07-03,0.0513527699878506
1,2017-07-04,0.05239848709118487
1,2017-07-05,0.052960549351688604
1,2017-07-06,0.052489574589547984
1,2017-07-07,0.05221593693593568
1,2017-07-08,0.05095845239388676
1,2017-07-09,0.050189359384219145
1,2017-07-10,0.0513044330081815
1,2017-07-11,0.05218148912094509
1,2017-07-12,0.05178394214996035
1,2017-07-13,0.0513916852559647
1,2017-07-14,0.05257422168216966
1,2017-07-15,0.053779818349349764
1,2017-07-16,0.05328057144227732
1,2017-07-17,0.05253581596592601
1,2017-07-18,0.05248989007397618
1,2017-07-19,0.05351587044932826
1,2017-07-20,0.054466037517248225
1,2017-07-21,0.05235221794878876
1,2017-07-22,0.0495490399581613
1,2017-07-23,0.04908694165316956
1,2017-07-24,0.04911306255953838
1,2017-07-25,0.04962400245793901
1,2017-07-26,0.051379568366810936
1,2017-07-27,0.052730456317832075
1,2017-07-28,0.0518530501480472
1,2017-07-29,0.04996086481479066
1,2017-07-30,0.050172846306083624
1,2017-07-31,0.05111072013785074
1,2017-08-01,0.05120497490161871
1,2017-08-02,0.05115535891799221
1,2017-08-03,0.050772692024757635
1,2017-08-04,0.050475687764051126
1,2017-08-05,0.05142467324461259
1,2017-08-06,0.05298084965308422
1,2017-08-07,0.05310160039559713
1,2017-08-08,0.05261049008382827
1,2017-08-09,0.053497454502028315
1,2017-08-10,0.054980956625622024
1,2017-08-11,0.054115260640041664
1,2017-08-12,0.05161659740197068
1,2017-08-13,0.05091293457085482
1,2017-08-14,0.05169711560450203
1,2017-08-15,0.05176753959732036
1,2017-08-16,0.05179500295518501
1,2017-08-17,0.052214805765808094
1,2017-08-18,0.0516786377666101
1,2017-08-19,0.05050788769661901
1,2017-08-20,0.049805358058213664
1,2017-08-21,0.05038390257428772
1,2017-08-22,0.050651087600111576
1,2017-08-23,0.05011399468983175
1,2017-08-24,0.050591991978869814
1,2017-08-25,0.052327505178031496
1,2017-08-26,0.05295560911738975
1,2017-08-27,0.0524245643614934
1,2017-08-28,0.05181991620155589
1,2017-08-29,0.05195293477530326
1,2017-08-30,0.052913085183375584
1,2017-08-31,0.05237363067490398
1,2017-09-01,0.050981923107917826
1,2017-09-02,0.05133822023975868
1,2017-09-03,0.05219710818830227
1,2017-09-04,0.051810236328852434
1,2017-09-05,0.05180308726591377
1,2017-09-06,0.05215551902391883
1,2017-09-07,0.05131286477913288
1,2017-09-08,0.04989506079394193
1,2017-09-09,0.05032851806504937
1,2017-09-10,0.052247159542018855
1,2017-09-11,0.05230921873636228
1,2017-09-12,0.051467659953533945
1,2017-09-13,0.05257919020463113
1,2017-09-14,0.05371703876169087
1,2017-09-15,0.052638185363231005
1,2017-09-16,0.052171219543200253
1,2017-09-17,0.054178510068199286
1,2017-09-18,0.05483696854128543
1,2017-09-19,0.052794498532882254
1,2017-09-20,0.05097614544630108
1,2017-09-21,0.05096576063594434
1,2017-09-22,0.052240189885354726
1,2017-09-23,0.05177496097075445
1,2017-09-24,0.04942335803908464
1,2017-09-25,0.04885160878658252
1,2017-09-26,0.05062834168665555
1,2017-09-27,0.0515844494743084
1,2017-09-28,0.05053811227713018
1,2017-09-29,0.05077706659639234
1,2017-09-30,0.05344838009546741
1,2017-10-01,0.054890162174326754
1,2017-10-02,0.054290442787379344
1,2017-10-03,0.05303857426272195
1,2017-10-04,0.05105239717204927
1,2017-10-05,0.04981884953183632
1,2017-10-06,0.04953694886503482
1,2017-10-07,0.04994420864440053
1,2017-10-08,0.0518484190090625
1,2017-10-09,0.052843425070935195
1,2017-10-10,0.05241228316321513
1,2017-10-11,0.051738206430548
1,2017-10-12,0.05124040447424728
1,2017-10-13,0.050792973546485286
1,2017-10-14,0.050111635004273083
1,2017-10-15,0.050621517587930896
1,2017-10-16,0.05230667604779953
1,2017-10-17,0.05283520519776784
1,2017-10-18,0.05141894204147594
1,2017-10-19,0.05041119271833275
1,2017-10-20,0.05006984335404835
1,2017-10-21,0.0501247196709688
1,2017-10-22,0.05125877569677321
1,2017-10-23,0.05206135425343724
1,2017-10-24,0.051268816121887516
1,2017-10-25,0.05015180637067577
1,2017-10-26,0.05043268542299306
1,2017-10-27,0.05118629171956667
1,2017-10-28,0.05175122679672431
1,2017-10-29,0.05221701532999049
1,2017-10-30,0.05181380814886713
1,2017-10-31,0.05182211172991669
1,2017-11-01,0.052304214772129154
1,2017-11-02,0.0524032835304712
1,2017-11-03,0.05236569525499536
1,2017-11-04,0.052498131032954955
1,2017-11-05,0.05295717765586712
1,2017-11-06,0.05236742452185862
1,2017-11-07,0.050942056682817635
1,2017-11-08,0.05077613797094753
1,2017-11-09,0.050773241767900885
1,2017-11-10,0.05094663027121197
1,2017-11-11,0.052508639394836576
1,2017-11-12,0.05376090819948717
1,2017-11-13,0.053166578172316716
1,2017-11-14,0.05188576073021261
1,2017-11-15,0.05132397645903311
1,2017-11-16,0.05177718374725155
1,2017-11-17,0.05226110233295478
1,2017-11-18,0.05173668396577936
1,2017-11-19,0.05053960163827643
1,2017-11-20,0.05063295771206234
1,2017-11-21,0.05222705922037011
1,2017-11-22,0.05230992312737673
1,2017-11-23,0.05136371148183038
1,2017-11-24,0.051192076020142
1,2017-11-25,0.051218288928922655
1,2017-11-26,0.05123614904354997
1,2017-11-27,0.05120106651533185
1,2017-11-28,0.051284263777841135
1,2017-11-29,0.05190684362539241
1,2017-11-30,0.05319735456205952
1,2017-12-01,0.05431381477633864
1,2017-12-02,0.05567062038758757
1,2017-12-03,0.05667363439631779
1,2017-12-04,0.05543034061426677
1,2017-12-05,0.05278734278013302
1,2017-12-06,0.05097423853056104
1,2017-12-07,0.050493130069726465
1,2017-12-08,0.05146444239193322
1,2017-12-09,0.052878317170654
1,2017-12-10,0.05239708474632613
1,2017-12-11,0.05142756170571446
1,2017-12-12,0.051714638858763616
1,2017-12-13,0.051773497942115304
1,2017-12-14,0.05198229186114432
1,2017-12-15,0.05295375974749661
1,2017-12-16,0.05250228673685186
1,2017-12-17,0.05221421566318504
1,2017-12-18,0.05421216287203387
1,2017-12-19,0.05497292663726879
1,2017-12-20,0.05360499003052999
1,2017-12-21,0.05319114083725488
1,2017-12-22,0.05296865658022039
1,2017-12-23,0.05139813296035119
1,2017-12-24,0.049891254142095776
1,2017-12-25,0.04932771284372574
1,2017-12-26,0.05022631202633199
1,2017-12-27,0.05157050248075132
1,2017-12-28,0.0516728968053049
1,2017-12-29,0.051308794120408154
1,2017-12-30,0.0517654140369122
1,2017-12-31,0.052323659564214614
1,2018-01-01,0.0524101897662701
1,2018-01-02,0.05250382877749024
1,2018-01-03,0.05350422516343049
1,2018-01-04,0.055205479609209004
1,2018-01-05,0.055173683041864874
1,2018-01-06,0.05359977216631273
1,2018-01-07,0.05321608339643263
1,2018-01-08,0.05311851801851601
1,2018-01-09,0.05263899243948098
1,2018-01-10,0.05299829718476347
1,2018-01-11,0.05247197016956687
1,2018-01-12,0.05202769118383424
1,2018-01-13,0.05303877183702085
1,2018-01-14,0.053118739434302065
1,2018-01-15,0.05250811383131554
1,2018-01-16,0.05239247813268578
1,2018-01-17,0.05240429362016325
1,2018-01-18,0.052404831745032715
1,2018-01-19,0.052418123625605884
1,2018-01-20,0.05240293910981564
1,2018-01-21,0.05251110640004912
1,2018-01-22,0.0532896343093337
1,2018-01-23,0.05380415558627835
1,2018-01-24,0.0526754989083651
1,2018-01-25,0.05203007974380916
1,2018-01-26,0.05322043299780223
1,2018-01-27,0.053945505646917476
1,2018-01-28,0.05312712721759474
1,2018-01-29,0.05146355596111617
1,2018-01-30,0.050844154861681326
1,2018-01-31,0.051166180228429343
1,2018-02-01,0.051195499197305816
1,2018-02-02,0.05116152386478623
1,2018-02-03,0.05079349228385746
1,2018-02-04,0.05093840484122174
1,2018-02-05,0.05234389800599829
1,2018-02-06,0.052807436363089384
1,2018-02-07,0.05138119677407031
1,2018-02-08,0.05013807734230291
1,2018-02-09,0.04975085236006407
1,2018-02-10,0.04977842317431456
1,2018-02-11,0.05011783382975038
1,2018-02-12,0.05118728678459856
1,2018-02-13,0.0516343770774667
1,2018-02-14,0.051313500134409794
1,2018-02-15,0.051666994990422696
1,2018-02-16,0.05167371502009861
1,2018-02-17,0.05083876439120706
1,2018-02-18,0.05049240018480671
1,2018-02-19,0.05133061272053183
1,2018-02-20,0.052260068700596435
1,2018-02-21,0.052533085074039976
1,2018-02-22,0.05312261909614171
1,2018-02-23,0.05325369639954556
1,2018-02-24,0.05361042567903308
1,2018-02-25,0.055544358937221094
1,2018-02-26,0.0564764719017897
1,2018-02-27,0.05449806912119104
1,2018-02-28,0.05216208987323419
1,2018-03-01,0.05170845262070178
1,2018-03-02,0.05126550093434636
1,2018-03-03,0.05020003854425296
1,2018-03-04,0.05051181826371014
1,2018-03-05,0.05179520953609147
1,2018-03-06,0.052262534267732065
1,2018-03-07,0.05177181363017479
1,2018-03-08,0.05135077376975941
1,2018-03-09,0.0516946428452257
1,2018-03-10,0.05176685639179555
1,2018-03-11,0.051824532101436595
1,2018-03-12,0.05223983900001631
1,2018-03-13,0.05177998532721787
1,2018-03-14,0.05129754985112255
1,2018-03-15,0.05134670737252869
1,2018-03-16,0.0525842012971649
1,2018-03-17,0.05379635682689094
1,2018-03-18,0.0531390664580354
1,2018-03-19,0.051461227979802196
1,2018-03-20,0.05099631580107322
1,2018-03-21,0.05230686359337454
1,2018-03-22,0.052328253125271604
1,2018-03-23,0.05149429908871724
1,2018-03-24,0.05260872954720058
1,2018-03-25,0.05400994656995449
1,2018-03-26,0.054219222264559934
1,2018-03-27,0.05425369628338978
1,2018-03-28,0.05416025453158697
1,2018-03-29,0.05330603609211075
1,2018-03-30,0.05305623259693785
1,2018-03-31,0.056164945175040344
1,2018-04-01,0.05791425711101407
1,2018-04-02,0.05514352189325448
1,2018-04-03,0.05354186034933052
1,2018-04-04,0.05394259948027468
1,2018-04-05,0.053284471130774926
1,2018-04-06,0.051915065386858944
1,2018-04-07,0.05132938958159193
1,2018-04-08,0.05178519273472074
1,2018-04-09,0.05229023136030493
1,2018-04-10,0.05228134712512871
1,2018-04-11,0.051669846408951246
1,2018-04-12,0.05048442959057834
1,2018-04-13,0.04956044210230388
1,2018-04-14,0.04958397918690005
1,2018-04-15,0.051206975062825434
1,2018-04-16,0.05381758609344451
1,2018-04-17,0.05394201722948742
1,2018-04-18,0.05217875965804425
1,2018-04-19,0.05244830212257259
1,2018-04-20,0.052860995896774565
1,2018-04-21,0.05141568157132788
1,2018-04-22,0.05015934792925357
1,2018-04-23,0.050158656095469836
1,2018-04-24,0.0514134648939187
1,2018-04-25,0.05292870917395521
1,2018-04-26,0.05295222493055476
1,2018-04-27,0.05142566945523755
1,2018-04-28,0.05091739326474428
1,2018-04-29,0.05157577291118616
1,2018-04-30,0.05089309112702388
1,2018-05-01,0.050265864122304035
1,2018-05-02,0.051919786471879566
1,2018-05-03,0.05301576819475749
1,2018-05-04,0.053594452268816095
1,2018-05-05,0.054932656317904636
1,2018-05-06,0.054191777429214674
1,2018-05-07,0.05217747320038162
1,2018-05-08,0.052679835182652485
1,2018-05-09,0.05372536777399642
1,2018-05-10,0.05214655661169662
1,2018-05-11,0.05193594706220601
1,2018-05-12,0.05549302633542684
1,2018-05-13,0.056236810086307466
1,2018-05-14,0.0531247061874606
1,2018-05-15,0.051336819028661225
1,2018-05-16,0.051298749352448235
1,2018-05-17,0.051799601609802425
1,2018-05-18,0.052214637661695255
1,2018-05-19,0.05137204942898538
1,2018-05-20,0.05165780130386614
1,2018-05-21,0.05412708013893913
1,2018-05-22,0.054949118815064986
1,2018-05-23,0.05346882252561746
1,2018-05-24,0.052414184203549895
1,2018-05-25,0.05176063138159296
1,2018-05-26,0.050877501901959485
1,2018-05-27,0.05095529460850296
1,2018-05-28,0.05239020592264693
1,2018-05-29,0.05291025847167268
1,2018-05-30,0.05201298537143161
1,2018-05-31,0.0526170194121429
1,2018-06-01,0.053810911908509784
1,2018-06-02,0.05321496318811174
1,2018-06-03,0.051965535991634074
1,2018-06-04,0.05197593348199689
1,2018-06-05,0.053217569186335176
1,2018-06-06,0.05406830861641984
1,2018-06-07,0.0538980001176734
1,2018-06-08,0.052075938676512536
1,2018-06-09,0.050663260109045524
1,2018-06-10,0.051918833392902194
1,2018-06-11,0.052920228536113216
1,2018-06-12,0.05250463257125794
1,2018-06-13,0.05224520512966363
1,2018-06-14,0.05130761986243426
1,2018-06-15,0.050447625827476625
1,2018-06-16,0.050400028568612906
1,2018-06-17,0.05077439502986421
1,2018-06-18,0.051163779072674
1,2018-06-19,0.051252471022897816
1,2018-06-20,0.051882764739387445
1,2018-06-21,0.05301586356382729
1,2018-06-22,0.05301081347920879
1,2018-06-23,0.052004731745333245
1,2018-06-24,0.05234833295886476
1,2018-06-25,0.05225160031814381
1,2018-06-26,0.05062944426249022
1,2018-06-27,0.05052464230632559
1,2018-06-28,0.05183975747976953
1,2018-06-29,0.052995639808547726
1,2018-06-30,0.05299153012711098
1,2018-07-01,0.05188849860038647
1,2018-07-02,0.05126990327889923
1,2018-07-03,0.05135707852450497
1,2018-07-04,0.05240453510248703
1,2018-07-05,0.052968562285571334
1,2018-07-06,0.05249699996073311
1,2018-07-07,0.05221918218978644
1,2018-07-08,0.050959517658529505
1,2018-07-09,0.05019264097863329
1,2018-07-10,0.051309829900661255
1,2018-07-11,0.052186971984850616
1,2018-07-12,0.05178877796798682
1,2018-07-13,0.0513954764320603
1,2018-07-14,0.05257656296458438
1,2018-07-15,0.05378092775231446
1,2018-07-16,0.053281360774637555
1,2018-07-17,0.052536875197767875
1,2018-07-18,0.05249155907462453
1,2018-07-19,0.05351798888834829
1,2018-07-20,0.05446795262991354
1,2018-07-21,0.05235315884069452
1,2018-07-22,0.049547163089701196
1,2018-07-23,0.04908211626668479
1,2018-07-24,0.04910859016791125
1,2018-07-25,0.049622702087812665
1,2018-07-26,0.05138205609634961
1,2018-07-27,0.05273518037627767
1,2018-07-28,0.05185535320494481
1,2018-07-29,0.04995808882761629
1,2018-07-30,0.050167048380998995
1,2018-07-31,0.051103830996260424
1,2018-08-01,0.05119812136670824
1,2018-08-02,0.05114840847101116
1,2018-08-03,0.05076468726432021
1,2018-08-04,0.050466535587005784
1,2018-08-05,0.0514152224642093
1,2018-08-06,0.05297078716400283
1,2018-08-07,0.05309025467690634
1,2018-08-08,0.05259778033556396
1,2018-08-09,0.053484020698969584
1,2018-08-10,0.054969604453553596
1,2018-08-11,0.05410916898160054
1,2018-08-12,0.05161521752058627
1,2018-08-13,0.05091236262036704
1,2018-08-14,0.05169386299317571
1,2018-08-15,0.05176174106227217
1,2018-08-16,0.051787465686568356
1,2018-08-17,0.052205030607259235
1,2018-08-18,0.05166826043411396
1,2018-08-19,0.050499911960498245
1,2018-08-20,0.049800958631883344
1,2018-08-21,0.05038215557181378
1,2018-08-22,0.05064910109601501
1,2018-08-23,0.05010937866508864
1,2018-08-24,0.050588199681599444
1,2018-08-25,0.052329799509976335
1,2018-08-26,0.05296120756121955
1,2018-08-27,0.05242744991630578
1,2018-08-28,0.05181835497883962
1,2018-08-29,0.051947659195294274
1,2018-08-30,0.05290749410715653
1,2018-08-31,0.05237210239793256
1,2018-09-01,0.0509838655045475
1,2018-09-02,0.051340616896418
1,2018-09-03,0.05219903518383888
1,2018-09-04,0.05181013007954215
1,2018-09-05,0.05180103196367798
1,2018-09-06,0.05215397086337765
1,2018-09-07,0.051311229075864426
1,2018-09-08,0.04989083008696461
1,2018-09-09,0.050321743437790084
1,2018-09-10,0.05224014872577193
1,2018-09-11,0.05230406868565723
1,2018-09-12,0.051466111399832724
1,2018-09-13,0.05258140627296073
1,2018-09-14,0.053720976714612366
1,2018-09-15,0.052640826956187305
1,2018-09-16,0.052169551226435205
1,2018-09-17,0.05417251615545971
1,2018-09-18,0.05483057159373183
1,2018-09-19,0.05279120084388489
1,2018-09-20,0.05097403611783576
1,2018-09-21,0.0509604149255829
1,2018-09-22,0.05223201011849694
1,2018-09-23,0.05176778859807388
1,2018-09-24,0.049418552145128546
1,2018-09-25,0.04884797606608038
1,2018-09-26,0.050624708399493706
1,2018-09-27,0.051581505379086706
1,2018-09-28,0.050538290429703044
1,2018-09-29,0.05077933118946962
1,2018-09-30,0.05344838881816921
1,2018-10-01,0.05488471504188958
1,2018-10-02,0.054281697681521496
1,2018-10-03,0.0530312702303168
1,2018-10-04,0.0510474954199687
1,2018-10-05,0.0498139318730085
1,2018-10-06,0.04952999407190924
1,2018-10-07,0.04993558923437861
1,2018-10-08,0.051839999582863
1,2018-10-09,0.05283680298737998
1,2018-10-10,0.05240981853063845
1,2018-10-11,0.05173991773542571
1,2018-10-12,0.051242354086789184
1,2018-10-13,0.050793065054070594
1,2018-10-14,0.0501128570808808
1,2018-10-15,0.050625543993052476
1,2018-10-16,0.05231196590707273
1,2018-10-17,0.05283996918289565
1,2018-10-18,0.05142174811400397
1,2018-10-19,0.05041279582239075
1,2018-10-20,0.05007087400132812
1,2018-10-21,0.05012304715293024
1,2018-10-22,0.051256237510363
1,2018-10-23,0.05206149792944753
1,2018-10-24,0.051270566425517056
1,2018-10-25,0.0501551226136277
1,2018-10-26,0.050438840266886956
1,2018-10-27,0.051193388917738517
1,2018-10-28,0.05175701823327295
1,2018-10-29,0.05222219004812329
1,2018-10-30,0.051821147013927614
1,2018-10-31,0.05183115207887819
1,2018-11-01,0.0523104134595028
1,2018-11-02,0.052404738835256745
1,2018-11-03,0.052366825564831264
1,2018-11-04,0.05250168302167079
1,2018-11-05,0.05295895277186002
1,2018-11-06,0.052364565084792064
1,2018-11-07,0.05093703576697657
1,2018-11-08,0.050770620607272415
1,2018-11-09,0.05076726248192009
1,2018-11-10,0.0509411441945431
1,2018-11-11,0.052505117447285934
1,2018-11-12,0.053759553353861025
1,2018-11-13,0.05316665780337011
1,2018-11-14,0.05188550551763854
1,2018-11-15,0.05132155392533548
1,2018-11-16,0.051773540480356275
1,2018-11-17,0.05225686905892994
1,2018-11-18,0.05172890068395051
1,2018-11-19,0.050528718378448724
1,2018-11-20,0.050624823350867675
1,2018-11-21,0.052224758328682466
1,2018-11-22,0.052312447074579396
1,2018-11-23,0.051370060289267966
1,2018-11-24,0.05119816619742471
1,2018-11-25,0.05122186519721249
1,2018-11-26,0.05123796538392941
1,2018-11-27,0.05119997156785068
1,2018-11-28,0.05128161324229084
1,2018-11-29,0.05190326858940215
1,2018-11-30,0.05318973638788385
1,2018-12-01,0.05430494159011212
1,2018-12-02,0.055668436155560996
1,2018-12-03,0.05667712249342891
1,2018-12-04,0.05543008613862076
1,2018-12-05,0.05278151542984597
1,2018-12-06,0.05096971539908756
1,2018-12-07,0.05049386703976967
1,2018-12-08,0.05146485479224945
1,2018-12-09,0.05287052237785614
1,2018-12-10,0.05238534513816917
1,2018-12-11,0.05142038687516956
1,2018-12-12,0.05170711846988913
1,2018-12-13,0.051757271738902724
1,2018-12-14,0.05196036627144244
1,2018-12-15,0.052930723287922435
1,2018-12-16,0.05247407515368141
1,2018-12-17,0.05217912164664141
1,2018-12-18,0.05417729700202147
1,2018-12-19,0.05494324226982949
1,2018-12-20,0.0535767826136958
1,2018-12-21,0.05316422579813833
1,2018-12-22,0.05294975245124236
1,2018-12-23,0.05138820547678395
1,2018-12-24,0.04988338751042312
1,2018-12-25,0.04931986714912341
1,2018-12-26,0.05021949824157299
1,2018-12-27,0.05156406855092105
1,2018-12-28,0.051670929613644334
1,2018-12-29,0.051314583144111185
1,2018-12-30,0.051775156473769623
1,2018-12-31,0.052332200405484745
1,2019-01-01,0.05241528223739429
1,2019-01-02,0.05250375654727315
1,2019-01-03,0.053498524069524336
1,2019-01-04,0.055197746160088254
1,2019-01-05,0.0551674226214462
1,2019-01-06,0.05359647173021521
1,2019-01-07,0.05321524827002506
1,2019-01-08,0.05311840754633209
1,2019-01-09,0.05263930860678112
1,2019-01-10,0.0529998760891446
1,2019-01-11,0.052475163353374835
1,2019-01-12,0.05203037430427991
1,2019-01-13,0.05303912366747748
1,2019-01-14,0.05311916833994263
1,2019-01-15,0.052511610152516125
1,2019-01-16,0.05239708748322465
1,2019-01-17,0.05240552685397713
1,2019-01-18,0.052402778663190486
1,2019-01-19,0.0524166681762065
1,2019-01-20,0.052403950075622784
1,2019-01-21,0.052512525734191795
1,2019-01-22,0.053289709141354606
1,2019-01-23,0.053801111518412645
1,2019-01-24,0.05266897519851135
1,2019-01-25,0.05202468383462485
1,2019-01-26,0.05321848153548333
1,2019-01-27,0.05394234089549194
1,2019-01-28,0.05311994673337097
1,2019-01-29,0.051456432471795883
1,2019-01-30,0.05084104406335792
1,2019-01-31,0.05116646584282429
1,2019-02-01,0.05119711780414175
1,2019-02-02,0.05116187593073109
1,2019-02-03,0.05079201363315932
1,2019-02-04,0.05093734486966065
1,2019-02-05,0.05234372612872099
1,2019-02-06,0.05280588444933237
1,2019-02-07,0.051377234066806665
1,2019-02-08,0.05013381706356017
1,2019-02-09,0.04974805270109243
1,2019-02-10,0.0497759398845863
1,2019-02-11,0.050113822599533835
1,2019-02-12,0.05118205846670152
1,2019-02-13,0.051630656072050356
1,2019-02-14,0.05131260760653251
1,2019-02-15,0.05166641030529672
1,2019-02-16,0.05167033146805637
1,2019-02-17,0.05083333870307339
1,2019-02-18,0.05048816999003181
1,2019-02-19,0.051327915225534135
1,2019-02-20,0.05225600424844839
1,2019-02-21,0.05252685739615853
1,2019-02-22,0.05311643301803735
1,2019-02-23,0.053248922634387665
1,2019-02-24,0.053607408998820646
1,2019-02-25,0.0555426377763962
1,2019-02-26,0.056474022562708566
1,2019-02-27,0.05449408688303513
1,2019-02-28,0.05215834727337321
1,2019-03-01,0.051707037285194934
1,2019-03-02,0.051265971687157866
1,2019-03-03,0.05020015527877231
1,2019-03-04,0.05051101465200244
1,2019-03-05,0.05179454765792462
1,2019-03-06,0.052262545947722366
1,2019-03-07,0.05177236271599731
1,2019-03-08,0.05135143370459759
1,2019-03-09,0.051694392622192636
1,2019-03-10,0.051765572282004874
1,2019-03-11,0.05182384336182703
1,2019-03-12,0.05224177960023222
1,2019-03-13,0.05178401335392343
1,2019-03-14,0.05130106870414687
1,2019-03-15,0.05135022464519627
1,2019-03-16,0.05259034862078495
1,2019-03-17,0.05380512495658165
1,2019-03-18,0.05314725838014848
1,2019-03-19,0.05146668104105776
1,2019-03-20,0.05100050738103681
1,2019-03-21,0.052311572353512185
1,2019-03-22,0.05233320071992764
1,2019-03-23,0.051498268279373316
1,2019-03-24,0.05261199606456303
1,2019-03-25,0.05401348624108389
1,2019-03-26,0.05422335819730289
1,2019-03-27,0.05425818883168573
1,2019-03-28,0.05416501254757785
1,2019-03-29,0.053311737209157516
1,2019-03-30,0.053064053162001676
1,2019-03-31,0.05617441385426398
1,2019-04-01,0.05792373525600853
1,2019-04-02,0.05515203777991434
1,2019-04-03,0.053548919051713405
1,2019-04-04,0.05394788118293462
1,2019-04-05,0.05328742356322862
1,2019-04-06,0.05191768003482086
1,2019-04-07,0.05133502007335517
1,2019-04-08,0.05179261046325187
1,2019-04-09,0.052296454961802845
1,2019-04-10,0.05228670715699631
1,2019-04-11,0.05167563457207381
1,2019-04-12,0.050490860852121365
1,2019-04-13,0.04956675675834613
1,2019-04-14,0.049590189923595436
1,2019-04-15,0.051212884891290514
1,2019-04-16,0.053821210333616934
1,2019-04-17,0.05394288704898987
1,2019-04-18,0.052178220238899314
1,2019-04-19,0.05244695355289709
1,2019-04-20,0.052860230168943825
1,2019-04-21,0.05141511564130495
1,2019-04-22,0.050155694582491354
1,2019-04-23,0.050151932353362474
1,2019-04-24,0.051406652355317155
1,2019-04-25,0.05292383601461432
1,2019-04-26,0.05295039222931579
1,2019-04-27,0.05142630507134281
1,2019-04-28,0.050917973907224315
1,2019-04-29,0.051574800189713575
1,2019-04-30,0.050891911451380584
1,2019-05-01,0.05026533642692317
1,2019-05-02,0.051919943374739895
1,2019-05-03,0.053016687123536355
1,2019-05-04,0.05359588623289454
1,2019-05-05,0.054935491411577005
1,2019-05-06,0.05419563492126568
1,2019-05-07,0.052180799556607975
1,2019-05-08,0.05268285697166274
1,2019-05-09,0.053728397149957426
1,2019-05-10,0.052148805216263756
1,2019-05-11,0.051937609209986614
1,2019-05-12,0.05549611575481046
1,2019-05-13,0.05624333834517315
1,2019-05-14,0.05313370247398297
1,2019-05-15,0.05134453695114224
1,2019-05-16,0.05130339239271601
1,2019-05-17,0.05180431818923426
1,2019-05-18,0.05222229890636807
1,2019-05-19,0.05138078303214601
1,2019-05-20,0.051662601543364425
1,2019-05-21,0.05412336781105028
1,2019-05-22,0.05494282353739644
1,2019-05-23,0.05347368084699888
1,2019-05-24,0.05243216349927402
1,2019-05-25,0.051781469671993985
1,2019-05-26,0.0508930123210709
1,2019-05-27,0.05096727024252633
1,2019-05-28,0.05240597512903248
1,2019-05-29,0.05293240544081435
1,2019-05-30,0.05203834014055574
1,2019-05-31,0.05264004864486375
1,2019-06-01,0.05382881522889514
1,2019-06-02,0.05322882958385325
1,2019-06-03,0.051976567269398644
1,2019-06-04,0.05198424265273002
1,2019-06-05,0.0532241312371503
1,2019-06-06,0.054075229090299576
1,2019-06-07,0.05390648316559679
1,2019-06-08,0.05208610305130447
1,2019-06-09,0.05067445499331513
1,2019-06-10,0.05193029763156499
1,2019-06-11,0.05293234772589583
1,2019-06-12,0.05251864695194082
1,2019-06-13,0.05226160818221507
1,2019-06-14,0.05132565612756313
1,2019-06-15,0.05046682255578672
1,2019-06-16,0.05042224449155673
1,2019-06-17,0.05080058772849443
1,2019-06-18,0.05119354319470879
1,2019-06-19,0.051284735962762916
1,2019-06-20,0.051914923379581285
1,2019-06-21,0.05304546197644052
1,2019-06-22,0.053038674389500655
1,2019-06-23,0.05203193936282912
1,2019-06-24,0.05237235915808544
1,2019-06-25,0.05227103478228907
1,2019-06-26,0.05064422810849456
1,2019-06-27,0.050533313552584995
1,2019-06-28,0.05184377617519189
1,2019-06-29,0.052998137338448145
1,2019-06-30,0.05299308720823888
1,2019-07-01,0.051888778499530455
1,2019-07-02,0.05126996567264698
1,2019-07-03,0.051356551935190606
1,2019-07-04,0.05240202265262644
1,2019-07-05,0.052964474610253436
1,2019-07-06,0.05249499512651125
1,2019-07-07,0.05222233318062705
1,2019-07-08,0.050964371107211
1,2019-07-09,0.05019352154337487
1,2019-07-10,0.05130698827534846
1,2019-07-11,0.05218362594958959
1,2019-07-12,0.05178592930519893
1,2019-07-13,0.051393262412498385
1,2019-07-14,0.05257487556275746
1,2019-07-15,0.05377988321580849
1,2019-07-16,0.05328185990243601
1,2019-07-17,0.05253924030899625
1,2019-07-18,0.05249574143889581
1,2019-07-19,0.05352378347588598
1,2019-07-20,0.054473394414961844
1,2019-07-21,0.05235533604958726
1,2019-07-22,0.04954619481165455
1,2019-07-23,0.049080917132316534
1,2019-07-24,0.04910709532214142
1,2019-07-25,0.04961903452012203
1,2019-07-26,0.0513768606916147
1,2019-07-27,0.05273021973244927
1,2019-07-28,0.0518501961771832
1,2019-07-29,0.04995204353079025
1,2019-07-30,0.050162973600585324
1,2019-07-31,0.05110250137565204
1,2019-08-01,0.051195969686542137
1,2019-08-02,0.0511453804816398
1,2019-08-03,0.050763809690573355
1,2019-08-04,0.05046834489093945
1,2019-08-05,0.05141901211493816
1,2019-08-06,0.05297614054090725
1,2019-08-07,0.053095456813091677
1,2019-08-08,0.05259968471324683
1,2019-08-09,0.05348160620628625
1,2019-08-10,0.05496582760157595
1,2019-08-11,0.05410652147780796
1,2019-08-12,0.05161343641528107
1,2019-08-13,0.050910173723721315
1,2019-08-14,0.0516917236571147
1,2019-08-15,0.051762099059896025
1,2019-08-16,0.0517913695689658
1,2019-08-17,0.05221019908675918
1,2019-08-18,0.05167190113025267
1,2019-08-19,0.05050214950920222
1,2019-08-20,0.0498028963294035
1,2019-08-21,0.050384120864458364
1,2019-08-22,0.05065143849331439
1,2019-08-23,0.0501120761352459
1,2019-08-24,0.050590300818743696
1,2019-08-25,0.05233091443312584
1,2019-08-26,0.052961467449188344
1,2019-08-27,0.05242696616465856
1,2019-08-28,0.05181819452199826
1,2019-08-29,0.0519489539347846
1,2019-08-30,0.05290991373069239
1,2019-08-31,0.05237351419247917
1,2019-09-01,0.050983476457694285
1,2019-09-02,0.051339323771093036
1,2019-09-03,0.052196927743804016
1,2019-09-04,0.051808774911914705
1,2019-09-05,0.051800936841645176
1,2019-09-06,0.05215243395663874
1,2019-09-07,0.0513085201693382
1,2019-09-08,0.0498894762192089
1,2019-09-09,0.05032153510426607
1,2019-09-10,0.05223968654664454
1,2019-09-11,0.05230414317240884
1,2019-09-12,0.05146674762399675
1,2019-09-13,0.05258065013840896
1,2019-09-14,0.053718295980436676
1,2019-09-15,0.05263783903798172
1,2019-09-16,0.05216823993991987
1,2019-09-17,0.054173302336115635
1,2019-09-18,0.054830530514578646
1,2019-09-19,0.052787572827984575
1,2019-09-20,0.05096786536701732
1,2019-09-21,0.050953079291290344
1,2019-09-22,0.05222445016893088
1,2019-09-23,0.051762501962333195
1,2019-09-24,0.04941711891982597
1,2019-09-25,0.04885009590974924
1,2019-09-26,0.05062907849938947
1,2019-09-27,0.051587635110595685
1,2019-09-28,0.050544747306118173
1,2019-09-29,0.050784039972753214
1,2019-09-30,0.05345181267362232
1,2019-10-01,0.05488843751945185
1,2019-10-02,0.05428573030746865
1,2019-10-03,0.053033819029582055
1,2019-10-04,0.05104690343718851
1,2019-10-05,0.04981155153667244
1,2019-10-06,0.04952905778760982
1,2019-10-07,0.049936703135473395
1,2019-10-08,0.051841317976511835
1,2019-10-09,0.05283921031843594
1,2019-10-10,0.05241625100492796
1,2019-10-11,0.05175038072690655
1,2019-10-12,0.05125262553939888
1,2019-10-13,0.0508018761973814
1,2019-10-14,0.05012303912256582
1,2019-10-15,0.05063668095908694
1,2019-10-16,0.05232078688599268
1,2019-10-17,0.05284661305072146
1,2019-10-18,0.05142760755249649
1,2019-10-19,0.05041718517626525
1,2019-10-20,0.05007468091113602
1,2019-10-21,0.05012896041076984
1,2019-10-22,0.05126296184995951
1,2019-10-23,0.0520659551107749
1,2019-10-24,0.05127383370000921
1,2019-10-25,0.05015815278257579
1,2019-10-26,0.050440561745799244
1,2019-10-27,0.05119446667390418
1,2019-10-28,0.05175867382993084
1,2019-10-29,0.05222369376669946
1,2019-10-30,0.05182051327361587
1,2019-10-31,0.0518289096595984
1,2019-11-01,0.05230994564053736
1,2019-11-02,0.05240686032978811
1,2019-11-03,0.052368156555840185
1,2019-11-04,0.05250152636065128
1,2019-11-05,0.05296116178624873
1,2019-11-06,0.0523702929813021
1,2019-11-07,0.050943856805557935
1,2019-11-08,0.05077796580334765
1,2019-11-09,0.05077547248674361
1,2019-11-10,0.05094912154977675
1,2019-11-11,0.052511106081741955
1,2019-11-12,0.05376300931080236
1,2019-11-13,0.05316834434736567
1,2019-11-14,0.051886447401012316
1,2019-11-15,0.051322437242057234
1,2019-11-16,0.0517733280980038
1,2019-11-17,0.05225465540542279
1,2019-11-18,0.05172706471091911
1,2019-11-19,0.05052983545861511
1,2019-11-20,0.05062873411469972
1,2019-11-21,0.052229674565484455
1,2019-11-22,0.05231564875555069
1,2019-11-23,0.05136899093871443
1,2019-11-24,0.05119435541345463
1,2019-11-25,0.05121825799518782
1,2019-11-26,0.051236229856385575
1,2019-11-27,0.05120161156929525
1,2019-11-28,0.05128634736621807
1,2019-11-29,0.05190988234861141
1,2019-11-30,0.053198591903756726
1,2019-12-01,0.05431462361855766
1,2019-12-02,0.05567520215972602
1,2019-12-03,0.05668076082347367
1,2019-12-04,0.055433134963647296
1,2019-12-05,0.0527833171833148
1,2019-12-06,0.050968668175544504
1,2019-12-07,0.050490679071054596
1,2019-12-08,0.05146205639647946
1,2019-12-09,0.052870911673019036
1,2019-12-10,0.05238715331591072
1,2019-12-11,0.05142005853800981
1,2019-12-12,0.05170693125600438
1,2019-12-13,0.05176103994185894
1,2019-12-14,0.05196666036468803
1,2019-12-15,0.05293770646871382
1,2019-12-16,0.05248376959248906
1,2019-12-17,0.05219122209021962
1,2019-12-18,0.05418754420734415
1,2019-12-19,0.054950329778801654
1,2019-12-20,0.05358305634762346
1,2019-12-21,0.05316942827803202
1,2019-12-22,0.052951170056889284
1,2019-12-23,0.05138595495612297
1,2019-12-24,0.049880496684414945
1,2019-12-25,0.049317849327161524
1,2019-12-26,0.05021891001824722
1,2019-12-27,0.05156473927526009
1,2019-12-28,0.05166977466432607
1,2019-12-29,0.051310023005204174
1,2019-12-30,0.05177002118320701
1,2019-12-31,0.052329514794786085
1,2020-01-01,0.05241450923893262
1,2020-01-02,0.052503952730675534
1,2020-01-03,0.05350066846188501
1,2020-01-04,0.05520135465827548
1,2020-01-05,0.0551723777922999
1,2020-01-06,0.05360412502552847
1,2020-01-07,0.05322608607315998
1,2020-01-08,0.053130741666583645
1,2020-01-09,0.0526508090057553
1,2020-01-10,0.05300770043447457
1,2020-01-11,0.05247730593472102
1,2020-01-12,0.052032806935697694
1,2020-01-13,0.053050383073221054
1,2020-01-14,0.05313836809155959
1,2020-01-15,0.052532150204773205
1,2020-01-16,0.052414524322749546
1,2020-01-17,0.05242024815118303
1,2020-01-18,0.05241781168925189
1,2020-01-19,0.05243351836619774
1,2020-01-20,0.0524240249091768
1,2020-01-21,0.052535127278274835
1,2020-01-22,0.05331023096460024
1,2020-01-23,0.05381994962335701
1,2020-01-24,0.05268883343684978
1,2020-01-25,0.052041141143425694
1,2020-01-26,0.053228575886378575
1,2020-01-27,0.05395224183870085
1,2020-01-28,0.05313564862428588
1,2020-01-29,0.051475105532057905
1,2020-01-30,0.0508572593418317
1,2020-01-31,0.05118003516921285
1,2020-02-01,0.05121058837211458
1,2020-02-02,0.05117604710712254
1,2020-02-03,0.05080523203127912
1,2020-02-04,0.050947868555852885
1,2020-02-05,0.052352624599857234
1,2020-02-06,0.05281551623607877
1,2020-02-07,0.051388304206936755
1,2020-02-08,0.05014510430541479
1,2020-02-09,0.04975792267667837
1,2020-02-10,0.04978404591634787
1,2020-02-11,0.05012223773422312
1,2020-02-12,0.051192698428578216
1,2020-02-13,0.05164292238608877
1,2020-02-14,0.051324441565854646
1,2020-02-15,0.051677412727844034
1,2020-02-16,0.05168224217281732
1,2020-02-17,0.05084562115499166
1,2020-02-18,0.05049788477775732
1,2020-02-19,0.05133431217681777
1,2020-02-20,0.05226001074404601
1,2020-02-21,0.05252964701948383
1,2020-02-22,0.053118821309709144
1,2020-02-23,0.05325179844122371
1,2020-02-24,0.0536108558196682
1,2020-02-25,0.05554561437293495
1,2020-02-26,0.05647569180263065
1,2020-02-27,0.054494969986724234
1,2020-02-28,0.05215941854663768
1,2020-02-29,0.05170833908869972
1,2020-03-01,0.05126704649844791
1,2020-03-02,0.05020065973872681
1,2020-03-03,0.05051032358644723
1,2020-03-04,0.051791876400240126
1,2020-03-05,0.05225757250799643
1,2020-03-06,0.05176569038286622
1,2020-03-07,0.05134379097101741
1,2020-03-08,0.05168558836459309
1,2020-03-09,0.05175586932393465
1,2020-03-10,0.05181559174732587
1,2020-03-11,0.05223755301813611
1,2020-03-12,0.05178232347642031
1,2020-03-13,0.05129841693549171
1,2020-03-14,0.051346718074138376
1,2020-03-15,0.05258861140260237
1,2020-03-16,0.05380465931223753
1,2020-03-17,0.05314476488556223
1,2020-03-18,0.05146153007782364
1,2020-03-19,0.05099473486611497
1,2020-03-20,0.05230624059831354
1,2020-03-21,0.05232860784311325
1,2020-03-22,0.05149544531480273
1,2020-03-23,0.05260989163138291
1,2020-03-24,0.054009910233310296
1,2020-03-25,0.054218579914019994
1,2020-03-26,0.05425330212145649
1,2020-03-27,0.054160425013805656
1,2020-03-28,0.05330735512732683
1,2020-03-29,0.05305942729273193
1,2020-03-30,0.056169234419321014
1,2020-03-31,0.05791774495978293
1,2020-04-01,0.05514520887104195
1,2020-04-02,0.05354189390062122
1,2020-04-03,0.05394099169426293
1,2020-04-04,0.053280405808671286
1,2020-04-05,0.05191009796324023
1,2020-04-06,0.0513266522002918
1,2020-04-07,0.05178492928374435
1,2020-04-08,0.052290927629584885
1,2020-04-09,0.052282779370198755
1,2020-04-10,0.051672381324118985
1,2020-04-11,0.05048755450554622
1,2020-04-12,0.04956325145869678
1,2020-04-13,0.04958699271701902
1,2020-04-14,0.05121073812957866
1,2020-04-15,0.05382132917106698
1,2020-04-16,0.05394591419198485
1,2020-04-17,0.052182510668777805
1,2020-04-18,0.052450699033042
1,2020-04-19,0.05286216197015695
1,2020-04-20,0.05141512712114774
1,2020-04-21,0.05015560166834588
1,2020-04-22,0.050152183844299716
1,2020-04-23,0.05140546523087644
1,2020-04-24,0.05292031647495901
1,2020-04-25,0.052945622280877826
1,2020-04-26,0.05142151107878844
1,2020-04-27,0.0509127107324465
1,2020-04-28,0.05156875522000793
1,2020-04-29,0.05088631067099579
1,2020-04-30,0.0502607804618836
1,2020-05-01,0.051915611997568514
1,2020-05-02,0.0530116668230006
1,2020-05-03,0.05359057133021261
1,2020-05-04,0.05493028300776356
1,2020-05-05,0.054190133169670716
1,2020-05-06,0.05217486931896804
1,2020-05-07,0.05267669136334273
1,2020-05-08,0.053723113120015084
1,2020-05-09,0.05214679601693201
1,2020-05-10,0.05193852862457463
1,2020-05-11,0.055494939999343885
1,2020-05-12,0.05623730784786758
1,2020-05-13,0.05312541023093733
1,2020-05-14,0.051336933333516285
1,2020-05-15,0.051296909142933604
1,2020-05-16,0.05179670604287343
1,2020-05-17,0.05221157066982144
1,2020-05-18,0.051368322821197084
1,2020-05-19,0.05165213587813854
1,2020-05-20,0.05411801692823693
1,2020-05-21,0.05494004629076745
1,2020-05-22,0.053466430449538964
1,2020-05-23,0.05241868809748179
1,2020-05-24,0.05176641128472757
1,2020-05-25,0.050880585523927935
1,2020-05-26,0.0509565607750786
1,2020-05-27,0.05239244172402052
1,2020-05-28,0.05291412006612681
1,2020-05-29,0.05201660572846686
1,2020-05-30,0.052618035865222
1,2020-05-31,0.05380964611333876
1,2020-06-01,0.05321158325301673
1,2020-06-02,0.0519572703674368
1,2020-06-03,0.05196199436072646
1,2020-06-04,0.053202433849090236
1,2020-06-05,0.05405675122363077
1,2020-06-06,0.053888595168763855
1,2020-06-07,0.05206320763406259
1,2020-06-08,0.05064790912200933
1,2020-06-09,0.05190578101300311
1,2020-06-10,0.05290712378724374
1,2020-06-11,0.05248695976631925
1,2020-06-12,0.052225618985128425
1,2020-06-13,0.05129112527278597
1,2020-06-14,0.05043462833431535
1,2020-06-15,0.05038846942334698
1,2020-06-16,0.05076415786360329
1,2020-06-17,0.0511551643612617
1,2020-06-18,0.05124639635528903
1,2020-06-19,0.05188038077382188
1,2020-06-20,0.05301704244368407
1,2020-06-21,0.0530144965120532
1,2020-06-22,0.052009678721694715
1,2020-06-23,0.05235406677310205
1,2020-06-24,0.05225868778063054
1,2020-06-25,0.050637586542699835
1,2020-06-26,0.050530809696165795
1,2020-06-27,0.05184292664737785
1,2020-06-28,0.05299769585710517
1,2020-06-29,0.05299320163070557
1,2020-06-30,0.05188944342107702
1,2020-07-01,0.05127061621107718
1,2020-07-02,0.05135784376913614
1,2020-07-03,0.05240489223397762
1,2020-07-04,0.05296756888301654
1,2020-07-05,0.05249483566907475
1,2020-07-06,0.05221754729845541
1,2020-07-07,0.05095808910406119
1,2020-07-08,0.05018980853304066
1,2020-07-09,0.051306589389893104
1,2020-07-10,0.05218470356257389
1,2020-07-11,0.051787807937765766
1,2020-07-12,0.051396595496696465
1,2020-07-13,0.05257955974540146
1,2020-07-14,0.05378483812127672
1,2020-07-15,0.053285680369383616
1,2020-07-16,0.0525411608594231
1,2020-07-17,0.05249488596615683
1,2020-07-18,0.053520432715956585
1,2020-07-19,0.05447023014463229
1,2020-07-20,0.05235449233090556
1,2020-07-21,0.04954706150909196
1,2020-07-22,0.04908130195463184
1,2020-07-23,0.04910730232514999
1,2020-07-24,0.04962129270123089
1,2020-07-25,0.05138157359213973
1,2020-07-26,0.05273520398529759
1,2020-07-27,0.05185406527197958
1,2020-07-28,0.04995587270827439
1,2020-07-29,0.05016662866777025
1,2020-07-30,0.05110475910542247
1,2020-07-31,0.05119689542215488
1,2020-08-01,0.051145432059349676
1,2020-08-02,0.0507628584262878
1,2020-08-03,0.05046637624653983
1,2020-08-04,0.05141642120940301
1,2020-08-05,0.05297320342919821
1,2020-08-06,0.05309271121899541
1,2020-08-07,0.052598578435894244
1,2020-08-08,0.05348329760597084
1,2020-08-09,0.05496961389316389
1,2020-08-10,0.05411038770312101
1,2020-08-11,0.05161638566766486
1,2020-08-12,0.050912923894055356
1,2020-08-13,0.05169507414091625
1,2020-08-14,0.05176529655105786
1,2020-08-15,0.05179343248208262
1,2020-08-16,0.052212000904616564
1,2020-08-17,0.05167466393734994
1,2020-08-18,0.050505498375727535
1,2020-08-19,0.049806330068779284
1,2020-08-20,0.05038762614933596
1,2020-08-21,0.050654136702460675
1,2020-08-22,0.05011331493587927
1,2020-08-23,0.05059094662139544
1,2020-08-24,0.05233209920545831
1,2020-08-25,0.05296444397608638
1,2020-08-26,0.05243131183002054
1,2020-08-27,0.05182227990254298
1,2020-08-28,0.05195301836576118
1,2020-08-29,0.052914328548188595
1,2020-08-30,0.052378307599978274
1,2020-08-31,0.05098865484678122
1,2020-09-01,0.051344546548226615
1,2020-09-02,0.052201950228527375
1,2020-09-03,0.0518135352592406
1,2020-09-04,0.05180585946438243
1,2020-09-05,0.052158882247225716
1,2020-09-06,0.051316326698443375
1,2020-09-07,0.049897133444589924
1,2020-09-08,0.05032855858496847
1,2020-09-09,0.05224601471123894
1,2020-09-10,0.052309710909178304
1,2020-09-11,0.05147248673399709
1,2020-09-12,0.052587437978695584
1,2020-09-13,0.05372514048894072
1,2020-09-14,0.052642776282745746
1,2020-09-15,0.05217032250216007
1,2020-09-16,0.05417353727389439
1,2020-09-17,0.05483182663714096
1,2020-09-18,0.052791721349670744
1,2020-09-19,0.05097411332793238
1,2020-09-20,0.05096128590247947
1,2020-09-21,0.05223397200816245
1,2020-09-22,0.05177091773509819
1,2020-09-23,0.04942314287019784
1,2020-09-24,0.04885334501267529
1,2020-09-25,0.050631055068874664
1,2020-09-26,0.05159039757663522
1,2020-09-27,0.0505480771370905
1,2020-09-28,0.050786210757619035
1,2020-09-29,0.053451325822369535
1,2020-09-30,0.05488745218734208
1,2020-10-01,0.054286785361960584
1,2020-10-02,0.053035488029920405
1,2020-10-03,0.05104772675540734
1,2020-10-04,0.04981269811984633
1,2020-10-05,0.04953128856670333
1,2020-10-06,0.04993931209369439
1,2020-10-07,0.0518442328664913
1,2020-10-08,0.052841854329634945
1,2020-10-09,0.0524155340811222
1,2020-10-10,0.051744565897865163
1,2020-10-11,0.05124547800696384
1,2020-10-12,0.050796381389273976
1,2020-10-13,0.050118156542266826
1,2020-10-14,0.050632584018973886
1,2020-10-15,0.052318328852011445
1,2020-10-16,0.05284563686134775
1,2020-10-17,0.05142873800686478
1,2020-10-18,0.05042055375984124
1,2020-10-19,0.05007994948374456
1,2020-10-20,0.05013463370746936
1,2020-10-21,0.05126687568999822
1,2020-10-22,0.052068743439663195
1,2020-10-23,0.051276299457123864
1,2020-10-24,0.050159414244722686
1,2020-10-25,0.050441502031023856
1,2020-10-26,0.051195703813581586
1,2020-10-27,0.051758808013618346
1,2020-10-28,0.05222303393943056
1,2020-10-29,0.05182120180812477
1,2020-10-30,0.05183105221230645
1,2020-10-31,0.05231196512135933
1,2020-11-01,0.05240843999564478
1,2020-11-02,0.052370236193899536
1,2020-11-03,0.05250366368381196
1,2020-11-04,0.0529618377231472
1,2020-11-05,0.05237040179311812
1,2020-11-06,0.050945011016742356
1,2020-11-07,0.05077852284576949
1,2020-11-08,0.050774441317431265
1,2020-11-09,0.05094842410838122
1,2020-11-10,0.052512406320009496
1,2020-11-11,0.0537656838053948
1,2020-11-12,0.05317074478506632
1,2020-11-13,0.051887474719392916
1,2020-11-14,0.05132203275515078
1,2020-11-15,0.05177298690232005
1,2020-11-16,0.05225585077552507
1,2020-11-17,0.051729680184843155
1,2020-11-18,0.05053215347915681
1,2020-11-19,0.050629676544248416
1,2020-11-20,0.05222995272494908
1,2020-11-21,0.05231650325428992
1,2020-11-22,0.051371603580184666
1,2020-11-23,0.05119773044862957
1,2020-11-24,0.051220439068694945
1,2020-11-25,0.05123623280456115
1,2020-11-26,0.05119916653466281
1,2020-11-27,0.051282159595915165
1,2020-11-28,0.05190483679202457
1,2020-11-29,0.05319248966852711
1,2020-11-30,0.054308206831073166
1,2020-12-01,0.05567059178467442
1,2020-12-02,0.056677571664257645
1,2020-12-03,0.05542910851400064
1,2020-12-04,0.05277872229175823
1,2020-12-05,0.05096477759208702
1,2020-12-06,0.05048747489927329
1,2020-12-07,0.05145917915150523
1,2020-12-08,0.05286806688096656
1,2020-12-09,0.05238423474352817
1,2020-12-10,0.051417497899714205
1,2020-12-11,0.05170478014649013
1,2020-12-12,0.051758593130311635
1,2020-12-13,0.05196343540953911
1,2020-12-14,0.05293371225280088
1,2020-12-15,0.05247880051864428
1,2020-12-16,0.05218639076092616
1,2020-12-17,0.05418496391973482
1,2020-12-18,0.05495012431377357
1,2020-12-19,0.053583564537200826
1,2020-12-20,0.05317064288770147
1,2020-12-21,0.052954254305260115
1,2020-12-22,0.05138978177720627
1,2020-12-23,0.049883074681654635
1,2020-12-24,0.049320121811070906
1,2020-12-25,0.05022182618792031
1,2020-12-26,0.05156694265795079
1,2020-12-27,0.0516704940924369
1,2020-12-28,0.05130958178567317
1,2020-12-29,0.05176916023149082
1,2020-12-30,0.05232821087156148
1,2020-12-31,0.052327933371398544
1,2021-01-01,0.05241160903127132
1,2021-01-02,0.0525004612127217
1,2021-01-03,0.05349843480050202
1,2021-01-04,0.05520121813146138
1,2021-01-05,0.05517210576181124
1,2021-01-06,0.05360007956972804
1,2021-01-07,0.053217424117954375
1,2021-01-08,0.0531209416626841
1,2021-01-09,0.05264362341781026
1,2021-01-10,0.053007069677634563
1,2021-01-11,0.05248642140517408
1,2021-01-12,0.05204287997661822
1,2021-01-13,0.05304840841422186
1,2021-01-14,0.053124751792604966
1,2021-01-15,NA
1,2021-01-16,NA
1,2021-01-17,NA
1,2021-01-18,NA
1,2021-01-19,NA
1,2021-01-20,NA
1,2021-01-21,NA
1,2021-01-22,NA
1,2021-01-23,NA
1,2021-01-24,NA
1,2021-01-25,NA
1,2021-01-26,NA
1,2021-01-27,NA
1,2021-01-28,NA
1,2021-01-29,NA
1,2021-01-30,NA
1,2021-01-31,NA
1,2021-02-01,NA
1,2021-02-02,NA
1,2021-02-03,NA
1,2021-02-04,NA
1,2021-02-05,NA
1,2021-02-06,NA
1,2021-02-07,NA
1,2021-02-08,NA
1,2021-02-09,NA
1,2021-02-10,NA
1,2021-02-11,NA
1,2021-02-12,NA
1,2021-02-13,NA
1,2021-02-14,NA
1,2021-02-15,NA
1,2021-02-16,NA
1,2021-02-17,NA
1,2021-02-18,NA
1,2021-02-19,NA
1,2021-02-20,NA
1,2021-02-21,NA
1,2021-02-22,NA
1,2021-02-23,NA
1,2021-02-24,NA
1,2021-02-25,NA
1,2021-02-26,NA
1,2021-02-27,NA
1,2021-02-28,NA
1,2021-03-01,NA
1,2021-03-02,NA
1,2021-03-03,NA
1,2021-03-04,NA
1,2021-03-05,NA
1,2021-03-06,NA
1,2021-03-07,NA
1,2021-03-08,NA
1,2021-03-09,NA
1,2021-03-10,NA
1,2021-03-11,NA
1,2021-03-12,NA
1,2021-03-13,NA
1,2021-03-14,NA
1,2021-03-15,NA
1,2021-03-16,NA
1,2021-03-17,NA
1,2021-03-18,NA
1,2021-03-19,NA
1,2021-03-20,NA
1,2021-03-21,NA
1,2021-03-22,NA
1,2021-03-23,NA
1,2021-03-24,NA
1,2021-03-25,NA
1,2021-03-26,NA
1,2021-03-27,NA
1,2021-03-28,NA
1,2021-03-29,NA
1,2021-03-30,NA
1,2021-03-31,NA
1,2021-04-01,NA
1,2021-04-02,NA
1,2021-04-03,NA
1,2021-04-04,NA
1,2021-04-05,NA
1,2021-04-06,NA
1,2021-04-07,NA
1,2021-04-08,NA
1,2021-04-09,NA
1,2021-04-10,NA
1,2021-04-11,NA
1,2021-04-12,NA
1,2021-04-13,NA
1,2021-04-14,NA
1,2021-04-15,NA
1,2021-04-16,NA
1,2021-04-17,NA
1,2021-04-18,NA
1,2021-04-19,NA
1,2021-04-20,NA
1,2021-04-21,NA
1,2021-04-22,NA
1,2021-04-23,NA
1,2021-04-24,NA
1,2021-04-25,NA
1,2021-04-26,NA
1,2021-04-27,NA
1,2021-04-28,NA
1,2021-04-29,NA
1,2021-04-30,NA
1,2021-05-01,NA
1,2021-05-02,NA
1,2021-05-03,NA
1,2021-05-04,NA
1,2021-05-05,NA
1,2021-05-06,NA
1,2021-05-07,NA
1,2021-05-08,NA
1,2021-05-09,NA
1,2021-05-10,NA
1,2021-05-11,NA
1,2021-05-12,NA
1,2021-05-13,NA
1,2021-05-14,NA
1,2021-05-15,NA
1,2021-05-16,NA
1,2021-05-17,NA
1,2021-05-18,NA
1,2021-05-19,NA
1,2021-05-20,NA
1,2021-05-21,NA
1,2021-05-22,NA
1,2021-05-23,NA
1,2021-05-24,NA
1,2021-05-25,NA
1,2021-05-26,NA
1,2021-05-27,NA
1,2021-05-28,NA
1,2021-05-29,NA
1,2021-05-30,NA
1,2021-05-31,NA
1,2021-06-01,NA
1,2021-06-02,NA
1,2021-06-03,NA
1,2021-06-04,NA
1,2021-06-05,NA
1,2021-06-06,NA
1,2021-06-07,NA
1,2021-06-08,NA
1,2021-06-09,NA
1,2021-06-10,NA
1,2021-06-11,NA
1,2021-06-12,NA
1,2021-06-13,NA
1,2021-06-14,NA
1,2021-06-15,NA
1,2021-06-16,NA
1,2021-06-17,NA
1,2021-06-18,NA
1,2021-06-19,NA
1,2021-06-20,NA
1,2021-06-21,NA
1,2021-06-22,NA
1,2021-06-23,NA
1,2021-06-24,NA
1,2021-06-25,NA
1,2021-06-26,NA
1,2021-06-27,NA
1,2021-06-28,NA
1,2021-06-29,NA
1,2021-06-30,NA
1,2021-07-01,NA
1,2021-07-02,NA
1,2021-07-03,NA
1,2021-07-04,NA
1,2021-07-05,NA
1,2021-07-06,NA
1,2021-07-07,NA
1,2021-07-08,NA
1,2021-07-09,NA
1,2021-07-10,NA
1,2021-07-11,NA
1,2021-07-12,NA
1,2021-07-13,NA
1,2021-07-14,NA
1,2021-07-15,NA
1,2021-07-16,NA
1,2021-07-17,NA
1,2021-07-18,NA
1,2021-07-19,NA
1,2021-07-20,NA
1,2021-07-21,NA
1,2021-07-22,NA
1,2021-07-23,NA
1,2021-07-24,NA
1,2021-07-25,NA
1,2021-07-26,NA
1,2021-07-27,NA
1,2021-07-28,NA
1,2021-07-29,NA
1,2021-07-30,NA
1,2021-07-31,NA
1,2021-08-01,NA
1,2021-08-02,NA
1,2021-08-03,NA
1,2021-08-04,NA
1,2021-08-05,NA
1,2021-08-06,NA
1,2021-08-07,NA
1,2021-08-08,NA
1,2021-08-09,NA
1,2021-08-10,NA
1,2021-08-11,NA
1,2021-08-12,NA
1,2021-08-13,NA
1,2021-08-14,NA
1,2021-08-15,NA
1,2021-08-16,NA
1,2021-08-17,NA
1,2021-08-18,NA
1,2021-08-19,NA
1,2021-08-20,NA
1,2021-08-21,NA
1,2021-08-22,NA
1,2021-08-23,NA
1,2021-08-24,NA
1,2021-08-25,NA
1,2021-08-26,NA
1,2021-08-27,NA
1,2021-08-28,NA
1,2021-08-29,NA
1,2021-08-30,NA
1,2021-08-31,NA
1,2021-09-01,NA
1,2021-09-02,NA
1,2021-09-03,NA
1,2021-09-04,NA
1,2021-09-05,NA
1,2021-09-06,NA
1,2021-09-07,NA
1,2021-09-08,NA
1,2021-09-09,NA
1,2021-09-10,NA
1,2021-09-11,NA
1,2021-09-12,NA
1,2021-09-13,NA
1,2021-09-14,NA
1,2021-09-15,NA
1,2021-09-16,NA
1,2021-09-17,NA
1,2021-09-18,NA
1,2021-09-19,NA
1,2021-09-20,NA
1,2021-09-21,NA
1,2021-09-22,NA
1,2021-09-23,NA
1,2021-09-24,NA
1,2021-09-25,NA
1,2021-09-26,NA
1,2021-09-27,NA
1,2021-09-28,NA
1,2021-09-29,NA
1,2021-09-30,NA
1,2021-10-01,NA
1,2021-10-02,NA
1,2021-10-03,NA
1,2021-10-04,NA
1,2021-10-05,NA
1,2021-10-06,NA
1,2021-10-07,NA
1,2021-10-08,NA
1,2021-10-09,NA
1,2021-10-10,NA
1,2021-10-11,NA
1,2021-10-12,NA
1,2021-10-13,NA
1,2021-10-14,NA
1,2021-10-15,NA
1,2021-10-16,NA
1,2021-10-17,NA
1,2021-10-18,NA
1,2021-10-19,NA
1,2021-10-20,NA
1,2021-10-21,NA
1,2021-10-22,NA
1,2021-10-23,NA
1,2021-10-24,NA
1,2021-10-25,NA
1,2021-10-26,NA
1,2021-10-27,NA
1,2021-10-28,NA
1,2021-10-29,NA
1,2021-10-30,NA
1,2021-10-31,NA
1,2021-11-01,NA
1,2021-11-02,NA
1,2021-11-03,NA
1,2021-11-04,NA
1,2021-11-05,NA
1,2021-11-06,NA
1,2021-11-07,NA
1,2021-11-08,NA
1,2021-11-09,NA
1,2021-11-10,NA
1,2021-11-11,NA
1,2021-11-12,NA
1,2021-11-13,NA
1,2021-11-14,NA
1,2021-11-15,NA
1,2021-11-16,NA
1,2021-11-17,NA
1,2021-11-18,NA
1,2021-11-19,NA
1,2021-11-20,NA
1,2021-11-21,NA
1,2021-11-22,NA
1,2021-11-23,NA
1,2021-11-24,NA
1,2021-11-25,NA
1,2021-11-26,NA
1,2021-11-27,NA
1,2021-11-28,NA
1,2021-11-29,NA
1,2021-11-30,NA
1,2021-12-01,NA
1,2021-12-02,NA
1,2021-12-03,NA
1,2021-12-04,NA
1,2021-12-05,NA
1,2021-12-06,NA
1,2021-12-07,NA
1,2021-12-08,NA
1,2021-12-09,NA
1,2021-12-10,NA
1,2021-12-11,NA
1,2021-12-12,NA
1,2021-12-13,NA
1,2021-12-14,NA
1,2021-12-15,NA
1,2021-12-16,NA
1,2021-12-17,NA
1,2021-12-18,NA
1,2021-12-19,NA
1,2021-12-20,NA
1,2021-12-21,NA
1,2021-12-22,NA
1,2021-12-23,NA
1,2021-12-24,NA
1,2021-12-25,NA
1,2021-12-26,NA
1,2021-12-27,NA
1,2021-12-28,NA
1,2021-12-29,NA
1,2021-12-30,NA
1,2021-12-31,NA
1,2022-01-01,NA
1,2022-01-02,NA
1,2022-01-03,NA
1,2022-01-04,NA
1,2022-01-05,NA
1,2022-01-06,NA
1,2022-01-07,NA
1,2022-01-08,NA
1,2022-01-09,NA
1,2022-01-10,NA
1,2022-01-11,NA
1,2022-01-12,NA
1,2022-01-13,NA
1,2022-01-14,NA
1,2022-01-15,NA
1,2022-01-16,NA
1,2022-01-17,NA
1,2022-01-18,NA
1,2022-01-19,NA
1,2022-01-20,NA
1,2022-01-21,NA
1,2022-01-22,NA
1,2022-01-23,NA
1,2022-01-24,NA
1,2022-01-25,NA
1,2022-01-26,NA
